광역,시도코드,시군구,area,학교급,학교명,설립구분,주소,mcode,위도,경도,평균,표준편차,A_pct,B_pct,C_pct,D_pct,E_pct
서울,11,강남구,11680,고,숙명여자고등학교,,서울 강남구 도곡동,UzAxMDAwMDQ3OQ==,,,87.0,,56.1,27.3,7.8,4.0,4.8
서울,11,강남구,11680,고,현대고등학교,,서울특별시 강남구 압구정동 408~425,UzAxMDAwMDU1OQ==,,,86.4,,47.6,29.8,15.4,4.7,2.4
서울,11,강남구,11680,고,단국대학교사범대학부속고등학교,,서울특별시 강남구 대치동,UzAxMDAwMDQwNQ==,,,84.4,,48.2,23.4,13.9,7.0,7.5
서울,11,강남구,11680,고,은광여자고등학교,,서울특별시 강남구 도곡1동,UzAxMDAwMDUxNA==,,,83.7,,46.9,25.9,11.5,7.8,7.8
서울,11,강남구,11680,고,중동고등학교,,서울 강남구 일원1동,UzAxMDAwMDUzMQ==,,,83.7,,33.8,40.7,14.1,7.7,3.7
서울,11,강남구,11680,고,국립국악고등학교,,서울특별시 강남구 개포동,UzAwMDAwMzU0MA==,,,82.8,,31.0,37.1,21.6,7.8,2.6
서울,11,강남구,11680,고,중산고등학교,,서울특별시 강남구 일원동,UzAxMDAwMDUzMg==,,,82.4,,47.1,23.9,10.6,7.5,10.9
서울,11,강남구,11680,고,서울로봇고등학교,,서울특별시 강남구 일원동,UzAxMDAwMDU3Nw==,,,82.2,,23.1,49.2,13.8,7.7,6.2
서울,11,강남구,11680,고,휘문고등학교,,서울특별시 강남구 대치2동,UzAxMDAwMDU2OA==,,,81.9,,23.4,48.6,15.9,5.9,6.2
서울,11,강남구,11680,고,경기여자고등학교,,서울특별시 강남구 개포2동 152~156,UzAxMDAwMDM3Ng==,,,81.4,,12.4,46.9,27.4,8.8,4.5
서울,11,강남구,11680,고,진선여자고등학교,,서울특별시 강남구 역삼동,UzAxMDAwMDUzOA==,,,80.7,,23.0,39.4,23.3,7.7,6.6
서울,11,강남구,11680,고,국립국악고등학교,,서울특별시 강남구 개포동,UzAwMDAwMzU0MA==,,,79.5,,9.1,36.4,45.5,4.5,4.5
서울,11,강남구,11680,고,중앙대학교사범대학부속고등학교,,서울 강남구 도곡2동,UzAxMDAwMDUzNA==,,,78.9,,14.2,42.4,30.3,12.8,0.3
서울,11,강남구,11680,고,영동고등학교,,서울특별시 강남구 청담동,UzAxMDAwMDQ5NQ==,,,77.7,,15.9,27.2,29.7,25.2,2.0
서울,11,강남구,11680,고,압구정고등학교,,서울 강남구 압구정1동,UzAxMDAwMDQwMA==,,,74.9,,40.8,26.5,15.6,16.3,0.7
서울,11,강남구,11680,고,개포고등학교,,서울특별시 강남구 개포동,UzAxMDAwMDM3Mw==,,,74.7,,24.4,25.9,17.8,9.6,22.3
서울,11,강남구,11680,고,청담고등학교,,서울특별시 강남구 압구정동,UzAxMDAwMDU0Mg==,,,72.1,,34.5,19.0,15.5,19.8,11.2
서울,11,강남구,11680,고,경기고등학교,,서울특별시 강남구 삼성동,UzAxMDAwMDM3NQ==,,,69.9,,26.8,31.8,19.0,12.5,10.0
서울,11,강남구,11680,고,서울세종고등학교,,서울특별시 강남구 수서동,UzAxMDAwMDQ1OQ==,,,69.3,,31.2,25.9,21.8,13.5,7.6
서울,11,강남구,11680,고,풍문고등학교,,서울특별시 강남구 자곡동,UzAxMDAwMDU0OA==,,,67.7,,42.5,24.4,20.7,9.0,3.3
서울,11,종로구,11110,고,서울국제고등학교,,서울특별시 종로구 명륜1가,UzAxMDAwNTQ5NA==,,,90.5,,97.7,1.5,0.8,0.0,0.0
서울,11,종로구,11110,고,서울예술고등학교,,서울특별시 종로구 평창동,UzAxMDAwMDYyNQ==,,,86.4,,39.6,44.6,11.5,2.9,1.4
서울,11,종로구,11110,고,서울예술고등학교,,서울특별시 종로구 평창동,UzAxMDAwMDYyNQ==,,,82.2,,33.8,31.9,18.1,8.1,8.1
서울,11,종로구,11110,고,덕성여자고등학교,,서울특별시 종로구 안국동,UzAxMDAwMDQxNw==,,,78.5,,31.3,34.7,24.5,8.2,1.4
서울,11,종로구,11110,고,동성고등학교,,서울특별시 종로구 대학로 156,UzAxMDAwMDQyNA==,,,78.2,,31.7,32.7,16.3,10.9,8.4
서울,11,종로구,11110,고,상명대학교사범대학부속여자고등학교,,서울특별시 종로구 홍지동,UzAxMDAwMDQ1MA==,,,78.0,,32.9,31.6,23.7,7.9,3.9
서울,11,종로구,11110,고,배화여자고등학교,,서울특별시 종로구 필운동,UzAxMDAwMDQ0NA==,,,77.7,,37.6,50.4,12.0,0.0,0.0
서울,11,종로구,11110,고,중앙고등학교,,서울특별시 종로구 계동,UzAxMDAwMDUzMw==,,,73.7,,54.3,20.3,12.8,6.0,6.6
서울,11,종로구,11110,고,대신고등학교,,서울특별시 종로구 행촌동,UzAxMDAwMDQwOQ==,,,72.7,,25.3,25.3,21.5,26.6,1.3
서울,11,종로구,11110,고,경신고등학교,,서울특별시 종로구 혜화동,UzAxMDAwMDM4Mg==,,,70.6,,37.5,25.0,17.6,16.2,3.7
서울,11,종로구,11110,고,서울예술고등학교,,서울특별시 종로구 평창동,UzAxMDAwMDYyNQ==,,,69.8,,2.6,20.5,33.3,20.5,23.1
서울,11,종로구,11110,고,경복고등학교,,서울특별시 종로구 청운동,UzAxMDAwMDM3OQ==,,,68.8,,52.6,18.5,12.1,5.2,11.6
서울,11,광진구,11215,고,대원외국어고등학교,,서울특별시 광진구 중곡동,UzAxMDAwMDU3MQ==,,,91.4,,69.9,25.5,4.6,0.0,0.0
서울,11,광진구,11215,고,선화예술고등학교,,서울특별시 광진구 천호대로 664,UzAxMDAwMDYyNg==,,,85.7,,37.7,45.7,12.3,3.7,0.6
서울,11,광진구,11215,고,선화예술고등학교,,서울특별시 광진구 천호대로 664,UzAxMDAwMDYyNg==,,,82.8,,37.8,29.7,16.2,13.5,2.7
서울,11,광진구,11215,고,광남고등학교,,서울특별시 광진구 광장동,UzAxMDAwMDM5MQ==,,,81.2,,28.8,29.9,22.5,17.0,1.8
서울,11,광진구,11215,고,대원여자고등학교,,서울특별시 광진구 중곡동,UzAxMDAwMDQxMg==,,,80.4,,14.1,44.3,27.5,11.4,2.7
서울,11,광진구,11215,고,선화예술고등학교,,서울특별시 광진구 천호대로 664,UzAxMDAwMDYyNg==,,,78.0,,17.8,32.5,22.3,23.6,3.8
서울,11,광진구,11215,고,광양고등학교,,서울특별시 광진구 자양2동,UzAxMDAwMDM5NQ==,,,76.0,,46.4,25.4,15.9,10.1,2.2
서울,11,광진구,11215,고,건국대학교사범대학부속고등학교,,서울특별시 광진구 화양동,UzAxMDAwMDM3NA==,,,75.8,,37.2,29.7,18.8,11.6,2.7
서울,11,광진구,11215,고,대원여자고등학교,,서울특별시 광진구 중곡동,UzAxMDAwMDQxMg==,,,73.8,,0.0,27.0,51.4,16.2,5.4
서울,11,광진구,11215,고,자양고등학교,,서울특별시 광진구 뚝섬로37길 28,UzAxMDAwMDUyMQ==,,,72.6,,45.2,32.4,17.0,5.4,0.0
서울,11,광진구,11215,고,대원고등학교,,서울특별시 광진구 중곡동,UzAxMDAwMDQxMQ==,,,70.9,,9.4,23.6,17.8,22.5,26.7
서울,11,광진구,11215,고,동국대학교사범대학부속가람고등학교,,서울특별시 광진구 구의1동,UzAxMDAwMDQzMw==,,,67.9,,23.4,44.1,26.6,5.9,0.0
서울,11,서초구,11650,고,세화여자고등학교,,서울특별시 서초구 반포동,UzAxMDAwMDQ3NA==,,,81.8,,61.5,23.5,11.1,3.4,0.5
서울,11,서초구,11650,고,서문여자고등학교,,서울특별시 서초구 방배4동,UzAxMDAwMDQ1NQ==,,,80.7,,39.5,33.0,11.7,12.0,3.8
서울,11,서초구,11650,고,세화고등학교,,서울특별시 서초구 반포본동,UzAxMDAwMDQ3Mw==,,,80.1,,49.7,29.1,14.8,6.3,0.0
서울,11,서초구,11650,고,언남고등학교,,서울특별시 서초구 양재동,UzAxMDAwMDQ5MQ==,,,79.8,,52.1,11.5,12.0,11.5,13.0
서울,11,서초구,11650,고,동덕여자고등학교,,서울특별시 서초구 방배동,UzAxMDAwMDQyMQ==,,,78.1,,41.2,30.7,22.6,4.7,0.8
서울,11,서초구,11650,고,반포고등학교,,서울특별시 서초구 반포1동,UzAxMDAwMDQ0MA==,,,76.3,,21.3,31.7,26.3,16.3,4.6
서울,11,서초구,11650,고,서초고등학교,,서울특별시 서초구 서초3동,UzAxMDAwMDQ2Mw==,,,75.2,,30.5,26.9,20.5,16.1,6.0
서울,11,서초구,11650,고,상문고등학교,,서울특별시 서초구 방배동,UzAxMDAwMDQ1Mg==,,,73.5,,20.3,37.6,26.3,12.4,3.4
서울,11,서초구,11650,고,양재고등학교,,서울특별시 서초구 서초2동,UzAxMDAwMDQ4Nw==,,,71.6,,32.0,37.3,18.3,8.3,4.1
서울,11,서초구,11650,고,서울고등학교,,서울특별시 서초구 서초3동,UzAxMDAwMDQ1Ng==,,,70.8,,24.6,31.7,31.7,9.0,3.0
서울,11,서대문구,11410,고,이화여자대학교사범대학부속이화금란고등학교,,서울특별시 서대문구 대신동,UzAxMDAwMDUxNw==,,,80.9,,7.5,72.0,19.9,0.3,0.3
서울,11,서대문구,11410,고,한성과학고등학교,,서울특별시 서대문구 현저동,UzAxMDAwMDU3MA==,,,79.2,,61.4,17.9,12.9,7.9,0.0
서울,11,서대문구,11410,고,명지고등학교,,서울 서대문구 홍은3동,UzAxMDAwMDQzNQ==,,,78.0,,22.0,23.3,28.0,22.0,4.8
서울,11,서대문구,11410,고,중앙여자고등학교,,서울특별시 서대문구 북아현동,UzAxMDAwMDUzNQ==,,,72.8,,11.8,25.5,28.6,25.5,8.7
서울,11,서대문구,11410,고,가재울고등학교,,서울특별시 서대문구 북가좌동,UzAxMDAwNTU5MQ==,,,72.0,,16.5,19.6,27.8,25.3,10.8
서울,11,서대문구,11410,고,인창고등학교,,서울특별시 서대문구 충정로2가,UzAxMDAwMDUxOA==,,,71.3,,27.8,19.6,26.8,15.5,10.3
서울,11,서대문구,11410,고,한성고등학교,,서울특별시 서대문구 북아현동,UzAxMDAwMDU1NQ==,,,66.7,,22.2,26.3,18.2,17.2,16.2
서울,11,마포구,11440,고,홍익대학교사범대학부속여자고등학교,,서울특별시 마포구 성산동,UzAxMDAwMDU2NA==,,,79.8,,20.7,34.7,26.9,14.9,2.9
서울,11,마포구,11440,고,서울여자고등학교,,서울특별시 마포구 염리동,UzAxMDAwMDQ2MA==,,,78.4,,25.8,45.1,20.1,7.0,2.0
서울,11,마포구,11440,고,숭문고등학교,,서울특별시 마포구 대흥동,UzAxMDAwMDQ4MA==,,,76.3,,33.1,23.8,19.9,17.1,6.1
서울,11,마포구,11440,고,광성고등학교,,서울특별시 마포구 신수동,UzAxMDAwMDM5Mw==,,,73.7,,24.5,31.1,22.6,16.0,5.7
서울,11,마포구,11440,고,상암고등학교,,서울특별시 마포구 상암동,UzAxMDAwNTM2NQ==,,,69.5,,24.4,13.6,29.3,19.4,13.2
서울,11,마포구,11440,고,경성고등학교,,서울특별시 마포구 연남동,UzAxMDAwMDM4MQ==,,,63.0,,26.1,19.3,22.7,15.9,15.9
서울,11,성동구,11200,고,한양대학교사범대학부속고등학교,,서울특별시 성동구 사근동,UzAxMDAwMDU1Nw==,,,87.7,,49.6,32.2,15.1,2.8,0.3
서울,11,성동구,11200,고,경일고등학교,,서울특별시 성동구 성수동1가,UzAxMDAwNTIwOQ==,,,77.9,,32.9,31.5,26.0,8.2,1.4
서울,11,성동구,11200,고,도선고등학교,,서울특별시 성동구 하왕십리동,UzAxMDAwNjM4Mg==,,,77.9,,65.8,13.5,10.8,5.4,4.5
서울,11,성동구,11200,고,무학여자고등학교,,서울특별시 성동구 행당동,UzAxMDAwMDQzNg==,,,76.3,,22.0,32.2,27.1,16.1,2.5
서울,11,성동구,11200,고,성수고등학교,,서울특별시 성동구 성수1가2동 671~685,UzAxMDAwNTUyMw==,,,72.5,,26.0,38.7,28.0,6.0,1.3
서울,11,성동구,11200,고,금호고등학교,,서울특별시 성동구 금호동1가,UzAxMDAwNjM4MQ==,,,63.3,,48.1,16.7,13.9,13.9,7.4
서울,11,동작구,11590,고,숭의여자고등학교,,서울특별시 동작구 대방동,UzAxMDAwMDQ4Mg==,,,80.5,,23.8,37.1,21.9,10.5,6.7
서울,11,동작구,11590,고,수도여자고등학교,,서울특별시 동작구 신대방동,UzAxMDAwMDQ3Nw==,,,78.2,,39.9,26.1,15.5,13.4,5.0
서울,11,동작구,11590,고,경문고등학교,,서울특별시 동작구 동작동,UzAxMDAwMDM3OA==,,,77.7,,80.5,14.8,3.8,1.0,0.0
서울,11,동작구,11590,고,동작고등학교,,서울특별시 동작구 사당5동,UzAxMDAwMDQyNw==,,,77.4,,19.8,30.8,20.3,19.8,9.3
서울,11,동작구,11590,고,영등포고등학교,,서울특별시 동작구 대방동,UzAxMDAwMDQ5Nw==,,,74.1,,15.1,27.0,26.3,18.4,13.2
서울,11,동작구,11590,고,성남고등학교,,서울특별시 동작구 대방동,UzAxMDAwMDQ2OA==,,,73.9,,11.0,28.2,26.6,15.0,19.3
서울,11,노원구,11350,고,한국삼육고등학교,,서울특별시 노원구 공릉동,UzAxMDAwMDU1Mg==,,,84.6,,37.8,37.8,16.1,2.1,6.3
서울,11,노원구,11350,고,용화여자고등학교,,서울특별시 노원구 동일로 1461,UzAxMDAwMDUxMg==,,,81.9,,28.4,39.2,15.3,13.1,4.1
서울,11,노원구,11350,고,대진고등학교,,서울특별시 노원구 하계동,UzAxMDAwMDQxNA==,,,80.3,,20.9,35.2,34.8,8.7,0.4
서울,11,노원구,11350,고,청원여자고등학교,,서울특별시 노원구 상계동,UzAxMDAwMDU0NQ==,,,80.2,,44.8,20.3,16.1,18.0,0.8
서울,11,노원구,11350,고,서라벌고등학교,,서울특별시 노원구 중계동,UzAxMDAwMDQ1NA==,,,80.0,,45.7,26.6,20.6,6.4,0.7
서울,11,노원구,11350,고,상계고등학교,,서울특별시 노원구 상계6.7동,UzAxMDAwMDQ0OQ==,,,79.3,,37.9,20.3,20.3,7.3,14.1
서울,11,노원구,11350,고,재현고등학교,,서울특별시 노원구 중계동,UzAxMDAwMDUyNw==,,,77.4,,33.9,22.5,20.7,11.5,11.5
서울,11,노원구,11350,고,노원고등학교,,서울특별시 노원구 상계8동 664,UzAxMDAwMDQwNA==,,,76.8,,30.5,41.8,14.2,5.7,7.8
서울,11,노원구,11350,고,대진여자고등학교,,서울특별시 노원구 중계동,UzAxMDAwMDQxNQ==,,,74.7,,47.5,22.3,19.2,7.9,3.0
서울,11,노원구,11350,고,월계고등학교,,서울특별시 노원구 월계동,UzAxMDAwNTI2Mg==,,,74.2,,11.1,26.8,31.4,18.3,12.4
서울,11,노원구,11350,고,수락고등학교,,서울특별시 노원구 상계1동,UzAxMDAwMDQ3OA==,,,74.0,,22.9,45.1,26.8,3.9,1.3
서울,11,노원구,11350,고,영신여자고등학교,,서울특별시 노원구 중계본동,UzAxMDAwMDUwMg==,,,73.2,,29.0,38.7,17.7,14.0,0.5
서울,11,노원구,11350,고,염광고등학교,,서울특별시 노원구 월계동,UzAxMDAwMDQ5NA==,,,72.8,,26.1,31.0,14.7,16.8,11.4
서울,11,노원구,11350,고,청원고등학교,,서울특별시 노원구 상계9동,UzAxMDAwMDU0NA==,,,71.8,,26.8,40.2,23.5,7.3,2.1
서울,11,노원구,11350,고,혜성여자고등학교,,서울특별시 노원구 하계동,UzAxMDAwMDU2MA==,,,71.6,,19.1,27.6,30.5,21.5,1.2
서울,11,노원구,11350,고,상명고등학교,,서울특별시 노원구 중계동,UzAxMDAwMDQ1MQ==,,,69.3,,52.5,15.5,11.8,10.5,9.7
서울,11,노원구,11350,고,불암고등학교,,서울특별시 노원구 중계동,UzAxMDAwNTI2Mw==,,,67.5,,14.9,37.0,26.4,13.9,7.7
서울,11,노원구,11350,고,염광고등학교,,서울특별시 노원구 월계동,UzAxMDAwMDQ5NA==,,,63.4,,17.6,11.8,29.4,35.3,5.9
서울,11,노원구,11350,고,영신여자고등학교,,서울특별시 노원구 중계본동,UzAxMDAwMDUwMg==,,,62.6,,15.4,30.8,53.8,0.0,0.0
서울,11,영등포구,11560,고,영등포여자고등학교,,서울특별시 영등포구 신길동,UzAxMDAwMDQ5OA==,,,78.1,,19.0,61.9,9.5,8.7,0.8
서울,11,영등포구,11560,고,여의도여자고등학교,,서울특별시 영등포구 여의도동,UzAxMDAwMDQ5Mw==,,,78.1,,27.0,41.1,23.4,8.5,0.0
서울,11,영등포구,11560,고,관악고등학교,,서울특별시 영등포구 양평동2가,UzAxMDAwMDM5MA==,,,75.5,,25.8,27.6,14.3,12.9,19.4
서울,11,영등포구,11560,고,여의도고등학교,,서울 영등포구 여의도동,UzAxMDAwMDQ5Mg==,,,71.6,,36.0,24.5,16.5,9.0,14.0
서울,11,영등포구,11560,고,대영고등학교,,서울 영등포구 신길5동,UzAxMDAwMDQxMA==,,,70.0,,30.5,30.5,32.2,4.7,2.1
서울,11,영등포구,11560,고,장훈고등학교,,서울특별시 영등포구 신길동,UzAxMDAwMDUyNg==,,,69.3,,30.4,34.6,26.3,7.1,1.7
서울,11,영등포구,11560,고,선유고등학교,,서울특별시 영등포구 양평동4가,UzAxMDAwNTI2MQ==,,,69.0,,27.4,35.0,25.9,8.6,3.0
서울,11,영등포구,11560,고,영신고등학교,,서울 영등포구 신길동,UzAxMDAwMDUwMQ==,,,64.3,,21.7,34.4,33.9,9.5,0.5
서울,11,송파구,11710,고,창덕여자고등학교,,서울특별시 송파구 방이2동,UzAxMDAwMDUzOQ==,,,81.4,,26.1,43.1,19.7,9.6,1.6
서울,11,송파구,11710,고,정신여자고등학교,,서울특별시 송파구 잠실동,UzAxMDAwMDUyOA==,,,80.9,,36.7,23.5,24.2,13.6,1.9
서울,11,송파구,11710,고,보인고등학교,,서울특별시 송파구 오금동 154~166,UzAxMDAwMDY0MA==,,,80.6,,71.5,18.0,9.5,1.0,0.0
서울,11,송파구,11710,고,배명고등학교,,서울특별시 송파구 삼전동,UzAxMDAwMDQ0MQ==,,,77.3,,38.7,17.8,14.8,10.0,18.7
서울,11,송파구,11710,고,영파여자고등학교,,서울특별시 송파구 풍납동,UzAxMDAwMDUwNA==,,,75.5,,16.5,25.8,28.5,22.1,7.1
서울,11,송파구,11710,고,잠실여자고등학교,,서울특별시 송파구 송파동,UzAxMDAwMDUyNA==,,,74.5,,17.5,45.5,32.8,3.8,0.3
서울,11,송파구,11710,고,잠신고등학교,,서울특별시 송파구 잠실2동,UzAxMDAwMDUyMg==,,,74.1,,41.0,22.6,16.1,12.9,7.4
서울,11,송파구,11710,고,가락고등학교,,서울특별시 송파구 송파동,UzAxMDAwMDM3MA==,,,74.0,,31.4,39.8,17.7,7.5,3.5
서울,11,송파구,11710,고,문정고등학교,,서울특별시 송파구 송이로34길 62,UzAxMDAwNTQ5OA==,,,73.3,,45.5,27.5,14.8,8.2,4.1
서울,11,송파구,11710,고,영동일고등학교,,서울특별시 송파구 잠실동,UzAxMDAwMDQ5Ng==,,,73.2,,13.9,22.3,29.6,32.4,1.7
서울,11,송파구,11710,고,보성고등학교,,서울특별시 송파구 양재대로 1278,UzAxMDAwMDQ0Ng==,,,72.7,,21.7,22.0,25.7,15.3,15.3
서울,11,송파구,11710,고,잠실고등학교,,서울특별시 송파구 신천동,UzAxMDAwMDUyMw==,,,72.4,,36.1,25.2,21.9,12.3,4.5
서울,11,송파구,11710,고,오금고등학교,,서울특별시 송파구 오금동,UzAxMDAwMDUwNw==,,,72.3,,16.0,16.4,33.5,19.3,14.9
서울,11,송파구,11710,고,덕수고등학교,,서울특별시 송파구 위례북로 10,UzAxMDAwMDYzNg==,,,72.2,,24.7,29.8,31.2,11.2,3.1
서울,11,송파구,11710,고,문현고등학교,,서울특별시 송파구 장지동,UzAxMDAwNTUyNA==,,,69.8,,13.9,24.6,19.3,17.1,25.1
서울,11,송파구,11710,고,잠일고등학교,,서울특별시 송파구 잠실동,UzAxMDAwNTU2Ng==,,,69.7,,23.7,26.7,19.1,15.3,15.3
서울,11,송파구,11710,고,방산고등학교,,서울특별시 송파구 방이동,UzAxMDAwNTE4Mg==,,,62.8,,16.5,29.3,29.7,13.9,10.5
서울,11,송파구,11710,고,서울체육고등학교,,서울특별시 송파구 방이동,UzAxMDAwMDQ2MQ==,,,62.4,,16.4,17.3,15.5,30.0,20.9
서울,11,강동구,11740,고,한영외국어고등학교,,서울특별시 강동구 상일동,UzAxMDAwMDU3Ng==,,,85.7,,20.6,69.7,8.0,1.7,0.0
서울,11,강동구,11740,고,한영고등학교,,서울 강동구 상일동,UzAxMDAwMDU1OA==,,,81.2,,47.9,29.6,11.8,7.5,3.3
서울,11,강동구,11740,고,배재고등학교,,서울특별시 강동구 고덕1동,UzAxMDAwMDQ0Mw==,,,79.4,,21.5,37.6,22.7,8.6,9.5
서울,11,강동구,11740,고,상일여자고등학교,,서울특별시 강동구 상일동,UzAxMDAwMDQ1Mw==,,,75.9,,40.7,38.6,15.4,4.6,0.7
서울,11,강동구,11740,고,성덕고등학교,,서울특별시 강동구 천호동,UzAxMDAwMDYwOQ==,,,73.5,,44.2,31.0,17.8,7.0,0.0
서울,11,강동구,11740,고,둔촌고등학교,,서울특별시 강동구 둔촌2동,UzAxMDAwMDQyOA==,,,72.5,,16.9,22.1,23.4,27.3,10.4
서울,11,강동구,11740,고,강일고등학교,,서울특별시 강동구 강일동,UzAxMDAwNTUyMg==,,,72.3,,20.4,30.9,23.2,11.6,13.8
서울,11,강동구,11740,고,동북고등학교,,서울특별시 강동구 둔촌동,UzAxMDAwMDQyMw==,,,72.0,,30.2,20.7,18.6,13.2,17.4
서울,11,강동구,11740,고,선사고등학교,,서울특별시 강동구 고덕로25길 17,UzAxMDAwNTU2Mw==,,,70.9,,18.5,21.8,21.3,12.8,25.6
서울,11,강동구,11740,고,광문고등학교,,서울특별시 강동구 고덕동,UzAxMDAwMDM5Mg==,,,69.0,,16.1,18.1,27.9,23.1,14.8
서울,11,강동구,11740,고,강동고등학교,,서울특별시 강동구 상일동,UzAxMDAwMDM3MQ==,,,66.9,,36.2,21.1,29.3,12.9,0.4
서울,11,강동구,11740,고,명일여자고등학교,,서울 강동구 명일2동,UzAxMDAwMDQzNA==,,,66.6,,25.6,28.4,21.0,14.2,10.8
서울,11,용산구,11170,고,성심여자고등학교,,서울특별시 용산구 원효로4가,UzAxMDAwMDQ3Mg==,,,79.7,,61.3,24.3,4.5,6.3,3.6
서울,11,용산구,11170,고,용산고등학교,,서울특별시 용산구 용산동2가,UzAxMDAwMDUxMQ==,,,76.7,,26.4,33.5,21.9,5.4,12.8
서울,11,용산구,11170,고,보성여자고등학교,,서울특별시 용산구 용산동2가,UzAxMDAwMDQ0Nw==,,,75.7,,50.0,30.0,15.0,2.0,3.0
서울,11,용산구,11170,고,신광여자고등학교,,서울특별시 용산구 청파동3가,UzAxMDAwMDQ4Mw==,,,67.6,,12.3,23.3,39.7,23.3,1.4
서울,11,용산구,11170,고,오산고등학교,,서울특별시 용산구 보광동,UzAxMDAwMDUwOQ==,,,67.5,,26.1,27.7,21.8,20.2,4.2
서울,11,용산구,11170,고,배문고등학교,,서울특별시 용산구 서계동 231~268,UzAxMDAwMDQ0Mg==,,,66.6,,21.2,19.2,19.2,23.2,17.2
서울,11,용산구,11170,고,중경고등학교,,서울특별시 용산구 이촌동,UzAxMDAwMDUzMA==,,,65.4,,28.9,26.3,23.7,14.0,7.0
서울,11,강북구,11305,고,영훈고등학교,,서울특별시 강북구 미아동,UzAxMDAwMDUwNQ==,,,78.9,,26.6,31.7,19.6,12.2,9.9
서울,11,강북구,11305,고,혜화여자고등학교,,서울특별시 강북구 수유동,UzAxMDAwMDU2Mg==,,,78.9,,43.3,39.3,14.6,2.2,0.6
서울,11,강북구,11305,고,창문여자고등학교,,서울특별시 강북구 송중동,UzAxMDAwMDU0MQ==,,,78.7,,44.2,22.6,11.3,17.2,4.7
서울,11,강북구,11305,고,신일고등학교,,서울특별시 강북구 미아동,UzAxMDAwMDQ4Ng==,,,77.4,,39.7,41.2,13.6,2.7,2.7
서울,11,강북구,11305,고,삼각산고등학교,,서울특별시 강북구 삼각산동 1265~1268,UzAxMDAwNTUxOA==,,,74.9,,21.5,26.0,22.0,10.7,19.8
서울,11,강북구,11305,고,솔샘고등학교,,서울특별시 강북구 미아동,UzAxMDAwNTU0MQ==,,,57.9,,15.5,22.8,33.7,13.0,15.0
서울,11,성북구,11290,고,대일외국어고등학교,,서울특별시 성북구 정릉동,UzAxMDAwMDU3Mg==,,,84.6,,95.2,4.0,0.8,0.0,0.0
서울,11,성북구,11290,고,계성고등학교,,서울특별시 성북구 길음동,UzAxMDAwMDM4Ng==,,,79.1,,75.1,16.4,6.4,1.8,0.4
서울,11,성북구,11290,고,한성여자고등학교,,서울특별시 성북구 삼선동2가,UzAxMDAwMDU1Ng==,,,79.0,,39.6,27.7,20.8,8.8,3.1
서울,11,성북구,11290,고,성신여자고등학교,,서울특별시 성북구 동소문로26가길 80,UzAxMDAwMDQ3MQ==,,,76.0,,27.2,24.7,21.6,8.0,18.5
서울,11,성북구,11290,고,서울도시과학기술고등학교,,서울특별시 성북구 하월곡동,UzAxMDAwMDU5MA==,,,72.2,,8.6,22.9,31.4,14.3,22.9
서울,11,성북구,11290,고,석관고등학교,,서울특별시 성북구 석관동,UzAxMDAwMDQ2NA==,,,71.6,,9.8,27.1,22.9,22.0,18.2
서울,11,성북구,11290,고,서울대학교사범대학부설고등학교,,서울특별시 성북구 종암동,UzAwMDAwMzU2MQ==,,,70.3,,30.5,25.6,24.2,16.6,3.1
서울,11,성북구,11290,고,서울도시과학기술고등학교,,서울특별시 성북구 하월곡동,UzAxMDAwMDU5MA==,,,69.8,,6.3,25.0,25.0,18.8,25.0
서울,11,성북구,11290,고,용문고등학교,,서울특별시 성북구 안암동 2가,UzAxMDAwMDUxMA==,,,68.4,,34.0,28.6,18.9,12.0,6.6
서울,11,성북구,11290,고,홍익대학교사범대학부속고등학교,,서울특별시 성북구 성북1동,UzAxMDAwMDU2Mw==,,,64.0,,26.9,11.9,37.3,16.4,7.5
서울,11,성북구,11290,고,고려대학교사범대학부속고등학교,,서울특별시 성북구 정릉동,UzAxMDAwMDM4Nw==,,,61.0,,8.5,18.0,25.9,33.9,13.8
서울,11,성북구,11290,고,경동고등학교,,서울특별시 성북구 삼선동 3가,UzAxMDAwMDM3Nw==,,,59.5,,42.3,11.7,7.3,11.7,27.0
서울,11,강서구,11500,고,명덕외국어고등학교,,서울특별시 강서구 강서로47길 34-10,UzAxMDAwMDU3Mw==,,,90.4,,66.3,29.4,2.4,1.2,0.8
서울,11,강서구,11500,고,덕원예술고등학교,,서울특별시 강서구 내발산동,UzAxMDAwMDYyMg==,,,87.1,,43.9,39.0,11.0,4.9,1.2
서울,11,강서구,11500,고,명덕여자고등학교,,서울특별시 강서구 내발산동,UzAxMDAwMDQzMg==,,,79.5,,44.1,35.0,17.3,3.5,0.0
서울,11,강서구,11500,고,명덕고등학교,,서울특별시 강서구 내발산동,UzAxMDAwMDQzMQ==,,,79.1,,55.6,20.9,17.3,5.8,0.4
서울,11,강서구,11500,고,마포고등학교,,서울특별시 강서구 등촌동,UzAxMDAwMDQyOQ==,,,78.7,,11.1,43.3,30.3,13.5,1.9
서울,11,강서구,11500,고,동양고등학교,,서울특별시 강서구 가양1동,UzAxMDAwMDU4NA==,,,77.9,,16.5,30.2,21.6,19.4,12.2
서울,11,강서구,11500,고,경복여자고등학교,,서울특별시 강서구 등촌동,UzAxMDAwMDM4MA==,,,75.5,,23.2,21.6,23.2,25.3,6.7
서울,11,강서구,11500,고,대일고등학교,,서울특별시 강서구 등촌2동,UzAxMDAwMDQxMw==,,,73.5,,31.5,30.8,24.0,6.5,7.2
서울,11,강서구,11500,고,덕원예술고등학교,,서울특별시 강서구 내발산동,UzAxMDAwMDYyMg==,,,73.2,,15.0,27.5,17.5,17.5,22.5
서울,11,강서구,11500,고,덕원예술고등학교,,서울특별시 강서구 내발산동,UzAxMDAwMDYyMg==,,,72.9,,16.0,18.7,25.3,20.0,20.0
서울,11,강서구,11500,고,영일고등학교,,서울 강서구 등촌2동,UzAxMDAwMDUwMw==,,,70.7,,42.1,27.5,13.5,12.4,4.5
서울,11,강서구,11500,고,한서고등학교,,서울 강서구 방화동,UzAxMDAwMDU1NA==,,,70.1,,6.6,24.2,21.7,22.7,24.7
서울,11,강서구,11500,고,등촌고등학교,,서울 강서구 등촌동,UzAxMDAwNTIwOA==,,,68.9,,10.5,28.1,14.4,19.0,28.1
서울,11,강서구,11500,고,화곡고등학교,,서울특별시 강서구 강서로45길 69,UzAxMDAwMDU2NQ==,,,68.6,,23.9,22.1,23.9,16.2,14.0
서울,11,강서구,11500,고,덕원여자고등학교,,서울특별시 강서구 내발산동 덕원여자고등학교,UzAxMDAwMDQxOA==,,,68.2,,20.9,32.8,23.1,16.0,7.1
서울,11,강서구,11500,고,공항고등학교,,서울특별시 강서구 마곡동,UzAxMDAwMDM4OQ==,,,67.3,,37.6,27.4,21.3,10.2,3.6
서울,11,강서구,11500,고,한광고등학교,,서울 강서구 화곡동,UzAxMDAwMDU1MQ==,,,65.0,,26.6,17.2,23.4,31.3,1.6
서울,11,강서구,11500,고,세현고등학교,,서울특별시 강서구 가양동,UzAxMDAwNTI3MA==,,,65.0,,21.1,15.6,21.9,28.1,13.3
서울,11,강서구,11500,고,수명고등학교,,서울특별시 강서구 내발산동,UzAxMDAwNTU4Mg==,,,63.7,,23.7,26.0,26.6,10.1,13.6
서울,11,양천구,11470,고,강서고등학교,,서울 양천구 목4동,UzAxMDAwMDM3Mg==,,,83.1,,42.1,29.5,12.2,8.3,7.9
서울,11,양천구,11470,고,양정고등학교,,서울특별시 양천구 목동,UzAxMDAwMDQ4OA==,,,82.1,,25.8,44.7,18.9,5.3,5.3
서울,11,양천구,11470,고,양천고등학교,,서울특별시 양천구 신정동,UzAxMDAwMDQ4OQ==,,,81.5,,31.5,33.5,13.7,13.3,8.1
서울,11,양천구,11470,고,목동고등학교,,서울 양천구 신정7동,UzAxMDAwMDQ5MA==,,,77.4,,14.0,32.4,29.4,14.7,9.4
서울,11,양천구,11470,고,진명여자고등학교,,서울특별시 양천구 목동로 170,UzAxMDAwMDUzNw==,,,76.2,,24.1,24.1,48.4,3.2,0.2
서울,11,양천구,11470,고,광영고등학교,,서울특별시 양천구 신월3동,UzAxMDAwMDM5Ng==,,,75.9,,34.0,26.1,17.8,13.0,9.1
서울,11,양천구,11470,고,한가람고등학교,,서울특별시 양천구 목동,UzAxMDAwMDU0OQ==,,,75.3,,11.1,35.8,20.4,19.8,13.0
서울,11,양천구,11470,고,신목고등학교,,서울특별시 양천구 신정동,UzAxMDAwMDQ4NQ==,,,74.7,,24.8,45.0,25.4,4.2,0.6
서울,11,양천구,11470,고,광영여자고등학교,,서울특별시 양천구 신월3동,UzAxMDAwMDM5Nw==,,,74.4,,16.2,31.3,25.9,24.8,1.8
서울,11,양천구,11470,고,백암고등학교,,서울 양천구 신정3동,UzAxMDAwMDQ0NQ==,,,73.0,,22.5,42.6,21.5,10.0,3.5
서울,11,양천구,11470,고,금옥여자고등학교,,서울특별시 양천구 신정동,UzAxMDAwMDQwMQ==,,,68.0,,17.2,24.7,41.4,10.5,6.3
서울,11,양천구,11470,고,신서고등학교,,서울특별시 양천구 신정동,UzAxMDAwNTI4NQ==,,,63.1,,10.0,22.2,48.9,15.6,3.3
서울,11,동대문구,11230,고,경희고등학교,,서울특별시 동대문구 이문동,UzAxMDAwMDM4NA==,,,85.4,,49.2,35.5,11.6,3.7,0.0
서울,11,동대문구,11230,고,경희여자고등학교,,서울특별시 동대문구 회기동,UzAxMDAwMDM4NQ==,,,79.9,,26.2,37.7,18.5,9.2,8.5
서울,11,동대문구,11230,고,대광고등학교,,서울특별시 동대문구 신설동,UzAxMDAwMDQwNw==,,,77.3,,17.7,29.9,25.9,16.3,10.2
서울,11,동대문구,11230,고,휘봉고등학교,,서울특별시 동대문구 휘경2동,UzAxMDAwNTU3Mw==,,,76.2,,17.5,26.0,24.7,22.1,9.7
서울,11,동대문구,11230,고,해성여자고등학교,,서울특별시 동대문구 전농로20길 31,UzAxMDAwNTUzNg==,,,73.8,,39.0,26.3,23.7,9.2,1.8
서울,11,동대문구,11230,고,휘경여자고등학교,,서울특별시 동대문구 휘경동,UzAxMDAwMDU2Nw==,,,73.3,,25.2,31.2,22.3,18.8,2.5
서울,11,동대문구,11230,고,청량고등학교,,서울특별시 동대문구 청량리동 199~214,UzAxMDAwMDU0Mw==,,,69.1,,31.7,23.3,16.4,12.6,16.0
서울,11,동대문구,11230,고,동국대학교사범대학부속고등학교,,서울특별시 동대문구 장안동,UzAxMDAwMDQyMA==,,,64.4,,12.2,32.1,33.9,19.9,1.8
서울,11,도봉구,11320,고,서울외국어고등학교,,서울특별시 도봉구 창4동,UzAxMDAwMDU3NA==,,,87.2,,58.9,24.6,8.5,5.9,2.1
서울,11,도봉구,11320,고,선덕고등학교,,서울특별시 도봉구 쌍문동,UzAxMDAwMDQ2NQ==,,,86.4,,52.6,19.2,18.9,7.8,1.4
서울,11,도봉구,11320,고,누원고등학교,,서울특별시 도봉구 도봉동,UzAxMDAwNTE4MQ==,,,74.4,,26.7,27.6,23.8,11.4,10.5
서울,11,도봉구,11320,고,정의여자고등학교,,서울특별시 도봉구 쌍문4동,UzAxMDAwMDUyOQ==,,,71.6,,43.5,24.9,21.5,9.0,1.1
서울,11,도봉구,11320,고,효문고등학교,,서울특별시 도봉구 쌍문1동,UzAxMDAwNTI4OA==,,,68.3,,42.3,21.9,24.1,8.8,2.9
서울,11,도봉구,11320,고,창동고등학교,,서울특별시 도봉구 창동,UzAxMDAwMDU0MA==,,,66.6,,16.4,26.7,22.8,20.4,13.7
서울,11,도봉구,11320,고,자운고등학교,,서울특별시 도봉구 창동,UzAxMDAwNTIwNQ==,,,66.2,,15.6,28.3,31.1,16.0,9.0
서울,11,중랑구,11260,고,원묵고등학교,,서울특별시 중랑구 묵동,UzAxMDAwNTM2NA==,,,80.4,,10.1,33.2,38.0,14.4,4.3
서울,11,중랑구,11260,고,혜원여자고등학교,,서울특별시 중랑구 망우동,UzAxMDAwMDU2MQ==,,,79.0,,52.2,25.3,13.7,5.5,3.3
서울,11,중랑구,11260,고,송곡여자고등학교,,서울특별시 중랑구 망우동,UzAxMDAwMDQ3Ng==,,,74.1,,22.9,30.8,30.3,10.9,5.0
서울,11,중랑구,11260,고,중화고등학교,,서울특별시 중랑구 중화동,UzAxMDAwMDUzNg==,,,71.8,,20.9,23.6,25.7,20.4,9.4
서울,11,중랑구,11260,고,태릉고등학교,,서울특별시 중랑구 묵동,UzAxMDAwMDU0Nw==,,,71.8,,30.7,24.3,22.9,8.7,13.3
서울,11,중랑구,11260,고,송곡고등학교,,서울특별시 중랑구 망우본동,UzAxMDAwMDQ3NQ==,,,71.1,,23.0,35.5,19.0,12.5,10.0
서울,11,중랑구,11260,고,면목고등학교,,서울특별시 중랑구 용마산로72길 36-14,UzAxMDAwMDQzMA==,,,70.5,,22.1,23.9,30.7,22.1,1.2
서울,11,중랑구,11260,고,신현고등학교,,서울특별시 중랑구 상봉1동,UzAxMDAwNTIwNA==,,,67.0,,33.3,31.7,16.7,10.0,8.3
서울,11,중구,11140,고,이화여자외국어고등학교,,서울특별시 중구 순화동,UzAxMDAwMDU3NQ==,,,90.0,,57.4,38.3,4.3,0.0,0.0
서울,11,중구,11140,고,이화여자고등학교,,서울특별시 중구 정동,UzAxMDAwMDUxNg==,,,83.3,,26.5,44.8,20.5,5.9,2.2
서울,11,중구,11140,고,성동고등학교,,서울특별시 중구 신당5동 161~170,UzAxMDAwMDQ2OQ==,,,78.0,,44.0,25.4,20.1,7.5,3.0
서울,11,중구,11140,고,환일고등학교,,서울특별시 중구 만리동2가,UzAxMDAwMDU2Ng==,,,75.0,,54.8,11.8,11.8,9.7,11.8
서울,11,중구,11140,고,장충고등학교,,서울특별시 중구 동호로15길 93,UzAxMDAwMDUyNQ==,,,65.0,,23.2,29.1,15.9,20.5,11.3
서울,11,은평구,11380,고,하나고등학교,,서울특별시 은평구 진관동,UzAxMDAwNTYxNg==,,,89.4,,56.5,40.1,1.9,0.5,1.0
서울,11,은평구,11380,고,예일여자고등학교,,서울특별시 은평구 구산동,UzAxMDAwMDUwNg==,,,84.6,,32.5,51.7,11.3,3.8,0.8
서울,11,은평구,11380,고,진관고등학교,,서울특별시 은평구 진관4로 26,UzAxMDAwNTUyNQ==,,,80.7,,32.1,33.3,16.0,9.5,9.1
서울,11,은평구,11380,고,대성고등학교,,서울특별시 은평구 갈현2동,UzAxMDAwMDQwOA==,,,80.6,,23.3,33.5,30.2,10.2,2.8
서울,11,은평구,11380,고,선정고등학교,,서울특별시 은평구 갈현동,UzAxMDAwMDQ2Nw==,,,77.5,,28.0,21.9,24.5,17.0,8.6
서울,11,은평구,11380,고,선일여자고등학교,,서울특별시 은평구 갈현동,UzAxMDAwMDQ2Ng==,,,76.9,,38.1,32.4,22.2,5.7,1.7
서울,11,은평구,11380,고,신도고등학교,,서울특별시 은평구 진관동,UzAxMDAwNTUzMA==,,,75.9,,25.0,22.9,17.2,17.2,17.7
서울,11,은평구,11380,고,동명여자고등학교,,서울특별시 은평구 대조동,UzAxMDAwMDQyMg==,,,73.5,,9.9,41.8,40.7,5.3,2.3
서울,11,은평구,11380,고,충암고등학교,,서울특별시 은평구 응암동,UzAxMDAwMDU0Ng==,,,71.5,,12.3,25.2,20.8,15.8,25.9
서울,11,은평구,11380,고,숭실고등학교,,서울특별시 은평구 신사동,UzAxMDAwMDQ4MQ==,,,71.4,,3.9,33.5,35.0,19.2,8.4
서울,11,은평구,11380,고,은평고등학교,,서울특별시 은평구 갈현로15길 47,UzAxMDAwNTU4Mw==,,,68.6,,34.9,24.3,20.4,13.2,7.2
서울,11,관악구,11620,고,미림마이스터고등학교,,서울특별시 관악구 대학동,UzAxMDAwMDYzOQ==,,,83.1,,19.6,48.0,29.4,2.0,1.0
서울,11,관악구,11620,고,서울미술고등학교,,서울특별시 관악구 봉천6동,UzAxMDAwMDQ1OA==,,,82.4,,21.9,49.3,22.6,5.5,0.7
서울,11,관악구,11620,고,영락고등학교,,서울특별시 관악구 봉천동,UzAxMDAwMDQ5OQ==,,,80.4,,29.9,25.3,26.0,10.4,8.4
서울,11,관악구,11620,고,성보고등학교,,서울특별시 관악구 신림동,UzAxMDAwMDQ3MA==,,,79.0,,29.3,25.0,25.6,9.1,11.0
서울,11,관악구,11620,고,서울문영여자고등학교,,서울특별시 관악구 봉천동,UzAxMDAwMDQzNw==,,,78.1,,16.9,48.8,27.7,6.0,0.6
서울,11,관악구,11620,고,남강고등학교,,서울특별시 관악구 난곡동 612~636,UzAxMDAwMDQwMw==,,,73.3,,28.1,21.6,22.8,13.8,13.8
서울,11,관악구,11620,고,광신고등학교,,서울특별시 관악구 신림동,UzAxMDAwMDM5NA==,,,73.2,,37.1,20.3,17.5,16.8,8.4
서울,11,관악구,11620,고,미림여자고등학교,,서울특별시 관악구 호암로 546,UzAxMDAwMDQzOQ==,,,72.9,,19.6,23.1,25.2,19.6,12.6
서울,11,관악구,11620,고,신림고등학교,,서울특별시 관악구 미성동,UzAxMDAwMDQ4NA==,,,71.6,,15.4,23.7,20.5,13.5,26.9
서울,11,관악구,11620,고,당곡고등학교,,서울특별시 관악구 보라매동,UzAxMDAwMDQwNg==,,,70.8,,16.5,46.0,23.7,8.9,4.9
서울,11,관악구,11620,고,구암고등학교,,서울특별시 관악구 봉천동,UzAxMDAwNTUyOA==,,,70.2,,29.9,16.8,19.8,20.4,13.2
서울,11,관악구,11620,고,인헌고등학교,,서울특별시 관악구 봉천동,UzAxMDAwMDUxOQ==,,,69.7,,20.0,17.7,18.5,16.2,27.7
서울,11,관악구,11620,고,삼성고등학교,,서울특별시 관악구 대학동,UzAxMDAwMDQ0OA==,,,69.3,,47.1,21.2,15.3,5.9,10.6
서울,11,금천구,11545,고,국립전통예술고등학교,,서울특별시 금천구 시흥3동,UzAwMDAwNTQwMQ==,,,79.2,,23.3,33.3,23.3,13.3,6.7
서울,11,금천구,11545,고,국립전통예술고등학교,,서울특별시 금천구 시흥3동,UzAwMDAwNTQwMQ==,,,77.2,,14.3,42.9,9.5,23.8,9.5
서울,11,금천구,11545,고,국립전통예술고등학교,,서울특별시 금천구 시흥3동,UzAwMDAwNTQwMQ==,,,76.6,,21.0,26.1,22.7,17.6,12.6
서울,11,금천구,11545,고,동일여자고등학교,,서울특별시 금천구 시흥동,UzAxMDAwMDQyNQ==,,,74.7,,29.4,37.6,27.3,5.7,0.0
서울,11,금천구,11545,고,문일고등학교,,서울특별시 금천구 시흥동,UzAxMDAwMDQzOA==,,,71.5,,27.5,24.2,20.3,17.9,10.1
서울,11,금천구,11545,고,금천고등학교,,서울특별시 금천구 시흥대로38길 26,UzAxMDAwMDQwMg==,,,67.5,,22.6,23.7,29.5,15.8,8.4
서울,11,금천구,11545,고,독산고등학교,,서울특별시 금천구 독산동,UzAxMDAwMDQxOQ==,,,61.4,,39.2,16.3,19.3,15.7,9.6
서울,11,구로구,11530,고,구현고등학교,,서울특별시 구로구 구로동,UzAxMDAwNTUwMQ==,,,85.0,,45.8,26.3,17.5,8.0,2.4
서울,11,구로구,11530,고,오류고등학교,,서울특별시 구로구 궁동,UzAxMDAwMDUwOA==,,,77.4,,29.3,35.4,26.5,8.8,0.0
서울,11,구로구,11530,고,세종과학고등학교,,서울특별시 구로구 궁동,UzAxMDAwNTUwMA==,,,76.8,,65.4,25.2,6.9,1.9,0.6
서울,11,구로구,11530,고,경인고등학교,,서울특별시 구로구 고척동,UzAxMDAwMDM4Mw==,,,76.5,,20.4,25.6,23.0,19.3,11.8
서울,11,구로구,11530,고,우신고등학교,,서울특별시 구로구 궁동,UzAxMDAwMDUxMw==,,,74.6,,28.5,41.1,21.3,4.0,5.1
서울,11,구로구,11530,고,신도림고등학교,,서울특별시 구로구 신도림동,UzAxMDAwNTUyMQ==,,,74.1,,7.3,39.9,30.9,15.2,6.7
서울,11,구로구,11530,고,구로고등학교,,서울특별시 구로구 구로동,UzAxMDAwMDM5OA==,,,73.8,,7.4,28.6,51.5,10.1,2.4
서울,11,구로구,11530,고,고척고등학교,,서울 구로구 고척동,UzAxMDAwMDM4OA==,,,71.1,,33.9,30.7,24.7,6.8,4.0
서울,11,구로구,11530,고,구일고등학교,,서울특별시 구로구 구로동,UzAxMDAwMDM5OQ==,,,69.7,,49.0,25.1,14.9,7.1,3.9
서울,11,구로구,11530,고,서울공연예술고등학교,,서울특별시 구로구 궁동,UzAxMDAwNTU4NA==,,,66.5,,12.2,23.6,15.2,11.4,37.6
부산,26,금정구,26410,고,지산고등학교,,부산광역시 금정구 부곡동,UzAyMDAwMDUzNw==,,,82.8,,54.0,27.4,14.2,3.5,0.9
부산,26,금정구,26410,고,브니엘여자고등학교,,부산광역시 금정구 구서동,UzAyMDAwMDQ5NQ==,,,82.6,,38.1,30.2,14.3,14.3,3.2
부산,26,금정구,26410,고,동래여자고등학교,,부산광역시 금정구 구서동,UzAyMDAwMDM5Nw==,,,82.4,,28.6,37.0,23.5,8.4,2.5
부산,26,금정구,26410,고,부산예술고등학교,,부산광역시 금정구 부곡3동,UzAyMDAwMDQ2Mw==,,,82.2,,13.7,55.6,23.9,6.8,0.0
부산,26,금정구,26410,고,브니엘고등학교,,부산광역시 금정구 구서동,UzAyMDAwMDQ5NA==,,,80.3,,39.2,30.0,23.3,5.0,2.5
부산,26,금정구,26410,고,부산대학교사범대학부설고등학교,,부산광역시 금정구 부곡2동   산42-7,UzAwMDAwMzUwOQ==,,,78.9,,27.1,45.8,23.8,1.9,1.4
부산,26,금정구,26410,고,내성고등학교,,부산광역시 금정구 부곡동,UzAyMDAwMDM3Mw==,,,78.6,,22.3,43.0,25.1,7.3,2.2
부산,26,금정구,26410,고,남산고등학교,,부산광역시 금정구 남산동   982,UzAyMDAwMDM3MQ==,,,75.1,,24.6,29.9,20.9,18.7,6.0
부산,26,금정구,26410,고,부산과학고등학교,,부산광역시 금정구 구서동,UzAyMDAwMTg0Nw==,,,74.4,,56.5,37.0,6.5,0.0,0.0
부산,26,금정구,26410,고,금정여자고등학교,,부산광역시 금정구 서동,UzAyMDAwMDM2NQ==,,,74.2,,19.6,18.6,27.8,18.6,15.5
부산,26,금정구,26410,고,부산예술고등학교,,부산광역시 금정구 부곡3동,UzAyMDAwMDQ2Mw==,,,72.4,,1.6,23.0,42.1,22.4,10.9
부산,26,금정구,26410,고,브니엘예술고등학교,,부산광역시 금정구 구서동 산57-1,UzAyMDAwMDQ5Ng==,,,70.4,,39.6,19.5,17.1,15.9,7.9
부산,26,금정구,26410,고,부산예술고등학교,,부산광역시 금정구 부곡3동,UzAyMDAwMDQ2Mw==,,,68.2,,0.0,13.5,40.5,27.0,18.9
부산,26,해운대구,26350,고,해운대여자고등학교,,부산광역시 해운대구 우1동,UzAyMDAwMDU1Mw==,,,82.3,,28.9,39.3,22.2,5.2,4.4
부산,26,해운대구,26350,고,부산센텀여자고등학교,,부산광역시 해운대구 우동,UzAyMDAwMTg3Nw==,,,77.5,,19.5,24.1,33.1,15.8,7.5
부산,26,해운대구,26350,고,부흥고등학교,,부산광역시 해운대구 좌1동,UzAyMDAwMDQ5Mw==,,,74.1,,44.9,36.4,12.7,5.5,0.4
부산,26,해운대구,26350,고,센텀고등학교,,부산광역시 해운대구 재송동,UzAyMDAwMjAwMA==,,,72.8,,57.4,18.2,16.5,6.8,1.1
부산,26,해운대구,26350,고,양운고등학교,,부산광역시 해운대구 좌동,UzAyMDAwMDUyMQ==,,,71.2,,26.0,26.8,24.3,19.6,3.4
부산,26,해운대구,26350,고,해강고등학교,,부산광역시 해운대구 우동,UzAyMDAwMTkwOA==,,,70.6,,14.6,59.7,23.2,2.6,0.0
부산,26,해운대구,26350,고,반여고등학교,,부산광역시 해운대구 반여동,UzAyMDAwMTg2OA==,,,69.7,,10.8,22.0,24.7,30.6,11.8
부산,26,해운대구,26350,고,신도고등학교,,부산광역시 해운대구 좌3동,UzAyMDAwMDUxNw==,,,66.4,,0.8,7.5,29.3,42.7,19.7
부산,26,동래구,26260,고,부산중앙여자고등학교,,부산광역시 동래구 명륜동 652,UzAyMDAwMDQ3OQ==,,,81.7,,31.7,38.3,19.6,3.8,6.7
부산,26,동래구,26260,고,대명여자고등학교,,부산광역시 동래구 명장동,UzAyMDAwMDM3OA==,,,81.1,,41.0,39.0,19.0,1.0,0.0
부산,26,동래구,26260,고,용인고등학교,,부산광역시 동래구 명장2동,UzAyMDAwMDUyOQ==,,,80.6,,67.4,21.9,6.4,2.7,1.6
부산,26,동래구,26260,고,금정고등학교,,부산광역시 동래구 명장1동,UzAyMDAwMDM2NA==,,,78.0,,31.9,36.3,23.6,2.7,5.5
부산,26,동래구,26260,고,동인고등학교,,부산광역시 동래구 사직2동 981-90,UzAyMDAwMDQxMA==,,,77.7,,33.7,27.8,28.9,8.0,1.6
부산,26,동래구,26260,고,사직여자고등학교,,부산광역시 동래구 사직동,UzAyMDAwMDQ5OA==,,,77.2,,12.2,36.5,28.6,16.4,6.3
부산,26,동래구,26260,고,충렬고등학교,,부산광역시 동래구 명장동,UzAyMDAwMDUzOQ==,,,76.6,,20.5,22.7,29.5,18.8,8.5
부산,26,동래구,26260,고,학산여자고등학교,,부산광역시 동래구 충렬사로51번길 62,UzAyMDAwMDU0Mg==,,,75.8,,17.1,36.1,20.0,17.6,9.3
부산,26,동래구,26260,고,혜화여자고등학교,,부산광역시 동래구 명장동  산14-2,UzAyMDAwMDU1Nw==,,,74.9,,37.8,21.1,19.4,17.2,4.4
부산,26,동래구,26260,고,사직고등학교,,부산광역시 동래구 사직2동,UzAyMDAwMDQ5Nw==,,,73.1,,34.8,29.0,20.8,11.3,4.1
부산,26,동래구,26260,고,동래고등학교,,부산광역시 동래구 칠산동,UzAyMDAwMDM5NA==,,,64.3,,1.0,17.1,20.5,28.1,33.3
부산,26,연제구,26470,고,부산외국어고등학교,,부산광역시 연제구 연산8동,UzAyMDAwMDQ2NA==,,,86.0,,28.2,59.9,10.7,0.8,0.4
부산,26,연제구,26470,고,이사벨고등학교,,부산광역시 연제구 거제동,UzAyMDAwMDUzMA==,,,75.0,,10.1,29.5,28.2,22.5,9.7
부산,26,연제구,26470,고,연제고등학교,,부산광역시 연제구 연산6동,UzAyMDAwMTkwNw==,,,73.9,,13.8,29.1,36.2,14.8,6.1
부산,26,남구,26290,고,한국조형예술고등학교,,부산광역시 남구 용호동,UzAyMDAwMDQ0Nw==,,,80.7,,21.0,38.9,29.0,7.4,3.7
부산,26,남구,26290,고,문현여자고등학교,,부산광역시 남구 문현1동,UzAyMDAwMDQxOA==,,,80.3,,22.0,42.9,19.0,10.1,6.0
부산,26,남구,26290,고,예문여자고등학교,,부산광역시 남구 용호동,UzAyMDAwMDUyNw==,,,78.9,,18.6,42.8,24.1,13.1,1.4
부산,26,남구,26290,고,동천고등학교,,부산광역시 남구 대연5동 1564,UzAyMDAwMDQxMg==,,,75.7,,24.6,26.2,26.9,15.4,6.9
부산,26,남구,26290,고,부산중앙고등학교,,부산광역시 남구 대연동,UzAyMDAwMDQ3OA==,,,75.0,,14.8,32.8,26.2,13.1,13.1
부산,26,남구,26290,고,배정고등학교,,부산광역시 남구 장고개로85번길 14-16,UzAyMDAwMDQyMQ==,,,74.3,,11.6,29.5,24.2,22.1,12.6
부산,26,남구,26290,고,분포고등학교,,부산광역시 남구 용호동,UzAyMDAwMTg1MQ==,,,74.2,,10.9,29.7,26.8,21.0,11.6
부산,26,남구,26290,고,대연고등학교,,부산광역시 남구 대연3동 670-4,UzAyMDAwMDM4MQ==,,,72.4,,30.8,43.3,19.2,6.7,0.0
부산,26,남구,26290,고,한얼고등학교,,부산광역시 남구 문현1동,UzAyMDAwMDQ4OQ==,,,68.2,,18.7,19.8,41.8,15.4,4.4
부산,26,남구,26290,고,성지고등학교,,부산광역시 남구 우암1동,UzAyMDAwMDUxMg==,,,63.1,,22.6,21.5,34.4,11.8,9.7
부산,26,부산진구,26230,고,부산국제고등학교,,부산광역시 부산진구 당감동,UzAyMDAwMDQzNQ==,,,81.4,,31.3,46.9,18.8,3.1,0.0
부산,26,부산진구,26230,고,성모여자고등학교,,부산광역시 부산진구 양정동,UzAyMDAwMDUwOQ==,,,79.4,,38.6,31.7,22.8,5.5,1.4
부산,26,부산진구,26230,고,개금고등학교,,부산광역시 부산진구 개금3동 8-1,UzAyMDAwMDMzOQ==,,,76.8,,16.0,30.8,28.8,15.4,9.0
부산,26,부산진구,26230,고,부산진여자고등학교,,부산광역시 부산진구 양정동,UzAyMDAwMDQ4Mw==,,,76.1,,29.3,31.1,27.4,9.1,3.0
부산,26,부산진구,26230,고,부산동성고등학교,,부산광역시 부산진구 전포동,UzAyMDAwMDQ0NQ==,,,74.4,,15.7,28.7,26.9,22.2,6.5
부산,26,부산진구,26230,고,개성고등학교,,부산광역시 부산진구 당감동,UzAyMDAwMDQ1Mg==,,,72.5,,12.6,24.3,24.8,17.0,21.4
부산,26,부산진구,26230,고,부산진고등학교,,부산광역시 부산진구 초읍동,UzAyMDAwMDQ4Mg==,,,72.4,,20.3,40.6,25.8,10.9,2.3
부산,26,부산진구,26230,고,경원고등학교,,부산광역시 부산진구 당감동,UzAyMDAwMDM1MA==,,,71.5,,31.0,24.6,31.5,10.8,2.0
부산,26,부산진구,26230,고,양정고등학교,,부산광역시 부산진구 양정동,UzAyMDAwMDUyMg==,,,70.1,,12.2,22.9,26.7,37.4,0.8
부산,26,부산진구,26230,고,부산동고등학교,,부산광역시 부산진구 전포3동,UzAyMDAwMDQ0NA==,,,66.5,,18.9,32.1,32.1,13.2,3.8
부산,26,부산진구,26230,고,가야고등학교,,부산광역시 부산진구 가야3동,UzAyMDAwMDMzOA==,,,63.9,,8.7,22.4,31.1,28.6,9.3
부산,26,수영구,26500,고,덕문여자고등학교,,부산광역시 수영구 광안동,UzAyMDAwMDM5MQ==,,,76.2,,27.6,31.9,29.7,9.7,1.1
부산,26,수영구,26500,고,부산남일고등학교,,부산광역시 수영구 망미동,UzAyMDAwMDQ0MA==,,,72.8,,24.2,18.2,22.0,27.5,8.1
부산,26,수영구,26500,고,부산동여자고등학교,,부산광역시 수영구 남천동,UzAyMDAwMDQ0Ng==,,,71.1,,18.5,32.1,30.9,16.0,2.5
부산,26,서구,26140,고,부산서여자고등학교,,부산광역시 서구 동대신동2가   75-2번지,UzAyMDAwMDQ1Mw==,,,75.4,,12.3,33.6,26.7,18.5,8.9
부산,26,서구,26140,고,경남고등학교,,부산광역시 서구 동대신동3가,UzAyMDAwMDM0Mg==,,,66.8,,25.5,23.0,24.2,17.4,9.9
부산,26,서구,26140,고,부경고등학교,,부산광역시 서구 서대신동3가,UzAyMDAwMDM0NQ==,,,59.5,,32.1,24.3,17.9,7.1,18.6
부산,26,사하구,26380,고,부일외국어고등학교,,부산광역시 사하구 감천동,UzAyMDAwMDQ5MA==,,,79.4,,42.4,38.2,10.1,5.5,3.7
부산,26,사하구,26380,고,부산자동차마이스터고등학교,,부산광역시 사하구 장림1동 877-1,UzAyMDAwMDQ2Nw==,,,78.6,,20.4,24.7,34.4,14.0,6.5
부산,26,사하구,26380,고,부산일과학고등학교,,부산광역시 사하구 당리동 1~32,UzAyMDAwMjA5Ng==,,,76.6,,73.6,25.3,1.1,0.0,0.0
부산,26,사하구,26380,고,부산여자고등학교,,부산광역시 사하구 하단2동,UzAyMDAwMDQ1OQ==,,,74.2,,29.9,34.6,23.1,8.5,3.8
부산,26,사하구,26380,고,삼성여자고등학교,,부산광역시 사하구 감천1동 598,UzAyMDAwMDQ5OQ==,,,74.1,,29.7,32.1,31.6,6.2,0.5
부산,26,사하구,26380,고,해동고등학교,,부산광역시 사하구 괴정동,UzAyMDAwMDU0OQ==,,,73.7,,10.1,23.3,35.7,14.7,16.3
부산,26,사하구,26380,고,다대고등학교,,부산광역시 사하구 다대1동,UzAyMDAwMDM3NA==,,,73.6,,16.4,28.0,38.8,10.7,6.1
부산,26,사하구,26380,고,건국고등학교,,부산광역시 사하구 하단동  산41,UzAyMDAwMDM0MA==,,,73.5,,26.4,31.2,23.2,13.6,5.6
부산,26,사하구,26380,고,성일여자고등학교,,부산광역시 사하구 신평동,UzAyMDAwMDUxMQ==,,,72.0,,27.5,26.2,34.2,10.7,1.3
부산,26,사하구,26380,고,동아고등학교,,부산광역시 사하구 괴정로244번길 63,UzAyMDAwMDQwNg==,,,71.5,,25.3,34.3,20.8,7.3,12.4
부산,26,사하구,26380,고,대동고등학교,,부산광역시 사하구 신평동 산41-10,UzAyMDAwMDM3Nw==,,,70.8,,17.0,34.1,31.8,11.9,5.1
부산,26,영도구,26200,고,부산해사고등학교,,부산광역시 영도구 동삼동,UzAwMDAwMzYwNA==,,,85.7,,32.8,55.2,8.6,3.4,0.0
부산,26,영도구,26200,고,부산해사고등학교,,부산광역시 영도구 동삼동,UzAwMDAwMzYwNA==,,,83.3,,11.9,64.4,18.6,3.4,1.7
부산,26,영도구,26200,고,부산남고등학교,,부산광역시 영도구 동삼동,UzAyMDAwMDQzOA==,,,79.0,,14.5,38.5,28.6,14.5,3.9
부산,26,영도구,26200,고,영도여자고등학교,,부산광역시 영도구 동삼1동,UzAyMDAwMDUyNA==,,,75.0,,28.0,44.1,22.9,3.4,1.7
부산,26,영도구,26200,고,광명고등학교,,부산광역시 영도구 동삼동,UzAyMDAwMDM1Nw==,,,68.2,,23.5,61.4,12.1,3.0,0.0
부산,26,영도구,26200,고,부산체육고등학교,,부산광역시 영도구 동삼동,UzAyMDAwMDQ4NQ==,,,66.6,,5.0,9.9,29.7,23.8,31.7
부산,26,기장군,26710,고,장안제일고등학교,,부산광역시 기장군 장안읍 좌천리 323,UzAyMDAwMDUzMg==,,,82.2,,35.6,27.7,18.8,11.9,5.9
부산,26,기장군,26710,고,부산장안고등학교,,부산광역시 기장군 장안읍 좌천리 425,UzAyMDAwMDQ2OA==,,,77.1,,17.9,32.5,22.8,16.3,10.6
부산,26,기장군,26710,고,기장고등학교,,부산광역시 기장군 기장읍,UzAyMDAwMDM2OA==,,,71.5,,53.1,25.2,14.0,4.2,3.5
부산,26,기장군,26710,고,정관고등학교,,부산광역시 기장군 정관면 용수리,UzAyMDAwMjA3MA==,,,66.8,,13.0,27.5,29.2,23.8,6.4
부산,26,기장군,26710,고,신정고등학교,,부산광역시 기장군 정관면 용수리,UzAyMDAwMjAwOA==,,,63.7,,12.4,28.6,42.8,13.3,2.9
부산,26,북구,26320,고,금명여자고등학교,,부산광역시 북구 화명동,UzAyMDAwMTk5OQ==,,,77.6,,33.3,35.3,29.4,2.0,0.0
부산,26,북구,26320,고,부산백양고등학교,,부산광역시 북구 구포동,UzAyMDAwMDQ3NQ==,,,77.1,,30.4,37.0,24.6,5.8,2.2
부산,26,북구,26320,고,낙동고등학교,,부산광역시 북구 덕천동,UzAyMDAwMDM3MA==,,,75.2,,25.3,36.1,28.4,5.7,4.6
부산,26,북구,26320,고,삼정고등학교,,부산광역시 북구 구포동,UzAyMDAwMDQwMA==,,,74.3,,22.0,34.0,24.8,17.0,2.1
부산,26,북구,26320,고,경혜여자고등학교,,부산광역시 북구 구포1동   3번지,UzAyMDAwMDM1Mw==,,,73.8,,10.0,25.8,24.2,25.8,14.2
부산,26,북구,26320,고,만덕고등학교,,부산광역시 북구 만덕2동 928~952,UzAyMDAwMDQxNg==,,,72.7,,32.1,45.2,17.9,4.2,0.6
부산,26,북구,26320,고,화명고등학교,,부산광역시 북구 화명동,UzAyMDAwMDU1OA==,,,71.4,,3.5,24.6,30.7,25.6,15.6
부산,26,북구,26320,고,성도고등학교,,부산광역시 북구 구포3동   48-56번지,UzAyMDAwMDUwOA==,,,71.2,,21.1,39.1,19.5,16.4,3.9
부산,26,북구,26320,고,금곡고등학교,,부산광역시 북구 금곡동,UzAyMDAwMTgzNg==,,,64.2,,1.5,11.1,25.6,26.6,35.2
부산,26,강서구,26440,고,부산대저고등학교,,부산광역시 강서구 대저2동,UzAyMDAwMDQ0MQ==,,,78.0,,9.6,31.5,43.8,13.7,1.4
부산,26,강서구,26440,고,명호고등학교,,부산광역시 강서구 명지동,UzAyMDAwMjAwNQ==,,,76.5,,16.1,21.0,37.5,21.0,4.4
부산,26,강서구,26440,고,부산강서고등학교,,부산광역시 강서구 대저1동   421-3,UzAyMDAwMDQyNA==,,,73.4,,24.1,38.3,22.6,12.8,2.3
부산,26,강서구,26440,고,경일고등학교,,부산광역시 강서구 명지동   299번지,UzAyMDAwMDM1Mg==,,,72.6,,6.0,39.8,29.7,19.7,4.8
부산,26,강서구,26440,고,덕문고등학교,,부산광역시 강서구 성북동,UzAyMDAwMDM5MA==,,,69.0,,5.6,16.7,30.6,41.7,5.6
부산,26,사상구,26530,고,구덕고등학교,,부산광역시 사상구 학장동   181-13,UzAyMDAwMDM1OQ==,,,72.2,,94.2,3.3,0.8,1.7,0.0
부산,26,사상구,26530,고,주례여자고등학교,,부산광역시 사상구 주례2동,UzAyMDAwMDUzNQ==,,,72.0,,13.0,24.7,34.6,24.1,3.7
부산,26,사상구,26530,고,사상고등학교,,부산광역시 사상구 덕포1동,UzAyMDAwMjAwMg==,,,70.6,,52.4,14.5,24.2,8.1,0.8
부산,26,사상구,26530,고,대덕여자고등학교,,부산광역시 사상구 덕포동,UzAyMDAwMDM3Ng==,,,68.6,,17.4,22.5,30.4,27.5,2.2
부산,26,동구,26170,고,데레사여자고등학교,,부산광역시 동구 정공단로47번길 14,UzAyMDAwMDM5Mw==,,,76.9,,25.5,32.7,25.5,15.8,0.6
부산,26,동구,26170,고,경남여자고등학교,,부산광역시 동구 수정동,UzAyMDAwMDM0Ng==,,,73.0,,22.7,30.1,19.9,19.3,8.0
부산,26,동구,26170,고,부산고등학교,,부산광역시 동구 초량6동,UzAyMDAwMDQyOQ==,,,65.0,,18.6,20.4,29.2,15.0,16.8
부산,26,중구,26110,고,혜광고등학교,,부산 중구 보수동1가,UzAyMDAwMDU1Ng==,,,76.8,,7.1,37.2,31.9,20.4,3.5
부산,26,중구,26110,고,동주여자고등학교,,부산광역시 중구 광복동 3가 3번지,UzAyMDAwMDQxMQ==,,,72.5,,34.4,38.3,23.4,3.9,0.0
부산,26,중구,26110,고,남성여자고등학교,,부산광역시 중구 대청동1가 10,UzAyMDAwMDM3Mg==,,,71.0,,7.3,20.9,35.5,31.8,4.5
대구,27,달서구,27290,고,원화여자고등학교,,대구광역시 달서구 성당2동,UzAzMDAwMDM0Mg==,,,81.9,,37.9,32.4,21.3,8.3,0.0
대구,27,달서구,27290,고,호산고등학교,,대구광역시 달서구 달서대로109길 86,UzAzMDAwMTgxNw==,,,80.1,,30.4,20.7,28.9,14.1,5.9
대구,27,달서구,27290,고,대진고등학교,,대구 달서구 대곡동,UzAzMDAwMTc1Ng==,,,79.4,,35.3,29.8,23.3,7.9,3.7
대구,27,달서구,27290,고,영남고등학교,,대구광역시 달서구 상인동,UzAzMDAwMDMzMQ==,,,77.3,,33.7,30.4,27.6,7.7,0.6
대구,27,달서구,27290,고,대구상원고등학교,,대구광역시 달서구 상인1동,UzAzMDAwMDI5NQ==,,,76.4,,38.5,24.7,22.6,9.2,5.0
대구,27,달서구,27290,고,대건고등학교,,대구광역시 달서구 월성동,UzAzMDAwMDI4Mw==,,,75.4,,28.8,42.7,22.1,5.6,0.7
대구,27,달서구,27290,고,대구외국어고등학교,,대구광역시 달서구 신당동,UzAzMDAwMDMwMg==,,,75.2,,50.0,26.9,14.8,2.8,5.6
대구,27,달서구,27290,고,효성여자고등학교,,대구광역시 달서구 월성동,UzAzMDAwMDM2Mg==,,,74.9,,14.2,26.0,29.9,18.1,11.8
대구,27,달서구,27290,고,상인고등학교,,대구 달서구 상인3동,UzAzMDAwMDMyMA==,,,74.9,,51.6,27.7,10.6,3.2,6.9
대구,27,달서구,27290,고,도원고등학교,,대구광역시 달서구 도원동,UzAzMDAwMTY2Mg==,,,74.2,,21.3,29.4,24.3,17.6,7.4
대구,27,달서구,27290,고,경화여자고등학교,,대구광역시 달서구 성당동,UzAzMDAwMDI2OA==,,,72.7,,33.6,38.8,22.4,5.3,0.0
대구,27,달서구,27290,고,경원고등학교,,대구광역시 달서구 용산동,UzAzMDAwMDI2NQ==,,,72.4,,27.4,34.3,23.5,10.4,4.3
대구,27,달서구,27290,고,대곡고등학교,,대구광역시 달서구 도원동,UzAzMDAwMTY1OQ==,,,71.6,,27.5,29.1,24.6,8.6,10.2
대구,27,달서구,27290,고,송현여자고등학교,,대구광역시 달서구 송현로 156,UzAzMDAwMDMyNg==,,,71.0,,27.7,25.9,31.3,12.5,2.7
대구,27,달서구,27290,고,성서고등학교,,대구광역시 달서구 용산동,UzAzMDAwMDMyMg==,,,70.8,,11.6,31.2,28.1,19.6,9.5
대구,27,달서구,27290,고,성산고등학교,,대구광역시 달서구 용산동,UzAzMDAwMTY2MA==,,,68.7,,28.7,31.3,29.3,9.3,1.3
대구,27,달서구,27290,고,와룡고등학교,,대구광역시 달서구 이곡동,UzAzMDAwMDM0MA==,,,67.2,,20.6,25.4,31.0,15.9,7.1
대구,27,달서구,27290,고,대구상원고등학교,,대구광역시 달서구 상인1동,UzAzMDAwMDI5NQ==,,,57.8,,19.4,12.9,19.4,6.5,41.9
대구,27,수성구,27260,고,대륜고등학교,,대구광역시 수성구 만촌3동 대륜고등학교,UzAzMDAwMDMxMA==,,,80.9,,33.9,28.8,19.0,8.5,9.8
대구,27,수성구,27260,고,덕원고등학교,,대구광역시 수성구 욱수동,UzAzMDAwMDMxMw==,,,80.9,,36.3,34.2,13.2,11.1,5.1
대구,27,수성구,27260,고,정화여자고등학교,,대구광역시 수성구 범어4동,UzAzMDAwMDM0Ng==,,,78.8,,22.1,30.0,27.7,13.1,7.0
대구,27,수성구,27260,고,능인고등학교,,대구광역시 수성구 지산1동,UzAzMDAwMDI3Nw==,,,78.3,,29.5,37.7,20.5,8.6,3.7
대구,27,수성구,27260,고,대구혜화여자고등학교,,대구광역시 수성구 만촌3동 혜화여자고등학교,UzAzMDAwMDMwOQ==,,,77.7,,43.6,25.3,13.8,10.7,6.7
대구,27,수성구,27260,고,경신고등학교,,대구광역시 수성구 범어동,UzAzMDAwMDI2Mg==,,,77.6,,33.7,21.6,15.3,15.3,14.2
대구,27,수성구,27260,고,수성고등학교,,대구광역시 수성구 지산동,UzAzMDAwMTcwNw==,,,75.5,,42.8,27.0,19.7,7.9,2.6
대구,27,수성구,27260,고,대구남산고등학교,,대구광역시 수성구 신천동로 364,UzAzMDAwMDI4OQ==,,,75.3,,15.0,40.5,28.3,11.7,4.5
대구,27,수성구,27260,고,시지고등학교,,대구광역시 수성구 신매동,UzAzMDAwMDMyNw==,,,74.9,,32.0,24.3,26.2,12.6,4.9
대구,27,수성구,27260,고,오성고등학교,,대구광역시 수성구 만촌3동,UzAzMDAwMDMzOQ==,,,74.7,,24.6,29.1,22.9,18.3,5.1
대구,27,수성구,27260,고,동문고등학교,,대구광역시 수성구 만촌1동,UzAzMDAwMTY2OA==,,,72.6,,22.0,30.5,32.8,10.8,3.9
대구,27,수성구,27260,고,대구여자고등학교,,대구광역시 수성구 범어1동,UzAzMDAwMDMwMA==,,,71.6,,32.3,31.9,21.7,5.8,8.4
대구,27,수성구,27260,고,대구농업마이스터고등학교,,대구광역시 수성구 노변동,UzAzMDAwMDMwMw==,,,68.1,,3.5,25.4,21.9,27.2,21.9
대구,27,수성구,27260,고,경북고등학교,,대구광역시 수성구 황금동,UzAzMDAwMDI0Ng==,,,65.6,,43.4,18.6,14.0,11.5,12.5
대구,27,수성구,27260,고,대구중앙고등학교,,대구광역시 수성구 수성동4가,UzAzMDAwMDM0OA==,,,64.4,,6.3,26.1,30.0,16.4,21.3
대구,27,서구,27170,고,계성고등학교,,대구광역시 서구 상리동,UzAzMDAwMDI3MQ==,,,79.7,,64.3,19.2,13.3,1.4,1.7
대구,27,서구,27170,고,대구제일고등학교,,대구광역시 서구 비산4동 228,UzAzMDAwMDMwNg==,,,76.1,,30.5,36.1,24.9,8.2,0.4
대구,27,서구,27170,고,달성고등학교,,대구광역시 서구 내당4동,UzAzMDAwMDI4MQ==,,,71.4,,17.8,26.7,31.4,14.8,9.3
대구,27,서구,27170,고,경덕여자고등학교,,대구광역시 서구 중리동,UzAzMDAwMDI0NA==,,,68.5,,16.5,31.7,25.2,18.0,8.6
대구,27,서구,27170,고,대구서부고등학교,,대구광역시 서구 평리3동,UzAzMDAwMDI5Ng==,,,66.2,,10.7,28.6,28.6,18.4,13.8
대구,27,중구,27110,고,신명고등학교,,대구광역시 중구 동산동,UzAzMDAwMDMyOQ==,,,78.9,,17.8,29.0,36.1,13.0,4.1
대구,27,중구,27110,고,경북대학교사범대학부설고등학교,,대구광역시 중구 대봉동,UzAwMDAwMzQ5MA==,,,73.9,,24.3,18.1,25.4,17.8,14.5
대구,27,중구,27110,고,경북여자고등학교,,대구광역시 중구 남산1동 714-2,UzAzMDAwMDI1Mg==,,,68.2,,12.1,29.8,27.4,18.1,12.6
대구,27,북구,27230,고,성광고등학교,,대구광역시 북구 복현2동 8-1번지,UzAzMDAwMDMyMQ==,,,82.6,,35.4,35.4,17.7,11.4,0.0
대구,27,북구,27230,고,경명여자고등학교,,대구광역시 북구 칠성동2가,UzAzMDAwMDI0NQ==,,,80.6,,26.1,31.4,25.5,10.6,6.4
대구,27,북구,27230,고,구암고등학교,,대구광역시 북구 구암동,UzAzMDAwMDI3NQ==,,,78.0,,19.0,38.5,27.2,11.8,3.6
대구,27,북구,27230,고,대구국제고등학교,,대구광역시 북구 도남길 77,UzAzMDAwMjA4Nw==,,,77.1,,11.5,33.6,33.6,15.9,5.3
대구,27,북구,27230,고,운암고등학교,,대구 북구 구암동,UzAzMDAwMDM0MQ==,,,74.8,,10.2,40.8,27.6,16.3,5.1
대구,27,북구,27230,고,대구체육고등학교,,대구광역시 북구 동호동,UzAzMDAwMTY1OA==,,,74.6,,10.2,28.8,30.5,15.3,15.3
대구,27,북구,27230,고,경상여자고등학교,,대구광역시 북구 침산1동,UzAzMDAwMDI2MA==,,,73.6,,22.4,31.1,32.1,14.3,0.0
대구,27,북구,27230,고,학남고등학교,,대구광역시 북구 국우동,UzAzMDAwMTY2MQ==,,,73.3,,15.5,27.0,32.5,17.5,7.5
대구,27,북구,27230,고,영송여자고등학교,,대구광역시 북구 태전동,UzAzMDAwMDMzMw==,,,72.7,,38.0,22.3,18.7,11.4,9.6
대구,27,북구,27230,고,영진고등학교,,대구광역시 북구 복현동,UzAzMDAwMDMzNQ==,,,71.9,,24.6,31.4,30.3,11.4,2.3
대구,27,북구,27230,고,칠성고등학교,,대구광역시 북구 칠성동2가,UzAzMDAwMTg1MQ==,,,71.1,,18.3,18.3,16.7,23.0,23.8
대구,27,북구,27230,고,성화여자고등학교,,대구광역시 북구 복현2동 540-1번지,UzAzMDAwMDMyNQ==,,,70.9,,8.5,24.7,24.7,21.1,21.1
대구,27,북구,27230,고,함지고등학교,,대구광역시 북구 구암동 105~500,UzAzMDAwMTgxNg==,,,70.8,,38.5,16.7,15.6,9.9,19.3
대구,27,북구,27230,고,경상고등학교,,대구광역시 북구 복현동,UzAzMDAwMDI1Nw==,,,69.7,,31.6,22.8,25.4,10.4,9.8
대구,27,북구,27230,고,매천고등학교,,대구광역시 북구 태전동,UzAzMDAwMTgxNQ==,,,68.9,,16.8,33.7,19.5,15.8,14.2
대구,27,북구,27230,고,강북고등학교,,대구광역시 북구 태전동,UzAzMDAwMDI0Mw==,,,67.8,,29.0,14.7,22.1,30.9,3.2
대구,27,동구,27140,고,대구일마이스터고등학교,,대구광역시 동구 효목동,UzAzMDAwMDI5Mg==,,,78.1,,5.4,38.0,44.6,12.0,0.0
대구,27,동구,27140,고,대구일과학고등학교,,대구광역시 동구 각산동,UzAzMDAwMTkzNg==,,,77.2,,62.0,32.9,5.1,0.0,0.0
대구,27,동구,27140,고,정동고등학교,,대구광역시 동구 용계동,UzAzMDAwMDM0NQ==,,,75.2,,24.6,26.3,29.9,13.8,5.4
대구,27,동구,27140,고,청구고등학교,,대구광역시 동구 신천동,UzAzMDAwMDM1MA==,,,71.1,,29.7,26.7,24.2,8.1,11.4
대구,27,동구,27140,고,영신고등학교,,대구 동구 봉무동,UzAzMDAwMDMzNA==,,,69.5,,15.8,28.8,37.5,12.1,5.8
대구,27,동구,27140,고,대구동부고등학교,,대구광역시 동구 각산동,UzAzMDAwMDI5Mw==,,,66.8,,21.0,30.5,24.6,16.2,7.7
대구,27,동구,27140,고,강동고등학교,,대구 동구 신서동,UzAzMDAwMTY2Nw==,,,64.0,,17.3,25.6,26.4,19.5,11.2
대구,27,달성군,27710,고,포산고등학교,,대구광역시 달성군 현풍읍,UzAzMDAwMDM1MQ==,,,74.6,,42.4,19.2,26.2,8.7,3.5
대구,27,달성군,27710,고,심인고등학교,,대구광역시 달성군 다사읍 죽곡리,UzAzMDAwMDMzMA==,,,71.1,,78.8,11.1,7.4,0.9,1.8
대구,27,달성군,27710,고,달서고등학교,,대구광역시 달성군 하빈면 감문리,UzAzMDAwMDI4MA==,,,70.2,,23.7,23.7,23.7,21.1,7.9
대구,27,달성군,27710,고,다사고등학교,,대구광역시 달성군 다사읍 달구벌대로 839,UzAzMDAwMDI3OA==,,,70.2,,13.3,25.4,16.9,18.1,26.2
대구,27,달성군,27710,고,비슬고등학교,,대구광역시 달성군 현풍읍,UzAzMDAwMjA3NQ==,,,70.1,,24.3,27.7,21.7,15.0,11.3
대구,27,달성군,27710,고,대원고등학교,,대구 달성군 화원읍 본리리,UzAzMDAwMDMxNA==,,,69.0,,20.1,24.7,33.0,18.0,4.1
대구,27,달성군,27710,고,현풍고등학교,,대구광역시 달성군 현풍읍 성하리,UzAzMDAwMDM1Ng==,,,68.1,,45.9,20.9,19.8,7.6,5.8
대구,27,달성군,27710,고,화원고등학교,,대구광역시 달성군 화원읍 설화리,UzAzMDAwMDM2MA==,,,66.7,,15.7,24.1,37.5,14.8,7.9
대구,27,남구,27200,고,경북예술고등학교,,대구광역시 남구 대명동,UzAzMDAwMDI1Ng==,,,79.9,,24.1,35.2,24.1,9.7,6.9
대구,27,남구,27200,고,경일여자고등학교,,대구광역시 남구 봉덕동,UzAzMDAwMDI2Ng==,,,69.8,,25.0,27.6,23.7,20.5,3.2
대구,27,남구,27200,고,협성고등학교,,대구광역시 남구 봉덕3동,UzAzMDAwMDM1OA==,,,69.2,,22.8,22.2,23.4,19.8,12.0
대구,27,남구,27200,고,경북예술고등학교,,대구광역시 남구 대명동,UzAzMDAwMDI1Ng==,,,69.0,,2.6,7.9,34.2,39.5,15.8
대구,27,남구,27200,고,대구고등학교,,대구광역시 남구 대명동,UzAzMDAwMDI4NA==,,,64.7,,12.5,18.5,24.4,22.6,22.0
대구,27,남구,27200,고,경북예술고등학교,,대구광역시 남구 대명동,UzAzMDAwMDI1Ng==,,,64.2,,0.9,14.0,18.1,25.6,41.4
대구,27,군위군,27720,고,군위고등학교,,대구광역시 군위군 군위읍 정리 1140-11,UzAzMDAwMjE3Mg==,,,70.3,,17.6,16.5,12.1,33.0,20.9
인천,28,연수구,28185,고,인천포스코고등학교,,인천광역시 연수구 컨벤시아대로42번길 50,UzA0MDAwMjI0NA==,,,84.4,,29.7,46.3,19.9,2.8,1.2
인천,28,연수구,28185,고,인천대건고등학교,,인천광역시 연수구 동춘동,UzA0MDAwMDI2Mw==,,,82.4,,66.2,24.1,6.5,2.8,0.3
인천,28,연수구,28185,고,인천여자고등학교,,인천광역시 연수구 연수동,UzA0MDAwMDI2OQ==,,,74.8,,26.1,29.3,21.7,16.1,6.8
인천,28,연수구,28185,고,박문여자고등학교,,인천광역시 연수구 송도과학로51번길 16,UzA0MDAwMDI2NQ==,,,72.8,,22.5,36.3,22.5,11.8,6.9
인천,28,연수구,28185,고,연수여자고등학교,,인천광역시 연수구 동춘동,UzA0MDAwMDI0MA==,,,71.9,,23.9,30.1,32.5,9.0,4.5
인천,28,연수구,28185,고,송도고등학교,,인천광역시 연수구 옥련동,UzA0MDAwMDIzNg==,,,71.7,,38.6,21.8,22.2,11.4,6.0
인천,28,연수구,28185,고,옥련여자고등학교,,인천 연수구 옥련동,UzA0MDAwMTcwOA==,,,71.0,,17.8,35.3,28.7,11.6,6.6
인천,28,연수구,28185,고,신송고등학교,,인천광역시 연수구 송도동,UzA0MDAwMTc4Nw==,,,69.5,,31.4,27.0,22.0,11.9,7.5
인천,28,연수구,28185,고,인천연송고등학교,,인천광역시 연수구 송도동,UzA0MDAwMjA4Mw==,,,66.5,,36.6,28.6,16.3,10.5,8.0
인천,28,연수구,28185,고,연수고등학교,,인천광역시 연수구 연수2동,UzA0MDAwMDIzOQ==,,,66.5,,31.4,28.9,16.2,14.0,9.5
인천,28,연수구,28185,고,인천해송고등학교,,인천광역시 연수구 송도동,UzA0MDAwMTk3Mg==,,,64.1,,30.2,30.5,23.0,8.8,7.5
인천,28,강화군,28710,고,서도고등학교,,인천광역시 강화군 서도면 주문도리,UzA0MDAwMDIyOA==,,,77.0,,0.0,100.0,0.0,0.0,0.0
인천,28,강화군,28710,고,덕신고등학교,,인천광역시 강화군 강화읍 국화리,UzA0MDAwMDIwMg==,,,75.4,,15.1,24.7,28.8,15.1,16.4
인천,28,강화군,28710,고,교동고등학교,,인천광역시 강화군 교동면 대룡리,UzA0MDAwMDE5NA==,,,72.6,,42.9,28.6,0.0,0.0,28.6
인천,28,강화군,28710,고,강화고등학교,,인천광역시 강화군 국화리,UzA0MDAwMDE4Mw==,,,67.7,,23.9,25.2,22.6,15.7,12.6
인천,28,강화군,28710,고,강화여자고등학교,,인천광역시 강화군 강화읍 관청리,UzA0MDAwMDE4NA==,,,62.9,,29.9,25.3,18.8,10.4,15.6
인천,28,부평구,28237,고,인천진산과학고등학교,,인천광역시 부평구 삼산동,UzA0MDAwMTgxMg==,,,87.7,,86.6,13.4,0.0,0.0,0.0
인천,28,부평구,28237,고,인천외국어고등학교,,인천광역시 부평구 산곡동,UzA0MDAwMDI0NA==,,,85.3,,73.5,17.9,5.6,0.9,2.1
인천,28,부평구,28237,고,인천산곡고등학교,,인천 부평구 산곡동,UzA0MDAwMTcxMw==,,,76.8,,45.7,37.0,10.9,2.7,3.8
인천,28,부평구,28237,고,부평여자고등학교,,인천광역시 부평구 부평동,UzA0MDAwMDIyMA==,,,76.5,,44.4,31.1,17.3,4.6,2.6
인천,28,부평구,28237,고,삼산고등학교,,인천광역시 부평구 삼산동,UzA0MDAwMDIyNw==,,,73.5,,55.1,21.2,7.1,10.6,6.1
인천,28,부평구,28237,고,인천부흥고등학교,,인천광역시 부평구 부개동,UzA0MDAwMTcxNA==,,,73.0,,47.4,30.5,8.4,8.4,5.3
인천,28,부평구,28237,고,세일고등학교,,인천광역시 부평구 산곡동,UzA0MDAwMDIzNQ==,,,72.6,,30.3,26.7,20.0,17.6,5.5
인천,28,부평구,28237,고,명신여자고등학교,,인천광역시 부평구 산곡1동,UzA0MDAwMDIwNw==,,,71.4,,14.9,29.3,25.5,15.4,14.9
인천,28,부평구,28237,고,부광여자고등학교,,인천광역시 부평구부개3동,UzA0MDAwMDIxNg==,,,71.3,,18.3,41.7,22.8,11.7,5.6
인천,28,부평구,28237,고,부평고등학교,,인천광역시 부평구 부평4동,UzA0MDAwMDIxNw==,,,70.2,,30.4,24.5,18.1,19.1,7.8
인천,28,부평구,28237,고,제일고등학교,,인천광역시 부평구십정동,UzA0MDAwMDI5MQ==,,,70.0,,25.7,20.4,19.2,16.8,18.0
인천,28,부평구,28237,고,부광고등학교,,인천광역시 부평구 산곡동,UzA0MDAwMDIxNQ==,,,66.5,,11.2,30.5,31.6,18.7,8.0
인천,28,부평구,28237,고,인천상정고등학교,,인천광역시 부평구 십정동,UzA0MDAwMTk2Mw==,,,65.9,,16.9,20.6,24.3,22.8,15.3
인천,28,부평구,28237,고,부개고등학교,,인천광역시 부평구 부개동,UzA0MDAwMTcxMg==,,,65.2,,22.7,32.6,25.0,15.1,4.7
인천,28,부평구,28237,고,인천영선고등학교,,인천광역시 부평구 삼산동,UzA0MDAwMTgwNw==,,,63.6,,22.8,28.8,22.3,16.3,9.8
인천,28,부평구,28237,고,부개여자고등학교,,인천광역시 부평구 부개3동,UzA0MDAwMDIxNA==,,,58.1,,20.4,27.8,27.2,19.1,5.6
인천,28,중구,28110,고,인천하늘고등학교,,인천광역시 중구 운서동,UzA0MDAwMjE2Mg==,,,85.6,,25.6,60.5,13.5,0.4,0.0
인천,28,중구,28110,고,인천해사고등학교,,인천광역시 중구 북성동1가,UzAwMDAwMzU0OQ==,,,82.1,,21.2,46.2,21.2,9.6,1.9
인천,28,중구,28110,고,인천국제고등학교,,인천광역시 중구 운서동,UzA0MDAwMTgxNw==,,,81.7,,10.8,58.3,25.2,4.3,1.4
인천,28,중구,28110,고,인천과학고등학교,,인천광역시 중구 운서동,UzA0MDAwMDI2MA==,,,81.6,,74.1,18.5,7.4,0.0,0.0
인천,28,중구,28110,고,인천해사고등학교,,인천광역시 중구 북성동1가,UzAwMDAwMzU0OQ==,,,77.7,,12.0,36.0,34.0,14.0,4.0
인천,28,중구,28110,고,인성여자고등학교,,인천광역시 중구 송학동2가,UzA0MDAwMDI1NQ==,,,76.4,,28.3,36.1,27.2,6.8,1.6
인천,28,중구,28110,고,인일여자고등학교,,인천광역시 중구 전동,UzA0MDAwMDI1Ng==,,,71.8,,28.8,24.6,22.5,16.8,7.3
인천,28,중구,28110,고,인천중산고등학교,,인천광역시 중구 중산동,UzA0MDAwMjI5Ng==,,,70.0,,8.6,56.9,32.3,1.9,0.3
인천,28,중구,28110,고,인천영종고등학교,,인천광역시 중구 운서동,UzA0MDAwMjA5Mg==,,,67.5,,14.9,16.0,17.0,16.7,35.4
인천,28,중구,28110,고,광성고등학교,,인천광역시 중구 도원동,UzA0MDAwMDE5Mg==,,,67.1,,27.8,15.3,15.3,16.0,25.7
인천,28,중구,28110,고,인천공항고등학교,,인천광역시 중구 운서동,UzA0MDAwMDI1OQ==,,,60.4,,26.6,23.2,18.4,19.8,12.1
인천,28,중구,28110,고,제물포고등학교,,인천광역시 중구전동,UzA0MDAwMDI4OQ==,,,54.2,,27.2,11.6,10.9,22.4,27.9
인천,28,서구,28260,고,인천원당고등학교,,인천광역시 서구 원당동,UzA0MDAwMTc4Ng==,,,73.6,,21.0,33.1,19.7,18.7,7.5
인천,28,서구,28260,고,인천마전고등학교,,인천광역시 서구 마전동,UzA0MDAwMTgwOQ==,,,72.3,,38.9,27.1,12.6,5.7,15.8
인천,28,서구,28260,고,가림고등학교,,인천광역시 서구 가좌동,UzA0MDAwMTY5Ng==,,,71.3,,35.9,19.8,25.0,10.1,9.3
인천,28,서구,28260,고,인천청라고등학교,,인천광역시 서구 연희동,UzA0MDAwMjAyMw==,,,70.7,,35.3,21.0,24.7,11.5,7.5
인천,28,서구,28260,고,서인천고등학교,,인천광역시 서구 검암동,UzA0MDAwMDIzMA==,,,70.2,,20.8,38.4,25.7,10.9,4.2
인천,28,서구,28260,고,인천이음고등학교,,인천광역시 서구 원당동,UzA0MDAwMjM1NQ==,,,69.5,,30.7,28.9,22.3,14.5,3.6
인천,28,서구,28260,고,대인고등학교,,인천광역시 서구 공촌동,UzA0MDAwMDE5OA==,,,68.8,,21.7,30.2,22.8,17.8,7.5
인천,28,서구,28260,고,인천초은고등학교,,인천광역시 서구 청라동,UzA0MDAwMjAyNQ==,,,67.9,,6.0,22.0,20.8,18.4,32.8
인천,28,서구,28260,고,인천해원고등학교,,인천광역시 서구 경서동,UzA0MDAwMjE2MQ==,,,65.9,,14.8,36.2,24.1,14.5,10.3
인천,28,서구,28260,고,가정고등학교,,인천광역시 서구가정3동,UzA0MDAwMDE4MQ==,,,65.9,,22.7,41.9,13.7,9.4,12.3
인천,28,서구,28260,고,인천신현고등학교,,인천광역시 서구 신현동,UzA0MDAwMTgyMA==,,,65.4,,18.0,35.5,20.0,16.5,10.0
인천,28,서구,28260,고,가좌고등학교,,인천광역시 서구 가좌동,UzA0MDAwMTcwOQ==,,,64.8,,27.5,24.4,16.0,13.4,18.7
인천,28,서구,28260,고,검단고등학교,,인천광역시 서구 마전동,UzA0MDAwMDE4Ng==,,,64.5,,22.3,26.2,28.8,14.6,8.2
인천,28,서구,28260,고,백석고등학교,,인천광역시 서구 백석동,UzA0MDAwMDIxMw==,,,63.3,,18.2,32.7,20.9,19.0,9.2
인천,28,서구,28260,고,인천체육고등학교,,인천광역시 서구 로봇랜드로 473,UzA0MDAwMDI4MA==,,,62.2,,15.6,26.0,27.1,31.3,0.0
인천,28,서구,28260,고,인천아라고등학교,,인천광역시 서구 당하동,UzA0MDAwMjMyNg==,,,60.1,,5.0,29.1,32.6,20.8,12.5
인천,28,계양구,28245,고,계산고등학교,,인천광역시 계양구 주부토로 588,UzA0MDAwMDE4OA==,,,76.1,,39.2,33.1,21.0,3.9,2.8
인천,28,계양구,28245,고,작전여자고등학교,,인천광역시 계양구 작전동,UzA0MDAwMTcwNQ==,,,72.8,,14.9,36.2,28.7,19.0,1.1
인천,28,계양구,28245,고,작전고등학교,,인천광역시 계양구 작전동,UzA0MDAwMTcwNw==,,,68.8,,25.3,31.0,28.7,12.6,2.3
인천,28,계양구,28245,고,계양고등학교,,인천 계양구 용종동,UzA0MDAwMDE5MQ==,,,68.3,,17.4,27.9,25.0,15.1,14.5
인천,28,계양구,28245,고,인천예일고등학교,,인천광역시 계양구 박촌로 23,UzA0MDAwMTcxMA==,,,66.8,,23.3,31.1,20.4,15.5,9.7
인천,28,계양구,28245,고,인천효성고등학교,,인천광역시 계양구 효성동,UzA0MDAwMDI5OA==,,,65.7,,23.4,23.4,22.3,19.0,12.0
인천,28,계양구,28245,고,인천세원고등학교,,인천광역시 계양구 장제로 966,UzA0MDAwMTk2Nw==,,,64.8,,21.8,17.9,17.9,26.8,15.6
인천,28,계양구,28245,고,계산여자고등학교,,인천광역시 계양구 계산4동,UzA0MDAwMDE5MA==,,,64.1,,18.4,27.7,39.7,9.9,4.3
인천,28,계양구,28245,고,안남고등학교,,인천광역시 계양구 작전동,UzA0MDAwMTcwNg==,,,62.1,,18.5,27.0,19.1,15.2,20.2
인천,28,계양구,28245,고,서운고등학교,,인천광역시 계양구 서운동,UzA0MDAwMDIyOQ==,,,57.4,,17.5,20.9,33.3,17.5,10.7
인천,28,남동구,28200,고,인천예술고등학교,,인천광역시 남동구 간석1동 399~525,UzA0MDAwMDI3NQ==,,,77.1,,13.7,47.9,20.5,15.1,2.7
인천,28,남동구,28200,고,미추홀외국어고등학교,,인천광역시 남동구 논현동,UzA0MDAwMTk1Nw==,,,76.0,,3.8,63.4,29.0,3.8,0.0
인천,28,남동구,28200,고,동인천고등학교,,인천광역시 남동구 만수동,UzA0MDAwMDIwNQ==,,,72.6,,33.8,30.0,21.4,5.2,9.5
인천,28,남동구,28200,고,인천고잔고등학교,,인천광역시 남동구 에코중앙로 117,UzA0MDAwMTk2OQ==,,,70.7,,19.9,36.2,28.3,13.8,1.8
인천,28,남동구,28200,고,숭덕여자고등학교,,인천광역시 남동구 만수동,UzA0MDAwMDIzNw==,,,69.8,,29.3,35.7,18.8,9.2,7.0
인천,28,남동구,28200,고,도림고등학교,,인천광역시 남동구 서창동,UzA0MDAwMTc0Mg==,,,68.3,,32.1,23.3,23.3,10.8,10.4
인천,28,남동구,28200,고,인천송천고등학교,,인천 남동구 고잔동,UzA0MDAwMjAyMA==,,,67.9,,28.1,29.4,21.7,15.3,5.5
인천,28,남동구,28200,고,문일여자고등학교,,인천광역시 남동구 만수1동,UzA0MDAwMDIxMA==,,,67.4,,6.0,34.0,34.5,21.1,4.4
인천,28,남동구,28200,고,인제고등학교,,인천광역시 남동구 간석2동,UzA0MDAwMDI1Nw==,,,66.8,,13.4,24.0,29.1,21.7,11.8
인천,28,남동구,28200,고,인천남동고등학교,,인천광역시 남동구 논현동,UzA0MDAwMTgyMg==,,,64.8,,37.9,22.5,15.9,16.3,7.5
인천,28,남동구,28200,고,인천만수고등학교,,인천광역시 남동구 만수동,UzA0MDAwMTgxOA==,,,63.1,,22.2,35.8,23.6,14.6,3.8
인천,28,남동구,28200,고,신명여자고등학교,,인천광역시 남동구 간석동,UzA0MDAwMDIzOA==,,,63.0,,20.4,39.4,25.7,11.6,2.8
인천,28,남동구,28200,고,석정여자고등학교,,인천광역시 남동구 간석4동 570~767,UzA0MDAwMDIzMQ==,,,62.7,,21.8,27.3,25.5,19.0,6.5
인천,28,남동구,28200,고,인천논현고등학교,,인천광역시 남동구 논현동,UzA0MDAwMTgxMA==,,,62.5,,16.7,26.4,30.6,15.5,10.9
인천,28,남동구,28200,고,인천남고등학교,,인천광역시 남동구 간석4동,UzA0MDAwMDI2Mg==,,,60.7,,25.2,21.4,19.7,19.7,14.1
인천,28,남동구,28200,고,인천예술고등학교,,인천광역시 남동구 간석1동 399~525,UzA0MDAwMDI3NQ==,,,59.8,,13.1,21.3,42.6,16.4,6.6
인천,28,남동구,28200,고,인천예술고등학교,,인천광역시 남동구 간석1동 399~525,UzA0MDAwMDI3NQ==,,,56.3,,12.5,29.2,33.3,16.7,8.3
인천,28,미추홀구,28177,고,인천전자마이스터고등학교,,"인천광역시 남구 도화2,3동 1~36",UzA0MDAwMDI3Ng==,,,86.4,,51.7,27.6,13.8,6.9,0.0
인천,28,미추홀구,28177,고,인천전자마이스터고등학교,,"인천광역시 남구 도화2,3동 1~36",UzA0MDAwMDI3Ng==,,,84.8,,50.0,12.5,25.0,12.5,0.0
인천,28,미추홀구,28177,고,인천전자마이스터고등학교,,"인천광역시 남구 도화2,3동 1~36",UzA0MDAwMDI3Ng==,,,84.5,,31.3,37.5,31.3,0.0,0.0
인천,28,미추홀구,28177,고,인천전자마이스터고등학교,,"인천광역시 남구 도화2,3동 1~36",UzA0MDAwMDI3Ng==,,,84.3,,41.9,29.0,16.1,6.5,6.5
인천,28,미추홀구,28177,고,인명여자고등학교,,인천광역시 미추홀구 관교동,UzA0MDAwMDI1NA==,,,74.9,,16.3,35.6,28.9,16.7,2.5
인천,28,미추홀구,28177,고,인천고등학교,,인천광역시 미추홀구 주안동,UzA0MDAwMDI1OA==,,,74.4,,21.4,35.8,21.0,8.3,13.5
인천,28,미추홀구,28177,고,학익여자고등학교,,인천광역시 남구 학익동,UzA0MDAwMDI5NA==,,,71.9,,19.1,30.5,26.6,15.2,8.5
인천,28,미추홀구,28177,고,인하대학교사범대학부속고등학교,,인천광역시 미추홀구 학익동,UzA0MDAwMDI4NQ==,,,71.3,,45.8,19.6,15.1,18.4,1.1
인천,28,미추홀구,28177,고,인항고등학교,,인천광역시 남구 용현5동,UzA0MDAwMDI4Ng==,,,71.3,,35.7,27.9,16.9,9.1,10.4
인천,28,미추홀구,28177,고,인화여자고등학교,,인천광역시 남구 도화동,UzA0MDAwMDI4Nw==,,,68.5,,21.1,34.3,25.1,7.4,12.0
인천,28,미추홀구,28177,고,학익고등학교,,인천광역시 미추홀구 학익동,UzA0MDAwMDI5Mw==,,,65.7,,24.1,22.8,23.4,16.5,13.3
인천,28,미추홀구,28177,고,선인고등학교,,인천광역시 남구 도화동,UzA0MDAwMDIzMg==,,,62.2,,23.8,23.2,31.0,11.9,10.1
인천,28,동구,28140,고,동산고등학교,,인천광역시 동구송림5동,UzA0MDAwMDIwNA==,,,69.0,,46.4,22.5,10.6,14.6,6.0
인천,28,옹진군,28720,고,백령고등학교,,인천광역시 옹진군 백령면 북포리,UzA0MDAwMDIxMg==,,,76.4,,12.5,37.5,29.2,12.5,8.3
인천,28,옹진군,28720,고,연평고등학교,,인천광역시 옹진군 연평면,UzA0MDAwMDI0Mg==,,,76.0,,0.0,20.0,60.0,20.0,0.0
인천,28,옹진군,28720,고,덕적고등학교,,인천광역시 옹진군 덕적면 진리,UzA0MDAwMDIwMw==,,,68.9,,14.3,0.0,14.3,57.1,14.3
인천,28,옹진군,28720,고,인천영흥고등학교,,인천광역시 옹진군 영흥면 내리,UzA0MDAwMjE4Ng==,,,67.7,,16.2,24.3,27.0,21.6,10.8
인천,28,옹진군,28720,고,대청고등학교,,인천광역시 옹진군 대청면,UzA0MDAwMDIwMA==,,,67.6,,40.0,20.0,40.0,0.0,0.0
광주,29,남구,29155,고,광주석산고등학교,,광주광역시 남구 백운로26번길 20,UzA1MDAwMDEwOA==,,,75.6,,40.2,20.1,18.5,17.9,3.3
광주,29,남구,29155,고,대광여자고등학교,,광주 남구 주월동,UzA1MDAwMDEzMw==,,,75.4,,32.2,31.0,21.6,12.9,2.3
광주,29,남구,29155,고,광주수피아여자고등학교,,광주광역시 남구 양림동,UzA1MDAwMDEwOQ==,,,74.3,,55.3,34.5,9.1,0.5,0.5
광주,29,남구,29155,고,송원여자고등학교,,광주광역시 남구 송하동,UzA1MDAwMDE1MA==,,,70.6,,25.6,19.5,22.0,22.6,10.4
광주,29,남구,29155,고,동아여자고등학교,,광주광역시 남구 봉선동,UzA1MDAwMDEzNg==,,,70.3,,29.2,27.6,22.7,20.0,0.5
광주,29,남구,29155,고,광주동성고등학교,,광주광역시 남구 진월동,UzA1MDAwMDEwMQ==,,,67.1,,11.9,24.4,25.6,20.2,17.9
광주,29,남구,29155,고,대성여자고등학교,,광주광역시 남구 진월동,UzA1MDAwMDEzNA==,,,66.3,,19.6,27.1,35.0,17.3,0.9
광주,29,남구,29155,고,설월여자고등학교,,광주광역시 남구 방림동,UzA1MDAwMDE0Nw==,,,65.1,,10.3,24.7,34.5,23.2,7.2
광주,29,남구,29155,고,광주인성고등학교,,광주광역시 남구 송하동,UzA1MDAwMDExOA==,,,62.9,,18.8,20.4,28.5,27.4,4.8
광주,29,남구,29155,고,문성고등학교,,광주광역시 남구 봉선동,UzA1MDAwMDEzOA==,,,59.6,,16.6,40.9,29.0,12.4,1.0
광주,29,남구,29155,고,호남삼육고등학교,,광주광역시 남구 주월동,UzA1MDAwMDE2OA==,,,59.5,,17.3,13.6,21.0,18.5,29.6
광주,29,남구,29155,고,송원고등학교,,광주 남구 송하동,UzA1MDAwMDE0OQ==,,,59.1,,18.6,16.8,19.8,25.7,19.2
광주,29,남구,29155,고,서진여자고등학교,,광주 남구 주월동,UzA1MDAwMDE0Ng==,,,52.0,,19.7,15.2,13.6,36.4,15.2
광주,29,서구,29140,고,상일여자고등학교,,광주광역시 서구 쌍촌동,UzA1MDAwMTIyNg==,,,69.3,,16.6,43.3,28.9,8.0,3.2
광주,29,서구,29140,고,광덕고등학교,,광주광역시 서구 화정동,UzA1MDAwMDA4OQ==,,,69.2,,33.3,21.9,17.1,20.5,7.1
광주,29,서구,29140,고,전남고등학교,,광주광역시 서구 치평동,UzA1MDAwMDE1NQ==,,,67.2,,56.0,21.5,11.5,5.0,6.0
광주,29,서구,29140,고,광주여자고등학교,,광주광역시 서구 화정동,UzA1MDAwMDExMg==,,,64.5,,15.8,23.8,32.5,16.3,11.7
광주,29,서구,29140,고,광주대동고등학교,,광주광역시 서구 전평길 50,UzA1MDAwMDEwMA==,,,63.1,,29.9,22.5,21.4,19.3,7.0
광주,29,서구,29140,고,광주서석고등학교,,광주광역시 서구 화정동,UzA1MDAwMDEwNw==,,,61.6,,16.3,15.9,33.2,31.7,2.9
광주,29,서구,29140,고,상무고등학교,,광주 서구 상무동,UzA1MDAwMDE0NA==,,,59.4,,23.6,20.2,31.5,20.7,3.9
광주,29,서구,29140,고,풍암고등학교,,광주광역시 서구 풍암동,UzA1MDAwMTExOQ==,,,58.1,,34.0,17.7,14.9,16.3,17.2
광주,29,동구,29110,고,조선대학교여자고등학교,,광주광역시 동구 지산동,UzA1MDAwMDE2Nw==,,,71.5,,30.7,33.5,17.9,13.4,4.5
광주,29,동구,29110,고,전남여자고등학교,,광주광역시 동구 장동,UzA1MDAwMDE2MQ==,,,70.4,,25.0,26.2,20.9,22.1,5.8
광주,29,동구,29110,고,살레시오여자고등학교,,광주광역시 동구 지산동,UzA1MDAwMDE0Mw==,,,65.6,,29.1,27.8,25.3,14.6,3.2
광주,29,동구,29110,고,광주고등학교,,광주광역시 동구 계림2동,UzA1MDAwMDA5NA==,,,60.4,,28.0,15.0,19.2,18.7,19.2
광주,29,동구,29110,고,조선대학교부속고등학교,,광주광역시 동구 학동,UzA1MDAwMDE2Ng==,,,57.9,,30.6,25.8,24.7,14.0,4.8
광주,29,북구,29170,고,광주예술고등학교,,광주광역시 북구 매곡동,UzA1MDAwMDExNg==,,,72.8,,3.4,24.1,37.9,17.2,17.2
광주,29,북구,29170,고,광주예술고등학교,,광주광역시 북구 매곡동,UzA1MDAwMDExNg==,,,70.7,,4.2,33.3,20.8,12.5,29.2
광주,29,북구,29170,고,광주예술고등학교,,광주광역시 북구 매곡동,UzA1MDAwMDExNg==,,,70.7,,7.1,21.4,17.9,32.1,21.4
광주,29,북구,29170,고,광주동신여자고등학교,,광주광역시 북구 풍향동,UzA1MDAwMDEwMw==,,,70.5,,35.9,32.1,27.8,3.8,0.4
광주,29,북구,29170,고,국제고등학교,,광주광역시 북구 삼각동,UzA1MDAwMDEyOA==,,,68.6,,11.8,28.5,31.2,18.6,10.0
광주,29,북구,29170,고,서강고등학교,,광주광역시 북구 운암동,UzA1MDAwMDE0NQ==,,,67.3,,24.3,31.1,29.8,14.0,0.9
광주,29,북구,29170,고,광주체육고등학교,,광주 북구 운암동,UzA1MDAwMDEyNw==,,,65.5,,9.7,16.1,19.4,15.1,39.8
광주,29,북구,29170,고,광주예술고등학교,,광주광역시 북구 매곡동,UzA1MDAwMDExNg==,,,65.0,,0.0,20.0,20.0,10.0,50.0
광주,29,북구,29170,고,금호중앙여자고등학교,,광주 북구 운암2동,UzA1MDAwMDEyNQ==,,,64.5,,8.2,37.0,28.8,19.7,6.3
광주,29,북구,29170,고,빛고을고등학교,,광주광역시 북구 신용동,UzA1MDAwMTI4Mw==,,,64.4,,24.0,25.6,19.6,13.2,17.6
광주,29,북구,29170,고,광주숭일고등학교,,광주광역시 북구 일곡동,UzA1MDAwMDExMA==,,,63.1,,19.5,21.5,24.8,30.5,3.7
광주,29,북구,29170,고,금호고등학교,,광주광역시 북구 운암동,UzA1MDAwMDEzMQ==,,,63.0,,13.9,22.6,37.0,20.2,6.3
광주,29,북구,29170,고,광주예술고등학교,,광주광역시 북구 매곡동,UzA1MDAwMDExNg==,,,62.8,,0.0,17.4,8.7,26.1,47.8
광주,29,북구,29170,고,광주동신고등학교,,광주광역시 북구 풍향동 343~492,UzA1MDAwMDEwMg==,,,62.6,,18.5,27.0,33.3,17.5,3.7
광주,29,북구,29170,고,고려고등학교,,광주광역시 북구 삼각동,UzA1MDAwMDA4OA==,,,61.5,,34.0,28.2,21.8,11.7,4.3
광주,29,북구,29170,고,광주경신여자고등학교,,광주광역시 북구 용봉동,UzA1MDAwMDA5Mw==,,,61.1,,15.3,24.4,34.4,24.4,1.4
광주,29,북구,29170,고,문정여자고등학교,,광주광역시 북구 오치1동,UzA1MDAwMTIzNg==,,,60.4,,19.3,16.8,29.4,24.4,10.1
광주,29,북구,29170,고,살레시오고등학교,,광주광역시 북구 일곡동,UzA1MDAwMDE0Mg==,,,60.3,,21.6,21.1,25.2,18.8,13.3
광주,29,북구,29170,고,전남대학교사범대학부설고등학교,,광주 북구 용봉동 전남대학교,UzAwMDAwMzUxNg==,,,59.6,,30.3,13.4,25.4,16.4,14.4
광주,29,북구,29170,고,광주제일고등학교,,광주광역시 북구 누문동,UzA1MDAwMDEyMw==,,,59.1,,29.3,15.2,20.4,20.9,14.1
광주,29,광산구,29200,고,광주소프트웨어마이스터고등학교,,광주광역시 광산구 송정동,UzA1MDAwMDEyMA==,,,83.4,,52.3,36.9,9.2,0.0,1.5
광주,29,광산구,29200,고,수완고등학교,,광주광역시 광산구 수완동,UzA1MDAwMTIzMg==,,,67.1,,22.8,24.5,23.4,20.7,8.6
광주,29,광산구,29200,고,운남고등학교,,광주광역시 광산구 운남동,UzA1MDAwMTExOA==,,,65.3,,29.0,19.3,20.7,21.4,9.7
광주,29,광산구,29200,고,보문고등학교,,광주광역시 광산구 운수동,UzA1MDAwMDEzOQ==,,,64.8,,24.6,21.8,31.7,18.0,3.9
광주,29,광산구,29200,고,비아고등학교,,광주광역시 광산구 월계동,UzA1MDAwMTQ4Mg==,,,63.9,,30.2,29.9,29.9,8.2,1.9
광주,29,광산구,29200,고,광주진흥고등학교,,광주광역시 광산구 신창동 1~980,UzA1MDAwMDEyNg==,,,62.5,,28.1,25.3,26.7,10.4,9.5
광주,29,광산구,29200,고,정광고등학교,,광주광역시 광산구 소촌동,UzA1MDAwMDE2NQ==,,,62.4,,46.9,21.1,20.2,8.4,3.4
광주,29,광산구,29200,고,첨단고등학교,,광주광역시 광산구 월계동,UzA1MDAwMTE1NQ==,,,61.7,,13.2,23.3,35.5,16.0,11.8
광주,29,광산구,29200,고,성덕고등학교,,광주광역시 광산구 장덕동,UzA1MDAwMTI3OA==,,,61.1,,14.5,32.8,31.2,17.7,3.8
광주,29,광산구,29200,고,명진고등학교,,광주광역시 광산구 수완동,UzA1MDAwMDE0OA==,,,58.3,,35.9,11.0,11.7,22.1,19.3
광주,29,광산구,29200,고,숭덕고등학교,,광주광역시 광산구 월계동,UzA1MDAwMDE1Mw==,,,58.2,,30.8,18.7,19.4,16.6,14.5
광주,29,광산구,29200,고,장덕고등학교,,광주광역시 광산구 장덕동,UzA1MDAwMTIzMA==,,,57.7,,12.0,23.0,30.6,25.2,9.1
광주,29,광산구,29200,고,광일고등학교,,광주광역시 광산구 임곡동,UzA1MDAwMDA5Mg==,,,55.2,,18.6,11.3,14.4,18.6,37.1
대전,30,유성구,30200,고,대덕소프트웨어마이스터고등학교,,대전광역시 유성구 장동,UzA2MDAwMDE3MA==,,,84.2,,26.2,44.3,24.6,4.9,0.0
대전,30,유성구,30200,고,유성고등학교,,대전광역시 유성구 구암동,UzA2MDAwMDIyNg==,,,79.7,,35.2,23.8,29.9,8.1,3.0
대전,30,유성구,30200,고,대전체육고등학교,,대전광역시 유성구 원신흥동,UzA2MDAwMDIwNA==,,,77.9,,22.7,27.3,24.2,13.6,12.1
대전,30,유성구,30200,고,대덕고등학교,,대전광역시 유성구 도룡동,UzA2MDAwMDE2Nw==,,,77.5,,39.2,34.8,22.8,2.5,0.6
대전,30,유성구,30200,고,중일고등학교,,대전광역시 유성구 관평동,UzA2MDAwMDIzMQ==,,,75.3,,13.2,27.3,26.8,29.8,2.9
대전,30,유성구,30200,고,대전도안고등학교,,대전광역시 유성구 원신흥동,UzA2MDAwMTI3NA==,,,75.0,,13.5,37.2,24.0,17.2,8.1
대전,30,유성구,30200,고,대전반석고등학교,,대전광역시 유성구 지족동,UzA2MDAwMTA0OA==,,,74.0,,10.3,41.8,28.9,15.2,3.8
대전,30,유성구,30200,고,유성여자고등학교,,대전광역시 유성구 죽동,UzA2MDAwMDIyOQ==,,,73.8,,23.8,41.1,25.8,7.3,2.0
대전,30,유성구,30200,고,대전전민고등학교,,대전광역시 유성구 전민동,UzA2MDAwMTA4NQ==,,,73.0,,23.9,22.3,13.3,25.0,15.4
대전,30,유성구,30200,고,대전예술고등학교,,대전광역시 유성구 상대동,UzA2MDAwMDE5OQ==,,,71.3,,26.5,29.5,20.5,17.4,6.1
대전,30,유성구,30200,고,대전지족고등학교,,대전광역시 유성구 지족동,UzA2MDAwMTA4OQ==,,,69.1,,22.7,18.2,25.1,20.3,13.7
대전,30,유성구,30200,고,대전노은고등학교,,대전광역시 유성구 노은동,UzA2MDAwMDE4MA==,,,67.5,,10.4,19.9,37.0,28.0,4.7
대전,30,유성구,30200,고,대전용산고등학교,,대전광역시 유성구 용산동,UzA2MDAwMTExMg==,,,66.9,,28.4,27.2,19.8,14.8,9.7
대전,30,서구,30170,고,대전대신고등학교,,대전광역시 서구 복수동,UzA2MDAwMDE4MQ==,,,85.8,,21.3,43.8,30.1,4.8,0.0
대전,30,서구,30170,고,대전외국어고등학교,,대전광역시 서구 내동,UzA2MDAwMDIwMA==,,,84.3,,37.6,46.4,13.6,1.6,0.8
대전,30,서구,30170,고,서대전고등학교,,대전광역시 서구 월평3동,UzA2MDAwMDIxNA==,,,80.5,,37.9,40.7,15.3,5.1,1.1
대전,30,서구,30170,고,대전둔원고등학교,,대전광역시 서구 갈마동,UzA2MDAwMDE4NQ==,,,80.2,,34.2,40.5,18.5,5.0,1.8
대전,30,서구,30170,고,대전만년고등학교,,대전광역시 서구 만년학교길 49,UzA2MDAwMDE4Ng==,,,78.5,,49.5,17.7,16.1,10.9,5.7
대전,30,서구,30170,고,대전둔산여자고등학교,,대전광역시 서구 갈마1동,UzA2MDAwMDE4NA==,,,77.4,,23.9,50.8,13.7,6.6,5.1
대전,30,서구,30170,고,서일여자고등학교,,대전광역시 서구 관저동,UzA2MDAwMDIxOQ==,,,77.1,,49.3,15.7,19.3,13.6,2.1
대전,30,서구,30170,고,대전관저고등학교,,대전광역시 서구 관저동 983,UzA2MDAwMDE3OA==,,,75.9,,40.5,25.6,16.3,10.2,7.4
대전,30,서구,30170,고,서대전여자고등학교,,대전광역시 서구 도마동,UzA2MDAwMDIxNg==,,,74.6,,32.3,38.6,20.5,7.1,1.6
대전,30,서구,30170,고,동방고등학교,,대전광역시 서구 관저동,UzA2MDAwMDIwNw==,,,73.8,,20.3,41.5,24.4,8.9,4.9
대전,30,서구,30170,고,서일고등학교,,대전광역시 서구 관저동,UzA2MDAwMDIxNw==,,,73.3,,20.6,20.0,26.1,27.2,6.1
대전,30,서구,30170,고,한밭고등학교,,대전광역시 서구 갈마동,UzA2MDAwMDIzOQ==,,,71.6,,42.2,27.7,21.8,6.8,1.5
대전,30,서구,30170,고,대전구봉고등학교,,대전광역시 서구 관저동,UzA2MDAwMTA0OQ==,,,71.2,,25.0,28.2,28.6,14.1,4.1
대전,30,서구,30170,고,대전복수고등학교,,대전광역시 서구 복수동,UzA2MDAwMTE3Nw==,,,70.6,,26.9,19.9,15.1,29.0,9.1
대전,30,서구,30170,고,충남고등학교,,대전광역시 서구 둔산동,UzA2MDAwMDIzMw==,,,69.7,,13.7,34.0,29.5,17.2,5.6
대전,30,서구,30170,고,대전제일고등학교,,대전광역시 서구 도마동,UzA2MDAwMDE4Nw==,,,63.9,,50.3,20.9,13.1,5.2,10.5
대전,30,서구,30170,고,대전괴정고등학교,,대전광역시 서구 괴정동,UzA2MDAwMTA4Ng==,,,60.7,,22.6,16.6,21.7,17.4,21.7
대전,30,중구,30140,고,대전대성고등학교,,대전광역시 중구 목동,UzA2MDAwMDE3MQ==,,,79.0,,38.5,40.0,16.4,2.1,3.0
대전,30,중구,30140,고,호수돈여자고등학교,,대전광역시 중구 선화동,UzA2MDAwMDI0Mw==,,,78.7,,24.5,35.9,29.3,8.7,1.6
대전,30,중구,30140,고,대전성모여자고등학교,,대전광역시 중구 대흥동,UzA2MDAwMDE5MQ==,,,74.8,,18.8,30.9,32.9,14.8,2.7
대전,30,중구,30140,고,청란여자고등학교,,대전광역시 중구 부사동,UzA2MDAwMDIzMg==,,,74.2,,13.0,28.2,42.0,15.3,1.5
대전,30,중구,30140,고,충남여자고등학교,,대전 중구 목동,UzA2MDAwMDIzNg==,,,74.1,,9.3,40.7,31.7,13.8,4.5
대전,30,중구,30140,고,대전한빛고등학교,,대전광역시 중구 대둔산로 119-37,UzA2MDAwMDIwNQ==,,,73.8,,10.8,24.0,32.9,20.4,12.0
대전,30,중구,30140,고,대전고등학교,,대전광역시 중구 대흥동,UzA2MDAwMDE3NA==,,,73.0,,35.0,23.2,21.6,10.1,10.1
대전,30,중구,30140,고,대전동산고등학교,,대전 중구 문화동,UzA2MDAwMDE4Mg==,,,71.0,,40.6,19.8,21.3,10.9,7.4
대전,30,중구,30140,고,대전중앙고등학교,,대전광역시 중구 중촌동,UzA2MDAwMDIwMg==,,,68.2,,17.2,33.8,23.2,17.2,8.6
대전,30,중구,30140,고,남대전고등학교,,대전광역시 중구 부사동,UzA2MDAwMDE2Ng==,,,65.8,,22.5,21.9,36.1,18.9,0.6
대전,30,동구,30110,고,동아마이스터고등학교,,대전광역시 동구 자양동,UzA2MDAwMDE4Mw==,,,79.7,,20.8,25.0,43.8,8.3,2.1
대전,30,동구,30110,고,동아마이스터고등학교,,대전광역시 동구 자양동,UzA2MDAwMDE4Mw==,,,79.2,,26.6,29.7,17.2,21.9,4.7
대전,30,동구,30110,고,대전동신과학고등학교,,대전광역시 동구 비룡동,UzA2MDAwMDIwOA==,,,76.6,,56.3,23.8,16.3,3.8,0.0
대전,30,동구,30110,고,대전가오고등학교,,대전광역시 동구 가오동,UzA2MDAwMTE0NQ==,,,75.2,,19.5,32.7,19.0,18.0,10.7
대전,30,동구,30110,고,보문고등학교,,대전광역시 동구 삼성동 269~296,UzA2MDAwMDIxMg==,,,74.5,,30.6,17.1,18.1,21.8,12.4
대전,30,동구,30110,고,동아마이스터고등학교,,대전광역시 동구 자양동,UzA2MDAwMDE4Mw==,,,74.2,,12.5,29.2,20.8,22.9,14.6
대전,30,동구,30110,고,대전여자고등학교,,대전광역시 동구 대동,UzA2MDAwMDE5NA==,,,73.3,,27.9,34.4,20.5,14.0,3.2
대전,30,동구,30110,고,명석고등학교,,대전광역시 동구 가양동,UzA2MDAwMDIxMQ==,,,71.2,,15.0,38.5,28.0,12.0,6.5
대전,30,동구,30110,고,우송고등학교,,대전광역시 동구 자양동,UzA2MDAwMDIyNQ==,,,65.9,,27.8,29.8,26.1,10.6,5.7
대전,30,대덕구,30230,고,신탄진고등학교,,대전광역시 대덕구 신탄진동 137~154,UzA2MDAwMDIyMw==,,,75.3,,19.4,27.8,23.6,20.1,9.0
대전,30,대덕구,30230,고,동대전고등학교,,대전광역시 대덕구 중리동,UzA2MDAwMDIwNg==,,,70.9,,22.1,38.8,21.3,11.8,6.1
대전,30,대덕구,30230,고,대전이문고등학교,,대전 대덕구 석봉동,UzA2MDAwMDIxMw==,,,69.9,,41.9,44.5,10.3,1.9,1.3
대전,30,대덕구,30230,고,대전송촌고등학교,,대전광역시 대덕구 송촌동,UzA2MDAwMDE5Mg==,,,66.5,,15.6,24.8,26.7,24.8,8.0
울산,31,남구,31140,고,울산제일고등학교,,울산 남구 옥동,UzA3MDAwMDExMQ==,,,78.4,,26.5,26.5,23.5,11.2,12.2
울산,31,남구,31140,고,무거고등학교,,울산광역시 남구 무거동,UzA3MDAwMDYxMQ==,,,78.0,,19.5,34.1,22.0,15.4,8.9
울산,31,남구,31140,고,울산여자고등학교,,울산광역시 남구 신정2동 1209-1,UzA3MDAwMDEwNg==,,,77.8,,18.5,28.7,29.4,15.8,7.5
울산,31,남구,31140,고,우신고등학교,,울산 남구 무거2동,UzA3MDAwMDA5NQ==,,,77.0,,34.2,26.7,25.0,13.3,0.8
울산,31,남구,31140,고,삼산고등학교,,울산광역시 남구 삼산동,UzA3MDAwMDU2Mg==,,,76.6,,21.2,29.6,20.4,15.5,13.3
울산,31,남구,31140,고,울산강남고등학교,,울산광역시 남구 신정동,UzA3MDAwMDY3NQ==,,,76.4,,23.9,27.0,20.7,13.1,15.3
울산,31,남구,31140,고,성광여자고등학교,,울산광역시 남구 무거동,UzA3MDAwMDA4OQ==,,,75.7,,19.8,26.4,20.7,17.4,15.7
울산,31,남구,31140,고,학성고등학교,,울산 남구 신정2동,UzA3MDAwMDExNw==,,,74.5,,37.5,24.1,20.5,7.6,10.3
울산,31,남구,31140,고,신선여자고등학교,,울산광역시 남구 야음동,UzA3MDAwMDU2NA==,,,71.6,,7.3,22.7,28.6,24.1,17.3
울산,31,남구,31140,고,대현고등학교,,울산광역시 남구 야음동,UzA3MDAwMDU2Mw==,,,69.2,,10.0,32.0,20.8,13.9,23.4
울산,31,남구,31140,고,신정고등학교,,울산 남구 신정2동,UzA3MDAwMDA5MQ==,,,68.6,,6.8,23.2,20.4,19.2,30.4
울산,31,남구,31140,고,문수고등학교,,울산 남구 무거1동,UzA3MDAwMDA4MA==,,,68.3,,9.9,20.7,20.7,19.0,29.8
울산,31,울주군,31710,고,울산경의고등학교,,울산 울주군 상북면 산전리,UzA3MDAwMDA5Nw==,,,80.1,,25.7,29.9,23.6,14.6,6.3
울산,31,울주군,31710,고,범서고등학교,,울산광역시 울주군 범서읍 구영리,UzA3MDAwMDY1NA==,,,77.7,,25.8,24.2,23.2,16.1,10.6
울산,31,울주군,31710,고,울산예술고등학교,,울산 울주군 웅촌면 대복리,UzA3MDAwMDEwOA==,,,75.6,,36.4,10.4,16.9,15.6,20.8
울산,31,울주군,31710,고,울산과학고등학교,,울산광역시 울주군 상북면 산전리,UzA3MDAwMDU0OQ==,,,73.8,,26.4,36.1,23.6,11.1,2.8
울산,31,울주군,31710,고,언양고등학교,,울산광역시 울주군 언양읍,UzA3MDAwMDcwMw==,,,73.7,,23.6,34.4,32.5,6.4,3.2
울산,31,울주군,31710,고,남창고등학교,,울산광역시 울주군 온양읍 운화리,UzA3MDAwMDA4MQ==,,,71.7,,13.1,20.3,22.6,22.6,21.3
울산,31,울주군,31710,고,천상고등학교,,울산광역시 울주군 범서읍,UzA3MDAwMDcwMg==,,,71.1,,7.4,27.1,19.4,26.1,20.0
울산,31,울주군,31710,고,온산고등학교,,울산광역시 울주군 온산읍 명봉거남로 76,UzA3MDAwMDczNg==,,,69.6,,12.7,23.7,15.3,25.4,22.9
울산,31,중구,31110,고,다운고등학교,,울산광역시 중구 다운동,UzA3MDAwMDU0OA==,,,79.4,,28.3,29.2,20.4,14.2,8.0
울산,31,중구,31110,고,약사고등학교,,울산광역시 중구 약사동,UzA3MDAwMDcwNg==,,,78.5,,19.8,32.4,30.0,14.0,3.9
울산,31,중구,31110,고,성신고등학교,,울산광역시 중구 복산동,UzA3MDAwMDA5MA==,,,77.8,,14.6,38.5,27.8,14.6,4.4
울산,31,중구,31110,고,울산고등학교,,울산광역시 중구 복산2동 361~395,UzA3MDAwMDA5OA==,,,76.8,,21.9,26.2,23.0,14.2,14.8
울산,31,중구,31110,고,학성여자고등학교,,울산광역시 중구 약사동,UzA3MDAwMDExOQ==,,,76.7,,21.3,31.9,17.7,15.6,13.5
울산,31,중구,31110,고,울산중앙고등학교,,울산 중구 태화동,UzA3MDAwMDExMw==,,,76.0,,12.3,29.9,30.5,18.2,9.1
울산,31,중구,31110,고,울산가온고등학교,,울산광역시 중구 반구1동,UzA3MDAwMDExNA==,,,73.6,,17.0,25.2,23.3,15.1,19.5
울산,31,중구,31110,고,함월고등학교,,울산 중구 유곡동,UzA3MDAwMDU0Ng==,,,72.3,,16.4,29.5,19.1,13.7,21.3
울산,31,동구,31170,고,현대청운고등학교,,울산광역시 동구 서부동 279~314,UzA3MDAwMDEyNA==,,,83.5,,17.1,57.7,21.7,2.9,0.6
울산,31,동구,31170,고,현대고등학교,,울산광역시 동구 서부동,UzA3MDAwMDEyMA==,,,81.7,,35.6,26.5,16.9,16.0,5.0
울산,31,동구,31170,고,방어진고등학교,,울산광역시 동구 화정동,UzA3MDAwMDA4NQ==,,,72.8,,26.4,21.4,32.3,15.9,4.1
울산,31,동구,31170,고,대송고등학교,,울산광역시 동구 화정동,UzA3MDAwMDA4Mw==,,,71.6,,12.6,23.2,18.7,24.0,21.5
울산,31,동구,31170,고,남목고등학교,,울산 동구 서부동,UzA3MDAwMDU1MA==,,,68.3,,8.3,19.4,20.7,22.1,29.5
울산,31,동구,31170,고,문현고등학교,,울산광역시 동구 방어동,UzA3MDAwMDYxMw==,,,66.6,,8.5,15.9,19.0,24.9,31.7
울산,31,동구,31170,고,화암고등학교,,울산광역시 동구 방어동,UzA3MDAwMDEyNg==,,,65.2,,10.7,12.0,22.0,13.3,42.0
울산,31,북구,31200,고,울산에너지고등학교,,울산광역시 북구 화봉동,UzA3MDAwMDExNQ==,,,85.3,,35.3,46.1,13.7,2.9,2.0
울산,31,북구,31200,고,울산외국어고등학교,,울산광역시 북구 중산동,UzA3MDAwMDY3Mw==,,,83.1,,30.9,46.9,21.0,0.6,0.6
울산,31,북구,31200,고,울산마이스터고등학교,,울산광역시 북구 효문동,UzA3MDAwMDExMA==,,,82.7,,22.4,43.9,27.6,6.1,0.0
울산,31,북구,31200,고,달천고등학교,,울산광역시 북구 달천동,UzA3MDAwMDY1OQ==,,,80.2,,25.6,32.3,22.8,13.3,6.0
울산,31,북구,31200,고,울산동천고등학교,,울산 북구 천곡동,UzA3MDAwMDA4Mg==,,,78.8,,26.4,26.1,24.6,13.4,9.4
울산,31,북구,31200,고,매곡고등학교,,울산광역시 북구 매곡동,UzA3MDAwMDcwMQ==,,,74.4,,19.6,27.7,20.0,14.5,18.3
울산,31,북구,31200,고,무룡고등학교,,울산광역시 북구 연암동,UzA3MDAwMDA4NA==,,,74.2,,27.1,16.7,18.1,18.6,19.5
울산,31,북구,31200,고,화봉고등학교,,울산광역시 북구 화봉동,UzA3MDAwMDY4OA==,,,74.2,,10.0,28.0,26.5,26.1,9.5
울산,31,북구,31200,고,호계고등학교,,울산광역시 북구 호계동,UzA3MDAwMDYxNA==,,,71.7,,15.2,22.2,20.2,19.4,23.0
울산,31,북구,31200,고,강동고등학교,,울산광역시 북구 산하동,UzA3MDAwMDc1OQ==,,,71.0,,4.2,18.6,32.2,28.8,16.1
울산,31,북구,31200,고,효정고등학교,,울산광역시 북구 효문동,UzA3MDAwMDEyOA==,,,71.0,,13.0,24.4,21.1,19.5,22.0
울산,31,북구,31200,고,울산스포츠과학고등학교,,울산광역시 북구 산하동,UzA3MDAwMDcwNA==,,,59.9,,3.3,14.8,14.8,14.8,52.5
세종,36,세종특별자치시,36110,고,세종국제고등학교,,세종특별자치시  아름동,UzA4MDAwMDEyMA==,,,90.5,,68.3,28.7,3.0,0.0,0.0
세종,36,세종특별자치시,36110,고,세종예술고등학교,,세종특별자치시  세종동,UzA4MDAwMDE0Nw==,,,84.9,,32.9,42.1,19.7,3.9,1.3
세종,36,세종특별자치시,36110,고,세종대성고등학교,,세종특별자치시 어진동,UzA4MDAwMDA2OA==,,,81.2,,33.8,27.9,16.9,16.0,5.5
세종,36,세종특별자치시,36110,고,양지고등학교,,세종특별자치시  갈매로 518,UzA4MDAwMDE1MA==,,,81.1,,32.4,29.9,22.1,8.2,7.4
세종,36,세종특별자치시,36110,고,아름고등학교,,세종특별자치시 아름동,UzA4MDAwMDEwNw==,,,80.7,,20.8,45.8,19.6,6.9,6.9
세종,36,세종특별자치시,36110,고,종촌고등학교,,세종특별자치시 종촌동,UzA4MDAwMDE0NA==,,,79.6,,31.1,26.6,20.4,12.3,9.6
세종,36,세종특별자치시,36110,고,새롬고등학교,,세종특별자치시  새롬서로 68,UzA4MDAwMDE2Mg==,,,77.2,,23.1,26.3,24.0,15.3,11.4
세종,36,세종특별자치시,36110,고,다정고등학교,,세종특별자치시 다정동,UzA4MDAwMDIwMQ==,,,76.9,,17.8,33.9,20.5,20.8,7.0
세종,36,세종특별자치시,36110,고,고운고등학교,,세종특별자치시  고운동,UzA4MDAwMDE0NQ==,,,76.3,,21.7,28.1,26.0,7.7,16.6
세종,36,세종특별자치시,36110,고,보람고등학교,,세종특별자치시  한누리대로 2176,UzA4MDAwMDE2MQ==,,,75.9,,51.6,16.8,10.3,5.9,15.4
세종,36,세종특별자치시,36110,고,도담고등학교,,세종특별자치시 도담동,UzA4MDAwMDExOQ==,,,75.2,,20.7,24.9,20.2,16.0,18.3
세종,36,세종특별자치시,36110,고,두루고등학교,,세종특별자치시  마음안1로 53,UzA4MDAwMDE1Ng==,,,75.2,,19.4,30.0,17.8,13.4,19.4
세종,36,세종특별자치시,36110,고,세종여자고등학교,,세종특별자치시  조치원읍 서창리,UzA4MDAwMDA2OQ==,,,73.9,,17.2,26.9,22.4,17.2,16.4
세종,36,세종특별자치시,36110,고,한솔고등학교,,세종특별자치시  누리로 34,UzA4MDAwMDA3MQ==,,,73.6,,21.3,29.2,25.5,19.4,4.6
세종,36,세종특별자치시,36110,고,반곡고등학교,,세종특별자치시 반곡동,UzA4MDAwMDIwMA==,,,73.2,,4.3,35.5,25.1,19.0,16.1
세종,36,세종특별자치시,36110,고,해밀고등학교,,세종특별자치시  해밀동,UzA4MDAwMDI0MA==,,,72.5,,21.8,26.9,25.6,19.2,6.4
세종,36,세종특별자치시,36110,고,세종캠퍼스고등학교,,세종특별자치시 산울동 180,UzA4MDAwMDMxMA==,,,72.4,,19.0,34.9,23.1,14.5,8.6
세종,36,세종특별자치시,36110,고,세종고등학교,,세종특별자치시 조치원읍 서창리,UzA4MDAwMDA3Ng==,,,67.9,,26.1,17.4,8.3,9.2,39.0
세종,36,세종특별자치시,36110,고,소담고등학교,,세종특별자치시 소담동,UzA4MDAwMDE2MA==,,,66.8,,6.7,23.9,40.3,25.0,4.1
세종,36,세종특별자치시,36110,고,세종여자고등학교,,세종특별자치시  조치원읍 서창리,UzA4MDAwMDA2OQ==,,,61.5,,2.9,28.6,11.4,11.4,45.7
경기,41,과천시,41290,고,과천외국어고등학교,,경기도 과천시 중앙동,UzA5MDAwMDQ3NA==,,,92.5,,80.9,17.1,1.2,0.8,0.0
경기,41,과천시,41290,고,과천고등학교,,경기도 과천시 꿈보람길 26,UzA5MDAwMDQ3Mg==,,,76.0,,35.0,21.3,15.0,8.1,20.6
경기,41,과천시,41290,고,과천여자고등학교,,경기도 과천시 희망길 36,UzA5MDAwMDQ3Mw==,,,75.0,,18.3,29.3,20.7,14.6,17.1
경기,41,과천시,41290,고,과천중앙고등학교,,경기도 과천시 갈현동,UzA5MDAwMDQ3NQ==,,,72.4,,26.7,31.7,17.2,15.0,9.4
경기,41,하남시,41450,고,하남고등학교,,경기도 하남시 미사강변남로 39,UzA5MDAwMDg0OA==,,,82.7,,17.8,50.8,27.1,4.0,0.3
경기,41,하남시,41450,고,위례고등학교,,경기도 하남시 학암동,UzA5MDAwNzAxNA==,,,80.7,,30.8,33.5,19.5,7.9,8.3
경기,41,하남시,41450,고,감일고등학교,,경기도 하남시 감일순환로 165,UzA5MDAwNzQwOA==,,,80.0,,31.1,26.7,21.1,12.6,8.5
경기,41,하남시,41450,고,미사고등학교,,경기도 하남시 망월동,UzA5MDAwNjgxMA==,,,75.9,,9.7,30.0,33.4,20.9,5.9
경기,41,하남시,41450,고,풍산고등학교,,경기도 하남시 덕풍동,UzA5MDAwNjU0MQ==,,,75.6,,13.8,27.6,31.3,17.5,9.8
경기,41,하남시,41450,고,신장고등학교,,경기도 하남시 신장동,UzA5MDAwNDkxNg==,,,72.3,,4.5,23.7,31.8,28.2,11.7
경기,41,하남시,41450,고,미사강변고등학교,,경기도 하남시 미사강변한강로 75,UzA5MDAwNjkxOQ==,,,71.5,,10.9,17.2,30.3,21.3,20.3
경기,41,하남시,41450,고,남한고등학교,,경기도 하남시 덕풍1동,UzA5MDAwMDUyMA==,,,67.8,,14.5,29.8,30.2,20.2,5.4
경기,41,동탄구,41597,고,동탄국제고등학교,,경기도 화성시 반송동,UzA5MDAwNjU3Nw==,,,83.9,,23.1,52.3,19.6,4.5,0.5
경기,41,동탄구,41597,고,동탄고등학교,,경기도 화성시 동탄공원로1길 26-7,UzA5MDAwNTQ1OQ==,,,81.7,,26.5,37.2,23.8,9.0,3.5
경기,41,동탄구,41597,고,창의고등학교,,경기도 화성시 동탄면 목리,UzA5MDAwNzEzMQ==,,,78.6,,26.2,24.0,24.5,16.9,8.5
경기,41,동탄구,41597,고,능동고등학교,,경기도 화성시 능동,UzA5MDAwNTgwOA==,,,78.5,,18.8,30.9,29.8,14.0,6.6
경기,41,동탄구,41597,고,동탄중앙고등학교,,경기도 화성시 동탄대로시범길 167,UzA5MDAwNjgxMg==,,,76.8,,15.7,33.3,25.1,17.4,8.5
경기,41,동탄구,41597,고,예당고등학교,,경기도 화성시 삼성1로 47,UzA5MDAwNTU4MA==,,,76.4,,19.9,21.4,23.5,27.5,7.6
경기,41,동탄구,41597,고,이솔고등학교,,경기도 화성시 동탄순환대로7길 10,UzA5MDAwNzU2OA==,,,74.9,,32.4,18.4,23.2,17.1,8.9
경기,41,동탄구,41597,고,정현고등학교,,경기도 화성시 동탄산척로 93-10,UzA5MDAwNzI0Mw==,,,74.9,,19.5,25.9,20.5,14.1,20.0
경기,41,동탄구,41597,고,한백고등학교,,경기도 화성시 동탄순환대로26길 21,UzA5MDAwNjgxMQ==,,,73.9,,11.0,31.2,22.9,17.8,17.0
경기,41,동탄구,41597,고,반송고등학교,,경기도 화성시 반송동,UzA5MDAwNTU3OA==,,,73.6,,6.0,29.0,29.3,23.9,11.9
경기,41,동탄구,41597,고,이산고등학교,,경기도 화성시 동탄기흥로353번길 61,UzA5MDAwNzEzMA==,,,73.6,,24.6,22.8,16.5,10.1,26.1
경기,41,동탄구,41597,고,서연고등학교,,경기도 화성시 동탄대로4가길 6,UzA5MDAwNzMxNg==,,,73.1,,23.4,20.8,15.4,16.0,24.3
경기,41,동탄구,41597,고,치동고등학교,,경기도 화성시 동탄순환대로 881-15,UzA5MDAwNzg2Mw==,,,69.1,,24.0,15.4,11.5,13.5,35.6
경기,41,동탄구,41597,고,신동고등학교,,경기도 화성시 동탄신동 2길 5,UzA5MDAwNzkxNg==,,,67.8,,26.5,15.4,12.0,3.4,42.7
경기,41,동탄구,41597,고,나루고등학교,,경기도 화성시 반송동,UzA5MDAwNTY1NQ==,,,65.0,,13.6,7.6,17.4,16.7,44.7
경기,41,가평군,41820,고,청심국제고등학교,,경기도 가평군 설악면 송산리,UzA5MDAwNTI4Ng==,,,92.5,,88.5,11.5,0.0,0.0,0.0
경기,41,가평군,41820,고,조종고등학교,,경기도 가평군 하면 현3리,UzA5MDAwMDc5Ng==,,,77.7,,0.0,57.1,28.6,14.3,0.0
경기,41,가평군,41820,고,청평고등학교,,경기도 가평군 청평면 청평8리,UzA5MDAwMDgxNw==,,,76.9,,18.4,36.8,23.7,10.5,10.5
경기,41,가평군,41820,고,조종고등학교,,경기도 가평군 하면 현3리,UzA5MDAwMDc5Ng==,,,71.1,,5.9,27.5,23.5,17.6,25.5
경기,41,가평군,41820,고,설악고등학교,,경기도 가평군 설악면 신천리,UzA5MDAwMDYwOQ==,,,67.0,,8.2,20.4,16.3,20.4,34.7
경기,41,가평군,41820,고,가평고등학교,,경기도 가평군 가평읍 대곡1리,UzA5MDAwMDQ0NQ==,,,64.6,,4.8,17.5,21.7,22.2,33.9
경기,41,가평군,41820,고,청평고등학교,,경기도 가평군 청평면 청평8리,UzA5MDAwMDgxNw==,,,61.2,,11.1,5.6,5.6,33.3,44.4
경기,41,동안구,41173,고,백영고등학교,,경기도 안양시 동안구 평촌동,UzA5MDAwMDU2OA==,,,81.5,,32.0,52.2,11.1,4.4,0.3
경기,41,동안구,41173,고,경기게임마이스터고등학교,,경기 안양시 동안구 비산동,UzA5MDAwMDQ3Ng==,,,80.2,,40.9,39.4,15.2,3.0,1.5
경기,41,동안구,41173,고,평촌고등학교,,경기도 안양시 동안구 호계동,UzA5MDAwMDgzNA==,,,77.3,,21.9,38.2,24.9,10.1,5.0
경기,41,동안구,41173,고,부흥고등학교,,경기도 안양시 동안구 부흥동,UzA5MDAwMDU4Ng==,,,76.9,,24.3,26.6,22.5,13.0,13.6
경기,41,동안구,41173,고,동안고등학교,,경기도 안양시 동안구 부림로 71,UzA5MDAwMDU0MQ==,,,72.5,,20.9,27.5,26.6,20.6,4.4
경기,41,동안구,41173,고,인덕원고등학교,,경기도 안양시 동안구 안양판교로 43,UzA5MDAwNDkwNQ==,,,69.4,,14.0,22.2,17.9,18.7,27.2
경기,41,동안구,41173,고,관양고등학교,,경기도 안양시 동안구 관양1동,UzA5MDAwMDQ3Nw==,,,68.7,,29.0,22.0,18.5,14.3,16.1
경기,41,수지구,41465,고,수지고등학교,,경기도 용인시 수지구 풍덕천1동,UzA5MDAwMDY1NQ==,,,80.0,,26.9,28.7,24.6,12.2,7.6
경기,41,수지구,41465,고,성복고등학교,,경기도 용인시 수지구 성복동,UzA5MDAwNTkwNA==,,,74.7,,23.6,22.2,20.4,15.2,18.7
경기,41,수지구,41465,고,죽전고등학교,,경기 용인시 수지구 죽전2동,UzA5MDAwMDgwMQ==,,,74.2,,26.5,44.4,18.2,9.2,1.7
경기,41,수지구,41465,고,신봉고등학교,,경기도 용인시 수지구 신봉동,UzA5MDAwNjUyNQ==,,,74.0,,39.2,24.5,18.9,10.7,6.7
경기,41,수지구,41465,고,용인홍천고등학교,,경기도 용인시 수지구 신봉동,UzA5MDAwNTQxNg==,,,72.7,,42.5,23.5,16.1,10.7,7.2
경기,41,수지구,41465,고,현암고등학교,,경기도 용인시 수지구 죽전동,UzA5MDAwNTQxNQ==,,,72.1,,7.2,41.2,32.5,12.9,6.2
경기,41,수지구,41465,고,서원고등학교,,경기도 용인시 수지구 상현로42번길 26-7,UzA5MDAwNDg5Mw==,,,71.8,,33.0,20.4,20.1,19.6,7.0
경기,41,수지구,41465,고,풍덕고등학교,,경기도 용인시 수지구 풍덕천2동 1116~1165,UzA5MDAwMDg0NA==,,,70.9,,14.9,21.9,26.0,21.9,15.4
경기,41,수지구,41465,고,상현고등학교,,경기도 용인시 수지구 상현동,UzA5MDAwNjUyMg==,,,70.5,,17.6,28.1,29.1,15.0,10.2
경기,41,수지구,41465,고,대지고등학교,,경기도 용인시 수지구 죽전1동,UzA5MDAwNTQ1OA==,,,69.1,,15.7,30.8,20.7,16.1,16.7
경기,41,분당구,41135,고,성남외국어고등학교,,경기도 성남시 분당구 백현동,UzA5MDAwNTI4Mg==,,,87.7,,48.3,38.4,11.3,1.0,1.0
경기,41,분당구,41135,고,계원예술고등학교,,경기도 성남시 분당구 정자동,UzA5MDAwMDQ2Ng==,,,86.6,,38.0,47.1,13.2,0.8,0.8
경기,41,분당구,41135,고,분당대진고등학교,,경기도 성남시 분당구 분당동,UzA5MDAwMDU4OA==,,,82.6,,46.5,28.8,18.4,4.2,2.1
경기,41,분당구,41135,고,계원예술고등학교,,경기도 성남시 분당구 정자동,UzA5MDAwMDQ2Ng==,,,80.6,,25.6,30.8,33.3,5.1,5.1
경기,41,분당구,41135,고,낙생고등학교,,경기도 성남시 분당구 판교동,UzA5MDAwMDUxNQ==,,,80.5,,41.2,28.2,20.0,7.3,3.3
경기,41,분당구,41135,고,분당중앙고등학교,,경기도 성남시 분당구 정자동,UzA5MDAwMDU5MA==,,,79.5,,47.7,39.4,10.1,1.8,0.9
경기,41,분당구,41135,고,한솔고등학교,,경기도 성남시 분당구 정자동,UzA5MDAwMDg1OA==,,,78.9,,23.8,31.6,25.4,10.7,8.6
경기,41,분당구,41135,고,분당영덕여자고등학교,,경기도 성남시 분당구 야탑동,UzA5MDAwMDcyOQ==,,,78.2,,15.8,35.1,35.6,12.6,0.9
경기,41,분당구,41135,고,서현고등학교,,경기도 성남시 분당구 서현동,UzA5MDAwMDYwOA==,,,77.9,,36.8,24.4,9.6,8.8,20.4
경기,41,분당구,41135,고,야탑고등학교,,경기도 성남시 분당구 야탑동,UzA5MDAwMDcwMg==,,,76.0,,13.9,49.4,25.5,11.2,0.0
경기,41,분당구,41135,고,이매고등학교,,경기도 성남시 분당구 이매동,UzA5MDAwMDc1OQ==,,,75.4,,36.6,26.4,17.2,7.5,12.3
경기,41,분당구,41135,고,계원예술고등학교,,경기도 성남시 분당구 정자동,UzA5MDAwMDQ2Ng==,,,74.3,,0.0,35.9,41.0,17.9,5.1
경기,41,분당구,41135,고,늘푸른고등학교,,경기도 성남시 분당구 정자동,UzA5MDAwNDg5Nw==,,,73.5,,11.9,34.9,22.5,13.3,17.4
경기,41,분당구,41135,고,불곡고등학교,,경기도 성남시 분당구 구미동,UzA5MDAwMDU5MQ==,,,73.3,,40.4,20.0,16.9,15.1,7.6
경기,41,분당구,41135,고,태원고등학교,,경기도 성남시 분당구 야탑동,UzA5MDAwMDgyMw==,,,73.2,,22.8,27.2,31.8,15.6,2.6
경기,41,분당구,41135,고,보평고등학교,,경기도 성남시 분당구 백현동,UzA5MDAwNTgzNg==,,,71.2,,21.3,31.5,20.8,16.2,10.2
경기,41,분당구,41135,고,돌마고등학교,,경기도 성남시 분당구 이매동,UzA5MDAwNDc2OA==,,,70.8,,47.7,12.4,22.9,14.7,2.3
경기,41,분당구,41135,고,계원예술고등학교,,경기도 성남시 분당구 정자동,UzA5MDAwMDQ2Ng==,,,70.7,,7.0,18.4,30.7,21.9,21.9
경기,41,분당구,41135,고,송림고등학교,,경기 성남시 분당구 이매동,UzA5MDAwMDYzMw==,,,70.4,,18.0,18.4,39.3,16.3,7.9
경기,41,분당구,41135,고,운중고등학교,,경기도 성남시 분당구 운중동,UzA5MDAwNTg0NA==,,,70.1,,14.7,21.3,16.8,22.3,24.9
경기,41,분당구,41135,고,판교고등학교,,경기도 성남시 분당구 동판교로 257,UzA5MDAwNTkwMQ==,,,69.7,,18.9,25.5,26.5,13.3,15.8
경기,41,분당구,41135,고,수내고등학교,,경기도 성남시 분당구 수내동,UzA5MDAwMDYzOQ==,,,67.9,,19.2,25.4,20.7,24.4,10.3
경기,41,분당구,41135,고,분당고등학교,,경기도 성남시 분당구 수내동,UzA5MDAwMDU4Nw==,,,66.2,,8.1,20.7,18.3,17.5,35.4
경기,41,영통구,41117,고,수원하이텍고등학교,,경기도 수원시 영통구 영통동,UzA5MDAwMDgzMw==,,,82.6,,21.7,44.1,26.6,6.3,1.4
경기,41,영통구,41117,고,수원외국어고등학교,,경기도 수원시 영통구 이의동,UzA5MDAwNTI4NA==,,,81.0,,18.7,41.6,29.2,8.6,1.9
경기,41,영통구,41117,고,청명고등학교,,경기도 수원시 영통구 영통동,UzA5MDAwMDgxNQ==,,,80.4,,30.8,28.7,25.3,6.6,8.7
경기,41,영통구,41117,고,영덕고등학교,,경기도 수원시 영통구 영통동,UzA5MDAwMDcyOA==,,,78.1,,24.7,27.5,24.7,11.7,11.3
경기,41,영통구,41117,고,매탄고등학교,,경기도 수원시 영통구 매탄3동,UzA5MDAwNDkwMg==,,,78.0,,32.8,29.2,16.9,8.4,12.7
경기,41,영통구,41117,고,태장고등학교,,경기도 수원시 영통구 영통동,UzA5MDAwMDgyNA==,,,77.7,,24.9,36.5,22.1,11.9,4.6
경기,41,영통구,41117,고,이의고등학교,,경기도 수원시 영통구 하동,UzA5MDAwNjgxMw==,,,77.3,,15.3,33.7,25.0,16.7,9.4
경기,41,영통구,41117,고,효원고등학교,,경기도 수원시 영통구 매탄3동,UzA5MDAwMDg3Mw==,,,76.6,,16.6,39.3,27.6,12.3,4.2
경기,41,영통구,41117,고,광교고등학교,,경기도 수원시 영통구 이의동,UzA5MDAwNTk4NA==,,,76.3,,20.8,27.9,21.3,16.3,13.8
경기,41,영통구,41117,고,망포고등학교,,경기도 수원시 영통구 망포동,UzA5MDAwNTU3Ng==,,,73.9,,37.5,15.8,24.1,16.6,5.9
경기,41,영통구,41117,고,매원고등학교,,경기도 수원시 영통구 매탄동,UzA5MDAwNTU3Nw==,,,72.6,,21.1,21.1,16.4,16.4,25.0
경기,41,구리시,41310,고,인창고등학교,,경기도 구리시 인창동,UzA5MDAwMDc2OQ==,,,82.1,,29.6,35.7,20.2,8.9,5.6
경기,41,구리시,41310,고,토평고등학교,,경기도 구리시 장자대로111번길 41,UzA5MDAwMDgyNQ==,,,74.5,,18.9,24.4,19.4,21.9,15.4
경기,41,구리시,41310,고,갈매고등학교,,경기도 구리시 갈매순환로 75,UzA5MDAwNjkwNg==,,,72.4,,20.9,26.8,15.5,11.8,25.0
경기,41,구리시,41310,고,구리여자고등학교,,경기도 구리시 토평동,UzA5MDAwMDQ5Nw==,,,69.2,,33.8,23.4,19.3,8.3,15.2
경기,41,구리시,41310,고,수택고등학교,,경기도 구리시 수택동,UzA5MDAwMDY1Ng==,,,68.6,,8.7,20.3,25.1,17.4,28.5
경기,41,구리시,41310,고,구리고등학교,,경기도 구리시 수택3동,UzA5MDAwMDQ5Ng==,,,67.5,,14.7,21.8,13.7,12.8,37.0
경기,41,구리시,41310,고,서울삼육고등학교,,경기도 구리시 교문동,UzA5MDAwMDYwNg==,,,64.0,,25.7,14.0,18.1,10.5,31.6
경기,41,양평군,41830,고,양서고등학교,,경기도 양평군 양서면 용담리,UzA5MDAwMDcwNw==,,,81.9,,21.4,46.4,21.4,7.7,3.2
경기,41,양평군,41830,고,양평고등학교,,경기도 양평군 양평읍 양근1리,UzA5MDAwMDcxNg==,,,79.8,,19.3,42.1,27.9,5.7,5.0
경기,41,양평군,41830,고,양일고등학교,,경기도 양평군 양평읍 양근리,UzA5MDAwMDcxMQ==,,,78.9,,22.2,32.4,26.9,12.0,6.5
경기,41,양평군,41830,고,청운고등학교,,경기도 양평군 청운면 용두리,UzA5MDAwMDgxNg==,,,76.9,,40.0,10.0,20.0,15.0,15.0
경기,41,양평군,41830,고,양평고등학교,,경기도 양평군 양평읍 양근1리,UzA5MDAwMDcxNg==,,,73.5,,4.4,33.3,35.6,13.3,13.3
경기,41,양평군,41830,고,용문고등학교,,경기도 양평군 용문면 마룡리,UzA5MDAwMDczOQ==,,,72.2,,11.2,21.1,29.2,21.1,17.4
경기,41,양평군,41830,고,지평고등학교,,경기도 양평군 지평면 지평리,UzA5MDAwMDgwNQ==,,,70.7,,9.1,9.1,36.4,40.9,4.5
경기,41,양평군,41830,고,지평고등학교,,경기도 양평군 지평면 지평리,UzA5MDAwMDgwNQ==,,,66.4,,0.0,5.6,33.3,44.4,16.7
경기,41,양평군,41830,고,양동고등학교,,경기도 양평군 양동면 학둔지윗길 47-7,UzA5MDAwMDcwNA==,,,59.3,,11.1,8.3,8.3,19.4,52.8
경기,41,양평군,41830,고,양동고등학교,,경기도 양평군 양동면 학둔지윗길 47-7,UzA5MDAwMDcwNA==,,,55.9,,4.5,4.5,18.2,13.6,59.1
경기,41,일산동구,41285,고,고양국제고등학교,,경기도 고양시 일산동구 식사동,UzA5MDAwNjU2MQ==,,,91.6,,73.1,21.9,4.5,0.5,0.0
경기,41,일산동구,41285,고,백마고등학교,,경기도 고양시 일산동구 백석로 155,UzA5MDAwMDU2Mw==,,,78.0,,23.4,27.6,23.0,15.3,10.7
경기,41,일산동구,41285,고,풍동고등학교,,경기도 고양시 일산동구 숲속마을로 119,UzA5MDAwNDkxMg==,,,76.0,,18.5,30.0,21.1,15.9,14.5
경기,41,일산동구,41285,고,정발고등학교,,경기도 고양시 일산동구 마두동,UzA5MDAwMDc5MQ==,,,75.8,,26.8,24.4,17.1,8.9,22.8
경기,41,일산동구,41285,고,백신고등학교,,경기도 고양시 일산동구 백석로 8,UzA5MDAwMDU2NQ==,,,75.3,,22.4,29.7,17.5,12.2,18.3
경기,41,일산동구,41285,고,저현고등학교,,경기도 고양시 일산동구 식사동 1000~9999,UzA5MDAwNjU2Mg==,,,74.9,,25.5,21.7,21.7,13.3,17.9
경기,41,일산동구,41285,고,저동고등학교,,경기도 고양시 일산동구 무궁화로 165,UzA5MDAwMDc4Mw==,,,74.2,,30.0,24.3,11.0,11.8,22.8
경기,41,일산동구,41285,고,안곡고등학교,,경기도 고양시 일산동구 중산동,UzA5MDAwNTYwMA==,,,73.6,,19.0,25.8,16.1,19.4,19.7
경기,41,일산동구,41285,고,중산고등학교,,경기도 고양시 일산동구 중산동,UzA5MDAwMDgwMg==,,,72.1,,18.4,22.0,20.0,16.4,23.2
경기,41,일산동구,41285,고,백석고등학교,,경기도 고양시 일산동구 마두2동,UzA5MDAwMDU2NA==,,,67.9,,4.4,23.6,30.8,11.2,30.0
경기,41,일산동구,41285,고,세원고등학교,,경기도 고양시 일산동구 숲속마을로 202,UzA5MDAwMDYyNw==,,,64.2,,16.4,18.2,9.7,16.4,39.4
경기,41,일산서구,41287,고,가좌고등학교,,경기도 고양시 일산서구 가좌동,UzA5MDAwNTM4MA==,,,75.4,,20.0,33.1,15.1,13.1,18.8
경기,41,일산서구,41287,고,일산대진고등학교,,경기도 고양시 일산구 대화동,UzA5MDAwMDc3Mg==,,,75.2,,18.1,28.8,22.4,14.2,16.4
경기,41,일산서구,41287,고,고양예술고등학교,,경기도 고양시 일산서구 덕이로172번길 4-39,UzA5MDAwNTQxOA==,,,74.6,,7.1,34.5,28.6,16.7,13.1
경기,41,일산서구,41287,고,고양예술고등학교,,경기도 고양시 일산서구 덕이로172번길 4-39,UzA5MDAwNTQxOA==,,,73.2,,9.8,22.0,36.6,14.6,17.1
경기,41,일산서구,41287,고,대화고등학교,,경기도 고양시 일산서구 대화동 1~1994,UzA5MDAwNTkwNQ==,,,73.1,,16.4,23.2,24.4,17.2,18.8
경기,41,일산서구,41287,고,덕이고등학교,,경기도 고양시 일산서구 덕이동,UzA5MDAwNjUxOA==,,,72.4,,32.7,17.1,15.9,19.2,15.1
경기,41,일산서구,41287,고,일산동고등학교,,경기도 고양시 일산서구 탄현동,UzA5MDAwMDc3Mw==,,,70.4,,17.4,21.1,17.7,17.0,26.8
경기,41,일산서구,41287,고,고양예술고등학교,,경기도 고양시 일산서구 덕이로172번길 4-39,UzA5MDAwNTQxOA==,,,68.7,,0.0,26.8,26.8,19.5,26.8
경기,41,일산서구,41287,고,주엽고등학교,,경기도 고양시 일산서구 대화동,UzA5MDAwMDc5Nw==,,,68.1,,13.2,23.3,16.7,16.7,30.2
경기,41,일산서구,41287,고,백송고등학교,,경기 고양시 일산서구 덕이동,UzA5MDAwMDQ2OA==,,,64.9,,9.0,11.5,18.9,22.1,38.5
경기,41,일산서구,41287,고,고양예술고등학교,,경기도 고양시 일산서구 덕이로172번길 4-39,UzA5MDAwNTQxOA==,,,62.7,,0.0,11.1,22.2,30.6,36.1
경기,41,일산서구,41287,고,고양예술고등학교,,경기도 고양시 일산서구 덕이로172번길 4-39,UzA5MDAwNTQxOA==,,,59.2,,0.0,3.6,17.9,28.6,50.0
경기,41,기흥구,41463,고,보정고등학교,,경기도 용인시 기흥구 보정동,UzA5MDAwNDkxOA==,,,79.0,,30.7,44.0,14.6,8.6,2.1
경기,41,기흥구,41463,고,보라고등학교,,경기도 용인시 기흥구 보라동,UzA5MDAwNTY1Ng==,,,77.2,,30.0,23.5,20.4,9.6,16.5
경기,41,기흥구,41463,고,초당고등학교,,경기도 용인시 기흥구 중동,UzA5MDAwNTY1OA==,,,76.9,,21.0,30.1,23.5,11.0,14.3
경기,41,기흥구,41463,고,기흥고등학교,,경기 용인시 기흥구 신갈동,UzA5MDAwMDUwOQ==,,,74.3,,21.1,28.0,26.7,15.4,8.8
경기,41,기흥구,41463,고,신갈고등학교,,경기도 용인시 기흥구 상갈동,UzA5MDAwMDY2MQ==,,,74.1,,36.8,23.8,19.9,14.4,5.1
경기,41,기흥구,41463,고,흥덕고등학교,,경기도 용인시 기흥구 영덕동,UzA5MDAwNTY3Nw==,,,74.0,,19.6,26.5,17.3,16.9,19.6
경기,41,기흥구,41463,고,성지고등학교,,경기 용인시 기흥구 구갈동,UzA5MDAwNTQxNA==,,,73.1,,16.5,22.2,23.4,16.2,21.9
경기,41,기흥구,41463,고,서천고등학교,,경기도 용인시 기흥구 농서동,UzA5MDAwNTkwMw==,,,73.0,,11.6,20.9,27.7,19.7,20.1
경기,41,기흥구,41463,고,용인백현고등학교,,경기도 용인시 기흥구 동백동,UzA5MDAwNTMxOQ==,,,72.3,,34.9,22.6,23.4,9.5,9.5
경기,41,기흥구,41463,고,구성고등학교,,경기도 용인시 기흥구 마북동,UzA5MDAwNDkwMQ==,,,69.9,,13.3,23.2,21.4,26.0,16.1
경기,41,기흥구,41463,고,동백고등학교,,경기도 용인시 기흥구 동백동,UzA5MDAwNTQ4OA==,,,67.7,,12.4,39.7,35.5,8.6,3.8
경기,41,기흥구,41463,고,청덕고등학교,,경기도 용인시 기흥구 청덕동,UzA5MDAwNTY2NA==,,,65.9,,11.5,36.9,24.1,19.3,8.1
경기,41,병점구,41595,고,비봉고등학교,,경기도 화성시 비봉면 양노리,UzA5MDAwMDU5NA==,,,74.8,,15.4,25.6,20.5,28.2,10.3
경기,41,병점구,41595,고,비봉고등학교,,경기도 화성시 비봉면 양노리,UzA5MDAwMDU5NA==,,,70.6,,13.4,27.5,16.2,12.0,31.0
경기,41,병점구,41595,고,비봉고등학교,,경기도 화성시 비봉면 양노리,UzA5MDAwMDU5NA==,,,65.8,,0.0,5.7,28.6,51.4,14.3
경기,41,파주시,41480,고,운정고등학교,,경기도 파주시 교하읍,UzA5MDAwNTc5OQ==,,,90.1,,61.2,31.5,6.5,0.8,0.0
경기,41,파주시,41480,고,한민고등학교,,경기도 파주시 광탄면 혜음로 765,UzA5MDAwNjc2Mw==,,,89.7,,66.2,29.2,4.4,0.3,0.0
경기,41,파주시,41480,고,동패고등학교,,경기도 파주시 교하읍,UzA5MDAwNTg5OQ==,,,81.3,,28.4,37.3,19.8,7.9,6.6
경기,41,파주시,41480,고,문산제일고등학교,,경기도 파주시 야동동,UzA5MDAwMDU1Ng==,,,79.8,,16.7,54.8,9.5,9.5,9.5
경기,41,파주시,41480,고,봉일천고등학교,,경기도 파주시 조리읍 봉일천리,UzA5MDAwNDkyMQ==,,,79.5,,30.5,30.2,15.6,10.3,13.4
경기,41,파주시,41480,고,지산고등학교,,경기도 파주시 와동동,UzA5MDAwNjkwMw==,,,78.5,,17.2,36.5,28.8,10.8,6.7
경기,41,파주시,41480,고,한빛고등학교,,경기도 파주시 한빛로 36,UzA5MDAwNjkwOA==,,,78.4,,24.4,30.4,21.8,14.0,9.4
경기,41,파주시,41480,고,파주고등학교,,경기도 파주시 문산읍 당동리,UzA5MDAwMDgzMg==,,,75.0,,10.8,31.5,22.3,23.8,11.5
경기,41,파주시,41480,고,심학고등학교,,경기도 파주시 운정중앙로 21,UzA5MDAwNzYyNQ==,,,75.0,,13.4,25.7,29.3,19.9,11.8
경기,41,파주시,41480,고,금촌고등학교,,경기도 파주시 금능동,UzA5MDAwNTE2OQ==,,,74.8,,16.2,27.6,24.6,16.5,15.0
경기,41,파주시,41480,고,문산고등학교,,경기도 파주시 문산읍 당동리,UzA5MDAwMDU1NA==,,,72.7,,21.3,18.0,15.6,17.2,27.9
경기,41,파주시,41480,고,문산수억고등학교,,경기도 파주시 파주읍 우계로 357,UzA5MDAwMDU1NQ==,,,72.1,,5.3,18.4,34.2,31.6,10.5
경기,41,파주시,41480,고,교하고등학교,,경기도 파주시 책향기로 180,UzA5MDAwNDkyMg==,,,71.2,,13.6,20.7,20.4,20.4,25.0
경기,41,파주시,41480,고,삼광고등학교,,경기도 파주시 적성면 청송로 701,UzA5MDAwMDU5OQ==,,,70.8,,18.4,18.4,18.4,18.4,26.3
경기,41,파주시,41480,고,파주여자고등학교,,경기도 파주시 월롱면 함영골길 10,UzA5MDAwMDgzMQ==,,,69.8,,10.0,21.7,18.3,23.3,26.7
경기,41,파주시,41480,고,율곡고등학교,,경기도 파주시 법원읍 법원2리,UzA5MDAwMDc1MQ==,,,69.5,,16.2,19.7,12.8,17.1,34.2
경기,41,파주시,41480,고,문산수억고등학교,,경기도 파주시 파주읍 우계로 357,UzA5MDAwMDU1NQ==,,,69.1,,21.7,19.3,14.3,13.0,31.7
경기,41,파주시,41480,고,문산제일고등학교,,경기도 파주시 야동동,UzA5MDAwMDU1Ng==,,,63.8,,8.2,10.5,19.5,20.5,41.4
경기,41,파주시,41480,고,광탄고등학교,,경기도 파주시 광탄면 신산리 220~610,UzA5MDAwMDQ5NA==,,,60.3,,12.0,13.3,14.5,15.7,44.6
경기,41,파주시,41480,고,광탄고등학교,,경기도 파주시 광탄면 신산리 220~610,UzA5MDAwMDQ5NA==,,,59.7,,0.0,0.0,25.0,15.0,60.0
경기,41,파주시,41480,고,파주여자고등학교,,경기도 파주시 월롱면 함영골길 10,UzA5MDAwMDgzMQ==,,,59.2,,1.2,6.0,13.3,21.7,57.8
경기,41,김포시,41570,고,김포외국어고등학교,,경기도 김포시 월곶면 갈산리,UzA5MDAwNTI5Mg==,,,92.2,,50.5,42.7,3.9,1.5,1.5
경기,41,김포시,41570,고,김포고등학교,,경기도 김포시 봉화로 37-15,UzA5MDAwMDUxMA==,,,82.7,,21.9,46.3,25.1,6.4,0.3
경기,41,김포시,41570,고,김포제일고등학교,,경기도 김포시 김포한강11로 242,UzA5MDAwNjgxNA==,,,80.4,,26.5,30.6,24.2,12.9,5.9
경기,41,김포시,41570,고,운유고등학교,,경기도 김포시 김포한강2로 236,UzA5MDAwNzg2OQ==,,,77.6,,21.9,25.7,25.2,18.2,9.0
경기,41,김포시,41570,고,운양고등학교,,경기도 김포시 운양동 1325-6,UzA5MDAwNjcxNw==,,,77.1,,43.6,34.4,14.1,6.4,1.5
경기,41,김포시,41570,고,하성고등학교,,경기도 김포시 하성면 애기봉로806번길 30,UzA5MDAwMDg1MA==,,,74.8,,23.4,24.7,18.2,11.7,22.1
경기,41,김포시,41570,고,고촌고등학교,,경기도 김포시 고촌읍 태리로47번길 20,UzA5MDAwNzMxNA==,,,74.1,,8.2,27.2,28.4,28.1,8.2
경기,41,김포시,41570,고,솔터고등학교,,경기도 김포시 마산동 615-6,UzA5MDAwNjUyMw==,,,70.9,,6.4,21.7,32.7,23.9,15.3
경기,41,김포시,41570,고,풍무고등학교,,경기도 김포시 풍무로93번길 53,UzA5MDAwNDkxOQ==,,,70.7,,13.6,18.9,21.4,21.7,24.2
경기,41,김포시,41570,고,사우고등학교,,경기도 김포시 사우동,UzA5MDAwMDU5Ng==,,,70.3,,6.2,18.6,29.4,28.8,17.0
경기,41,김포시,41570,고,통진고등학교,,경기도 김포시 통진읍 마송리,UzA5MDAwMDgyNg==,,,68.2,,24.0,26.0,15.5,27.5,7.0
경기,41,김포시,41570,고,마송고등학교,,경기도 김포시 통진읍 마송리,UzA5MDAwNTgxMQ==,,,68.2,,30.6,24.2,17.8,8.3,19.1
경기,41,김포시,41570,고,양곡고등학교,,경기도 김포시 양촌읍 양곡리,UzA5MDAwMDcwMw==,,,65.9,,21.8,17.2,30.3,24.1,6.5
경기,41,김포시,41570,고,장기고등학교,,경기 김포시 장기동,UzA5MDAwNTY3Mw==,,,64.5,,14.1,21.3,17.2,17.2,30.3
경기,41,김포시,41570,고,통진고등학교,,경기도 김포시 통진읍 마송리,UzA5MDAwMDgyNg==,,,63.6,,16.7,23.8,31.0,26.2,2.4
경기,41,김포시,41570,고,김포호수고등학교,,경기도 김포시 김포한강4로420번길 115,UzA5MDAwNzkyMg==,,,62.0,,15.9,11.8,10.6,12.9,48.8
경기,41,김포시,41570,고,통진고등학교,,경기도 김포시 통진읍 마송리,UzA5MDAwMDgyNg==,,,60.3,,25.5,12.8,21.3,25.5,14.9
경기,41,덕양구,41281,고,고양외국어고등학교,,경기도 고양시 덕양구 관산동,UzA5MDAwMDQ2OQ==,,,89.3,,56.8,33.7,7.2,2.3,0.0
경기,41,덕양구,41281,고,능곡고등학교,,경기도 고양시 덕양구 토당동,UzA5MDAwMDUyMQ==,,,79.6,,40.0,16.8,16.4,12.3,14.5
경기,41,덕양구,41281,고,행신고등학교,,경기도 고양시 덕양구 소만로 36,UzA5MDAwMDg2Mw==,,,79.5,,32.7,28.3,17.1,10.8,11.2
경기,41,덕양구,41281,고,무원고등학교,,경기도 고양시 덕양구 행신동,UzA5MDAwMDU1Mw==,,,78.9,,21.4,32.1,23.0,16.5,7.0
경기,41,덕양구,41281,고,백양고등학교,,경기도 고양시 덕양구 행신동,UzA5MDAwMDU2Nw==,,,77.6,,26.7,28.4,17.7,11.9,15.2
경기,41,덕양구,41281,고,서정고등학교,,경기도 고양시 덕양구 행신동,UzA5MDAwNTc5Nw==,,,76.2,,33.8,21.7,11.8,12.2,20.5
경기,41,덕양구,41281,고,도래울고등학교,,경기도 고양시 덕양구 도래울1로 67,UzA5MDAwNjc2NA==,,,75.7,,22.0,37.5,20.0,11.5,9.0
경기,41,덕양구,41281,고,고양동산고등학교,,경기도 고양시 덕양구 동산동,UzA5MDAwNjYyNA==,,,75.6,,14.9,28.2,27.7,16.5,12.8
경기,41,덕양구,41281,고,향동고등학교,,경기도 고양시 덕양구 향기3로 6,UzA5MDAwNzQ0NQ==,,,74.8,,17.8,28.1,22.7,14.1,17.3
경기,41,덕양구,41281,고,신원고등학교,,경기도 고양시 덕양구 통일로 391,UzA5MDAwNzQ0NA==,,,73.6,,19.2,25.3,19.2,17.6,18.8
경기,41,덕양구,41281,고,고양일고등학교,,경기도 고양시 덕양구 고양동,UzA5MDAwNTU5OQ==,,,71.3,,32.8,19.6,27.5,14.3,5.8
경기,41,덕양구,41281,고,화수고등학교,,경기도 고양시 덕양구 화정동,UzA5MDAwMDg2OA==,,,71.1,,21.4,33.2,21.0,14.9,9.5
경기,41,덕양구,41281,고,성사고등학교,,경기도 고양시 덕양구 성사동,UzA5MDAwNTQxMw==,,,71.0,,15.6,21.6,19.5,18.2,25.1
경기,41,덕양구,41281,고,화정고등학교,,경기도 고양시 덕양구 화정로 17,UzA5MDAwMDg2OQ==,,,70.3,,6.0,28.9,21.7,19.7,23.7
경기,41,남양주시,41360,고,동화고등학교,,경기도 남양주시 도농동 동화중고교,UzA5MDAwMDU0NQ==,,,84.7,,21.7,63.8,12.5,1.1,0.9
경기,41,남양주시,41360,고,와부고등학교,,경기도 남양주시 와부읍 수레로 127-20,UzA5MDAwNTYwMQ==,,,80.6,,28.3,53.0,13.4,2.0,3.2
경기,41,남양주시,41360,고,도농고등학교,,경기도 남양주시 다산순환로 1,UzA5MDAwNDkxNA==,,,80.5,,31.7,26.6,21.8,13.7,6.1
경기,41,남양주시,41360,고,마석고등학교,,경기도 남양주시 화도읍 녹촌로 35,UzA5MDAwNTgwMA==,,,79.8,,21.0,39.8,21.8,11.5,5.9
경기,41,남양주시,41360,고,가운고등학교,,경기도 남양주시 가운동,UzA5MDAwNTg5OA==,,,79.6,,35.3,18.9,20.7,13.2,12.0
경기,41,남양주시,41360,고,덕소고등학교,,경기도 남양주시 와부읍 도곡리,UzA5MDAwMDUyOQ==,,,77.6,,21.5,27.4,23.4,17.9,9.8
경기,41,남양주시,41360,고,광동고등학교,,경기도 남양주시 진접읍 장현리,UzA5MDAwMDQ3OQ==,,,76.3,,14.1,15.7,19.7,21.6,28.8
경기,41,남양주시,41360,고,평내고등학교,,경기도 남양주시 평내로 57,UzA5MDAwNDkxNQ==,,,75.8,,24.7,30.7,16.0,11.8,16.7
경기,41,남양주시,41360,고,진접고등학교,,경기도 남양주시 진접읍,UzA5MDAwNTgwMw==,,,75.2,,8.6,29.8,31.4,23.3,6.8
경기,41,남양주시,41360,고,청학고등학교,,경기도 남양주시 별내면 청학로68번길 47,UzA5MDAwMDgxOA==,,,74.3,,10.1,33.6,24.8,16.8,14.8
경기,41,남양주시,41360,고,오남고등학교,,경기도 남양주시 오남읍 양지리,UzA5MDAwNTY3MA==,,,73.4,,20.8,27.0,34.7,14.5,3.0
경기,41,남양주시,41360,고,호평고등학교,,경기도 남양주시 호평로 109,UzA5MDAwNTI5MQ==,,,72.9,,18.5,23.2,20.2,15.9,22.2
경기,41,남양주시,41360,고,남양주다산고등학교,,경기도 남양주시 다산중앙로146번길 50,UzA5MDAwNzMxNw==,,,72.5,,3.1,26.5,36.3,23.4,10.8
경기,41,남양주시,41360,고,심석고등학교,,경기도 남양주시 화도읍 마석우리,UzA5MDAwMDY2OQ==,,,71.9,,18.0,23.3,22.2,27.0,9.5
경기,41,남양주시,41360,고,별가람고등학교,,경기도 남양주시 순화궁로 393,UzA5MDAwNjkwNQ==,,,69.0,,9.4,24.6,25.9,15.2,25.0
경기,41,남양주시,41360,고,진건고등학교,,경기도 남양주시 진건읍 진건오남로 369-1,UzA5MDAwMDgwNg==,,,67.1,,17.1,26.9,22.5,29.6,3.9
경기,41,남양주시,41360,고,판곡고등학교,,경기도 남양주시 호평동,UzA5MDAwNTkxMA==,,,65.9,,2.0,18.0,24.4,23.6,32.0
경기,41,남양주시,41360,고,별내고등학교,,경기도 남양주시 별내동,UzA5MDAwNjUyMA==,,,65.4,,10.3,19.1,17.3,18.8,34.6
경기,41,남양주시,41360,고,퇴계원고등학교,,경기도 남양주시 퇴계원읍 퇴계원로,UzA5MDAwMDgyNw==,,,63.1,,22.6,14.8,14.0,18.5,30.0
경기,41,남양주시,41360,고,금곡고등학교,,경기도 남양주시 금곡동,UzA5MDAwMDUwOA==,,,62.1,,3.1,12.3,19.2,23.8,41.5
경기,41,남양주시,41360,고,금곡고등학교,,경기도 남양주시 금곡동,UzA5MDAwMDUwOA==,,,59.2,,4.4,20.0,6.7,24.4,44.4
경기,41,수정구,41131,고,효성고등학교,,경기도 성남시 수정구 심곡동,UzA5MDAwMDg3Mg==,,,79.9,,22.3,37.1,24.0,10.3,6.3
경기,41,수정구,41131,고,위례한빛고등학교,,경기도 성남시 수정구 위례동로 86,UzA5MDAwNzAxNg==,,,71.1,,36.0,22.3,22.0,9.1,10.6
경기,41,수정구,41131,고,복정고등학교,,경기도 성남시 수정구 복정동,UzA5MDAwNTY1OQ==,,,70.4,,38.8,19.4,23.8,9.4,8.8
경기,41,수정구,41131,고,풍생고등학교,,경기도 성남시 수정구 수진동,UzA5MDAwMDg0Nw==,,,65.8,,9.4,21.4,22.8,23.7,22.8
경기,41,오산시,41370,고,세마고등학교,,경기도 오산시 금암동,UzA5MDAwNTgwNg==,,,81.2,,14.2,49.4,32.1,3.0,1.2
경기,41,오산시,41370,고,매홀고등학교,,경기도 오산시 수청동,UzA5MDAwNjcwMQ==,,,74.3,,16.9,22.4,25.7,18.1,16.9
경기,41,오산시,41370,고,세교고등학교,,경기도 오산시 금암동,UzA5MDAwNTkwMg==,,,73.5,,15.0,26.0,21.3,21.9,15.9
경기,41,오산시,41370,고,운암고등학교,,경기 오산시 원동,UzA5MDAwNTQ2MQ==,,,72.1,,14.1,22.7,21.6,15.6,26.0
경기,41,오산시,41370,고,운천고등학교,,경기도 오산시 운천로 193,UzA5MDAwNDgzNQ==,,,71.6,,10.1,24.3,22.8,23.7,19.2
경기,41,오산시,41370,고,성호고등학교,,경기도 오산시 동부대로436번길 46,UzA5MDAwMDYyNg==,,,68.1,,18.5,17.1,12.8,18.8,32.9
경기,41,오산시,41370,고,오산고등학교,,경기도 오산시 청학동,UzA5MDAwMDczNg==,,,68.0,,11.6,16.1,16.1,24.5,31.6
경기,41,만세구,41591,고,화성고등학교,,경기도 화성시 향남읍 장짐리,UzA5MDAwMDg2Nw==,,,84.1,,15.3,70.4,13.3,0.7,0.3
경기,41,만세구,41591,고,봉담고등학교,,경기도 화성시 봉담읍 동화리,UzA5MDAwNTU3OQ==,,,79.0,,29.8,28.4,17.2,12.6,11.9
경기,41,만세구,41591,고,와우고등학교,,경기도 화성시 봉담읍 동화서북안길 5,UzA5MDAwNzI3OA==,,,77.0,,13.0,36.0,27.1,16.1,7.8
경기,41,만세구,41591,고,향남고등학교,,경기도 화성시 향남읍,UzA5MDAwNTY2Mw==,,,72.7,,10.8,19.2,30.0,27.2,12.9
경기,41,만세구,41591,고,향일고등학교,,경기도 화성시 향남읍,UzA5MDAwNTkwOQ==,,,72.6,,11.4,25.7,25.4,22.9,14.6
경기,41,만세구,41591,고,화담고등학교,,경기도 화성시 봉담읍 상리1길 128,UzA5MDAwNzkwNw==,,,71.0,,13.5,19.4,20.2,22.6,24.3
경기,41,만세구,41591,고,하길고등학교,,경기도 화성시 향남읍 상신하길로274번길 22,UzA5MDAwNzAxNQ==,,,66.6,,12.9,16.3,17.8,13.5,39.4
경기,41,원미구,41192,고,상원고등학교,,경기도 부천시 원미구 상동,UzA5MDAwNTM5OQ==,,,83.5,,44.0,23.4,18.7,8.6,5.3
경기,41,원미구,41192,고,경기예술고등학교,,경기도 부천시 원미구 중동,UzA5MDAwNDgzMg==,,,82.4,,18.7,46.7,26.7,6.7,1.3
경기,41,원미구,41192,고,심원고등학교,,경기도 부천시 원미구 중3동,UzA5MDAwMDY3MQ==,,,78.8,,30.3,24.3,17.9,12.8,14.7
경기,41,원미구,41192,고,중흥고등학교,,경기도 부천시 원미구 중3동,UzA5MDAwMDgwNA==,,,77.0,,25.5,24.1,21.4,15.5,13.6
경기,41,원미구,41192,고,계남고등학교,,경기도 부천시 원미구 중동,UzA5MDAwMDQ2Mw==,,,76.4,,35.6,19.4,13.0,10.6,21.3
경기,41,원미구,41192,고,도당고등학교,,경기도 부천시 원미구 도당동,UzA5MDAwMDUzMw==,,,76.1,,20.1,29.2,21.5,12.9,16.3
경기,41,원미구,41192,고,소명여자고등학교,,경기도 부천시 원미구 소사동,UzA5MDAwMDYzMA==,,,75.5,,20.4,26.5,20.0,19.6,13.5
경기,41,원미구,41192,고,상동고등학교,,경기도 부천시 원미구 상동,UzA5MDAwMDU3OA==,,,75.1,,28.3,27.4,19.8,13.7,10.8
경기,41,원미구,41192,고,원미고등학교,,경기도 부천시 원미구 중동,UzA5MDAwMDc0OA==,,,74.4,,25.6,20.9,17.2,14.0,22.3
경기,41,원미구,41192,고,경기예술고등학교,,경기도 부천시 원미구 중동,UzA5MDAwNDgzMg==,,,73.9,,11.1,27.8,22.2,25.0,13.9
경기,41,원미구,41192,고,경기예술고등학교,,경기도 부천시 원미구 중동,UzA5MDAwNDgzMg==,,,73.3,,10.8,24.3,29.7,21.6,13.5
경기,41,원미구,41192,고,부천여자고등학교,,경기도 부천시 원미구 상동,UzA5MDAwMDU4NA==,,,73.3,,18.9,23.0,23.0,10.8,24.3
경기,41,원미구,41192,고,중원고등학교,,경기도 부천시 원미구 중동,UzA5MDAwMDgwMw==,,,70.9,,14.3,23.3,19.5,17.1,25.7
경기,41,원미구,41192,고,부천북고등학교,,경기도 부천시 원미구 도당동,UzA5MDAwMDU4MQ==,,,70.6,,13.0,22.3,21.4,17.7,25.6
경기,41,원미구,41192,고,부명고등학교,,경기도 부천시 원미구 중동,UzA5MDAwMDU3Ng==,,,70.4,,14.4,23.1,17.0,18.8,26.6
경기,41,원미구,41192,고,역곡고등학교,,경기도 부천시 원미구 역곡동,UzA5MDAwNTkwMA==,,,68.8,,7.5,21.2,24.0,21.9,25.3
경기,41,원미구,41192,고,상일고등학교,,경기도 부천시 원미구 상동,UzA5MDAwNDg5OQ==,,,65.5,,3.1,19.3,24.2,17.4,36.0
경기,41,원미구,41192,고,경기예술고등학교,,경기도 부천시 원미구 중동,UzA5MDAwNDgzMg==,,,64.3,,9.6,6.8,20.5,21.9,41.1
경기,41,광주시,41610,고,경화여자고등학교,,경기도 광주시 송정동,UzA5MDAwMDQ2MA==,,,77.1,,30.8,22.3,15.5,13.5,17.9
경기,41,광주시,41610,고,광주중앙고등학교,,경기도 광주시 역동로63번길 1,UzA5MDAwMDQ5Mw==,,,77.0,,14.4,30.9,28.9,16.5,9.3
경기,41,광주시,41610,고,광주중앙고등학교,,경기도 광주시 역동로63번길 1,UzA5MDAwMDQ5Mw==,,,74.8,,6.0,32.7,35.2,18.4,7.6
경기,41,광주시,41610,고,초월고등학교,,경기도 광주시 초월읍 대쌍령리,UzA5MDAwNTkwOA==,,,74.4,,16.3,22.4,31.6,15.6,14.0
경기,41,광주시,41610,고,광남고등학교,,경기도 광주시 장지동,UzA5MDAwNTY3NQ==,,,72.5,,6.7,22.5,33.7,24.0,13.1
경기,41,광주시,41610,고,곤지암고등학교,,경기도 광주시 곤지암읍 곤지암리,UzA5MDAwMDQ5Mg==,,,68.7,,25.0,9.3,13.9,17.6,34.3
경기,41,광주시,41610,고,태전고등학교,,경기도 광주시 태전동,UzA5MDAwNjkyMA==,,,67.9,,5.6,38.3,38.6,15.9,1.6
경기,41,광주시,41610,고,광주고등학교,,경기 광주시 송정동,UzA5MDAwMDQ5MA==,,,64.6,,23.8,22.2,23.5,17.0,13.5
경기,41,광주시,41610,고,곤지암고등학교,,경기도 광주시 곤지암읍 곤지암리,UzA5MDAwMDQ5Mg==,,,56.9,,13.0,13.0,8.7,0.0,65.2
경기,41,의왕시,41430,고,경기외국어고등학교,,경기도 의왕시 고천동,UzA5MDAwNTA0MA==,,,90.1,,61.9,31.9,5.6,0.6,0.0
경기,41,의왕시,41430,고,경기외국어고등학교,,경기도 의왕시 고천동,UzA5MDAwNTA0MA==,,,86.8,,24.5,75.5,0.0,0.0,0.0
경기,41,의왕시,41430,고,백운고등학교,,경기도 의왕시 내손순환로 136,UzA5MDAwMDU2OQ==,,,74.2,,14.6,35.4,26.0,17.3,6.7
경기,41,의왕시,41430,고,모락고등학교,,경기도 의왕시 모락로 134,UzA5MDAwNTgxNQ==,,,72.3,,20.6,22.8,21.7,25.9,9.0
경기,41,의왕시,41430,고,우성고등학교,,경기도 의왕시 오전로 37,UzA5MDAwMDc0Ng==,,,66.5,,5.4,18.2,21.9,19.4,35.1
경기,41,의왕시,41430,고,의왕고등학교,,경기도 의왕시 삼동,UzA5MDAwNTY3MQ==,,,65.6,,13.9,26.2,31.6,19.8,8.6
경기,41,군포시,41410,고,산본고등학교,,경기도 군포시 산본동,UzA5MDAwMDU5Nw==,,,73.9,,16.6,34.2,35.1,11.5,2.6
경기,41,군포시,41410,고,군포중앙고등학교,,경기도 군포시 부곡동,UzA5MDAwNjUyMQ==,,,72.5,,19.2,31.6,19.2,15.3,14.7
경기,41,군포시,41410,고,수리고등학교,,경기도 군포시 산본동,UzA5MDAwMDY0MA==,,,71.8,,6.0,44.0,37.2,10.4,2.4
경기,41,군포시,41410,고,흥진고등학교,,경기도 군포시 오금로 15-17,UzA5MDAwMDg3NA==,,,67.2,,27.4,40.8,24.7,5.7,1.3
경기,41,군포시,41410,고,용호고등학교,,경기도 군포시 당동,UzA5MDAwMDc0NQ==,,,67.1,,17.5,31.1,24.9,17.5,8.9
경기,41,군포시,41410,고,군포고등학교,,경기도 군포시 금정동,UzA5MDAwMDUwMg==,,,64.9,,4.9,23.9,32.3,28.8,10.2
경기,41,화성시,41590,고,병점고등학교,,경기도 화성시 병점동,UzA5MDAwNDkyMA==,,,82.1,,27.5,40.8,23.4,4.9,3.5
경기,41,화성시,41590,고,남양고등학교,,경기도 화성시 남양동,UzA5MDAwMDUxOA==,,,77.5,,10.3,37.9,38.5,8.0,5.2
경기,41,화성시,41590,고,새솔고등학교,,경기도 화성시 큰나래3길 25,UzA5MDAwNzMxNQ==,,,76.3,,27.2,19.8,24.3,14.0,14.8
경기,41,화성시,41590,고,화성반월고등학교,,경기도 화성시 반월동,UzA5MDAwNjcwMA==,,,73.0,,16.8,19.0,20.4,28.3,15.4
경기,41,화성시,41590,고,안화고등학교,,경기도 화성시 병점동,UzA5MDAwNTQ2MA==,,,72.7,,9.5,26.4,26.7,21.6,15.8
경기,41,화성시,41590,고,송산고등학교,,경기도 화성시 송산면 사강리,UzA5MDAwMDYzNA==,,,72.4,,14.8,32.8,24.2,18.0,10.2
경기,41,화성시,41590,고,남양고등학교,,경기도 화성시 남양동,UzA5MDAwMDUxOA==,,,60.2,,1.9,11.1,22.2,16.7,48.1
경기,41,의정부시,41150,고,상우고등학교,,경기도 의정부시 의정부2동,UzA5MDAwNDkyMw==,,,80.7,,39.5,24.0,11.4,14.1,11.0
경기,41,의정부시,41150,고,경기북과학고등학교,,경기도 의정부시 녹양동,UzA5MDAwNTE2Nw==,,,78.0,,14.1,58.6,25.3,2.0,0.0
경기,41,의정부시,41150,고,의정부광동고등학교,,경기도 의정부시 서부로 691,UzA5MDAwMDQ4MA==,,,76.7,,32.7,17.5,18.4,13.9,17.5
경기,41,의정부시,41150,고,발곡고등학교,,경기도 의정부시 신곡동,UzA5MDAwNTY2Nw==,,,76.3,,22.2,25.5,20.2,17.7,14.4
경기,41,의정부시,41150,고,동국대학교사범대학부속영석고등학교,,경기도 의정부시 용현동,UzA5MDAwMDczMw==,,,75.6,,24.4,26.9,14.0,13.6,21.1
경기,41,의정부시,41150,고,의정부여자고등학교,,경기도 의정부시 가능1동,UzA5MDAwMDc1OA==,,,73.8,,28.7,34.1,14.7,16.3,6.2
경기,41,의정부시,41150,고,송현고등학교,,경기도 의정부시 민락동,UzA5MDAwMDYzOA==,,,72.6,,31.1,22.2,30.0,10.2,6.5
경기,41,의정부시,41150,고,송양고등학교,,경기도 의정부시 낙양동,UzA5MDAwNjUxOQ==,,,71.9,,19.4,21.6,18.1,15.3,25.6
경기,41,의정부시,41150,고,경민고등학교,,경기도 의정부시 가능3동,UzA5MDAwMDQ1MQ==,,,71.1,,20.4,33.0,25.7,10.0,10.9
경기,41,의정부시,41150,고,호원고등학교,,경기도 의정부시 호원동,UzA5MDAwMDg2NQ==,,,68.1,,10.6,20.7,20.7,17.9,30.1
경기,41,의정부시,41150,고,부용고등학교,,경기도 의정부시 민락동,UzA5MDAwNDgzMQ==,,,66.5,,19.7,25.2,30.7,17.2,7.2
경기,41,의정부시,41150,고,의정부고등학교,,경기도 의정부시 가능1동 340~367,UzA5MDAwMDc1Ng==,,,63.5,,18.3,18.9,25.0,22.0,15.9
경기,41,의정부시,41150,고,효자고등학교,,경기도 의정부시 신곡동,UzA5MDAwNTQxNw==,,,21.5,,0.0,0.0,0.0,0.0,0.0
경기,41,중원구,41133,고,성남여자고등학교,,경기도 성남시 중원구 성남동,UzA5MDAwMDYxMg==,,,74.5,,16.2,24.6,26.2,18.3,14.7
경기,41,중원구,41133,고,숭신여자고등학교,,경기도 성남시 중원구 황송로77번길 34,UzA5MDAwMDY1OA==,,,73.3,,18.0,46.9,28.9,5.7,0.5
경기,41,중원구,41133,고,성남고등학교,,경기도 성남시 중원구 시민로 61,UzA5MDAwMDYxMQ==,,,71.7,,18.1,23.7,18.1,13.6,26.6
경기,41,중원구,41133,고,성일고등학교,,경기도 성남시 중원구 성남동 2584~3121,UzA5MDAwMDYyMA==,,,71.1,,14.5,22.4,22.4,13.2,27.6
경기,41,중원구,41133,고,동광고등학교,,경기도 성남시 중원구 원터로 84,UzA5MDAwMDYyMg==,,,69.8,,46.4,30.9,14.4,5.7,2.6
경기,41,동두천시,41250,고,동두천외국어고등학교,,경기도 동두천시 지행동,UzA5MDAwNTE2OA==,,,80.7,,10.4,52.2,30.2,5.5,1.6
경기,41,동두천시,41250,고,신흥고등학교,,경기도 동두천시 안흥동,UzA5MDAwMDY2Nw==,,,78.8,,20.6,32.4,25.5,13.7,7.8
경기,41,동두천시,41250,고,한빛누리고등학교,,경기도 동두천시 생연1동 보영여자고등학교,UzA5MDAwMDU3Mg==,,,75.3,,16.2,25.9,25.4,20.5,11.9
경기,41,동두천시,41250,고,동두천중앙고등학교,,경기도 동두천시 지행동 동두천중앙고,UzA5MDAwMDUzOQ==,,,73.6,,13.0,24.3,30.4,19.1,13.0
경기,41,동두천시,41250,고,동두천고등학교,,경기도 동두천시 생연1동 동두천고등학교,UzA5MDAwMDUzNg==,,,73.4,,9.3,27.9,21.7,22.5,18.6
경기,41,동두천시,41250,고,동두천중앙고등학교,,경기도 동두천시 지행동 동두천중앙고,UzA5MDAwMDUzOQ==,,,69.3,,19.5,9.8,9.8,31.7,29.3
경기,41,시흥시,41390,고,시흥능곡고등학교,,경기도 시흥시 승지로 107,UzA5MDAwNTY2NQ==,,,78.1,,24.3,37.1,24.3,9.3,5.0
경기,41,시흥시,41390,고,은행고등학교,,경기도 시흥시 은행동,UzA5MDAwMDc1NA==,,,77.5,,28.9,23.7,19.4,11.3,16.8
경기,41,시흥시,41390,고,배곧고등학교,,경기도 시흥시 정왕동,UzA5MDAwNjkyNQ==,,,76.5,,15.1,26.6,32.6,19.0,6.6
경기,41,시흥시,41390,고,군서고등학교,,경기도 시흥시 정왕동,UzA5MDAwNDkxMA==,,,75.4,,19.1,27.2,22.2,14.3,17.1
경기,41,시흥시,41390,고,함현고등학교,,경기도 시흥시 정왕동,UzA5MDAwMDg2Mg==,,,75.3,,18.9,31.3,13.0,22.5,14.3
경기,41,시흥시,41390,고,서해고등학교,,경기도 시흥시 정왕동,UzA5MDAwMDYwNw==,,,74.5,,11.4,26.4,31.3,19.6,11.4
경기,41,시흥시,41390,고,정왕고등학교,,경기도 시흥시 정왕1동,UzA5MDAwMDc5Mg==,,,74.0,,14.0,24.8,22.4,23.9,14.9
경기,41,시흥시,41390,고,목감고등학교,,경기도 시흥시 조남동,UzA5MDAwNzMxOA==,,,71.7,,21.3,23.3,15.7,13.3,26.5
경기,41,시흥시,41390,고,소래고등학교,,경기도 시흥시 은행동,UzA5MDAwMDYyOA==,,,71.5,,14.2,22.6,20.8,17.5,24.9
경기,41,시흥시,41390,고,시흥매화고등학교,,경기도 시흥시 매화동,UzA5MDAwNTY2Ng==,,,70.1,,33.1,23.3,14.3,10.5,18.8
경기,41,시흥시,41390,고,장곡고등학교,,경기도 시흥시 장곡동,UzA5MDAwMDc3OA==,,,69.1,,7.4,21.7,22.4,21.7,26.8
경기,41,시흥시,41390,고,시흥고등학교,,경기도 시흥시 하상동,UzA5MDAwNDgzNA==,,,68.8,,17.5,17.1,16.4,11.6,37.3
경기,41,시흥시,41390,고,신천고등학교,,경기도 시흥시 신천동,UzA5MDAwNTY2OA==,,,60.6,,23.5,13.1,18.1,16.4,28.9
경기,41,장안구,41111,고,대평고등학교,,경기도 수원시 장안구 천천로22번길 21,UzA5MDAwMDUyNw==,,,81.7,,42.6,31.6,21.1,4.6,0.0
경기,41,장안구,41111,고,조원고등학교,,경기도 수원시 장안구 조원동,UzA5MDAwNDg5Ng==,,,74.0,,24.2,28.0,20.3,17.8,9.7
경기,41,장안구,41111,고,천천고등학교,,경기도 수원시 장안구 정자로42번길 31,UzA5MDAwNDg5NQ==,,,73.4,,15.7,26.9,16.5,19.8,21.1
경기,41,장안구,41111,고,수성고등학교,,경기도 수원시 장안구 정자동,UzA5MDAwMDY0MQ==,,,72.9,,13.5,22.3,25.5,19.7,19.0
경기,41,장안구,41111,고,동원동우고등학교,,경기도 수원시 장안구 이목동,UzA5MDAwMDU0Mw==,,,72.4,,21.6,27.5,25.2,15.8,9.9
경기,41,장안구,41111,고,영생고등학교,,경기도 수원시 장안구 천천동,UzA5MDAwMDczMg==,,,69.8,,47.1,19.3,13.1,8.9,11.6
경기,41,장안구,41111,고,장안고등학교,,경기도 수원시 장안구 정자2동,UzA5MDAwMDc3OQ==,,,68.7,,12.5,28.6,28.2,22.2,8.5
경기,41,장안구,41111,고,경기체육고등학교,,경기도 수원시 장안구 천천동,UzA5MDAwMDQ0OQ==,,,66.2,,5.1,11.4,21.5,26.6,35.4
경기,41,장안구,41111,고,수일고등학교,,경기도 수원시 장안구 조원동,UzA5MDAwMDY1NA==,,,65.9,,13.0,26.8,34.1,19.9,6.1
경기,41,소사구,41194,고,시온고등학교,,경기 부천시 소사구 범박동 산,UzA5MDAwMDY1OQ==,,,79.2,,23.2,32.2,24.3,11.2,9.1
경기,41,소사구,41194,고,정명고등학교,,경기도 부천시 소사구 심곡본동,UzA5MDAwMDc4OA==,,,77.1,,29.6,24.7,16.1,13.5,16.1
경기,41,소사구,41194,고,범박고등학교,,경기 부천시 소사구 범박동,UzA5MDAwNDkwNg==,,,73.2,,19.6,23.5,20.8,13.1,23.1
경기,41,소사구,41194,고,송내고등학교,,경기도 부천시 소사구 송내동,UzA5MDAwNDkwMA==,,,71.1,,18.7,28.2,23.0,19.1,11.0
경기,41,소사구,41194,고,부천고등학교,,경기도 부천시 경인로92번길 70,UzA5MDAwMDU3OQ==,,,69.7,,4.0,28.0,25.3,16.7,26.0
경기,41,소사구,41194,고,소사고등학교,,경기도 부천시 소사구 소사본3동,UzA5MDAwMDYzMQ==,,,68.9,,7.5,23.3,21.3,20.6,27.3
경기,41,광명시,41210,고,진성고등학교,,경기도 광명시 철망산로 84,UzA5MDAwMDgwNw==,,,80.5,,13.0,39.0,37.7,8.9,1.4
경기,41,광명시,41210,고,광명고등학교,,경기도 광명시 철산3동,UzA5MDAwMDQ4Mg==,,,80.5,,32.5,29.7,16.6,10.6,10.6
경기,41,광명시,41210,고,소하고등학교,,경기도 광명시 소하1동,UzA5MDAwMDYzMg==,,,77.7,,15.7,36.9,23.5,14.9,9.0
경기,41,광명시,41210,고,충현고등학교,,경기도 광명시 오리로348번길 62,UzA5MDAwMDgyMA==,,,76.3,,19.4,24.7,25.3,21.5,9.1
경기,41,광명시,41210,고,명문고등학교,,경기도 광명시 광명6동,UzA5MDAwMDQ4Nw==,,,74.4,,20.1,25.5,18.0,16.5,19.8
경기,41,광명시,41210,고,운산고등학교,,경기도 광명시 소하동,UzA5MDAwNTc5OA==,,,71.8,,17.0,21.3,17.4,20.6,23.7
경기,41,광명시,41210,고,광명북고등학교,,경기도 광명시 시청로 127,UzA5MDAwMDQ4NA==,,,70.2,,15.3,25.8,17.4,12.9,28.6
경기,41,광명시,41210,고,광휘고등학교,,경기도 광명시 소하동,UzA5MDAwNjY0NQ==,,,69.6,,28.0,22.9,26.1,11.9,11.0
경기,41,광명시,41210,고,광문고등학교,,경기도 광명시 광명동,UzA5MDAwMDQ4OQ==,,,69.0,,17.6,18.8,18.8,15.8,29.0
경기,41,여주시,41670,고,세종고등학교,,경기도 여주시 청심로 221,UzA5MDAwMDcyMA==,,,78.8,,29.6,26.5,17.3,14.8,11.7
경기,41,여주시,41670,고,여주고등학교,,경기도 여주군 여주읍 교리,UzA5MDAwMDcxOA==,,,77.2,,15.3,30.7,28.0,18.7,7.3
경기,41,여주시,41670,고,여주제일고등학교,,경기도 여주시 가남읍 심석리,UzA5MDAwMDcyMw==,,,76.9,,26.1,23.9,12.5,21.6,15.9
경기,41,여주시,41670,고,이포고등학교,,경기도 여주군 흥천면 계신리,UzA5MDAwMDc2Nw==,,,76.2,,23.1,23.1,15.4,23.1,15.4
경기,41,여주시,41670,고,대신고등학교,,경기도 여주군 대신면 후포리,UzA5MDAwMDUyNQ==,,,73.9,,21.5,22.8,29.1,21.5,5.1
경기,41,여주시,41670,고,여주제일고등학교,,경기도 여주시 가남읍 심석리,UzA5MDAwMDcyMw==,,,72.2,,9.8,19.5,34.1,17.1,19.5
경기,41,여주시,41670,고,점동고등학교,,경기도 여주군 점동면 청안리,UzA5MDAwMDc4Nw==,,,70.8,,16.7,16.7,14.3,26.2,26.2
경기,41,여주시,41670,고,여강고등학교,,경기도 여주시 북내면 신접리,UzA5MDAwMDcxNw==,,,70.7,,17.9,17.9,19.2,19.2,25.6
경기,41,권선구,41113,고,권선고등학교,,경기도 수원시 권선구 세권로 276,UzA5MDAwMDUwNQ==,,,77.4,,15.3,43.8,23.7,10.1,7.1
경기,41,권선구,41113,고,화홍고등학교,,경기도 수원시 권선구 세권로 331,UzA5MDAwMDg3MA==,,,76.8,,31.4,21.7,14.1,13.1,19.7
경기,41,권선구,41113,고,수원칠보고등학교,,경기도 수원시 권선구 금곡동 300~600,UzA5MDAwNjcwMg==,,,72.7,,16.5,32.3,24.0,16.5,10.6
경기,41,권선구,41113,고,영신여자고등학교,,경기도 수원시 권선구 오목천동,UzA5MDAwMDczNA==,,,72.1,,27.9,22.8,24.7,11.2,13.5
경기,41,권선구,41113,고,호매실고등학교,,경기도 수원시 권선구 호매실동,UzA5MDAwNjU0Mg==,,,71.1,,17.5,17.5,26.5,23.5,15.0
경기,41,권선구,41113,고,곡정고등학교,,경기도 수원시 권선구 권선동 1~899,UzA5MDAwNjcwMw==,,,70.1,,8.8,32.5,20.5,20.5,17.7
경기,41,권선구,41113,고,고색고등학교,,경기도 수원시 권선구 고색동,UzA5MDAwNTY1Mw==,,,68.7,,0.9,24.8,25.7,26.1,22.5
경기,41,이천시,41500,고,이천제일고등학교,,경기도 이천시 안흥동,UzA5MDAwMDc2Mg==,,,88.4,,50.0,36.4,13.6,0.0,0.0
경기,41,이천시,41500,고,이천양정여자고등학교,,경기도 이천시 영창로 119,UzA5MDAwMDc2Mw==,,,79.5,,14.1,36.5,35.3,12.0,2.0
경기,41,이천시,41500,고,이천고등학교,,경기도 이천시 증포동,UzA5MDAwMDc2MA==,,,78.7,,20.0,32.2,27.8,14.1,5.9
경기,41,이천시,41500,고,이천제일고등학교,,경기도 이천시 안흥동,UzA5MDAwMDc2Mg==,,,76.8,,33.3,19.0,14.3,19.0,14.3
경기,41,이천시,41500,고,이현고등학교,,경기도 이천시 갈산동,UzA5MDAwNTkwNg==,,,76.3,,42.0,27.7,17.8,6.4,6.1
경기,41,이천시,41500,고,이천제일고등학교,,경기도 이천시 안흥동,UzA5MDAwMDc2Mg==,,,76.0,,18.8,20.3,30.4,23.2,7.2
경기,41,이천시,41500,고,이천제일고등학교,,경기도 이천시 안흥동,UzA5MDAwMDc2Mg==,,,75.4,,14.3,22.2,39.7,14.3,9.5
경기,41,이천시,41500,고,효양고등학교,,경기도 이천시 부발읍 신하리,UzA5MDAwNDkxNw==,,,74.6,,8.2,30.0,35.0,17.9,8.9
경기,41,이천시,41500,고,다산고등학교,,경기도 이천시 사음동,UzA5MDAwMDc2NQ==,,,73.7,,11.9,26.2,28.6,14.3,19.0
경기,41,이천시,41500,고,율면고등학교,,경기도 이천시 율면 고당리,UzA5MDAwMDc1Mw==,,,73.2,,22.2,11.1,22.2,27.8,16.7
경기,41,이천시,41500,고,다산고등학교,,경기도 이천시 사음동,UzA5MDAwMDc2NQ==,,,70.8,,9.1,13.6,25.0,36.4,15.9
경기,41,이천시,41500,고,다산고등학교,,경기도 이천시 사음동,UzA5MDAwMDc2NQ==,,,70.7,,4.0,20.8,28.7,30.7,15.8
경기,41,이천시,41500,고,이천제일고등학교,,경기도 이천시 안흥동,UzA5MDAwMDc2Mg==,,,68.6,,12.5,29.2,16.7,0.0,41.7
경기,41,이천시,41500,고,장호원고등학교,,경기도 이천시 장호원읍 노탑리,UzA5MDAwMDc4MQ==,,,67.0,,9.8,14.3,19.6,25.9,30.4
경기,41,이천시,41500,고,이천제일고등학교,,경기도 이천시 안흥동,UzA5MDAwMDc2Mg==,,,66.9,,12.5,16.7,16.7,20.8,33.3
경기,41,이천시,41500,고,이천제일고등학교,,경기도 이천시 안흥동,UzA5MDAwMDc2Mg==,,,66.2,,3.9,6.9,30.4,25.5,33.3
경기,41,이천시,41500,고,부원고등학교,,경기도 이천시 장호원읍 서동대로 8857,UzA5MDAwMDc4MA==,,,62.8,,17.6,23.5,20.6,14.7,23.5
경기,41,이천시,41500,고,부원고등학교,,경기도 이천시 장호원읍 서동대로 8857,UzA5MDAwMDc4MA==,,,58.3,,3.0,30.3,24.2,24.2,18.2
경기,41,이천시,41500,고,마장고등학교,,경기도 이천시 마장면 양촌리,UzA5MDAwMDU0OA==,,,25.6,,0.0,0.0,0.0,0.0,0.0
경기,41,이천시,41500,고,마장고등학교,,경기도 이천시 마장면 양촌리,UzA5MDAwMDU0OA==,,,19.5,,0.0,0.0,0.0,0.0,0.0
경기,41,연천군,41800,고,전곡고등학교,,경기도 연천군 전곡읍 은대리,UzA5MDAwMDc4Ng==,,,75.4,,21.7,24.2,22.9,15.3,15.9
경기,41,연천군,41800,고,연천고등학교,,경기도 연천군 연천읍 현가리,UzA5MDAwMDcyNg==,,,67.6,,7.3,22.0,34.1,9.8,26.8
경기,41,연천군,41800,고,전곡고등학교,,경기도 연천군 전곡읍 은대리,UzA5MDAwMDc4Ng==,,,65.6,,9.5,4.8,19.0,28.6,38.1
경기,41,처인구,41461,고,용인한국외국어대학교부설고등학교,,경기도 용인시 처인구 모현읍 왕산리,UzA5MDAwNTE3MA==,,,94.1,,89.9,10.1,0.0,0.0,0.0
경기,41,처인구,41461,고,태성고등학교,,경기도 용인시 처인구 남동,UzA5MDAwMDgyMg==,,,80.8,,37.3,17.6,20.1,16.0,9.0
경기,41,처인구,41461,고,처인고등학교,,경기도 용인시 처인구 남사읍 한숲로 32,UzA5MDAwNzQzOQ==,,,75.2,,16.6,26.3,22.3,19.0,15.8
경기,41,처인구,41461,고,용인삼계고등학교,,경기도 용인시 처인구 포곡읍 삼계리,UzA5MDAwNjkyMQ==,,,73.4,,32.7,25.8,17.7,17.3,6.5
경기,41,처인구,41461,고,용인고등학교,,경기도 용인시 처인구 역북동,UzA5MDAwMDc0MA==,,,73.3,,13.0,21.1,31.5,18.8,15.6
경기,41,처인구,41461,고,고림고등학교,,경기도 용인시 처인구 고림동,UzA5MDAwNjkyNA==,,,73.0,,16.6,21.6,20.8,21.6,19.4
경기,41,처인구,41461,고,백암고등학교,,경기도 용인시 처인구 백암면 근창리,UzA5MDAwMDU2Ng==,,,70.1,,21.3,13.1,21.3,16.4,27.9
경기,41,처인구,41461,고,포곡고등학교,,경기도 용인시 처인구 포곡읍,UzA5MDAwNTY2MA==,,,68.7,,18.1,31.1,21.7,12.3,16.8
경기,41,평택시,41220,고,평택마이스터고등학교,,경기도 평택시 비전동,UzA5MDAwMDgzOA==,,,84.4,,36.7,42.0,12.0,3.3,6.0
경기,41,평택시,41220,고,청북고등학교,,경기도 평택시 청북읍 옥길리,UzA5MDAwNTgwNA==,,,78.7,,18.2,33.0,29.9,12.9,6.0
경기,41,평택시,41220,고,신한고등학교,,경기도 평택시 비전2동,UzA5MDAwMDY2Ng==,,,77.3,,19.3,28.0,28.9,15.2,8.7
경기,41,평택시,41220,고,한광여자고등학교,,경기도 평택시 비전2동,UzA5MDAwMDg1Mg==,,,75.8,,19.0,33.6,34.5,11.1,1.8
경기,41,평택시,41220,고,현화고등학교,,경기도 평택시 안중읍 현화리,UzA5MDAwNTI5MA==,,,75.1,,13.9,30.3,24.5,19.2,12.1
경기,41,평택시,41220,고,라온고등학교,,경기도 평택시 서정동,UzA5MDAwMDYzNw==,,,75.1,,16.3,24.3,23.4,23.4,12.6
경기,41,평택시,41220,고,비전고등학교,,경기도 평택시 비전동,UzA5MDAwNjUzOQ==,,,74.8,,10.0,29.9,33.5,17.2,9.4
경기,41,평택시,41220,고,한광고등학교,,경기도 평택시 비전동,UzA5MDAwMDg1MQ==,,,73.8,,7.6,30.4,25.6,23.7,12.7
경기,41,평택시,41220,고,이충고등학교,,경기도 평택시 이충동,UzA5MDAwNTY3Mg==,,,72.6,,20.4,19.4,19.1,16.9,24.2
경기,41,평택시,41220,고,평택여자고등학교,,경기도 평택시 영신로 220,UzA5MDAwMDg0MA==,,,70.4,,11.0,15.4,33.0,14.3,26.4
경기,41,평택시,41220,고,평택여자고등학교,,경기도 평택시 영신로 220,UzA5MDAwMDg0MA==,,,70.1,,4.8,18.5,23.8,35.5,17.3
경기,41,평택시,41220,고,효명고등학교,,경기도 평택시 장당동,UzA5MDAwMDg3MQ==,,,69.6,,10.5,17.3,23.1,25.6,23.5
경기,41,평택시,41220,고,은혜고등학교,,경기도 평택시 장안웃길 66,UzA5MDAwMDc1NQ==,,,68.7,,14.1,19.0,16.7,18.3,31.8
경기,41,평택시,41220,고,태광고등학교,,경기도 평택시 신장동,UzA5MDAwMDgyMQ==,,,68.0,,18.3,16.9,15.3,13.0,36.5
경기,41,평택시,41220,고,진위고등학교,,경기도 평택시 진위면 진위서로 47,UzA5MDAwMDgxMA==,,,66.3,,18.9,13.7,9.5,20.0,37.9
경기,41,평택시,41220,고,평택고등학교,,경기도 평택시 비전동,UzA5MDAwMDgzNw==,,,64.7,,3.0,14.2,20.8,27.1,35.0
경기,41,평택시,41220,고,안중고등학교,,경기도 평택시 안중읍 현화리,UzA5MDAwMDcwMQ==,,,63.9,,11.4,8.6,15.7,22.9,41.4
경기,41,평택시,41220,고,진위고등학교,,경기도 평택시 진위면 진위서로 47,UzA5MDAwMDgxMA==,,,62.0,,10.5,15.8,0.0,5.3,68.4
경기,41,평택시,41220,고,진위고등학교,,경기도 평택시 진위면 진위서로 47,UzA5MDAwMDgxMA==,,,61.4,,8.5,10.2,8.5,18.6,54.2
경기,41,평택시,41220,고,송탄고등학교,,경기도 평택시 이충동,UzA5MDAwMDYzNg==,,,60.3,,17.3,20.7,25.2,19.5,17.3
경기,41,평택시,41220,고,안중고등학교,,경기도 평택시 안중읍 현화리,UzA5MDAwMDcwMQ==,,,59.9,,4.8,6.3,14.3,27.0,47.6
경기,41,양주시,41630,고,덕현고등학교,,경기도 양주시 고읍북로 36,UzA5MDAwNTc5Ng==,,,76.6,,3.9,40.1,45.8,8.6,1.6
경기,41,양주시,41630,고,옥정고등학교,,경기도 양주시 옥정동,UzA5MDAwNjc2NQ==,,,72.3,,17.1,19.5,22.3,19.8,21.3
경기,41,양주시,41630,고,덕계고등학교,,경기도 양주시 덕계동,UzA5MDAwNDkwOA==,,,71.3,,42.7,19.4,17.1,14.2,6.6
경기,41,양주시,41630,고,덕정고등학교,,경기도 양주시 고암동,UzA5MDAwMDUzMg==,,,71.0,,47.1,16.9,12.0,17.8,6.2
경기,41,양주시,41630,고,양주고등학교,,경기도 양주시 삼숭동,UzA5MDAwNTM4MQ==,,,70.0,,16.1,20.7,19.8,12.0,31.3
경기,41,양주시,41630,고,옥빛고등학교,,경기도 양주시 옥정로4길 12,UzA5MDAwNzQwOQ==,,,69.7,,19.9,19.6,15.4,13.1,31.9
경기,41,양주시,41630,고,양주백석고등학교,,경기도 양주시 백석읍 오산리,UzA5MDAwNTI4MA==,,,69.4,,16.7,21.9,15.1,14.7,31.5
경기,41,팔달구,41115,고,영복여자고등학교,,경기도 수원시 팔달구 화서2동,UzA5MDAwMDczMA==,,,83.1,,45.4,29.6,17.1,4.2,3.8
경기,41,팔달구,41115,고,유신고등학교,,경기도 수원시 팔달구 우만동,UzA5MDAwMDc1MA==,,,83.0,,46.0,20.4,14.7,8.8,10.2
경기,41,팔달구,41115,고,수원고등학교,,경기도 수원시 팔달구 매교동,UzA5MDAwMDY0NQ==,,,77.9,,27.8,26.8,17.3,12.3,15.8
경기,41,팔달구,41115,고,창현고등학교,,경기도 수원시 팔달구 우만동,UzA5MDAwMDgxMg==,,,76.0,,28.3,29.5,13.0,8.6,20.6
경기,41,팔달구,41115,고,숙지고등학교,,경기도 수원시 팔달구 화서동,UzA5MDAwMDY1Nw==,,,72.3,,23.0,16.9,21.2,15.5,23.4
경기,41,팔달구,41115,고,수원여자고등학교,,경기도 수원시 팔달구 고등동,UzA5MDAwMDY0OQ==,,,69.9,,21.8,18.3,15.2,12.1,32.7
경기,41,팔달구,41115,고,율천고등학교,,경기도 수원시 팔달구 화서2동,UzA5MDAwNjUxNA==,,,69.4,,19.1,17.6,19.1,13.2,30.9
경기,41,효행구,41593,고,삼괴고등학교,,경기도 화성시 우정읍 조암리,UzA5MDAwMDYwMA==,,,73.9,,29.2,19.8,22.2,19.3,9.4
경기,41,만안구,41171,고,안양외국어고등학교,,경기도 안양시 만안구 안양3동,UzA5MDAwMDY5Nw==,,,93.1,,84.0,15.6,0.4,0.0,0.0
경기,41,만안구,41171,고,양명여자고등학교,,경기도 안양시 만안구 안양2동,UzA5MDAwMDcwNg==,,,79.9,,22.2,39.1,23.0,8.7,7.0
경기,41,만안구,41171,고,신성고등학교,,경기도 안양시 만안구 소곡로 93,UzA5MDAwMDY2Mg==,,,79.7,,50.8,13.6,19.8,12.8,3.1
경기,41,만안구,41171,고,성문고등학교,,경기도 안양시 만안구 안양동,UzA5MDAwMDYxNA==,,,77.7,,42.7,23.7,22.4,9.5,1.7
경기,41,만안구,41171,고,안양여자고등학교,,경기 안양시 만안구 안양동,UzA5MDAwMDY5Mw==,,,76.8,,31.4,29.1,20.0,16.6,2.9
경기,41,만안구,41171,고,안양예술고등학교,,경기도 안양시 만안구 안양3동,UzA5MDAwMDY5Ng==,,,75.9,,39.2,41.8,16.5,2.5,0.0
경기,41,만안구,41171,고,안양예술고등학교,,경기도 안양시 만안구 안양3동,UzA5MDAwMDY5Ng==,,,75.8,,42.5,32.5,20.0,5.0,0.0
경기,41,만안구,41171,고,안양고등학교,,경기도 안양시 만안구 박달2동,UzA5MDAwMDY5MA==,,,75.7,,15.5,31.1,21.3,19.3,12.8
경기,41,만안구,41171,고,양명고등학교,,경기도 안양시 만안구 경수대로1001번길 184,UzA5MDAwMDcwNQ==,,,73.3,,12.7,31.3,22.8,14.2,19.0
경기,41,만안구,41171,고,안양예술고등학교,,경기도 안양시 만안구 안양3동,UzA5MDAwMDY5Ng==,,,71.5,,26.3,39.5,27.6,6.6,0.0
경기,41,만안구,41171,고,신성고등학교,,경기도 안양시 만안구 소곡로 93,UzA5MDAwMDY2Mg==,,,70.3,,36.4,36.4,13.6,9.1,4.5
경기,41,만안구,41171,고,충훈고등학교,,경기도 안양시 만안구 석수3동,UzA5MDAwNDg5OA==,,,69.6,,37.9,14.3,13.8,15.6,18.3
경기,41,만안구,41171,고,안양예술고등학교,,경기도 안양시 만안구 안양3동,UzA5MDAwMDY5Ng==,,,64.4,,14.3,19.0,52.4,14.3,0.0
경기,41,만안구,41171,고,안양예술고등학교,,경기도 안양시 만안구 안양3동,UzA5MDAwMDY5Ng==,,,63.7,,4.8,39.7,34.9,12.7,7.9
경기,41,오정구,41196,고,원종고등학교,,경기도 부천시 오정구 원종동,UzA5MDAwMDc0OQ==,,,74.6,,25.5,23.2,18.2,10.5,22.7
경기,41,오정구,41196,고,수주고등학교,,경기도 부천시 오정구 고강1동,UzA5MDAwNTU4MQ==,,,72.6,,22.5,24.1,25.1,13.9,14.4
경기,41,오정구,41196,고,덕산고등학교,,경기도 부천시 오정구 오정로 266번길 69,UzA5MDAwMDUyOA==,,,68.8,,12.8,16.8,20.8,20.0,29.6
경기,41,안성시,41550,고,안법고등학교,,경기도 안성시 구포동,UzA5MDAwMDY3Mg==,,,80.4,,23.5,39.7,18.6,15.8,2.4
경기,41,안성시,41550,고,죽산고등학교,,경기도 안성시 죽산면 죽산향교길 52-9,UzA5MDAwMDgwMA==,,,77.7,,26.0,23.3,15.1,23.3,12.3
경기,41,안성시,41550,고,경기창조고등학교,,경기도 안성시 공도읍 만정리,UzA5MDAwNTgzMQ==,,,75.5,,14.2,29.1,29.4,17.8,9.5
경기,41,안성시,41550,고,가온고등학교,,경기도 안성시 발화동,UzA5MDAwMDY4OQ==,,,74.6,,15.9,41.2,9.4,10.7,22.7
경기,41,안성시,41550,고,안성고등학교,,경기도 안성시 금산동,UzA5MDAwMDY4NA==,,,72.6,,8.5,28.2,25.2,21.4,16.7
경기,41,안성시,41550,고,가온고등학교,,경기도 안성시 발화동,UzA5MDAwMDY4OQ==,,,72.0,,4.3,39.1,15.2,19.6,21.7
경기,41,안성시,41550,고,안성여자고등학교,,경기도 안성시 신소현동,UzA5MDAwMDY4Ng==,,,69.7,,9.8,20.1,21.1,20.6,28.4
경기,41,단원구,41273,고,경안고등학교,,경기도 안산시 단원구 당곡로 93,UzA5MDAwMDQ1Nw==,,,77.7,,19.9,33.6,20.2,18.4,7.9
경기,41,단원구,41273,고,안산강서고등학교,,경기도 안산시 단원구 와동,UzA5MDAwMDY3Mw==,,,72.7,,21.9,21.9,18.3,13.9,23.9
경기,41,단원구,41273,고,초지고등학교,,경기도 안산시 단원구 초지동,UzA5MDAwMDgxOQ==,,,71.5,,29.0,23.1,22.2,15.8,10.0
경기,41,단원구,41273,고,신길고등학교,,경기도 안산시 단원구 원곡동,UzA5MDAwNTY3NA==,,,71.1,,21.7,13.5,19.3,18.9,26.6
경기,41,단원구,41273,고,양지고등학교,,경기도 안산시 단원구 화정천동로 50,UzA5MDAwMDcxMw==,,,70.9,,24.7,32.2,26.8,10.5,5.9
경기,41,단원구,41273,고,고잔고등학교,,경기도 안산시 단원구 고잔동,UzA5MDAwMDQ3MQ==,,,69.2,,30.2,34.3,15.8,9.1,10.6
경기,41,단원구,41273,고,원곡고등학교,,경기도 안산시 단원구 원곡동,UzA5MDAwMDc0Nw==,,,65.3,,20.3,22.1,15.9,12.9,28.8
경기,41,단원구,41273,고,단원고등학교,,경기도 안산시 단원구 고잔동,UzA5MDAwNDkwOQ==,,,64.7,,8.7,15.2,18.7,17.4,40.0
경기,41,단원구,41273,고,대부고등학교,,경기도 안산시 단원구 대부중앙로 3,UzA5MDAwMDUyNA==,,,63.0,,17.4,17.4,26.1,0.0,39.1
경기,41,단원구,41273,고,선부고등학교,,경기 안산시 단원구 선부동,UzA5MDAwNTY2OQ==,,,63.0,,30.1,18.7,14.2,9.1,27.9
경기,41,상록구,41271,고,안산동산고등학교,,경기도 안산시 상록구 본오1동,UzA5MDAwMDY3Nw==,,,85.6,,32.2,50.7,13.9,2.9,0.3
경기,41,상록구,41271,고,성포고등학교,,경기도 안산시 상록구 성포동,UzA5MDAwNTI4Mw==,,,76.4,,49.1,20.6,17.2,8.6,4.5
경기,41,상록구,41271,고,광덕고등학교,,경기도 안산시 상록구 월피동,UzA5MDAwNTY3Ng==,,,73.9,,23.1,18.1,20.2,17.6,21.0
경기,41,상록구,41271,고,안산고등학교,,경기도 안산시 상록구 장상동,UzA5MDAwMDY3NQ==,,,73.5,,15.7,22.3,24.4,18.6,19.0
경기,41,상록구,41271,고,성안고등학교,,경기도 안산시 상록구 사1동,UzA5MDAwMDYxOA==,,,71.7,,47.0,15.8,13.3,9.3,14.7
경기,41,상록구,41271,고,송호고등학교,,경기도 안산시 상록구 이동 621~690,UzA5MDAwNDgzMw==,,,70.7,,26.9,25.8,19.3,15.6,12.4
경기,41,상록구,41271,고,부곡고등학교,,경기도 안산시 상록구 부곡동,UzA5MDAwNjU0MA==,,,70.3,,31.9,10.7,26.3,15.9,15.2
경기,41,상록구,41271,고,상록고등학교,,경기도 안산시 상록구 반석로4길 34,UzA5MDAwNTgwMQ==,,,61.2,,26.6,20.6,17.2,16.9,18.7
경기,41,포천시,41650,고,포천일고등학교,,경기도 포천시 군내면 하성북리,UzA5MDAwMDg0Mw==,,,79.8,,20.3,30.5,32.2,13.6,3.4
경기,41,포천시,41650,고,송우고등학교,,경기도 포천시 소흘읍 송우리,UzA5MDAwNTM4Mg==,,,79.2,,21.4,34.1,24.5,15.5,4.5
경기,41,포천시,41650,고,관인고등학교,,경기도 포천시 관인면 탄동리,UzA5MDAwMDQ3OA==,,,77.3,,23.1,19.2,30.8,23.1,3.8
경기,41,포천시,41650,고,포천고등학교,,경기 포천시 신읍동,UzA5MDAwMDg0MQ==,,,77.1,,22.5,28.3,19.9,20.4,8.9
경기,41,포천시,41650,고,동남고등학교,,경기도 포천시 소흘읍 송우1리,UzA5MDAwMDUzNA==,,,75.1,,18.4,26.1,20.3,18.4,16.9
경기,41,포천시,41650,고,일동고등학교,,경기도 포천시 일동면 기산리,UzA5MDAwMDc3MA==,,,69.1,,16.1,14.5,19.4,19.4,30.6
경기,41,포천시,41650,고,일동고등학교,,경기도 포천시 일동면 기산리,UzA5MDAwMDc3MA==,,,68.7,,0.0,27.3,27.3,18.2,27.3
경기,41,포천시,41650,고,포천일고등학교,,경기도 포천시 군내면 하성북리,UzA5MDAwMDg0Mw==,,,64.5,,3.9,17.1,14.5,26.3,38.2
경기,41,포천시,41650,고,포천일고등학교,,경기도 포천시 군내면 하성북리,UzA5MDAwMDg0Mw==,,,61.8,,16.0,11.1,12.3,11.1,49.4
충북,43,서원구,43112,고,세광고등학교,,,UzExMDAwMDE2MQ==,,,85.4,,42.7,22.4,20.7,6.2,7.9
충북,43,서원구,43112,고,운호고등학교,,,UzExMDAwMDE4MQ==,,,77.6,,23.8,23.8,26.6,14.8,11.1
충북,43,서원구,43112,고,산남고등학교,,충북 청주시 흥덕구 산남동,UzExMDAwMTkxNg==,,,77.4,,17.8,32.0,28.7,13.8,7.7
충북,43,서원구,43112,고,청주중앙여자고등학교,,,UzExMDAwMDIyNg==,,,77.4,,23.2,38.4,24.4,13.3,0.7
충북,43,서원구,43112,고,충북고등학교,,,UzExMDAwMDIzMQ==,,,76.8,,17.8,30.2,22.4,19.2,10.3
충북,43,서원구,43112,고,충북여자고등학교,,,UzExMDAwMDIzNQ==,,,68.1,,14.0,26.8,32.4,20.8,6.0
충북,43,흥덕구,43113,고,한국교원대학교부설고등학교,,충북 청주시 흥덕구 강내면 다락리,UzAwMDAwMzUzMw==,,,84.6,,24.8,62.9,9.5,1.9,1.0
충북,43,흥덕구,43113,고,오송고등학교,,,UzExMDAwMjAwNA==,,,79.5,,20.6,40.8,23.6,9.0,6.0
충북,43,흥덕구,43113,고,충북예술고등학교,,,UzExMDAwMDIzNg==,,,77.9,,14.6,36.6,31.7,9.8,7.3
충북,43,흥덕구,43113,고,흥덕고등학교,,,UzExMDAwMTgzOQ==,,,77.3,,24.7,26.9,21.9,16.3,10.2
충북,43,흥덕구,43113,고,봉명고등학교,,,UzExMDAwMTkxNw==,,,74.5,,15.4,27.4,21.8,20.9,14.5
충북,43,흥덕구,43113,고,충북외국어고등학교,,,UzExMDAwMDIyNA==,,,73.7,,11.0,35.0,22.7,14.1,17.2
충북,43,흥덕구,43113,고,청주고등학교,,,UzExMDAwMDIxMg==,,,73.1,,13.8,27.3,29.4,18.1,11.3
충북,43,흥덕구,43113,고,충북예술고등학교,,,UzExMDAwMDIzNg==,,,69.7,,9.1,15.2,21.2,36.4,18.2
충북,43,흥덕구,43113,고,충북대학교사범대학부설고등학교,,,UzAwMDAwMzU2OQ==,,,66.9,,11.1,21.1,17.5,18.7,31.6
충북,43,흥덕구,43113,고,서원고등학교,,,UzExMDAwMTg0MA==,,,66.4,,8.5,14.1,29.6,22.9,25.0
충북,43,흥덕구,43113,고,충북예술고등학교,,,UzExMDAwMDIzNg==,,,59.0,,0.0,11.1,16.7,16.7,55.6
충북,43,상당구,43111,고,충북과학고등학교,,,UzExMDAwMDIzMw==,,,79.9,,72.2,22.2,3.7,1.9,0.0
충북,43,상당구,43111,고,일신여자고등학교,,,UzExMDAwMDE4Nw==,,,76.2,,20.3,19.9,21.8,18.4,19.5
충북,43,상당구,43111,고,충북에너지고등학교,,,UzExMDAwMDE1MA==,,,75.0,,14.8,18.5,33.3,18.5,14.8
충북,43,상당구,43111,고,청석고등학교,,,UzExMDAwMDIxMQ==,,,74.6,,24.9,37.5,21.7,12.3,3.6
충북,43,상당구,43111,고,주성고등학교,,,UzExMDAwMTg0MQ==,,,74.3,,19.7,18.9,21.7,21.7,18.1
충북,43,상당구,43111,고,충북에너지고등학교,,,UzExMDAwMDE1MA==,,,72.1,,6.7,30.0,16.7,36.7,10.0
충북,43,상당구,43111,고,금천고등학교,,,UzExMDAwMDEzNg==,,,71.8,,31.1,26.1,23.0,14.4,5.4
충북,43,상당구,43111,고,상당고등학교,,,UzExMDAwMDE1OQ==,,,68.7,,11.8,26.7,32.8,21.4,7.3
충북,43,청원구,43114,고,청원고등학교,,,UzExMDAwMTkxNQ==,,,85.6,,33.2,52.3,13.5,0.5,0.5
충북,43,청원구,43114,고,양청고등학교,,,UzExMDAwMTg4OA==,,,81.3,,17.0,48.2,25.7,7.2,1.8
충북,43,청원구,43114,고,청주여자고등학교,,,UzExMDAwMDIyMA==,,,76.9,,21.9,25.8,21.5,19.0,11.8
충북,43,청원구,43114,고,오창고등학교,,,UzExMDAwMDE3Ng==,,,75.1,,5.9,32.4,36.5,17.6,7.6
충북,43,청원구,43114,고,청주신흥고등학교,,,UzExMDAwMDE2NA==,,,73.8,,18.3,20.7,21.9,21.5,17.5
충북,43,청원구,43114,고,청주대성고등학교,,,UzExMDAwMDIxNw==,,,72.4,,14.6,18.7,26.0,16.3,24.4
충북,43,증평군,43745,고,형석고등학교,,,UzExMDAwMDI1OA==,,,74.1,,7.6,34.5,23.5,23.5,10.9
충북,43,음성군,43770,고,충북반도체고등학교,,,UzExMDAwMDEzNA==,,,79.7,,37.2,20.2,19.1,9.6,13.8
충북,43,음성군,43770,고,음성고등학교,,,UzExMDAwMDE4Mw==,,,75.6,,16.1,24.2,29.8,22.4,7.5
충북,43,음성군,43770,고,동성고등학교,,,UzExMDAwMjMwNQ==,,,72.0,,16.6,27.8,23.1,26.6,5.9
충북,43,음성군,43770,고,매괴고등학교,,,UzExMDAwMDE0NA==,,,70.3,,17.0,19.6,11.6,20.5,31.3
충북,43,음성군,43770,고,대금고등학교,,,UzExMDAwMjA4MQ==,,,69.0,,20.4,23.7,22.4,21.7,11.8
충북,43,보은군,43720,고,보은여자고등학교,,,UzExMDAwMDE1NQ==,,,81.2,,20.0,50.0,17.5,5.0,7.5
충북,43,보은군,43720,고,보은고등학교,,,UzExMDAwMDE1MQ==,,,74.6,,25.3,20.5,21.7,19.3,13.3
충북,43,옥천군,43730,고,옥천고등학교,,,UzExMDAwMDE3Nw==,,,70.7,,10.4,22.9,21.4,22.4,22.9
충북,43,옥천군,43730,고,청산고등학교,,,UzExMDAwMDIwOQ==,,,64.3,,0.0,15.0,30.0,25.0,30.0
충북,43,충주시,43130,고,충주예성여자고등학교,,,UzExMDAwMDI1MA==,,,77.5,,21.2,32.7,20.6,16.4,9.1
충북,43,충주시,43130,고,충주고등학교,,,UzExMDAwMDI0Mg==,,,75.7,,15.0,44.4,24.6,15.0,1.1
충북,43,충주시,43130,고,중앙탑고등학교,,,UzExMDAwMjMwMA==,,,75.4,,23.0,29.7,18.9,13.5,14.9
충북,43,충주시,43130,고,충주여자고등학교,,,UzExMDAwMDI0OA==,,,75.0,,18.3,27.2,30.9,18.3,5.2
충북,43,충주시,43130,고,국원고등학교,,,UzExMDAwMDI0NQ==,,,74.3,,11.6,30.1,21.2,23.3,13.7
충북,43,충주시,43130,고,충주중산고등학교,,,UzExMDAwMDE5OA==,,,72.3,,6.1,28.2,42.7,20.6,2.3
충북,43,충주시,43130,고,충주대원고등학교,,,UzExMDAwMDE0Mw==,,,72.0,,23.8,26.0,30.4,12.2,7.7
충북,43,충주시,43130,고,충주예성여자고등학교,,,UzExMDAwMDI1MA==,,,65.5,,0.0,27.3,18.2,18.2,36.4
충북,43,충주시,43130,고,충원고등학교,,,UzExMDAwMDI0MQ==,,,58.2,,33.3,12.7,20.6,22.2,11.1
충북,43,제천시,43150,고,제천제일고등학교,,,UzExMDAwMDE5Mw==,,,79.4,,32.3,33.8,16.9,3.1,13.8
충북,43,제천시,43150,고,제천여자고등학교,,,UzExMDAwMDE5NQ==,,,75.7,,19.9,24.7,23.5,19.3,12.7
충북,43,제천시,43150,고,세명고등학교,,,UzExMDAwMDE2Mg==,,,74.1,,11.9,27.7,22.0,24.3,14.1
충북,43,제천시,43150,고,제천고등학교,,,UzExMDAwMDE5MQ==,,,73.6,,16.9,24.7,24.7,18.7,15.1
충북,43,영동군,43740,고,영동고등학교,,,UzExMDAwMDE2OA==,,,74.2,,9.5,25.9,29.3,25.9,9.5
충북,43,영동군,43740,고,학산고등학교,,,UzExMDAwMDI1NA==,,,72.2,,0.0,50.0,16.7,16.7,16.7
충북,43,영동군,43740,고,황간고등학교,,,UzExMDAwMDI1OQ==,,,68.2,,0.0,23.8,19.0,28.6,28.6
충북,43,진천군,43750,고,광혜원고등학교,,,UzExMDAwMDEyOQ==,,,81.2,,25.9,42.4,16.5,7.1,8.2
충북,43,진천군,43750,고,진천고등학교,,,UzExMDAwMDIwNA==,,,77.8,,16.8,30.1,30.6,13.9,8.7
충북,43,진천군,43750,고,서전고등학교,,,UzExMDAwMjE3MQ==,,,74.1,,24.4,18.8,16.9,17.8,22.1
충북,43,진천군,43750,고,한국바이오마이스터고등학교,,,UzExMDAwMDIwNQ==,,,67.7,,8.6,16.1,23.7,20.4,31.2
충북,43,진천군,43750,고,충북체육고등학교,,,UzExMDAwMDI0MA==,,,63.5,,30.0,11.8,30.9,21.8,5.5
충북,43,괴산군,43760,고,괴산고등학교,,,UzExMDAwMDEzMA==,,,74.5,,42.4,34.1,12.1,5.3,6.1
충북,43,단양군,43800,고,단양고등학교,,충북 단양군 단양읍 도전리,UzExMDAwMDEzOA==,,,62.9,,2.8,18.7,16.8,23.4,38.3
충남,44,서북구,44133,고,충남예술고등학교,,,UzEyMDAwMDI1NQ==,,,81.9,,30.4,37.5,19.6,10.7,1.8
충남,44,서북구,44133,고,천안신당고등학교,,,UzEyMDAwMjUzMQ==,,,79.8,,34.1,21.1,24.0,11.4,9.5
충남,44,서북구,44133,고,천안쌍용고등학교,,,UzEyMDAwMjUxMQ==,,,79.1,,23.9,29.1,28.6,12.2,6.3
충남,44,서북구,44133,고,천안불당고등학교,,,UzEyMDAwMjg5Mg==,,,77.9,,16.7,32.6,28.6,14.9,7.2
충남,44,서북구,44133,고,천안두정고등학교,,,UzEyMDAwMjQ2Mw==,,,75.8,,22.2,26.7,20.4,13.8,17.0
충남,44,서북구,44133,고,충남예술고등학교,,,UzEyMDAwMDI1NQ==,,,74.6,,8.0,36.0,16.0,20.0,20.0
충남,44,서북구,44133,고,충남예술고등학교,,,UzEyMDAwMDI1NQ==,,,72.0,,18.5,18.5,22.2,16.7,24.1
충남,44,서북구,44133,고,천안업성고등학교,,,UzEyMDAwMjU1Mg==,,,69.3,,16.2,20.6,18.6,17.7,27.0
충남,44,서북구,44133,고,천안오성고등학교,,,UzEyMDAwMjU1Mw==,,,64.2,,7.1,18.0,18.7,17.0,39.2
충남,44,서북구,44133,고,천안월봉고등학교,,,UzEyMDAwMjQ2NA==,,,63.2,,19.9,21.6,30.4,15.4,12.7
충남,44,보령시,44180,고,대천여자고등학교,,,UzEyMDAwMDE2MA==,,,72.9,,8.4,23.8,31.5,23.1,13.3
충남,44,보령시,44180,고,대천고등학교,,,UzEyMDAwMDE1OA==,,,68.2,,3.7,20.6,24.3,27.9,23.5
충남,44,보령시,44180,고,웅천고등학교,,,UzEyMDAwMDIyMQ==,,,66.2,,13.3,13.3,25.0,25.0,23.3
충남,44,계룡시,44250,고,계룡고등학교,,,UzEyMDAwMjU0Ng==,,,78.8,,21.3,32.8,24.6,15.8,5.5
충남,44,계룡시,44250,고,용남고등학교,,,UzEyMDAwMDIxOA==,,,77.5,,30.5,21.6,17.1,15.6,15.2
충남,44,동남구,44131,고,북일고등학교,,,UzEyMDAwMDI0MQ==,,,86.0,,45.7,40.7,6.7,2.2,4.7
충남,44,동남구,44131,고,복자여자고등학교,,,UzEyMDAwMDE2OA==,,,84.8,,37.2,38.1,19.5,3.5,1.8
충남,44,동남구,44131,고,천안고등학교,,,UzEyMDAwMDIzOA==,,,78.9,,24.1,34.0,21.1,12.9,7.9
충남,44,동남구,44131,고,천안중앙고등학교,,,UzEyMDAwMDI0Ng==,,,78.8,,14.4,31.5,38.0,14.9,1.2
충남,44,동남구,44131,고,북일여자고등학교,,,UzEyMDAwMDI0Mg==,,,74.2,,37.0,25.1,20.5,14.6,2.7
충남,44,동남구,44131,고,천안여자고등학교,,,UzEyMDAwMDI0NA==,,,74.1,,18.0,29.1,23.0,27.0,2.9
충남,44,동남구,44131,고,목천고등학교,,,UzEyMDAwMDE2Ng==,,,72.3,,19.4,12.9,21.5,29.0,17.2
충남,44,동남구,44131,고,천안청수고등학교,,,UzEyMDAwMjU0Nw==,,,64.6,,10.0,14.7,16.4,22.4,36.6
충남,44,아산시,44200,고,충남삼성고등학교,,,UzEyMDAwMjg3MA==,,,88.1,,46.2,47.0,6.3,0.5,0.0
충남,44,아산시,44200,고,충남외국어고등학교,,,UzEyMDAwMjUzMg==,,,86.2,,38.7,46.7,10.2,2.9,1.5
충남,44,아산시,44200,고,설화고등학교,,,UzEyMDAwMjY2Nw==,,,84.1,,46.0,27.9,13.7,5.8,6.6
충남,44,아산시,44200,고,아산스마트팩토리마이스터고등학교,,,UzEyMDAwMDE2NA==,,,81.9,,33.3,34.6,12.8,14.1,5.1
충남,44,아산시,44200,고,한올고등학교,,,UzEyMDAwMDIxNw==,,,80.1,,27.7,31.9,25.5,4.3,10.6
충남,44,아산시,44200,고,온양용화고등학교,,,UzEyMDAwMjQ2OA==,,,75.7,,30.8,16.0,17.0,9.4,26.8
충남,44,아산시,44200,고,이순신고등학교,,,UzEyMDAwMjk2NQ==,,,73.8,,31.6,23.0,23.6,9.8,12.1
충남,44,아산시,44200,고,아산충무고등학교,,,UzEyMDAwMzAwMA==,,,71.5,,16.8,22.4,21.7,13.0,26.1
충남,44,아산시,44200,고,한올고등학교,,,UzEyMDAwMDIxNw==,,,70.0,,23.0,22.2,12.9,11.7,30.2
충남,44,아산시,44200,고,온양고등학교,,,UzEyMDAwMDIxMw==,,,69.9,,14.1,14.7,29.8,17.9,23.5
충남,44,아산시,44200,고,아산고등학교,,,UzEyMDAwMDE5NA==,,,67.5,,12.0,17.5,19.1,19.4,32.0
충남,44,아산시,44200,고,배방고등학교,,,UzEyMDAwMjgzNA==,,,63.7,,11.1,19.3,16.1,15.9,37.5
충남,44,아산시,44200,고,온양여자고등학교,,,UzEyMDAwMDIxNA==,,,60.4,,4.7,13.5,16.8,18.8,46.2
충남,44,공주시,44150,고,국립공주대학교사범대학부설고등학교,,,UzAwMDAwMzQ5Ng==,,,87.1,,38.1,55.1,6.8,0.0,0.0
충남,44,공주시,44150,고,충남과학고등학교,,,UzEyMDAwMDI1NA==,,,84.3,,90.3,8.3,1.4,0.0,0.0
충남,44,공주시,44150,고,한일고등학교,,,UzEyMDAwMDI2NA==,,,83.4,,25.4,45.2,23.0,5.6,0.8
충남,44,공주시,44150,고,공주고등학교,,,UzEyMDAwMDEzMQ==,,,79.6,,23.1,33.1,23.8,12.5,7.5
충남,44,공주시,44150,고,공주금성여자고등학교,,,UzEyMDAwMDEzMw==,,,77.6,,55.9,25.4,17.8,0.8,0.0
충남,44,공주시,44150,고,공주여자고등학교,,,UzEyMDAwMDEzNQ==,,,71.9,,11.0,25.2,15.7,26.8,21.3
충남,44,공주시,44150,고,공주영명고등학교,,,UzEyMDAwMDEzNw==,,,66.6,,7.1,9.8,22.3,30.4,30.4
충남,44,서천군,44770,고,충남디자인예술고등학교,,,UzEyMDAwMDI2Mg==,,,84.1,,35.6,37.3,18.6,6.8,1.7
충남,44,서천군,44770,고,장항고등학교,,,UzEyMDAwMDIyNg==,,,79.8,,25.5,32.7,21.8,14.5,5.5
충남,44,서천군,44770,고,서천고등학교,,,UzEyMDAwMDE4Mw==,,,79.7,,21.3,33.8,28.8,7.5,8.8
충남,44,서천군,44770,고,서천여자고등학교,,,UzEyMDAwMDE4NA==,,,79.5,,27.3,29.1,34.5,3.6,5.5
충남,44,논산시,44230,고,연무고등학교,,,UzEyMDAwMDE5Nw==,,,77.2,,8.4,30.3,45.4,12.6,3.4
충남,44,논산시,44230,고,논산고등학교,,,UzEyMDAwMDE0OQ==,,,74.0,,1.3,30.0,38.8,21.3,8.8
충남,44,논산시,44230,고,강경고등학교,,,UzEyMDAwMDEyNA==,,,73.3,,5.7,34.3,17.1,31.4,11.4
충남,44,논산시,44230,고,연무마이스터고등학교,,,UzEyMDAwMDE5OQ==,,,72.4,,3.3,26.7,36.7,16.7,16.7
충남,44,논산시,44230,고,쌘뽈여자고등학교,,,UzEyMDAwMDE5Mw==,,,71.0,,6.0,21.4,29.1,24.8,18.8
충남,44,논산시,44230,고,논산대건고등학교,,,UzEyMDAwMDE1MQ==,,,70.2,,51.3,35.7,11.0,1.9,0.0
충남,44,논산시,44230,고,건양대학교병설건양고등학교,,,UzEyMDAwMDEyOA==,,,67.5,,12.2,12.2,19.5,22.0,34.1
충남,44,논산시,44230,고,논산여자고등학교,,,UzEyMDAwMDE1Mg==,,,64.9,,2.9,17.4,20.3,31.9,27.5
충남,44,논산시,44230,고,연무마이스터고등학교,,,UzEyMDAwMDE5OQ==,,,64.1,,0.0,16.7,16.7,33.3,33.3
충남,44,논산시,44230,고,연무마이스터고등학교,,,UzEyMDAwMDE5OQ==,,,63.1,,3.3,13.3,16.7,26.7,40.0
충남,44,논산시,44230,고,충남체육고등학교,,,UzEyMDAwMDI1Nw==,,,53.4,,10.3,20.5,6.4,6.4,56.4
충남,44,금산군,44710,고,금산여자고등학교,,,UzEyMDAwMDE0Nw==,,,74.4,,8.1,34.3,29.3,19.2,9.1
충남,44,금산군,44710,고,금산고등학교,,,UzEyMDAwMDE0NA==,,,70.9,,6.4,20.2,28.4,29.4,15.6
충남,44,홍성군,44800,고,홍성여자고등학교,,,UzEyMDAwMDI3NA==,,,81.3,,27.5,31.3,29.8,9.9,1.5
충남,44,홍성군,44800,고,홍성고등학교,,,UzEyMDAwMDI3Mg==,,,79.3,,28.4,33.6,19.6,8.8,9.6
충남,44,홍성군,44800,고,홍주고등학교,,,UzEyMDAwMDI3Ng==,,,69.1,,15.5,13.9,17.1,22.5,31.0
충남,44,홍성군,44800,고,갈산고등학교,,,UzEyMDAwMDEyMw==,,,65.3,,5.0,20.0,21.7,21.7,31.7
충남,44,홍성군,44800,고,서해삼육고등학교,,,UzEyMDAwMDE4Nw==,,,65.1,,23.3,10.0,11.7,13.3,41.7
충남,44,당진시,44270,고,합덕제철고등학교,,,UzEyMDAwMDI2NQ==,,,80.0,,27.5,31.3,25.0,7.5,8.8
충남,44,당진시,44270,고,신평고등학교,,,UzEyMDAwMDE5MQ==,,,78.0,,22.3,29.8,30.2,11.2,6.5
충남,44,당진시,44270,고,호서고등학교,,,UzEyMDAwMDI2OQ==,,,72.2,,15.7,22.3,19.5,17.6,25.0
충남,44,당진시,44270,고,서야고등학교,,,UzEyMDAwMDE4MQ==,,,70.7,,12.2,22.0,15.9,23.2,26.8
충남,44,당진시,44270,고,송악고등학교,,,UzEyMDAwMDE5MA==,,,69.9,,13.7,18.5,20.6,21.5,25.8
충남,44,당진시,44270,고,당진고등학교,,,UzEyMDAwMDE1NA==,,,67.3,,11.8,15.4,20.0,19.3,33.6
충남,44,당진시,44270,고,합덕고등학교,,,UzEyMDAwMDI2Nw==,,,65.7,,12.5,12.5,25.0,9.4,40.6
충남,44,부여군,44760,고,부여여자고등학교,,,UzEyMDAwMDE3Mg==,,,73.3,,6.9,29.7,21.8,30.7,10.9
충남,44,부여군,44760,고,한국식품마이스터고등학교,,,UzEyMDAwMDI3MA==,,,70.3,,6.8,20.5,27.3,27.3,18.2
충남,44,부여군,44760,고,부여고등학교,,,UzEyMDAwMDE3MA==,,,68.6,,16.1,17.5,11.7,19.0,35.8
충남,44,서산시,44210,고,서산중앙고등학교,,,UzEyMDAwMDE3OA==,,,86.9,,51.1,23.4,14.9,6.4,4.3
충남,44,서산시,44210,고,서령고등학교,,,UzEyMDAwMDE3Ng==,,,79.9,,31.2,24.7,22.8,13.7,7.6
충남,44,서산시,44210,고,서산여자고등학교,,,UzEyMDAwMDE4MA==,,,79.7,,21.5,33.5,29.9,10.0,5.2
충남,44,서산시,44210,고,서산중앙고등학교,,,UzEyMDAwMDE3OA==,,,79.7,,30.4,21.7,26.1,17.4,4.3
충남,44,서산시,44210,고,서산중앙고등학교,,,UzEyMDAwMDE3OA==,,,79.6,,17.4,30.4,39.1,8.7,4.3
충남,44,서산시,44210,고,대산고등학교,,,UzEyMDAwMjYwMA==,,,75.1,,11.7,28.5,28.5,22.3,8.9
충남,44,서산시,44210,고,서일고등학교,,,UzEyMDAwMDE4Mg==,,,73.9,,30.0,21.3,23.8,11.9,13.1
충남,44,서산시,44210,고,부석고등학교,,,UzEyMDAwMDE2OQ==,,,71.7,,16.2,19.7,18.8,21.4,23.9
충남,44,서산시,44210,고,서산중앙고등학교,,,UzEyMDAwMDE3OA==,,,67.2,,8.8,16.1,21.8,23.8,29.5
충남,44,서산시,44210,고,서산고등학교,,,UzEyMDAwMDE3Nw==,,,63.5,,2.5,20.3,19.5,24.6,33.1
충남,44,예산군,44810,고,대흥고등학교,,,UzEyMDAwMDE2Mg==,,,85.0,,34.1,41.5,17.1,7.3,0.0
충남,44,예산군,44810,고,덕산고등학교,,,UzEyMDAwMDE2Mw==,,,74.9,,21.3,37.4,25.9,10.3,5.2
충남,44,예산군,44810,고,예산고등학교,,,UzEyMDAwMDIwNg==,,,74.8,,19.3,26.7,17.4,15.5,21.1
충남,44,예산군,44810,고,예산여자고등학교,,,UzEyMDAwMDIwOA==,,,73.7,,15.0,30.0,22.0,16.0,17.0
충남,44,예산군,44810,고,삽교고등학교,,,UzEyMDAwMDE3NQ==,,,71.6,,10.3,37.9,40.2,5.7,5.7
충남,44,예산군,44810,고,삽교고등학교,,,UzEyMDAwMDE3NQ==,,,64.1,,10.0,25.0,30.0,20.0,15.0
충남,44,태안군,44825,고,태안고등학교,,,UzEyMDAwMDI1OQ==,,,75.9,,19.5,34.1,19.5,14.6,12.2
충남,44,태안군,44825,고,태안여자고등학교,,,UzEyMDAwMDI2MA==,,,70.7,,11.4,17.1,25.7,22.9,22.9
충남,44,태안군,44825,고,안면고등학교,,,UzEyMDAwMDE5NQ==,,,70.1,,11.5,11.5,19.2,38.5,19.2
충남,44,태안군,44825,고,만리포고등학교,,,UzEyMDAwMDE2NQ==,,,67.3,,13.8,17.2,20.7,17.2,31.0
충남,44,태안군,44825,고,태안여자고등학교,,,UzEyMDAwMDI2MA==,,,64.6,,4.0,13.1,20.2,28.3,34.3
충남,44,청양군,44790,고,청양고등학교,,,UzEyMDAwMjcyNw==,,,73.0,,26.9,21.8,16.7,7.7,26.9
충남,44,청양군,44790,고,정산고등학교,,,UzEyMDAwMDI1Mg==,,,70.4,,18.5,20.4,20.4,14.8,25.9
충남,44,청양군,44790,고,청양고등학교,,,UzEyMDAwMjcyNw==,,,69.6,,10.5,5.3,42.1,15.8,26.3
충남,44,청양군,44790,고,청양고등학교,,,UzEyMDAwMjcyNw==,,,64.6,,6.7,16.7,13.3,20.0,43.3
전남,46,구례군,46730,고,구례고등학교,,,UzE0MDAwMDE3OA==,,,68.4,,15.9,38.1,30.2,11.1,4.8
전남,46,함평군,46860,고,함평고등학교,,,UzE0MDAwMDMyMw==,,,74.6,,23.8,40.0,26.3,10.0,0.0
전남,46,함평군,46860,고,함평골프고등학교,,,UzE0MDAwMDMyNA==,,,73.4,,18.2,30.3,33.3,15.2,3.0
전남,46,함평군,46860,고,함평학다리고등학교,,,UzE0MDAwMDMyMA==,,,65.8,,22.1,42.1,23.2,5.3,7.4
전남,46,장성군,46880,고,문향고등학교,,,UzE0MDAwMDI5Ng==,,,80.8,,23.8,61.9,6.0,7.1,1.2
전남,46,장성군,46880,고,장성고등학교,,,UzE0MDAwMDI5NQ==,,,80.5,,24.4,23.7,29.0,20.6,2.3
전남,46,보성군,46780,고,벌교고등학교,,,UzE0MDAwMDIxOQ==,,,77.3,,62.2,16.7,14.4,6.7,0.0
전남,46,보성군,46780,고,벌교여자고등학교,,,UzE0MDAwMDIyMQ==,,,76.7,,20.0,40.0,10.0,20.0,10.0
전남,46,보성군,46780,고,보성고등학교,,,UzE0MDAwMDIyNA==,,,65.4,,24.0,14.0,22.0,16.0,24.0
전남,46,보성군,46780,고,예당고등학교,,,UzE0MDAwMDI4OQ==,,,59.5,,19.2,11.5,21.2,28.8,19.2
전남,46,곡성군,46720,고,곡성고등학교,,,UzE0MDAwMzkzMg==,,,71.7,,28.4,17.9,40.3,11.9,1.5
전남,46,곡성군,46720,고,옥과고등학교,,,UzE0MDAwMDI5MA==,,,67.5,,27.5,22.5,23.8,23.8,2.5
전남,46,담양군,46710,고,창평고등학교,,,UzE0MDAwMDMxNw==,,,74.3,,51.1,28.2,16.0,4.8,0.0
전남,46,담양군,46710,고,담양고등학교,,,UzE0MDAwMDE4OQ==,,,67.2,,22.1,40.0,32.6,3.2,2.1
전남,46,영광군,46870,고,해룡고등학교,,,UzE0MDAwMDMzMA==,,,74.9,,33.1,37.7,22.5,4.0,2.6
전남,46,영광군,46870,고,영광고등학교,,,UzE0MDAwMDI3NQ==,,,74.1,,16.5,41.2,40.2,2.1,0.0
전남,46,장흥군,46800,고,장흥고등학교,,,UzE0MDAwMDI5OQ==,,,77.1,,7.0,42.1,27.2,17.5,6.1
전남,46,장흥군,46800,고,장흥관산고등학교,,,UzE0MDAwMDMwMA==,,,64.8,,8.3,25.0,8.3,25.0,33.3
전남,46,화순군,46790,고,능주고등학교,,,UzE0MDAwMDE4OA==,,,83.2,,47.0,30.9,16.8,5.4,0.0
전남,46,화순군,46790,고,화순이양고등학교,,,UzE0MDAwMDMzNg==,,,77.0,,24.2,30.3,33.3,12.1,0.0
전남,46,화순군,46790,고,화순고등학교,,,UzE0MDAwMDMzNA==,,,73.3,,25.0,37.0,26.0,5.5,6.5
전남,46,순천시,46150,고,한국바둑고등학교,,,UzE0MDAwMDMxMA==,,,72.7,,14.3,33.3,9.5,14.3,28.6
전남,46,순천시,46150,고,순천매산여자고등학교,,,UzE0MDAwMDI0Nw==,,,72.2,,38.7,20.4,29.0,11.3,0.5
전남,46,순천시,46150,고,순천복성고등학교,,,UzE0MDAwNTQ1MA==,,,72.1,,32.8,30.1,23.0,8.7,5.5
전남,46,순천시,46150,고,순천팔마고등학교,,,UzE0MDAwNTM0Nw==,,,69.2,,31.5,28.7,28.7,3.9,7.3
전남,46,순천시,46150,고,순천금당고등학교,,,UzE0MDAwMDI0NQ==,,,68.7,,39.2,24.0,21.2,10.1,5.5
전남,46,순천시,46150,고,순천고등학교,,,UzE0MDAwMDI0Mg==,,,66.9,,34.4,23.7,27.0,10.7,4.2
전남,46,순천시,46150,고,순천효천고등학교,,,UzE0MDAwMDI1NQ==,,,65.2,,32.2,21.0,16.6,19.5,10.7
전남,46,순천시,46150,고,순천강남여자고등학교,,,UzE0MDAwMDI0MQ==,,,64.7,,10.4,25.5,28.1,15.6,20.3
전남,46,순천시,46150,고,순천여자고등학교,,,UzE0MDAwMDI0OQ==,,,64.3,,27.0,26.5,27.9,14.9,3.7
전남,46,순천시,46150,고,순천제일고등학교,,,UzE0MDAwMDI1Mg==,,,62.8,,15.6,24.3,34.1,15.0,11.0
전남,46,순천시,46150,고,순천매산고등학교,,,UzE0MDAwMDI0Ng==,,,62.0,,25.7,26.2,19.2,16.4,12.6
전남,46,무안군,46840,고,전남예술고등학교,,,UzE0MDAwMDMwMw==,,,74.9,,39.3,28.6,19.6,12.5,0.0
전남,46,무안군,46840,고,남악고등학교,,,UzE0MDAwNTMyNQ==,,,74.4,,15.3,35.1,30.2,16.7,2.7
전남,46,무안군,46840,고,전남체육고등학교,,,UzE0MDAwNDg4Mg==,,,73.8,,20.3,35.6,28.8,13.6,1.7
전남,46,무안군,46840,고,무안고등학교,,,UzE0MDAwMDIxMw==,,,72.2,,11.2,24.9,26.9,17.3,19.8
전남,46,무안군,46840,고,전남예술고등학교,,,UzE0MDAwMDMwMw==,,,67.6,,23.1,23.1,34.6,7.7,11.5
전남,46,무안군,46840,고,백제고등학교,,,UzE0MDAwMDIxNw==,,,66.5,,16.5,19.5,30.8,30.1,3.0
전남,46,무안군,46840,고,전남예술고등학교,,,UzE0MDAwMDMwMw==,,,65.1,,18.9,17.0,41.5,17.0,5.7
전남,46,강진군,46810,고,성전고등학교,,,UzE0MDAwMDIzOA==,,,67.4,,15.0,30.0,35.0,20.0,0.0
전남,46,강진군,46810,고,강진고등학교,,,UzE0MDAwMDE2Mg==,,,63.7,,16.4,22.7,29.1,30.0,1.8
전남,46,광양시,46230,고,광양제철고등학교,,,UzE0MDAwMDE3Nw==,,,77.1,,37.5,24.1,17.0,12.9,8.5
전남,46,광양시,46230,고,한국항만물류고등학교,,전남 광양시 진상면 섬거리,UzE0MDAwMDMxNA==,,,75.6,,32.0,50.0,16.0,2.0,0.0
전남,46,광양시,46230,고,광양백운고등학교,,,UzE0MDAwMDE5NQ==,,,69.7,,29.3,27.8,29.8,9.1,4.0
전남,46,광양시,46230,고,광양고등학교,,,UzE0MDAwMDE3NA==,,,68.0,,19.5,39.1,29.9,7.5,4.0
전남,46,광양시,46230,고,광양여자고등학교,,,UzE0MDAwMDE3Ng==,,,66.5,,13.9,32.9,40.5,8.1,4.6
전남,46,광양시,46230,고,중마고등학교,,,UzE0MDAwNTMyNw==,,,66.5,,22.6,36.4,28.2,10.8,2.1
전남,46,광양시,46230,고,한국창의예술고등학교,,,UzE0MDAwNTU2Mw==,,,63.7,,4.5,34.1,40.9,18.2,2.3
전남,46,광양시,46230,고,광영고등학교,,,UzE0MDAwNTM3OQ==,,,63.5,,18.0,37.0,29.1,13.2,2.6
전남,46,광양시,46230,고,한국항만물류고등학교,,전남 광양시 진상면 섬거리,UzE0MDAwMDMxNA==,,,62.3,,13.9,19.4,33.3,25.0,8.3
전남,46,나주시,46170,고,봉황고등학교,,,UzE0MDAwMDIyOA==,,,78.3,,23.3,30.1,22.7,12.9,11.0
전남,46,나주시,46170,고,전남과학고등학교,,,UzE0MDAwMDMwMg==,,,78.2,,37.0,45.7,17.3,0.0,0.0
전남,46,나주시,46170,고,영산고등학교,,,UzE0MDAwMDI4Mg==,,,72.0,,27.6,22.9,30.5,11.4,7.6
전남,46,나주시,46170,고,전남외국어고등학교,,,UzE0MDAwMDMwNA==,,,70.2,,30.7,41.6,19.8,7.9,0.0
전남,46,나주시,46170,고,나주고등학교,,,UzE0MDAwMDE4NA==,,,67.5,,19.0,25.6,24.8,15.7,14.9
전남,46,나주시,46170,고,매성고등학교,,,UzE0MDAwNTU3NA==,,,67.1,,26.1,25.5,31.8,14.6,1.9
전남,46,나주시,46170,고,금성고등학교,,,UzE0MDAwMDE4Mg==,,,66.2,,28.6,18.5,28.6,13.4,10.9
전남,46,나주시,46170,고,광남고등학교,,,UzE0MDAwMDE3Mw==,,,65.8,,48.5,12.1,6.1,9.1,24.2
전남,46,여수시,46130,고,여수석유화학고등학교,,,UzE0MDAwMDI2Ng==,,,74.6,,5.6,27.8,27.8,38.9,0.0
전남,46,여수시,46130,고,여수중앙여자고등학교,,전남 여수시 덕충동,UzE0MDAwMDI2OA==,,,73.8,,14.7,24.5,29.4,23.9,7.4
전남,46,여수시,46130,고,부영여자고등학교,,,UzE0MDAwMDIyOQ==,,,71.1,,24.3,39.2,23.2,11.6,1.7
전남,46,여수시,46130,고,여수석유화학고등학교,,,UzE0MDAwMDI2Ng==,,,70.5,,0.0,21.1,31.6,26.3,21.1
전남,46,여수시,46130,고,여양고등학교,,,UzE0MDAwMDI3MA==,,,69.9,,13.1,27.9,27.9,25.4,5.7
전남,46,여수시,46130,고,여수석유화학고등학교,,,UzE0MDAwMDI2Ng==,,,69.5,,11.7,21.7,31.7,16.7,18.3
전남,46,여수시,46130,고,한영고등학교,,,UzE0MDAwMDMyMg==,,,68.6,,29.5,29.5,25.9,12.0,3.0
전남,46,여수시,46130,고,여수고등학교,,,UzE0MDAwMDI2Mg==,,,67.9,,29.7,24.4,24.4,18.6,2.9
전남,46,여수시,46130,고,여천고등학교,,,UzE0MDAwMDI3MQ==,,,66.8,,35.5,19.5,28.4,15.4,1.2
전남,46,여수시,46130,고,여남고등학교,,,UzE0MDAwMDI2MQ==,,,66.3,,28.6,28.6,28.6,14.3,0.0
전남,46,여수시,46130,고,여수충무고등학교,,,UzE0MDAwNTMxOA==,,,63.5,,30.5,15.3,29.4,16.9,7.9
전남,46,여수시,46130,고,여수화양고등학교,,,UzE0MDAwMDI2OQ==,,,62.0,,32.5,22.9,26.5,9.6,8.4
전남,46,여수시,46130,고,여수여자고등학교,,,UzE0MDAwMDI2NQ==,,,61.3,,27.0,25.2,24.5,19.6,3.7
전남,46,진도군,46900,고,진도고등학교,,,UzE0MDAwMDMxMg==,,,77.2,,32.0,28.0,32.0,6.7,1.3
전남,46,진도군,46900,고,조도고등학교,,,UzE0MDAwMDMwNw==,,,71.3,,28.6,35.7,7.1,21.4,7.1
전남,46,진도군,46900,고,진도국악고등학교,,,UzE0MDAwMDIzNQ==,,,69.9,,0.0,25.0,31.3,18.8,25.0
전남,46,완도군,46890,고,완도고등학교,,,UzE0MDAwMDI5MQ==,,,75.9,,21.7,30.2,27.1,14.7,6.2
전남,46,완도군,46890,고,완도수산고등학교,,,UzE0MDAwMDI5Mw==,,,74.9,,50.0,22.2,13.9,5.6,8.3
전남,46,완도군,46890,고,완도금일고등학교,,,UzE0MDAwMDI5Mg==,,,71.5,,50.0,33.3,8.3,8.3,0.0
전남,46,완도군,46890,고,완도수산고등학교,,,UzE0MDAwMDI5Mw==,,,70.3,,47.6,9.5,19.0,9.5,14.3
전남,46,완도군,46890,고,노화고등학교,,,UzE0MDAwMDE4Nw==,,,65.4,,48.1,7.4,22.2,3.7,18.5
전남,46,완도군,46890,고,완도수산고등학교,,,UzE0MDAwMDI5Mw==,,,63.9,,31.6,21.1,10.5,5.3,31.6
전남,46,완도군,46890,고,고금고등학교,,,UzE0MDAwMDE2NA==,,,62.8,,15.4,38.5,23.1,23.1,0.0
전남,46,완도군,46890,고,약산고등학교,,,UzE0MDAwMDI2MA==,,,57.9,,33.3,0.0,50.0,0.0,16.7
전남,46,신안군,46910,고,하의고등학교,,,UzE0MDAwMDMxOA==,,,81.7,,33.3,33.3,33.3,0.0,0.0
전남,46,신안군,46910,고,도초고등학교,,,UzE0MDAwMDE5NA==,,,73.7,,43.1,13.7,35.3,7.8,0.0
전남,46,신안군,46910,고,임자고등학교,,,UzE0MDAwMDI5NA==,,,72.5,,30.8,38.5,7.7,15.4,7.7
전남,46,신안군,46910,고,안좌고등학교,,,UzE0MDAwMDI1OA==,,,66.9,,28.6,35.7,28.6,7.1,0.0
전남,46,신안군,46910,고,지명고등학교,,,UzE0MDAwMDMxMQ==,,,65.9,,52.6,10.5,21.1,5.3,10.5
전남,46,신안군,46910,고,안좌고등학교,,,UzE0MDAwMDI1OA==,,,62.8,,31.3,6.3,12.5,37.5,12.5
전남,46,고흥군,46770,고,고흥고등학교,,,UzE0MDAwMDE2NQ==,,,70.2,,22.1,32.0,31.1,11.5,3.3
전남,46,고흥군,46770,고,녹동고등학교,,,UzE0MDAwMDE2Ng==,,,68.9,,40.4,14.0,26.3,8.8,10.5
전남,46,목포시,46110,고,목포혜인여자고등학교,,,UzE0MDAwMDIxMQ==,,,72.7,,21.9,24.5,25.8,20.0,7.7
전남,46,목포시,46110,고,영흥고등학교,,,UzE0MDAwMDI4OA==,,,70.4,,12.0,27.2,32.3,19.0,9.5
전남,46,목포시,46110,고,목포마리아회고등학교,,,UzE0MDAwMDIwMA==,,,70.3,,27.3,23.4,17.5,18.8,13.0
전남,46,목포시,46110,고,목포홍일고등학교,,,UzE0MDAwMDIxMg==,,,70.2,,17.6,28.1,42.5,10.5,1.3
전남,46,목포시,46110,고,목포덕인고등학교,,,UzE0MDAwMDE5OQ==,,,70.1,,18.1,16.1,27.7,30.3,7.7
전남,46,목포시,46110,고,목포여자고등학교,,,UzE0MDAwMDIwNQ==,,,68.3,,15.2,28.5,31.1,15.9,9.3
전남,46,목포시,46110,고,목포제일여자고등학교,,,UzE0MDAwMDIwOQ==,,,68.2,,31.0,16.7,21.4,11.3,19.6
전남,46,목포시,46110,고,목포정명여자고등학교,,,UzE0MDAwMDIwOA==,,,67.7,,17.8,31.4,39.1,10.7,1.2
전남,46,목포시,46110,고,목상고등학교,,,UzE0MDAwMDMwNQ==,,,67.5,,21.2,8.8,18.2,22.9,28.8
전남,46,목포시,46110,고,문태고등학교,,,UzE0MDAwMDIxNQ==,,,62.9,,21.5,23.4,29.1,23.4,2.5
전남,46,목포시,46110,고,목포고등학교,,,UzE0MDAwMDE5Ng==,,,59.5,,22.9,21.0,19.1,15.3,21.7
전남,46,해남군,46820,고,해남고등학교,,,UzE0MDAwMDMyOA==,,,70.6,,27.9,39.1,24.0,7.8,1.1
전남,46,해남군,46820,고,화원고등학교,,,UzE0MDAwMDMzNw==,,,66.4,,14.6,24.4,31.7,17.1,12.2
전남,46,해남군,46820,고,송지고등학교,,,UzE0MDAwMDI0MA==,,,65.3,,42.9,14.3,21.4,14.3,7.1
전남,46,해남군,46820,고,송지고등학교,,,UzE0MDAwMDI0MA==,,,47.5,,12.5,37.5,0.0,25.0,25.0
전남,46,영암군,46830,고,영암여자고등학교,,,UzE0MDAwMDI4Nw==,,,75.7,,27.4,38.7,29.0,4.8,0.0
전남,46,영암군,46830,고,영암고등학교,,,UzE0MDAwMDI4NQ==,,,68.7,,40.0,15.6,24.4,11.1,8.9
전남,46,영암군,46830,고,삼호고등학교,,,UzE0MDAwNTQxMA==,,,68.5,,18.2,42.0,22.4,10.5,7.0
전남,46,영암군,46830,고,영암낭주고등학교,,,UzE0MDAwMDI4Ng==,,,57.1,,23.1,10.3,20.5,15.4,30.8
경북,47,봉화군,47920,고,봉화고등학교,,,UzE1MDAwMDgyMw==,,,67.9,,24.7,24.7,35.3,8.2,7.1
경북,47,문경시,47280,고,문경여자고등학교,,경북 문경시 점촌동,UzE1MDAwMDgxNg==,,,80.7,,24.2,32.3,28.3,10.1,5.1
경북,47,문경시,47280,고,문창고등학교,,경북 문경시 흥덕동,UzE1MDAwMDgxOQ==,,,71.8,,19.7,25.4,25.4,14.8,14.8
경북,47,문경시,47280,고,점촌고등학교,,경북 문경시 모전동,UzE1MDAwMDk1NA==,,,67.1,,9.2,36.7,27.6,19.4,7.1
경북,47,문경시,47280,고,가은고등학교,,경북 문경시 가은읍 왕릉리,UzE1MDAwMDcxMg==,,,51.3,,6.7,0.0,6.7,20.0,66.7
경북,47,북구,47113,고,포항예술고등학교,,경북 포항시 북구 흥해읍 대련리,UzE1MDAwMDk5MA==,,,80.0,,26.1,30.4,23.9,13.0,6.5
경북,47,북구,47113,고,한국해양마이스터고등학교,,,UzE1MDAwNTQzNA==,,,76.0,,14.0,35.1,35.1,3.5,12.3
경북,47,북구,47113,고,포항장성고등학교,,,UzE1MDAwNjEzOA==,,,75.7,,23.5,25.0,19.4,15.8,16.3
경북,47,북구,47113,고,포항예술고등학교,,경북 포항시 북구 흥해읍 대련리,UzE1MDAwMDk5MA==,,,75.0,,11.4,34.1,25.0,15.9,13.6
경북,47,북구,47113,고,포항영신고등학교,,경북 포항시 북구 우현동 산,UzE1MDAwMDk4OQ==,,,74.4,,42.0,25.2,16.8,11.9,4.2
경북,47,북구,47113,고,유성여자고등학교,,경북 포항시 북구 우현동,UzE1MDAwMDk0MQ==,,,73.1,,8.1,30.2,48.8,10.5,2.3
경북,47,북구,47113,고,포항중앙고등학교,,경북 포항시 북구 우현동,UzE1MDAwMDk5NA==,,,72.6,,30.3,34.3,18.9,12.0,4.6
경북,47,북구,47113,고,대동고등학교,,경북 포항시 북구 우현동,UzE1MDAwMDc5Mw==,,,72.3,,38.0,17.2,16.1,16.1,12.5
경북,47,북구,47113,고,포항여자고등학교,,,UzE1MDAwMDk4Ng==,,,71.7,,23.4,54.8,16.0,2.7,3.2
경북,47,북구,47113,고,동지고등학교,,,UzE1MDAwMDgwNQ==,,,71.6,,24.0,19.7,19.1,16.4,20.8
경북,47,북구,47113,고,동지여자고등학교,,경북 포항시 북구 용흥동,UzE1MDAwMDgwNg==,,,71.0,,32.4,23.5,28.5,9.5,6.1
경북,47,북구,47113,고,포항중앙여자고등학교,,경북 포항시 북구 우현동,UzE1MDAwMDk5NQ==,,,66.4,,17.6,35.8,25.0,17.0,4.5
경북,47,북구,47113,고,세화고등학교,,경북 포항시 북구 우현동,UzE1MDAwMDg2OA==,,,64.7,,19.7,21.1,23.7,21.1,14.5
경북,47,북구,47113,고,포항고등학교,,경북 포항시 북구 학산동,UzE1MDAwMDk4Mg==,,,61.5,,25.7,28.3,20.3,16.0,9.6
경북,47,북구,47113,고,두호고등학교,,,UzE1MDAwNjEzNw==,,,58.5,,10.8,15.6,29.6,21.0,23.1
경북,47,안동시,47170,고,풍산고등학교,,,UzE1MDAwMDk5OQ==,,,88.1,,85.3,13.7,0.0,0.0,1.0
경북,47,안동시,47170,고,경안고등학교,,경북 안동시 금곡동,UzE1MDAwMDczMA==,,,86.0,,47.7,34.6,14.6,2.3,0.8
경북,47,안동시,47170,고,안동여자고등학교,,,UzE1MDAwMDg5Ng==,,,80.6,,31.9,35.3,16.8,10.1,5.9
경북,47,안동시,47170,고,길원여자고등학교,,,UzE1MDAwMDc3Ng==,,,78.4,,30.3,21.3,29.5,18.0,0.8
경북,47,안동시,47170,고,경안여자고등학교,,경북 안동시 송현동,UzE1MDAwMDczMg==,,,76.6,,14.7,21.1,23.9,33.9,6.4
경북,47,안동시,47170,고,안동고등학교,,,UzE1MDAwMDg5MQ==,,,71.1,,6.1,35.1,32.8,18.3,7.6
경북,47,안동시,47170,고,성희여자고등학교,,경북 안동시 정하동,UzE1MDAwMDg2Ng==,,,69.9,,15.0,19.0,18.0,36.0,12.0
경북,47,안동시,47170,고,안동중앙고등학교,,경북 안동시 태화동,UzE1MDAwMDg5Nw==,,,69.3,,23.6,26.0,30.7,15.7,3.9
경북,47,안동시,47170,고,경일고등학교,,경북 안동시 신안동,UzE1MDAwMDczMw==,,,49.6,,7.5,13.2,24.5,22.6,32.1
경북,47,안동시,47170,고,성창여자고등학교,,,UzE1MDAwMDg2NQ==,,,41.6,,22.2,0.0,5.6,5.6,66.7
경북,47,청송군,47750,고,현서고등학교,,경북 청송군 현서면 덕계리,UzE1MDAwMTAwNw==,,,75.2,,0.0,43.8,31.3,18.8,6.3
경북,47,청송군,47750,고,청송고등학교,,,UzE1MDAwMDk2Nw==,,,73.8,,16.7,33.3,25.0,0.0,25.0
경북,47,청송군,47750,고,진보고등학교,,,UzE1MDAwMDk2Mg==,,,71.4,,0.0,22.2,44.4,27.8,5.6
경북,47,청송군,47750,고,청송여자고등학교,,,UzE1MDAwMDk2OQ==,,,63.6,,12.0,24.0,16.0,4.0,44.0
경북,47,영양군,47760,고,영양고등학교,,경북 영양군 영양읍 서부2리,UzE1MDAwMDkwOA==,,,72.2,,10.3,24.1,34.5,10.3,20.7
경북,47,영양군,47760,고,영양여자고등학교,,경북 영양군 영양읍 동부리,UzE1MDAwMDkwOQ==,,,70.3,,27.8,30.6,16.7,13.9,11.1
경북,47,영양군,47760,고,수비고등학교,,,UzE1MDAwMDg3MA==,,,55.5,,0.0,25.0,0.0,25.0,50.0
경북,47,영덕군,47770,고,영해고등학교,,,UzE1MDAwMDkyNA==,,,71.1,,44.4,16.7,8.3,19.4,11.1
경북,47,영덕군,47770,고,영덕여자고등학교,,,UzE1MDAwMDkwNA==,,,70.0,,18.4,21.1,13.2,15.8,31.6
경북,47,영덕군,47770,고,영덕고등학교,,,UzE1MDAwMDkwNQ==,,,60.4,,20.4,18.4,8.2,40.8,12.2
경북,47,울진군,47930,고,한국원자력마이스터고등학교,,,UzE1MDAwMDk3OA==,,,83.1,,31.7,31.7,23.3,10.0,3.3
경북,47,울진군,47930,고,울진고등학교,,경북 울진군 울진읍 연지리,UzE1MDAwMDkzOA==,,,71.3,,13.4,18.7,25.4,21.6,20.9
경북,47,울진군,47930,고,후포고등학교,,,UzE1MDAwMTAxNg==,,,69.0,,25.4,27.1,20.3,13.6,13.6
경북,47,울진군,47930,고,죽변고등학교,,,UzE1MDAwMDk1NQ==,,,68.0,,24.6,18.0,26.2,9.8,21.3
경북,47,의성군,47730,고,금성고등학교,,,UzE1MDAwMDc2NQ==,,,75.5,,33.3,33.3,0.0,8.3,25.0
경북,47,의성군,47730,고,의성여자고등학교,,경북 의성군 의성읍 후죽리,UzE1MDAwMDk0Ng==,,,70.8,,32.5,35.0,22.5,7.5,2.5
경북,47,의성군,47730,고,안계고등학교,,,UzE1MDAwNTY3OA==,,,63.8,,5.9,23.5,23.5,17.6,29.4
경북,47,의성군,47730,고,의성고등학교,,경북 의성군 의성읍 중리리,UzE1MDAwMDk0NA==,,,61.5,,17.5,28.1,21.1,7.0,26.3
경북,47,구미시,47190,고,현일고등학교,,경북 구미시 고아읍 항곡리,UzE1MDAwMTAwOA==,,,85.4,,41.5,49.8,3.9,1.0,3.9
경북,47,구미시,47190,고,오상고등학교,,,UzE1MDAwMDkzMQ==,,,83.9,,43.6,22.0,20.8,12.4,1.2
경북,47,구미시,47190,고,경북외국어고등학교,,경북 구미시 남통동,UzE1MDAwMDcyMQ==,,,82.6,,27.9,34.2,27.9,7.2,2.7
경북,47,구미시,47190,고,도개고등학교,,경북 구미시 도개면 궁기리,UzE1MDAwMDc5OA==,,,81.8,,27.5,41.7,14.2,12.5,4.2
경북,47,구미시,47190,고,상모고등학교,,경북 구미시 상모동,UzE1MDAwNjEzOQ==,,,77.4,,13.0,33.3,41.7,8.8,3.2
경북,47,구미시,47190,고,구미고등학교,,,UzE1MDAwMDc1Mw==,,,75.4,,46.0,26.8,16.0,8.0,3.3
경북,47,구미시,47190,고,구미여자고등학교,,,UzE1MDAwMDc1Ng==,,,74.4,,13.3,24.8,31.0,16.2,14.8
경북,47,구미시,47190,고,형곡고등학교,,경북 구미시 형곡동,UzE1MDAwNjI5MQ==,,,72.6,,10.1,24.9,20.7,25.3,18.9
경북,47,구미시,47190,고,금오고등학교,,,UzE1MDAwMDc2OA==,,,72.4,,9.9,34.7,43.7,8.5,3.3
경북,47,구미시,47190,고,구미산동고등학교,,,UzE1MDAwNjUxMg==,,,70.9,,17.5,38.4,33.2,8.1,2.8
경북,47,구미시,47190,고,선주고등학교,,,UzE1MDAwNjE0MQ==,,,69.2,,4.1,20.3,32.3,26.3,17.1
경북,47,구미시,47190,고,인동고등학교,,,UzE1MDAwNjA5Mw==,,,68.3,,8.5,39.1,37.3,11.1,4.1
경북,47,구미시,47190,고,선산고등학교,,경북 구미시 선산읍 노상리,UzE1MDAwMDg1MA==,,,66.1,,12.5,15.0,13.8,13.8,45.0
경북,47,구미시,47190,고,구미제일고등학교,,경북 구미시 지산동,UzE1MDAwMDc3MA==,,,65.0,,19.1,23.0,30.1,20.1,7.7
경북,47,구미시,47190,고,경구고등학교,,경북 구미시 봉곡동,UzE1MDAwMDcxOA==,,,60.6,,17.2,21.1,14.7,29.9,17.2
경북,47,구미시,47190,고,사곡고등학교,,경북 구미시 사곡동,UzE1MDAwNjE0MA==,,,50.4,,10.2,14.4,14.9,19.1,41.4
경북,47,상주시,47250,고,상주여자고등학교,,경북 상주시 복룡동,UzE1MDAwMDg0Mw==,,,74.1,,11.0,28.0,25.0,23.0,13.0
경북,47,상주시,47250,고,상주고등학교,,,UzE1MDAwMDg0MQ==,,,73.4,,15.8,45.1,24.8,12.8,1.5
경북,47,상주시,47250,고,화령고등학교,,경북 상주시 화서면 달천리,UzE1MDAwMTAxMg==,,,72.2,,14.3,23.8,23.8,19.0,19.0
경북,47,상주시,47250,고,우석여자고등학교,,,UzE1MDAwMDg0NA==,,,72.0,,29.6,24.0,28.0,15.2,3.2
경북,47,상주시,47250,고,함창고등학교,,,UzE1MDAwMTAwNA==,,,69.6,,23.9,22.7,34.1,17.0,2.3
경북,47,성주군,47840,고,성주여자고등학교,,,UzE1MDAwNTk1NA==,,,62.2,,36.8,31.0,25.3,5.7,1.1
경북,47,성주군,47840,고,성주고등학교,,,UzE1MDAwMDg2NA==,,,61.3,,34.5,17.9,17.9,13.1,16.7
경북,47,김천시,47150,고,성의여자고등학교,,경북 김천시 평화동,UzE1MDAwMDg1Ng==,,,82.7,,36.8,34.2,13.2,6.6,9.2
경북,47,김천시,47150,고,김천고등학교,,경북 김천시 부곡동,UzE1MDAwMDc3Nw==,,,82.3,,76.2,17.9,3.4,0.9,1.7
경북,47,김천시,47150,고,율곡고등학교,,,UzE1MDAwNjQzMw==,,,80.6,,30.9,24.5,24.5,12.9,7.2
경북,47,김천시,47150,고,김천중앙고등학교,,경북 김천시 양천동,UzE1MDAwMDc4Mw==,,,78.0,,14.5,34.6,32.4,11.7,6.7
경북,47,김천시,47150,고,한일여자고등학교,,경북 김천시 교동,UzE1MDAwMTAwMw==,,,76.9,,29.7,31.7,26.7,8.9,3.0
경북,47,김천시,47150,고,성의고등학교,,,UzE1MDAwMDg1NQ==,,,76.5,,31.3,42.0,24.1,0.0,2.7
경북,47,김천시,47150,고,김천여자고등학교,,,UzE1MDAwMDc4MQ==,,,68.2,,4.0,20.0,24.0,24.0,28.0
경북,47,김천시,47150,고,김천예술고등학교,,,UzE1MDAwMDc4Mg==,,,64.1,,11.1,15.3,13.9,16.7,43.1
경북,47,칠곡군,47850,고,동명고등학교,,,UzE1MDAwMDgwMg==,,,81.8,,41.7,25.0,16.7,0.0,16.7
경북,47,칠곡군,47850,고,석적고등학교,,,UzE1MDAwNjQxNg==,,,72.1,,7.2,21.6,34.0,24.7,12.4
경북,47,칠곡군,47850,고,순심여자고등학교,,,UzE1MDAwMDg3NQ==,,,67.9,,37.8,21.0,21.7,14.0,5.6
경북,47,칠곡군,47850,고,북삼고등학교,,,UzE1MDAwNjMwOA==,,,63.1,,18.6,27.3,27.3,19.1,7.7
경북,47,칠곡군,47850,고,순심고등학교,,,UzE1MDAwMDg3NA==,,,61.0,,32.7,29.6,24.5,10.7,2.6
경북,47,칠곡군,47850,고,약목고등학교,,,UzE1MDAwMDg5OA==,,,60.8,,16.0,26.7,30.7,16.0,10.7
경북,47,청도군,47820,고,이서고등학교,,,UzE1MDAwMDk0OQ==,,,73.8,,26.3,27.1,21.1,14.3,11.3
경북,47,청도군,47820,고,청도고등학교,,경북 청도군 청도읍 고수8리,UzE1MDAwMDk2NA==,,,72.8,,16.0,18.1,24.5,22.3,19.1
경북,47,청도군,47820,고,모계고등학교,,,UzE1MDAwMDgxMQ==,,,64.2,,16.7,11.4,31.6,24.6,15.8
경북,47,예천군,47900,고,경북일고등학교,,경북 예천군 감천면 포리,UzE1MDAwMDcxNA==,,,78.2,,11.3,40.6,31.6,11.8,4.7
경북,47,예천군,47900,고,예천여자고등학교,,경북 예천군 예천읍 백전리,UzE1MDAwMDkyOQ==,,,74.7,,11.8,34.4,20.4,20.4,12.9
경북,47,예천군,47900,고,대창고등학교,,경북 예천군 예천읍 노상리,UzE1MDAwMDc5Nw==,,,70.0,,35.6,16.1,29.9,8.0,10.3
경북,47,남구,47111,고,포항제철고등학교,,,UzE1MDAwMDk5Mg==,,,83.2,,33.6,49.8,9.0,7.6,0.0
경북,47,남구,47111,고,영일고등학교,,,UzE1MDAwMDkxMA==,,,80.5,,79.8,13.5,2.8,1.7,2.2
경북,47,남구,47111,고,경북과학고등학교,,경북 포항시 남구 지곡동,UzE1MDAwMDcxOQ==,,,78.8,,63.3,31.7,5.0,0.0,0.0
경북,47,남구,47111,고,포항동성고등학교,,경북 포항시 남구 동해면 도구2리,UzE1MDAwMDk5MQ==,,,77.7,,40.1,26.7,23.8,7.0,2.3
경북,47,남구,47111,고,세명고등학교,,,UzE1MDAwMDg2Nw==,,,77.1,,19.1,22.4,29.5,19.1,9.8
경북,47,남구,47111,고,포항이동고등학교,,,UzE1MDAwNjEzNg==,,,69.9,,18.0,31.7,24.0,12.6,13.7
경북,47,남구,47111,고,오천고등학교,,경북 포항시 남구 오천읍 용덕리,UzE1MDAwMDkzNA==,,,69.9,,21.0,29.8,35.6,6.8,6.8
경북,47,영주시,47210,고,영광고등학교,,,UzE1MDAwMDkwMQ==,,,82.4,,29.3,36.8,20.3,9.8,3.8
경북,47,영주시,47210,고,대영고등학교,,경북 영주시 휴천1동,UzE1MDAwMDc5NA==,,,78.6,,90.7,5.8,3.5,0.0,0.0
경북,47,영주시,47210,고,영광여자고등학교,,경북 영주시 영주1동,UzE1MDAwMDkwMg==,,,75.1,,50.3,21.9,18.7,8.4,0.6
경북,47,영주시,47210,고,영주여자고등학교,,경북 영주시 하망동,UzE1MDAwMDkxNg==,,,70.3,,9.8,18.7,30.9,17.1,23.6
경북,47,경산시,47290,고,경산과학고등학교,,경북 경산시 갑제동,UzE1MDAwNjI4MQ==,,,83.9,,61.7,36.7,1.7,0.0,0.0
경북,47,경산시,47290,고,경산여자고등학교,,,UzE1MDAwMDcyNg==,,,77.9,,29.9,27.4,18.8,17.2,6.7
경북,47,경산시,47290,고,하양여자고등학교,,,UzE1MDAwMTAwMQ==,,,77.7,,91.1,7.6,0.0,1.3,0.0
경북,47,경산시,47290,고,대구가톨릭대학교사범대학부속무학고등학교,,,UzE1MDAwMDc5MQ==,,,71.0,,23.6,39.4,29.6,6.9,0.5
경북,47,경산시,47290,고,진량고등학교,,경북 경산시 진량읍 신상1리,UzE1MDAwMDk2MQ==,,,70.5,,27.0,36.0,21.9,10.7,4.5
경북,47,경산시,47290,고,경산고등학교,,경북 경산시 계양동,UzE1MDAwMDcyNA==,,,70.0,,13.0,19.8,27.5,18.3,21.4
경북,47,경산시,47290,고,사동고등학교,,,UzE1MDAwNjM0OA==,,,67.2,,16.9,34.2,37.6,8.6,2.6
경북,47,경산시,47290,고,영남삼육고등학교,,,UzE1MDAwMDkwMw==,,,66.3,,15.4,25.0,13.5,25.0,21.2
경북,47,경산시,47290,고,문명고등학교,,,UzE1MDAwMDgxOA==,,,64.9,,17.9,27.8,26.5,21.2,6.6
경북,47,경산시,47290,고,경북체육고등학교,,경북 경산시 신교동,UzE1MDAwMDcyMw==,,,55.9,,12.0,1.2,10.8,10.8,65.1
경북,47,경주시,47130,고,한국국제통상마이스터고등학교,,,UzE1MDAwMDcxNQ==,,,85.1,,40.0,34.5,16.4,5.5,3.6
경북,47,경주시,47130,고,경주고등학교,,경북 경주시 황오동,UzE1MDAwMDczNA==,,,82.1,,10.1,71.7,14.6,0.0,3.5
경북,47,경주시,47130,고,경주여자고등학교,,,UzE1MDAwMDczOA==,,,75.0,,35.4,40.3,18.2,5.0,1.1
경북,47,경주시,47130,고,경주예일고등학교,,,UzE1MDAwMDg4NQ==,,,73.3,,18.9,23.6,36.8,16.0,4.7
경북,47,경주시,47130,고,근화여자고등학교,,,UzE1MDAwMDc2NA==,,,68.7,,14.5,26.1,40.0,15.8,3.6
경북,47,경주시,47130,고,문화고등학교,,,UzE1MDAwMDgyMA==,,,64.9,,24.5,27.2,29.3,12.0,7.1
경북,47,경주시,47130,고,선덕여자고등학교,,,UzE1MDAwMDg0Nw==,,,63.3,,23.3,37.8,25.0,7.0,7.0
경북,47,경주시,47130,고,무산고등학교,,,UzE1MDAwMDgxMg==,,,63.2,,31.3,25.0,18.8,0.0,25.0
경북,47,경주시,47130,고,계림고등학교,,,UzE1MDAwMDc0Ng==,,,59.6,,35.1,20.2,20.2,9.6,14.9
경북,47,경주시,47130,고,신라고등학교,,경북 경주시 충효동,UzE1MDAwMDg3OQ==,,,51.0,,16.9,18.5,10.8,12.3,41.5
경북,47,영천시,47230,고,경북바이오마이스터고등학교,,,UzE1MDAwNTQyNA==,,,77.4,,9.3,38.9,33.3,13.0,5.6
경북,47,영천시,47230,고,영동고등학교,,,UzE1MDAwMDkwNg==,,,72.5,,13.1,40.8,19.2,22.3,4.6
경북,47,영천시,47230,고,영천성남여자고등학교,,경북 영천시 도동,UzE1MDAwMDkyMw==,,,72.2,,23.5,30.6,23.5,20.0,2.4
경북,47,영천시,47230,고,포은고등학교,,경북 영천시 금호읍 대미리,UzE1MDAwMDc3NA==,,,65.4,,28.6,14.3,21.4,35.7,0.0
경북,47,영천시,47230,고,영천여자고등학교,,,UzE1MDAwMDkyMQ==,,,65.2,,14.4,33.3,22.2,17.8,12.2
경북,47,영천시,47230,고,영천고등학교,,,UzE1MDAwMDkxOQ==,,,63.8,,7.7,16.7,43.6,21.8,10.3
경북,47,영천시,47230,고,동국대학교사범대학부속선화여자고등학교,,경북 영천시 화룡동,UzE1MDAwMDg1Mw==,,,61.2,,33.9,6.8,18.6,18.6,22.0
경북,47,고령군,47830,고,대가야고등학교,,,UzE1MDAwMDc5MA==,,,74.7,,24.7,32.3,32.3,8.6,2.2
경남,48,진주시,48170,고,경남과학고등학교,,,UzE2MDAwMDQ4MQ==,,,85.2,,96.2,3.8,0.0,0.0,0.0
경남,48,진주시,48170,고,진서고등학교,,,UzE2MDAwMDY1Mw==,,,82.3,,0.0,50.0,50.0,0.0,0.0
경남,48,진주시,48170,고,경남예술고등학교,,,UzE2MDAwMDQ4NQ==,,,80.2,,16.0,35.1,40.4,8.5,0.0
경남,48,진주시,48170,고,진주중앙고등학교,,,UzE2MDAwMDYwMQ==,,,78.0,,24.3,26.6,19.5,19.5,10.1
경남,48,진주시,48170,고,경해여자고등학교,,,UzE2MDAwMDQ5Mw==,,,75.5,,15.5,30.9,20.8,20.8,12.1
경남,48,진주시,48170,고,진주여자고등학교,,,UzE2MDAwMDY2NQ==,,,72.6,,16.9,18.5,20.5,34.4,9.7
경남,48,진주시,48170,고,진주고등학교,,,UzE2MDAwMDY2MA==,,,71.3,,14.6,25.7,20.5,16.4,22.8
경남,48,진주시,48170,고,진양고등학교,,,UzE2MDAwMDY1NA==,,,70.8,,18.5,20.2,17.6,18.5,25.2
경남,48,진주시,48170,고,삼현여자고등학교,,,UzE2MDAwMDU5Ng==,,,69.0,,23.8,31.8,29.4,14.5,0.5
경남,48,진주시,48170,고,진주제일여자고등학교,,,UzE2MDAwMDY2OA==,,,68.8,,31.5,30.6,28.7,7.4,1.9
경남,48,진주시,48170,고,명신고등학교,,,UzE2MDAwMDU2Mw==,,,68.8,,21.6,20.5,25.3,22.1,10.5
경남,48,진주시,48170,고,진주외국어고등학교,,,UzE2MDAwMDY2Nw==,,,68.2,,29.6,11.1,14.8,20.4,24.1
경남,48,진주시,48170,고,진주동명고등학교,,,UzE2MDAwMDY2Mw==,,,67.5,,29.7,42.9,24.5,2.8,0.0
경남,48,진주시,48170,고,대아고등학교,,,UzE2MDAwMDUzNg==,,,66.4,,8.3,18.1,20.8,19.0,33.8
경남,48,진주시,48170,고,경남체육고등학교,,,UzE2MDAwMDQ5MA==,,,63.3,,10.8,12.2,8.1,17.6,51.4
경남,48,진주시,48170,고,경상국립대학교사범대학부설고등학교,,경남 진주시 가좌동,UzAwMDAwMzQ5NQ==,,,62.3,,3.4,20.4,12.9,32.0,31.3
경남,48,성산구,48123,고,창원경일고등학교,,,UzE2MDAwMDY4OA==,,,77.0,,34.5,23.4,22.8,11.7,7.6
경남,48,성산구,48123,고,창원여자고등학교,,,UzE2MDAwMDY5OA==,,,74.7,,17.2,30.2,40.5,12.1,0.0
경남,48,성산구,48123,고,창원경일여자고등학교,,,UzE2MDAwMzIyOA==,,,74.7,,27.7,21.4,17.0,9.8,24.1
경남,48,성산구,48123,고,창원남산고등학교,,,UzE2MDAwMDY5Mw==,,,74.4,,31.7,29.9,16.2,18.0,4.2
경남,48,성산구,48123,고,창원남고등학교,,,UzE2MDAwMDY5Mg==,,,74.1,,26.4,24.5,38.4,8.8,1.9
경남,48,성산구,48123,고,창원중앙여자고등학교,,,UzE2MDAwMDcwMg==,,,70.3,,20.7,22.5,24.3,27.9,4.5
경남,48,성산구,48123,고,창원용호고등학교,,,UzE2MDAwMDY5OQ==,,,70.1,,22.3,21.2,18.7,19.7,18.1
경남,48,성산구,48123,고,창원문성고등학교,,,UzE2MDAwMDY5Ng==,,,69.9,,30.6,24.5,27.9,15.6,1.4
경남,48,성산구,48123,고,창원토월고등학교,,,UzE2MDAwMzI3OA==,,,69.4,,17.1,26.6,36.7,15.2,4.4
경남,48,성산구,48123,고,창원신월고등학교,,,UzE2MDAwMzIxMA==,,,66.6,,34.3,25.9,15.1,12.7,12.0
경남,48,성산구,48123,고,창원사파고등학교,,,UzE2MDAwMDY5Nw==,,,66.1,,27.1,29.4,35.9,6.5,1.2
경남,48,성산구,48123,고,창원중앙고등학교,,,UzE2MDAwMDcwMQ==,,,65.4,,17.3,34.1,22.2,21.6,4.9
경남,48,성산구,48123,고,창원대암고등학교,,,UzE2MDAwMzI3Nw==,,,63.2,,16.7,29.6,27.2,17.3,9.3
경남,48,의창구,48121,고,창원과학고등학교,,,UzE2MDAwMzQzMw==,,,76.5,,61.5,34.6,2.6,0.0,1.3
경남,48,의창구,48121,고,창원북면고등학교,,,UzE2MDAwNDA0Nw==,,,74.7,,37.1,27.1,21.4,10.7,3.6
경남,48,의창구,48121,고,창원명지여자고등학교,,,UzE2MDAwMDY5NQ==,,,73.7,,24.1,22.3,24.1,18.1,11.4
경남,48,의창구,48121,고,경상고등학교,,,UzE2MDAwMDQ5Mg==,,,73.3,,54.7,18.9,8.8,9.4,8.2
경남,48,의창구,48121,고,창원봉림고등학교,,,UzE2MDAwMzIwOQ==,,,73.1,,26.5,22.2,43.2,7.4,0.6
경남,48,의창구,48121,고,창원대산고등학교,,,UzE2MDAwMDY5NA==,,,71.9,,27.8,19.1,35.8,16.7,0.6
경남,48,의창구,48121,고,창원성민여자고등학교,,,UzE2MDAwMzQ4OA==,,,69.5,,30.6,25.5,22.3,15.3,6.4
경남,48,의창구,48121,고,창원고등학교,,,UzE2MDAwMDY4OQ==,,,69.4,,20.1,18.0,20.1,23.3,18.5
경남,48,의창구,48121,고,창원명곡고등학교,,,UzE2MDAwMzIzMA==,,,58.9,,15.3,14.7,21.2,27.6,21.2
경남,48,마산회원구,48127,고,마산제일고등학교,,,UzE2MDAwMDU1OQ==,,,81.4,,31.2,32.6,18.8,10.6,6.9
경남,48,마산회원구,48127,고,마산내서여자고등학교,,,UzE2MDAwMzI0Mg==,,,75.8,,21.7,45.3,26.4,5.7,0.9
경남,48,마산회원구,48127,고,창신고등학교,,,UzE2MDAwMDY4Nw==,,,71.8,,25.4,24.3,23.8,23.8,2.7
경남,48,마산회원구,48127,고,마산무학여자고등학교,,,UzE2MDAwMDU1MA==,,,71.5,,14.7,32.1,28.9,22.1,2.1
경남,48,마산회원구,48127,고,마산구암고등학교,,,UzE2MDAwMDU0OQ==,,,58.4,,30.7,15.7,21.6,16.3,15.7
경남,48,산청군,48860,고,덕산고등학교,,,UzE2MDAwMDUzOQ==,,,72.1,,6.7,40.0,0.0,40.0,13.3
경남,48,산청군,48860,고,단성고등학교,,,UzE2MDAwMDUyOQ==,,,66.0,,12.5,18.8,12.5,12.5,43.8
경남,48,산청군,48860,고,산청고등학교,,,UzE2MDAwMzk3Mg==,,,65.6,,19.5,28.3,28.3,23.0,0.9
경남,48,진해구,48129,고,진해여자고등학교,,,UzE2MDAwMDY3MQ==,,,76.5,,26.2,40.4,22.8,9.7,0.7
경남,48,진해구,48129,고,진해용원고등학교,,,UzE2MDAwMzMzMQ==,,,74.0,,15.4,36.6,29.9,16.1,2.0
경남,48,진해구,48129,고,진해중앙고등학교,,,UzE2MDAwMDY3NQ==,,,72.1,,26.6,39.4,24.6,8.4,1.0
경남,48,진해구,48129,고,웅천고등학교,,,UzE2MDAwMDY3Mw==,,,70.5,,6.4,23.3,24.8,25.7,19.8
경남,48,진해구,48129,고,진해세화여자고등학교,,,UzE2MDAwMDY3MA==,,,69.6,,18.7,19.2,35.6,25.1,1.4
경남,48,진해구,48129,고,진해고등학교,,,UzE2MDAwMDY2OQ==,,,66.1,,27.8,28.5,40.1,2.3,1.3
경남,48,사천시,48240,고,사천고등학교,,,UzE2MDAwMDU3Nw==,,,79.3,,18.4,40.0,27.9,11.6,2.1
경남,48,사천시,48240,고,곤양고등학교,,,UzE2MDAwMDUwMg==,,,72.2,,0.0,16.7,50.0,33.3,0.0
경남,48,사천시,48240,고,삼천포중앙고등학교,,,UzE2MDAwMDU5NQ==,,,71.1,,37.7,31.1,20.5,4.1,6.6
경남,48,사천시,48240,고,삼천포여자고등학교,,,UzE2MDAwMDU5Mw==,,,70.3,,19.5,28.5,32.5,13.0,6.5
경남,48,사천시,48240,고,용남고등학교,,,UzE2MDAwMDYzOQ==,,,69.5,,22.3,35.5,32.5,6.6,3.0
경남,48,사천시,48240,고,삼천포고등학교,,,UzE2MDAwMDU5MQ==,,,60.7,,11.4,21.4,14.3,15.0,37.9
경남,48,마산합포구,48125,고,마산여자고등학교,,,UzE2MDAwMDU1Mw==,,,75.3,,40.7,30.5,19.2,5.4,4.2
경남,48,마산합포구,48125,고,마산삼진고등학교,,,UzE2MDAwMDU1MQ==,,,74.7,,32.3,40.9,15.9,7.3,3.7
경남,48,마산합포구,48125,고,마산제일여자고등학교,,,UzE2MDAwMDU2MA==,,,70.1,,6.8,23.7,40.1,27.7,1.7
경남,48,마산합포구,48125,고,성지여자고등학교,,,UzE2MDAwMDYwNg==,,,69.1,,36.2,25.9,19.8,7.8,10.3
경남,48,마산합포구,48125,고,마산중앙고등학교,,경남 창원시 마산합포구 신월동,UzE2MDAwMDU2MQ==,,,66.3,,13.0,18.3,19.1,31.3,18.3
경남,48,마산합포구,48125,고,마산고등학교,,,UzE2MDAwMDU0Ng==,,,65.9,,27.5,17.5,15.2,15.2,24.6
경남,48,마산합포구,48125,고,마산가포고등학교,,,UzE2MDAwMDU0NA==,,,63.8,,6.3,14.6,21.5,12.5,45.1
경남,48,마산합포구,48125,고,합포고등학교,,,UzE2MDAwMDc0MA==,,,63.2,,21.1,18.7,22.8,31.6,5.8
경남,48,마산합포구,48125,고,마산용마고등학교,,,UzE2MDAwMDU1Ng==,,,61.3,,15.1,28.5,26.7,18.6,11.0
경남,48,함양군,48870,고,서상고등학교,,,UzE2MDAwMDYwMA==,,,89.0,,100.0,0.0,0.0,0.0,0.0
경남,48,함양군,48870,고,함양고등학교,,,UzE2MDAwMDczMQ==,,,68.1,,9.3,28.7,28.7,24.1,9.3
경남,48,함양군,48870,고,안의고등학교,,,UzE2MDAwMDYxNQ==,,,64.7,,5.0,20.0,15.0,27.5,32.5
경남,48,김해시,48250,고,김해외국어고등학교,,경남 김해시 장유면 율하리,UzE2MDAwMzI4MA==,,,87.7,,34.4,62.5,3.1,0.0,0.0
경남,48,김해시,48250,고,장유고등학교,,경남 김해시 장유면 삼문리,UzE2MDAwMDY0OA==,,,79.4,,31.6,31.4,32.7,3.5,0.8
경남,48,김해시,48250,고,김해율하고등학교,,,UzE2MDAwMzQ1NA==,,,76.9,,15.7,32.9,26.5,15.4,9.5
경남,48,김해시,48250,고,김해수남고등학교,,,UzE2MDAwMzg4NA==,,,75.8,,19.4,24.8,33.2,19.2,3.4
경남,48,김해시,48250,고,김해여자고등학교,,,UzE2MDAwMDUxMw==,,,74.6,,43.2,12.5,18.2,15.6,10.4
경남,48,김해시,48250,고,김해삼문고등학교,,,UzE2MDAwMzI0NA==,,,73.3,,12.3,32.0,40.3,14.8,0.6
경남,48,김해시,48250,고,김해삼방고등학교,,,UzE2MDAwMzMyOA==,,,71.4,,8.5,24.3,22.8,22.8,21.7
경남,48,김해시,48250,고,김해분성고등학교,,,UzE2MDAwMzIxMQ==,,,70.7,,19.8,31.3,23.4,15.6,9.9
경남,48,김해시,48250,고,김해대청고등학교,,,UzE2MDAwMzIxMg==,,,70.3,,18.8,29.6,29.3,16.4,5.9
경남,48,김해시,48250,고,김해중앙여자고등학교,,,UzE2MDAwMDUxNQ==,,,69.9,,13.3,32.7,12.4,8.0,33.6
경남,48,김해시,48250,고,김해고등학교,,,UzE2MDAwMDUxMQ==,,,69.8,,23.2,21.6,22.1,28.4,4.7
경남,48,김해시,48250,고,진영고등학교,,,UzE2MDAwMDY1NQ==,,,69.0,,12.8,32.1,33.8,18.6,2.8
경남,48,김해시,48250,고,김해경원고등학교,,,UzE2MDAwMDUxMA==,,,67.6,,29.4,21.3,29.4,13.1,6.8
경남,48,김해시,48250,고,구산고등학교,,,UzE2MDAwMzQ2NA==,,,67.3,,18.2,23.0,25.7,24.1,9.1
경남,48,김해시,48250,고,김해제일고등학교,,,UzE2MDAwMzQyOQ==,,,66.0,,19.4,19.9,31.4,22.0,7.3
경남,48,김해시,48250,고,김해분성여자고등학교,,경남 김해시 삼계동,UzE2MDAwMzI0Mw==,,,65.1,,11.0,25.3,19.8,19.8,24.2
경남,48,김해시,48250,고,김해임호고등학교,,,UzE2MDAwMzQ2Mw==,,,62.1,,25.4,17.6,23.2,16.2,17.6
경남,48,김해시,48250,고,김해가야고등학교,,,UzE2MDAwMDUwOA==,,,61.8,,14.3,20.9,17.3,20.9,26.5
경남,48,김해시,48250,고,김해영운고등학교,,경남 김해시 삼방동,UzE2MDAwMzI3OQ==,,,60.1,,26.2,13.9,20.9,23.5,15.5
경남,48,양산시,48330,고,경남외국어고등학교,,,UzE2MDAwMDQ4Ng==,,,87.7,,45.6,42.6,10.8,1.0,0.0
경남,48,양산시,48330,고,증산고등학교,,,UzE2MDAwNDA0NQ==,,,76.6,,15.3,34.4,23.6,14.7,11.9
경남,48,양산시,48330,고,범어고등학교,,경남 양산시 물금읍 범어리,UzE2MDAwMzQ1NQ==,,,73.6,,37.8,35.8,22.4,3.7,0.3
경남,48,양산시,48330,고,웅상고등학교,,,UzE2MDAwMDY0MA==,,,73.0,,10.6,20.4,25.9,27.5,15.7
경남,48,양산시,48330,고,양산남부고등학교,,,UzE2MDAwMzIxMw==,,,70.9,,13.2,15.3,22.8,31.7,17.1
경남,48,양산시,48330,고,효암고등학교,,,UzE2MDAwMDc0Nw==,,,69.6,,37.8,28.6,18.3,10.7,4.6
경남,48,양산시,48330,고,물금고등학교,,,UzE2MDAwMzI4MQ==,,,69.2,,19.5,19.8,30.1,25.8,4.9
경남,48,양산시,48330,고,양산제일고등학교,,,UzE2MDAwMDYxOQ==,,,69.0,,22.0,36.1,22.0,10.1,9.7
경남,48,양산시,48330,고,양산여자고등학교,,,UzE2MDAwMDYyNg==,,,67.5,,11.4,15.4,16.1,20.9,36.3
경남,48,양산시,48330,고,서창고등학교,,,UzE2MDAwMzMyNw==,,,66.3,,38.1,22.7,22.7,6.5,10.0
경남,48,양산시,48330,고,보광고등학교,,,UzE2MDAwMDU3Ng==,,,58.9,,11.2,15.7,36.0,14.6,22.5
경남,48,양산시,48330,고,양산고등학교,,,UzE2MDAwMDYxOA==,,,54.4,,9.3,11.5,37.8,26.7,14.8
경남,48,남해군,48840,고,창선고등학교,,,UzE2MDAwMDY4NQ==,,,86.2,,60.7,18.0,8.2,8.2,4.9
경남,48,남해군,48840,고,남해해성고등학교,,,UzE2MDAwMDUyOA==,,,83.9,,22.4,57.6,16.5,1.2,2.4
경남,48,남해군,48840,고,남해제일고등학교,,,UzE2MDAwMDUyNg==,,,73.3,,29.5,24.1,22.3,10.7,13.4
경남,48,남해군,48840,고,남해고등학교,,,UzE2MDAwMDUyMQ==,,,53.7,,15.2,16.5,10.1,7.6,50.6
경남,48,고성군,48820,고,철성고등학교,,,UzE2MDAwMDcwMw==,,,72.9,,25.3,17.6,23.1,18.7,15.4
경남,48,고성군,48820,고,고성고등학교,,,UzE2MDAwMDQ5NQ==,,,70.1,,37.1,9.5,23.3,19.8,10.3
경남,48,고성군,48820,고,고성중앙고등학교,,경남 고성군 고성읍 수남리,UzE2MDAwMDUwMA==,,,69.9,,31.6,28.2,18.8,10.3,11.1
경남,48,통영시,48220,고,충렬여자고등학교,,,UzE2MDAwMDcwNg==,,,80.2,,29.0,25.3,22.2,21.0,2.5
경남,48,통영시,48220,고,동원고등학교,,경남 통영시 광도면 죽림리,UzE2MDAwMDcxNw==,,,77.0,,33.2,30.3,22.7,10.8,2.9
경남,48,통영시,48220,고,통영고등학교,,,UzE2MDAwMDcxNA==,,,69.1,,20.6,23.2,25.2,28.4,2.6
경남,48,통영시,48220,고,충무고등학교,,,UzE2MDAwMDcwOA==,,,63.8,,33.3,29.0,26.5,10.5,0.6
경남,48,통영시,48220,고,통영여자고등학교,,,UzE2MDAwMDcxNg==,,,62.0,,6.2,17.1,18.5,10.9,47.4
경남,48,하동군,48850,고,진교고등학교,,,UzE2MDAwMDY1MA==,,,85.3,,23.5,58.8,11.8,5.9,0.0
경남,48,하동군,48850,고,하동고등학교,,,UzE2MDAwMDcxOA==,,,76.5,,20.0,35.0,10.0,17.5,17.5
경남,48,하동군,48850,고,옥종고등학교,,,UzE2MDAwMDYzNg==,,,70.0,,25.0,15.0,10.0,20.0,30.0
경남,48,하동군,48850,고,금남고등학교,,,UzE2MDAwMDUwNg==,,,65.1,,3.2,9.7,25.8,29.0,32.3
경남,48,하동군,48850,고,하동여자고등학교,,,UzE2MDAwMDcxOQ==,,,60.9,,12.3,12.3,31.6,40.4,3.5
경남,48,거제시,48310,고,해성고등학교,,,UzE2MDAwMDc0MQ==,,,76.3,,21.5,27.0,19.1,16.0,16.4
경남,48,거제시,48310,고,거제고등학교,,,UzE2MDAwMDQ2NA==,,,72.3,,15.1,19.3,24.7,17.8,23.2
경남,48,거제시,48310,고,거제상문고등학교,,,UzE2MDAwMzQ2MA==,,,71.3,,19.8,26.0,35.5,18.4,0.3
경남,48,거제시,48310,고,거제제일고등학교,,,UzE2MDAwMDQ2OA==,,,70.3,,37.9,26.5,25.0,10.6,0.0
경남,48,거제시,48310,고,연초고등학교,,,UzE2MDAwMzQ1Mg==,,,70.0,,31.4,33.0,26.2,5.7,3.8
경남,48,거제시,48310,고,거제중앙고등학교,,,UzE2MDAwMDQ3MA==,,,69.6,,28.5,30.6,22.8,11.8,6.3
경남,48,거제시,48310,고,거제옥포고등학교,,,UzE2MDAwMzI5OQ==,,,66.1,,15.1,26.9,23.1,19.8,15.1
경남,48,의령군,48720,고,의령고등학교,,,UzE2MDAwMDY0Mw==,,,65.3,,5.2,15.5,25.9,17.2,36.2
경남,48,의령군,48720,고,의령여자고등학교,,,UzE2MDAwMDY0NA==,,,62.4,,27.9,13.1,36.1,11.5,11.5
경남,48,함안군,48730,고,함안고등학교,,,UzE2MDAwMDcyNA==,,,78.4,,40.3,17.4,14.8,20.1,7.4
경남,48,함안군,48730,고,칠원고등학교,,,UzE2MDAwMDcxMA==,,,77.0,,26.4,28.9,21.5,14.9,8.3
경남,48,함안군,48730,고,명덕고등학교,,,UzE2MDAwMDU2Mg==,,,76.0,,34.5,35.3,25.0,2.6,2.6
경남,48,함안군,48730,고,군북고등학교,,,UzE2MDAwMDUwNQ==,,,59.0,,25.5,41.2,19.6,5.9,7.8
경남,48,밀양시,48270,고,밀양여자고등학교,,,UzE2MDAwMDU3MQ==,,,79.7,,39.4,25.4,28.2,4.2,2.8
경남,48,밀양시,48270,고,밀양고등학교,,,UzE2MDAwMDU2OA==,,,74.2,,20.3,36.2,23.9,16.7,2.9
경남,48,밀양시,48270,고,밀성고등학교,,,UzE2MDAwMDU2NQ==,,,72.7,,20.5,32.0,21.3,18.0,8.2
경남,48,밀양시,48270,고,세종고등학교,,,UzE2MDAwMDYwOA==,,,66.5,,20.2,12.6,16.8,21.8,28.6
경남,48,밀양시,48270,고,밀양동명고등학교,,,UzE2MDAwMDU3MA==,,,62.9,,14.7,25.3,20.0,22.7,17.3
경남,48,밀양시,48270,고,삼랑진고등학교,,,UzE2MDAwMDU4OA==,,,55.8,,43.9,19.7,13.6,9.1,13.6
경남,48,창녕군,48740,고,창녕옥야고등학교,,,UzE2MDAwMDYzNA==,,,86.5,,21.0,75.0,4.0,0.0,0.0
경남,48,창녕군,48740,고,창녕대성고등학교,,,UzE2MDAwMDY4MQ==,,,73.2,,25.6,43.6,17.9,5.1,7.7
경남,48,창녕군,48740,고,남지고등학교,,,UzE2MDAwMDUxOQ==,,,70.4,,7.7,25.6,23.9,15.4,27.4
경남,48,창녕군,48740,고,영산고등학교,,,UzE2MDAwMDYyOQ==,,,70.0,,28.8,33.9,18.6,11.9,6.8
경남,48,창녕군,48740,고,창녕여자고등학교,,,UzE2MDAwMDY4Mg==,,,69.0,,26.2,23.8,19.0,14.3,16.7
경남,48,창녕군,48740,고,창녕고등학교,,,UzE2MDAwMDY3Nw==,,,68.6,,27.3,20.5,18.2,15.9,18.2
경남,48,창녕군,48740,고,창녕여자고등학교,,,UzE2MDAwMDY4Mg==,,,63.9,,20.0,13.3,33.3,13.3,20.0
경남,48,합천군,48890,고,합천여자고등학교,,,UzE2MDAwMDczNw==,,,76.1,,16.2,27.9,23.5,25.0,7.4
경남,48,합천군,48890,고,합천고등학교,,,UzE2MDAwMDczNg==,,,70.7,,30.2,9.3,23.3,25.6,11.6
경남,48,합천군,48890,고,삼가고등학교,,,UzE2MDAwMDU4Nw==,,,70.3,,32.1,25.0,14.3,25.0,3.6
경남,48,합천군,48890,고,야로고등학교,,,UzE2MDAwMDYxNw==,,,54.4,,61.1,5.6,22.2,11.1,0.0
경남,48,거창군,48880,고,거창고등학교,,,UzE2MDAwMDQ3Mg==,,,84.6,,32.0,47.4,15.5,4.1,1.0
경남,48,거창군,48880,고,거창대성고등학교,,,UzE2MDAwMDQ3Mw==,,,71.9,,18.2,33.9,26.1,17.6,4.2
경남,48,거창군,48880,고,거창중앙고등학교,,,UzE2MDAwMDQ4MA==,,,71.3,,66.5,23.9,7.7,1.9,0.0
경남,48,거창군,48880,고,거창여자고등학교,,,UzE2MDAwMDQ3OA==,,,70.9,,1.2,36.5,42.4,20.0,0.0
경남,48,거창군,48880,고,아림고등학교,,,UzE2MDAwMDQ3Ng==,,,59.1,,10.2,16.9,32.2,16.9,23.7
경남,48,거창군,48880,고,대성일고등학교,,,UzE2MDAwMDQ3NQ==,,,58.8,,19.5,12.7,16.1,10.2,41.5
제주,50,서귀포시,50130,고,서귀포여자고등학교,,제주특별자치도 서귀포시 태평로 80,UzE3MDAwMDEyNQ==,,,73.8,,20.2,39.9,32.8,6.6,0.5
제주,50,서귀포시,50130,고,삼성여자고등학교,,제주특별자치도 서귀포시 토평동,UzE3MDAwMDEzNA==,,,72.1,,29.4,24.6,26.7,15.0,4.3
제주,50,서귀포시,50130,고,남주고등학교,,제주특별자치도 서귀포시 동홍동,UzE3MDAwMDEzMQ==,,,71.0,,27.6,44.7,18.8,6.5,2.4
제주,50,서귀포시,50130,고,표선고등학교,,제주특별자치도 서귀포시 표선면 표선리 1000~5000,UzE3MDAwMDE0Ng==,,,70.5,,16.2,38.2,28.7,9.6,7.4
제주,50,서귀포시,50130,고,서귀포고등학교,,제주특별자치도 서귀포시 동홍동,UzE3MDAwMDEyNA==,,,69.5,,28.4,43.8,18.6,6.7,2.6
제주,50,서귀포시,50130,고,성산고등학교,,제주특별자치도 서귀포시 성산읍 오조리,UzE3MDAwMDE1OQ==,,,68.0,,24.3,24.3,18.9,8.1,24.3
제주,50,서귀포시,50130,고,대정여자고등학교,,제주특별자치도 서귀포시 대정읍 하모리,UzE3MDAwMDEyMw==,,,65.0,,15.3,31.6,35.7,13.3,4.1
제주,50,서귀포시,50130,고,대정고등학교,,제주특별자치도 서귀포시 대정읍 상모리,UzE3MDAwMDEyMg==,,,57.4,,25.3,16.8,21.1,18.9,17.9
제주,50,서귀포시,50130,고,성산고등학교,,제주특별자치도 서귀포시 성산읍 오조리,UzE3MDAwMDE1OQ==,,,53.6,,14.3,10.7,17.9,10.7,46.4
제주,50,제주시,50110,고,제주중앙여자고등학교,,제주특별자치도 제주시 이도이동 443~699,UzE3MDAwMDEyOA==,,,81.7,,50.5,33.4,11.7,2.2,2.2
제주,50,제주시,50110,고,제주과학고등학교,,제주특별자치도 제주시 오라이동,UzE3MDAwMDE1Ng==,,,79.7,,78.9,21.1,0.0,0.0,0.0
제주,50,제주시,50110,고,신성여자고등학교,,제주특별자치도 제주시 영평동,UzE3MDAwMDEzNQ==,,,79.5,,20.5,36.9,23.3,13.0,6.3
제주,50,제주시,50110,고,제주외국어고등학교,,제주특별자치도 제주시 애월읍 고성리,UzE3MDAwMDc3Mw==,,,79.1,,22.4,39.8,30.6,6.1,1.0
제주,50,제주시,50110,고,제주여자고등학교,,제주특별자치도 제주시 아라일동,UzE3MDAwMDEzNw==,,,75.0,,11.7,40.2,31.0,13.8,3.4
제주,50,제주시,50110,고,대기고등학교,,제주특별자치도 제주시 봉개동,UzE3MDAwMDEzMg==,,,74.8,,38.1,24.5,23.9,8.8,4.7
제주,50,제주시,50110,고,남녕고등학교,,제주특별자치도 제주시 연동,UzE3MDAwMDEzMA==,,,73.9,,34.7,27.1,20.9,14.1,3.3
제주,50,제주시,50110,고,제주대학교사범대학부설고등학교,,제주특별자치도 제주시 용담삼동,UzAwMDAwMzU2Ng==,,,73.9,,41.4,36.5,14.7,1.6,5.9
제주,50,제주시,50110,고,애월고등학교,,제주특별자치도 제주시 애월읍 고내리,UzE3MDAwMDE0MA==,,,73.4,,35.0,35.0,25.0,5.0,0.0
제주,50,제주시,50110,고,제주제일고등학교,,제주특별자치도 제주시 노형동,UzE3MDAwMDEyNw==,,,73.0,,36.9,35.1,19.8,4.0,4.2
제주,50,제주시,50110,고,함덕고등학교,,제주특별자치도 제주시 조천읍 신흥리,UzE3MDAwMDE1MA==,,,71.9,,31.3,31.3,28.1,6.3,3.1
제주,50,제주시,50110,고,오현고등학교,,제주특별자치도 제주시 화북일동,UzE3MDAwMDEzNg==,,,71.9,,29.0,49.4,17.7,1.8,2.1
제주,50,제주시,50110,고,영주고등학교,,제주특별자치도 제주시 월평동,UzE3MDAwMDE1Mw==,,,71.6,,20.6,25.2,22.4,23.4,8.4
제주,50,제주시,50110,고,영주고등학교,,제주특별자치도 제주시 월평동,UzE3MDAwMDE1Mw==,,,70.8,,19.6,30.4,20.7,16.3,13.0
제주,50,제주시,50110,고,한림고등학교,,제주특별자치도 제주시 한림읍 옹포리,UzE3MDAwMDEyOQ==,,,70.6,,16.0,29.9,36.9,15.5,1.6
제주,50,제주시,50110,고,제주중앙고등학교,,제주특별자치도 제주시 월평동,UzE3MDAwMDE1NA==,,,70.3,,23.1,41.4,30.2,4.1,1.2
제주,50,제주시,50110,고,제주중앙고등학교,,제주특별자치도 제주시 월평동,UzE3MDAwMDE1NA==,,,69.8,,38.9,33.7,23.2,2.1,2.1
제주,50,제주시,50110,고,남녕고등학교,,제주특별자치도 제주시 연동,UzE3MDAwMDEzMA==,,,68.0,,34.2,7.9,26.3,26.3,5.3
제주,50,제주시,50110,고,세화고등학교,,제주특별자치도 제주시 구좌읍 세화리,UzE3MDAwMDEyNg==,,,64.9,,28.8,27.4,25.0,14.2,4.7
제주,50,제주시,50110,고,함덕고등학교,,제주특별자치도 제주시 조천읍 신흥리,UzE3MDAwMDE1MA==,,,55.3,,27.5,11.8,18.6,16.7,25.5
제주,50,제주시,50110,고,애월고등학교,,제주특별자치도 제주시 애월읍 고내리,UzE3MDAwMDE0MA==,,,52.1,,16.7,17.8,21.1,17.8,26.7
