광역,시도코드,시군구,area,학교급,학교명,설립구분,주소,mcode,위도,경도,평균,표준편차,A_pct,B_pct,C_pct,D_pct,E_pct
서울,11,강남구,11680,중,휘문중학교,,서울특별시 강남구 대치동,UzAxMDAwMDczNg==,,,92.1,0.0,79.1,9.2,4.0,4.0,3.7
서울,11,강남구,11680,중,진선여자중학교,,서울특별시 강남구 역삼2동,UzAxMDAwMDczNA==,,,89.4,0.0,66.4,17.1,10.5,4.5,1.5
서울,11,강남구,11680,중,은성중학교,,서울특별시 강남구 도곡동,UzAxMDAwMDczMQ==,,,89.1,0.0,68.5,19.1,5.6,3.1,3.7
서울,11,강남구,11680,중,봉은중학교,,서울특별시 강남구 삼성동,UzAxMDAwMDcxMw==,,,89.1,0.0,60.2,24.7,10.8,3.2,1.1
서울,11,강남구,11680,중,대청중학교,,서울특별시 강남구 대치1동,UzAxMDAwMDcwNw==,,,88.2,0.0,63.7,20.4,8.6,2.9,4.4
서울,11,강남구,11680,중,대명중학교,,서울특별시 강남구 대치2동 948~961,UzAxMDAwMDcwNQ==,,,88.1,0.0,63.9,18.8,7.9,3.0,6.4
서울,11,강남구,11680,중,신사중학교,,서울특별시 강남구 압구정동,UzAxMDAwMDcyNA==,,,86.7,0.0,60.4,18.8,7.9,5.0,7.9
서울,11,강남구,11680,중,개포중학교,,서울특별시 강남구 개포1동,UzAxMDAwMDY5OQ==,,,86.1,0.0,54.8,25.2,9.4,5.8,4.8
서울,11,강남구,11680,중,대왕중학교,,서울특별시 강남구 수서동,UzAxMDAwMDcwNg==,,,86.0,0.0,50.3,27.4,12.2,5.1,5.1
서울,11,강남구,11680,중,단국대학교사범대학부속중학교,,서울특별시 강남구 대치동,UzAxMDAwMDcwNA==,,,85.9,0.0,50.8,30.7,8.5,3.0,7.0
서울,11,강남구,11680,중,청담중학교,,서울특별시 강남구 청담1동,UzAxMDAwMDczNQ==,,,84.6,0.0,48.4,25.3,13.7,6.3,6.3
서울,11,강남구,11680,중,역삼중학교,,서울 강남구 역삼2동,UzAxMDAwMDcyOA==,,,84.4,0.0,48.0,26.1,14.1,4.8,7.0
서울,11,강남구,11680,중,도곡중학교,,서울특별시 강남구 도곡1동,UzAxMDAwMDcwOQ==,,,83.8,0.0,55.1,17.3,11.4,4.8,11.4
서울,11,강남구,11680,중,개원중학교,,서울 강남구 개포3동,UzAxMDAwMDY5OA==,,,81.7,0.0,41.2,27.0,13.2,8.4,10.1
서울,11,강남구,11680,중,숙명여자중학교,,서울특별시 강남구 도곡동,UzAxMDAwMDcyMA==,,,81.6,0.0,30.0,43.9,10.2,7.6,8.3
서울,11,강남구,11680,중,대치중학교,,서울특별시 강남구 도곡동,UzAxMDAwMDcwOA==,,,81.2,0.0,42.1,23.0,12.0,10.5,12.4
서울,11,강남구,11680,중,신구중학교,,서울 강남구 신사동,UzAxMDAwMDcyMQ==,,,80.9,0.0,40.3,27.3,9.1,11.7,11.7
서울,11,강남구,11680,중,세곡중학교,,서울특별시 강남구 자곡동,UzAxMDAwNTgyOQ==,,,80.6,0.0,43.8,24.6,10.9,7.1,13.6
서울,11,강남구,11680,중,구룡중학교,,서울 강남구 개포1동,UzAxMDAwMDcwMQ==,,,80.5,0.0,33.5,32.3,16.6,6.5,11.1
서울,11,강남구,11680,중,중동중학교,,서울특별시 강남구 일원동,UzAxMDAwMDczMw==,,,79.0,0.0,30.9,29.3,17.4,8.8,13.6
서울,11,강남구,11680,중,압구정중학교,,서울특별시 강남구 압구정동,UzAxMDAwMDcwMg==,,,77.9,0.0,37.3,19.7,16.2,9.2,17.6
서울,11,강남구,11680,중,언주중학교,,서울특별시 강남구 삼성2동,UzAxMDAwMDcyNw==,,,77.7,0.0,35.2,24.7,13.3,11.1,15.7
서울,11,강남구,11680,중,수서중학교,,서울특별시 강남구 수서동,UzAxMDAwMDcxOQ==,,,76.4,0.0,36.4,19.4,15.5,8.7,19.9
서울,11,강남구,11680,중,언북중학교,,서울특별시 강남구 논현2동,UzAxMDAwMDcyNg==,,,70.5,0.0,20.0,21.0,18.1,13.3,27.6
서울,11,종로구,11110,중,중앙중학교,,서울특별시 종로구 계동,UzAxMDAwMjM1OQ==,,,90.1,0.0,65.1,24.1,4.8,3.6,2.4
서울,11,종로구,11110,중,배화여자중학교,,서울특별시 종로구 필운동,UzAxMDAwMjM0NA==,,,88.6,0.0,59.5,24.6,7.1,6.3,2.4
서울,11,종로구,11110,중,동성중학교,,서울특별시 종로구 혜화동,UzAxMDAwMjM0Mg==,,,85.2,0.0,47.8,21.7,15.9,10.1,4.3
서울,11,종로구,11110,중,덕성여자중학교,,서울특별시 종로구 송현동,UzAxMDAwMjM0MA==,,,85.1,0.0,54.3,21.7,13.0,6.5,4.3
서울,11,종로구,11110,중,청운중학교,,서울특별시 종로구 청운동,UzAxMDAwMjM2MQ==,,,83.6,0.0,53.3,18.7,11.2,6.5,10.3
서울,11,종로구,11110,중,서울대학교사범대학부설여자중학교,,서울특별시 종로구 이화동,UzAwMDAwMzU2Mg==,,,82.9,0.0,40.7,24.1,20.4,8.3,6.5
서울,11,종로구,11110,중,대신중학교,,서울특별시 종로구 사직로 9,UzAxMDAwMjMzOQ==,,,80.3,0.0,33.8,29.6,15.5,11.3,9.9
서울,11,종로구,11110,중,상명대학교사범대학부속여자중학교,,서울특별시 종로구 홍지동,UzAxMDAwMjM0Ng==,,,77.5,0.0,31.9,20.8,19.4,11.1,16.7
서울,11,종로구,11110,중,경신중학교,,서울특별시 종로구 혜화로 74,UzAxMDAwMjMzNg==,,,62.6,0.0,7.4,13.0,18.5,22.2,38.9
서울,11,광진구,11215,중,대원국제중학교,,서울특별시 광진구 중곡4동 176,UzAxMDAwMjE1MQ==,,,95.6,0.0,90.4,7.8,1.2,0.6,0.0
서울,11,광진구,11215,중,양진중학교,,서울특별시 광진구 광장동,UzAxMDAwNTI4Ng==,,,83.8,0.0,51.2,24.7,9.0,5.0,10.0
서울,11,광진구,11215,중,광남중학교,,서울 광진구 광장동,UzAxMDAwMjE0NQ==,,,83.1,0.0,51.9,19.1,11.3,6.6,11.0
서울,11,광진구,11215,중,자양중학교,,서울특별시 광진구 자양3동,UzAxMDAwMjE2MA==,,,79.5,0.0,38.4,23.7,13.8,8.5,15.6
서울,11,광진구,11215,중,광양중학교,,서울특별시 광진구 자양2동,UzAxMDAwMjE0Ng==,,,78.1,0.0,32.8,26.0,13.7,11.5,16.0
서울,11,광진구,11215,중,구의중학교,,서울특별시 광진구 화양동 301~550,UzAxMDAwMjE1MA==,,,78.0,0.0,33.3,27.7,12.8,14.2,12.1
서울,11,광진구,11215,중,건국대학교사범대학부속중학교,,서울특별시 광진구 화양동,UzAxMDAwMjE0Mw==,,,77.7,0.0,33.7,21.4,17.3,10.2,17.3
서울,11,광진구,11215,중,동국대학교사범대학부속가람중학교,,서울 광진구 구의1동,UzAxMDAwMjE1Mw==,,,74.8,0.0,22.1,26.9,20.0,11.7,19.3
서울,11,광진구,11215,중,신양중학교,,서울특별시 광진구 자양4동,UzAxMDAwMjE1Nw==,,,74.6,0.0,25.9,29.4,12.9,9.4,22.4
서울,11,광진구,11215,중,광장중학교,,서울특별시 광진구 광장동,UzAxMDAwMjE0Nw==,,,72.6,0.0,24.3,23.8,14.1,13.0,24.9
서울,11,광진구,11215,중,광진중학교,,서울특별시 광진구 자양2동,UzAxMDAwMjE0OA==,,,71.7,0.0,25.7,16.2,14.9,16.2,27.0
서울,11,광진구,11215,중,용곡중학교,,서울특별시 광진구 중곡4동,UzAxMDAwMjE1OQ==,,,69.7,0.0,12.3,23.5,21.4,17.1,25.7
서울,11,서초구,11650,중,반포중학교,,서울특별시 서초구 반포동,UzAxMDAwMDcxMQ==,,,85.3,0.0,44.2,31.3,14.3,5.5,4.6
서울,11,서초구,11650,중,신반포중학교,,서울특별시 서초구 반포2동,UzAxMDAwMDcyMw==,,,85.2,0.0,56.0,22.3,9.1,4.5,8.1
서울,11,서초구,11650,중,서운중학교,,서울특별시 서초구 서초2동,UzAxMDAwMDcxNQ==,,,85.1,0.0,49.6,24.5,13.1,6.3,6.6
서울,11,서초구,11650,중,원촌중학교,,서울특별시 서초구 반포동,UzAxMDAwMDczMA==,,,85.0,0.0,56.1,19.7,10.2,5.1,9.0
서울,11,서초구,11650,중,신동중학교,,서울특별시 서초구 잠원동,UzAxMDAwMDcyMg==,,,84.3,0.0,51.1,25.2,10.8,4.3,8.6
서울,11,서초구,11650,중,서초중학교,,서울특별시 서초구 서초3동,UzAxMDAwMDcxNw==,,,84.0,0.0,57.7,14.3,9.1,8.0,10.9
서울,11,서초구,11650,중,내곡중학교,,서울특별시 서초구 청계산로7길 9-20,UzAxMDAwNjMzNA==,,,83.8,0.0,54.8,20.7,8.9,3.7,11.9
서울,11,서초구,11650,중,동덕여자중학교,,서울특별시 서초구 방배동,UzAxMDAwMDcxMA==,,,83.0,0.0,37.5,33.0,13.4,7.1,8.9
서울,11,서초구,11650,중,경원중학교,,서울특별시 서초구 잠원동,UzAxMDAwMDcwMA==,,,82.9,0.0,51.5,23.3,8.7,5.2,11.3
서울,11,서초구,11650,중,서일중학교,,서울특별시 서초구 서운로21길 2,UzAxMDAwMDcxNg==,,,81.6,0.0,36.6,29.8,17.8,8.0,7.7
서울,11,서초구,11650,중,세화여자중학교,,서울특별시 서초구 반포본동,UzAxMDAwMDcxOA==,,,81.4,0.0,25.7,41.1,19.4,9.1,4.6
서울,11,서초구,11650,중,언남중학교,,서울특별시 서초구 양재2동,UzAxMDAwMDcyNQ==,,,79.5,0.0,37.6,23.9,16.2,11.1,11.1
서울,11,서초구,11650,중,서문여자중학교,,서울특별시 서초구 방배4동,UzAxMDAwMDcxNA==,,,79.0,0.0,24.9,35.1,19.5,8.1,12.4
서울,11,서초구,11650,중,영동중학교,,서울특별시 서초구 우면동,UzAxMDAwMDcyOQ==,,,78.9,0.0,42.3,17.0,12.4,11.0,17.3
서울,11,서초구,11650,중,방배중학교,,서울특별시 서초구 반포동,UzAxMDAwMDcxMg==,,,77.0,0.0,28.7,31.0,16.1,8.4,15.7
서울,11,서초구,11650,중,이수중학교,,서울특별시 서초구 방배2동,UzAxMDAwMDczMg==,,,72.8,0.0,16.4,28.9,18.4,11.9,24.4
서울,11,서대문구,11410,중,정원여자중학교,,서울특별시 서대문구 홍은동,UzAxMDAwMTk1OA==,,,86.4,0.0,55.4,21.8,11.9,5.9,5.0
서울,11,서대문구,11410,중,이화여자대학교사범대학부속이화·금란중학교,,서울특별시 서대문구 대신동,UzAxMDAwMTk1NQ==,,,85.2,0.0,48.1,29.6,8.0,6.8,7.4
서울,11,서대문구,11410,중,서연중학교,,서울특별시 서대문구 연희동,UzAxMDAwMTkzNA==,,,84.9,0.0,42.0,33.3,9.9,9.9,4.9
서울,11,서대문구,11410,중,중앙여자중학교,,서울특별시 서대문구 북아현동,UzAxMDAwMTk2MA==,,,82.0,0.0,31.7,34.1,18.3,9.8,6.1
서울,11,서대문구,11410,중,동명여자중학교,,서울 서대문구 천연동,UzAxMDAwMTkzMA==,,,81.5,0.0,37.8,22.0,19.5,15.9,4.9
서울,11,서대문구,11410,중,인왕중학교,,서울특별시 서대문구 홍제3동,UzAxMDAwNTUxOQ==,,,81.2,0.0,43.4,19.8,17.9,6.6,12.3
서울,11,서대문구,11410,중,가재울중학교,,서울특별시 서대문구 북가좌1동,UzAxMDAwNTU5Mg==,,,80.6,0.0,34.6,28.5,19.2,8.4,9.3
서울,11,서대문구,11410,중,명지중학교,,서울특별시 서대문구 홍은동,UzAxMDAwMTkzMQ==,,,80.2,0.0,34.8,27.6,18.0,6.8,12.8
서울,11,서대문구,11410,중,홍은중학교,,서울특별시 서대문구 홍은2동,UzAxMDAwMTk2NA==,,,80.2,0.0,36.3,23.9,15.0,12.4,12.4
서울,11,서대문구,11410,중,연북중학교,,서울특별시 서대문구 연희동,UzAxMDAwMTk0Ng==,,,79.6,0.0,41.1,16.4,15.1,12.3,15.1
서울,11,서대문구,11410,중,한성중학교,,서울특별시 서대문구 북아현동,UzAxMDAwMTk2Mw==,,,77.4,0.0,27.0,23.8,25.4,11.1,12.7
서울,11,서대문구,11410,중,인창중학교,,서울특별시 서대문구 충정로2가,UzAxMDAwMTk1Ng==,,,76.7,0.0,36.6,14.3,17.0,11.6,20.5
서울,11,서대문구,11410,중,연희중학교,,서울특별시 서대문구 남가좌2동 339~374,UzAxMDAwMTk1MA==,,,75.9,0.0,36.2,19.9,12.2,9.3,22.4
서울,11,서대문구,11410,중,신연중학교,,서울 서대문구 연희동,UzAxMDAwMTk0NA==,,,74.5,0.0,24.8,19.8,20.8,13.9,20.8
서울,11,마포구,11440,중,동도중학교,,서울특별시 마포구 백범로 139,UzAxMDAwMTkyOQ==,,,89.1,0.0,72.9,10.1,3.5,6.0,7.5
서울,11,마포구,11440,중,중암중학교,,서울특별시 마포구 중동,UzAxMDAwMTk1OQ==,,,85.0,0.0,48.4,25.5,14.9,4.3,6.9
서울,11,마포구,11440,중,서울여자중학교,,서울특별시 마포구 염리동,UzAxMDAwMTkzNQ==,,,84.0,0.0,46.8,25.2,12.4,9.2,6.4
서울,11,마포구,11440,중,창천중학교,,서울특별시 마포구 노고산동,UzAxMDAwNTU2OQ==,,,83.8,0.0,43.8,32.6,11.2,4.5,7.9
서울,11,마포구,11440,중,신수중학교,,서울특별시 마포구 신수동,UzAxMDAwMTk0Mw==,,,82.3,0.0,47.7,18.1,14.1,10.1,10.1
서울,11,마포구,11440,중,숭문중학교,,서울특별시 마포구 대흥동,UzAxMDAwMTk0MQ==,,,81.9,0.0,48.2,20.1,14.0,6.1,11.6
서울,11,마포구,11440,중,상암중학교,,서울 마포구 상암동,UzAxMDAwNTM2Ng==,,,81.6,0.0,38.4,25.7,18.7,8.1,9.2
서울,11,마포구,11440,중,홍익대학교사범대학부속여자중학교,,서울특별시 마포구 성산동,UzAxMDAwMTk2NQ==,,,79.3,0.0,25.9,29.3,21.6,14.7,8.6
서울,11,마포구,11440,중,광성중학교,,서울 마포구 신수로8길 20,UzAxMDAwMTkyNQ==,,,76.5,0.0,24.1,28.6,14.3,17.9,15.2
서울,11,마포구,11440,중,성서중학교,,서울특별시 마포구 성산동,UzAxMDAwMTk0MA==,,,75.8,0.0,33.1,18.1,17.3,11.0,20.5
서울,11,마포구,11440,중,아현중학교,,서울특별시 마포구 아현동,UzAxMDAwMTk0NQ==,,,74.5,0.0,27.7,19.1,20.5,12.3,20.5
서울,11,마포구,11440,중,성사중학교,,서울특별시 마포구 성산동,UzAxMDAwMTkzOA==,,,71.9,0.0,12.4,22.5,19.1,27.0,19.1
서울,11,마포구,11440,중,경성중학교,,서울특별시 마포구 성미산로 111,UzAxMDAwMTkyNA==,,,70.8,0.0,10.3,20.6,26.2,20.6,22.4
서울,11,마포구,11440,중,성산중학교,,서울특별시 마포구 합정동,UzAxMDAwMTkzOQ==,,,70.8,0.0,17.4,18.8,20.8,16.7,26.4
서울,11,성동구,11200,중,옥정중학교,,서울특별시 성동구 옥수동,UzAxMDAwMjE1OA==,,,83.2,0.0,47.9,21.2,12.7,9.7,8.5
서울,11,성동구,11200,중,성수중학교,,서울 성동구 성수1가2동,UzAxMDAwMjE1NQ==,,,82.7,0.0,53.2,10.6,12.8,14.9,8.5
서울,11,성동구,11200,중,경일중학교,,서울특별시 성동구 성수동1가,UzAxMDAwNTIxMg==,,,82.1,0.0,29.7,31.3,28.1,4.7,6.3
서울,11,성동구,11200,중,행당중학교,,서울특별시 성동구 행당동,UzAxMDAwMjE2Mg==,,,81.1,0.0,36.7,26.6,11.4,15.2,10.1
서울,11,성동구,11200,중,무학중학교,,서울특별시 성동구 행당동,UzAxMDAwMjE1NA==,,,79.1,0.0,35.7,24.7,14.4,9.9,15.2
서울,11,성동구,11200,중,광희중학교,,서울특별시 성동구 응봉동,UzAxMDAwMjE0OQ==,,,78.3,0.0,35.7,20.8,18.0,10.2,15.3
서울,11,성동구,11200,중,성원중학교,,서울특별시 성동구 성수2가1동,UzAxMDAwMjE1Ng==,,,76.6,0.0,30.0,22.0,16.0,16.0,16.0
서울,11,성동구,11200,중,동마중학교,,서울특별시 성동구 마장동 1~405,UzAxMDAwMjE1Mg==,,,76.5,0.0,29.0,29.0,15.3,11.3,15.3
서울,11,성동구,11200,중,마장중학교,,서울특별시 성동구 마장동,UzAxMDAwNTI0MA==,,,76.2,0.0,36.2,18.1,15.2,13.3,17.1
서울,11,성동구,11200,중,경수중학교,,서울특별시 성동구 성수2가1동,UzAxMDAwMjE0NA==,,,67.9,0.0,8.8,21.3,17.5,22.5,30.0
서울,11,성동구,11200,중,한양대학교사범대학부속중학교,,서울특별시 성동구 사근동,UzAxMDAwMjE2MQ==,,,66.9,0.0,13.4,17.6,21.1,13.4,34.5
서울,11,동작구,11590,중,성남중학교,,서울특별시 동작구 대방동,UzAxMDAwMTU2Ng==,,,84.1,0.0,49.3,16.4,17.1,9.6,7.5
서울,11,동작구,11590,중,숭의여자중학교,,서울특별시 동작구 대방동,UzAxMDAwMjM1Mg==,,,84.0,0.0,36.1,42.2,12.2,4.1,5.4
서울,11,동작구,11590,중,대방중학교,,서울특별시 동작구 신대방동,UzAxMDAwMTU1NQ==,,,83.8,0.0,46.3,22.9,16.7,9.7,4.4
서울,11,동작구,11590,중,중앙대학교사범대학부속중학교,,서울특별시 동작구 흑석동,UzAxMDAwMTU3NQ==,,,81.9,0.0,45.0,23.7,12.3,5.7,13.3
서울,11,동작구,11590,중,상현중학교,,서울특별시 동작구 상도동,UzAxMDAwMTU2NA==,,,81.8,0.0,45.6,23.5,10.7,8.1,12.1
서울,11,동작구,11590,중,상도중학교,,서울특별시 동작구 사당5동,UzAxMDAwMTU2Mw==,,,81.6,0.0,35.1,31.1,16.6,9.3,7.9
서울,11,동작구,11590,중,강현중학교,,서울특별시 동작구 상도동,UzAxMDAwMTU0Ng==,,,81.2,0.0,33.7,29.6,18.4,12.2,6.1
서울,11,동작구,11590,중,동작중학교,,서울특별시 동작구 동작동,UzAxMDAwMTU1Nw==,,,79.9,0.0,30.0,34.6,14.6,9.2,11.5
서울,11,동작구,11590,중,남성중학교,,서울특별시 동작구 남부순환로269길 166,UzAxMDAwMTU1Mw==,,,79.8,0.0,50.5,12.4,10.5,10.5,16.2
서울,11,동작구,11590,중,동양중학교,,서울특별시 동작구 본동,UzAxMDAwMTU1Ng==,,,79.7,0.0,34.5,24.5,18.2,10.0,12.7
서울,11,동작구,11590,중,사당중학교,,서울특별시 동작구 사당동,UzAxMDAwMTU2Mg==,,,79.5,0.0,32.3,29.2,14.9,13.0,10.6
서울,11,동작구,11590,중,장승중학교,,서울특별시 동작구 장승배기로10가길 25,UzAxMDAwMTU3Mw==,,,79.0,0.0,34.8,25.7,15.0,12.3,12.3
서울,11,동작구,11590,중,영등포중학교,,서울특별시 동작구 대방동,UzAxMDAwMTU3MQ==,,,77.9,0.0,18.5,39.5,21.0,8.6,12.3
서울,11,동작구,11590,중,문창중학교,,서울특별시 동작구 신대방동,UzAxMDAwMTU1OA==,,,75.4,0.0,23.0,27.0,20.5,14.8,14.8
서울,11,동작구,11590,중,강남중학교,,서울특별시 동작구 대방동,UzAxMDAwMTU0NQ==,,,75.3,0.0,30.8,20.9,15.4,14.3,18.7
서울,11,동작구,11590,중,국사봉중학교,,서울특별시 동작구 상도4동,UzAxMDAwMTU0OQ==,,,73.9,0.0,29.5,20.0,21.1,8.4,21.1
서울,11,노원구,11350,중,하계중학교,,서울 노원구 하계동,UzAxMDAwMTczMQ==,,,86.2,0.0,57.2,18.0,9.0,8.1,7.7
서울,11,노원구,11350,중,상원중학교,,서울특별시 노원구 상계9동,UzAxMDAwMTcxMQ==,,,84.7,0.0,45.5,25.2,19.5,2.4,7.3
서울,11,노원구,11350,중,불암중학교,,서울특별시 노원구 하계동,UzAxMDAwMTcwNg==,,,84.1,0.0,54.0,20.4,10.5,3.5,11.5
서울,11,노원구,11350,중,공릉중학교,,서울특별시 노원구 공릉2동,UzAxMDAwMTY5Ng==,,,83.6,0.0,46.3,23.9,11.4,9.8,8.6
서울,11,노원구,11350,중,신상중학교,,서울특별시 노원구 상계동,UzAxMDAwMTcxNg==,,,83.6,0.0,35.4,37.8,17.1,6.1,3.7
서울,11,노원구,11350,중,수락중학교,,서울특별시 노원구 상계1동 1252~1269,UzAxMDAwMTcxMw==,,,83.5,0.0,45.8,24.2,14.2,8.3,7.5
서울,11,노원구,11350,중,중계중학교,,서울특별시 노원구 중계4동,UzAxMDAwMTcyMw==,,,82.1,0.0,46.3,21.8,13.7,6.3,11.9
서울,11,노원구,11350,중,청원중학교,,서울특별시 노원구 상계동,UzAxMDAwMTcyOQ==,,,81.9,0.0,44.9,18.8,13.6,11.9,10.8
서울,11,노원구,11350,중,한천중학교,,서울특별시 노원구 공릉2동,UzAxMDAwMTczMg==,,,81.3,0.0,44.0,19.0,18.5,7.1,11.3
서울,11,노원구,11350,중,태랑중학교,,서울특별시 노원구 공릉2동,UzAxMDAwMTczMA==,,,80.6,0.0,34.5,29.9,15.5,9.2,10.9
서울,11,노원구,11350,중,상명중학교,,서울특별시 노원구 중계동,UzAxMDAwMTcxMA==,,,80.2,0.0,34.7,25.5,17.0,11.6,11.2
서울,11,노원구,11350,중,상계제일중학교,,서울 노원구 중계4동,UzAxMDAwMTcwOA==,,,79.8,0.0,37.7,23.5,17.3,10.5,11.1
서울,11,노원구,11350,중,노일중학교,,서울특별시 노원구 상계1동 998~1120,UzAxMDAwMTcwMA==,,,79.6,0.0,33.3,25.7,19.0,9.5,12.4
서울,11,노원구,11350,중,온곡중학교,,서울특별시 노원구 노원로 492,UzAxMDAwMTcxOQ==,,,79.6,0.0,28.2,30.2,18.1,14.8,8.7
서울,11,노원구,11350,중,상경중학교,,서울특별시 노원구 상계동,UzAxMDAwMTcwNw==,,,78.6,0.0,25.0,29.4,21.9,13.1,10.6
서울,11,노원구,11350,중,을지중학교,,서울특별시 노원구 중계1동 359~362,UzAxMDAwNTIxMA==,,,77.9,0.0,30.8,26.9,17.6,12.8,11.9
서울,11,노원구,11350,중,월계중학교,,서울특별시 노원구 월계동,UzAxMDAwMTcyMA==,,,77.6,0.0,36.0,24.0,12.0,13.0,15.0
서울,11,노원구,11350,중,녹천중학교,,서울특별시 노원구 월계3동 314~322,UzAxMDAwMTcwMQ==,,,77.4,0.0,37.1,20.7,14.7,11.2,16.4
서울,11,노원구,11350,중,상계중학교,,서울특별시 노원구 상계동,UzAxMDAwMTcwOQ==,,,77.3,0.0,32.1,21.6,21.6,8.2,16.4
서울,11,노원구,11350,중,중평중학교,,서울특별시 노원구 동일로203길 87,UzAxMDAwMTcyNQ==,,,76.5,0.0,27.7,25.6,19.0,9.9,17.8
서울,11,노원구,11350,중,재현중학교,,서울특별시 노원구 덕릉로82길 64,UzAxMDAwMTcyMQ==,,,76.1,0.0,42.4,17.8,8.4,8.4,23.0
서울,11,노원구,11350,중,노원중학교,,서울특별시 노원구 상계6.7동 742~743,UzAxMDAwMTY5OQ==,,,74.1,0.0,21.4,26.0,19.8,12.2,20.6
서울,11,노원구,11350,중,광운중학교,,서울특별시 노원구 광운로1길 24,UzAxMDAwMTY5Nw==,,,73.5,0.0,23.9,28.3,12.4,9.7,25.7
서울,11,노원구,11350,중,신창중학교,,서울 노원구 월계로45길 92,UzAxMDAwMTcxNw==,,,73.3,0.0,24.5,22.3,23.4,6.4,23.4
서울,11,노원구,11350,중,중원중학교,,서울특별시 노원구 중계2.3동,UzAxMDAwMTcyNA==,,,71.6,0.0,17.3,23.1,18.3,18.3,23.1
서울,11,노원구,11350,중,염광중학교,,서울특별시 노원구 월계동,UzAxMDAwMTcxOA==,,,64.9,0.0,13.7,18.6,12.7,15.7,39.2
서울,11,영등포구,11560,중,당산중학교,,서울특별시 영등포구 당산동6가,UzAxMDAwMTE3Mw==,,,81.9,0.0,46.0,22.0,15.3,4.0,12.7
서울,11,영등포구,11560,중,당산서중학교,,서울특별시 영등포구 당산동5가,UzAxMDAwMTE3Mg==,,,81.2,0.0,36.0,28.1,17.4,9.0,9.6
서울,11,영등포구,11560,중,여의도중학교,,서울특별시 영등포구 여의도동,UzAxMDAwMTE4Ng==,,,80.9,0.0,38.2,26.8,16.6,9.6,8.9
서울,11,영등포구,11560,중,신길중학교,,서울특별시 영등포구 신길로28길 43,UzAxMDAwNjQwMg==,,,80.7,0.0,27.6,36.6,21.6,5.6,8.6
서울,11,영등포구,11560,중,윤중중학교,,서울특별시 영등포구 여의도동,UzAxMDAwMTE5NQ==,,,80.7,0.0,38.6,21.4,20.7,6.9,12.4
서울,11,영등포구,11560,중,양화중학교,,서울특별시 영등포구 당산로 56,UzAxMDAwMTE4NQ==,,,79.9,0.0,28.4,31.8,21.9,10.0,8.0
서울,11,영등포구,11560,중,문래중학교,,서울특별시 영등포구 문래동6가,UzAxMDAwMTE3Nw==,,,77.3,0.0,36.4,22.5,10.2,9.1,21.9
서울,11,영등포구,11560,중,선유중학교,,서울특별시 영등포구 양평동3가,UzAxMDAwMTE4NA==,,,75.9,0.0,33.1,19.5,18.6,11.0,17.8
서울,11,영등포구,11560,중,대영중학교,,서울특별시 영등포구 신길동,UzAxMDAwMTE3NQ==,,,74.5,0.0,24.4,23.9,23.0,10.8,17.8
서울,11,영등포구,11560,중,대림중학교,,서울특별시 영등포구 대림동,UzAxMDAwMTE3NA==,,,73.0,0.0,18.7,27.7,18.1,12.3,23.2
서울,11,영등포구,11560,중,영남중학교,,서울특별시 영등포구 대림동,UzAxMDAwMTE4Nw==,,,71.0,0.0,17.3,20.1,20.9,12.2,29.5
서울,11,영등포구,11560,중,영원중학교,,서울특별시 영등포구 영등포동,UzAxMDAwMTE5MA==,,,67.1,0.0,15.9,18.9,21.3,12.2,31.7
서울,11,송파구,11710,중,방산중학교,,서울특별시 송파구 방이동,UzAxMDAwMDg2Ng==,,,88.0,0.0,62.3,17.9,11.7,3.1,4.9
서울,11,송파구,11710,중,오륜중학교,,서울특별시 송파구 오륜동,UzAxMDAwMDg4NA==,,,87.4,0.0,58.5,23.9,10.1,3.8,3.8
서울,11,송파구,11710,중,가원중학교,,서울특별시 송파구 가락동,UzAxMDAwMDg1Nw==,,,86.9,0.0,56.3,23.2,10.6,4.9,4.9
서울,11,송파구,11710,중,신천중학교,,서울특별시 송파구 잠실동,UzAxMDAwMDg4MA==,,,86.4,0.0,60.1,18.1,8.5,5.7,7.6
서울,11,송파구,11710,중,풍성중학교,,서울특별시 송파구 풍납2동,UzAxMDAwMDg5Mw==,,,86.0,0.0,48.5,27.7,11.9,8.9,3.0
서울,11,송파구,11710,중,해누리중학교,,서울특별시 송파구 송파대로37길 95,UzAxMDAwNjQzNA==,,,84.8,0.0,51.7,24.7,10.6,5.3,7.6
서울,11,송파구,11710,중,잠신중학교,,서울특별시 송파구 잠실동,UzAxMDAwMDg4Nw==,,,84.8,0.0,57.4,18.7,7.6,8.2,8.2
서울,11,송파구,11710,중,정신여자중학교,,서울특별시 송파구 잠실동,UzAxMDAwMDg4OQ==,,,83.8,0.0,49.3,24.2,11.0,6.0,9.6
서울,11,송파구,11710,중,문현중학교,,서울특별시 송파구 장지동,UzAxMDAwNTUyMA==,,,83.7,0.0,48.1,25.9,10.3,5.9,9.7
서울,11,송파구,11710,중,잠실중학교,,서울특별시 송파구 신천동,UzAxMDAwMDg4OA==,,,82.3,0.0,43.4,23.1,12.9,10.8,9.8
서울,11,송파구,11710,중,문정중학교,,서울특별시 송파구 문정동,UzAxMDAwMDg2NQ==,,,81.8,0.0,38.4,25.2,18.5,10.6,7.3
서울,11,송파구,11710,중,가락중학교,,서울특별시 송파구 송이로 45,UzAxMDAwMDg1Ng==,,,80.6,0.0,35.3,28.1,16.5,11.5,8.6
서울,11,송파구,11710,중,송파중학교,,서울특별시 송파구 가락2동,UzAxMDAwMDg3Nw==,,,80.0,0.0,38.9,26.2,14.5,7.3,13.1
서울,11,송파구,11710,중,방이중학교,,서울특별시 송파구 방이동,UzAxMDAwMDg2Nw==,,,79.9,0.0,35.2,28.7,15.6,9.8,10.7
서울,11,송파구,11710,중,보성중학교,,서울특별시 송파구 양재대로 1278,UzAxMDAwMDg3MA==,,,79.6,0.0,49.2,19.2,9.2,6.9,15.4
서울,11,송파구,11710,중,거원중학교,,서울특별시 송파구 거여2동,UzAxMDAwMDg1OQ==,,,79.4,0.0,34.9,22.1,22.8,8.1,12.1
서울,11,송파구,11710,중,석촌중학교,,서울특별시 송파구 가락동,UzAxMDAwMDg3Mw==,,,79.4,0.0,49.6,12.2,11.3,9.6,17.4
서울,11,송파구,11710,중,영파여자중학교,,서울특별시 송파구 풍납동,UzAxMDAwMDg4Mg==,,,79.2,0.0,25.0,36.3,16.3,11.3,11.3
서울,11,송파구,11710,중,잠실여자중학교,,서울 송파구 송파동,UzAxMDAwMDg4Ng==,,,79.2,0.0,33.3,23.3,19.4,11.6,12.4
서울,11,송파구,11710,중,송례중학교,,서울특별시 송파구 위례순환로 429,UzAxMDAwNjA0MQ==,,,78.9,0.0,40.6,22.6,11.7,9.3,15.8
서울,11,송파구,11710,중,위례솔중학교,,서울특별시 송파구 거여동,UzAxMDAwNTU5Mw==,,,77.4,0.0,22.7,28.5,24.1,12.7,12.0
서울,11,송파구,11710,중,세륜중학교,,서울특별시 송파구 오금동,UzAxMDAwMDg3Ng==,,,77.4,0.0,21.8,31.5,21.8,14.5,10.5
서울,11,송파구,11710,중,오금중학교,,서울 송파구 오금동,UzAxMDAwMDg4Mw==,,,76.3,0.0,26.9,21.3,23.1,13.0,15.7
서울,11,송파구,11710,중,아주중학교,,서울특별시 송파구 잠실동,UzAxMDAwMDg4MQ==,,,75.7,0.0,22.3,27.4,22.3,11.4,16.6
서울,11,송파구,11710,중,오주중학교,,서울특별시 송파구 오금동,UzAxMDAwMDg4NQ==,,,75.2,0.0,30.2,16.4,18.2,13.8,21.4
서울,11,송파구,11710,중,풍납중학교,,서울특별시 송파구 풍납2동,UzAxMDAwMDg5Mg==,,,74.0,0.0,22.9,25.7,18.3,12.8,20.2
서울,11,송파구,11710,중,배명중학교,,서울특별시 송파구 삼전동,UzAxMDAwMDg2OA==,,,74.0,0.0,24.4,23.1,18.1,13.1,21.3
서울,11,송파구,11710,중,서울체육중학교,,서울특별시 송파구 방이동,UzAxMDAwNDA1OA==,,,70.3,0.0,10.0,23.3,25.0,13.3,28.3
서울,11,송파구,11710,중,보인중학교,,서울특별시 송파구 오금동,UzAxMDAwMDg3MQ==,,,68.3,0.0,13.1,25.1,18.0,12.6,31.1
서울,11,강동구,11740,중,한영중학교,,서울특별시 강동구 상일동 한영중학교,UzAxMDAwMDg5Ng==,,,86.7,0.0,54.5,25.2,9.9,5.4,5.0
서울,11,강동구,11740,중,배재중학교,,서울특별시 강동구 고덕동,UzAxMDAwMDg2OQ==,,,86.3,0.0,59.6,16.4,10.6,5.8,7.5
서울,11,강동구,11740,중,고덕중학교,,서울 강동구 고덕동,UzAxMDAwMDg2MA==,,,84.7,0.0,53.1,21.9,10.5,6.1,8.4
서울,11,강동구,11740,중,둔촌중학교,,서울특별시 강동구 둔촌2동,UzAxMDAwMDg2Mw==,,,84.4,0.0,48.3,23.0,9.2,12.6,6.9
서울,11,강동구,11740,중,강빛중학교,,서울특별시 강동구 강일동,UzAxMDAwNjU0NQ==,,,82.5,0.0,37.4,27.8,20.0,10.4,4.3
서울,11,강동구,11740,중,상일중학교,,서울 강동구 상일동 139~291,UzAxMDAwMDg3Mg==,,,82.3,0.0,35.9,30.9,15.5,11.6,6.1
서울,11,강동구,11740,중,성덕여자중학교,,서울특별시 강동구 천호동,UzAxMDAwMDg3NQ==,,,81.9,0.0,37.7,27.3,13.0,14.3,7.8
서울,11,강동구,11740,중,성내중학교,,서울 강동구 성내1동,UzAxMDAwMDg3NA==,,,80.1,0.0,34.9,28.9,19.3,6.0,10.8
서울,11,강동구,11740,중,동북중학교,,서울특별시 강동구 둔촌1동,UzAxMDAwMDg2MQ==,,,79.8,0.0,53.1,15.2,8.3,5.5,17.9
서울,11,강동구,11740,중,명일중학교,,서울특별시 강동구 고덕1동,UzAxMDAwMDg2NA==,,,79.5,0.0,38.9,22.7,14.8,10.4,13.2
서울,11,강동구,11740,중,강일중학교,,서울특별시 강동구 암사3동,UzAxMDAwMDg1OA==,,,79.0,0.0,39.1,22.3,14.2,9.4,15.0
서울,11,강동구,11740,중,한산중학교,,서울특별시 강동구 둔촌2동,UzAxMDAwMDg5NQ==,,,78.8,0.0,32.7,24.8,18.6,11.5,12.4
서울,11,강동구,11740,중,신명중학교,,서울특별시 강동구 길2동,UzAxMDAwMDg3OA==,,,78.3,0.0,35.4,24.2,17.4,8.7,14.3
서울,11,강동구,11740,중,신암중학교,,서울 강동구 암사3동,UzAxMDAwMDg3OQ==,,,76.2,0.0,29.3,26.0,14.4,9.9,20.4
서울,11,강동구,11740,중,강명중학교,,서울특별시 강동구 강일동,UzAxMDAwNTUyNg==,,,75.4,0.0,28.5,26.2,12.7,12.7,19.9
서울,11,강동구,11740,중,동신중학교,,서울특별시 강동구 천호동,UzAxMDAwMDg2Mg==,,,74.7,0.0,19.9,22.1,21.3,22.8,14.0
서울,11,강동구,11740,중,천호중학교,,서울 강동구 천호동,UzAxMDAwMDg5MQ==,,,72.3,0.0,29.7,17.4,16.1,12.3,24.5
서울,11,강동구,11740,중,천일중학교,,서울특별시 강동구 천호동,UzAxMDAwMDg5MA==,,,72.1,0.0,23.9,23.9,17.6,10.7,23.9
서울,11,강동구,11740,중,강동중학교,,서울특별시 강동구 강일동,UzAxMDAwNTU0MA==,,,67.6,0.0,10.8,21.6,19.9,15.3,32.4
서울,11,용산구,11170,중,보성여자중학교,,서울특별시 용산구 용산동2가,UzAxMDAwMjM0NQ==,,,88.6,0.0,62.9,17.7,6.5,6.5,6.5
서울,11,용산구,11170,중,한강중학교,,서울특별시 용산구 서빙고동,UzAxMDAwMjM2Mg==,,,85.8,0.0,64.4,13.5,8.7,4.8,8.7
서울,11,용산구,11170,중,신광여자중학교,,서울특별시 용산구 청파동3가,UzAxMDAwMjM1Mw==,,,82.5,0.0,40.7,28.4,12.3,9.9,8.6
서울,11,용산구,11170,중,성심여자중학교,,서울특별시 용산구 원효로19길 49,UzAxMDAwMjM1MQ==,,,81.4,0.0,63.9,6.6,4.9,6.6,18.0
서울,11,용산구,11170,중,용강중학교,,서울특별시 용산구 이촌동,UzAxMDAwMjM1NQ==,,,78.1,0.0,36.3,22.6,14.4,11.5,15.2
서울,11,용산구,11170,중,용산중학교,,서울 용산구 용산동2가,UzAxMDAwMjM1Ng==,,,74.4,0.0,20.9,23.3,22.1,15.1,18.6
서울,11,용산구,11170,중,선린중학교,,서울특별시 용산구 청파동3가,UzAxMDAwMjM1MA==,,,73.5,0.0,29.5,20.9,9.4,17.3,23.0
서울,11,용산구,11170,중,오산중학교,,서울특별시 용산구 보광동,UzAxMDAwMjM1NA==,,,72.5,0.0,21.7,18.1,26.5,10.8,22.9
서울,11,용산구,11170,중,배문중학교,,서울특별시 용산구 서계동 231~268,UzAxMDAwMjM0Mw==,,,67.4,0.0,12.3,18.5,21.5,10.8,36.9
서울,11,강북구,11305,중,영훈국제중학교,,서울특별시 강북구 미아동,UzAxMDAwMjI3OQ==,,,87.7,0.0,69.3,12.7,4.8,6.0,7.2
서울,11,강북구,11305,중,창문여자중학교,,서울 강북구 송중동,UzAxMDAwMjI4NQ==,,,87.4,0.0,55.3,23.5,15.6,2.8,2.8
서울,11,강북구,11305,중,삼각산중학교,,서울특별시 강북구 미아동,UzAxMDAwNTE4MA==,,,82.4,0.0,45.2,22.7,14.7,8.0,9.4
서울,11,강북구,11305,중,성암여자중학교,,서울특별시 강북구 미아8동,UzAxMDAwMjI3NQ==,,,81.6,0.0,39.8,24.8,17.7,8.8,8.8
서울,11,강북구,11305,중,화계중학교,,서울특별시 강북구 화계사길 63,UzAxMDAwMjI4OA==,,,79.7,0.0,37.4,25.2,9.3,11.2,16.8
서울,11,강북구,11305,중,인수중학교,,서울특별시 강북구 수유동,UzAxMDAwMjI4Mg==,,,79.6,0.0,34.1,25.4,18.3,10.3,11.9
서울,11,강북구,11305,중,수송중학교,,서울특별시 강북구 번1동,UzAxMDAwMjI3Ng==,,,77.7,0.0,33.0,21.4,14.6,13.6,17.5
서울,11,강북구,11305,중,신일중학교,,서울특별시 강북구 미아동,UzAxMDAwMjI3OA==,,,77.5,0.0,30.8,17.3,23.1,13.5,15.4
서울,11,강북구,11305,중,번동중학교,,서울특별시 강북구 번동,UzAxMDAwMjI2OA==,,,75.7,0.0,29.8,25.8,15.2,9.3,19.9
서울,11,강북구,11305,중,서라벌중학교,,서울특별시 강북구 우이동,UzAxMDAwMjI3MQ==,,,74.9,0.0,16.2,16.2,33.8,23.0,10.8
서울,11,강북구,11305,중,솔샘중학교,,서울특별시 강북구 미아동,UzAxMDAwNTUxNg==,,,74.3,0.0,26.9,22.2,18.5,10.2,22.2
서울,11,강북구,11305,중,수유중학교,,서울특별시 강북구 수유1동,UzAxMDAwMjI3Nw==,,,73.7,0.0,26.7,17.1,21.9,8.9,25.3
서울,11,강북구,11305,중,강북중학교,,서울특별시 강북구 수유동,UzAxMDAwMjI2Mw==,,,70.0,0.0,14.4,23.1,18.3,18.3,26.0
서울,11,성북구,11290,중,장위중학교,,서울특별시 성북구 장위동,UzAxMDAwMjI4Mw==,,,88.1,0.0,62.8,15.8,12.1,5.6,3.7
서울,11,성북구,11290,중,길음중학교,,서울특별시 성북구 길음동,UzAxMDAwNTU5NQ==,,,86.9,0.0,57.1,21.1,11.0,6.8,3.9
서울,11,성북구,11290,중,개운중학교,,서울특별시 성북구 돈암1동,UzAxMDAwNTI3MQ==,,,85.8,0.0,56.0,21.4,9.1,6.3,7.1
서울,11,성북구,11290,중,성신여자중학교,,서울특별시 성북구 돈암동,UzAxMDAwMjI3NA==,,,84.7,0.0,49.3,24.0,14.9,7.2,4.5
서울,11,성북구,11290,중,용문중학교,,서울특별시 성북구 안암동2가,UzAxMDAwMjI4MA==,,,84.2,0.0,42.6,31.1,13.1,6.6,6.6
서울,11,성북구,11290,중,종암중학교,,서울 성북구 종암1동,UzAxMDAwMjI4NA==,,,83.8,0.0,44.4,25.3,13.6,10.5,6.2
서울,11,성북구,11290,중,삼선중학교,,서울특별시 성북구 동소문동1가,UzAxMDAwMjI3MA==,,,82.9,0.0,40.3,23.4,19.5,10.4,6.5
서울,11,성북구,11290,중,홍익대학교사범대학부속중학교,,서울 성북구 성북1동,UzAxMDAwMjI4Nw==,,,80.9,0.0,33.7,27.7,18.1,14.5,6.0
서울,11,성북구,11290,중,숭곡중학교,,서울특별시 성북구 하월곡동,UzAxMDAwNTYxMg==,,,78.9,0.0,32.3,23.9,17.9,13.9,11.9
서울,11,성북구,11290,중,동구여자중학교,,서울특별시 성북구 성북동,UzAxMDAwMjI2Nw==,,,78.6,0.0,23.4,34.0,20.2,11.7,10.6
서울,11,성북구,11290,중,한성여자중학교,,서울특별시 성북구 삼선동2가,UzAxMDAwMjI4Ng==,,,78.5,0.0,28.5,27.6,23.6,9.8,10.6
서울,11,성북구,11290,중,월곡중학교,,서울특별시 성북구 상월곡동,UzAxMDAwMjI4MQ==,,,78.4,0.0,25.7,36.4,20.0,7.1,10.7
서울,11,성북구,11290,중,고려대학교사범대학부속중학교,,서울 성북구 정릉3동,UzAxMDAwMjI2NA==,,,74.7,0.0,26.9,19.2,18.7,12.8,22.4
서울,11,성북구,11290,중,서울대학교사범대학부설중학교,,서울특별시 성북구 종암2동,UzAwMDAwMzUxNA==,,,74.7,0.0,15.4,25.8,26.9,17.6,14.3
서울,11,성북구,11290,중,고명중학교,,서울특별시 성북구 돈암동,UzAxMDAwMjI2NQ==,,,74.1,0.0,24.5,23.1,18.9,10.5,23.1
서울,11,성북구,11290,중,석관중학교,,서울특별시 성북구 석관동,UzAxMDAwMjI3Mw==,,,72.8,0.0,12.0,32.2,19.7,20.2,15.8
서울,11,성북구,11290,중,북악중학교,,서울 성북구 정릉3동,UzAxMDAwMjI2OQ==,,,72.4,0.0,20.2,21.1,19.3,20.2,19.3
서울,11,성북구,11290,중,남대문중학교,,서울특별시 성북구 장위3동,UzAxMDAwMjI2Ng==,,,69.2,0.0,16.4,19.2,15.8,18.5,30.1
서울,11,강서구,11500,중,성재중학교,,서울특별시 강서구 가양1동 1463번지,UzAxMDAwMDk4NQ==,,,86.8,0.0,50.0,29.0,12.3,5.1,3.6
서울,11,강서구,11500,중,마포중학교,,서울특별시 강서구 등촌3동,UzAxMDAwMDk3Ng==,,,86.3,0.0,50.7,26.0,12.3,6.8,4.1
서울,11,강서구,11500,중,화곡중학교,,서울특별시 강서구 내발산동,UzAxMDAwMTAwMg==,,,85.2,0.0,52.7,20.1,12.5,8.7,6.0
서울,11,강서구,11500,중,명덕여자중학교,,서울 강서구 내발산동,UzAxMDAwMDk3Nw==,,,82.5,0.0,37.0,28.3,19.0,10.9,4.9
서울,11,강서구,11500,중,염창중학교,,서울특별시 강서구 염창동,UzAxMDAwMDk5OQ==,,,82.2,0.0,30.9,37.5,18.5,6.6,6.6
서울,11,강서구,11500,중,염경중학교,,서울특별시 강서구 염창동,UzAxMDAwNTI4Nw==,,,82.1,0.0,39.3,32.6,13.5,7.9,6.7
서울,11,강서구,11500,중,마곡하늬중학교,,서울특별시 강서구 마곡동,UzAxMDAwNjQwMw==,,,80.6,0.0,41.9,23.3,11.5,10.0,13.3
서울,11,강서구,11500,중,화원중학교,,서울특별시 강서구 화곡동,UzAxMDAwMTAwMw==,,,80.3,0.0,39.5,24.3,16.8,5.9,13.5
서울,11,강서구,11500,중,방원중학교,,서울특별시 강서구 방화동,UzAxMDAwMDk4MA==,,,79.8,0.0,41.9,21.5,10.8,11.8,14.0
서울,11,강서구,11500,중,마곡중학교,,서울특별시 강서구 마곡동,UzAxMDAwNTU5Ng==,,,78.8,0.0,35.5,24.9,18.9,5.1,15.7
서울,11,강서구,11500,중,송정중학교,,서울 강서구 공항동,UzAxMDAwMDk4Ng==,,,78.1,0.0,37.9,27.6,5.2,10.3,19.0
서울,11,강서구,11500,중,신정여자중학교,,서울특별시 강서구 화곡동,UzAxMDAwMDk5Mg==,,,77.6,0.0,27.9,25.0,20.0,15.0,12.1
서울,11,강서구,11500,중,백석중학교,,서울특별시 강서구 등촌2동,UzAxMDAwMDk4Mg==,,,76.7,0.0,30.4,19.3,19.3,15.8,15.2
서울,11,강서구,11500,중,덕원중학교,,서울특별시 강서구 내발산동,UzAxMDAwMDk3Mg==,,,75.8,0.0,23.7,27.8,19.6,11.8,17.1
서울,11,강서구,11500,중,방화중학교,,서울특별시 강서구 방화동,UzAxMDAwMDk4MQ==,,,74.5,0.0,35.4,15.6,12.5,13.5,22.9
서울,11,강서구,11500,중,등촌중학교,,서울특별시 강서구 등촌2동,UzAxMDAwMDk3NQ==,,,73.1,0.0,22.4,21.6,16.4,14.9,24.6
서울,11,강서구,11500,중,삼정중학교,,서울특별시 강서구 방화3동,UzAxMDAwMDk4NA==,,,72.8,0.0,20.2,14.6,24.7,20.2,20.2
서울,11,강서구,11500,중,등명중학교,,서울특별시 강서구 등촌동,UzAxMDAwMDk3Mw==,,,72.7,0.0,19.0,28.1,17.6,13.6,21.7
서울,11,강서구,11500,중,수명중학교,,서울특별시 강서구 내발산동,UzAxMDAwNTQ5Nw==,,,72.7,0.0,26.0,22.5,11.3,16.2,24.0
서울,11,강서구,11500,중,경서중학교,,서울특별시 강서구 가양동,UzAxMDAwMDk2OA==,,,71.7,0.0,9.1,31.8,13.6,27.3,18.2
서울,11,강서구,11500,중,등원중학교,,서울특별시 강서구 등촌3동,UzAxMDAwMDk3NA==,,,68.7,0.0,26.4,14.4,12.0,12.8,34.4
서울,11,강서구,11500,중,공항중학교,,서울특별시 강서구 공항동,UzAxMDAwMDk3MA==,,,68.5,0.0,17.1,16.1,21.2,17.6,28.0
서울,11,양천구,11470,중,목동중학교,,서울 양천구 신정2동,UzAxMDAwMDk3OA==,,,84.3,0.0,56.6,18.7,9.3,4.8,10.6
서울,11,양천구,11470,중,양서중학교,,서울특별시 양천구 신월동,UzAxMDAwMDk5Ng==,,,84.1,0.0,43.5,29.8,13.7,6.9,6.1
서울,11,양천구,11470,중,봉영여자중학교,,서울 양천구 신정7동,UzAxMDAwMDk4Mw==,,,82.8,0.0,25.3,39.6,23.4,9.1,2.6
서울,11,양천구,11470,중,신목중학교,,서울특별시 양천구 목5동,UzAxMDAwMDk4OA==,,,82.8,0.0,45.6,24.5,13.4,7.3,9.2
서울,11,양천구,11470,중,목일중학교,,서울특별시 양천구 신정6동,UzAxMDAwMDk3OQ==,,,81.5,0.0,46.1,18.7,15.7,7.5,11.9
서울,11,양천구,11470,중,월촌중학교,,서울특별시 양천구 목5동,UzAxMDAwMTAwMQ==,,,81.1,0.0,32.0,33.3,18.3,8.5,7.8
서울,11,양천구,11470,중,신서중학교,,서울 양천구 신정1동,UzAxMDAwMDk4OQ==,,,80.1,0.0,36.6,26.7,16.8,7.5,12.3
서울,11,양천구,11470,중,양강중학교,,서울특별시 양천구 신월2동 489~513,UzAxMDAwMDk5NA==,,,79.9,0.0,37.6,27.0,10.6,11.0,13.7
서울,11,양천구,11470,중,강신중학교,,서울특별시 양천구 신월6동,UzAxMDAwMDk2Nw==,,,76.4,0.0,30.0,25.3,17.5,10.1,17.1
서울,11,양천구,11470,중,금옥중학교,,서울 양천구 신정3동,UzAxMDAwMDk3MQ==,,,75.9,0.0,19.3,30.5,23.5,13.3,13.3
서울,11,양천구,11470,중,신월중학교,,서울특별시 양천구 신월동,UzAxMDAwMDk5MQ==,,,75.4,0.0,24.1,24.9,18.6,14.6,17.8
서울,11,양천구,11470,중,양정중학교,,서울특별시 양천구 안양천로 1039,UzAxMDAwMDk5Nw==,,,75.0,0.0,13.4,31.2,25.5,13.4,16.6
서울,11,양천구,11470,중,양천중학교,,서울특별시 양천구 신월7동,UzAxMDAwMDk5OA==,,,74.1,0.0,24.7,17.5,20.1,17.5,20.1
서울,11,양천구,11470,중,양동중학교,,서울특별시 양천구 목3동,UzAxMDAwMDk5NQ==,,,73.7,0.0,28.4,21.6,13.9,13.9,22.2
서울,11,양천구,11470,중,신남중학교,,서울특별시 양천구 신월2동,UzAxMDAwMDk4Nw==,,,73.4,0.0,31.8,18.5,14.9,10.3,24.6
서울,11,양천구,11470,중,영도중학교,,서울특별시 양천구 목동,UzAxMDAwMTAwMA==,,,71.1,0.0,35.2,7.7,16.5,8.8,31.9
서울,11,양천구,11470,중,목운중학교,,서울특별시 양천구 목동,UzAxMDAwNTUxNQ==,,,70.9,0.0,15.0,24.3,20.1,17.6,23.0
서울,11,양천구,11470,중,신원중학교,,서울특별시 양천구 신월3동,UzAxMDAwMDk5MA==,,,68.4,0.0,18.4,20.7,11.5,17.2,32.2
서울,11,동대문구,11230,중,전농중학교,,서울 동대문구 전농3동,UzAxMDAwMTM4Mg==,,,83.3,0.0,38.0,29.8,19.0,8.3,5.0
서울,11,동대문구,11230,중,숭인중학교,,서울특별시 동대문구 답십리동,UzAxMDAwMTM3NQ==,,,82.9,0.0,46.9,21.9,15.6,7.8,7.8
서울,11,동대문구,11230,중,휘경중학교,,서울특별시 동대문구 망우로18나길 20,UzAxMDAwMTM5Mw==,,,82.0,0.0,43.6,23.4,12.8,10.6,9.6
서울,11,동대문구,11230,중,휘경여자중학교,,서울특별시 동대문구 휘경동,UzAxMDAwMTM5Mg==,,,81.8,0.0,33.6,31.6,19.7,7.9,7.2
서울,11,동대문구,11230,중,경희여자중학교,,서울특별시 동대문구 회기동 1~82,UzAxMDAwMTM2Mw==,,,80.6,0.0,36.6,25.0,18.8,7.1,12.5
서울,11,동대문구,11230,중,동대문중학교,,서울특별시 동대문구 전농동,UzAxMDAwMTM2OA==,,,80.5,0.0,35.1,27.8,17.1,9.3,10.7
서울,11,동대문구,11230,중,대광중학교,,서울특별시 동대문구 신설동,UzAxMDAwMTM2NQ==,,,80.4,0.0,39.1,21.7,15.7,13.0,10.4
서울,11,동대문구,11230,중,정화여자중학교,,서울특별시 동대문구 제기1동,UzAxMDAwMTM4NQ==,,,80.3,0.0,37.8,26.7,17.8,6.7,11.1
서울,11,동대문구,11230,중,성일중학교,,서울특별시 동대문구 제기동 147~274,UzAxMDAwMTM3Mw==,,,79.5,0.0,26.8,35.1,15.5,9.3,13.4
서울,11,동대문구,11230,중,전동중학교,,서울특별시 동대문구 휘경2동,UzAxMDAwMTM4Mw==,,,78.8,0.0,38.9,24.3,12.5,8.3,16.0
서울,11,동대문구,11230,중,동국대학교사범대학부속중학교,,서울특별시 동대문구 장안동,UzAxMDAwMTM2Nw==,,,78.2,0.0,22.5,35.1,19.9,7.3,15.2
서울,11,동대문구,11230,중,장평중학교,,서울특별시 동대문구 장안1동 349~363,UzAxMDAwMTM4MQ==,,,77.7,0.0,33.0,28.7,14.0,7.9,16.5
서울,11,동대문구,11230,중,청량중학교,,서울특별시 동대문구 청량리동 1~39,UzAxMDAwMTM4OA==,,,77.3,0.0,39.8,19.5,11.3,10.5,18.8
서울,11,동대문구,11230,중,전일중학교,,서울특별시 동대문구 전농동,UzAxMDAwMTM4NA==,,,75.1,0.0,21.2,25.4,23.7,9.3,20.3
서울,11,동대문구,11230,중,경희중학교,,서울특별시 동대문구 회기동,UzAxMDAwMTM2NA==,,,73.8,0.0,16.2,27.7,17.6,20.9,17.6
서울,11,도봉구,11320,중,노곡중학교,,서울특별시 도봉구 창4동,UzAxMDAwMTY5OA==,,,88.7,0.0,55.7,30.4,10.4,1.7,1.7
서울,11,도봉구,11320,중,창일중학교,,서울특별시 도봉구 창동,UzAxMDAwMTcyOA==,,,86.7,0.0,50.3,27.2,11.5,7.9,3.1
서울,11,도봉구,11320,중,창동중학교,,서울특별시 도봉구 방학동,UzAxMDAwMTcyNg==,,,84.0,0.0,50.5,25.0,9.2,4.6,10.7
서울,11,도봉구,11320,중,정의여자중학교,,서울특별시 도봉구 쌍문동,UzAxMDAwMTcyMg==,,,81.1,0.0,43.8,23.2,9.8,6.3,17.0
서울,11,도봉구,11320,중,도봉중학교,,서울특별시 도봉구 도봉2동,UzAxMDAwMTcwMg==,,,80.4,0.0,35.3,24.7,22.4,11.8,5.9
서울,11,도봉구,11320,중,선덕중학교,,서울 도봉구 쌍문4동 선덕학교,UzAxMDAwMTcxMg==,,,79.3,0.0,34.0,25.3,16.2,12.0,12.4
서울,11,도봉구,11320,중,효문중학교,,서울특별시 도봉구 쌍문동,UzAxMDAwNTI4OQ==,,,79.2,0.0,32.7,21.4,17.3,17.3,11.2
서울,11,도봉구,11320,중,북서울중학교,,서울특별시 도봉구 도봉1동,UzAxMDAwMTcwNQ==,,,79.2,0.0,32.1,24.1,20.5,7.1,16.1
서울,11,도봉구,11320,중,신도봉중학교,,서울특별시 도봉구 쌍문동,UzAxMDAwMTcxNA==,,,75.3,0.0,39.1,18.0,9.8,9.8,23.3
서울,11,도봉구,11320,중,창북중학교,,서울 도봉구 창1동,UzAxMDAwMTcyNw==,,,73.9,0.0,23.0,22.4,18.4,17.1,19.1
서울,11,도봉구,11320,중,방학중학교,,서울특별시 도봉구 방학동,UzAxMDAwMTcwMw==,,,73.8,0.0,21.6,23.0,21.6,13.7,20.1
서울,11,도봉구,11320,중,백운중학교,,서울특별시 도봉구 쌍문2동 64~74,UzAxMDAwMTcwNA==,,,68.7,0.0,8.1,21.5,27.4,21.5,21.5
서울,11,도봉구,11320,중,신방학중학교,,서울 도봉구 방학3동,UzAxMDAwMTcxNQ==,,,65.3,0.0,4.9,17.8,18.4,20.9,38.0
서울,11,중랑구,11260,중,장안중학교,,서울 중랑구 중화1동,UzAxMDAwMTM4MA==,,,83.6,0.0,36.7,36.7,14.4,7.2,5.0
서울,11,중랑구,11260,중,용마중학교,,서울특별시 중랑구 면목4동,UzAxMDAwMTM3OA==,,,82.7,0.0,49.3,19.4,11.8,9.0,10.4
서울,11,중랑구,11260,중,태릉중학교,,서울특별시 중랑구 묵동,UzAxMDAwMTM4OQ==,,,81.0,0.0,32.4,30.5,19.0,11.4,6.7
서울,11,중랑구,11260,중,혜원여자중학교,,서울특별시 중랑구 망우동,UzAxMDAwMTM5MQ==,,,79.6,0.0,31.5,24.3,19.8,15.3,9.0
서울,11,중랑구,11260,중,송곡중학교,,서울특별시 중랑구 망우본동,UzAxMDAwMTM3NA==,,,79.0,0.0,26.2,32.8,16.4,13.1,11.5
서울,11,중랑구,11260,중,동원중학교,,서울특별시 중랑구 망우동,UzAxMDAwMTM2OQ==,,,78.6,0.0,23.6,29.8,21.3,16.9,8.4
서울,11,중랑구,11260,중,영란여자중학교,,서울특별시 중랑구 망우동,UzAxMDAwMTM3Nw==,,,78.4,0.0,30.1,21.5,20.4,16.1,11.8
서울,11,중랑구,11260,중,원묵중학교,,서울특별시 중랑구 묵1동,UzAxMDAwMTM3OQ==,,,78.1,0.0,33.7,23.6,16.7,11.4,14.6
서울,11,중랑구,11260,중,신현중학교,,서울특별시 중랑구 상봉1동,UzAxMDAwMTM3Ng==,,,77.0,0.0,18.3,29.7,27.5,12.7,11.8
서울,11,중랑구,11260,중,상봉중학교,,서울특별시 중랑구 상봉1동,UzAxMDAwMTM3Mg==,,,75.0,0.0,22.3,23.8,22.8,13.4,17.8
서울,11,중랑구,11260,중,면목중학교,,서울특별시 중랑구 면목동,UzAxMDAwMTM3MA==,,,73.9,0.0,24.2,23.6,17.6,9.7,24.8
서울,11,중랑구,11260,중,봉화중학교,,서울특별시 중랑구 망우본동,UzAxMDAwMTM3MQ==,,,73.9,0.0,30.2,25.6,9.3,12.8,22.1
서울,11,중랑구,11260,중,중랑중학교,,서울특별시 중랑구 중화동,UzAxMDAwMTM4Ng==,,,73.4,0.0,24.2,22.7,18.0,15.6,19.5
서울,11,중랑구,11260,중,중화중학교,,서울특별시 중랑구 면목동,UzAxMDAwMTM4Nw==,,,67.0,0.0,15.0,17.7,15.6,13.6,38.1
서울,11,중구,11140,중,장충중학교,,서울특별시 중구 신당동,UzAxMDAwMjM1OA==,,,89.5,0.0,64.2,20.9,7.5,4.5,3.0
서울,11,중구,11140,중,환일중학교,,서울특별시 중구 만리동2가,UzAxMDAwMjM2NA==,,,86.7,0.0,50.0,30.0,12.0,6.0,2.0
서울,11,중구,11140,중,창덕여자중학교,,서울특별시 중구 정동,UzAxMDAwMjM2MA==,,,84.7,0.0,46.2,36.5,9.6,0.0,7.7
서울,11,중구,11140,중,대경중학교,,서울 중구 신당4동,UzAxMDAwMjMzOA==,,,78.7,0.0,24.8,31.6,20.5,10.3,12.8
서울,11,중구,11140,중,장원중학교,,서울특별시 중구 신당동,UzAxMDAwMjM1Nw==,,,77.9,0.0,39.2,16.2,12.2,16.2,16.2
서울,11,중구,11140,중,한양중학교,,서울특별시 중구 신당동,UzAxMDAwMjM2Mw==,,,73.8,0.0,18.0,24.0,22.0,18.0,18.0
서울,11,중구,11140,중,덕수중학교,,서울 중구 인현동2가,UzAxMDAwMjM0MQ==,,,70.6,0.0,15.1,21.9,17.8,15.1,30.1
서울,11,은평구,11380,중,신도중학교,,서울특별시 은평구 진관동,UzAxMDAwNTU2MQ==,,,88.2,0.0,58.9,22.2,10.3,5.4,3.2
서울,11,은평구,11380,중,덕산중학교,,서울 은평구 신사1동,UzAxMDAwMTkyOA==,,,84.2,0.0,50.0,22.7,9.8,10.6,6.8
서울,11,은평구,11380,중,선일여자중학교,,서울특별시 은평구 갈현동,UzAxMDAwMTkzNg==,,,82.3,0.0,46.0,22.0,13.0,4.0,15.0
서울,11,은평구,11380,중,증산중학교,,서울특별시 은평구 증산동,UzAxMDAwMTk2MQ==,,,81.7,0.0,36.4,26.7,20.6,7.9,8.5
서울,11,은평구,11380,중,영락중학교,,서울특별시 은평구 응암동,UzAxMDAwMTk1MQ==,,,81.3,0.0,33.8,31.9,17.1,9.7,7.4
서울,11,은평구,11380,중,은평중학교,,서울특별시 은평구 구산동,UzAxMDAwMTk1Mw==,,,79.2,0.0,31.9,27.5,17.6,13.7,9.3
서울,11,은평구,11380,중,숭실중학교,,서울 은평구 신사2동,UzAxMDAwMTk0Mg==,,,79.0,0.0,32.0,24.2,15.6,15.6,12.5
서울,11,은평구,11380,중,연천중학교,,서울특별시 은평구 불광2동,UzAxMDAwMTk0OQ==,,,79.0,0.0,25.3,28.3,23.2,15.2,8.1
서울,11,은평구,11380,중,충암중학교,,서울특별시 은평구 응암동,UzAxMDAwMTk2Mg==,,,78.9,0.0,36.2,21.1,13.6,13.2,15.8
서울,11,은평구,11380,중,진관중학교,,서울특별시 은평구 진관동,UzAxMDAwNTUxMA==,,,78.9,0.0,41.0,19.9,10.4,11.7,17.0
서울,11,은평구,11380,중,불광중학교,,서울특별시 은평구 불광동,UzAxMDAwMTkzMg==,,,78.6,0.0,30.4,28.6,13.7,13.1,14.3
서울,11,은평구,11380,중,예일여자중학교,,서울특별시 은평구 구산동 1~22,UzAxMDAwMTk1Mg==,,,78.4,0.0,32.5,22.5,16.5,13.5,15.0
서울,11,은평구,11380,중,연서중학교,,서울특별시 은평구 증산동,UzAxMDAwMTk0Nw==,,,78.3,0.0,26.6,28.1,15.8,19.4,10.1
서울,11,은평구,11380,중,상신중학교,,서울특별시 은평구 신사동,UzAxMDAwMTkzMw==,,,76.6,0.0,21.3,30.3,23.0,9.0,16.4
서울,11,은평구,11380,중,구산중학교,,서울특별시 은평구 구산동,UzAxMDAwMTkyNg==,,,76.4,0.0,30.7,21.7,16.9,12.7,18.0
서울,11,은평구,11380,중,선정중학교,,서울특별시 은평구 갈현동,UzAxMDAwMTkzNw==,,,76.0,0.0,26.9,20.4,19.2,18.6,15.0
서울,11,은평구,11380,중,연신중학교,,서울특별시 은평구 불광동,UzAxMDAwMTk0OA==,,,73.5,0.0,26.9,17.6,12.0,17.6,25.9
서울,11,은평구,11380,중,대성중학교,,서울특별시 은평구 갈현2동 산52~53,UzAxMDAwMTkyNw==,,,73.3,0.0,21.4,19.1,19.8,16.0,23.7
서울,11,관악구,11620,중,성보중학교,,서울특별시 관악구 신림동,UzAxMDAwMTU2Nw==,,,82.4,0.0,35.6,28.8,18.3,10.6,6.7
서울,11,관악구,11620,중,구암중학교,,서울특별시 관악구 봉천동,UzAxMDAwNTIxMQ==,,,81.6,0.0,46.4,20.9,11.5,6.9,14.3
서울,11,관악구,11620,중,관악중학교,,서울특별시 관악구 봉천동,UzAxMDAwMTU0Nw==,,,80.5,0.0,31.6,25.3,28.4,5.3,9.5
서울,11,관악구,11620,중,미성중학교,,서울특별시 관악구 신림동,UzAxMDAwMTU1OQ==,,,79.9,0.0,41.7,23.2,11.9,9.3,13.9
서울,11,관악구,11620,중,인헌중학교,,서울특별시 관악구 봉천동,UzAxMDAwMTU3Mg==,,,79.4,0.0,34.9,25.0,14.5,12.5,13.2
서울,11,관악구,11620,중,광신중학교,,서울특별시 관악구 신림동,UzAxMDAwMTU0OA==,,,79.0,0.0,26.7,29.3,24.0,12.0,8.0
서울,11,관악구,11620,중,삼성중학교,,서울특별시 관악구 대학동 194~241,UzAxMDAwMTU2OQ==,,,77.6,0.0,34.1,23.2,13.4,13.4,15.9
서울,11,관악구,11620,중,서울문영여자중학교,,서울특별시 관악구 봉천동,UzAxMDAwMTU2NQ==,,,77.1,0.0,25.4,34.9,11.1,14.3,14.3
서울,11,관악구,11620,중,신림중학교,,서울특별시 관악구 신림동,UzAxMDAwMTU3MA==,,,76.8,0.0,34.9,18.6,16.3,10.5,19.8
서울,11,관악구,11620,중,남강중학교,,서울특별시 관악구 신림3동,UzAxMDAwMTU1MQ==,,,76.2,0.0,21.9,26.0,23.3,13.7,15.1
서울,11,관악구,11620,중,봉림중학교,,서울특별시 관악구 봉천동,UzAxMDAwMTU2MA==,,,74.6,0.0,14.1,30.6,20.0,22.4,12.9
서울,11,관악구,11620,중,신관중학교,,서울특별시 관악구 신림동,UzAxMDAwMTU2OA==,,,73.0,0.0,16.2,25.7,25.7,13.5,18.9
서울,11,관악구,11620,중,남서울중학교,,서울특별시 관악구 신림동,UzAxMDAwMTU1Mg==,,,71.9,0.0,18.9,23.2,23.2,11.6,23.2
서울,11,관악구,11620,중,봉원중학교,,서울 관악구 봉천6동,UzAxMDAwMTU2MQ==,,,71.8,0.0,29.0,18.1,15.5,11.0,26.5
서울,11,관악구,11620,중,난우중학교,,서울특별시 관악구 신림동,UzAxMDAwMTU1MA==,,,71.5,0.0,11.8,25.8,24.7,15.7,21.9
서울,11,관악구,11620,중,당곡중학교,,서울특별시 관악구 보라매동 682,UzAxMDAwMTU1NA==,,,66.3,0.0,8.7,17.4,15.7,25.6,32.6
서울,11,금천구,11545,중,안천중학교,,서울특별시 금천구 독산동,UzAxMDAwMTE4Mw==,,,87.3,0.0,55.2,31.0,6.9,1.4,5.5
서울,11,금천구,11545,중,동일중학교,,서울특별시 금천구 시흥동,UzAxMDAwMTE3Ng==,,,84.8,0.0,52.0,20.0,12.0,7.3,8.7
서울,11,금천구,11545,중,세일중학교,,서울특별시 금천구 독산동,UzAxMDAwMTE4MA==,,,79.1,0.0,35.2,18.4,20.0,16.0,10.4
서울,11,금천구,11545,중,문일중학교,,서울특별시 금천구 시흥1동,UzAxMDAwMTE3OQ==,,,76.1,0.0,23.5,19.4,23.5,21.4,12.2
서울,11,금천구,11545,중,난곡중학교,,서울 금천구 독산3동,UzAxMDAwMTE3MQ==,,,76.0,0.0,27.0,21.6,18.9,14.9,17.6
서울,11,금천구,11545,중,문성중학교,,서울특별시 금천구 독산3동,UzAxMDAwMTE3OA==,,,75.7,0.0,18.8,33.8,21.3,11.3,15.0
서울,11,금천구,11545,중,가산중학교,,서울특별시 금천구 독산동,UzAxMDAwMTE2NQ==,,,72.6,0.0,23.0,17.1,15.8,20.4,23.7
서울,11,금천구,11545,중,시흥중학교,,서울특별시 금천구 시흥3동,UzAxMDAwMTE4MQ==,,,70.6,0.0,16.8,23.4,19.3,15.7,24.9
서울,11,금천구,11545,중,한울중학교,,서울특별시 금천구 독산3동 894~908,UzAxMDAwMTE5Ng==,,,69.2,0.0,20.2,19.1,20.8,12.4,27.5
서울,11,구로구,11530,중,천왕중학교,,서울특별시 구로구 천왕동,UzAxMDAwNTU3MQ==,,,83.2,0.0,44.6,27.5,8.7,9.8,9.4
서울,11,구로구,11530,중,신도림중학교,,서울특별시 구로구 신도림동 301~420,UzAxMDAwMTE4Mg==,,,81.9,0.0,41.8,25.1,14.6,7.8,10.8
서울,11,구로구,11530,중,항동중학교,,서울특별시 구로구 항동,UzAxMDAwNjQwMQ==,,,80.7,0.0,38.9,22.9,15.4,10.9,12.0
서울,11,구로구,11530,중,영림중학교,,서울특별시 구로구 구로동,UzAxMDAwMTE4OA==,,,78.4,0.0,39.2,27.0,11.5,5.4,16.9
서울,11,구로구,11530,중,개웅중학교,,서울 구로구 개봉3동,UzAxMDAwMTE2Nw==,,,75.1,0.0,21.0,19.6,28.7,13.3,17.5
서울,11,구로구,11530,중,우신중학교,,서울특별시 구로구 부일로 917,UzAxMDAwMTE5NA==,,,74.9,0.0,9.9,34.6,22.2,17.3,16.0
서울,11,구로구,11530,중,영서중학교,,서울특별시 구로구 구로동,UzAxMDAwMTE4OQ==,,,74.5,0.0,26.7,16.7,17.3,18.7,20.7
서울,11,구로구,11530,중,고척중학교,,서울 구로구 고척동,UzAxMDAwMTE2OA==,,,74.0,0.0,23.1,23.9,16.9,15.7,20.4
서울,11,구로구,11530,중,오남중학교,,서울특별시 구로구 오류동,UzAxMDAwMTE5MQ==,,,72.7,0.0,23.8,23.1,18.8,11.9,22.5
서울,11,구로구,11530,중,경인중학교,,서울특별시 구로구 개봉동,UzAxMDAwMTE5Mg==,,,72.6,0.0,24.4,19.7,19.7,12.4,23.8
서울,11,구로구,11530,중,구일중학교,,서울특별시 구로구 구로동,UzAxMDAwMTE3MA==,,,72.4,0.0,14.5,24.2,22.4,17.6,21.2
서울,11,구로구,11530,중,개봉중학교,,서울특별시 구로구 개봉동,UzAxMDAwMTE2Ng==,,,69.4,0.0,8.0,29.7,24.6,15.9,21.7
서울,11,구로구,11530,중,오류중학교,,서울특별시 구로구 고척2동,UzAxMDAwMTE5Mw==,,,65.7,0.0,20.7,10.3,13.8,13.8,41.4
서울,11,구로구,11530,중,구로중학교,,서울특별시 구로구 구로동,UzAxMDAwMTE2OQ==,,,61.1,0.0,6.8,14.4,18.2,20.5,40.2
부산,26,금정구,26410,중,부산예술중학교,,부산광역시 금정구 구서동,UzAyMDAwMDc3OQ==,,,93.2,0.0,79.3,13.0,4.3,1.1,2.2
부산,26,금정구,26410,중,동래여자중학교,,부산광역시 금정구 부곡동 산7-1,UzAyMDAwMDc3Mg==,,,86.6,0.0,55.9,20.7,13.4,5.0,5.0
부산,26,금정구,26410,중,부곡여자중학교,,부산광역시 금정구 부곡동,UzAyMDAwMDc3Nw==,,,85.6,0.0,55.5,22.7,10.0,4.3,7.6
부산,26,금정구,26410,중,장전중학교,,부산광역시 금정구 장전2동 521-183,UzAyMDAwMDc5NQ==,,,82.1,0.0,39.6,32.9,10.4,6.7,10.4
부산,26,금정구,26410,중,브니엘예술중학교,,부산광역시 금정구 구서동,UzAyMDAwMDc4MA==,,,81.6,0.0,23.7,47.4,17.1,6.6,5.3
부산,26,금정구,26410,중,부곡중학교,,부산광역시 금정구 부곡2동 부곡중학교,UzAyMDAwMDc3OA==,,,81.5,0.0,37.3,25.9,18.6,8.6,9.5
부산,26,금정구,26410,중,금양중학교,,부산광역시 금정구 부곡2동,UzAyMDAwMDg0OQ==,,,79.8,0.0,30.0,28.6,18.2,13.6,9.5
부산,26,금정구,26410,중,남산중학교,,부산광역시 금정구 남산동 남산중학교,UzAyMDAwMDc3MA==,,,78.2,0.0,28.8,32.0,12.4,13.1,13.7
부산,26,금정구,26410,중,금사중학교,,부산광역시 금정구 서동,UzAyMDAwMDc2Nw==,,,75.8,0.0,22.4,20.7,25.9,15.5,15.5
부산,26,금정구,26410,중,금정중학교,,부산광역시 금정구 남산동,UzAyMDAwMDc2OQ==,,,71.3,0.0,13.0,28.3,21.7,14.1,22.8
부산,26,금정구,26410,중,동현중학교,,부산광역시 금정구 부곡동,UzAyMDAwMDc3Ng==,,,70.8,0.0,24.2,16.7,15.2,10.6,33.3
부산,26,금정구,26410,중,구서여자중학교,,부산광역시 금정구 구서1동   709-4,UzAyMDAwMDc2NQ==,,,68.5,0.0,17.3,15.6,22.5,15.6,28.9
부산,26,해운대구,26350,중,해운대여자중학교,,부산광역시 해운대구 우동,UzAyMDAwMTY0Mw==,,,84.7,0.0,48.5,24.8,14.6,6.3,5.8
부산,26,해운대구,26350,중,양운중학교,,부산광역시 해운대구 좌동,UzAyMDAwMTYzNw==,,,84.2,0.0,54.1,18.9,8.1,9.2,9.7
부산,26,해운대구,26350,중,센텀중학교,,부산 해운대구 재송동,UzAyMDAwMTkxMA==,,,83.0,0.0,49.2,23.8,9.0,6.3,11.6
부산,26,해운대구,26350,중,인지중학교,,부산광역시 해운대구 반여동,UzAyMDAwMTg1Nw==,,,81.4,0.0,45.1,22.3,12.6,8.8,11.2
부산,26,해운대구,26350,중,해운대중학교,,부산광역시 해운대구 우1동,UzAyMDAwMTY0NA==,,,81.3,0.0,43.6,22.0,14.7,7.8,11.9
부산,26,해운대구,26350,중,신도중학교,,부산광역시 해운대구 좌동   1345,UzAyMDAwMTYzNg==,,,80.6,0.0,33.8,32.8,15.4,9.0,9.0
부산,26,해운대구,26350,중,상당중학교,,부산광역시 해운대구 좌동,UzAyMDAwMTYzMw==,,,79.0,0.0,27.7,25.2,25.8,11.3,10.1
부산,26,해운대구,26350,중,반안중학교,,부산광역시 해운대구 반여4동,UzAyMDAwMTYyOQ==,,,78.4,0.0,37.3,24.8,15.0,7.8,15.0
부산,26,해운대구,26350,중,동백중학교,,부산광역시 해운대구 중동,UzAyMDAwMTYyMg==,,,77.4,0.0,30.9,27.6,12.9,9.7,18.9
부산,26,해운대구,26350,중,장산중학교,,부산광역시 해운대구 반여동,UzAyMDAwMTkxOQ==,,,77.4,0.0,30.0,28.2,12.8,12.8,16.1
부산,26,해운대구,26350,중,신곡중학교,,부산광역시 해운대구 좌동,UzAyMDAwMTYzNQ==,,,76.5,0.0,21.1,36.2,16.4,9.4,16.9
부산,26,해운대구,26350,중,반여중학교,,부산광역시 해운대구 반여3동,UzAyMDAwMTYzMA==,,,76.0,0.0,16.3,30.6,30.6,8.2,14.3
부산,26,해운대구,26350,중,재송여자중학교,,부산광역시 해운대구 재송2동 1157,UzAyMDAwMTY0MA==,,,75.4,0.0,20.4,25.5,22.4,15.3,16.3
부산,26,해운대구,26350,중,반송여자중학교,,부산광역시 해운대구 반송동,UzAyMDAwMTYyNw==,,,74.6,0.0,29.5,21.3,14.8,16.4,18.0
부산,26,해운대구,26350,중,해강중학교,,부산광역시 해운대구 우동,UzAyMDAwMTg5Mw==,,,73.7,0.0,27.2,19.7,16.2,15.6,21.3
부산,26,해운대구,26350,중,재송중학교,,부산광역시 해운대구 재송동,UzAyMDAwMTY0MQ==,,,73.4,0.0,18.9,18.9,22.5,19.8,19.8
부산,26,해운대구,26350,중,부흥중학교,,부산광역시 해운대구 좌동,UzAyMDAwMTYzMg==,,,72.1,0.0,22.3,18.7,18.1,14.5,26.4
부산,26,해운대구,26350,중,반송중학교,,부산광역시 해운대구 반송동,UzAyMDAwMTYyOA==,,,68.8,0.0,25.0,15.9,15.9,11.4,31.8
부산,26,동래구,26260,중,사직중학교,,부산광역시 동래구 사직동,UzAyMDAwMDc4NA==,,,84.3,0.0,42.3,30.8,17.8,4.2,4.9
부산,26,동래구,26260,중,여명중학교,,부산광역시 동래구 사직동,UzAyMDAwMDc4OQ==,,,81.2,0.0,41.7,26.0,13.8,7.7,10.9
부산,26,동래구,26260,중,동래중학교,,부산광역시 동래구 명륜동,UzAyMDAwMDc3Mw==,,,80.5,0.0,38.8,22.4,14.4,10.4,13.9
부산,26,동래구,26260,중,안락중학교,,부산광역시 동래구 안락2동 177-3,UzAyMDAwMDc4Ng==,,,80.2,0.0,43.8,20.1,11.8,8.9,15.4
부산,26,동래구,26260,중,혜화여자중학교,,부산광역시 동래구 명장동,UzAyMDAwMDc5OQ==,,,79.7,0.0,28.4,34.3,17.9,6.0,13.4
부산,26,동래구,26260,중,학산여자중학교,,부산광역시 동래구 명장동,UzAyMDAwMDc5OA==,,,79.3,0.0,43.5,19.4,12.0,9.3,15.7
부산,26,동래구,26260,중,동해중학교,,부산광역시 동래구 명륜동,UzAyMDAwMDc3NQ==,,,78.3,0.0,23.5,30.5,23.0,13.9,9.1
부산,26,동래구,26260,중,유락여자중학교,,부산광역시 동래구 온천동,UzAyMDAwMDc5NA==,,,77.3,0.0,26.1,28.7,16.9,13.2,15.1
부산,26,동래구,26260,중,사직여자중학교,,부산광역시 동래구 사직2동   970-4,UzAyMDAwMDc4Mw==,,,76.3,0.0,24.5,27.5,15.3,15.7,17.0
부산,26,동래구,26260,중,남일중학교,,부산광역시 동래구 안락2동 164-1,UzAyMDAwMDc5Ng==,,,76.1,0.0,28.1,23.7,17.9,11.6,18.8
부산,26,동래구,26260,중,부산내성중학교,,부산광역시 동래구 온천3동 1458-20,UzAyMDAwMDc3MQ==,,,75.8,0.0,33.5,19.8,16.5,9.3,20.9
부산,26,동래구,26260,중,온천중학교,,부산광역시 동래구 온천동,UzAyMDAwMDc5Mw==,,,75.5,0.0,21.4,23.9,24.4,12.9,17.4
부산,26,동래구,26260,중,충렬중학교,,부산광역시 동래구 명장동 149-10,UzAyMDAwMDc5Nw==,,,73.4,0.0,17.5,26.3,26.3,12.3,17.5
부산,26,동래구,26260,중,동신중학교,,부산광역시 동래구 명장2동  26-1,UzAyMDAwMDc3NA==,,,71.8,0.0,6.4,31.9,21.3,19.1,21.3
부산,26,연제구,26470,중,이사벨중학교,,부산광역시 연제구 거제동,UzAyMDAwMDk4Mw==,,,84.3,0.0,43.9,31.6,14.0,4.1,6.4
부산,26,연제구,26470,중,거성중학교,,부산광역시 연제구 거제4동,UzAyMDAwMDk1OA==,,,79.1,0.0,31.5,33.5,11.2,11.2,12.7
부산,26,연제구,26470,중,연제중학교,,부산광역시 연제구 연산동,UzAyMDAwMDk4MA==,,,78.8,0.0,35.1,23.7,18.4,7.0,15.8
부산,26,연제구,26470,중,거제여자중학교,,부산광역시 연제구 거제2동,UzAyMDAwMDk1OQ==,,,77.4,0.0,20.9,34.2,21.5,10.6,12.7
부산,26,연제구,26470,중,연일중학교,,부산광역시 연제구 연산8동 1086,UzAyMDAwMDk3OQ==,,,76.8,0.0,24.7,23.6,23.6,12.9,15.2
부산,26,연제구,26470,중,연천중학교,,부산광역시 연제구 연산9동 272,UzAyMDAwMDk4MQ==,,,74.8,0.0,29.8,19.7,17.4,9.6,23.6
부산,26,연제구,26470,중,토현중학교,,부산광역시 연제구 연산9동   2219,UzAyMDAwMDk4Nw==,,,74.4,0.0,23.7,20.4,17.2,21.5,17.2
부산,26,연제구,26470,중,연산중학교,,부산광역시 연제구 연산동,UzAyMDAwMDk3OA==,,,70.7,0.0,24.1,23.4,14.5,9.7,28.3
부산,26,남구,26290,중,문현여자중학교,,부산광역시 남구 문현1동 490번지,UzAyMDAwMDYxMQ==,,,81.5,0.0,37.7,29.2,13.8,10.0,9.2
부산,26,남구,26290,중,남천중학교,,부산광역시 남구 대연동   455-12,UzAyMDAwMDYwNA==,,,77.6,0.0,26.1,26.1,22.6,11.8,13.2
부산,26,남구,26290,중,용문중학교,,부산광역시 남구 용호1동,UzAyMDAwMDYyMQ==,,,77.6,0.0,29.9,31.3,13.9,9.0,15.9
부산,26,남구,26290,중,오륙도중학교,,부산광역시 남구 오륙도로 60,UzAyMDAwMjAwNw==,,,76.8,0.0,24.3,24.3,25.0,13.6,12.9
부산,26,남구,26290,중,석포여자중학교,,부산광역시 남구 용당동,UzAyMDAwMDYxNw==,,,76.5,0.0,28.3,26.4,18.9,9.4,17.0
부산,26,남구,26290,중,성동중학교,,부산광역시 남구 문현2동   791번지,UzAyMDAwMDYxOQ==,,,75.7,0.0,24.8,23.1,25.6,7.4,19.0
부산,26,남구,26290,중,감만중학교,,부산광역시 남구 감만동,UzAyMDAwMDU5OQ==,,,75.6,0.0,31.2,14.7,20.2,19.3,14.7
부산,26,남구,26290,중,용호중학교,,부산광역시 남구 용호3동,UzAyMDAwMDYyMw==,,,74.6,0.0,31.1,19.8,16.9,10.2,22.0
부산,26,남구,26290,중,분포중학교,,부산광역시 남구 용호1동   176-67번지,UzAyMDAwMDYxNg==,,,73.6,0.0,19.2,29.9,16.5,13.4,21.0
부산,26,남구,26290,중,대천중학교,,부산광역시 남구 대연3동,UzAyMDAwMDYwNw==,,,73.2,0.0,22.9,22.0,15.6,17.1,22.4
부산,26,남구,26290,중,대연중학교,,부산광역시 남구 대연2동,UzAyMDAwMDYwNg==,,,72.4,0.0,15.0,25.6,22.2,18.8,18.4
부산,26,남구,26290,중,해연중학교,,부산광역시 남구 대연6동 1576-1번지,UzAyMDAwMDYyNA==,,,71.5,0.0,10.4,26.4,23.4,19.4,20.4
부산,26,남구,26290,중,동항중학교,,부산광역시 남구 감만동,UzAyMDAwMDYxMA==,,,70.3,0.0,13.6,18.2,23.9,17.0,27.3
부산,26,부산진구,26230,중,부산국제중학교,,부산광역시 부산진구 당감동,UzAyMDAwMDk2OQ==,,,90.9,0.0,75.0,18.3,1.7,3.3,1.7
부산,26,부산진구,26230,중,덕명여자중학교,,부산광역시 부산진구 전포동,UzAyMDAwMDk2MQ==,,,85.4,0.0,42.1,33.7,17.9,3.2,3.2
부산,26,부산진구,26230,중,개금여자중학교,,부산광역시 부산진구 당감동,UzAyMDAwMDk1Ng==,,,81.2,0.0,32.1,31.2,18.3,11.9,6.4
부산,26,부산진구,26230,중,광무여자중학교,,부산광역시 부산진구 개금동,UzAyMDAwMDk2MA==,,,79.7,0.0,23.6,35.8,21.1,11.4,8.1
부산,26,부산진구,26230,중,서면중학교,,부산광역시 부산진구 부암동,UzAyMDAwMDk3Ng==,,,79.0,0.0,32.7,18.2,18.2,23.6,7.3
부산,26,부산진구,26230,중,가야여자중학교,,부산광역시 부산진구 가야3동   414-14번지,UzAyMDAwMDk1NQ==,,,79.0,0.0,30.5,26.6,17.5,13.6,11.7
부산,26,부산진구,26230,중,부산진중학교,,부산광역시 부산진구 범전동,UzAyMDAwMDk3NA==,,,78.6,0.0,36.2,23.8,14.3,10.5,15.2
부산,26,부산진구,26230,중,부산개성중학교,,부산광역시 부산진구 가야동,UzAyMDAwMDk2Nw==,,,78.4,0.0,32.8,26.2,12.6,13.7,14.8
부산,26,부산진구,26230,중,초연중학교,,부산광역시 부산진구 초읍동,UzAyMDAwMDk4NA==,,,78.2,0.0,27.9,24.6,23.5,11.2,12.8
부산,26,부산진구,26230,중,개림중학교,,부산광역시 부산진구 개금3동  445-1,UzAyMDAwMDk1Nw==,,,77.6,0.0,21.6,35.8,20.5,7.4,14.7
부산,26,부산진구,26230,중,양동여자중학교,,부산광역시 부산진구 양정동,UzAyMDAwMTkxOA==,,,77.4,0.0,28.9,23.5,16.8,16.1,14.8
부산,26,부산진구,26230,중,동의중학교,,부산광역시 부산진구 전포2동   산114번지,UzAyMDAwMDk2Mw==,,,77.2,0.0,21.9,35.2,18.1,10.5,14.3
부산,26,부산진구,26230,중,항도중학교,,부산광역시 부산진구 전포2동,UzAyMDAwMDk4OA==,,,76.0,0.0,23.4,27.7,17.5,15.3,16.1
부산,26,부산진구,26230,중,부산진여자중학교,,부산광역시 부산진구 전포동,UzAyMDAwMDk3Mw==,,,75.3,0.0,17.6,30.0,20.6,17.1,14.7
부산,26,부산진구,26230,중,초읍중학교,,부산광역시 부산진구 초읍동,UzAyMDAwMDk4Ng==,,,74.7,0.0,23.0,28.1,16.3,12.4,20.2
부산,26,부산진구,26230,중,동평중학교,,부산광역시 부산진구 부암3동,UzAyMDAwMDk2NQ==,,,73.7,0.0,24.0,26.7,14.4,13.7,21.2
부산,26,부산진구,26230,중,동양중학교,,부산광역시 부산진구 부암동,UzAyMDAwMTg3NQ==,,,73.2,0.0,9.9,26.5,25.8,21.2,16.6
부산,26,부산진구,26230,중,동평여자중학교,,부산광역시 부산진구 부암3동,UzAyMDAwMDk2NA==,,,72.4,0.0,16.8,20.2,23.5,18.5,21.0
부산,26,부산진구,26230,중,부산동중학교,,부산광역시 부산진구 전포동,UzAyMDAwMDk3MQ==,,,70.2,0.0,19.4,21.7,14.0,16.3,28.7
부산,26,수영구,26500,중,망미중학교,,부산광역시 수영구 망미1동   952-2,UzAyMDAwMTYyNg==,,,78.9,0.0,29.3,31.5,16.3,13.0,9.8
부산,26,수영구,26500,중,광안중학교,,부산광역시 수영구 광안동,UzAyMDAwMTYyMA==,,,77.1,0.0,34.0,24.5,18.4,6.1,17.0
부산,26,수영구,26500,중,동수영중학교,,부산광역시 수영구 광안동,UzAyMDAwMTYyMw==,,,76.5,0.0,25.2,24.5,19.0,16.0,15.3
부산,26,수영구,26500,중,부산수영중학교,,부산광역시 수영구 광안동,UzAyMDAwMTYzMQ==,,,75.2,0.0,24.2,27.4,15.6,15.1,17.7
부산,26,수영구,26500,중,동아중학교,,부산광역시 수영구 광안동,UzAyMDAwMTYyNA==,,,74.9,0.0,23.0,25.5,19.3,13.0,19.3
부산,26,수영구,26500,중,한바다중학교,,부산광역시 수영구 광안동,UzAyMDAwMTY0Mg==,,,71.8,0.0,16.1,24.3,22.9,14.7,22.0
부산,26,서구,26140,중,부산중앙여자중학교,,부산광역시 서구 서대신동3가,UzAyMDAwMTQyMw==,,,79.0,0.0,31.3,30.0,16.3,8.8,13.8
부산,26,서구,26140,중,대신여자중학교,,부산광역시 서구 동대신동2가   87-9,UzAyMDAwMTQwOQ==,,,78.6,0.0,25.7,33.1,20.6,8.1,12.5
부산,26,서구,26140,중,송도중학교,,부산광역시 서구 남부민동,UzAyMDAwMTQyOQ==,,,78.1,0.0,33.8,25.4,16.9,7.0,16.9
부산,26,서구,26140,중,부산여자중학교,,부산광역시 서구 서대신동3가,UzAyMDAwMTQyMA==,,,76.3,0.0,27.8,25.3,19.6,8.9,18.4
부산,26,서구,26140,중,초장중학교,,부산광역시 서구 초장동   75-56,UzAyMDAwMTQzOQ==,,,72.6,0.0,23.6,19.4,15.3,16.7,25.0
부산,26,서구,26140,중,부산대신중학교,,부산광역시 서구 서대신동3가,UzAyMDAwMTQxNw==,,,72.0,0.0,23.3,22.6,13.8,13.8,26.4
부산,26,서구,26140,중,경남중학교,,부산광역시 서구 토성동3가 12번지,UzAyMDAwMTQwMQ==,,,71.7,0.0,15.4,21.0,22.8,21.0,19.8
부산,26,사하구,26380,중,동주여자중학교,,부산광역시 사하구 괴정동,UzAyMDAwMTQxMw==,,,85.4,0.0,46.2,30.1,12.8,7.7,3.2
부산,26,사하구,26380,중,다송중학교,,부산광역시 사하구 다대동,UzAyMDAwMTQwNw==,,,79.9,0.0,26.4,37.2,20.7,4.1,11.6
부산,26,사하구,26380,중,당리중학교,,부산광역시 사하구 당리동   438-1번지,UzAyMDAwMTQxOA==,,,79.6,0.0,31.8,29.3,17.2,9.6,12.1
부산,26,사하구,26380,중,영남중학교,,부산 사하구 장림동 산,UzAyMDAwMTQzMg==,,,78.7,0.0,28.9,21.1,25.0,18.0,7.0
부산,26,사하구,26380,중,하남중학교,,부산광역시 사하구 하단1동,UzAyMDAwMTQ0Mw==,,,76.4,0.0,30.3,20.5,16.7,14.4,18.2
부산,26,사하구,26380,중,하단중학교,,부산광역시 사하구 하단동,UzAyMDAwMTQ0NA==,,,76.1,0.0,19.4,25.0,29.6,10.2,15.7
부산,26,사하구,26380,중,장평중학교,,부산광역시 사하구 감천동,UzAyMDAwMTQzNw==,,,75.8,0.0,20.5,34.1,16.7,11.4,17.4
부산,26,사하구,26380,중,사하중학교,,부산광역시 사하구 괴정4동   1091-1,UzAyMDAwMTQyNQ==,,,75.3,0.0,32.7,21.8,12.7,10.9,21.8
부산,26,사하구,26380,중,다대중학교,,부산광역시 사하구 다대동   945번지,UzAyMDAwMTQwNQ==,,,74.4,0.0,19.5,30.5,17.1,12.2,20.7
부산,26,사하구,26380,중,건국중학교,,부산광역시 사하구 하단동,UzAyMDAwMTQwMA==,,,74.0,0.0,28.1,27.3,12.5,5.5,26.6
부산,26,사하구,26380,중,두송중학교,,부산광역시 사하구 다대2동,UzAyMDAwMTkwOQ==,,,73.8,0.0,29.7,20.0,14.5,9.7,26.2
부산,26,사하구,26380,중,감천중학교,,부산광역시 사하구 감천1동,UzAyMDAwMTM5OQ==,,,72.8,0.0,14.0,23.7,20.4,22.6,19.4
부산,26,사하구,26380,중,삼성중학교,,부산광역시 사하구 감천동,UzAyMDAwMTQyNg==,,,71.4,0.0,9.8,29.3,22.0,12.2,26.8
부산,26,사하구,26380,중,장림여자중학교,,부산광역시 사하구 장림동,UzAyMDAwMTQzNg==,,,70.9,0.0,28.8,15.3,14.1,10.4,31.3
부산,26,사하구,26380,중,대동중학교,,부산광역시 사하구 신평동,UzAyMDAwMTQwOA==,,,69.2,0.0,3.8,24.8,27.4,22.3,21.7
부산,26,사하구,26380,중,다선중학교,,부산광역시 사하구 다대1동 1549-3,UzAyMDAwMTQwNg==,,,65.3,0.0,4.5,22.6,22.6,14.3,36.1
부산,26,영도구,26200,중,신선중학교,,부산광역시 영도구 신선동3가,UzAyMDAwMTQzMA==,,,82.6,0.0,34.4,37.7,8.2,11.5,8.2
부산,26,영도구,26200,중,부산남중학교,,부산광역시 영도구 남항동2가,UzAyMDAwMTQxNg==,,,79.2,0.0,28.6,25.0,26.8,8.9,10.7
부산,26,영도구,26200,중,해동중학교,,부산광역시 영도구 동삼동,UzAyMDAwMTQ0NQ==,,,77.7,0.0,34.6,22.1,17.3,10.6,15.4
부산,26,영도구,26200,중,남도여자중학교,,부산광역시 영도구 신선동2가,UzAyMDAwMTQwMw==,,,77.5,0.0,19.2,31.5,23.3,17.8,8.2
부산,26,영도구,26200,중,부산체육중학교,,부산광역시 영도구 동삼동,UzAyMDAwMjE3Ng==,,,74.4,0.0,7.5,27.5,40.0,17.5,7.5
부산,26,영도구,26200,중,부산영선중학교,,부산광역시 영도구 신선동3가,UzAyMDAwMTQyMQ==,,,72.7,0.0,21.5,16.9,23.1,12.3,26.2
부산,26,영도구,26200,중,태종대중학교,,부산광역시 영도구 동삼동   523-1,UzAyMDAwMTQ0MQ==,,,71.9,0.0,17.2,20.2,22.2,18.2,22.2
부산,26,영도구,26200,중,영도제일중학교,,부산광역시 영도구 동삼동,UzAyMDAwMTQzNA==,,,70.4,0.0,17.0,20.1,18.9,15.1,28.9
부산,26,기장군,26710,중,신정중학교,,부산광역시 기장군 정관면 용수리,UzAyMDAwMjAwOQ==,,,78.4,0.0,33.6,24.8,15.1,11.1,15.3
부산,26,기장군,26710,중,모전중학교,,부산광역시 기장군 정관읍 정관1로 9,UzAyMDAwMjA2OQ==,,,76.7,0.0,26.3,26.3,17.6,12.7,17.0
부산,26,기장군,26710,중,정관중학교,,부산광역시 기장군 정관읍 용수리,UzAyMDAwMjA3Mg==,,,76.3,0.0,22.2,26.0,26.7,9.8,15.2
부산,26,기장군,26710,중,기장중학교,,부산광역시 기장군 기장읍 대라리,UzAyMDAwMTYyMQ==,,,75.3,0.0,27.9,25.6,14.7,7.8,24.0
부산,26,기장군,26710,중,부산중앙중학교,,부산광역시 기장군 정관면 방곡리,UzAyMDAwMDk3Mg==,,,74.1,0.0,20.8,23.3,22.1,12.9,20.8
부산,26,기장군,26710,중,장안중학교,,부산광역시 기장군 장안읍 좌천리,UzAyMDAwMTYzOQ==,,,73.9,0.0,25.3,20.0,20.7,14.7,19.3
부산,26,기장군,26710,중,대청중학교,,부산광역시 기장군 기장읍 청강리,UzAyMDAwMTgzOQ==,,,73.7,0.0,24.5,25.8,12.6,14.6,22.5
부산,26,기장군,26710,중,일광중학교,,부산광역시 기장군 일광읍 해빛3로 99,UzAyMDAwMjMxMQ==,,,70.9,0.0,13.7,21.9,21.9,18.2,24.3
부산,26,북구,26320,중,화명중학교,,부산광역시 북구 화명1동,UzAyMDAwMTIzMw==,,,79.4,0.0,21.0,36.5,26.6,7.7,8.2
부산,26,북구,26320,중,명진중학교,,부산광역시 북구 화명동,UzAyMDAwMTgzOA==,,,78.3,0.0,28.0,27.3,17.3,16.0,11.3
부산,26,북구,26320,중,양덕여자중학교,,부산광역시 북구 구포동,UzAyMDAwMTIyNQ==,,,78.3,0.0,22.9,34.3,20.0,11.4,11.4
부산,26,북구,26320,중,금명중학교,,부산광역시 북구 금곡동,UzAyMDAwMTgzNw==,,,77.8,0.0,32.5,24.0,16.9,11.7,14.9
부산,26,북구,26320,중,용수중학교,,부산광역시 북구 화명3동,UzAyMDAwMTIyNw==,,,77.5,0.0,23.1,30.6,20.5,15.7,10.0
부산,26,북구,26320,중,화신중학교,,부산광역시 북구 화명동   1408번지,UzAyMDAwMTIzNA==,,,77.2,0.0,31.2,27.0,13.5,9.2,19.1
부산,26,북구,26320,중,백양중학교,,부산광역시 북구 만덕2동 878,UzAyMDAwMTIyMg==,,,76.9,0.0,25.9,24.4,20.9,13.4,15.4
부산,26,북구,26320,중,구포중학교,,부산광역시 북구 구포동,UzAyMDAwMTIwNw==,,,75.5,0.0,17.5,33.0,16.5,19.4,13.6
부산,26,북구,26320,중,신덕중학교,,부산광역시 북구 만덕2동,UzAyMDAwMTg3MQ==,,,74.1,0.0,17.7,27.4,17.7,19.4,17.7
부산,26,북구,26320,중,대천리중학교,,부산광역시 북구 화명동   509,UzAyMDAwMTIxMw==,,,74.1,0.0,23.3,15.6,23.3,22.2,15.6
부산,26,북구,26320,중,만덕중학교,,부산광역시 북구 만덕동,UzAyMDAwMTIxOQ==,,,72.8,0.0,10.0,30.0,25.3,14.7,20.0
부산,26,북구,26320,중,구남중학교,,부산광역시 북구 구포동,UzAyMDAwMTIwNQ==,,,72.7,0.0,21.7,17.0,14.2,24.5,22.6
부산,26,북구,26320,중,금곡중학교,,부산광역시 북구 금곡동   99-2,UzAyMDAwMTIwOA==,,,71.9,0.0,19.5,19.5,24.7,10.4,26.0
부산,26,북구,26320,중,덕천중학교,,부산광역시 북구 덕천1동,UzAyMDAwMTIxNg==,,,70.9,0.0,16.4,17.9,17.9,21.4,26.4
부산,26,북구,26320,중,가람중학교,,부산광역시 북구 구포2동,UzAyMDAwMTIwMw==,,,70.5,0.0,18.8,21.3,17.5,11.3,31.3
부산,26,강서구,26440,중,가락중학교,,부산광역시 강서구 강동동 4982,UzAyMDAwMjM1NA==,,,83.5,0.0,36.9,29.2,20.0,9.2,4.6
부산,26,강서구,26440,중,녹산중학교,,부산광역시 강서구 녹산동  124번지,UzAyMDAwMTIxMQ==,,,80.4,0.0,42.9,28.6,0.0,0.0,28.6
부산,26,강서구,26440,중,경일중학교,,부산광역시 강서구 명지국제6로 149,UzAyMDAwMjI3OA==,,,80.4,0.0,34.9,23.4,20.6,10.7,10.4
부산,26,강서구,26440,중,명호중학교,,부산광역시 강서구 명지동,UzAyMDAwMjAwNA==,,,78.6,0.0,19.3,40.5,19.0,11.5,9.7
부산,26,강서구,26440,중,덕문중학교,,부산광역시 강서구 성북동,UzAyMDAwMTIxNA==,,,78.1,0.0,30.0,20.0,30.0,0.0,20.0
부산,26,강서구,26440,중,명지중학교,,부산광역시 강서구 명지국제6로318번길 54,UzAyMDAwMjIxOQ==,,,78.0,0.0,19.9,37.9,19.1,11.1,11.9
부산,26,강서구,26440,중,오션중학교,,부산광역시 강서구 명지오션시티1로 221,UzAyMDAwMjMyMw==,,,77.7,0.0,18.5,36.6,21.0,12.0,12.0
부산,26,강서구,26440,중,대저중학교,,부산광역시 강서구 대저2동,UzAyMDAwMTIxMg==,,,72.5,0.0,15.6,21.9,28.1,15.6,18.8
부산,26,강서구,26440,중,지사중학교,,부산광역시 강서구 지사동,UzAyMDAwMjA3Mw==,,,71.2,0.0,22.4,23.1,16.0,9.0,29.5
부산,26,강서구,26440,중,낙동중학교,,부산광역시 강서구 대저로 115,UzAyMDAwMTIxMA==,,,71.1,0.0,21.4,10.7,17.9,17.9,32.1
부산,26,강서구,26440,중,신호중학교,,부산광역시 강서구 신호동,UzAyMDAwMjA2NA==,,,70.3,0.0,10.2,23.4,27.4,14.2,24.9
부산,26,사상구,26530,중,주감중학교,,부산 사상구 주례1동,UzAyMDAwMTIyOQ==,,,84.3,0.0,40.4,32.1,17.4,5.5,4.6
부산,26,사상구,26530,중,주례여자중학교,,부산광역시 사상구 주례3동 95번지,UzAyMDAwMTIzMA==,,,78.2,0.0,21.5,33.8,15.4,21.5,7.7
부산,26,사상구,26530,중,동주중학교,,부산광역시 사상구 주례동,UzAyMDAwMTIxOA==,,,78.0,0.0,34.5,22.4,15.5,12.1,15.5
부산,26,사상구,26530,중,덕포여자중학교,,부산광역시 사상구 덕포동,UzAyMDAwMTIxNw==,,,77.9,0.0,32.8,21.3,18.0,11.5,16.4
부산,26,사상구,26530,중,모동중학교,,부산광역시 사상구 모라동,UzAyMDAwMDk2Ng==,,,74.9,0.0,19.6,26.1,19.6,16.3,18.5
부산,26,사상구,26530,중,신라중학교,,부산광역시 사상구 덕포동,UzAyMDAwMDk3NQ==,,,74.9,0.0,15.6,30.2,20.8,17.7,15.6
부산,26,사상구,26530,중,학장중학교,,부산광역시 사상구 학장동,UzAyMDAwMTIzMg==,,,72.8,0.0,16.9,25.7,18.2,15.5,23.6
부산,26,사상구,26530,중,엄궁중학교,,부산광역시 사상구 엄궁동,UzAyMDAwMTIyNg==,,,72.6,0.0,17.4,23.8,19.8,20.3,18.6
부산,26,사상구,26530,중,주례중학교,,부산광역시 사상구 주례동,UzAyMDAwMTIzMQ==,,,71.8,0.0,13.9,30.4,16.5,17.7,21.5
부산,26,사상구,26530,중,모라중학교,,부산광역시 사상구 모라동,UzAyMDAwMTIyMQ==,,,68.9,0.0,16.4,20.4,20.4,12.5,30.3
부산,26,동구,26170,중,부산동여자중학교,,부산광역시 동구 수정5동   599-42,UzAyMDAwMDYxMw==,,,78.2,0.0,27.3,27.3,24.2,9.1,12.1
부산,26,동구,26170,중,선화여자중학교,,부산광역시 동구 초량동,UzAyMDAwMDYxOA==,,,75.0,0.0,23.5,21.0,25.9,12.3,17.3
부산,26,동구,26170,중,부산서중학교,,부산광역시 동구 수정1동   1048번지,UzAyMDAwMDYxNA==,,,74.2,0.0,24.4,20.9,20.9,11.6,22.1
부산,26,동구,26170,중,부산중학교,,부산광역시 동구 초량동,UzAyMDAwMDYxNQ==,,,71.6,0.0,17.1,27.1,17.8,16.3,21.7
부산,26,동구,26170,중,경남여자중학교,,부산광역시 동구 수정동,UzAyMDAwMDYwMA==,,,71.5,0.0,10.0,34.3,20.0,12.9,22.9
부산,26,중구,26110,중,덕원중학교,,부산광역시 중구 대청동4가,UzAyMDAwMDYwOA==,,,75.8,0.0,27.8,23.6,19.4,8.3,20.8
대구,27,달서구,27290,중,원화중학교,,대구광역시 달서구 당산로24길 71,UzAzMDAwMDM5Ng==,,,84.4,0.0,50.9,20.4,12.0,12.0,4.8
대구,27,달서구,27290,중,월서중학교,,대구광역시 달서구 월성동,UzAzMDAwMTgxMA==,,,80.1,0.0,29.5,34.7,19.0,6.6,10.2
대구,27,달서구,27290,중,월암중학교,,대구광역시 달서구 월성동,UzAzMDAwMTkxMQ==,,,80.0,0.0,31.1,29.5,20.1,8.2,11.1
대구,27,달서구,27290,중,와룡중학교,,대구광역시 달서구 이곡동,UzAzMDAwMDM5NA==,,,77.2,0.0,27.5,29.2,19.2,7.5,16.7
대구,27,달서구,27290,중,구남중학교,,대구광역시 달서구 두류동,UzAzMDAwMDM3MQ==,,,76.3,0.0,25.0,22.2,19.4,13.9,19.4
대구,27,달서구,27290,중,상인중학교,,대구광역시 달서구 상인3동 1547~1562,UzAzMDAwMDM4NQ==,,,75.5,0.0,19.6,27.5,21.6,15.7,15.7
대구,27,달서구,27290,중,학산중학교,,대구광역시 달서구 월성동,UzAzMDAwMDQwMg==,,,74.9,0.0,25.0,27.1,16.5,11.4,19.9
대구,27,달서구,27290,중,조암중학교,,대구광역시 달서구 월성동,UzAzMDAwMTg1Mg==,,,74.7,0.0,26.1,22.3,20.7,13.6,17.4
대구,27,달서구,27290,중,새본리중학교,,대구광역시 달서구 대명천로 167,UzAzMDAwMjA1NA==,,,74.0,0.0,22.6,25.3,17.1,16.4,18.5
대구,27,달서구,27290,중,효성중학교,,대구광역시 달서구월성동,UzAzMDAwMDQwNQ==,,,73.9,0.0,16.9,26.7,23.1,12.9,20.4
대구,27,달서구,27290,중,대건중학교,,대구광역시 달서구 월성동,UzAzMDAwMDM3Mw==,,,73.9,0.0,18.6,26.6,23.1,11.1,20.6
대구,27,달서구,27290,중,대서중학교,,대구광역시 달서구 송현2동,UzAzMDAwMDM3OQ==,,,73.9,0.0,31.3,19.4,14.9,7.5,26.9
대구,27,달서구,27290,중,용산중학교,,대구광역시 달서구 용산1동,UzAzMDAwMDM5NQ==,,,73.8,0.0,25.8,18.9,17.6,18.9,18.9
대구,27,달서구,27290,중,상서중학교,,대구광역시 달서구 성당동,UzAzMDAwMDM4Mw==,,,73.2,0.0,14.7,25.0,20.7,16.4,23.3
대구,27,달서구,27290,중,상원중학교,,대구광역시 달서구 상인1동,UzAzMDAwMDM4NA==,,,73.1,0.0,14.9,26.9,22.3,16.9,19.0
대구,27,달서구,27290,중,성지중학교,,대구광역시 달서구 이곡동,UzAzMDAwMDM4OQ==,,,72.7,0.0,25.6,17.9,20.2,13.9,22.4
대구,27,달서구,27290,중,대진중학교,,대구광역시 달서구 대곡동,UzAzMDAwMTc0MQ==,,,72.3,0.0,17.7,24.3,20.1,16.0,21.9
대구,27,달서구,27290,중,경암중학교,,대구광역시 달서구 성당동,UzAzMDAwMDM2OQ==,,,72.2,0.0,26.0,16.9,22.1,14.3,20.8
대구,27,달서구,27290,중,영남중학교,,대구광역시 달서구 상인동,UzAzMDAwMDM5Mw==,,,71.3,0.0,17.1,24.4,21.8,10.2,26.5
대구,27,달서구,27290,중,성당중학교,,대구광역시 달서구 대명천로 102,UzAzMDAwMDM4Ng==,,,71.2,0.0,18.5,22.9,15.3,17.2,26.1
대구,27,달서구,27290,중,도원중학교,,대구광역시 달서구 도원동,UzAzMDAwMDM4MA==,,,71.0,0.0,13.6,30.2,17.6,14.1,24.6
대구,27,달서구,27290,중,송현여자중학교,,대구광역시 달서구 송현동,UzAzMDAwMDM5MA==,,,70.9,0.0,15.5,24.1,22.4,13.8,24.1
대구,27,달서구,27290,중,성곡중학교,,대구광역시 달서구 용산2동,UzAzMDAwMTY1Nw==,,,70.4,0.0,18.6,18.6,22.7,15.5,24.7
대구,27,달서구,27290,중,성산중학교,,대구광역시 달서구 용산동,UzAzMDAwMDM4Nw==,,,70.2,0.0,18.5,18.5,17.6,17.6,27.8
대구,27,달서구,27290,중,성서중학교,,대구광역시 달서구 용산동,UzAzMDAwMDM4OA==,,,69.5,0.0,9.0,25.6,22.0,17.9,25.6
대구,27,달서구,27290,중,대곡중학교,,대구광역시 달서구 도원동,UzAzMDAwMDM3NA==,,,67.6,0.0,21.4,16.1,15.5,15.5,31.5
대구,27,달서구,27290,중,월배중학교,,대구광역시 달서구 진천동,UzAzMDAwMDM5OA==,,,67.5,0.0,10.6,15.0,23.0,22.1,29.2
대구,27,달서구,27290,중,이곡중학교,,대구광역시 달서구 이곡2동 1270~1335,UzAzMDAwMDM5OQ==,,,65.4,0.0,11.5,17.9,14.1,16.7,39.7
대구,27,달서구,27290,중,신당중학교,,대구광역시 달서구 신당동,UzAzMDAwMDM5MQ==,,,63.6,0.0,8.3,13.3,21.7,20.0,36.7
대구,27,수성구,27260,중,정화중학교,,대구광역시 수성구 범어동,UzAzMDAwMDY1NQ==,,,81.2,0.0,27.9,36.2,21.5,7.1,7.4
대구,27,수성구,27260,중,경신중학교,,대구광역시 수성구 범어동,UzAzMDAwMDYyMA==,,,80.3,0.0,34.6,28.5,16.2,8.7,12.0
대구,27,수성구,27260,중,동도중학교,,대구광역시 수성구 범어4동,UzAzMDAwMDYzMw==,,,79.0,0.0,25.9,29.8,21.4,15.5,7.4
대구,27,수성구,27260,중,대구동중학교,,대구광역시 수성구 수성동2가,UzAzMDAwMDYyNQ==,,,77.5,0.0,32.5,23.2,18.9,9.3,16.1
대구,27,수성구,27260,중,고산중학교,,대구광역시 수성구 시지동,UzAzMDAwMTY1Ng==,,,76.8,0.0,18.6,31.2,26.6,12.1,11.6
대구,27,수성구,27260,중,대륜중학교,,대구광역시 수성구 만촌3동,UzAzMDAwMDYzMA==,,,76.5,0.0,20.9,34.2,19.8,9.7,15.5
대구,27,수성구,27260,중,덕원중학교,,대구광역시 수성구 욱수동,UzAzMDAwMDYzMQ==,,,76.1,0.0,18.1,35.7,20.4,11.3,14.5
대구,27,수성구,27260,중,신명여자중학교,,대구광역시 수성구 수성동1가,UzAzMDAwMDY0Ng==,,,75.9,0.0,19.7,31.2,23.3,9.7,16.1
대구,27,수성구,27260,중,동원중학교,,대구광역시 수성구 만촌1동,UzAzMDAwMDYzNQ==,,,73.7,0.0,15.4,30.9,21.3,13.2,19.1
대구,27,수성구,27260,중,능인중학교,,대구광역시 수성구 지산동,UzAzMDAwMDYyMw==,,,73.1,0.0,22.0,24.9,15.3,13.4,24.4
대구,27,수성구,27260,중,시지중학교,,대구광역시 수성구 신매동,UzAzMDAwMDY0NQ==,,,73.0,0.0,21.5,25.9,17.5,10.8,24.3
대구,27,수성구,27260,중,대구중앙중학교,,대구광역시 수성구 수성동4가 1145,UzAzMDAwMDYyOA==,,,72.7,0.0,16.3,20.3,22.8,20.3,20.3
대구,27,수성구,27260,중,소선여자중학교,,대구광역시 수성구 만촌동,UzAzMDAwMDY0MQ==,,,71.9,0.0,11.1,26.1,21.5,23.5,17.9
대구,27,수성구,27260,중,수성중학교,,대구광역시 수성구 파동,UzAzMDAwMDY0Mw==,,,71.2,0.0,21.8,16.4,23.6,12.7,25.5
대구,27,수성구,27260,중,범일중학교,,대구광역시 수성구 지범로41길 23,UzAzMDAwMDYzNw==,,,70.8,0.0,19.6,21.7,23.9,8.7,26.1
대구,27,수성구,27260,중,오성중학교,,대구광역시 수성구 만촌3동,UzAzMDAwMDY1Mg==,,,70.3,0.0,12.2,23.8,21.2,19.3,23.5
대구,27,수성구,27260,중,대구동부중학교,,대구광역시 수성구 만촌동,UzAzMDAwMDYyNA==,,,69.1,0.0,17.5,17.5,21.8,15.7,27.5
대구,27,수성구,27260,중,노변중학교,,대구광역시 수성구 시지로 66,UzAzMDAwMTcxNA==,,,69.0,0.0,11.6,20.9,24.0,17.1,26.4
대구,27,수성구,27260,중,매호중학교,,대구광역시 수성구 매호동,UzAzMDAwMDY0NA==,,,68.7,0.0,11.9,22.4,21.7,12.6,31.5
대구,27,수성구,27260,중,범물중학교,,대구광역시 수성구 범물2동,UzAzMDAwMDYzOA==,,,68.1,0.0,7.0,22.3,21.0,22.9,26.8
대구,27,수성구,27260,중,덕화중학교,,대구광역시 수성구 상동,UzAzMDAwMDYzMg==,,,66.1,0.0,13.8,17.1,18.7,14.6,35.8
대구,27,수성구,27260,중,지산중학교,,대구광역시 수성구 지산2동,UzAzMDAwMDY1Ng==,,,65.6,0.0,7.3,18.2,20.4,19.7,34.3
대구,27,수성구,27260,중,황금중학교,,대구광역시 수성구 황금2동,UzAzMDAwMDY0Mg==,,,63.7,0.0,7.9,19.0,16.1,16.5,40.5
대구,27,서구,27170,중,경일중학교,,대구광역시 서구 원대동1가,UzAzMDAwMDgzMQ==,,,74.6,0.0,22.7,25.0,18.2,15.9,18.2
대구,27,서구,27170,중,서남중학교,,대구광역시 서구 중리동,UzAzMDAwMDg1NQ==,,,72.0,0.0,18.6,18.6,14.0,25.6,23.3
대구,27,서구,27170,중,평리중학교,,대구광역시 서구 평리동,UzAzMDAwMDg2MQ==,,,71.6,0.0,21.2,23.0,18.2,13.9,23.6
대구,27,서구,27170,중,대평중학교,,대구광역시 서구 평리동,UzAzMDAwMDg2MA==,,,70.9,0.0,20.8,24.5,17.0,9.4,28.3
대구,27,서구,27170,중,중리중학교,,대구광역시 서구 중리동,UzAzMDAwMDg1Ng==,,,69.8,0.0,11.5,23.5,22.5,18.0,24.5
대구,27,서구,27170,중,대구청라중학교,,대구광역시 서구 비산4동,UzAzMDAwMDgyOQ==,,,68.9,0.0,13.3,17.3,17.3,16.0,36.0
대구,27,서구,27170,중,서대구중학교,,대구광역시 서구 평리동,UzAzMDAwMjExMg==,,,67.7,0.0,20.4,11.2,19.4,21.4,27.6
대구,27,서구,27170,중,경운중학교,,대구광역시 서구 내당4동,UzAzMDAwMDgzMA==,,,65.7,0.0,21.1,11.3,13.4,13.4,40.8
대구,27,중구,27110,중,성명여자중학교,,대구광역시 중구 국채보상로,UzAzMDAwMDY0MA==,,,76.6,0.0,21.5,29.0,20.5,15.5,13.5
대구,27,중구,27110,중,경구중학교,,대구광역시 중구 남산동,UzAzMDAwMDYxOQ==,,,74.5,0.0,17.7,32.6,18.4,13.5,17.7
대구,27,중구,27110,중,경북대학교사범대학부설중학교,,대구광역시 중구 대봉동,UzAwMDAwMzQ5MQ==,,,72.8,0.0,21.4,22.0,17.9,17.9,20.8
대구,27,중구,27110,중,대구제일중학교,,대구광역시 중구 봉산동,UzAzMDAwMDYyNw==,,,71.1,0.0,14.4,20.2,25.0,16.3,24.0
대구,27,중구,27110,중,계성중학교,,대구광역시 중구 대신동,UzAzMDAwMDYyMQ==,,,69.0,0.0,7.0,22.9,26.4,15.4,28.4
대구,27,북구,27230,중,성광중학교,,대구광역시 북구 복현동,UzAzMDAwMDg1MQ==,,,78.3,0.0,19.5,32.4,26.8,11.4,9.9
대구,27,북구,27230,중,경명여자중학교,,대구광역시 북구 칠성동2가,UzAzMDAwMDgyNg==,,,76.2,0.0,23.2,24.6,19.2,20.7,12.3
대구,27,북구,27230,중,관천중학교,,대구광역시 북구 태전동,UzAzMDAwMDgzNg==,,,74.9,0.0,23.0,30.4,12.6,13.3,20.7
대구,27,북구,27230,중,서변중학교,,대구광역시 북구 서변동,UzAzMDAwMTY4OA==,,,74.7,0.0,19.4,23.5,25.5,15.3,16.3
대구,27,북구,27230,중,복현중학교,,대구광역시 북구 복현2동,UzAzMDAwMDg0Nw==,,,73.5,0.0,20.3,24.5,17.5,19.6,18.2
대구,27,북구,27230,중,강북중학교,,대구광역시 북구 구암동,UzAzMDAwMTY4OQ==,,,73.1,0.0,31.4,21.0,10.8,8.3,28.6
대구,27,북구,27230,중,관음중학교,,대구 북구 관음동,UzAzMDAwMDgzNQ==,,,73.0,0.0,26.1,12.0,19.6,20.7,21.7
대구,27,북구,27230,중,대구체육중학교,,대구광역시 북구 동호동,UzAzMDAwMjAxMA==,,,72.8,0.0,20.0,24.0,12.0,12.0,32.0
대구,27,북구,27230,중,성화중학교,,대구광역시 북구 복현동,UzAzMDAwMDg1Mw==,,,72.5,0.0,15.1,21.8,25.6,18.1,19.3
대구,27,북구,27230,중,동변중학교,,대구광역시 북구 동변동,UzAzMDAwMTY5MA==,,,72.0,0.0,15.1,30.2,18.9,8.5,27.4
대구,27,북구,27230,중,팔달중학교,,대구광역시 북구 팔달동,UzAzMDAwMDg1OQ==,,,70.1,0.0,17.0,21.3,25.5,8.5,27.7
대구,27,북구,27230,중,대구일중학교,,대구광역시 북구 침산동,UzAzMDAwMDg0NA==,,,69.7,0.0,15.3,22.4,15.3,19.0,27.9
대구,27,북구,27230,중,칠곡중학교,,대구광역시 북구 읍내동,UzAzMDAwMDg1Nw==,,,69.6,0.0,18.6,17.7,18.6,13.3,31.9
대구,27,북구,27230,중,운암중학교,,대구광역시 북구 구암동 801번지,UzAzMDAwMDg1NA==,,,69.1,0.0,9.2,19.6,22.9,24.2,24.2
대구,27,북구,27230,중,구암중학교,,대구광역시 북구 구암동 694-2,UzAzMDAwMDgzOQ==,,,69.0,0.0,13.8,21.3,18.1,21.3,25.5
대구,27,북구,27230,중,동평중학교,,대구광역시 북구 구암동,UzAzMDAwMDg0NQ==,,,68.9,0.0,7.6,23.0,25.2,18.7,25.5
대구,27,북구,27230,중,침산중학교,,대구광역시 북구 침산3동,UzAzMDAwMDg1OA==,,,68.4,0.0,6.3,25.7,24.9,19.4,23.7
대구,27,북구,27230,중,매천중학교,,대구광역시 북구 태전2동,UzAzMDAwMTgyMg==,,,68.3,0.0,12.9,21.9,18.9,18.9,27.4
대구,27,북구,27230,중,대구북중학교,,대구광역시 북구 복현동,UzAzMDAwMDg0MQ==,,,67.2,0.0,12.0,32.0,10.7,13.3,32.0
대구,27,북구,27230,중,사수중학교,,대구광역시 북구 사수동,UzAzMDAwMjA3Mw==,,,66.1,0.0,10.0,13.3,22.2,20.0,34.4
대구,27,북구,27230,중,학남중학교,,대구 북구 국우동,UzAzMDAwMDg2Mg==,,,64.8,0.0,10.3,17.0,19.2,19.2,34.3
대구,27,북구,27230,중,산격중학교,,대구광역시 북구 산격동,UzAzMDAwMDg0OQ==,,,61.8,0.0,18.1,11.1,15.3,16.7,38.9
대구,27,동구,27140,중,영신중학교,,대구광역시 동구 봉무동,UzAzMDAwMDY1MQ==,,,77.6,0.0,28.7,27.6,17.1,11.0,15.5
대구,27,동구,27140,중,불로중학교,,대구광역시 동구 불로동,UzAzMDAwMDYzOQ==,,,76.0,0.0,26.2,32.8,14.8,9.8,16.4
대구,27,동구,27140,중,안심중학교,,대구광역시 동구 서호동,UzAzMDAwMDY1MA==,,,74.8,0.0,18.2,26.4,23.3,15.7,16.4
대구,27,동구,27140,중,공산중학교,,대구광역시 동구 백안동,UzAzMDAwMDYyMg==,,,73.3,0.0,11.9,31.3,23.9,9.0,23.9
대구,27,동구,27140,중,강동중학교,,대구 동구 신서동,UzAzMDAwMTY4Nw==,,,72.7,0.0,12.9,21.1,30.5,18.6,17.0
대구,27,동구,27140,중,율원중학교,,대구광역시 동구 율하동 1051~1642,UzAzMDAwMTgyOQ==,,,71.9,0.0,17.8,20.2,19.0,19.0,24.0
대구,27,동구,27140,중,대구팔공중학교,,대구광역시 동구 지묘동,UzAzMDAwMjE0OA==,,,71.5,0.0,10.5,22.4,29.4,17.5,20.3
대구,27,동구,27140,중,새론중학교,,대구광역시 동구 각산동,UzAzMDAwMTg2Mw==,,,70.1,0.0,12.4,24.5,22.0,16.0,25.2
대구,27,동구,27140,중,신기중학교,,대구광역시 동구 신기동,UzAzMDAwMDY0OQ==,,,69.6,0.0,21.1,20.5,19.9,11.1,27.5
대구,27,동구,27140,중,입석중학교,,대구광역시 동구 입석동,UzAzMDAwMDY1NA==,,,69.6,0.0,18.5,24.6,10.8,21.5,24.6
대구,27,동구,27140,중,청구중학교,,대구광역시 동구 신천3동,UzAzMDAwMDY1Nw==,,,69.5,0.0,10.3,23.1,19.0,21.0,26.7
대구,27,동구,27140,중,동촌중학교,,대구광역시 동구 방촌동,UzAzMDAwMDYzNg==,,,69.0,0.0,19.5,17.1,19.5,15.9,28.0
대구,27,동구,27140,중,신아중학교,,대구광역시 동구 신암동,UzAzMDAwMjA5MQ==,,,67.5,0.0,24.4,18.3,14.6,4.9,37.8
대구,27,달성군,27710,중,달서중학교,,대구광역시 달성군 하빈면 감문리,UzAzMDAwMDU1OQ==,,,85.3,0.0,25.0,62.5,0.0,12.5,0.0
대구,27,달성군,27710,중,가창중학교,,대구광역시 달성군 가창면 냉천리,UzAzMDAwMDU1NA==,,,77.4,0.0,30.0,22.5,10.0,20.0,17.5
대구,27,달성군,27710,중,천내중학교,,대구광역시 달성군 화원읍 구라리,UzAzMDAwMTcxMg==,,,77.3,0.0,35.8,16.0,13.6,14.8,19.8
대구,27,달성군,27710,중,포산중학교,,대구광역시 달성군 유가읍 테크노북로6길 10,UzAzMDAwMDU2MQ==,,,76.5,0.0,20.1,31.7,19.4,13.4,15.3
대구,27,달성군,27710,중,화원중학교,,대구광역시 달성군 화원읍 본리리,UzAzMDAwMDU2NA==,,,75.1,0.0,16.8,23.4,29.9,14.0,15.9
대구,27,달성군,27710,중,왕선중학교,,대구광역시 달성군 다사읍 매곡리,UzAzMDAwMTgyMw==,,,74.9,0.0,22.0,29.0,19.7,12.0,17.3
대구,27,달성군,27710,중,달성중학교,,대구광역시 달성군 화원읍 명곡리,UzAzMDAwMDU2MA==,,,74.3,0.0,18.8,22.4,25.9,16.5,16.5
대구,27,달성군,27710,중,유가중학교,,대구광역시 달성군 유가읍 테크노대로5길 20,UzAzMDAwMjA3NA==,,,72.2,0.0,17.9,21.9,23.8,11.9,24.5
대구,27,달성군,27710,중,구지중학교,,대구광역시 달성군 구지면 창리,UzAzMDAwMDU1Ng==,,,71.6,0.0,10.9,29.1,20.0,19.1,20.9
대구,27,달성군,27710,중,다사중학교,,대구광역시 달성군 다사읍 매곡리,UzAzMDAwMDU1OA==,,,70.7,0.0,16.2,22.0,23.3,13.2,25.3
대구,27,달성군,27710,중,한울안중학교,,대구광역시 달성군 현풍읍 지동길 31,UzAzMDAwMjEwNg==,,,70.1,0.0,17.4,30.4,17.4,4.3,30.4
대구,27,달성군,27710,중,서재중학교,,대구광역시 달성군 다사읍 서재리,UzAzMDAwMTY3OQ==,,,69.7,0.0,21.5,21.1,11.7,13.0,32.7
대구,27,달성군,27710,중,논공중학교,,대구광역시 달성군 논공읍 남리,UzAzMDAwMDU1Nw==,,,68.7,0.0,17.8,20.0,13.3,15.6,33.3
대구,27,달성군,27710,중,경서중학교,,대구광역시 달성군 옥포면 교항리,UzAzMDAwMDU1NQ==,,,68.6,0.0,10.8,20.3,27.7,10.1,31.1
대구,27,달성군,27710,중,현풍중학교,,대구광역시 달성군 현풍읍 성하리,UzAzMDAwMDU2Mw==,,,68.1,0.0,13.3,23.3,17.8,13.3,32.2
대구,27,달성군,27710,중,심인중학교,,대구광역시 달성군 다사읍 죽곡리,UzAzMDAwMDM5Mg==,,,67.7,0.0,6.7,17.2,27.6,21.5,27.0
대구,27,달성군,27710,중,서동중학교,,대구광역시 달성군 다사읍 서재로12길 11-11,UzAzMDAwMjExMQ==,,,67.4,0.0,12.7,19.4,19.4,19.0,29.5
대구,27,달성군,27710,중,북동중학교,,대구광역시 달성군 논공읍 남3리,UzAzMDAwMTY3OA==,,,60.4,0.0,10.8,21.5,12.3,10.8,44.6
대구,27,남구,27200,중,경상중학교,,대구광역시 남구 대명2동,UzAzMDAwMDM2Ng==,,,73.7,0.0,20.0,29.1,19.1,11.8,20.0
대구,27,남구,27200,중,경혜여자중학교,,대구광역시 남구 성당로18길 20,UzAzMDAwMDM2OA==,,,71.5,0.0,14.3,23.2,19.6,21.4,21.4
대구,27,남구,27200,중,경일여자중학교,,대구광역시 남구 봉덕3동,UzAzMDAwMDM2Nw==,,,70.4,0.0,8.2,18.6,29.4,23.7,20.1
대구,27,남구,27200,중,협성경복중학교,,대구광역시 남구 봉덕동,UzAzMDAwMDQwMw==,,,69.6,0.0,13.0,20.8,20.8,16.1,29.2
대구,27,남구,27200,중,대구중학교,,대구광역시 남구 이천동,UzAzMDAwMDM3Ng==,,,68.1,0.0,24.5,17.3,9.2,14.3,34.7
대구,27,남구,27200,중,대명중학교,,대구 남구 대명9동 519,UzAzMDAwMDM3OA==,,,64.1,0.0,14.0,19.0,12.0,19.0,36.0
대구,27,군위군,27720,중,의흥중학교,,대구광역시 군위군 의흥면 읍내길 89-32,UzAzMDAwMjE3OQ==,,,78.6,0.0,20.0,40.0,20.0,20.0,0.0
대구,27,군위군,27720,중,부계중학교효령분교장,,대구광역시 군위군 효령면 중구리 355,UzAzMDAwMjE4MQ==,,,75.0,0.0,0.0,33.3,33.3,33.3,0.0
대구,27,군위군,27720,중,군위중학교,,대구광역시 군위군 군위읍 정리 1140-11,UzAzMDAwMjE3NA==,,,71.2,0.0,31.4,12.9,14.3,8.6,32.9
대구,27,군위군,27720,중,부계중학교,,대구광역시 군위군 부계면 춘산리 478,UzAzMDAwMjE4MA==,,,69.0,0.0,0.0,33.3,0.0,33.3,33.3
인천,28,연수구,28185,중,인천예송중학교,,인천광역시 연수구 송도동,UzA0MDAwMjA1NA==,,,84.4,0.0,52.1,16.6,12.6,9.2,9.5
인천,28,연수구,28185,중,신송중학교,,인천광역시 연수구 송도동,UzA0MDAwMTc5MA==,,,83.5,0.0,49.3,21.1,13.3,8.1,8.3
인천,28,연수구,28185,중,인천신정중학교,,인천광역시 연수구 송도동,UzA0MDAwMjAyMQ==,,,83.0,0.0,48.8,22.1,11.2,7.9,10.0
인천,28,연수구,28185,중,능허대중학교,,인천광역시 연수구 송도동,UzA0MDAwMTcyMw==,,,82.6,0.0,47.9,24.4,10.3,6.3,11.2
인천,28,연수구,28185,중,인천여자중학교,,인천광역시 연수구 동춘2동,UzA0MDAwMDYzNA==,,,79.8,0.0,39.5,25.0,12.1,8.1,15.3
인천,28,연수구,28185,중,인천해송중학교,,인천광역시 연수구 송도동,UzA0MDAwMTk3Mw==,,,79.4,0.0,31.4,27.6,16.5,11.7,12.7
인천,28,연수구,28185,중,인천미송중학교,,인천광역시 연수구 아카데미로 679,UzA0MDAwMjI5Nw==,,,78.5,0.0,39.7,19.8,13.7,8.9,17.9
인천,28,연수구,28185,중,인천현송중학교,,인천광역시 연수구 송도동,UzA0MDAwMjMwNw==,,,77.4,0.0,34.2,24.0,12.5,12.0,17.4
인천,28,연수구,28185,중,박문중학교,,인천광역시 연수구 송도과학로51번길 102,UzA0MDAwMDQzOQ==,,,75.7,0.0,22.4,27.2,22.4,10.5,17.5
인천,28,연수구,28185,중,선학중학교,,인천광역시 연수구선학동,UzA0MDAwMDYyOA==,,,74.1,0.0,26.8,26.8,16.5,6.3,23.6
인천,28,연수구,28185,중,연성중학교,,인천광역시 연수구 동춘3동,UzA0MDAwMDYzMA==,,,73.5,0.0,23.3,27.1,12.9,13.3,23.3
인천,28,연수구,28185,중,인천은송중학교,,인천광역시 연수구 송도동,UzA0MDAwMjM1Ng==,,,73.2,0.0,29.1,18.9,14.9,12.2,25.0
인천,28,연수구,28185,중,청량중학교,,인천 연수구 동춘동,UzA0MDAwMDYzNw==,,,72.9,0.0,26.3,19.4,17.6,12.2,24.5
인천,28,연수구,28185,중,연화중학교,,인천광역시 연수구 연수동,UzA0MDAwMDYzMg==,,,71.3,0.0,20.4,23.1,16.9,12.5,27.1
인천,28,연수구,28185,중,인천중학교,,인천광역시 연수구 연수동,UzA0MDAwMDYzNg==,,,70.4,0.0,24.6,24.6,7.0,17.5,26.3
인천,28,연수구,28185,중,인송중학교,,인천광역시 연수구옥련동,UzA0MDAwMDYzMw==,,,69.1,0.0,17.2,21.6,19.6,12.7,28.9
인천,28,연수구,28185,중,옥련중학교,,인천 연수구 옥련동,UzA0MDAwMDYzNQ==,,,69.0,0.0,14.3,18.9,19.4,17.7,29.7
인천,28,연수구,28185,중,연수중학교,,인천광역시 연수구 연수동,UzA0MDAwMDYzMQ==,,,62.0,0.0,23.5,12.2,8.2,5.1,51.0
인천,28,연수구,28185,중,청학중학교,,인천 연수구 함박뫼로 5,UzA0MDAwMDYzOA==,,,57.4,0.0,15.5,15.5,9.3,4.1,55.7
인천,28,연수구,28185,중,함박중학교,,인천광역시 연수구 청학동,UzA0MDAwMTY5NQ==,,,52.4,0.0,10.1,7.6,3.8,12.7,65.8
인천,28,강화군,28710,중,서도중학교,,인천광역시 강화군 서도면 주문도리,UzA0MDAwMDMyNg==,,,90.0,0.0,100.0,0.0,0.0,0.0,0.0
인천,28,강화군,28710,중,승영중학교,,인천광역시 강화군 삼산면 석모리,UzA0MDAwMDMyNQ==,,,84.9,0.0,31.8,40.9,22.7,4.5,0.0
인천,28,강화군,28710,중,강화여자중학교,,인천광역시 강화군 강화읍 관청리,UzA0MDAwMDMyMA==,,,82.7,0.0,40.4,25.6,16.0,9.6,8.3
인천,28,강화군,28710,중,동광중학교,,인천광역시 강화군 양도면 하일리,UzA0MDAwMDMyMw==,,,79.6,0.0,17.6,29.4,47.1,0.0,5.9
인천,28,강화군,28710,중,심도중학교,,인천광역시 강화군 화도면 상방리,UzA0MDAwMDMyOQ==,,,79.3,0.0,28.6,28.6,28.6,0.0,14.3
인천,28,강화군,28710,중,강서중학교,,인천광역시 강화군 하점면 이강리,UzA0MDAwMDMxOA==,,,74.1,0.0,45.5,9.1,9.1,0.0,36.4
인천,28,강화군,28710,중,강화중학교,,인천광역시 강화군 강화읍  관청리,UzA0MDAwMDMyMQ==,,,67.1,0.0,14.6,14.0,21.0,17.2,33.1
인천,28,강화군,28710,중,강남중학교,,인천광역시 강화군 길상면 온수리,UzA0MDAwMDMxNw==,,,66.7,0.0,12.5,15.0,15.0,27.5,30.0
인천,28,강화군,28710,중,교동중학교,,인천광역시 강화군 교동면 대룡리,UzA0MDAwMDMyMg==,,,60.4,0.0,14.3,42.9,0.0,0.0,42.9
인천,28,부평구,28237,중,인천상정중학교,,인천광역시 부평구 십정동,UzA0MDAwMTgxNA==,,,83.8,0.0,53.4,20.7,10.3,3.4,12.1
인천,28,부평구,28237,중,부평여자중학교,,인천광역시 부평구 부개2동,UzA0MDAwMDc3OQ==,,,81.9,0.0,47.2,20.4,13.9,4.6,13.9
인천,28,부평구,28237,중,구산중학교,,인천광역시 부평구 부개3동,UzA0MDAwMDc2NQ==,,,81.4,0.0,40.5,22.3,19.7,7.4,10.0
인천,28,부평구,28237,중,진산중학교,,인천광역시 부평구 삼산동,UzA0MDAwMTgwNg==,,,79.4,0.0,49.2,14.5,12.5,5.9,17.8
인천,28,부평구,28237,중,산곡남중학교,,인천광역시 부평구산곡2동,UzA0MDAwMDc4NQ==,,,78.2,0.0,33.6,21.2,17.9,10.9,16.4
인천,28,부평구,28237,중,부원여자중학교,,인천광역시 부평구 부평동,UzA0MDAwMDc3Mg==,,,77.8,0.0,25.4,28.5,22.0,13.2,10.8
인천,28,부평구,28237,중,부평서중학교,,인천광역시 부평구 산곡3동,UzA0MDAwMDc3OA==,,,77.6,0.0,30.0,23.3,21.1,10.0,15.6
인천,28,부평구,28237,중,부일중학교,,인천광역시 부평구 삼산동,UzA0MDAwMDc3NQ==,,,75.6,0.0,23.4,24.1,14.5,19.3,18.6
인천,28,부평구,28237,중,산곡여자중학교,,인천광역시 부평구 산곡2동 202~265,UzA0MDAwMDc4Ng==,,,75.3,0.0,26.8,25.3,17.1,12.8,17.9
인천,28,부평구,28237,중,삼산중학교,,인천광역시 부평구 삼산동,UzA0MDAwMTgwNQ==,,,75.0,0.0,25.2,27.6,15.9,9.3,21.9
인천,28,부평구,28237,중,산곡중학교,,인천광역시 부평구 산곡1동,UzA0MDAwMDc4Nw==,,,74.7,0.0,20.3,23.6,22.0,15.4,18.7
인천,28,부평구,28237,중,부평중학교,,인천광역시 부평구 부평동,UzA0MDAwMDc4MA==,,,73.2,0.0,33.7,12.9,13.9,12.9,26.7
인천,28,부평구,28237,중,부평동중학교,,인천광역시 부평구 부개2동,UzA0MDAwMDc3Ng==,,,72.9,0.0,19.3,19.3,23.9,18.3,19.3
인천,28,부평구,28237,중,부평서여자중학교,,인천광역시 부평구 십정동,UzA0MDAwMDc3Nw==,,,72.5,0.0,25.6,17.4,12.8,18.6,25.6
인천,28,부평구,28237,중,부흥중학교,,인천 부평구 부개동,UzA0MDAwMDc4MQ==,,,70.7,0.0,20.0,22.4,16.5,15.9,25.3
인천,28,부평구,28237,중,부원중학교,,인천광역시 부평구 부평동,UzA0MDAwMDc3Mw==,,,70.6,0.0,20.4,17.6,22.4,14.0,25.6
인천,28,부평구,28237,중,청천중학교,,인천광역시 부평구청천2동,UzA0MDAwMDc5OQ==,,,70.4,0.0,21.7,20.1,19.0,11.6,27.5
인천,28,부평구,28237,중,부광중학교,,인천광역시 부평구부개3동,UzA0MDAwMDc3MQ==,,,69.7,0.0,16.3,22.5,18.2,17.2,25.8
인천,28,부평구,28237,중,인천동수중학교,,인천광역시 부평구 부평2동,UzA0MDAwMDc3NA==,,,68.0,0.0,9.8,26.3,19.1,17.5,27.3
인천,28,부평구,28237,중,갈산중학교,,인천광역시 부평구 갈산동,UzA0MDAwMDc1OQ==,,,67.6,0.0,19.3,17.6,11.8,19.3,31.9
인천,28,부평구,28237,중,동암중학교,,인천광역시 부평구 십정2동,UzA0MDAwMDc2Nw==,,,64.0,0.0,17.6,20.6,10.8,12.7,38.2
인천,28,중구,28110,중,인천중산중학교,,인천광역시 중구 중산동,UzA0MDAwMjI4NA==,,,80.7,0.0,44.0,18.8,15.2,8.0,14.0
인천,28,중구,28110,중,광성중학교,,인천광역시 중구 도원동,UzA0MDAwMDQxNA==,,,79.8,0.0,32.5,24.2,23.3,11.7,8.3
인천,28,중구,28110,중,인성여자중학교,,인천광역시 중구송학동2가,UzA0MDAwMDQzNQ==,,,79.0,0.0,30.8,23.1,21.2,10.6,14.4
인천,28,중구,28110,중,인천운서중학교,,인천광역시 중구 운서동,UzA0MDAwMjM1MA==,,,78.5,0.0,30.8,30.8,15.4,5.6,17.5
인천,28,중구,28110,중,신흥여자중학교,,인천광역시 중구 신흥동3가,UzA0MDAwMDQyNw==,,,77.6,0.0,35.6,20.6,17.5,8.8,17.5
인천,28,중구,28110,중,영종중학교,,인천광역시 중구 운남동,UzA0MDAwMDQzMA==,,,75.7,0.0,19.5,28.1,21.2,17.5,13.6
인천,28,중구,28110,중,인천공항중학교,,인천 중구 운서동,UzA0MDAwMDQzNg==,,,75.6,0.0,28.0,24.1,18.8,10.3,18.8
인천,28,중구,28110,중,송도중학교,,인천광역시 중구 답동,UzA0MDAwMDQyNg==,,,74.2,0.0,32.6,17.4,15.2,4.3,30.4
인천,28,중구,28110,중,인천하늘중학교,,인천광역시 중구 운남동,UzA0MDAwMjE0OQ==,,,73.1,0.0,25.7,18.2,18.2,14.0,23.9
인천,28,중구,28110,중,용유중학교,,인천광역시 중구 남북동,UzA0MDAwMDQzMg==,,,71.6,0.0,33.3,16.7,0.0,16.7,33.3
인천,28,중구,28110,중,신흥중학교,,인천광역시 중구 신흥동3가,UzA0MDAwMDQyOA==,,,64.0,0.0,3.1,15.5,24.0,20.9,36.4
인천,28,서구,28260,중,인천청호중학교,,인천광역시 서구 청라동,UzA0MDAwMjMzNg==,,,80.0,0.0,40.1,22.7,12.1,10.6,14.5
인천,28,서구,28260,중,인천청람중학교,,인천광역시 서구 청라동,UzA0MDAwMjA2Ng==,,,76.9,0.0,38.1,18.5,13.6,10.9,18.9
인천,28,서구,28260,중,간재울중학교,,인천광역시 서구 검암동,UzA0MDAwMTcxOA==,,,76.8,0.0,27.0,29.2,15.8,13.4,14.7
인천,28,서구,28260,중,원당중학교,,인천광역시 서구 원당동,UzA0MDAwMTc5OQ==,,,75.6,0.0,31.1,18.1,18.8,11.6,20.4
인천,28,서구,28260,중,인천청라중학교,,인천광역시 서구 연희동,UzA0MDAwMjAyNA==,,,75.3,0.0,35.2,22.6,10.5,8.1,23.7
인천,28,서구,28260,중,가정여자중학교,,인천광역시 서구 가좌4동,UzA0MDAwMDc1Nw==,,,75.3,0.0,20.7,26.4,19.5,16.1,17.2
인천,28,서구,28260,중,불로중학교,,인천광역시 서구 불로동,UzA0MDAwMDc4NA==,,,75.3,0.0,28.6,23.5,16.4,10.0,21.5
인천,28,서구,28260,중,인천해원중학교,,인천광역시 서구 경서동,UzA0MDAwMjAzNg==,,,74.9,0.0,28.0,21.6,18.1,9.6,22.7
인천,28,서구,28260,중,인천경연중학교,,인천광역시 서구 차오름로 64,UzA0MDAwMjI4OA==,,,74.4,0.0,20.4,20.8,28.1,14.9,15.8
인천,28,서구,28260,중,제물포중학교,,인천광역시 서구 가좌동,UzA0MDAwMDc5OA==,,,74.1,0.0,18.9,24.5,20.1,15.1,21.4
인천,28,서구,28260,중,백석중학교,,인천광역시 서구 백석동,UzA0MDAwMDc3MA==,,,72.8,0.0,20.4,19.7,17.0,17.7,25.2
인천,28,서구,28260,중,신현여자중학교,,인천광역시 서구 신현동,UzA0MDAwMDc5MA==,,,72.5,0.0,25.0,19.2,14.4,19.2,22.1
인천,28,서구,28260,중,인천루원중학교,,인천광역시 서구 가정동,UzA0MDAwMjMzMA==,,,71.9,0.0,18.8,23.2,20.8,13.1,24.1
인천,28,서구,28260,중,가좌중학교,,인천광역시 서구 가좌3동,UzA0MDAwMDc5NQ==,,,71.4,0.0,13.6,26.4,20.0,22.7,17.3
인천,28,서구,28260,중,인천당하중학교,,인천광역시 서구 당하동 1076-1,UzA0MDAwMTgwOA==,,,71.1,0.0,14.0,24.8,21.3,15.9,24.1
인천,28,서구,28260,중,마전중학교,,인천광역시 서구 마전동,UzA0MDAwMTc5OA==,,,70.6,0.0,18.6,23.5,16.3,14.9,26.7
인천,28,서구,28260,중,검단중학교,,인천광역시 서구 마전동,UzA0MDAwMDc2MA==,,,70.2,0.0,22.0,19.8,16.2,12.5,29.6
인천,28,서구,28260,중,검암중학교,,인천광역시 서구 검암동 492~538,UzA0MDAwMDc2MQ==,,,70.1,0.0,14.9,25.7,18.9,16.2,24.3
인천,28,서구,28260,중,동인천여자중학교,,인천광역시 서구 가좌4동,UzA0MDAwMDc2OA==,,,70.1,0.0,22.4,21.4,14.3,10.2,31.6
인천,28,서구,28260,중,신현중학교,,인천광역시 서구 원창로131번길 23,UzA0MDAwMDc5MQ==,,,69.9,0.0,16.1,20.7,16.1,24.1,23.0
인천,28,서구,28260,중,인천아라중학교,,인천광역시 서구 당하동,UzA0MDAwMjAyOQ==,,,69.5,0.0,16.6,18.9,20.6,15.7,28.3
인천,28,서구,28260,중,인천초은중학교,,인천광역시 서구 연희동,UzA0MDAwMjAyNg==,,,69.0,0.0,17.8,17.1,20.0,17.1,28.0
인천,28,서구,28260,중,서곶중학교,,인천광역시 서구연희동,UzA0MDAwMDc4OA==,,,69.0,0.0,12.7,20.2,16.8,22.0,28.3
인천,28,서구,28260,중,인천이음중학교,,인천광역시 서구 원당동,UzA0MDAwMjAzMQ==,,,66.0,0.0,13.7,18.4,15.7,16.6,35.5
인천,28,서구,28260,중,인천가현중학교,,인천광역시 서구 신현동,UzA0MDAwMTg1NQ==,,,65.5,0.0,17.0,14.6,14.6,14.6,39.2
인천,28,서구,28260,중,인천가좌여자중학교,,인천광역시 서구석남3동,UzA0MDAwMDc1OA==,,,63.5,0.0,8.4,21.0,13.4,16.8,40.3
인천,28,서구,28260,중,인천석남중학교,,인천광역시 서구 석남동,UzA0MDAwMTk2NQ==,,,60.2,0.0,7.1,17.6,17.6,10.6,47.1
인천,28,계양구,28245,중,계산여자중학교,,인천광역시 계양구 계산동,UzA0MDAwMDc2Mg==,,,78.4,0.0,23.6,33.6,17.9,15.0,10.0
인천,28,계양구,28245,중,인천효성중학교,,인천광역시 계양구효성1동,UzA0MDAwMDc5Ng==,,,78.1,0.0,27.6,22.8,25.2,11.8,12.6
인천,28,계양구,28245,중,계양중학교,,인천광역시 계양구귤현동,UzA0MDAwMDc2NA==,,,77.2,0.0,28.6,26.1,19.3,9.3,16.8
인천,28,계양구,28245,중,북인천여자중학교,,인천광역시 계양구 효성동 551,UzA0MDAwMDc4Mg==,,,75.7,0.0,18.0,31.7,18.0,14.4,18.0
인천,28,계양구,28245,중,임학중학교,,인천광역시 계양구 병방동,UzA0MDAwMDc5Nw==,,,74.1,0.0,23.1,28.4,14.2,12.7,21.6
인천,28,계양구,28245,중,인천계수중학교,,인천광역시 계양구 살라리로2번길 25,UzA0MDAwMTg1Ng==,,,73.9,0.0,22.3,23.8,20.3,12.1,21.5
인천,28,계양구,28245,중,계산중학교,,인천광역시 계양구 계산동,UzA0MDAwMDc2Mw==,,,73.8,0.0,25.8,18.9,14.4,17.4,23.5
인천,28,계양구,28245,중,인천예일중학교,,인천광역시 계양구 방축동,UzA0MDAwMTcxNw==,,,72.7,0.0,18.1,24.1,19.3,16.9,21.7
인천,28,계양구,28245,중,명현중학교,,인천광역시 계양구효성동,UzA0MDAwMDc2OQ==,,,72.0,0.0,20.2,20.8,19.1,17.4,22.5
인천,28,계양구,28245,중,인천동양중학교,,인천광역시 계양구 동양동,UzA0MDAwMTgxNg==,,,71.3,0.0,22.7,20.2,16.6,9.8,30.7
인천,28,계양구,28245,중,서운중학교,,인천광역시 계양구 서운동,UzA0MDAwMDc4OQ==,,,70.9,0.0,9.3,25.8,25.4,15.7,23.8
인천,28,계양구,28245,중,인천양촌중학교,,인천광역시 계양구 병방동,UzA0MDAwMTcxNg==,,,68.3,0.0,17.5,17.5,17.5,10.0,37.5
인천,28,계양구,28245,중,인천안남중학교,,인천광역시 계양구계산3동,UzA0MDAwMDc5Mg==,,,67.5,0.0,18.9,17.8,14.4,14.4,34.4
인천,28,계양구,28245,중,작전중학교,,인천광역시 계양구 작전동,UzA0MDAwMTcxNQ==,,,66.7,0.0,17.1,17.8,19.4,10.9,34.9
인천,28,계양구,28245,중,북인천중학교,,인천광역시 계양구 계산동,UzA0MDAwMDc4Mw==,,,60.5,0.0,5.7,7.5,20.8,20.8,45.3
인천,28,남동구,28200,중,인천사리울중학교,,인천광역시 남동구 논현동,UzA0MDAwMjAxOQ==,,,80.2,0.0,35.2,23.2,18.4,11.6,11.6
인천,28,남동구,28200,중,구월여자중학교,,인천광역시 남동구 구월동,UzA0MDAwMDYxNg==,,,78.7,0.0,27.0,32.5,15.6,12.7,12.2
인천,28,남동구,28200,중,만수여자중학교,,인천광역시 남동구만수4동,UzA0MDAwMDYyMw==,,,77.5,0.0,26.2,28.0,17.7,12.8,15.2
인천,28,남동구,28200,중,구월중학교,,인천광역시 남동구 구월동,UzA0MDAwMDYxNw==,,,77.4,0.0,36.0,19.9,15.6,11.2,17.3
인천,28,남동구,28200,중,인천서창중학교,,인천광역시 남동구 서창동,UzA0MDAwMTk2NA==,,,77.0,0.0,30.2,21.1,20.0,13.2,15.5
인천,28,남동구,28200,중,인천성리중학교,,인천광역시 남동구 구월동,UzA0MDAwMTg0MA==,,,76.0,0.0,32.7,18.4,18.4,11.8,18.8
인천,28,남동구,28200,중,남동중학교,,인천광역시 남동구 만수6동,UzA0MDAwMDYxOA==,,,76.0,0.0,30.1,22.3,16.0,13.0,18.6
인천,28,남동구,28200,중,숭덕여자중학교,,인천광역시 남동구 만수동,UzA0MDAwMDYyOQ==,,,75.8,0.0,23.9,24.8,18.8,16.2,16.2
인천,28,남동구,28200,중,만성중학교,,인천 남동구 만수동,UzA0MDAwMDYyMQ==,,,75.5,0.0,35.2,22.1,9.0,10.7,23.0
인천,28,남동구,28200,중,인천동방중학교,,인천광역시 남동구 논현동,UzA0MDAwMTg2MQ==,,,74.7,0.0,20.1,25.2,25.5,12.4,16.8
인천,28,남동구,28200,중,상인천여자중학교,,인천광역시 남동구 간석1동,UzA0MDAwMDYyNg==,,,74.3,0.0,27.9,19.0,14.0,15.1,24.0
인천,28,남동구,28200,중,간석여자중학교,,인천광역시 남동구 간석동,UzA0MDAwMDYxNQ==,,,74.1,0.0,26.7,25.0,12.9,12.9,22.4
인천,28,남동구,28200,중,만수중학교,,인천광역시 남동구만수4동,UzA0MDAwMDYyNA==,,,73.8,0.0,18.0,18.0,26.0,18.0,20.0
인천,28,남동구,28200,중,논곡중학교,,인천광역시 남동구 논현동,UzA0MDAwMDYxOQ==,,,73.5,0.0,23.0,22.1,22.1,10.7,22.1
인천,28,남동구,28200,중,석정중학교,,인천광역시 남동구 간석4동,UzA0MDAwMTcyNA==,,,73.2,0.0,16.1,32.2,18.3,12.2,21.1
인천,28,남동구,28200,중,인천정각중학교,,인천광역시 남동구 구월2동,UzA0MDAwMTk1Mg==,,,72.8,0.0,22.1,25.2,14.9,13.0,24.8
인천,28,남동구,28200,중,인천논현중학교,,인천광역시 남동구 논현동,UzA0MDAwMTgzOQ==,,,72.1,0.0,20.2,21.4,17.6,16.8,24.0
인천,28,남동구,28200,중,만월중학교,,인천광역시 남동구 서창동,UzA0MDAwMDYyNQ==,,,72.0,0.0,22.3,20.7,16.8,14.9,25.3
인천,28,남동구,28200,중,동인천중학교,,인천광역시 남동구 구월3동,UzA0MDAwMDYyMA==,,,69.8,0.0,13.8,17.8,27.6,16.4,24.3
인천,28,남동구,28200,중,만수북중학교,,인천광역시 남동구만수4동,UzA0MDAwMDYyMg==,,,69.6,0.0,25.9,20.6,11.2,9.4,32.9
인천,28,남동구,28200,중,상인천중학교,,인천광역시 남동구 간석3동 1~71,UzA0MDAwMDYyNw==,,,66.7,0.0,25.2,17.9,8.6,7.3,41.1
인천,28,남동구,28200,중,인천고잔중학교,,인천광역시 남동구 논현동,UzA0MDAwMTk3MA==,,,66.3,0.0,10.2,19.7,18.1,21.3,30.7
인천,28,미추홀구,28177,중,용현여자중학교,,인천광역시 남구 용현5동,UzA0MDAwMDQzMw==,,,82.4,0.0,37.1,29.9,16.7,8.0,8.4
인천,28,미추홀구,28177,중,선화여자중학교,,인천광역시 미추홀구 도화동,UzA0MDAwMDQyNQ==,,,78.4,0.0,35.0,22.6,19.8,8.5,14.1
인천,28,미추홀구,28177,중,인주중학교,,인천광역시 미추홀구 학익동,UzA0MDAwMTc0MQ==,,,75.1,0.0,32.8,19.4,13.1,11.9,22.8
인천,28,미추홀구,28177,중,용현중학교,,인천광역시 미추홀구 용현동,UzA0MDAwMDQzNA==,,,74.7,0.0,28.5,19.4,13.0,17.0,22.1
인천,28,미추홀구,28177,중,관교여자중학교,,인천광역시 남구 관교동,UzA0MDAwMDQxMg==,,,72.9,0.0,9.7,25.8,32.8,17.2,14.5
인천,28,미추홀구,28177,중,남인천여자중학교,,인천광역시 남구 관교동,UzA0MDAwMDQxNg==,,,72.6,0.0,24.1,23.7,15.5,12.9,23.7
인천,28,미추홀구,28177,중,인천남중학교,,인천광역시 미추홀구 수봉로 16-23,UzA0MDAwMDQzNw==,,,72.4,0.0,23.1,15.0,20.4,19.7,21.8
인천,28,미추홀구,28177,중,인화여자중학교,,인천광역시 남구 도화동,UzA0MDAwMDQ0MQ==,,,72.1,0.0,21.1,17.6,21.5,17.2,22.6
인천,28,미추홀구,28177,중,선인중학교,,인천광역시 미추홀구 도화동,UzA0MDAwMDQyNA==,,,70.3,0.0,16.7,20.2,17.9,22.6,22.6
인천,28,미추홀구,28177,중,관교중학교,,인천광역시 남구 관교동,UzA0MDAwMDQxMw==,,,68.8,0.0,17.7,16.7,15.3,18.3,32.0
인천,28,미추홀구,28177,중,인하대학교사범대학부속중학교,,인천광역시 미추홀구 학익동,UzA0MDAwMDQ0MA==,,,66.4,0.0,12.3,16.5,20.3,17.2,33.7
인천,28,미추홀구,28177,중,제물포여자중학교,,인천광역시 남구 주안8동,UzA0MDAwMDQ0Mg==,,,61.8,0.0,4.5,17.9,23.9,11.9,41.8
인천,28,동구,28140,중,동산중학교,,인천광역시 동구 송림동,UzA0MDAwMDQyMQ==,,,79.6,0.0,30.2,28.1,20.6,10.6,10.6
인천,28,동구,28140,중,재능중학교,,인천광역시 동구 송림동,UzA0MDAwMDQxOQ==,,,73.3,0.0,28.0,15.1,12.9,22.6,21.5
인천,28,동구,28140,중,화도진중학교,,인천광역시 동구화수2동,UzA0MDAwMDQ0NA==,,,70.0,0.0,22.2,16.7,15.7,14.8,30.6
인천,28,옹진군,28720,중,대청중학교,,인천광역시 옹진군 대청면,UzA0MDAwMDQxNw==,,,73.4,0.0,28.6,0.0,42.9,14.3,14.3
인천,28,옹진군,28720,중,백령중학교,,인천광역시 옹진군 백령면 북포리,UzA0MDAwMDQyMg==,,,73.0,0.0,16.0,24.0,20.0,12.0,28.0
인천,28,옹진군,28720,중,영흥중학교,,인천광역시 옹진군 영흥면 내2리,UzA0MDAwMDQzMQ==,,,72.7,0.0,5.0,25.0,37.5,17.5,15.0
인천,28,옹진군,28720,중,덕적중학교,,인천광역시 옹진군 덕적면 진리,UzA0MDAwMDQyMA==,,,70.3,0.0,0.0,33.3,33.3,0.0,33.3
인천,28,옹진군,28720,중,연평중학교,,인천광역시 옹진군 연평면,UzA0MDAwMDQyOQ==,,,63.0,0.0,0.0,0.0,0.0,100.0,0.0
광주,29,남구,29155,중,동아여자중학교,,광주광역시 남구 봉선동,UzA1MDAwMDM4OA==,,,86.1,0.0,50.9,23.4,15.6,6.6,3.6
광주,29,남구,29155,중,광주수피아여자중학교,,광주광역시 남구 양림동,UzA1MDAwMDM3Ng==,,,83.9,0.0,30.8,40.0,20.8,6.2,2.3
광주,29,남구,29155,중,문성중학교,,광주광역시 남구 봉선동,UzA1MDAwMDM5MA==,,,83.8,0.0,40.4,25.1,21.9,8.2,4.4
광주,29,남구,29155,중,광주무진중학교,,광주광역시 남구 월산동,UzA1MDAwMDM3MQ==,,,83.6,0.0,49.6,23.0,10.1,7.2,10.1
광주,29,남구,29155,중,광주동성여자중학교,,광주광역시 남구 진월동,UzA1MDAwMDM2OQ==,,,82.5,0.0,42.6,26.5,18.1,5.8,7.1
광주,29,남구,29155,중,금당중학교,,광주 남구 주월1동,UzA1MDAwMDM4Mw==,,,81.1,0.0,38.7,21.3,19.3,14.0,6.7
광주,29,남구,29155,중,대성여자중학교,,광주 남구 진월동,UzA1MDAwMDM4Ng==,,,80.6,0.0,39.3,26.6,16.2,6.4,11.6
광주,29,남구,29155,중,봉선중학교,,광주광역시 남구 봉선동,UzA1MDAwMDM5Mg==,,,79.2,0.0,26.6,27.1,24.5,11.7,10.1
광주,29,남구,29155,중,광주동성중학교,,광주광역시 남구 진월동,UzA1MDAwMDM3MA==,,,78.4,0.0,33.3,25.3,17.9,9.3,14.2
광주,29,남구,29155,중,진남중학교,,광주광역시 남구 노대동,UzA1MDAwMTIzOA==,,,75.5,0.0,25.8,15.1,26.9,18.3,14.0
광주,29,남구,29155,중,효천중학교,,광주광역시 남구 행암동,UzA1MDAwMTI5MQ==,,,74.9,0.0,18.1,30.6,17.6,15.7,18.1
광주,29,남구,29155,중,주월중학교,,광주광역시 남구 주월동,UzA1MDAwMDQwNQ==,,,73.6,0.0,38.3,12.3,14.2,8.6,26.5
광주,29,남구,29155,중,광주송원중학교,,광주광역시 남구 송하동,UzA1MDAwMDM3NQ==,,,73.3,0.0,17.4,27.5,22.2,13.8,19.2
광주,29,남구,29155,중,광주서광중학교,,광주 남구 백운2동,UzA1MDAwMDM3Mw==,,,73.0,0.0,22.0,20.2,18.3,22.0,17.4
광주,29,남구,29155,중,숭의중학교,,광주광역시 남구 방림동,UzA1MDAwMDM5OQ==,,,72.3,0.0,19.2,29.9,15.8,11.3,23.7
광주,29,남구,29155,중,대촌중학교,,광주 남구 지석동,UzA1MDAwMDM4Nw==,,,70.2,0.0,18.7,18.7,18.7,18.7,25.3
광주,29,서구,29140,중,대자중학교,,광주광역시 서구 동천동,UzA1MDAwMTE5MQ==,,,82.8,0.0,38.3,29.6,15.7,11.3,5.2
광주,29,서구,29140,중,상무중학교,,광주광역시 서구 쌍촌동,UzA1MDAwMDM5NA==,,,82.2,0.0,49.0,21.4,12.2,4.1,13.3
광주,29,서구,29140,중,금호중학교,,광주광역시 서구 금호동,UzA1MDAwMDM4NQ==,,,81.0,0.0,38.7,22.5,21.6,9.0,8.1
광주,29,서구,29140,중,광주효광중학교,,광주광역시 서구 쌍촌동,UzA1MDAwMDM4MQ==,,,80.3,0.0,27.9,32.2,20.2,11.5,8.2
광주,29,서구,29140,중,치평중학교,,광주광역시 서구 쌍촌동,UzA1MDAwMDQwNw==,,,78.9,0.0,32.8,25.9,16.4,10.3,14.7
광주,29,서구,29140,중,광주화정중학교,,광주광역시 서구 화운로 53,UzA1MDAwMDM3OQ==,,,78.5,0.0,30.7,29.2,13.4,11.9,14.9
광주,29,서구,29140,중,광주동명중학교,,광주 서구 쌍촌동,UzA1MDAwMDM2OA==,,,78.0,0.0,26.5,32.4,17.6,8.8,14.7
광주,29,서구,29140,중,광주중학교,,광주광역시 서구 금호동,UzA1MDAwMDM3Nw==,,,77.6,0.0,24.2,33.3,18.2,8.3,15.9
광주,29,서구,29140,중,광주서석중학교,,광주광역시 서구 화정동,UzA1MDAwMDM3NA==,,,77.3,0.0,21.5,28.7,23.8,14.9,11.0
광주,29,서구,29140,중,전남중학교,,광주광역시 서구 치평동,UzA1MDAwMDk5MQ==,,,77.2,0.0,22.2,36.6,22.9,4.6,13.7
광주,29,서구,29140,중,상일중학교,,광주광역시 서구 쌍촌동,UzA1MDAwMDM5NQ==,,,76.7,0.0,24.5,25.8,25.2,11.9,12.6
광주,29,서구,29140,중,운리중학교,,광주광역시 서구 풍암동,UzA1MDAwMTE3Mg==,,,76.6,0.0,37.9,17.8,11.5,12.1,20.7
광주,29,서구,29140,중,유덕중학교,,광주광역시 서구 유촌동,UzA1MDAwMTE5Mw==,,,76.6,0.0,27.5,22.5,20.0,15.0,15.0
광주,29,서구,29140,중,풍암중학교,,광주광역시 서구 풍암동,UzA1MDAwMDQwOA==,,,72.8,0.0,21.3,23.9,17.4,15.5,21.9
광주,29,서구,29140,중,광덕중학교,,광주광역시 서구 화정동,UzA1MDAwMDM2Mw==,,,55.4,0.0,3.2,10.8,12.7,9.6,63.7
광주,29,동구,29110,중,살레시오여자중학교,,광주광역시 동구 지산동,UzA1MDAwMDE5MQ==,,,88.8,0.0,58.5,27.7,9.2,4.6,0.0
광주,29,동구,29110,중,조선대학교여자중학교,,광주광역시 동구 지산동,UzA1MDAwMDIwNg==,,,78.6,0.0,23.9,30.4,22.8,14.1,8.7
광주,29,동구,29110,중,운림중학교,,광주 동구 운림동,UzA1MDAwMDE5OQ==,,,75.7,0.0,13.3,36.1,27.7,12.0,10.8
광주,29,동구,29110,중,무등중학교,,광주광역시 동구 소태동,UzA1MDAwMDE3NQ==,,,75.4,0.0,18.9,25.2,25.2,16.1,14.7
광주,29,동구,29110,중,조선대학교부속중학교,,광주광역시 동구 서석동 조선대학교,UzA1MDAwMDIwNQ==,,,72.3,0.0,10.3,27.8,25.4,17.5,19.0
광주,29,동구,29110,중,광주충장중학교,,광주광역시 동구 산수동,UzA1MDAwMDE4Mw==,,,64.8,0.0,23.5,14.8,8.6,19.8,33.3
광주,29,북구,29170,중,광주예술중학교,,광주광역시 북구 서하로 72,UzA1MDAwMTQ4Nw==,,,88.2,0.0,56.4,25.6,12.8,2.6,2.6
광주,29,북구,29170,중,광주동신중학교,,광주 북구 풍향동,UzA1MDAwMDE3NA==,,,85.2,0.0,53.0,22.8,10.7,8.1,5.4
광주,29,북구,29170,중,전남대학교사범대학부설중학교,,광주광역시 북구 용봉동,UzAwMDAwMzUxNw==,,,81.9,0.0,45.5,25.0,14.8,3.4,11.4
광주,29,북구,29170,중,운암중학교,,광주광역시 북구 운암3동,UzA1MDAwMDIwMA==,,,80.9,0.0,50.7,15.8,13.2,5.9,14.5
광주,29,북구,29170,중,각화중학교,,광주광역시 북구 각화동,UzA1MDAwMDE2OQ==,,,80.3,0.0,40.0,25.6,13.3,8.9,12.2
광주,29,북구,29170,중,신용중학교,,광주광역시 북구 신용동,UzA1MDAwMTI4MA==,,,79.1,0.0,41.2,19.1,13.6,7.8,18.3
광주,29,북구,29170,중,일신중학교,,광주광역시 북구 일곡동 100~809,UzA1MDAwMTE3Mw==,,,78.5,0.0,14.0,39.5,28.7,10.9,7.0
광주,29,북구,29170,중,양산중학교,,광주광역시 북구 양산동,UzA1MDAwMDE5Ng==,,,78.3,0.0,26.7,30.2,19.8,8.7,14.5
광주,29,북구,29170,중,고려중학교,,광주광역시 북구 삼각동,UzA1MDAwMDE3MQ==,,,77.9,0.0,32.3,19.9,21.1,9.9,16.8
광주,29,북구,29170,중,살레시오중학교,,광주광역시 북구 일곡동,UzA1MDAwMDE5Mg==,,,77.6,0.0,29.8,25.8,19.9,7.9,16.6
광주,29,북구,29170,중,우산중학교,,광주광역시 북구 오치동,UzA1MDAwMDE5OA==,,,77.5,0.0,28.9,21.1,21.1,14.4,14.4
광주,29,북구,29170,중,금호중앙중학교,,광주 북구 운암2동,UzA1MDAwMDE4MA==,,,77.4,0.0,30.8,27.0,17.3,7.2,17.7
광주,29,북구,29170,중,광주동신여자중학교,,광주 북구 풍향동,UzA1MDAwMDE3Mw==,,,76.0,0.0,14.6,36.3,26.8,8.9,13.4
광주,29,북구,29170,중,지산중학교,,광주광역시 북구 본촌동,UzA1MDAwMTE3MQ==,,,75.8,0.0,24.5,24.5,24.5,8.7,17.9
광주,29,북구,29170,중,일동중학교,,광주광역시 북구 일곡동,UzA1MDAwMDIwMg==,,,75.7,0.0,23.3,26.0,17.3,13.3,20.0
광주,29,북구,29170,중,두암중학교,,광주광역시 북구 두암3동,UzA1MDAwMDE4NQ==,,,75.4,0.0,23.2,25.6,19.5,14.6,17.1
광주,29,북구,29170,중,문화중학교,,광주광역시 북구 우산동 1~130,UzA1MDAwMDE4OA==,,,75.4,0.0,32.3,24.6,10.8,9.2,23.1
광주,29,북구,29170,중,용봉중학교,,광주광역시 북구 오치1동 976~996,UzA1MDAwMDE5Nw==,,,75.1,0.0,27.1,23.4,16.8,15.0,17.8
광주,29,북구,29170,중,광주숭일중학교,,광주광역시 북구 일곡동,UzA1MDAwMDE3OA==,,,73.2,0.0,14.8,26.8,23.0,20.2,15.3
광주,29,북구,29170,중,문산중학교,,광주광역시 북구 문흥동,UzA1MDAwMDE4Ng==,,,73.0,0.0,29.0,13.7,13.7,18.3,25.2
광주,29,북구,29170,중,광주경신중학교,,광주광역시 북구 용봉동,UzA1MDAwMDE3Mg==,,,72.8,0.0,17.9,29.5,18.4,11.1,23.2
광주,29,북구,29170,중,용두중학교,,광주광역시 북구 용두동,UzA1MDAwMTIzNw==,,,72.0,0.0,16.2,24.1,22.4,15.8,21.6
광주,29,북구,29170,중,광주체육중학교,,광주 북구 운암동,UzA1MDAwMDE4Mg==,,,71.7,0.0,20.7,21.8,18.4,11.5,27.6
광주,29,북구,29170,중,일곡중학교,,광주광역시 북구 일곡동,UzA1MDAwMDIwMQ==,,,71.6,0.0,18.4,21.8,24.0,12.3,23.5
광주,29,북구,29170,중,문흥중학교,,광주 북구 문흥동,UzA1MDAwMDE4OQ==,,,70.6,0.0,18.7,18.7,23.9,19.4,19.4
광주,29,북구,29170,중,신광중학교,,광주광역시 북구 면앙로165번길 80,UzA1MDAwMDE5NQ==,,,69.9,0.0,15.7,21.3,16.9,19.1,27.0
광주,29,북구,29170,중,서강중학교,,광주광역시 북구 서강로1,UzA1MDAwMDE5Mw==,,,64.2,0.0,7.6,18.8,21.0,15.2,37.5
광주,29,북구,29170,중,광주북성중학교,,광주 북구 유동,UzA1MDAwMDE3Ng==,,,60.7,0.0,7.4,16.7,16.7,14.8,44.4
광주,29,광산구,29200,중,수완중학교,,광주광역시 광산구 수완동,UzA1MDAwMTI0OA==,,,80.3,0.0,25.3,35.2,23.4,9.2,6.9
광주,29,광산구,29200,중,평동중학교,,광주광역시 광산구 용동,UzA1MDAwMDM2Ng==,,,79.2,0.0,30.0,26.7,13.3,16.7,13.3
광주,29,광산구,29200,중,산정중학교,,광주광역시 광산구 산정동,UzA1MDAwMTI0NA==,,,79.1,0.0,45.6,20.7,10.0,7.0,16.7
광주,29,광산구,29200,중,고실중학교,,광주광역시 광산구 장덕동,UzA1MDAwMTQ3Mg==,,,78.8,0.0,33.0,26.4,18.3,8.1,14.2
광주,29,광산구,29200,중,월봉중학교,,광주광역시 광산구 산월동,UzA1MDAwMTE5Mg==,,,77.8,0.0,28.7,26.7,18.0,10.7,16.0
광주,29,광산구,29200,중,운남중학교,,광주광역시 광산구 목련로 307-10,UzA1MDAwMDQwMA==,,,76.5,0.0,31.2,27.1,12.4,10.0,19.4
광주,29,광산구,29200,중,천곡중학교,,광주광역시 광산구 월계동,UzA1MDAwMDQwNg==,,,76.5,0.0,23.2,23.9,21.7,15.9,15.2
광주,29,광산구,29200,중,월계중학교,,광주광역시 광산구 월계동,UzA1MDAwMDQwMQ==,,,76.2,0.0,27.0,22.3,21.3,11.8,17.5
광주,29,광산구,29200,중,수완하나중학교,,광주광역시 광산구 수완동,UzA1MDAwMTQyMA==,,,76.1,0.0,22.7,28.1,18.0,14.6,16.6
광주,29,광산구,29200,중,송정중학교,,광주 광산구 송정2동,UzA1MDAwMDM5OA==,,,75.2,0.0,25.0,25.8,15.6,14.1,19.5
광주,29,광산구,29200,중,광주진흥중학교,,광주광역시 광산구 신창동,UzA1MDAwMDE4MQ==,,,74.4,0.0,19.6,22.7,23.6,16.4,17.8
광주,29,광산구,29200,중,첨단중학교,,광주 광산구 월계동,UzA1MDAwMTEyMA==,,,73.7,0.0,24.6,21.7,18.8,13.0,21.7
광주,29,광산구,29200,중,장덕중학교,,광주광역시 광산구 장덕동,UzA1MDAwMTI0Nw==,,,73.3,0.0,20.8,26.6,19.8,10.7,22.1
광주,29,광산구,29200,중,임곡중학교,,광주 광산구 임곡동,UzA1MDAwMDQwMw==,,,73.1,0.0,29.2,8.3,8.3,29.2,25.0
광주,29,광산구,29200,중,월곡중학교,,광주 광산구 월곡1동,UzA1MDAwMDQwMg==,,,72.6,0.0,24.3,21.4,16.2,11.6,26.6
광주,29,광산구,29200,중,송광중학교,,광주광역시 광산구 송정동,UzA1MDAwMTEzMA==,,,72.1,0.0,32.5,17.2,15.2,9.9,25.2
광주,29,광산구,29200,중,성덕중학교,,광주광역시 광산구 장덕동,UzA1MDAwMTI0NQ==,,,70.6,0.0,14.8,18.4,24.7,17.8,24.3
광주,29,광산구,29200,중,금구중학교,,광주광역시 광산구 운남동,UzA1MDAwMDM4Mg==,,,70.0,0.0,20.0,16.0,17.1,15.4,31.4
광주,29,광산구,29200,중,하남중학교,,광주광역시 광산구 월곡2동,UzA1MDAwMDQxMA==,,,70.0,0.0,18.7,21.9,20.0,14.8,24.5
광주,29,광산구,29200,중,봉산중학교,,광주광역시 광산구 산월동,UzA1MDAwMTEzMw==,,,69.7,0.0,12.6,21.3,24.7,17.8,23.6
광주,29,광산구,29200,중,신가중학교,,광주광역시 광산구 신가동,UzA1MDAwMTEzMQ==,,,68.7,0.0,16.9,13.4,23.4,19.5,26.8
광주,29,광산구,29200,중,선운중학교,,광주광역시 광산구 선암동,UzA1MDAwMTI3NQ==,,,68.0,0.0,8.8,22.7,24.7,18.0,25.8
광주,29,광산구,29200,중,신창중학교,,광주광역시 광산구 신창동,UzA1MDAwMTE3MA==,,,67.6,0.0,12.6,19.3,21.8,16.0,30.3
광주,29,광산구,29200,중,정광중학교,,광주광역시 광산구 소촌로 90-36,UzA1MDAwMDQwNA==,,,67.2,0.0,10.5,19.9,17.7,17.7,34.3
광주,29,광산구,29200,중,광산중학교,,광주 광산구 우산동,UzA1MDAwMDM2NQ==,,,65.9,0.0,12.2,17.1,19.5,11.0,40.2
광주,29,광산구,29200,중,영천중학교,,광주광역시 광산구 월곡동,UzA1MDAwMTEzMg==,,,60.7,0.0,10.7,18.7,18.0,18.0,34.7
대전,30,유성구,30200,중,대전전민중학교,,대전광역시 유성구 전민동,UzA2MDAwMDQ3NQ==,,,87.8,0.0,62.1,17.3,10.7,4.2,5.6
대전,30,유성구,30200,중,대전자운중학교,,대전광역시 유성구 신봉동,UzA2MDAwMTA5MA==,,,86.6,0.0,45.2,38.7,9.7,0.0,6.5
대전,30,유성구,30200,중,대전하기중학교,,대전광역시 유성구 하기동,UzA2MDAwMTExNg==,,,84.9,0.0,46.4,28.9,15.7,3.6,5.4
대전,30,유성구,30200,중,대전봉명중학교,,대전광역시 유성구 봉명동,UzA2MDAwMTE4MA==,,,84.3,0.0,52.6,19.9,11.5,5.8,10.3
대전,30,유성구,30200,중,대덕중학교,,대전광역시 유성구 가정동,UzA2MDAwMDQ1MA==,,,83.5,0.0,47.9,28.1,10.4,6.3,7.3
대전,30,유성구,30200,중,대전문지중학교,,대전광역시 유성구 전민동,UzA2MDAwMDQ2Mg==,,,83.3,0.0,50.0,17.9,14.1,9.0,9.0
대전,30,유성구,30200,중,대전지족중학교,,대전광역시 유성구 지족동,UzA2MDAwMDQ3Nw==,,,82.8,0.0,43.9,26.5,12.1,9.9,7.6
대전,30,유성구,30200,중,대전두리중학교,,대전광역시 유성구 송강동,UzA2MDAwMTA2Ng==,,,82.4,0.0,35.4,32.0,17.7,8.6,6.3
대전,30,유성구,30200,중,대전노은중학교,,대전 유성구 노은동,UzA2MDAwMDQ1NQ==,,,82.0,0.0,42.1,24.1,15.1,9.0,9.7
대전,30,유성구,30200,중,대전어은중학교,,대전광역시 유성구 농대로 56,UzA2MDAwMDQ3Mg==,,,81.9,0.0,33.6,32.9,16.1,11.9,5.6
대전,30,유성구,30200,중,대전외삼중학교,,대전광역시 유성구 반석동,UzA2MDAwMTA2NA==,,,81.9,0.0,39.1,26.6,15.5,11.1,7.7
대전,30,유성구,30200,중,대전덕명중학교,,대전광역시 유성구 덕명동,UzA2MDAwMTI0NQ==,,,81.8,0.0,46.2,17.3,13.5,12.8,10.3
대전,30,유성구,30200,중,대전둔곡중학교,,대전광역시 유성구 둔곡동 261-4,UzA2MDAwMTM4NA==,,,79.6,0.0,35.0,20.0,20.0,15.0,10.0
대전,30,유성구,30200,중,대전동화중학교,,대전광역시 유성구 관평동,UzA2MDAwMTExNw==,,,79.3,0.0,41.0,22.7,10.4,8.8,17.1
대전,30,유성구,30200,중,대전관평중학교,,대전광역시 유성구 관평동,UzA2MDAwMTE3NA==,,,79.2,0.0,36.3,22.9,15.5,11.0,14.3
대전,30,유성구,30200,중,유성중학교,,대전광역시 유성구 상대동,UzA2MDAwMDQ4NQ==,,,78.5,0.0,47.1,15.6,7.5,9.3,20.4
대전,30,유성구,30200,중,성덕중학교,,대전광역시 유성구 신성동,UzA2MDAwMDQ4Mg==,,,77.8,0.0,13.2,39.7,22.1,22.1,2.9
대전,30,유성구,30200,중,대전송강중학교,,대전광역시 유성구 송강동,UzA2MDAwMDQ3MQ==,,,77.6,0.0,33.7,16.3,16.3,17.4,16.3
대전,30,유성구,30200,중,대전원신흥중학교,,대전광역시 유성구 원신흥동,UzA2MDAwMTM3NQ==,,,76.9,0.0,32.7,22.7,12.0,13.0,19.7
대전,30,유성구,30200,중,대전장대중학교,,대전광역시 유성구 장대동,UzA2MDAwMTA2MQ==,,,75.0,0.0,30.0,18.8,16.3,13.8,21.3
대전,30,유성구,30200,중,대전새미래중학교,,대전광역시 유성구 지족동,UzA2MDAwMTI5MA==,,,73.6,0.0,24.8,21.2,12.4,18.2,23.4
대전,30,유성구,30200,중,대전체육중학교,,대전광역시 유성구 원신흥동,UzA2MDAwMDQ3OA==,,,73.5,0.0,20.9,20.9,18.6,16.3,23.3
대전,30,유성구,30200,중,진잠중학교,,대전광역시 유성구 원내동,UzA2MDAwMDQ4Ng==,,,66.3,0.0,15.1,15.1,16.4,9.6,43.8
대전,30,서구,30170,중,대전삼육중학교,,대전광역시 서구 도마동,UzA2MDAwMDQ2OA==,,,91.0,0.0,71.4,12.5,10.7,3.6,1.8
대전,30,서구,30170,중,동방여자중학교,,대전광역시 서구 복수동,UzA2MDAwMDQ4MA==,,,86.6,0.0,50.6,29.2,13.5,5.6,1.1
대전,30,서구,30170,중,대전문정중학교,,대전광역시 서구 둔산3동,UzA2MDAwMDQ2MQ==,,,85.5,0.0,53.3,20.3,13.3,7.0,6.3
대전,30,서구,30170,중,대전도마중학교,,대전광역시 서구 도마2동,UzA2MDAwMDQ1Nw==,,,85.0,0.0,55.0,15.0,15.0,6.7,8.3
대전,30,서구,30170,중,기성중학교,,대전광역시 서구 흑석동,UzA2MDAwMDQ0OQ==,,,84.0,0.0,53.8,23.1,7.7,0.0,15.4
대전,30,서구,30170,중,대전둔산중학교,,대전광역시 서구 갈마동,UzA2MDAwMDQ1OA==,,,83.2,0.0,47.4,23.4,11.0,5.2,13.0
대전,30,서구,30170,중,대전탄방중학교,,대전광역시 서구 둔산1동,UzA2MDAwMDQ3OQ==,,,82.3,0.0,48.1,18.9,11.3,8.3,13.4
대전,30,서구,30170,중,대전남선중학교,,대전광역시 서구 월평동,UzA2MDAwMDQ1Mw==,,,82.1,0.0,42.1,21.1,21.1,7.9,7.9
대전,30,서구,30170,중,대전삼천중학교,,대전광역시 서구 둔산동,UzA2MDAwMDQ2OQ==,,,81.6,0.0,40.2,24.7,16.1,8.3,10.8
대전,30,서구,30170,중,대전구봉중학교,,대전광역시 서구 관저동,UzA2MDAwMTA2NQ==,,,81.1,0.0,40.2,25.5,12.7,10.8,10.8
대전,30,서구,30170,중,대전정림중학교,,대전광역시 서구 괴곡동,UzA2MDAwMDQ3Ng==,,,80.5,0.0,24.2,32.3,30.6,9.7,3.2
대전,30,서구,30170,중,대전봉우중학교,,대전광역시 서구 관저동,UzA2MDAwMDQ2Ng==,,,80.4,0.0,30.0,33.2,18.6,8.7,9.5
대전,30,서구,30170,중,대전갑천중학교,,대전광역시 서구 월평3동,UzA2MDAwMDQ1MQ==,,,80.4,0.0,36.9,23.7,18.5,9.6,11.2
대전,30,서구,30170,중,대전관저중학교,,대전광역시 서구 관저동,UzA2MDAwMDQ1Mg==,,,80.0,0.0,31.7,26.3,17.3,12.9,11.9
대전,30,서구,30170,중,대전느리울중학교,,대전광역시 서구 관저동,UzA2MDAwMTA2MA==,,,79.3,0.0,34.4,24.3,15.6,11.2,14.5
대전,30,서구,30170,중,대전월평중학교,,대전광역시 서구 월평1동,UzA2MDAwMDQ3Mw==,,,78.7,0.0,36.3,25.0,18.8,6.3,13.8
대전,30,서구,30170,중,대전만년중학교,,대전 서구 만년동,UzA2MDAwMDQ2MA==,,,78.0,0.0,24.7,27.8,23.7,12.4,11.3
대전,30,서구,30170,중,대전내동중학교,,대전광역시 서구 변동,UzA2MDAwMDQ1NA==,,,77.6,0.0,37.4,20.5,13.2,10.5,18.4
대전,30,서구,30170,중,대전서중학교,,대전광역시 서구 괴정동,UzA2MDAwMDQ3MA==,,,77.3,0.0,33.3,24.1,11.1,11.1,20.4
대전,30,서구,30170,중,대전봉산중학교,,대전광역시 서구 변동,UzA2MDAwMDQ2NQ==,,,76.7,0.0,24.6,31.6,12.3,17.5,14.0
대전,30,서구,30170,중,대전도안중학교,,대전광역시 서구 도안동,UzA2MDAwMTIxNw==,,,75.4,0.0,14.9,27.4,27.4,17.1,13.2
대전,30,서구,30170,중,대전대신중학교,,대전 서구 복수동,UzA2MDAwMDQ1Ng==,,,74.8,0.0,21.0,22.8,15.6,23.4,17.4
대전,30,서구,30170,중,대전변동중학교,,대전광역시 서구 변동,UzA2MDAwMDQ2NA==,,,74.3,0.0,19.0,31.6,13.9,13.9,21.5
대전,30,서구,30170,중,대전괴정중학교,,대전광역시 서구 괴정동,UzA2MDAwMTExOA==,,,74.1,0.0,22.5,24.4,20.0,11.9,21.3
대전,30,서구,30170,중,대전버드내중학교,,대전광역시 서구 도마1동,UzA2MDAwMDQ2Mw==,,,73.7,0.0,24.4,22.0,18.0,11.5,24.1
대전,30,서구,30170,중,대전둔원중학교,,대전광역시 서구 갈마동,UzA2MDAwMDQ1OQ==,,,73.4,0.0,21.0,21.0,19.4,18.8,19.9
대전,30,서구,30170,중,갈마중학교,,대전광역시 서구 갈마동,UzA2MDAwMDQ0OA==,,,67.9,0.0,30.8,19.2,7.7,7.7,34.6
대전,30,서구,30170,중,대전신계중학교,,대전광역시 서구 복수동,UzA2MDAwMTA2Mg==,,,65.8,0.0,11.6,21.2,19.0,11.6,36.5
대전,30,서구,30170,중,가수원중학교,,대전광역시 서구 가수원로 26,UzA2MDAwMDQ0Nw==,,,64.7,0.0,12.5,20.3,15.6,10.9,40.6
대전,30,중구,30140,중,대전대성중학교,,대전광역시 중구 목동,UzA2MDAwMDI0OA==,,,84.7,0.0,52.1,20.0,10.7,7.9,9.3
대전,30,중구,30140,중,호수돈여자중학교,,대전광역시 중구 선화동,UzA2MDAwMDI4MA==,,,81.1,0.0,41.4,21.6,16.2,12.6,8.1
대전,30,중구,30140,중,대전여자중학교,,대전광역시 중구 대흥동 409~426,UzA2MDAwMDI1OQ==,,,81.0,0.0,36.4,29.7,15.8,9.1,9.1
대전,30,중구,30140,중,동명중학교,,대전광역시 중구 석교동,UzA2MDAwMDI2OQ==,,,79.9,0.0,37.1,20.0,20.0,8.6,14.3
대전,30,중구,30140,중,대전글꽃중학교,,대전광역시 중구 문화1동,UzA2MDAwMTEzNQ==,,,79.6,0.0,38.9,22.5,16.3,8.2,14.1
대전,30,중구,30140,중,청란여자중학교,,대전광역시 중구 부사동,UzA2MDAwMDI3NQ==,,,77.7,0.0,9.1,45.5,27.3,9.1,9.1
대전,30,중구,30140,중,대전문화여자중학교,,대전광역시 중구 문화동,UzA2MDAwMDI1Ng==,,,75.8,0.0,31.6,15.8,21.1,19.3,12.3
대전,30,중구,30140,중,대전태평중학교,,대전광역시 중구 태평동,UzA2MDAwMDI2Nw==,,,75.7,0.0,26.9,21.0,19.4,15.6,17.2
대전,30,중구,30140,중,충남여자중학교,,대전광역시 중구 목동,UzA2MDAwMDI3Ng==,,,75.2,0.0,22.0,30.7,18.2,10.7,18.5
대전,30,중구,30140,중,대전동산중학교,,대전광역시 중구 문화1동,UzA2MDAwMDI1Mw==,,,75.0,0.0,22.3,24.5,19.1,13.8,20.2
대전,30,중구,30140,중,대전대문중학교,,대전광역시 중구 문화2동,UzA2MDAwMDI1MQ==,,,73.7,0.0,26.2,21.4,16.7,9.5,26.2
대전,30,중구,30140,중,대전중학교,,대전광역시 중구 대흥동,UzA2MDAwMDI2Ng==,,,71.3,0.0,23.0,21.3,14.8,13.1,27.9
대전,30,중구,30140,중,대전중앙중학교,,대전광역시 중구 중촌동 1~87,UzA2MDAwMDI2NQ==,,,56.7,0.0,8.5,8.5,13.4,14.6,54.9
대전,30,동구,30110,중,대전대성여자중학교,,대전광역시 동구 가양동,UzA2MDAwMDI0Nw==,,,87.6,0.0,62.3,14.8,11.5,6.6,4.9
대전,30,동구,30110,중,대전가양중학교,,대전광역시 동구 가양2동,UzA2MDAwMDI0OQ==,,,83.3,0.0,44.5,25.0,15.9,5.5,9.1
대전,30,동구,30110,중,보문중학교,,대전광역시 동구 삼성동,UzA2MDAwMDI3MQ==,,,80.5,0.0,17.7,36.7,35.4,6.3,3.8
대전,30,동구,30110,중,동대전중학교,,대전광역시 동구 충정로 73-6,UzA2MDAwMDI2OA==,,,79.2,0.0,23.2,28.6,26.8,14.3,7.1
대전,30,동구,30110,중,대전은어송중학교,,대전광역시 동구 대성동,UzA2MDAwMTEzOQ==,,,78.6,0.0,36.0,20.8,19.5,8.9,14.8
대전,30,동구,30110,중,충남중학교,,대전광역시 동구 신흥동,UzA2MDAwMDI3Nw==,,,77.3,0.0,26.8,23.0,22.2,14.0,14.0
대전,30,동구,30110,중,대전용운중학교,,대전광역시 동구 용운동,UzA2MDAwMDI2MQ==,,,75.6,0.0,24.8,24.1,19.5,12.8,18.8
대전,30,동구,30110,중,한밭여자중학교,,대전광역시 동구 대동,UzA2MDAwMDI3OA==,,,73.9,0.0,19.5,30.8,19.5,9.8,20.3
대전,30,동구,30110,중,한밭중학교,,대전광역시 동구 삼성동,UzA2MDAwMDI3OQ==,,,73.7,0.0,25.0,20.8,20.8,16.7,16.7
대전,30,동구,30110,중,동신중학교,,대전광역시 동구 판암동,UzA2MDAwMDI3MA==,,,73.4,0.0,26.3,21.1,13.2,15.8,23.7
대전,30,동구,30110,중,우송중학교,,대전광역시 동구 자양동,UzA2MDAwMDI1NA==,,,72.3,0.0,21.3,21.3,16.4,11.5,29.5
대전,30,동구,30110,중,대전가오중학교,,대전광역시 동구 가오동,UzA2MDAwMDI1MA==,,,71.2,0.0,17.7,23.2,16.2,15.7,27.3
대전,30,대덕구,30230,중,신탄중앙중학교,,대전광역시 대덕구 덕암동,UzA2MDAwMDI3Mw==,,,85.6,0.0,52.6,25.3,9.5,5.3,7.4
대전,30,대덕구,30230,중,회덕중학교,,대전광역시 대덕구 와동,UzA2MDAwMDI4MQ==,,,80.5,0.0,40.5,23.8,21.4,4.8,9.5
대전,30,대덕구,30230,중,중리중학교,,대전광역시 대덕구 중리동,UzA2MDAwMDI2Mw==,,,79.9,0.0,29.1,36.4,16.4,7.3,10.9
대전,30,대덕구,30230,중,대전매봉중학교,,대전광역시 대덕구 송촌동,UzA2MDAwMDI1NQ==,,,78.3,0.0,35.9,21.8,13.2,12.3,16.8
대전,30,대덕구,30230,중,대전대화중학교,,대전광역시 대덕구 오정동,UzA2MDAwMDI1Mg==,,,77.3,0.0,37.8,18.9,9.5,10.8,23.0
대전,30,대덕구,30230,중,대전법동중학교,,대전광역시 대덕구 법2동,UzA2MDAwMDI1Nw==,,,77.2,0.0,28.2,25.0,21.0,11.3,14.5
대전,30,대덕구,30230,중,대전대청중학교,,대전광역시 대덕구 신탄진동,UzA2MDAwMTA4NA==,,,76.4,0.0,28.5,20.4,19.4,16.1,15.6
대전,30,대덕구,30230,중,대전송촌중학교,,대전광역시 대덕구 송촌동,UzA2MDAwMDI1OA==,,,74.8,0.0,21.4,24.9,22.6,13.2,17.9
대전,30,대덕구,30230,중,대전용전중학교,,대전광역시 대덕구 중리동,UzA2MDAwMDI2Mg==,,,74.2,0.0,21.8,18.2,24.5,15.5,20.0
대전,30,대덕구,30230,중,대전경덕중학교,,대전광역시 대덕구 오정동,UzA2MDAwMDI0NQ==,,,71.5,0.0,18.3,20.7,15.9,20.7,24.4
대전,30,대덕구,30230,중,신탄진중학교,,대전광역시 대덕구 석봉동,UzA2MDAwMDI3NA==,,,71.5,0.0,8.2,23.9,24.6,23.9,19.4
대전,30,대덕구,30230,중,오정중학교,,대전 대덕구 오정동,UzA2MDAwMDI2MA==,,,68.5,0.0,4.0,20.0,32.0,20.0,24.0
울산,31,남구,31140,중,울산서여자중학교,,울산광역시 남구 신정동,UzA3MDAwMDE0NA==,,,88.9,0.0,65.4,19.6,7.7,4.2,3.1
울산,31,남구,31140,중,옥동중학교,,울산광역시 남구 옥동,UzA3MDAwMDE0MQ==,,,86.1,0.0,47.9,26.5,16.7,5.6,3.4
울산,31,남구,31140,중,문수중학교,,울산광역시 남구 무거동,UzA3MDAwMDU3MQ==,,,86.0,0.0,48.6,27.5,13.8,5.5,4.6
울산,31,남구,31140,중,야음중학교,,울산광역시 남구 야음동,UzA3MDAwMDU2Ng==,,,84.8,0.0,56.6,19.0,8.8,8.0,7.5
울산,31,남구,31140,중,학성중학교,,울산 남구 신정2동,UzA3MDAwMDE1MQ==,,,83.6,0.0,49.4,20.9,11.6,7.6,10.4
울산,31,남구,31140,중,옥현중학교,,울산광역시 남구 무거2동,UzA3MDAwMDE0Mg==,,,82.5,0.0,36.6,28.3,17.8,12.6,4.7
울산,31,남구,31140,중,울산중앙중학교,,울산광역시 남구 신정4동,UzA3MDAwMDE0Ng==,,,80.7,0.0,40.6,21.3,11.9,13.9,12.3
울산,31,남구,31140,중,신일중학교,,울산광역시 남구 신정동,UzA3MDAwMDEzNw==,,,80.3,0.0,37.3,28.4,13.4,9.0,11.9
울산,31,남구,31140,중,태화중학교,,울산광역시 남구 야음동,UzA3MDAwMDE1MA==,,,80.2,0.0,28.0,32.0,24.0,4.0,12.0
울산,31,남구,31140,중,동평중학교,,울산광역시 남구 달동,UzA3MDAwMDEzMQ==,,,80.1,0.0,40.7,23.8,10.5,11.3,13.7
울산,31,남구,31140,중,울산강남중학교,,울산광역시 남구 삼산동,UzA3MDAwMDE0OQ==,,,79.7,0.0,26.3,34.1,20.4,9.0,10.2
울산,31,남구,31140,중,무거중학교,,울산 남구 무거동,UzA3MDAwMDU1NQ==,,,79.5,0.0,33.6,24.4,21.8,8.4,11.8
울산,31,남구,31140,중,삼호중학교,,울산광역시 남구 무거동,UzA3MDAwMDEzNA==,,,79.3,0.0,32.4,18.9,37.8,2.7,8.1
울산,31,남구,31140,중,신정중학교,,울산광역시 남구 옥동,UzA3MDAwMDEzOA==,,,78.4,0.0,29.9,28.7,15.1,11.6,14.7
울산,31,남구,31140,중,대현중학교,,울산광역시 남구 달동,UzA3MDAwMDEzMA==,,,77.7,0.0,33.2,20.1,18.2,12.1,16.4
울산,31,남구,31140,중,월평중학교,,울산광역시 남구 신정동,UzA3MDAwMDE0NQ==,,,77.6,0.0,30.1,23.3,15.1,17.8,13.7
울산,31,울주군,31710,중,서생중학교,,울산광역시 울주군 서생면 신암리,UzA3MDAwMDEzNg==,,,85.0,0.0,59.8,13.8,14.9,3.4,8.0
울산,31,울주군,31710,중,청량중학교,,울산광역시 울주군 청량면 상남리,UzA3MDAwMDE0OA==,,,83.1,0.0,31.5,38.9,18.5,5.6,5.6
울산,31,울주군,31710,중,천상중학교,,울산광역시 울주군 범서읍 천상리,UzA3MDAwMDU1Mg==,,,82.8,0.0,48.3,22.0,12.4,5.8,11.6
울산,31,울주군,31710,중,상북중학교,,울산 울주군 상북면 산전리,UzA3MDAwMDEzNQ==,,,82.3,0.0,26.8,48.8,12.2,2.4,9.8
울산,31,울주군,31710,중,구영중학교,,울산광역시 울주군 범서읍 구영리,UzA3MDAwMDY1Mg==,,,81.4,0.0,38.7,22.7,16.9,12.0,9.8
울산,31,울주군,31710,중,장검중학교,,울산광역시 울주군 범서읍 굴화리,UzA3MDAwMDczNw==,,,80.5,0.0,32.4,27.2,19.1,11.6,9.8
울산,31,울주군,31710,중,언양중학교,,울산광역시 울주군 언양읍 동부리,UzA3MDAwMDE0MA==,,,80.0,0.0,32.2,25.9,19.5,13.2,9.2
울산,31,울주군,31710,중,범서중학교,,울산광역시 울주군 범서읍 구영리,UzA3MDAwMDEzMw==,,,78.7,0.0,35.2,20.8,17.6,9.7,16.7
울산,31,울주군,31710,중,삼남중학교,,울산 울주군 삼남면 가천리,UzA3MDAwMDYyNA==,,,78.5,0.0,42.6,14.8,14.8,9.8,18.0
울산,31,울주군,31710,중,두광중학교,,울산 울주군 두서면 인보리,UzA3MDAwMDEzMg==,,,77.6,0.0,60.0,0.0,10.0,10.0,20.0
울산,31,울주군,31710,중,온산중학교,,울산광역시 울주군 온산읍 덕신리,UzA3MDAwMDE0Mw==,,,77.4,0.0,36.3,16.7,18.5,10.1,18.5
울산,31,울주군,31710,중,남창중학교,,울산광역시 울주군 온양읍 동상리,UzA3MDAwMDEyOQ==,,,77.0,0.0,25.3,25.6,22.8,10.5,15.8
울산,31,울주군,31710,중,신언중학교,,울산광역시 울주군 언양읍 서부리,UzA3MDAwMDEzOQ==,,,76.0,0.0,25.8,20.1,24.4,12.0,17.7
울산,31,울주군,31710,중,웅촌중학교,,울산 울주군 웅촌면 곡천리,UzA3MDAwMDE0Nw==,,,70.6,0.0,19.0,23.8,19.0,9.5,28.6
울산,31,중구,31110,중,남외중학교,,울산광역시 중구 남외동,UzA3MDAwMDYyMA==,,,88.2,0.0,63.2,19.4,7.0,5.0,5.4
울산,31,중구,31110,중,유곡중학교,,울산광역시 중구 태화동,UzA3MDAwMDUzOA==,,,85.6,0.0,50.2,22.9,15.7,5.4,5.8
울산,31,중구,31110,중,성안중학교,,울산광역시 중구 성안동,UzA3MDAwMDMzNw==,,,82.5,0.0,39.4,27.3,16.5,9.6,7.2
울산,31,중구,31110,중,외솔중학교,,울산광역시 중구 서동,UzA3MDAwMDM0MA==,,,82.1,0.0,39.8,23.9,22.2,5.7,8.5
울산,31,중구,31110,중,울산중학교,,울산광역시 중구 종가7길 6,UzA3MDAwMDcxNw==,,,81.0,0.0,34.9,25.4,21.7,7.4,10.6
울산,31,중구,31110,중,약사중학교,,울산광역시 중구 약사동,UzA3MDAwMDMzOQ==,,,80.9,0.0,42.0,25.2,10.5,9.1,13.3
울산,31,중구,31110,중,학성여자중학교,,울산 중구 태화동,UzA3MDAwMDM0Nw==,,,79.4,0.0,35.1,25.6,14.9,10.1,14.3
울산,31,중구,31110,중,무룡중학교,,울산광역시 중구 약사동,UzA3MDAwMDMzNQ==,,,77.6,0.0,33.5,18.8,17.0,14.3,16.5
울산,31,중구,31110,중,가온중학교,,울산광역시 중구 반구2동,UzA3MDAwMDM0MQ==,,,77.1,0.0,18.9,26.1,30.6,16.2,8.1
울산,31,중구,31110,중,다운중학교,,울산광역시 중구 다운동,UzA3MDAwMDY1Mw==,,,76.9,0.0,31.3,28.1,10.9,12.5,17.2
울산,31,중구,31110,중,울산제일중학교,,울산광역시 중구 태화동,UzA3MDAwMDM0Mg==,,,74.7,0.0,25.0,23.8,15.9,17.1,18.3
울산,31,동구,31170,중,현대중학교,,울산광역시 동구 서부동,UzA3MDAwMDM0OQ==,,,85.4,0.0,48.7,26.3,14.5,3.5,7.0
울산,31,동구,31170,중,대송중학교,,울산광역시 동구 화정동,UzA3MDAwMDMzMw==,,,83.9,0.0,45.3,24.7,17.6,6.5,5.9
울산,31,동구,31170,중,남목중학교,,울산광역시 동구 서부동,UzA3MDAwMDYxOQ==,,,80.5,0.0,36.6,25.3,16.0,12.4,9.8
울산,31,동구,31170,중,현대청운중학교,,울산광역시 동구 서부동 290번지,UzA3MDAwMDM0Ng==,,,79.4,0.0,19.7,30.7,32.0,11.4,6.1
울산,31,동구,31170,중,화암중학교,,울산광역시 동구 방어동,UzA3MDAwMDUzOQ==,,,78.9,0.0,33.5,23.1,18.1,12.2,13.1
울산,31,동구,31170,중,방어진중학교,,울산광역시 동구 화정동,UzA3MDAwMDMzNg==,,,78.0,0.0,25.4,29.5,20.2,11.9,13.0
울산,31,동구,31170,중,명덕여자중학교,,울산광역시 동구 일산동 1~499,UzA3MDAwMDMzNA==,,,76.8,0.0,26.0,22.0,19.3,19.3,13.3
울산,31,동구,31170,중,일산중학교,,울산광역시 동구 일산동,UzA3MDAwMDM0NA==,,,75.9,0.0,21.0,25.7,22.8,19.2,11.4
울산,31,동구,31170,중,화진중학교,,울산광역시 동구 화정동,UzA3MDAwMDM1Mg==,,,74.9,0.0,22.1,24.6,19.7,16.4,17.2
울산,31,북구,31200,중,상안중학교,,울산광역시 북구 상안동,UzA3MDAwMDY1OA==,,,86.6,0.0,49.4,29.6,10.5,6.8,3.7
울산,31,북구,31200,중,진장중학교,,울산 북구 진장동,UzA3MDAwMDU1OQ==,,,84.4,0.0,53.6,21.6,12.4,3.1,9.3
울산,31,북구,31200,중,강동중학교,,울산광역시 북구 산하동,UzA3MDAwMDMzMQ==,,,83.8,0.0,37.0,34.6,16.1,7.6,4.7
울산,31,북구,31200,중,천곡중학교,,울산 북구 천곡동,UzA3MDAwMDM0NQ==,,,80.8,0.0,41.1,23.4,14.2,7.8,13.5
울산,31,북구,31200,중,이화중학교,,울산광역시 북구 중산동,UzA3MDAwMDU0MA==,,,80.6,0.0,42.5,21.6,15.0,10.2,10.8
울산,31,북구,31200,중,매곡중학교,,울산광역시 북구 매곡동,UzA3MDAwMDYyMQ==,,,79.7,0.0,36.7,23.8,16.5,9.5,13.4
울산,31,북구,31200,중,고헌중학교,,울산광역시 북구 박상진2로 81,UzA3MDAwMDc3MQ==,,,79.1,0.0,28.5,25.3,24.1,11.1,11.1
울산,31,북구,31200,중,농소중학교,,울산광역시 북구 호계동 681~1000,UzA3MDAwMDMzMg==,,,76.5,0.0,23.4,22.7,22.7,17.0,14.2
울산,31,북구,31200,중,달천중학교,,울산광역시 북구 달천동,UzA3MDAwMDY1Ng==,,,76.3,0.0,18.2,25.9,27.7,17.7,10.5
울산,31,북구,31200,중,화봉중학교,,울산광역시 북구 화봉동,UzA3MDAwMDM1MQ==,,,75.8,0.0,23.7,25.8,17.5,16.5,16.5
울산,31,북구,31200,중,호계중학교,,울산광역시 북구 호계동,UzA3MDAwMDYxMg==,,,75.3,0.0,23.9,25.1,18.5,15.0,17.5
울산,31,북구,31200,중,효정중학교,,울산광역시 북구 양정동,UzA3MDAwMDM1NA==,,,75.3,0.0,30.9,20.6,17.7,9.7,21.1
울산,31,북구,31200,중,연암중학교,,울산광역시 북구 연암동,UzA3MDAwMDU1OA==,,,74.2,0.0,32.7,16.3,14.3,10.2,26.5
울산,31,북구,31200,중,울산스포츠과학중학교,,울산광역시 북구 산하동,UzA3MDAwMDcyOA==,,,71.6,0.0,9.4,21.9,34.4,12.5,21.9
세종,36,세종특별자치시,36110,중,집현중학교,,세종특별자치시  집현서로 42,UzA4MDAwMDIzNw==,,,88.6,0.0,66.4,18.1,6.9,2.6,6.0
세종,36,세종특별자치시,36110,중,새뜸중학교,,세종특별자치시 새롬동,UzA4MDAwMDE2NA==,,,85.0,0.0,55.4,17.6,13.5,6.3,7.2
세종,36,세종특별자치시,36110,중,양지중학교,,세종특별자치시 도담동,UzA4MDAwMDE0Ng==,,,83.3,0.0,41.9,29.7,15.0,6.5,6.9
세종,36,세종특별자치시,36110,중,어진중학교,,세종특별자치시 어진동,UzA4MDAwMDE1Mg==,,,82.7,0.0,41.8,25.9,13.9,11.4,7.0
세종,36,세종특별자치시,36110,중,글벗중학교,,세종특별자치시 소담동,UzA4MDAwMDE4Mg==,,,81.5,0.0,33.1,30.8,19.5,9.8,6.8
세종,36,세종특별자치시,36110,중,부강중학교,,세종특별자치시  부용면 부강리 500,UzA4MDAwMDA3Mw==,,,80.3,0.0,37.1,22.9,17.1,8.6,14.3
세종,36,세종특별자치시,36110,중,두루중학교,,세종특별자치시  만남로 211,UzA4MDAwMDE0MA==,,,80.1,0.0,33.6,28.5,17.0,9.4,11.5
세종,36,세종특별자치시,36110,중,나성중학교,,세종특별자치시  갈매로 298,UzA4MDAwMDIwMg==,,,80.0,0.0,33.3,24.5,17.7,12.5,12.0
세종,36,세종특별자치시,36110,중,새롬중학교,,세종특별자치시   새롬동,UzA4MDAwMDEyMw==,,,79.5,0.0,39.9,19.4,14.3,10.3,16.1
세종,36,세종특별자치시,36110,중,소담중학교,,세종특별자치시 소담동,UzA4MDAwMDE2Mw==,,,79.4,0.0,31.0,28.6,19.0,10.5,11.0
세종,36,세종특별자치시,36110,중,반곡중학교,,세종특별자치시 반곡동,UzA4MDAwMDIwMw==,,,79.3,0.0,41.0,15.7,20.2,9.6,13.5
세종,36,세종특별자치시,36110,중,종촌중학교,,세종특별자치시  도움1로 126,UzA4MDAwMDEzOQ==,,,78.7,0.0,34.0,25.1,13.3,10.4,17.3
세종,36,세종특별자치시,36110,중,산울중학교,,세종특별자치시 산울동 249,UzA4MDAwMDMwOQ==,,,78.7,0.0,21.4,34.1,20.6,13.5,10.3
세종,36,세종특별자치시,36110,중,해밀중학교,,세종특별자치시 연기면 해밀리,UzA4MDAwMDI0MQ==,,,78.6,0.0,40.8,18.4,12.5,7.9,20.4
세종,36,세종특별자치시,36110,중,한솔중학교,,세종특별자치시 한솔동,UzA4MDAwMDA2Nw==,,,77.9,0.0,35.1,23.1,15.3,9.3,17.2
세종,36,세종특별자치시,36110,중,새움중학교,,세종특별자치시  다정서로 12,UzA4MDAwMDE2NQ==,,,77.5,0.0,39.8,14.6,13.0,12.2,20.3
세종,36,세종특별자치시,36110,중,다정중학교,,세종특별자치시 다정동,UzA4MDAwMDIwNQ==,,,77.5,0.0,32.9,21.4,20.0,10.8,14.9
세종,36,세종특별자치시,36110,중,고운중학교,,세종특별자치시 고운동,UzA4MDAwMDEzOA==,,,76.8,0.0,35.1,18.6,18.2,9.1,18.9
세종,36,세종특별자치시,36110,중,세종중학교,,세종특별자치시 조치원읍 교리,UzA4MDAwMDA2NQ==,,,76.7,0.0,25.4,30.8,20.0,10.8,13.1
세종,36,세종특별자치시,36110,중,금호중학교,,세종특별자치시 대평동,UzA4MDAwMDA2MQ==,,,76.5,0.0,25.0,28.9,16.7,14.4,15.0
세종,36,세종특별자치시,36110,중,보람중학교,,세종특별자치시 보람동,UzA4MDAwMDE4Mw==,,,76.2,0.0,31.5,23.3,12.6,12.6,20.0
세종,36,세종특별자치시,36110,중,장기중학교,,세종특별자치시 장군면 하봉리,UzA4MDAwMDA2MA==,,,76.0,0.0,10.5,31.6,47.4,5.3,5.3
세종,36,세종특별자치시,36110,중,아름중학교,,세종특별자치시   아름동,UzA4MDAwMDEwOA==,,,75.2,0.0,26.9,20.8,21.0,13.6,17.8
세종,36,세종특별자치시,36110,중,조치원중학교,,세종특별자치시 조치원읍 서창리,UzA4MDAwMDA2Ng==,,,72.1,0.0,18.9,22.2,21.5,14.4,23.0
세종,36,세종특별자치시,36110,중,도담중학교,,세종특별자치시 도담동,UzA4MDAwMDExOA==,,,71.4,0.0,21.8,22.3,17.3,9.5,29.1
세종,36,세종특별자치시,36110,중,연동중학교,,세종특별자치시 연동면 내판리,UzA4MDAwMDA2Mg==,,,71.0,0.0,0.0,33.3,33.3,0.0,33.3
세종,36,세종특별자치시,36110,중,전의중학교,,세종특별자치시 전의면 읍내리,UzA4MDAwMDA2NA==,,,67.7,0.0,15.8,21.1,5.3,26.3,31.6
세종,36,세종특별자치시,36110,중,연서중학교,,세종특별자치시  연서면 연서로115,UzA4MDAwMDA2Mw==,,,66.5,0.0,15.6,15.6,18.8,15.6,34.4
경기,41,과천시,41290,중,과천문원중학교,,경기도 과천시 코오롱로 57,UzA5MDAwMzAxNA==,,,86.3,0.0,59.6,19.2,7.7,4.6,8.9
경기,41,과천시,41290,중,과천중학교,,경기도 과천시 중앙동,UzA5MDAwMzAxNg==,,,82.1,0.0,46.6,20.8,11.7,7.4,13.4
경기,41,과천시,41290,중,과천율목중학교,,경기도 과천시 과천대로2길 37,UzA5MDAwNzY3OQ==,,,78.2,0.0,28.7,28.0,18.9,9.1,15.4
경기,41,하남시,41450,중,감일중학교,,경기도 하남시 감일백제로 55,UzA5MDAwNzM3Nw==,,,87.2,0.0,54.0,25.6,10.4,6.2,3.8
경기,41,하남시,41450,중,은가람중학교,,경기도 하남시 선동,UzA5MDAwNzAzNg==,,,85.8,0.0,51.4,30.2,10.1,3.4,5.0
경기,41,하남시,41450,중,위례중학교,,경기도 하남시 학암동,UzA5MDAwNzAzNQ==,,,85.7,0.0,50.6,25.2,14.4,4.3,5.5
경기,41,하남시,41450,중,미사강변중학교,,경기도 하남시 선동,UzA5MDAwNjkxMg==,,,83.5,0.0,46.8,23.9,13.8,6.6,8.9
경기,41,하남시,41450,중,신평중학교,,경기도 하남시 신장동,UzA5MDAwNTM1MQ==,,,82.8,0.0,34.3,33.5,14.8,11.9,5.5
경기,41,하남시,41450,중,윤슬중학교,,경기도 하남시 망월동,UzA5MDAwNzE1OA==,,,82.6,0.0,43.9,22.3,17.2,7.6,9.0
경기,41,하남시,41450,중,감일백제중학교,,경기도 하남시 감일동,UzA5MDAwNzUxOQ==,,,81.9,0.0,38.6,32.1,10.3,10.3,8.7
경기,41,하남시,41450,중,미사중학교,,경기도 하남시 미사강변한강로334번길 70,UzA5MDAwNzAzNw==,,,81.7,0.0,45.4,22.0,13.6,5.9,13.1
경기,41,하남시,41450,중,하남중학교,,경기도 하남시 창우동,UzA5MDAwMTI3Nw==,,,79.9,0.0,38.5,24.4,12.6,11.9,12.6
경기,41,하남시,41450,중,신장중학교,,경기도 하남시 신장2동,UzA5MDAwMTI3NQ==,,,79.7,0.0,40.3,16.4,17.9,11.9,13.4
경기,41,하남시,41450,중,덕풍중학교,,경기도 하남시 덕풍3동 757~765,UzA5MDAwNTcxMw==,,,76.5,0.0,31.1,21.2,17.5,13.2,17.0
경기,41,하남시,41450,중,남한중학교,,경기도 하남시 신장2동,UzA5MDAwMTI3Mw==,,,76.5,0.0,36.2,15.5,17.2,6.9,24.1
경기,41,하남시,41450,중,동부중학교,,경기도 하남시 덕풍동,UzA5MDAwMTI3NA==,,,75.9,0.0,24.7,31.2,14.3,10.4,19.5
경기,41,동탄구,41597,중,예당중학교,,경기도 화성시 석우동,UzA5MDAwNTg3NQ==,,,88.1,0.0,61.2,20.9,6.8,6.1,4.9
경기,41,동탄구,41597,중,솔빛중학교,,경기도 화성시 반송동,UzA5MDAwNTU5Mg==,,,87.5,0.0,60.4,18.9,10.7,5.3,4.7
경기,41,동탄구,41597,중,반송중학교,,경기도 화성시 탄요1길 13,UzA5MDAwNTU5MA==,,,85.5,0.0,49.0,24.8,14.6,6.6,5.1
경기,41,동탄구,41597,중,방교중학교,,경기도 화성시 동탄산척로1길 23,UzA5MDAwNjk0NA==,,,85.0,0.0,52.9,20.4,13.9,6.0,6.8
경기,41,동탄구,41597,중,석우중학교,,경기 화성시 동탄중앙로 264,UzA5MDAwNTQ3Mw==,,,84.5,0.0,49.4,23.7,13.2,6.3,7.5
경기,41,동탄구,41597,중,청계중학교,,경기도 화성시 동탄대로시범길 47,UzA5MDAwNjkzOQ==,,,84.0,0.0,54.3,16.7,10.4,7.8,10.9
경기,41,동탄구,41597,중,동탄목동중학교,,경기도 화성시 동탄순환대로20길 52,UzA5MDAwNzI0Mg==,,,83.0,0.0,43.0,27.4,13.7,8.2,7.7
경기,41,동탄구,41597,중,동탄중학교,,경기도 화성시 청계동 산,UzA5MDAwNDI2MQ==,,,82.4,0.0,36.0,32.7,16.8,6.9,7.5
경기,41,동탄구,41597,중,청림중학교,,경기도 화성시 동탄산척로 94,UzA5MDAwNzIxOQ==,,,81.9,0.0,43.7,21.5,14.1,10.6,10.1
경기,41,동탄구,41597,중,치동중학교,,경기도 화성시 동탄순환대로 881-9,UzA5MDAwNzUyMg==,,,80.0,0.0,37.8,27.9,13.0,9.0,12.4
경기,41,동탄구,41597,중,이산중학교,,경기도 화성시 동탄감배산로 51,UzA5MDAwNzI1Ng==,,,80.0,0.0,35.4,25.7,20.1,6.3,12.3
경기,41,동탄구,41597,중,한백중학교,,경기도 화성시 동탄면 중리,UzA5MDAwNjkzNA==,,,79.9,0.0,34.9,23.9,19.7,9.0,12.5
경기,41,동탄구,41597,중,화성세정중학교,,경기도 화성시 동탄순환대로12길 60,UzA5MDAwNzUyMQ==,,,79.8,0.0,36.8,24.0,16.7,9.9,12.6
경기,41,동탄구,41597,중,다원중학교,,경기도 화성시 동탄순환대로 754-12,UzA5MDAwNzEyNw==,,,78.6,0.0,37.6,21.1,13.1,12.6,15.5
경기,41,동탄구,41597,중,화성신동중학교,,경기도 화성시 동탄신동1길 25,UzA5MDAwNzkxNw==,,,77.2,0.0,28.6,24.2,19.8,9.9,17.6
경기,41,동탄구,41597,중,푸른중학교,,경기도 화성시 능동,UzA5MDAwNTY2MQ==,,,77.0,0.0,24.9,26.2,21.5,15.1,12.3
경기,41,동탄구,41597,중,서연중학교,,경기도 화성시 동탄대로4길 40,UzA5MDAwNzMzMg==,,,76.4,0.0,31.8,21.8,17.6,10.2,18.6
경기,41,가평군,41820,중,청심국제중학교,,경기도 가평군 설악면 송산리,UzA5MDAwNTQxOQ==,,,95.7,0.0,98.1,1.9,0.0,0.0,0.0
경기,41,가평군,41820,중,청평중학교,,경기도 가평군 청평면 청평1리,UzA5MDAwMDg4MA==,,,84.5,0.0,46.7,26.7,10.0,8.3,8.3
경기,41,가평군,41820,중,가평북중학교,,경기도 가평군 북면 석장모루길 13,UzA5MDAwMDg3Nw==,,,81.2,0.0,46.2,15.4,15.4,7.7,15.4
경기,41,가평군,41820,중,가평중학교,,경기도 가평군 가평읍 대곡1리,UzA5MDAwMDg3Ng==,,,80.1,0.0,31.9,29.2,17.8,10.8,10.3
경기,41,가평군,41820,중,설악중학교,,경기도 가평군 설악면 신천리,UzA5MDAwMDg3OA==,,,74.4,0.0,27.1,27.1,10.4,4.2,31.3
경기,41,가평군,41820,중,조종중학교,,경기도 가평군 조종면 연등윗길 22,UzA5MDAwMDg3OQ==,,,67.2,0.0,15.9,17.5,14.3,20.6,31.7
경기,41,동안구,41173,중,대안여자중학교,,경기도 안양시 동안구 호계동,UzA5MDAwMzAyMQ==,,,92.0,0.0,72.6,20.3,5.7,0.5,0.9
경기,41,동안구,41173,중,평촌중학교,,경기도 안양시 동안구 관평로 127,UzA5MDAwMzAzOQ==,,,90.2,0.0,67.9,18.4,6.9,4.1,2.6
경기,41,동안구,41173,중,귀인중학교,,경기도 안양시 동안구 귀인로190번길 114,UzA5MDAwMzAxOQ==,,,88.0,0.0,66.3,16.0,6.0,5.5,6.2
경기,41,동안구,41173,중,호계중학교,,경기도 안양시 동안구 호계2동,UzA5MDAwMzA0MQ==,,,84.7,0.0,45.3,27.2,14.7,7.3,5.6
경기,41,동안구,41173,중,임곡중학교,,경기도 안양시 동안구 비산1동,UzA5MDAwNTQwOQ==,,,84.4,0.0,44.0,32.1,12.4,6.2,5.3
경기,41,동안구,41173,중,안양부흥중학교,,경기도 안양시 동안구 부흥동,UzA5MDAwMzAzMw==,,,81.4,0.0,41.7,23.1,15.1,9.7,10.5
경기,41,동안구,41173,중,신기중학교,,경기도 안양시 동안구 호계동,UzA5MDAwMzAzMA==,,,81.0,0.0,39.6,22.1,16.6,12.7,9.1
경기,41,동안구,41173,중,범계중학교,,경기도 안양시 동안구 범계동,UzA5MDAwMzAyNA==,,,79.1,0.0,33.3,31.7,15.9,6.1,13.0
경기,41,동안구,41173,중,부안중학교,,경기도 안양시 동안구 부림동,UzA5MDAwMzAyNg==,,,78.8,0.0,30.8,25.3,17.6,12.1,14.3
경기,41,동안구,41173,중,대안중학교,,경기도 안양시 동안구 호계동,UzA5MDAwMzAyMg==,,,78.2,0.0,21.4,33.3,18.9,13.2,13.2
경기,41,동안구,41173,중,인덕원중학교,,경기도 안양시 동안구 관양2동,UzA5MDAwMzAxNw==,,,76.8,0.0,26.3,18.8,23.8,18.8,12.5
경기,41,동안구,41173,중,부림중학교,,경기도 안양시 동안구 부림동,UzA5MDAwMzAyNQ==,,,76.5,0.0,27.4,27.4,15.6,11.8,17.9
경기,41,동안구,41173,중,비산중학교,,경기 안양시 동안구 비산동,UzA5MDAwNTA0Ng==,,,76.2,0.0,27.1,27.1,14.1,10.6,21.2
경기,41,동안구,41173,중,호성중학교,,경기도 안양시 동안구 호성로 55,UzA5MDAwNDg2NQ==,,,75.0,0.0,17.4,33.1,19.8,12.2,17.4
경기,41,동안구,41173,중,관양중학교,,경기도 안양시 동안구 관양동,UzA5MDAwMzAxOA==,,,74.0,0.0,24.1,26.7,12.9,11.2,25.0
경기,41,수지구,41465,중,서원중학교,,경기도 용인시 수지구 상현동,UzA5MDAwMzQ3OA==,,,86.9,0.0,54.2,25.3,11.4,4.5,4.5
경기,41,수지구,41465,중,성복중학교,,경기도 용인시 수지구 성복동,UzA5MDAwMzQ3OQ==,,,86.3,0.0,63.4,11.1,10.0,5.7,9.7
경기,41,수지구,41465,중,상현중학교,,경기도 용인시 수지구 상현동,UzA5MDAwMzQ3Nw==,,,86.1,0.0,57.0,19.4,10.0,6.1,7.5
경기,41,수지구,41465,중,홍천중학교,,경기도 용인시 수지구 신봉1로71번길 36,UzA5MDAwMzQ5NA==,,,84.9,0.0,52.9,19.7,12.6,7.1,7.7
경기,41,수지구,41465,중,문정중학교,,경기 용인시 수지구 풍덕천동,UzA5MDAwMzQ3NA==,,,84.4,0.0,50.6,21.2,13.5,5.8,9.0
경기,41,수지구,41465,중,용인한빛중학교,,경기도 용인시 수지구 동천동,UzA5MDAwNTc0OQ==,,,84.1,0.0,61.6,15.1,6.8,5.5,11.0
경기,41,수지구,41465,중,수지중학교,,경기도 용인시 수지구 풍덕천동,UzA5MDAwMzQ4Mg==,,,83.2,0.0,47.8,21.1,10.8,10.0,10.3
경기,41,수지구,41465,중,손곡중학교,,경기도 용인시 수지구 동천동,UzA5MDAwNDk3NA==,,,82.6,0.0,47.4,18.7,14.4,8.1,11.5
경기,41,수지구,41465,중,성서중학교,,경기도 용인시 수지구 성복동,UzA5MDAwNTg2OA==,,,82.5,0.0,46.4,22.1,12.6,7.6,11.4
경기,41,수지구,41465,중,용인대덕중학교,,경기도 용인시 수지구 죽전동,UzA5MDAwNDk3Mw==,,,82.4,0.0,44.8,24.2,13.4,5.7,11.9
경기,41,수지구,41465,중,이현중학교,,경기 용인시 수지구 풍덕천동,UzA5MDAwMzQ4OQ==,,,82.1,0.0,42.9,22.6,14.3,9.2,11.0
경기,41,수지구,41465,중,대지중학교,,경기도 용인시 수지구 죽전1동,UzA5MDAwMzQ3Mg==,,,81.8,0.0,42.1,25.7,15.7,5.7,10.7
경기,41,수지구,41465,중,현암중학교,,경기도 용인시 수지구 죽전동,UzA5MDAwNDk3MA==,,,80.8,0.0,32.9,28.2,18.8,13.4,6.7
경기,41,수지구,41465,중,신봉중학교,,경기도 용인시 수지구 신봉동,UzA5MDAwNjAzNQ==,,,80.3,0.0,38.5,24.9,13.6,9.0,14.0
경기,41,수지구,41465,중,죽전중학교,,경기도 용인시 수지구 죽전동,UzA5MDAwMzQ5MQ==,,,80.1,0.0,37.7,29.1,12.1,5.8,15.2
경기,41,수지구,41465,중,정평중학교,,경기 용인시 수지구 풍덕천동,UzA5MDAwMzQ5MA==,,,79.8,0.0,33.2,27.8,14.5,11.9,12.5
경기,41,분당구,41135,중,내정중학교,,경기도 성남시 분당구 수내동,UzA5MDAwMjE3Ng==,,,85.8,0.0,48.4,29.8,13.1,2.9,5.8
경기,41,분당구,41135,중,서현중학교,,경기도 성남시 분당구 서현동 95~98,UzA5MDAwMjE4NA==,,,85.3,0.0,61.8,15.2,7.9,3.5,11.7
경기,41,분당구,41135,중,백현중학교,,경기도 성남시 분당구 정자동,UzA5MDAwMjE4MA==,,,84.6,0.0,50.2,25.4,10.8,6.1,7.5
경기,41,분당구,41135,중,운중중학교,,경기도 성남시 분당구 운중동,UzA5MDAwNTcwMA==,,,84.3,0.0,52.7,20.3,12.1,4.9,9.9
경기,41,분당구,41135,중,늘푸른중학교,,경기도 성남시 분당구 정자동,UzA5MDAwNTEzNg==,,,83.7,0.0,41.3,30.7,13.8,8.0,6.2
경기,41,분당구,41135,중,양영중학교,,경기도 성남시 분당구 서현동,UzA5MDAwMjE5Ng==,,,83.4,0.0,44.0,29.6,12.8,6.0,7.6
경기,41,분당구,41135,중,수내중학교,,경기도 성남시 분당구 수내동,UzA5MDAwMjE5Mw==,,,83.3,0.0,43.6,27.5,12.3,9.7,6.9
경기,41,분당구,41135,중,낙원중학교,,경기도 성남시 분당구 판교동,UzA5MDAwNjQyMg==,,,83.1,0.0,45.8,24.2,15.8,4.2,10.0
경기,41,분당구,41135,중,구미중학교,,경기도 성남시 분당구 구미로173번길 29,UzA5MDAwNDg2NA==,,,83.1,0.0,39.5,28.9,18.4,6.1,7.0
경기,41,분당구,41135,중,샛별중학교,,경기도 성남시 분당구 불정로 288,UzA5MDAwNTYyMg==,,,82.9,0.0,47.9,21.3,14.2,7.6,9.0
경기,41,분당구,41135,중,정자중학교,,경기도 성남시 분당구 정자동,UzA5MDAwMjIwMg==,,,82.6,0.0,37.6,34.4,14.0,7.5,6.5
경기,41,분당구,41135,중,매송중학교,,경기도 성남시 분당구 이매동,UzA5MDAwMjE3OA==,,,81.7,0.0,38.7,28.4,14.8,8.4,9.7
경기,41,분당구,41135,중,불곡중학교,,경기도 성남시 분당구 금곡로 139,UzA5MDAwMjE4Mg==,,,81.5,0.0,40.3,25.1,12.8,12.3,9.5
경기,41,분당구,41135,중,송림중학교,,경기도 성남시 분당구 이매로 100,UzA5MDAwMjE5Mg==,,,81.0,0.0,32.6,30.5,17.9,9.5,9.5
경기,41,분당구,41135,중,이우중학교,,경기도 성남시 분당구 동원동,UzA5MDAwNDk4NA==,,,80.0,0.0,25.0,35.7,25.0,7.1,7.1
경기,41,분당구,41135,중,삼평중학교,,경기도 성남시 분당구 삼평동,UzA5MDAwNTgzNA==,,,79.9,0.0,37.8,21.3,20.1,6.7,14.0
경기,41,분당구,41135,중,이매중학교,,경기도 성남시 분당구 이매동,UzA5MDAwMjIwMA==,,,79.7,0.0,31.3,32.9,13.0,11.4,11.4
경기,41,분당구,41135,중,신백현중학교,,경기도 성남시 분당구 백현동,UzA5MDAwNjQzOA==,,,79.3,0.0,40.7,27.1,10.2,5.1,16.9
경기,41,분당구,41135,중,야탑중학교,,경기도 성남시 분당구 양현로 442,UzA5MDAwMjE5NQ==,,,79.0,0.0,34.9,24.6,18.3,6.7,15.5
경기,41,분당구,41135,중,분당중학교,,경기도 성남시 분당구 정자동,UzA5MDAwMjE4MQ==,,,78.7,0.0,30.6,31.4,17.4,7.4,13.2
경기,41,분당구,41135,중,판교대장중학교,,경기도 성남시 분당구 판교대장로5길 71,UzA5MDAwNzY2OQ==,,,78.2,0.0,34.0,26.2,13.5,9.9,16.3
경기,41,분당구,41135,중,청솔중학교,,경기도 성남시 분당구 금곡동,UzA5MDAwMjIwNQ==,,,78.1,0.0,35.7,28.6,7.1,14.3,14.3
경기,41,분당구,41135,중,보평중학교,,경기도 성남시 분당구 백현동,UzA5MDAwNTY5OA==,,,77.7,0.0,36.9,24.1,10.8,10.8,17.3
경기,41,분당구,41135,중,판교중학교,,경기도 성남시 분당구 판교동,UzA5MDAwNTcwMQ==,,,75.4,0.0,18.5,28.6,23.8,12.7,16.4
경기,41,분당구,41135,중,장안중학교,,경기도 성남시 분당구 분당동,UzA5MDAwMjIwMQ==,,,74.2,0.0,25.0,20.4,18.5,14.8,21.3
경기,41,분당구,41135,중,하탑중학교,,경기도 성남시 분당구 야탑동,UzA5MDAwMjIwOA==,,,72.5,0.0,16.5,26.6,23.0,14.4,19.4
경기,41,영통구,41117,중,광교중학교,,경기도 수원시 영통구 이의동,UzA5MDAwNTg3OA==,,,89.0,0.0,59.9,23.4,11.5,3.6,1.6
경기,41,영통구,41117,중,영동중학교,,경기도 수원시 영통구 망포로 84번길 3,UzA5MDAwNTE1Mw==,,,89.0,0.0,64.1,19.2,9.0,6.6,1.2
경기,41,영통구,41117,중,중앙기독중학교,,경기도 수원시 영통구 원천동,UzA5MDAwNTUyMQ==,,,86.8,0.0,58.4,28.1,3.4,4.5,5.6
경기,41,영통구,41117,중,태장중학교,,경기도 수원시 영통구 영통동,UzA5MDAwMjQ0MQ==,,,85.6,0.0,55.8,22.1,9.1,4.3,8.7
경기,41,영통구,41117,중,영일중학교,,경기도 수원시 영통구 영통동,UzA5MDAwMjQzMw==,,,84.6,0.0,36.9,39.1,16.2,3.9,3.9
경기,41,영통구,41117,중,영덕중학교,,경기 수원시 영통구 영통동,UzA5MDAwMjQzMA==,,,84.5,0.0,43.0,30.9,14.0,7.2,4.9
경기,41,영통구,41117,중,망포중학교,,경기도 수원시 영통구 망포동,UzA5MDAwNDg2MQ==,,,84.2,0.0,47.8,24.7,11.8,8.2,7.5
경기,41,영통구,41117,중,광교호수중학교,,경기도 수원시 영통구 원천동,UzA5MDAwNzYwOA==,,,83.9,0.0,48.0,24.4,12.2,7.2,8.1
경기,41,영통구,41117,중,잠원중학교,,경기도 수원시 영통구 태장로 25,UzA5MDAwNTQ3Nw==,,,83.9,0.0,48.4,25.8,9.4,6.6,9.9
경기,41,영통구,41117,중,영통중학교,,경기도 수원시 영통구 영통동,UzA5MDAwMjQzNA==,,,82.3,0.0,45.8,25.0,15.3,2.8,11.1
경기,41,영통구,41117,중,연무중학교,,경기도 수원시 영통구 이의동,UzA5MDAwMjQyOQ==,,,81.3,0.0,40.3,29.4,11.9,5.7,12.7
경기,41,영통구,41117,중,매탄중학교,,경기도 수원시 영통구 매탄동,UzA5MDAwNTY5NA==,,,80.9,0.0,33.5,30.6,13.9,9.8,12.1
경기,41,영통구,41117,중,이의중학교,,경기도 수원시 영통구 하동,UzA5MDAwNTg4MQ==,,,80.4,0.0,46.0,20.1,10.8,7.9,15.1
경기,41,영통구,41117,중,산남중학교,,경기도 수원시 영통구 매탄2동,UzA5MDAwMjQxOQ==,,,78.9,0.0,44.1,22.7,7.0,7.4,18.8
경기,41,영통구,41117,중,수원다산중학교,,경기도 수원시 영통구 혜령로 12,UzA5MDAwNjc4MQ==,,,78.9,0.0,32.6,25.6,18.8,10.4,12.6
경기,41,영통구,41117,중,매원중학교,,경기도 수원시 영통구 매탄동,UzA5MDAwMjQxNA==,,,78.1,0.0,36.3,24.2,14.0,8.3,17.2
경기,41,영통구,41117,중,수원원일중학교,,경기도 수원시 영통구 매탄동,UzA5MDAwNTc2Nw==,,,77.9,0.0,35.5,16.1,19.4,16.1,12.9
경기,41,영통구,41117,중,동수원중학교,,경기도 수원시 영통구 매탄동,UzA5MDAwMjQxMw==,,,77.3,0.0,32.6,18.6,19.0,14.0,15.8
경기,41,영통구,41117,중,청명중학교,,경기도 수원시 영통구 청명북로 118,UzA5MDAwMjQ0MA==,,,74.7,0.0,34.6,19.2,15.0,9.3,22.0
경기,41,영통구,41117,중,매현중학교,,경기도 수원시 영통구 매탄동,UzA5MDAwMjQxNg==,,,71.0,0.0,21.9,19.9,17.2,10.6,30.5
경기,41,영통구,41117,중,원천중학교,,경기도 수원시 영통구 원천동,UzA5MDAwMjQzNQ==,,,69.3,0.0,12.1,21.2,18.2,24.2,24.2
경기,41,구리시,41310,중,갈매중학교,,경기도 구리시 갈매동 301~600,UzA5MDAwNzE1Nw==,,,83.6,0.0,41.5,29.1,13.0,9.1,7.3
경기,41,구리시,41310,중,장자중학교,,경기도 구리시 교문2동,UzA5MDAwMTU5NA==,,,82.9,0.0,36.9,33.8,13.4,10.8,5.1
경기,41,구리시,41310,중,구리여자중학교,,경기도 구리시 토평동,UzA5MDAwMTU3OA==,,,80.8,0.0,51.6,21.9,4.7,6.3,15.6
경기,41,구리시,41310,중,인창중학교,,경기도 구리시 인창동 669~675,UzA5MDAwMTU5Mw==,,,79.5,0.0,40.1,21.7,10.9,10.9,16.4
경기,41,구리시,41310,중,토평중학교,,경기도 구리시 토평동,UzA5MDAwMTU5Ng==,,,78.8,0.0,36.1,24.1,14.6,12.0,13.3
경기,41,구리시,41310,중,구리중학교,,경기도 구리시 장자대로 89-1,UzA5MDAwMTU3Nw==,,,78.0,0.0,28.6,28.6,17.9,12.5,12.5
경기,41,구리시,41310,중,교문중학교,,경기도 구리시 교문동,UzA5MDAwMTU3Ng==,,,77.7,0.0,34.2,18.7,18.7,12.3,16.1
경기,41,구리시,41310,중,동구중학교,,경기도 구리시 동구릉로103번길 75,UzA5MDAwMTU4Mw==,,,76.1,0.0,25.4,25.9,18.8,11.2,18.8
경기,41,양평군,41830,중,강하중학교,,경기도 양평군 강하면 왕창리,UzA5MDAwMzE5OQ==,,,89.4,0.0,64.3,35.7,0.0,0.0,0.0
경기,41,양평군,41830,중,용문중학교,,경기도 양평군 용문면 마룡리,UzA5MDAwMzIxMA==,,,87.2,0.0,56.6,20.6,14.7,1.5,6.6
경기,41,양평군,41830,중,국수중학교,,경기도 양평군 양서면 국수리,UzA5MDAwMzIwMQ==,,,87.2,0.0,56.5,13.0,26.1,4.3,0.0
경기,41,양평군,41830,중,양수중학교,,경기도 양평군 양서면 용담리,UzA5MDAwMzIwMg==,,,85.5,0.0,57.9,24.6,3.5,5.3,8.8
경기,41,양평군,41830,중,지평중학교,,경기도 양평군 지평면 지평리,UzA5MDAwMzIxMQ==,,,85.3,0.0,65.0,5.0,5.0,10.0,15.0
경기,41,양평군,41830,중,양평중학교,,경기도 양평군 양평읍 공흥3리,UzA5MDAwMzIwOA==,,,84.3,0.0,42.9,29.2,15.7,8.0,4.2
경기,41,양평군,41830,중,양일중학교,,경기도 양평군 양평읍,UzA5MDAwMzIwNg==,,,83.8,0.0,48.8,22.9,11.9,5.5,10.9
경기,41,양평군,41830,중,단월중학교,,경기도 양평군 단월면 보룡길 83,UzA5MDAwMzIwMw==,,,83.3,0.0,36.4,30.3,24.2,3.0,6.1
경기,41,양평군,41830,중,개군중학교,,경기도 양평군 개군면 하자포리,UzA5MDAwMzIwMA==,,,81.3,0.0,41.0,20.5,12.8,15.4,10.3
경기,41,양평군,41830,중,서종중학교,,경기도 양평군 서종면 문호리,UzA5MDAwMzIwNA==,,,76.7,0.0,28.9,32.2,8.9,10.0,20.0
경기,41,양평군,41830,중,양동중학교,,경기도 양평군 양동면 쌍학리,UzA5MDAwMzIwNQ==,,,73.1,0.0,25.0,12.5,18.8,25.0,18.8
경기,41,양평군,41830,중,청운중학교,,경기도 양평군 청운면 용두리,UzA5MDAwMzIxMg==,,,67.3,0.0,33.3,0.0,26.7,6.7,33.3
경기,41,일산동구,41285,중,정발중학교,,경기도 고양시 일산동구 마두동,UzA5MDAwMDk2NQ==,,,86.4,0.0,61.0,18.7,7.2,7.2,5.9
경기,41,일산동구,41285,중,일산양일중학교,,경기도 고양시 일산동구 식사동,UzA5MDAwNjQ1MA==,,,84.4,0.0,52.2,18.2,14.3,4.7,10.5
경기,41,일산동구,41285,중,안곡중학교,,경기도 고양시 일산동구 중산동,UzA5MDAwNTYwOA==,,,82.9,0.0,45.3,20.9,17.8,7.4,8.5
경기,41,일산동구,41285,중,풍산중학교,,경기도 고양시 일산동구 풍동,UzA5MDAwNTM1OA==,,,82.3,0.0,42.4,19.7,19.7,11.4,6.8
경기,41,일산동구,41285,중,백신중학교,,경기도 고양시 일산동구 마두동,UzA5MDAwMDk1NA==,,,79.5,0.0,47.4,19.7,7.3,6.6,19.0
경기,41,일산동구,41285,중,백마중학교,,경기도 고양시 일산동구 마두동,UzA5MDAwMDk1Mg==,,,79.1,0.0,28.3,31.0,15.5,12.8,12.3
경기,41,일산동구,41285,중,저동중학교,,경기도 고양시 일산동구 정발산동,UzA5MDAwMDk2NA==,,,78.7,0.0,47.6,11.9,11.2,12.6,16.8
경기,41,일산동구,41285,중,백석중학교,,경기도 고양시 일산동구 호수로 404,UzA5MDAwMDk1Mw==,,,76.0,0.0,37.5,18.8,9.8,8.0,25.9
경기,41,일산동구,41285,중,중산중학교,,경기도 고양시 일산동구 중산동,UzA5MDAwMDk2Ng==,,,72.1,0.0,24.8,16.3,17.6,12.4,28.8
경기,41,일산동구,41285,중,풍동중학교,,경기도 고양시 일산동구 숲속마을1로 101,UzA5MDAwNTQxMA==,,,67.7,0.0,11.3,19.7,18.1,18.9,31.9
경기,41,일산서구,41287,중,발산중학교,,경기도 고양시 일산서구 주엽동,UzA5MDAwMDk1MQ==,,,84.6,0.0,48.8,24.4,15.4,4.1,7.3
경기,41,일산서구,41287,중,오마중학교,,경기도 고양시 일산서구 주엽동,UzA5MDAwMDk1OQ==,,,84.5,0.0,49.7,20.9,14.1,6.5,8.8
경기,41,일산서구,41287,중,신일중학교,,경기도 고양시 일산서구 일산3동,UzA5MDAwMDk1OA==,,,84.4,0.0,47.7,25.1,12.0,7.1,8.1
경기,41,일산서구,41287,중,덕이중학교,,경기도 고양시 일산서구 하이파크3로,UzA5MDAwNTg1Nw==,,,83.3,0.0,50.5,20.4,11.0,6.0,12.2
경기,41,일산서구,41287,중,한수중학교,,경기도 고양시 일산서구 주엽동,UzA5MDAwMDk2OQ==,,,81.0,0.0,39.6,24.3,15.4,10.0,10.7
경기,41,일산서구,41287,중,일산중학교,,경기도 고양시 일산서구 일산1동,UzA5MDAwMDk2Mg==,,,79.6,0.0,37.0,26.7,15.6,7.4,13.3
경기,41,일산서구,41287,중,대송중학교,,경기도 고양시 일산서구 송포로 49,UzA5MDAwNDg3MA==,,,79.4,0.0,41.8,24.1,9.2,10.6,14.2
경기,41,일산서구,41287,중,장성중학교,,경기도 고양시 일산서구 대화동,UzA5MDAwMDk2Mw==,,,77.1,0.0,39.7,23.3,11.2,7.8,18.1
경기,41,일산서구,41287,중,고양송산중학교,,경기도 고양시 일산서구 가좌동,UzA5MDAwNTM5MA==,,,76.2,0.0,36.0,21.0,8.6,11.8,22.6
경기,41,일산서구,41287,중,대화중학교,,경기도 고양시 일산서구 대화동,UzA5MDAwMDk0OA==,,,76.0,0.0,26.0,23.2,24.3,7.9,18.6
경기,41,일산서구,41287,중,호곡중학교,,경기도 고양시 일산서구,UzA5MDAwMDk3MQ==,,,75.9,0.0,34.5,17.2,14.7,16.0,17.6
경기,41,일산서구,41287,중,일산동중학교,,경기도 고양시 일산서구 탄현동,UzA5MDAwMDk2MQ==,,,71.4,0.0,28.1,18.6,13.8,9.5,30.0
경기,41,일산서구,41287,중,현산중학교,,경기도 고양시 일산서구 일산동,UzA5MDAwNDg3MQ==,,,70.1,0.0,21.1,24.6,14.0,9.6,30.7
경기,41,기흥구,41463,중,용인신촌중학교,,경기도 용인시 기흥구 보정동,UzA5MDAwNDk3Mg==,,,89.3,0.0,66.3,18.6,8.6,4.5,2.1
경기,41,기흥구,41463,중,상하중학교,,경기도 용인시 기흥구 상하동,UzA5MDAwNTg2MQ==,,,89.0,0.0,65.8,19.3,10.5,0.9,3.5
경기,41,기흥구,41463,중,소현중학교,,경기도 용인시 기흥구 만현로133번길 96,UzA5MDAwMzQ4MA==,,,84.2,0.0,44.0,24.7,18.5,6.6,6.2
경기,41,기흥구,41463,중,초당중학교,,경기도 용인시 기흥구 동백중앙로 119,UzA5MDAwNTMzOA==,,,82.2,0.0,38.4,30.9,14.4,8.0,8.3
경기,41,기흥구,41463,중,언동중학교,,경기도 용인시 기흥구 언남동,UzA5MDAwNDk3Ng==,,,80.2,0.0,39.7,24.4,14.1,9.0,12.8
경기,41,기흥구,41463,중,흥덕중학교,,경기도 용인시 기흥구 영덕동,UzA5MDAwNTc3NQ==,,,79.9,0.0,35.0,30.5,11.9,9.0,13.6
경기,41,기흥구,41463,중,청덕중학교,,경기도 용인시 기흥구 청덕동,UzA5MDAwNTYwOQ==,,,79.5,0.0,43.1,20.1,10.4,9.7,16.7
경기,41,기흥구,41463,중,서천중학교,,경기도 용인시 기흥구 서천동,UzA5MDAwNTg2Mw==,,,79.4,0.0,35.4,26.4,14.8,9.0,14.4
경기,41,기흥구,41463,중,구성중학교,,경기도 용인시 기흥구 마북동,UzA5MDAwMzQ2OA==,,,79.0,0.0,26.3,31.8,20.4,11.1,10.4
경기,41,기흥구,41463,중,상갈중학교,,경기도 용인시 기흥구 상갈동,UzA5MDAwMzQ3Ng==,,,78.4,0.0,30.0,26.4,15.7,16.4,11.4
경기,41,기흥구,41463,중,보라중학교,,경기도 용인시 기흥구 보라동,UzA5MDAwNTQ3OQ==,,,78.2,0.0,37.2,19.7,14.5,10.9,17.8
경기,41,기흥구,41463,중,용인신릉중학교,,경기도 용인시기흥구 신갈동,UzA5MDAwNDk3MQ==,,,77.9,0.0,26.0,27.7,20.0,13.2,13.2
경기,41,기흥구,41463,중,용인백현중학교,,경기도 용인시 기흥구 동백동,UzA5MDAwNTMzMQ==,,,77.2,0.0,21.3,32.9,20.0,14.2,11.7
경기,41,기흥구,41463,중,동백중학교,,경기도 용인시 기흥구 동백동,UzA5MDAwNTMyOQ==,,,76.6,0.0,30.9,26.7,14.5,9.7,18.2
경기,41,기흥구,41463,중,어정중학교,,경기도 용인시 기흥구 중동,UzA5MDAwNjc4NA==,,,76.0,0.0,32.3,24.1,13.4,7.8,22.4
경기,41,기흥구,41463,중,나곡중학교,,경기도 용인시 기흥구 보라동,UzA5MDAwMzQ3MA==,,,75.7,0.0,34.4,16.3,14.0,14.0,21.4
경기,41,기흥구,41463,중,구갈중학교,,경기도 용인시 기흥구 신갈동,UzA5MDAwMzQ2Nw==,,,74.9,0.0,25.8,22.7,14.1,16.8,20.7
경기,41,기흥구,41463,중,성지중학교,,경기도 용인시 기흥구 구갈동,UzA5MDAwNDk3NQ==,,,73.5,0.0,25.1,23.7,14.0,17.2,20.1
경기,41,기흥구,41463,중,신갈중학교,,경기도 용인시 기흥구 용구대로2152번길 23,UzA5MDAwMzQ4Mw==,,,66.0,0.0,14.5,13.3,13.3,26.5,32.5
경기,41,병점구,41595,중,기산중학교,,경기도 화성시 기산동,UzA5MDAwNTQ3MA==,,,85.5,0.0,43.8,33.5,11.9,8.1,2.7
경기,41,병점구,41595,중,안용중학교,,경기도 화성시 송산동,UzA5MDAwNDI3MQ==,,,80.9,0.0,41.9,23.1,15.1,7.5,12.4
경기,41,병점구,41595,중,청연중학교,,경기도 화성시 비봉면 새비봉남로 14,UzA5MDAwNzkyMQ==,,,80.7,0.0,40.7,11.1,25.9,7.4,14.8
경기,41,병점구,41595,중,비봉중학교,,경기도 화성시 비봉면 양노로109번길 5,UzA5MDAwNDI2Ng==,,,78.9,0.0,29.1,27.3,23.6,7.3,12.7
경기,41,병점구,41595,중,능동중학교,,경기 화성시 동탄원천로 289-17,UzA5MDAwNTY1NA==,,,78.3,0.0,28.3,31.5,14.3,10.8,15.1
경기,41,병점구,41595,중,기안중학교,,경기도 화성시 기안동,UzA5MDAwNTE3NQ==,,,76.5,0.0,23.5,28.3,20.6,11.3,16.2
경기,41,파주시,41480,중,한빛중학교,,경기도 파주시 야당동,UzA5MDAwNTY5MQ==,,,84.6,0.0,45.3,27.5,13.9,5.3,8.0
경기,41,파주시,41480,중,법원여자중학교,,경기도 파주시 법원읍 가야리,UzA5MDAwMzg2Ng==,,,84.4,0.0,45.0,25.0,10.0,10.0,10.0
경기,41,파주시,41480,중,두일중학교,,경기 파주시 교하읍 동패리,UzA5MDAwNTM5Ng==,,,84.0,0.0,49.5,19.9,15.6,8.1,7.0
경기,41,파주시,41480,중,동패중학교,,경기도 파주시 동패동,UzA5MDAwNjQyNA==,,,83.2,0.0,43.1,29.3,13.5,5.0,9.1
경기,41,파주시,41480,중,심학중학교,,경기도 파주시 양지로 75,UzA5MDAwNzU3Nw==,,,82.5,0.0,44.1,22.6,13.4,9.1,10.8
경기,41,파주시,41480,중,지산중학교,,경기도 파주시 교하읍 와동1리,UzA5MDAwMzg3MQ==,,,82.0,0.0,45.2,20.7,15.0,7.8,11.2
경기,41,파주시,41480,중,문산동중학교,,경기도 파주시 문산읍 문산1리,UzA5MDAwMzg2Mg==,,,81.8,0.0,40.0,28.3,10.0,8.3,13.3
경기,41,파주시,41480,중,산들중학교,,경기도 파주시 교하읍 목동리,UzA5MDAwNjE1OQ==,,,81.0,0.0,38.2,28.2,14.7,7.5,11.5
경기,41,파주시,41480,중,금릉중학교,,경기도 파주시 후곡로 66,UzA5MDAwNDk4Mg==,,,80.5,0.0,35.0,28.9,17.1,8.5,10.6
경기,41,파주시,41480,중,교하중학교,,경기도 파주시 책향기로 194,UzA5MDAwMzg2MQ==,,,80.3,0.0,39.9,23.1,14.0,9.1,14.0
경기,41,파주시,41480,중,해솔중학교,,경기도 파주시 목동동,UzA5MDAwNjQ1Nw==,,,80.2,0.0,38.5,26.0,13.9,7.7,13.9
경기,41,파주시,41480,중,한가람중학교,,경기도 파주시 와동동,UzA5MDAwNTg3Nw==,,,79.7,0.0,38.1,24.1,11.6,10.2,16.0
경기,41,파주시,41480,중,문산중학교,,경기도 파주시 평화로 190,UzA5MDAwMzg2NQ==,,,79.4,0.0,31.8,29.8,14.9,11.4,12.2
경기,41,파주시,41480,중,산내중학교,,경기도 파주시 목동동,UzA5MDAwNjE1OA==,,,79.3,0.0,31.6,27.6,17.8,12.4,10.6
경기,41,파주시,41480,중,문산수억중학교,,경기도 파주시 파주읍 봉서리,UzA5MDAwMzg2NA==,,,78.9,0.0,30.4,22.3,20.9,14.2,12.2
경기,41,파주시,41480,중,문산북중학교,,경기도 파주시 문산읍 당동리,UzA5MDAwMzg2Mw==,,,78.6,0.0,31.4,29.8,17.4,6.6,14.9
경기,41,파주시,41480,중,다율중학교,,경기도 파주시 다율로 28,UzA5MDAwNzkwNA==,,,78.4,0.0,35.7,22.5,17.8,8.1,15.9
경기,41,파주시,41480,중,금촌중학교,,경기 파주시 금능동,UzA5MDAwNTM5MQ==,,,77.2,0.0,36.5,17.7,15.6,10.4,19.8
경기,41,파주시,41480,중,선유중학교,,경기도 파주시 문산읍 선유리,UzA5MDAwNTg2NQ==,,,76.2,0.0,33.2,19.3,17.3,10.4,19.8
경기,41,파주시,41480,중,광탄중학교,,경기도 파주시 광탄면 신산리 181~219,UzA5MDAwMzg2MA==,,,76.0,0.0,18.1,27.8,23.6,18.1,12.5
경기,41,파주시,41480,중,탄현중학교,,경기도 파주시 탄현면 축현리,UzA5MDAwMzg3NQ==,,,75.9,0.0,17.5,30.0,22.5,13.8,16.3
경기,41,파주시,41480,중,운정중학교,,경기도 파주시 교하읍 야당리,UzA5MDAwNjE2MA==,,,75.1,0.0,32.4,20.9,14.0,12.9,19.8
경기,41,파주시,41480,중,봉일천중학교,,경기도 파주시 조리읍 봉일천리,UzA5MDAwMzg2Nw==,,,74.3,0.0,19.3,26.5,21.5,12.1,20.6
경기,41,파주시,41480,중,파평중학교,,경기도 파주시 파평면 금파리,UzA5MDAwMzg3NA==,,,71.9,0.0,28.6,14.3,14.3,14.3,28.6
경기,41,파주시,41480,중,삼광중학교,,경기도 파주시 적성면 청송로 701,UzA5MDAwMzg2OA==,,,71.8,0.0,20.0,23.3,26.7,10.0,20.0
경기,41,파주시,41480,중,어유중학교,,경기도 파주시 적성면 어유지리,UzA5MDAwMzg2OQ==,,,70.4,0.0,25.0,0.0,12.5,37.5,25.0
경기,41,파주시,41480,중,율곡중학교,,경기도 파주시 법원읍 법원2리,UzA5MDAwMzg3MA==,,,70.3,0.0,14.8,29.6,14.8,7.4,33.3
경기,41,파주시,41480,중,파주중학교,,경기도 파주시 파주읍 연풍1리,UzA5MDAwMzg3Mw==,,,70.0,0.0,6.8,27.3,18.2,29.5,18.2
경기,41,파주시,41480,중,파주광일중학교,,경기도 파주시 월롱면,UzA5MDAwMzg3Mg==,,,68.9,0.0,14.1,23.4,20.3,10.9,31.3
경기,41,김포시,41570,중,금파중학교,,경기도 김포시 북변동,UzA5MDAwMTQ4OQ==,,,89.5,0.0,65.6,20.9,8.6,1.7,3.2
경기,41,김포시,41570,중,고촌중학교,,경기도 김포시 고촌읍 신곡리,UzA5MDAwMTQ4Nw==,,,86.4,0.0,53.6,24.0,11.6,7.3,3.4
경기,41,김포시,41570,중,김포한가람중학교,,경기도 김포시 구래동,UzA5MDAwNjc4Mw==,,,84.4,0.0,51.5,22.6,9.9,7.5,8.4
경기,41,김포시,41570,중,하성중학교,,경기도 김포시 하성면 애기봉로806번길 30,UzA5MDAwMTQ5Nw==,,,83.2,0.0,36.4,36.4,15.9,4.5,6.8
경기,41,김포시,41570,중,양도중학교,,경기도 김포시 풍무동,UzA5MDAwNjQ0Mg==,,,82.2,0.0,36.0,34.7,12.8,7.0,9.5
경기,41,김포시,41570,중,하늘빛중학교,,경기도 김포시 운양동 1~899,UzA5MDAwNjA0NQ==,,,81.9,0.0,40.2,23.9,17.1,8.8,10.0
경기,41,김포시,41570,중,운양중학교,,경기도 김포시 장기동,UzA5MDAwNTkxMQ==,,,80.9,0.0,33.7,26.8,21.9,8.9,8.7
경기,41,김포시,41570,중,김포신곡중학교,,경기도 김포시 고촌읍 수기로 54-20,UzA5MDAwNTY4MQ==,,,80.9,0.0,33.8,30.7,17.4,9.6,8.5
경기,41,김포시,41570,중,김포여자중학교,,경기도 김포시 사우동,UzA5MDAwMTQ4OA==,,,80.5,0.0,36.6,25.7,17.8,8.9,10.9
경기,41,김포시,41570,중,김포중학교,,경기도 김포시 봉화로 83,UzA5MDAwMTQ5MA==,,,80.3,0.0,36.6,21.5,17.2,12.9,11.8
경기,41,김포시,41570,중,고창중학교,,경기도 김포시 장기동,UzA5MDAwNTYxMQ==,,,80.0,0.0,30.5,29.9,20.4,6.6,12.6
경기,41,김포시,41570,중,향산중학교,,경기도 김포시 고촌읍 상미1로 26,UzA5MDAwNzYxMw==,,,79.8,0.0,41.0,25.9,11.5,5.8,15.8
경기,41,김포시,41570,중,은여울중학교,,경기도 김포시 김포한강8로 173-48,UzA5MDAwNjc3OQ==,,,78.0,0.0,33.2,24.4,16.4,10.5,15.5
경기,41,김포시,41570,중,신양중학교,,경기도 김포시 양촌읍 양곡4로 243,UzA5MDAwNTc0Ng==,,,77.3,0.0,38.0,19.0,15.0,8.0,20.0
경기,41,김포시,41570,중,감정중학교,,경기도 김포시 감정동,UzA5MDAwNTM4OQ==,,,77.0,0.0,30.1,23.4,14.6,14.9,17.1
경기,41,김포시,41570,중,풍무중학교,,경기도 김포시 풍무동,UzA5MDAwMTQ5Ng==,,,76.6,0.0,30.4,22.3,18.8,10.2,18.3
경기,41,김포시,41570,중,푸른솔중학교,,경기도 김포시 김포한강2로 328,UzA5MDAwNTg4NA==,,,76.1,0.0,28.5,23.7,15.1,12.8,19.9
경기,41,김포시,41570,중,마송중학교,,경기도 김포시 통진읍 마송리,UzA5MDAwNTc1Mg==,,,75.4,0.0,33.9,24.1,9.8,8.0,24.1
경기,41,김포시,41570,중,양곡중학교,,경기도 김포시 양촌읍,UzA5MDAwMTQ5Mw==,,,73.0,0.0,25.6,15.8,14.3,20.3,24.1
경기,41,김포시,41570,중,대곶중학교,,경기도 김포시 대곶면 율생리,UzA5MDAwMTQ5MQ==,,,72.6,0.0,37.5,14.6,6.3,12.5,29.2
경기,41,김포시,41570,중,나래중학교,,경기도 김포시 김포한강9로 19,UzA5MDAwNzU4MA==,,,72.5,0.0,24.5,19.2,17.3,13.9,25.1
경기,41,김포시,41570,중,모담중학교,,경기도 김포시 운양로 158,UzA5MDAwNzYyNw==,,,72.4,0.0,30.3,21.2,9.1,9.1,30.3
경기,41,김포시,41570,중,분진중학교,,경기도 김포시 월곶면 군하리,UzA5MDAwMTQ5Mg==,,,71.1,0.0,21.1,21.1,21.1,15.8,21.1
경기,41,김포시,41570,중,통진중학교,,경기도 김포시 통진읍 마송리,UzA5MDAwMTQ5NQ==,,,71.1,0.0,26.8,19.0,10.7,15.5,28.0
경기,41,김포시,41570,중,장기중학교,,경기도 김포시 청송로 5,UzA5MDAwMTQ5NA==,,,66.7,0.0,12.8,19.0,18.7,14.2,35.3
경기,41,덕양구,41281,중,지도중학교,,경기도 고양시 덕양구 화정2동,UzA5MDAwMDk2Nw==,,,85.5,0.0,52.5,19.9,17.0,6.4,4.3
경기,41,덕양구,41281,중,무원중학교,,경기도 고양시 덕양구 행신동,UzA5MDAwMDk1MA==,,,83.9,0.0,50.0,26.6,7.8,5.8,9.7
경기,41,덕양구,41281,중,신원중학교,,경기도 고양시 덕양구 신원2로,UzA5MDAwNjc4MA==,,,82.3,0.0,47.4,21.8,11.6,7.3,11.9
경기,41,덕양구,41281,중,행신중학교,,경기도 고양시 덕양구 행신동,UzA5MDAwMDk3MA==,,,82.2,0.0,37.1,28.8,15.9,9.8,8.3
경기,41,덕양구,41281,중,성사중학교,,경기도 고양시 덕양구 호국로 887,UzA5MDAwNTcwNw==,,,82.0,0.0,38.7,26.1,16.9,8.5,9.9
경기,41,덕양구,41281,중,원당중학교,,경기도 고양시 덕양구 주교동,UzA5MDAwMDk2MA==,,,81.4,0.0,34.5,25.5,16.4,20.0,3.6
경기,41,덕양구,41281,중,덕양중학교,,경기도 고양시 덕양구 화전동,UzA5MDAwMDk0OQ==,,,81.4,0.0,32.8,31.0,20.7,6.9,8.6
경기,41,덕양구,41281,중,원흥중학교,,경기도 고양시 덕양구 원흥동 622,UzA5MDAwNjA4OQ==,,,81.0,0.0,34.8,26.1,19.6,10.9,8.7
경기,41,덕양구,41281,중,능곡중학교,,경기도 고양시 덕양구 토당동 301~400,UzA5MDAwMDk0Nw==,,,79.6,0.0,27.8,24.1,29.3,8.3,10.5
경기,41,덕양구,41281,중,지축중학교,,경기도 고양시 덕양구 오부자2길 14,UzA5MDAwNzQ0MA==,,,79.5,0.0,43.3,17.6,12.7,10.1,16.3
경기,41,덕양구,41281,중,향동중학교,,경기도 고양시 덕양구 향동1로 38,UzA5MDAwNzM3Ng==,,,78.8,0.0,32.5,24.6,15.4,13.6,14.0
경기,41,덕양구,41281,중,덕은한강중학교,,경기도 고양시 덕양구 대덕산로 111,UzA5MDAwNzYyNg==,,,78.7,0.0,24.2,36.6,19.6,5.9,13.7
경기,41,덕양구,41281,중,화정중학교,,경기도 고양시 덕양구 화정동,UzA5MDAwMDk3Mw==,,,78.6,0.0,35.1,26.1,12.6,10.8,15.3
경기,41,덕양구,41281,중,신능중학교,,경기도 고양시 덕양구 충장로,UzA5MDAwMDk1Nw==,,,78.6,0.0,36.7,24.1,8.9,13.9,16.5
경기,41,덕양구,41281,중,백양중학교,,경기도 고양시 덕양구 화신로 236,UzA5MDAwMDk1NQ==,,,78.6,0.0,29.1,31.5,19.7,5.5,14.2
경기,41,덕양구,41281,중,목암중학교,,경기도 고양시 덕양구 고양동,UzA5MDAwNTAzNQ==,,,77.8,0.0,36.4,21.2,15.6,9.1,17.7
경기,41,덕양구,41281,중,도래울중학교,,경기도 고양시 덕양구 도래울로 57,UzA5MDAwNjk1Mw==,,,77.7,0.0,33.1,21.5,17.0,12.8,15.6
경기,41,덕양구,41281,중,고양제일중학교,,경기도 고양시 덕양구 관산동 301~349,UzA5MDAwMDk1Ng==,,,76.7,0.0,30.7,24.5,13.8,13.8,17.2
경기,41,덕양구,41281,중,화수중학교,,경기도 고양시 덕양구 화정동,UzA5MDAwMDk3Mg==,,,76.6,0.0,28.5,22.5,20.9,14.6,13.4
경기,41,덕양구,41281,중,가람중학교,,경기도 고양시 덕양구 화신로 122,UzA5MDAwMDk0NA==,,,75.9,0.0,23.3,27.6,15.5,13.8,19.8
경기,41,덕양구,41281,중,고양중학교,,경기도 고양시 덕양구 동세로 82,UzA5MDAwMDk0Ng==,,,75.8,0.0,24.1,24.8,20.5,12.9,17.6
경기,41,덕양구,41281,중,서정중학교,,경기도 고양시 덕양구 행신동,UzA5MDAwNTM2MA==,,,70.5,0.0,23.0,16.8,18.6,14.2,27.4
경기,41,남양주시,41360,중,화접중학교,,경기도 남양주시 별내동 2353-3,UzA5MDAwNTc4Mw==,,,84.3,0.0,46.3,27.3,12.8,5.7,7.9
경기,41,남양주시,41360,중,동화중학교,,경기도 남양주시 경춘로 434,UzA5MDAwMTU4NA==,,,83.3,0.0,47.6,22.5,12.8,7.5,9.6
경기,41,남양주시,41360,중,예봉중학교,,경기도 남양주시 와부읍 덕소리,UzA5MDAwNTY4Mw==,,,82.2,0.0,34.7,30.6,19.2,9.1,6.4
경기,41,남양주시,41360,중,평내중학교,,경기 남양주시 평내동,UzA5MDAwNTE2Mg==,,,81.8,0.0,38.8,26.2,18.0,6.0,10.9
경기,41,남양주시,41360,중,도농중학교,,경기도 남양주시 미금로 234,UzA5MDAwMTU4Mg==,,,81.7,0.0,41.8,27.1,13.3,7.6,10.2
경기,41,남양주시,41360,중,판곡중학교,,경기도 남양주시 호평동,UzA5MDAwNTM1Ng==,,,81.4,0.0,37.4,27.3,16.8,9.1,9.4
경기,41,남양주시,41360,중,호평중학교,,경기도 남양주시 호평동,UzA5MDAwMTU5OA==,,,80.9,0.0,31.3,30.6,20.8,8.8,8.5
경기,41,남양주시,41360,중,장내중학교,,경기도 남양주시 평내동,UzA5MDAwNTAzNA==,,,80.7,0.0,35.1,26.1,22.9,6.5,9.4
경기,41,남양주시,41360,중,진건중학교,,경기도 남양주시 진건읍 사능리,UzA5MDAwMTU5NQ==,,,80.6,0.0,41.8,19.7,14.8,8.2,15.6
경기,41,남양주시,41360,중,와부중학교,,경기도 남양주시 와부읍 덕소리,UzA5MDAwMTU5MQ==,,,80.4,0.0,37.8,26.7,13.3,10.7,11.6
경기,41,남양주시,41360,중,하랑중학교,,경기도 남양주시 백봉로 92,UzA5MDAwNzY1NA==,,,80.4,0.0,30.7,28.0,21.3,10.7,9.3
경기,41,남양주시,41360,중,다산한강중학교,,경기도 남양주시 다산지금로145번길 20,UzA5MDAwNzMxOQ==,,,80.4,0.0,34.7,29.2,15.7,8.8,11.7
경기,41,남양주시,41360,중,별내중학교,,경기도 남양주시 별내면,UzA5MDAwMTU4Nw==,,,80.3,0.0,41.5,19.7,12.7,12.7,13.4
경기,41,남양주시,41360,중,마석중학교,,경기도 남양주시 화도읍 창현리,UzA5MDAwMTU4NQ==,,,80.0,0.0,38.4,27.4,12.1,6.2,15.8
경기,41,남양주시,41360,중,덕소중학교,,경기도 남양주시 와부읍 도곡리,UzA5MDAwMTU4MQ==,,,79.4,0.0,39.8,20.5,15.1,6.0,18.7
경기,41,남양주시,41360,중,풍양중학교,,경기도 남양주시 진접읍 금곡리,UzA5MDAwNTcwOQ==,,,79.3,0.0,41.1,20.5,12.4,10.3,15.8
경기,41,남양주시,41360,중,수동중학교,,경기도 남양주시 수동면 입석3리,UzA5MDAwMTU4OA==,,,79.2,0.0,34.1,31.8,11.4,9.1,13.6
경기,41,남양주시,41360,중,남양주다산중학교,,경기도 남양주시 다산중앙로172번길 50,UzA5MDAwNzIzOA==,,,79.0,0.0,39.1,22.7,10.5,12.2,15.4
경기,41,남양주시,41360,중,별가람중학교,,경기도 남양주시 별내3로,UzA5MDAwNTc3OQ==,,,78.8,0.0,34.9,23.6,16.3,10.1,15.1
경기,41,남양주시,41360,중,광릉중학교,,경기도 남양주시 진접읍 진벌리,UzA5MDAwNTY3OQ==,,,78.7,0.0,23.9,31.0,19.7,12.7,12.7
경기,41,남양주시,41360,중,퇴계원중학교,,경기도 남양주시 퇴계원면,UzA5MDAwMTU5Nw==,,,78.6,0.0,35.2,30.0,7.1,10.0,17.6
경기,41,남양주시,41360,중,오남중학교,,경기도 남양주시 오남읍 양지2리,UzA5MDAwMTU5MA==,,,78.1,0.0,33.6,22.4,13.8,12.1,18.1
경기,41,남양주시,41360,중,광동중학교,,경기도 남양주시 진접읍 장현로광동1길 10,UzA5MDAwMTU3NQ==,,,77.7,0.0,26.4,26.4,19.7,14.0,13.5
경기,41,남양주시,41360,중,송라중학교,,경기도 남양주시 화도읍 마석로45번길 31,UzA5MDAwNTAzMw==,,,77.2,0.0,35.4,22.3,13.7,7.2,21.3
경기,41,남양주시,41360,중,화광중학교,,경기도 남양주시 화도읍 경춘로 2226,UzA5MDAwMTU5OQ==,,,77.1,0.0,14.5,35.1,29.0,13.0,8.4
경기,41,남양주시,41360,중,다산새봄중학교,,경기도 남양주시 다산순환로 435,UzA5MDAwNzUxOA==,,,76.9,0.0,28.8,26.0,14.8,14.5,15.9
경기,41,남양주시,41360,중,금곡중학교,,경기도 남양주시 금곡동,UzA5MDAwMTU3OQ==,,,76.7,0.0,38.5,16.9,18.5,3.1,23.1
경기,41,남양주시,41360,중,양오중학교,,경기도 남양주시 오남읍 양지리,UzA5MDAwNTM1Mg==,,,75.8,0.0,26.2,22.4,20.2,13.7,17.5
경기,41,남양주시,41360,중,미금중학교,,경기도 남양주시 지금동 198~700,UzA5MDAwMTU4Ng==,,,75.6,0.0,26.9,25.0,17.6,7.4,23.1
경기,41,남양주시,41360,중,한별중학교,,경기도 남양주시 별내동,UzA5MDAwNjk2Ng==,,,75.6,0.0,27.2,26.4,14.0,12.3,20.0
경기,41,남양주시,41360,중,심석중학교,,경기도 남양주시 화도읍 마석우리,UzA5MDAwMTU4OQ==,,,75.2,0.0,30.2,18.2,16.7,11.6,23.3
경기,41,남양주시,41360,중,주곡중학교,,경기도 남양주시 진접읍 금곡리,UzA5MDAwNjQ1MQ==,,,74.5,0.0,29.7,21.1,16.2,11.4,21.6
경기,41,남양주시,41360,중,가운중학교,,경기도 남양주시 가운로2길 74,UzA5MDAwNTcwNA==,,,72.6,0.0,22.5,26.8,14.1,19.7,16.9
경기,41,남양주시,41360,중,천마중학교,,경기도 남양주시 화도읍 먹갓로28번길 12,UzA5MDAwNjgwMA==,,,72.4,0.0,23.0,25.5,16.8,9.3,25.5
경기,41,남양주시,41360,중,어람중학교,,경기도 남양주시 오남읍 오남리,UzA5MDAwNTQ3NQ==,,,70.7,0.0,15.9,21.0,18.2,20.1,24.8
경기,41,남양주시,41360,중,연세중학교,,경기도 남양주시 조안면 북한강로 545,UzA5MDAwMTU5Mg==,,,70.5,0.0,4.5,18.2,40.9,22.7,13.6
경기,41,남양주시,41360,중,진접중학교,,경기도 남양주시 진접읍 장현3리,UzA5MDAwNDg2OQ==,,,70.4,0.0,13.0,23.8,20.2,18.8,24.2
경기,41,수정구,41131,중,위례중앙중학교,,경기도 성남시 수정구 창곡동,UzA5MDAwNjEwNQ==,,,83.7,0.0,54.2,14.6,12.5,8.3,10.4
경기,41,수정구,41131,중,위례한빛중학교,,경기도 성남시 수정구 창곡동,UzA5MDAwNjEwNg==,,,83.4,0.0,49.4,18.9,14.3,8.6,8.9
경기,41,수정구,41131,중,성남문원중학교,,경기도 성남시 수정구 단대동,UzA5MDAwMjE4Ng==,,,81.3,0.0,33.3,35.0,20.0,1.7,10.0
경기,41,수정구,41131,중,태평중학교,,경기도 성남시 수정구 태평동,UzA5MDAwMjIwNg==,,,79.1,0.0,38.0,21.9,12.8,10.2,17.1
경기,41,수정구,41131,중,성남여자중학교,,경기도 성남시 수정구 신흥2동,UzA5MDAwMjE4OA==,,,79.1,0.0,41.2,21.1,14.9,4.4,18.4
경기,41,수정구,41131,중,수진중학교,,경기도 성남시 수정구 수진동,UzA5MDAwNTYyMw==,,,77.1,0.0,43.3,16.7,16.7,6.7,16.7
경기,41,수정구,41131,중,창성중학교,,경기도 성남시 수정구 수정로 400,UzA5MDAwNzI1NA==,,,76.8,0.0,30.9,25.9,16.0,11.1,16.0
경기,41,수정구,41131,중,성남서중학교,,경기도 성남시 수정구 단대동,UzA5MDAwMjE4Nw==,,,74.1,0.0,30.1,18.6,13.7,14.2,23.5
경기,41,수정구,41131,중,상원여자중학교,,경기도 성남시 수정구 단대동 57,UzA5MDAwMjE4Mw==,,,72.9,0.0,17.2,36.2,15.5,10.3,20.7
경기,41,수정구,41131,중,풍생중학교,,경기도 성남시 수정구 수진2동,UzA5MDAwMjIwNw==,,,67.6,0.0,12.7,16.7,19.8,15.9,34.9
경기,41,오산시,41370,중,세마중학교,,경기도 오산시 세교동,UzA5MDAwNTc2MA==,,,82.8,0.0,45.3,28.3,9.0,7.5,9.9
경기,41,오산시,41370,중,운천중학교,,경기도 오산시 오산동,UzA5MDAwNDI3Ng==,,,82.7,0.0,50.2,19.1,10.6,8.2,11.9
경기,41,오산시,41370,중,문시중학교,,경기도 오산시 금암동,UzA5MDAwNTgzMg==,,,81.5,0.0,39.2,26.9,13.5,8.7,11.7
경기,41,오산시,41370,중,매홀중학교,,경기도 오산시 내삼미로48번길 17,UzA5MDAwNDI3Mw==,,,80.3,0.0,42.0,22.2,12.0,7.8,16.1
경기,41,오산시,41370,중,운암중학교,,경기도 오산시 원동,UzA5MDAwNDI3NQ==,,,78.7,0.0,29.3,26.3,19.6,15.9,8.9
경기,41,오산시,41370,중,오산중학교,,경기도 오산시 청학동,UzA5MDAwNDI3NA==,,,78.1,0.0,22.2,28.5,27.6,10.0,11.7
경기,41,오산시,41370,중,대호중학교,,경기도 오산시 궐리사로29번길 19,UzA5MDAwNTAyMQ==,,,77.4,0.0,29.0,24.9,18.4,12.9,14.7
경기,41,오산시,41370,중,가수중학교,,경기도 오산시 가수1로 10,UzA5MDAwNzg2Ng==,,,75.5,0.0,24.1,25.9,18.5,7.4,24.1
경기,41,오산시,41370,중,오산원일중학교,,경기도 오산시 원동,UzA5MDAwNTQ2Mg==,,,75.3,0.0,28.0,21.5,17.7,12.1,20.6
경기,41,오산시,41370,중,성호중학교,,경기도 오산시 원동,UzA5MDAwNDI2OQ==,,,73.7,0.0,19.1,22.6,19.6,19.6,19.1
경기,41,만세구,41591,중,화담중학교,,경기도 화성시 봉담읍 상리1길 166,UzA5MDAwNzg3OQ==,,,81.0,0.0,35.0,28.5,17.9,7.3,11.4
경기,41,만세구,41591,중,와우중학교,,경기도 화성시 봉담읍 동화리,UzA5MDAwNTY1Nw==,,,80.0,0.0,30.6,30.6,20.0,8.8,10.0
경기,41,만세구,41591,중,화성동화중학교,,경기도 화성시 봉담읍,UzA5MDAwNTU4Nw==,,,79.2,0.0,37.3,20.6,17.5,12.7,11.9
경기,41,만세구,41591,중,화성중학교,,경기도 화성시 향남읍 장짐리,UzA5MDAwNDI4MQ==,,,78.9,0.0,43.2,20.7,14.8,5.3,16.0
경기,41,만세구,41591,중,하길중학교,,경기도 화성시 향남읍 하길리,UzA5MDAwNjE1NQ==,,,78.6,0.0,31.5,26.3,19.3,9.3,13.8
경기,41,만세구,41591,중,발안중학교,,경기도 화성시 향남읍 평리,UzA5MDAwNDI2Mw==,,,75.9,0.0,28.0,29.9,14.6,7.6,19.7
경기,41,만세구,41591,중,봉담중학교,,경기도 화성시 봉담읍 상리,UzA5MDAwNDI2NQ==,,,75.5,0.0,27.0,25.9,16.0,11.0,20.2
경기,41,만세구,41591,중,수현중학교,,경기도 화성시 봉담읍 상리3길 136,UzA5MDAwNzM5NQ==,,,75.3,0.0,20.5,23.2,27.7,11.4,17.3
경기,41,만세구,41591,중,향남중학교,,경기도 화성시 향남읍,UzA5MDAwNTY2Mg==,,,74.4,0.0,23.7,19.5,22.8,13.6,20.4
경기,41,만세구,41591,중,화성상신중학교,,경기도 화성시 향남읍 손개길 8,UzA5MDAwNzg3OA==,,,73.1,0.0,16.0,24.0,32.0,8.0,20.0
경기,41,원미구,41192,중,상일중학교,,경기도 부천시 원미구 상2동,UzA5MDAwMTg5OA==,,,82.8,0.0,51.4,20.4,9.0,7.8,11.4
경기,41,원미구,41192,중,부천중학교,,경기도 부천시 원미구 중동,UzA5MDAwMTg5NA==,,,79.1,0.0,35.8,22.8,17.2,8.2,16.0
경기,41,원미구,41192,중,석천중학교,,경기도 부천시 원미구 상동,UzA5MDAwMTg5OQ==,,,79.0,0.0,31.9,26.5,20.1,8.8,12.7
경기,41,원미구,41192,중,계남중학교,,경기도 부천시 원미구 중2동,UzA5MDAwMTg3Mw==,,,78.9,0.0,41.7,19.0,11.9,10.7,16.7
경기,41,원미구,41192,중,부명중학교,,경기도 부천시 조마루로 182,UzA5MDAwMTg4Mg==,,,78.7,0.0,43.8,14.4,14.4,9.3,18.0
경기,41,원미구,41192,중,중흥중학교,,경기도 부천시 원미구 중동,UzA5MDAwMTkxMg==,,,77.3,0.0,35.7,23.3,10.8,8.8,21.3
경기,41,원미구,41192,중,심원중학교,,경기도 부천시 원미구 중2동 1087~1100,UzA5MDAwMTkwNQ==,,,76.4,0.0,27.5,24.9,16.6,13.5,17.6
경기,41,원미구,41192,중,상도중학교,,경기도 부천시 원미구 상동,UzA5MDAwMTg5Ng==,,,76.0,0.0,30.9,22.8,9.4,17.4,19.5
경기,41,원미구,41192,중,중원중학교,,경기도 부천시 원미구 중4동,UzA5MDAwMTkxMQ==,,,75.7,0.0,29.8,21.6,16.4,11.7,20.5
경기,41,원미구,41192,중,도당중학교,,경기도 부천시 평천로849번길 58,UzA5MDAwNzMxMQ==,,,75.6,0.0,33.2,19.6,15.8,9.8,21.7
경기,41,원미구,41192,중,부천부곡중학교,,경기도 부천시 원미구 중동,UzA5MDAwMTg4OA==,,,75.6,0.0,24.5,25.9,20.9,11.5,17.3
경기,41,원미구,41192,중,소명여자중학교,,경기도 부천시 원미구 소사동,UzA5MDAwMTkwMg==,,,75.6,0.0,24.1,28.6,14.3,15.2,17.9
경기,41,원미구,41192,중,부인중학교,,경기도 부천시 원미구 상1동,UzA5MDAwMTg4Mw==,,,73.2,0.0,21.2,26.5,14.4,15.2,22.7
경기,41,원미구,41192,중,역곡중학교,,경기도 부천시 원미구 역곡1동,UzA5MDAwMTkwNg==,,,72.3,0.0,24.3,20.4,17.8,13.0,24.3
경기,41,원미구,41192,중,상동중학교,,경기도 부천시 원미구 상동,UzA5MDAwMTg5Nw==,,,72.3,0.0,18.1,20.0,25.7,15.2,21.0
경기,41,원미구,41192,중,부천부흥중학교,,경기도 부천시 원미구 중3동 1040~1086,UzA5MDAwMTg4OQ==,,,71.3,0.0,23.3,24.0,14.0,14.0,24.8
경기,41,원미구,41192,중,원미중학교,,경기도 부천시 원미구 원미동,UzA5MDAwNTYwNQ==,,,69.7,0.0,19.6,18.7,16.8,15.0,29.9
경기,41,광주시,41610,중,경화여자중학교,,경기도 광주시 송정동,UzA5MDAwMTI2OA==,,,85.8,0.0,49.8,25.9,15.4,4.2,4.6
경기,41,광주시,41610,중,태전중학교,,경기도 광주시 태성로 110,UzA5MDAwNzQwNg==,,,84.7,0.0,47.3,24.6,17.0,5.7,5.4
경기,41,광주시,41610,중,광수중학교,,경기도 광주시 퇴촌면 도수리,UzA5MDAwMTI2OQ==,,,82.0,0.0,39.0,26.8,17.9,8.1,8.1
경기,41,광주시,41610,중,초월중학교,,경기도 광주시 초월읍 쌍동리,UzA5MDAwNTg4OQ==,,,81.5,0.0,39.0,24.5,16.1,12.0,8.4
경기,41,광주시,41610,중,광주광남중학교,,경기도 광주시 태전동,UzA5MDAwNTM0Mg==,,,79.5,0.0,32.2,27.9,17.8,9.8,12.3
경기,41,광주시,41610,중,곤지암중학교,,경기도 광주시 곤지암읍 곤지암리,UzA5MDAwMTI3MQ==,,,79.2,0.0,45.6,15.8,8.2,10.1,20.3
경기,41,광주시,41610,중,경안중학교,,경기도 광주시 장지동,UzA5MDAwMTI2Nw==,,,78.6,0.0,37.7,21.6,15.0,8.6,17.2
경기,41,광주시,41610,중,신현중학교,,경기도 광주시 오포읍 신현리,UzA5MDAwNTg3Ng==,,,78.4,0.0,28.8,26.2,18.2,14.5,12.3
경기,41,광주시,41610,중,탄벌중학교,,경기도 광주시 포돌이로 77,UzA5MDAwMTI3Ng==,,,77.5,0.0,33.6,23.7,13.8,10.1,18.9
경기,41,광주시,41610,중,광일중학교,,경기도 광주시 도척면 노곡리,UzA5MDAwMTI3MA==,,,74.6,0.0,10.0,27.5,40.0,5.0,17.5
경기,41,광주시,41610,중,매양중학교,,경기도 광주시 오포읍 양벌로 331-20,UzA5MDAwNzI1Mw==,,,71.5,0.0,19.1,18.8,16.0,23.3,22.9
경기,41,광주시,41610,중,광주중학교,,경기도 광주시 경안동,UzA5MDAwMTI3Mg==,,,70.3,0.0,22.9,16.9,17.9,12.9,29.4
경기,41,의왕시,41430,중,의왕부곡중학교,,경기도 의왕시 월암동,UzA5MDAwMTM3Nw==,,,87.8,0.0,62.2,19.4,10.2,2.0,6.1
경기,41,의왕시,41430,중,내손중학교,,경기도 의왕시 내손순환로 51,UzA5MDAwNzg3NQ==,,,81.3,0.0,34.7,26.4,22.2,9.7,6.9
경기,41,의왕시,41430,중,갈뫼중학교,,경기도 의왕시 내손동,UzA5MDAwMTM2NQ==,,,81.1,0.0,41.5,24.2,15.5,6.3,12.6
경기,41,의왕시,41430,중,고천중학교,,경기도 의왕시 오전동,UzA5MDAwMTM2Ng==,,,79.3,0.0,35.7,25.4,16.7,8.7,13.5
경기,41,의왕시,41430,중,의왕중학교,,경기 의왕시 오전동,UzA5MDAwMTM3OA==,,,79.0,0.0,40.0,10.0,30.0,10.0,10.0
경기,41,의왕시,41430,중,덕장중학교,,경기도 의왕시 청계동,UzA5MDAwNjQyMw==,,,77.5,0.0,30.2,25.6,16.3,11.6,16.3
경기,41,의왕시,41430,중,모락중학교,,경기도 의왕시 오전동,UzA5MDAwNTYxNg==,,,71.8,0.0,20.1,18.6,22.6,16.6,22.1
경기,41,의왕시,41430,중,백운중학교,,경기도 의왕시 포일동,UzA5MDAwMTM3Mg==,,,70.6,0.0,26.3,18.3,14.5,12.9,28.0
경기,41,군포시,41410,중,산본중학교,,경기도 군포시 산본동,UzA5MDAwMTM3NA==,,,87.0,0.0,55.8,25.9,8.3,6.1,4.0
경기,41,군포시,41410,중,궁내중학교,,경기도 군포시 산본동,UzA5MDAwMTM2OQ==,,,83.1,0.0,41.6,25.8,16.5,7.9,8.2
경기,41,군포시,41410,중,부곡중앙중학교,,경기도 군포시 부곡동,UzA5MDAwNjQzMA==,,,81.9,0.0,40.5,21.4,20.5,9.5,8.1
경기,41,군포시,41410,중,당정중학교,,경기도 군포시 당정동,UzA5MDAwNTMyMw==,,,81.1,0.0,50.0,19.0,5.2,7.8,18.1
경기,41,군포시,41410,중,수리중학교,,경기도 군포시 산본동,UzA5MDAwMTM3NQ==,,,78.9,0.0,29.4,27.2,21.3,9.8,12.3
경기,41,군포시,41410,중,당동중학교,,경기도 군포시 당동,UzA5MDAwNTAwMg==,,,78.7,0.0,33.4,27.2,11.1,12.2,16.0
경기,41,군포시,41410,중,도장중학교,,경기도 군포시 산본동,UzA5MDAwMTM3MQ==,,,78.7,0.0,32.8,24.9,18.5,9.0,14.8
경기,41,군포시,41410,중,흥진중학교,,경기도 군포시 금정동,UzA5MDAwMTM3OQ==,,,77.0,0.0,34.8,20.0,18.5,11.1,15.6
경기,41,군포시,41410,중,용호중학교,,경기도 군포시 당동,UzA5MDAwMTM3Ng==,,,76.3,0.0,23.1,26.6,21.9,15.4,13.0
경기,41,군포시,41410,중,곡란중학교,,경기도 군포시 곡란로 95,UzA5MDAwMTM2Nw==,,,75.4,0.0,20.2,33.3,20.2,9.5,16.7
경기,41,군포시,41410,중,군포중학교,,경기도 군포시 당동,UzA5MDAwMTM2OA==,,,66.4,0.0,13.4,22.0,18.3,13.4,32.9
경기,41,군포시,41410,중,금정중학교,,경기도 군포시 금정동,UzA5MDAwMTM3MA==,,,65.9,0.0,15.8,17.3,12.9,15.1,38.8
경기,41,화성시,41590,중,정남중학교,,경기 화성시 정남면 신리,UzA5MDAwNDI3OA==,,,84.8,0.0,54.2,18.8,14.6,4.2,8.3
경기,41,화성시,41590,중,동학중학교,,경기도 화성시 반월동,UzA5MDAwNDI2MA==,,,82.2,0.0,41.7,25.2,16.5,10.1,6.4
경기,41,화성시,41590,중,서신중학교,,경기도 화성시 서신면 상안리,UzA5MDAwNDI2OA==,,,80.1,0.0,25.0,35.0,20.0,5.0,15.0
경기,41,화성시,41590,중,양감중학교,,경기도 화성시 양감면 초록로 49,UzA5MDAwNDI3Mg==,,,80.0,0.0,28.6,28.6,21.4,14.3,7.1
경기,41,화성시,41590,중,화도중학교,,경기도 화성시 마도면 석교리,UzA5MDAwNDI4MA==,,,79.1,0.0,42.9,19.6,10.7,7.1,19.6
경기,41,화성시,41590,중,신백중학교,,경기도 화성시 남양읍 역골중앙로 56-6,UzA5MDAwNzMzMA==,,,79.0,0.0,38.9,21.1,12.1,11.4,16.4
경기,41,화성시,41590,중,진안중학교,,경기도 화성시 진안동,UzA5MDAwNDI3OQ==,,,78.4,0.0,30.9,22.1,20.8,12.8,13.4
경기,41,화성시,41590,중,화성반월중학교,,경기도 화성시 반월동,UzA5MDAwNjY1Mg==,,,77.4,0.0,31.0,23.0,18.2,12.0,15.7
경기,41,화성시,41590,중,장안여자중학교,,경기도 화성시 장안면,UzA5MDAwNDI3Nw==,,,77.3,0.0,25.5,31.6,17.3,6.1,19.4
경기,41,화성시,41590,중,병점중학교,,경기도 화성시 병점동,UzA5MDAwNTE2NA==,,,76.9,0.0,29.9,24.5,18.2,9.0,18.5
경기,41,화성시,41590,중,송린중학교,,경기도 화성시 수노을2로 148,UzA5MDAwNzE4OQ==,,,75.3,0.0,28.8,21.1,15.7,13.6,20.8
경기,41,화성시,41590,중,남양중학교,,경기도 화성시 남양동,UzA5MDAwNDI1OQ==,,,73.8,0.0,32.0,16.9,11.2,13.5,26.4
경기,41,화성시,41590,중,안화중학교,,경기도 화성시 병점동,UzA5MDAwNTAyMA==,,,73.0,0.0,21.9,21.2,17.3,13.5,26.0
경기,41,화성시,41590,중,송산중학교,,경기도 화성시 송산면 사강리,UzA5MDAwNDI3MA==,,,64.4,0.0,8.1,16.2,17.6,19.9,38.2
경기,41,의정부시,41150,중,동암중학교,,경기도 의정부시 장암동,UzA5MDAwNTEzMg==,,,83.5,0.0,51.4,18.9,9.0,9.5,11.3
경기,41,의정부시,41150,중,민락중학교,,경기도 의정부시 민락동,UzA5MDAwMzY0Mg==,,,83.0,0.0,50.2,18.1,11.6,10.0,10.0
경기,41,의정부시,41150,중,효자중학교,,경기도 의정부시 신곡동,UzA5MDAwMzY1NQ==,,,82.8,0.0,46.2,24.1,10.4,7.5,11.8
경기,41,의정부시,41150,중,회룡중학교,,경기도 의정부시 호원동,UzA5MDAwMzY1NA==,,,81.2,0.0,44.2,17.3,15.9,10.1,12.5
경기,41,의정부시,41150,중,경민중학교,,경기도 의정부시 가능동,UzA5MDAwMzY0MA==,,,80.4,0.0,33.1,25.6,14.0,19.8,7.4
경기,41,의정부시,41150,중,천보중학교,,경기도 의정부시 금오동,UzA5MDAwMzY1MQ==,,,80.4,0.0,36.5,23.7,18.4,9.4,12.0
경기,41,의정부시,41150,중,신곡중학교,,경기도 의정부시 신곡2동,UzA5MDAwMzY0Ng==,,,79.8,0.0,36.8,23.5,17.3,8.5,14.0
경기,41,의정부시,41150,중,송양중학교,,경기도 의정부시 낙양동,UzA5MDAwNjU2MA==,,,77.5,0.0,36.8,20.6,13.4,10.3,18.9
경기,41,의정부시,41150,중,금오중학교,,경기도 의정부시 금오동,UzA5MDAwMzY0MQ==,,,76.5,0.0,31.6,25.5,17.3,12.2,13.3
경기,41,의정부시,41150,중,경민여자중학교,,경기도 의정부시 가능3동,UzA5MDAwMzYzOQ==,,,76.4,0.0,21.2,27.3,20.2,20.2,11.1
경기,41,의정부시,41150,중,훈민중학교,,경기도 의정부시 고산동,UzA5MDAwNzkxMw==,,,76.4,0.0,39.2,16.6,10.6,12.6,21.1
경기,41,의정부시,41150,중,녹양중학교,,경기 의정부시 녹양동,UzA5MDAwNTQ4OQ==,,,75.7,0.0,33.1,19.5,18.8,9.0,19.5
경기,41,의정부시,41150,중,발곡중학교,,경기도 의정부시 신곡동,UzA5MDAwMzY0Mw==,,,75.4,0.0,25.9,26.3,16.3,12.4,19.1
경기,41,의정부시,41150,중,솔뫼중학교,,경기도 의정부시 용현동,UzA5MDAwNTQ5MA==,,,75.2,0.0,16.9,24.6,24.6,15.5,18.3
경기,41,의정부시,41150,중,호원중학교,,경기도 의정부시 호원동,UzA5MDAwMzY1Mw==,,,75.0,0.0,26.3,23.5,18.8,11.4,20.0
경기,41,의정부시,41150,중,부용중학교,,경기도 의정부시 민락동,UzA5MDAwMzY0NQ==,,,74.4,0.0,22.9,24.4,16.0,17.9,18.7
경기,41,의정부시,41150,중,충의중학교,,경기도 의정부시 민락동,UzA5MDAwMzY1Mg==,,,72.7,0.0,30.6,17.2,13.7,11.3,27.1
경기,41,의정부시,41150,중,의정부여자중학교,,경기도 의정부시 가능동,UzA5MDAwMzY0OQ==,,,68.5,0.0,26.7,15.1,7.0,12.8,38.4
경기,41,의정부시,41150,중,의정부중학교,,경기도 의정부시 가능동,UzA5MDAwMzY1MA==,,,65.5,0.0,25.4,14.1,9.9,8.5,42.3
경기,41,의정부시,41150,중,다온중학교,,경기도 의정부시 가능동,UzA5MDAwMzY0OA==,,,62.8,0.0,14.9,14.9,20.9,6.0,43.3
경기,41,중원구,41133,중,성남중학교,,경기도 성남시 중원구 성남동,UzA5MDAwMjE4OQ==,,,80.8,0.0,38.1,25.4,11.1,12.7,12.7
경기,41,중원구,41133,중,숭신여자중학교,,경기도 성남시 중원구 금광동,UzA5MDAwMjE5NA==,,,80.7,0.0,27.1,30.5,25.4,10.2,6.8
경기,41,중원구,41133,중,영성중학교,,경기도 성남시 중원구 하대원동,UzA5MDAwMjE5OA==,,,80.3,0.0,35.7,27.1,12.9,14.3,10.0
경기,41,중원구,41133,중,은행중학교,,경기도 성남시 중원구 은행동,UzA5MDAwMjE5OQ==,,,79.7,0.0,40.0,20.0,20.0,5.0,15.0
경기,41,중원구,41133,중,동광중학교,,경기도 성남시 중원구 성남동,UzA5MDAwMjE5MA==,,,79.3,0.0,46.9,12.5,7.8,9.4,23.4
경기,41,중원구,41133,중,금광중학교,,경기도 성남시 중원구 금광1동 1897~2472,UzA5MDAwMjE3NA==,,,77.3,0.0,38.3,22.8,10.4,7.8,20.7
경기,41,중원구,41133,중,성남동중학교,,경기도 성남시 중원구 금광동,UzA5MDAwMjE4NQ==,,,77.3,0.0,30.4,23.7,14.9,14.4,16.5
경기,41,중원구,41133,중,성일중학교,,경기도 성남시 중원구 시민로77번길 10-1,UzA5MDAwMjE5MQ==,,,72.9,0.0,24.0,19.9,13.6,18.6,24.0
경기,41,중원구,41133,중,도촌중학교,,경기도 성남시 중원구 도촌동,UzA5MDAwNTYyMA==,,,71.9,0.0,24.8,15.0,17.3,15.0,27.8
경기,41,중원구,41133,중,대원중학교,,경기도 성남시 중원구 금광1동 1897~2472,UzA5MDAwMjE3Nw==,,,69.2,0.0,25.8,10.6,9.1,15.2,39.4
경기,41,동두천시,41250,중,동두천여자중학교,,경기도 동두천시 생연1동,UzA5MDAwMTc3NQ==,,,81.8,0.0,40.6,26.0,16.7,3.1,13.5
경기,41,동두천시,41250,중,송내중앙중학교,,경기도 동두천시 송내동,UzA5MDAwNTMzNQ==,,,81.6,0.0,42.2,25.3,13.0,7.8,11.7
경기,41,동두천시,41250,중,한빛누리중학교,,경기도 동두천시 생연1동 한빛누리고,UzA5MDAwMTc3OA==,,,76.5,0.0,30.2,23.8,16.7,9.5,19.8
경기,41,동두천시,41250,중,신흥중학교,,경기도 동두천시 안흥동,UzA5MDAwMTc3OQ==,,,76.4,0.0,31.7,13.5,22.1,12.5,20.2
경기,41,동두천시,41250,중,동두천중학교,,경기도 동두천시 생연1동 동두천고,UzA5MDAwMTc3Nw==,,,74.8,0.0,38.5,12.3,7.7,12.3,29.2
경기,41,동두천시,41250,중,생연중학교,,경기도 동두천시 생연2동,UzA5MDAwNDk0OA==,,,71.5,0.0,17.7,20.4,21.5,15.5,24.9
경기,41,시흥시,41390,중,한국글로벌중학교,,경기도 시흥시 금오로 640,UzA5MDAwMjY5NQ==,,,88.2,0.0,55.6,29.6,11.1,3.7,0.0
경기,41,시흥시,41390,중,시흥은행중학교,,경기도 시흥시 은행동,UzA5MDAwMjcwMQ==,,,85.7,0.0,53.9,20.5,12.5,6.8,6.3
경기,41,시흥시,41390,중,응곡중학교,,경기도 시흥시 장곡동,UzA5MDAwNTYxNA==,,,81.5,0.0,32.7,27.4,24.8,7.5,7.5
경기,41,시흥시,41390,중,배곧중학교,,경기도 시흥시 정왕동,UzA5MDAwNjExOQ==,,,81.0,0.0,36.4,28.3,14.1,10.9,10.3
경기,41,시흥시,41390,중,조남중학교,,경기도 시흥시 목감둘레로 205,UzA5MDAwNzA2NQ==,,,80.6,0.0,33.8,26.2,15.8,13.3,10.9
경기,41,시흥시,41390,중,시흥능곡중학교,,경기도 시흥시 능곡동,UzA5MDAwNTYxMw==,,,79.8,0.0,34.6,27.7,14.5,10.1,13.2
경기,41,시흥시,41390,중,군자중학교,,경기도 시흥시 거모동,UzA5MDAwMjY4NQ==,,,79.0,0.0,45.4,16.5,11.3,8.2,18.6
경기,41,시흥시,41390,중,연성중학교,,경기도 시흥시 하상동,UzA5MDAwMjcwNw==,,,79.0,0.0,31.5,29.0,17.7,8.9,12.9
경기,41,시흥시,41390,중,정왕중학교,,경기도 시흥시 정왕동,UzA5MDAwMjcxMg==,,,78.7,0.0,36.9,24.2,13.1,7.1,18.7
경기,41,시흥시,41390,중,시흥매화중학교,,경기도 시흥시 매화동,UzA5MDAwNTYxNQ==,,,78.2,0.0,31.0,25.0,20.2,8.3,15.5
경기,41,시흥시,41390,중,장곡중학교,,경기도 시흥시 장곡동,UzA5MDAwMjcxMQ==,,,78.2,0.0,31.2,23.2,21.0,13.0,11.6
경기,41,시흥시,41390,중,월곶중학교,,경기도 시흥시 월곶동,UzA5MDAwNTM1Mw==,,,77.3,0.0,26.5,24.5,22.6,12.9,13.5
경기,41,시흥시,41390,중,함현중학교,,경기도 시흥시 정왕동,UzA5MDAwMjcxNA==,,,76.2,0.0,23.6,29.8,14.3,14.9,17.4
경기,41,시흥시,41390,중,소래중학교,,경기도 시흥시 은행동,UzA5MDAwMjY5Nw==,,,76.2,0.0,33.1,20.9,15.4,9.6,20.9
경기,41,시흥시,41390,중,시화나래중학교,,경기도 시흥시 거북섬남로 70,UzA5MDAwNzkyOA==,,,76.1,0.0,29.2,22.2,20.8,13.9,13.9
경기,41,시흥시,41390,중,시흥중학교,,경기도 시흥시 옥구천동로374번길 39,UzA5MDAwMjcwMg==,,,75.9,0.0,25.6,25.1,20.3,11.5,17.6
경기,41,시흥시,41390,중,배곧라라중학교,,경기도 시흥시 서울대학로 255,UzA5MDAwNzk0MQ==,,,75.7,0.0,26.2,25.4,14.5,12.9,21.0
경기,41,시흥시,41390,중,시흥가온중학교,,경기도 시흥시 장현동,UzA5MDAwNjE0OA==,,,75.6,0.0,20.4,28.1,18.9,15.4,17.2
경기,41,시흥시,41390,중,송운중학교,,경기도 시흥시 정왕동,UzA5MDAwMjY5OA==,,,74.9,0.0,18.8,28.1,19.8,14.1,19.3
경기,41,시흥시,41390,중,은계중학교,,경기도 시흥시 계수동,UzA5MDAwNTYxOQ==,,,73.6,0.0,23.3,22.0,17.9,13.2,23.6
경기,41,시흥시,41390,중,대흥중학교,,경기도 시흥시 대야동,UzA5MDAwMjY4Nw==,,,72.9,0.0,18.8,23.9,26.5,9.4,21.4
경기,41,시흥시,41390,중,신천중학교,,경기도 시흥시 신천동,UzA5MDAwMjcwMw==,,,71.8,0.0,18.4,19.5,25.3,12.6,24.1
경기,41,시흥시,41390,중,배곧해솔중학교,,경기도 시흥시 정왕동,UzA5MDAwNzMyNA==,,,70.7,0.0,21.1,17.9,15.5,16.0,29.5
경기,41,시흥시,41390,중,서해중학교,,경기도 시흥시 정왕동,UzA5MDAwMjY5Mg==,,,69.1,0.0,20.3,21.8,13.4,13.4,31.2
경기,41,시흥시,41390,중,논곡중학교,,경기도 시흥시 논곡동,UzA5MDAwNTM5Mg==,,,67.1,0.0,8.3,15.0,25.0,25.0,26.7
경기,41,시흥시,41390,중,시화중학교,,경기도 시흥시 정왕동,UzA5MDAwNTM4Nw==,,,64.7,0.0,10.1,24.2,16.2,11.1,38.4
경기,41,장안구,41111,중,수성중학교,,경기도 수원시 장안구 조원동,UzA5MDAwMjQyMg==,,,86.5,0.0,47.5,32.2,11.9,6.8,1.7
경기,41,장안구,41111,중,명인중학교,,경기도 수원시 장안구 정자2동,UzA5MDAwMjQxNw==,,,80.3,0.0,37.3,23.9,16.2,11.1,11.5
경기,41,장안구,41111,중,송원중학교,,경기도 수원시 장안구 송죽동,UzA5MDAwMjQxOA==,,,78.1,0.0,37.1,17.4,12.9,15.2,17.4
경기,41,장안구,41111,중,이목중학교,,경기 수원시 장안구 이목동,UzA5MDAwMjQzOA==,,,76.5,0.0,23.4,32.4,16.5,10.1,17.6
경기,41,장안구,41111,중,천천중학교,,경기 수원시 장안구 천천동,UzA5MDAwMjQzOQ==,,,76.4,0.0,25.6,27.2,18.4,12.2,16.6
경기,41,장안구,41111,중,대평중학교,,경기도 수원시 장안구 정자동,UzA5MDAwMjQxMQ==,,,76.4,0.0,25.2,26.2,19.4,12.9,16.3
경기,41,장안구,41111,중,경기체육중학교,,경기도 수원시 장안구 천천동,UzA5MDAwNjU3Ng==,,,75.8,0.0,22.7,31.8,13.6,9.1,22.7
경기,41,장안구,41111,중,창용중학교,,경기도 수원시 장안구 연무동,UzA5MDAwMjQyMQ==,,,74.5,0.0,27.3,22.7,22.7,0.0,27.3
경기,41,장안구,41111,중,조원중학교,,경기도 수원시 장안구 수일로233번길 35,UzA5MDAwNTE3Mg==,,,74.3,0.0,27.6,24.3,11.7,13.0,23.4
경기,41,장안구,41111,중,수일여자중학교,,경기도 수원시 장안구 조원동,UzA5MDAwMjQyNg==,,,73.0,0.0,17.2,19.4,22.6,24.7,16.1
경기,41,장안구,41111,중,수원북중학교,,경기도 수원시 장안구 영화동,UzA5MDAwMjQyMw==,,,70.8,0.0,24.0,20.0,13.3,14.7,28.0
경기,41,장안구,41111,중,수일중학교,,경기도 수원시 장안구 파장동,UzA5MDAwMjQyNw==,,,69.2,0.0,18.2,20.5,15.9,13.6,31.8
경기,41,장안구,41111,중,율전중학교,,경기도 수원시 장안구 율전동,UzA5MDAwMjQzNg==,,,67.1,0.0,15.2,15.2,23.2,6.1,40.4
경기,41,소사구,41194,중,옥길새길중학교,,경기도 부천시 소사구 양지로166번길 45,UzA5MDAwNzg2Nw==,,,84.8,0.0,51.0,26.5,10.2,2.0,10.2
경기,41,소사구,41194,중,성주중학교,,경기도 부천시 성주로 24,UzA5MDAwMTkwMQ==,,,80.5,0.0,38.4,26.1,15.2,7.6,12.8
경기,41,소사구,41194,중,부천동여자중학교,,경기도 부천시 소사구 괴안동,UzA5MDAwMTg4Ng==,,,80.1,0.0,28.1,32.8,21.9,7.8,9.4
경기,41,소사구,41194,중,부천일신중학교,,경기도 부천시 소사구 범박동,UzA5MDAwNDg2Ng==,,,78.8,0.0,38.5,19.8,15.1,10.2,16.5
경기,41,소사구,41194,중,범박중학교,,경기도 부천시 양지남로 69-16,UzA5MDAwNzU4Mg==,,,78.8,0.0,31.2,25.2,18.8,12.4,12.4
경기,41,소사구,41194,중,부천여자중학교,,경기도 부천시 소사구 송내동,UzA5MDAwMTg5Mw==,,,77.6,0.0,21.7,28.0,23.6,14.3,12.4
경기,41,소사구,41194,중,소사중학교,,경기도 부천시 소사구 소사본3동,UzA5MDAwMTkwMw==,,,75.7,0.0,27.9,23.1,15.6,15.0,18.4
경기,41,소사구,41194,중,옥길중학교,,경기도 부천시 양지로 234-41,UzA5MDAwNzExNQ==,,,74.2,0.0,20.5,24.5,20.8,16.4,17.8
경기,41,소사구,41194,중,부일중학교,,경기도 부천시 소사구 소사본동,UzA5MDAwMTg4NA==,,,74.1,0.0,20.0,30.0,11.4,14.3,24.3
경기,41,소사구,41194,중,부천남중학교,,경기도 부천시 소사구 송내2동,UzA5MDAwMTg4NQ==,,,72.0,0.0,20.4,19.8,20.4,16.2,23.4
경기,41,소사구,41194,중,부천동중학교,,경기도 부천시 소사구 괴안동,UzA5MDAwMTg4Nw==,,,66.9,0.0,17.5,17.5,10.0,18.8,36.3
경기,41,광명시,41210,중,빛가온중학교,,경기도 광명시 오리로84번길 16,UzA5MDAwNzMzOQ==,,,85.0,0.0,51.4,25.2,9.3,4.7,9.3
경기,41,광명시,41210,중,광명북중학교,,경기도 광명시 철산1동,UzA5MDAwMTE5MA==,,,80.6,0.0,44.4,20.6,14.4,7.2,13.3
경기,41,광명시,41210,중,철산중학교,,경기도 광명시 철산3동,UzA5MDAwMTE5Ng==,,,80.2,0.0,37.8,24.4,17.2,7.8,12.9
경기,41,광명시,41210,중,소하중학교,,경기도 광명시 소하동,UzA5MDAwMTE5NA==,,,79.7,0.0,38.7,21.0,15.0,9.5,15.8
경기,41,광명시,41210,중,안서중학교,,경기도 광명시 기아로13번안길 9-9,UzA5MDAwMTE5NQ==,,,79.5,0.0,24.4,35.4,17.1,13.4,9.8
경기,41,광명시,41210,중,충현중학교,,경기도 광명시 소하2동,UzA5MDAwNTc2NA==,,,78.2,0.0,26.2,27.0,21.3,17.7,7.8
경기,41,광명시,41210,중,광남중학교,,경기도 광명시 광명6동,UzA5MDAwMTE4OQ==,,,76.9,0.0,33.9,21.0,15.0,11.6,18.5
경기,41,광명시,41210,중,하안중학교,,경기도 광명시 하안4동,UzA5MDAwMTE5OA==,,,76.0,0.0,26.9,23.6,21.4,8.8,19.2
경기,41,광명시,41210,중,광문중학교,,경기도 광명시 광명7동,UzA5MDAwNDY5OQ==,,,74.8,0.0,27.6,23.6,15.8,13.3,19.7
경기,41,광명시,41210,중,가림중학교,,경기도 광명시 하안3동,UzA5MDAwMTE4OA==,,,74.5,0.0,28.5,20.5,15.9,11.9,23.2
경기,41,광명시,41210,중,광명중학교,,경기도 광명시 철산3동 223~236,UzA5MDAwMTE5Mg==,,,73.5,0.0,21.8,24.4,17.8,14.2,21.8
경기,41,광명시,41210,중,하안북중학교,,경기도 광명시 하안1동,UzA5MDAwMTE5MQ==,,,73.5,0.0,22.8,26.6,13.8,10.9,25.9
경기,41,여주시,41670,중,여주여자중학교,,경기도 여주시 상동,UzA5MDAwMzMyMA==,,,83.9,0.0,46.4,25.4,11.0,9.4,7.7
경기,41,여주시,41670,중,강천중학교,,경기도 여주군 강천면 간매리,UzA5MDAwMzMxNA==,,,83.1,0.0,41.7,33.3,8.3,8.3,8.3
경기,41,여주시,41670,중,창명여자중학교,,경기도 여주시 대신면 율촌리,UzA5MDAwMzMyNA==,,,81.9,0.0,46.7,26.7,6.7,13.3,6.7
경기,41,여주시,41670,중,여주중학교,,경기도 여주시 능서면,UzA5MDAwMzMyMQ==,,,80.3,0.0,38.1,23.1,14.4,10.0,14.4
경기,41,여주시,41670,중,여주제일중학교,,경기도 여주시 가남읍 심석리,UzA5MDAwMzMxOQ==,,,77.4,0.0,29.2,21.3,24.7,10.1,14.6
경기,41,여주시,41670,중,상품중학교,,경기도 여주시 산북면 상품리,UzA5MDAwMzMxNg==,,,76.8,0.0,33.3,25.0,8.3,16.7,16.7
경기,41,여주시,41670,중,흥천중학교,,경기도 여주시 흥천면 효지리,UzA5MDAwMzMyNQ==,,,75.8,0.0,33.3,16.7,0.0,33.3,16.7
경기,41,여주시,41670,중,대신중학교,,경기도 여주시 대신면 후포리,UzA5MDAwMzMxNQ==,,,75.4,0.0,32.0,28.0,16.0,8.0,16.0
경기,41,여주시,41670,중,이포중학교,,경기도 여주시 흥천면 계신리,UzA5MDAwMzMyMg==,,,75.3,0.0,35.3,0.0,23.5,23.5,17.6
경기,41,여주시,41670,중,세종중학교,,경기도 여주시 세종로 204-17,UzA5MDAwNTM1MA==,,,74.7,0.0,23.0,23.4,19.4,13.9,20.2
경기,41,여주시,41670,중,여강중학교,,경기도 여주시 북내면 신접리,UzA5MDAwMzMxOA==,,,73.8,0.0,19.5,19.5,27.6,9.2,24.1
경기,41,여주시,41670,중,세정중학교,,경기도 여주시 능서면 매류리,UzA5MDAwMzMxNw==,,,71.1,0.0,28.6,14.3,19.0,9.5,28.6
경기,41,여주시,41670,중,점동중학교,,경기도 여주시 점동면 청안리,UzA5MDAwMzMyMw==,,,67.3,0.0,21.1,15.8,5.3,26.3,31.6
경기,41,권선구,41113,중,화홍중학교,,경기도 수원시 권선구 권선동,UzA5MDAwMjQ0Mw==,,,81.8,0.0,41.8,23.9,13.8,10.1,10.4
경기,41,권선구,41113,중,영신중학교,,경기도 수원시 권선구 오목천동,UzA5MDAwMjQzMg==,,,81.7,0.0,38.1,24.3,18.3,11.4,7.9
경기,41,권선구,41113,중,권선중학교,,경기도 수원시 권선구 경수대로 239,UzA5MDAwMjQwOQ==,,,79.6,0.0,33.0,27.5,15.4,8.8,15.4
경기,41,권선구,41113,중,칠보중학교,,경기도 수원시 권선구 금곡동,UzA5MDAwNDg2Mw==,,,79.6,0.0,35.9,22.4,17.1,11.0,13.5
경기,41,권선구,41113,중,호매실중학교,,경기도 수원시 권선구 호매실동,UzA5MDAwMjQ0Mg==,,,78.1,0.0,32.3,21.0,20.0,12.6,14.2
경기,41,권선구,41113,중,상촌중학교,,경기도 수원시 권선구 금곡동,UzA5MDAwNTQ2OQ==,,,77.8,0.0,39.3,16.5,13.7,12.1,18.4
경기,41,권선구,41113,중,능실중학교,,경기도 수원시 권선구 호매실동,UzA5MDAwNjc4Mg==,,,75.8,0.0,30.1,23.3,13.6,13.6,19.4
경기,41,권선구,41113,중,구운중학교,,경기도 수원시 권선구 구운동,UzA5MDAwMjQwOA==,,,74.7,0.0,19.7,24.7,23.0,14.6,18.0
경기,41,권선구,41113,중,곡반중학교,,경기도 수원시 권선구 곡반정동,UzA5MDAwNDg2MA==,,,73.9,0.0,24.4,19.7,22.0,15.0,18.9
경기,41,권선구,41113,중,남수원중학교,,경기도 수원시 권선구 권선동,UzA5MDAwMjQxMA==,,,73.8,0.0,28.1,19.4,16.9,13.9,21.7
경기,41,권선구,41113,중,고색중학교,,경기도 수원시 권선구 매송고색로711번길 50,UzA5MDAwMjQwNg==,,,73.2,0.0,20.8,27.1,16.7,12.5,22.9
경기,41,권선구,41113,중,곡선중학교,,경기도 수원시 권선구 권선동,UzA5MDAwMjQwNw==,,,71.7,0.0,32.5,17.5,10.0,10.0,30.0
경기,41,권선구,41113,중,서호중학교,,경기도 수원시 권선구 서둔동 1~131,UzA5MDAwNTQwMA==,,,71.3,0.0,24.0,16.0,17.3,12.0,30.7
경기,41,권선구,41113,중,세류중학교,,경기도 수원시 권선구 세류동,UzA5MDAwNTE3Mw==,,,68.8,0.0,14.3,19.0,22.4,18.4,25.9
경기,41,이천시,41500,중,백사중학교,,경기도 이천시 백사면 신대리,UzA5MDAwMzc0NQ==,,,90.0,0.0,66.0,25.5,0.0,2.1,6.4
경기,41,이천시,41500,중,이천사동중학교,,경기도 이천시 대월면 사동리,UzA5MDAwNjQ0OA==,,,85.3,0.0,52.2,23.5,9.3,8.0,7.1
경기,41,이천시,41500,중,이천중학교,,경기도 이천시 안흥동,UzA5MDAwMzc1Mg==,,,84.3,0.0,47.9,24.6,11.7,5.8,10.0
경기,41,이천시,41500,중,마장중학교,,경기도 이천시 마장면 오천리,UzA5MDAwMzc0Mg==,,,82.2,0.0,39.2,26.2,16.9,9.2,8.5
경기,41,이천시,41500,중,모가중학교,,경기도 이천시 모가면 진가리,UzA5MDAwMzc0Mw==,,,80.7,0.0,15.8,42.1,36.8,0.0,5.3
경기,41,이천시,41500,중,증포중학교,,경기도 이천시 증포동,UzA5MDAwNTExMQ==,,,80.5,0.0,37.8,26.9,15.1,6.4,13.8
경기,41,이천시,41500,중,부발중학교,,경기도 이천시 부발읍 죽당로 21,UzA5MDAwMzc0Ng==,,,78.6,0.0,22.4,25.0,36.8,3.9,11.8
경기,41,이천시,41500,중,이천양정여자중학교,,경기도 이천시 관고동,UzA5MDAwMzc1MQ==,,,77.7,0.0,28.0,26.2,18.3,13.4,14.0
경기,41,이천시,41500,중,이천경남중학교,,경기도 이천시 설성면 금당리,UzA5MDAwMzc0MA==,,,77.4,0.0,14.3,35.7,21.4,21.4,7.1
경기,41,이천시,41500,중,설봉중학교,,경기도 이천시 창전동,UzA5MDAwMzc0Nw==,,,76.9,0.0,25.6,24.6,19.0,16.6,14.2
경기,41,이천시,41500,중,이천송정중학교,,경기도 이천시 송정동,UzA5MDAwMzc1MA==,,,75.0,0.0,24.9,25.8,19.2,7.0,23.1
경기,41,이천시,41500,중,대월중학교,,경기도 이천시 대월면 초지리,UzA5MDAwMzc0MQ==,,,74.1,0.0,18.2,27.3,9.1,27.3,18.2
경기,41,이천시,41500,중,효양중학교,,경기도 이천시 부발읍 무촌리,UzA5MDAwMzc1Ng==,,,73.4,0.0,23.2,25.9,19.1,9.5,22.3
경기,41,이천시,41500,중,율면중학교,,경기도 이천시 율면 고당리,UzA5MDAwMzc0OQ==,,,71.3,0.0,33.3,0.0,33.3,16.7,16.7
경기,41,이천시,41500,중,장호원중학교,,경기도 이천시 장호원읍 노탑리,UzA5MDAwMzc1NA==,,,65.7,0.0,12.0,17.3,14.3,18.8,37.6
경기,41,연천군,41800,중,연천중학교,,경기도 연천군 연천읍 연천로336번길 13,UzA5MDAwMzQwOQ==,,,81.8,0.0,35.3,23.5,23.5,14.7,2.9
경기,41,연천군,41800,중,대광중학교,,경기도 연천군 신서면,UzA5MDAwMzQwNw==,,,80.8,0.0,33.3,0.0,50.0,16.7,0.0
경기,41,연천군,41800,중,백학중학교,,경기도 연천군 백학면 두일리,UzA5MDAwMzQwOA==,,,78.7,0.0,29.4,23.5,29.4,5.9,11.8
경기,41,연천군,41800,중,전곡중학교,,경기도 연천군 전곡읍 전곡3리,UzA5MDAwMzQxMA==,,,73.4,0.0,24.1,22.0,16.2,13.6,24.1
경기,41,연천군,41800,중,청산중학교,,경기도 연천군 청산면 궁평리,UzA5MDAwMzQxMQ==,,,71.4,0.0,20.0,20.0,40.0,0.0,20.0
경기,41,연천군,41800,중,군남중학교,,경기도 연천군 군남면 진상리,UzA5MDAwMzQwNg==,,,66.8,0.0,20.0,20.0,20.0,0.0,40.0
경기,41,처인구,41461,중,백암중학교,,경기도 용인시 처인구 백암면 백원로 519-9,UzA5MDAwMzQ3NQ==,,,84.2,0.0,57.7,19.2,11.5,0.0,11.5
경기,41,처인구,41461,중,용천중학교,,경기도 용인시 처인구 이동읍 백옥대로587번길 54,UzA5MDAwNTQwNw==,,,81.1,0.0,44.7,19.3,13.2,6.1,16.7
경기,41,처인구,41461,중,용신중학교,,경기도 용인시 처인구 김량장동,UzA5MDAwNDk3Nw==,,,81.1,0.0,34.3,27.1,19.0,11.8,7.8
경기,41,처인구,41461,중,영문중학교,,경기도 용인시처인구 포곡읍 영문리,UzA5MDAwMzQ4NA==,,,80.0,0.0,33.9,26.3,18.3,11.2,10.4
경기,41,처인구,41461,중,원삼중학교,,경기도 용인시 처인구 원삼면 고당리,UzA5MDAwMzQ4OA==,,,79.3,0.0,26.9,30.8,19.2,7.7,15.4
경기,41,처인구,41461,중,용동중학교,,경기도 용인시 처인구 양지면 남곡리,UzA5MDAwMzQ4NQ==,,,78.3,0.0,29.7,25.3,19.2,12.6,13.2
경기,41,처인구,41461,중,고진중학교,,경기도 용인시 처인구 고림동,UzA5MDAwNjAyNw==,,,75.8,0.0,29.6,22.0,17.5,12.1,18.8
경기,41,처인구,41461,중,헌산중학교,,경기도 용인시 처인구 원삼면 사암리,UzA5MDAwNDg5NA==,,,74.7,0.0,25.9,14.8,33.3,11.1,14.8
경기,41,처인구,41461,중,도현중학교,,경기도 용인시 처인구 모현읍 왕산리 610-1,UzA5MDAwODAyMw==,,,73.0,0.0,19.6,27.5,15.7,15.7,21.6
경기,41,처인구,41461,중,송전중학교,,경기도 용인시 처인구 이동읍,UzA5MDAwMzQ4MQ==,,,72.8,0.0,12.7,25.5,21.8,23.6,16.4
경기,41,처인구,41461,중,모현중학교,,경기도 용인시 처인구 모현면,UzA5MDAwMzQ3Mw==,,,72.4,0.0,16.4,27.0,19.6,15.3,21.7
경기,41,처인구,41461,중,고림중학교,,경기도 용인시 처인구 고림동,UzA5MDAwNTQ2OA==,,,72.2,0.0,25.3,23.1,14.8,8.2,28.6
경기,41,처인구,41461,중,용인중학교,,경기도 용인시 처인구 김량장동,UzA5MDAwMzQ4Nw==,,,71.9,0.0,20.1,21.4,22.0,12.6,23.9
경기,41,처인구,41461,중,한숲중학교,,경기도 용인시 처인구 남사면 완장리,UzA5MDAwNjAzNg==,,,71.3,0.0,20.4,18.1,17.0,13.7,30.7
경기,41,처인구,41461,중,포곡중학교,,경기도 용인시 처인구 포곡읍 전대리,UzA5MDAwMzQ5Mw==,,,67.9,0.0,18.8,20.3,15.6,13.0,32.3
경기,41,처인구,41461,중,태성중학교,,경기도 용인시 처인구 남동,UzA5MDAwMzQ5Mg==,,,65.7,0.0,12.0,13.3,15.7,20.5,38.6
경기,41,처인구,41461,중,남사중학교,,경기도 용인시 처인구 남사읍 봉무리,UzA5MDAwMzQ3MQ==,,,65.2,0.0,10.0,20.0,3.3,23.3,43.3
경기,41,평택시,41220,중,배다리중학교,,경기도 평택시 죽백4로 65,UzA5MDAwNzkzMA==,,,86.1,0.0,59.9,19.7,8.3,3.2,8.9
경기,41,평택시,41220,중,비전중학교,,경기도 평택시 비전동,UzA5MDAwNTE3NA==,,,84.9,0.0,49.0,25.6,12.3,4.2,8.8
경기,41,평택시,41220,중,평택화양중학교,,경기도 평택시 현덕면 화양리 0 평택화양중학교,UzA5MDAwODA2NA==,,,81.9,0.0,33.3,38.9,5.6,16.7,5.6
경기,41,평택시,41220,중,포승중학교,,경기도 평택시 포승읍 방림리,UzA5MDAwNDAwNA==,,,81.5,0.0,36.4,27.3,15.9,11.4,9.1
경기,41,평택시,41220,중,용이중학교,,경기도 평택시 용이동,UzA5MDAwNzIzNw==,,,79.4,0.0,38.2,22.1,16.2,8.1,15.4
경기,41,평택시,41220,중,한광여자중학교,,경기도 평택시 비전2동,UzA5MDAwNDAwNQ==,,,78.6,0.0,32.3,25.9,16.0,11.3,14.5
경기,41,평택시,41220,중,평택여자중학교,,경기도 평택시 비전2동,UzA5MDAwNDAwMg==,,,78.5,0.0,33.1,22.1,18.5,13.8,12.4
경기,41,평택시,41220,중,해창중학교,,경기도 평택시 고덕국제5로 175,UzA5MDAwNzg4Mw==,,,78.4,0.0,33.9,20.8,17.6,13.6,14.0
경기,41,평택시,41220,중,진위중학교,,경기도 평택시 진위면 가곡리,UzA5MDAwMzk5Nw==,,,77.9,0.0,31.6,33.3,8.8,8.8,17.5
경기,41,평택시,41220,중,현화중학교,,경기도 평택시 안중읍 현화리,UzA5MDAwNDAwNw==,,,77.8,0.0,30.6,26.7,13.6,9.2,19.9
경기,41,평택시,41220,중,동삭중학교,,경기도 평택시 동삭동,UzA5MDAwNzYyOA==,,,77.7,0.0,23.4,33.9,19.5,10.2,12.9
경기,41,평택시,41220,중,한광중학교,,경기도 평택시 비전동,UzA5MDAwNDAwNg==,,,77.3,0.0,30.7,26.1,14.8,10.5,17.9
경기,41,평택시,41220,중,신한중학교,,경기도 평택시 비전동,UzA5MDAwMzk5Mg==,,,76.8,0.0,36.0,18.4,16.5,9.2,19.9
경기,41,평택시,41220,중,세교중학교,,경기도 평택시 세교동,UzA5MDAwMzk4OA==,,,76.7,0.0,32.1,25.8,13.3,10.0,18.8
경기,41,평택시,41220,중,청담중학교,,경기도 평택시 팽성읍 남산리,UzA5MDAwMzk5OA==,,,75.2,0.0,25.6,23.3,22.5,7.8,20.9
경기,41,평택시,41220,중,민세중학교,,경기도 평택시 고덕동,UzA5MDAwNzU3Mg==,,,74.6,0.0,18.6,29.4,19.0,13.4,19.6
경기,41,평택시,41220,중,안일중학교,,경기도 평택시 안중읍 현화리,UzA5MDAwMzk5Mw==,,,73.7,0.0,26.7,21.1,17.8,13.8,20.6
경기,41,평택시,41220,중,장당중학교,,경기도 평택시 장당길 40,UzA5MDAwNTE2MQ==,,,73.4,0.0,17.3,25.9,17.3,18.5,21.0
경기,41,평택시,41220,중,청북중학교,,경기도 평택시 청북면 토진리,UzA5MDAwMzk5OQ==,,,73.4,0.0,37.0,14.8,11.1,7.4,29.6
경기,41,평택시,41220,중,태광중학교,,경기도 평택시 신장동,UzA5MDAwNDAwMA==,,,72.4,0.0,18.7,29.3,18.7,9.3,24.0
경기,41,평택시,41220,중,송탄중학교,,경기도 평택시 지산동,UzA5MDAwMzk5MA==,,,72.3,0.0,19.2,26.0,23.3,13.0,18.5
경기,41,평택시,41220,중,청옥중학교,,경기도 평택시 청북읍 옥길리,UzA5MDAwNTg4Nw==,,,72.0,0.0,12.1,29.7,23.2,12.1,22.9
경기,41,평택시,41220,중,효명중학교,,경기도 평택시 장당동,UzA5MDAwNDAwOA==,,,71.9,0.0,16.6,17.9,27.8,15.2,22.5
경기,41,평택시,41220,중,평택중학교,,경기도 평택시 용죽2로 95,UzA5MDAwNDAwMw==,,,71.9,0.0,16.6,24.5,17.6,18.1,23.2
경기,41,평택시,41220,중,안중중학교,,경기도 평택시 안중읍 현화리,UzA5MDAwMzk5NA==,,,69.4,0.0,11.9,20.3,32.2,13.6,22.0
경기,41,평택시,41220,중,라온중학교,,경기도 평택시 서정동,UzA5MDAwMzk4OQ==,,,69.3,0.0,20.7,14.6,21.3,14.0,29.3
경기,41,평택시,41220,중,이충중학교,,경기도 평택시 이충동,UzA5MDAwNTM1NA==,,,68.5,0.0,13.1,21.6,21.6,17.6,26.1
경기,41,평택시,41220,중,도곡중학교,,경기도 평택시 포승읍 여술로 58,UzA5MDAwNTM0NQ==,,,67.3,0.0,25.7,12.5,13.2,15.1,33.6
경기,41,평택시,41220,중,은혜중학교,,경기 평택시 장안웃길 66,UzA5MDAwMzk5Ng==,,,64.6,0.0,10.8,15.3,21.6,16.2,36.0
경기,41,평택시,41220,중,오성중학교,,경기도 평택시 오성면 오성새싹길 6,UzA5MDAwMzk5NQ==,,,61.6,0.0,18.8,12.5,6.3,12.5,50.0
경기,41,양주시,41630,중,남문중학교,,경기도 양주시 남면 신산리,UzA5MDAwMTc3Mg==,,,84.2,0.0,37.9,31.0,19.0,5.2,6.9
경기,41,양주시,41630,중,덕정중학교,,경기도 양주시 화합로 1397,UzA5MDAwMTc3NA==,,,81.5,0.0,41.9,21.0,19.0,7.6,10.5
경기,41,양주시,41630,중,덕현중학교,,경기도 양주시 고읍동,UzA5MDAwNTEzMw==,,,80.2,0.0,36.8,25.0,15.2,10.5,12.5
경기,41,양주시,41630,중,고암중학교,,경기도 양주시 덕정동,UzA5MDAwMTc3MQ==,,,79.3,0.0,38.3,17.3,13.1,17.3,14.0
경기,41,양주시,41630,중,옥정중학교,,경기도 양주시 옥정동,UzA5MDAwNjgwNQ==,,,78.9,0.0,35.8,24.3,13.7,12.1,14.1
경기,41,양주시,41630,중,덕계중학교,,경기도 양주시 덕계동,UzA5MDAwMTc3Mw==,,,78.7,0.0,31.8,24.8,17.8,12.4,13.2
경기,41,양주시,41630,중,옥빛중학교,,경기도 양주시 옥정동,UzA5MDAwNjA2MA==,,,77.5,0.0,32.5,20.6,16.8,13.8,16.3
경기,41,양주시,41630,중,삼숭중학교,,경기도 양주시 삼숭로38번길 136,UzA5MDAwNTE1OQ==,,,76.5,0.0,40.5,19.7,9.7,9.7,20.4
경기,41,양주시,41630,중,조양중학교,,경기도 양주시 광적면,UzA5MDAwMTc4MQ==,,,74.1,0.0,30.5,23.2,11.0,9.8,25.6
경기,41,양주시,41630,중,양주백석중학교,,경기도 양주시 백석읍 복지리,UzA5MDAwMTc4MA==,,,73.2,0.0,27.8,23.1,14.6,10.8,23.6
경기,41,양주시,41630,중,율정중학교,,경기도 양주시 옥정동 1040-7,UzA5MDAwNjA1Ng==,,,67.5,0.0,7.9,23.1,20.8,17.5,30.7
경기,41,양주시,41630,중,회천중학교,,경기도 양주시 고암동,UzA5MDAwNTM2Mg==,,,65.7,0.0,6.3,16.7,23.0,23.0,31.0
경기,41,팔달구,41115,중,영복여자중학교,,경기도 수원시 팔달구 장안로7번길 49,UzA5MDAwMjQzMQ==,,,81.0,0.0,36.7,24.0,18.0,12.7,8.7
경기,41,팔달구,41115,중,율현중학교,,경기도 수원시 팔달구 화서동,UzA5MDAwMjQzNw==,,,79.3,0.0,36.7,21.8,15.7,11.3,14.5
경기,41,팔달구,41115,중,동성중학교,,경기도 수원시 팔달구 우만동,UzA5MDAwMjQxMg==,,,78.1,0.0,26.5,29.0,16.0,17.3,11.1
경기,41,팔달구,41115,중,매향중학교,,경기도 수원시 팔달구 매향동,UzA5MDAwMjQxNQ==,,,76.2,0.0,28.0,21.1,17.4,16.8,16.8
경기,41,팔달구,41115,중,정천중학교,,경기도 수원시 팔달구 정자천로32번길 11,UzA5MDAwNDg2Mg==,,,75.7,0.0,27.7,27.7,14.6,10.1,19.9
경기,41,팔달구,41115,중,수원중학교,,경기도 수원시 팔달구 매교동,UzA5MDAwMjQyNQ==,,,74.0,0.0,16.3,24.4,23.1,19.5,16.7
경기,41,팔달구,41115,중,삼일중학교,,경기도 수원시 팔달구 매향동,UzA5MDAwMjQyMA==,,,71.5,0.0,15.5,23.8,24.4,11.3,25.0
경기,41,팔달구,41115,중,숙지중학교,,경기도 수원시 팔달구 덕영대로735번길 23,UzA5MDAwMjQyOA==,,,69.3,0.0,25.1,19.7,14.3,9.9,31.0
경기,41,팔달구,41115,중,수원제일중학교,,경기도 수원시 팔달구 화서동,UzA5MDAwMjQyNA==,,,68.5,0.0,24.5,18.4,10.2,14.3,32.7
경기,41,효행구,41593,중,두레자연중학교,,경기도 화성시 우정읍 화산7리,UzA5MDAwNTAyMg==,,,88.1,0.0,50.0,35.0,15.0,0.0,0.0
경기,41,효행구,41593,중,삼괴중학교,,경기도 화성시 우정읍 조암리,UzA5MDAwNDI2Nw==,,,72.0,0.0,12.9,23.8,25.7,17.8,19.8
경기,41,만안구,41171,중,안양여자중학교,,경기도 안양시 만안구 안양2동,UzA5MDAwMzAzNg==,,,85.7,0.0,52.6,24.4,12.6,3.7,6.7
경기,41,만안구,41171,중,성문중학교,,경기도 안양시 만안구 안양8동,UzA5MDAwMzAyOQ==,,,78.8,0.0,35.7,24.3,12.9,11.4,15.7
경기,41,만안구,41171,중,연현중학교,,경기도 안양시 만안구 석수로 462,UzA5MDAwMzAzOA==,,,78.6,0.0,35.1,21.5,16.9,11.6,14.9
경기,41,만안구,41171,중,박달중학교,,경기도 안양시 만안구 박달동,UzA5MDAwNzEyNA==,,,75.7,0.0,22.3,25.5,19.1,19.7,13.4
경기,41,만안구,41171,중,근명중학교,,경기도 안양시 만안구 안양5동,UzA5MDAwMzAyMA==,,,75.5,0.0,22.8,24.6,22.2,12.9,17.5
경기,41,만안구,41171,중,신안중학교,,경기도 안양시 만안구 안양9동,UzA5MDAwMzAzMg==,,,73.7,0.0,28.4,20.3,10.8,12.2,28.4
경기,41,만안구,41171,중,안양중학교,,경기도 안양시 만안구 석수3동,UzA5MDAwMzAzNw==,,,72.3,0.0,29.9,14.2,16.5,10.2,29.1
경기,41,만안구,41171,중,안양서중학교,,경기도 안양시 만안구 안양9동,UzA5MDAwMzAzNQ==,,,70.0,0.0,25.0,14.3,17.9,14.3,28.6
경기,41,만안구,41171,중,신성중학교,,경기도 안양시 만안구 안양6동,UzA5MDAwMzAzMQ==,,,64.0,0.0,14.0,14.0,15.8,14.0,42.3
경기,41,오정구,41196,중,까치울중학교,,경기도 부천시 오정구 여월동,UzA5MDAwNTYwNg==,,,86.1,0.0,56.7,19.5,11.6,3.0,9.1
경기,41,오정구,41196,중,덕산중학교,,경기도 부천시 오정구 오정동,UzA5MDAwMTg3OA==,,,78.7,0.0,33.7,19.7,22.0,11.0,13.6
경기,41,오정구,41196,중,성곡중학교,,경기도 부천시 오정구 작동,UzA5MDAwMTkwMA==,,,77.2,0.0,29.5,24.4,15.4,14.7,16.0
경기,41,오정구,41196,중,내동중학교,,경기도 부천시 오정구 내동,UzA5MDAwMTg3NA==,,,73.9,0.0,34.4,16.4,13.1,8.2,27.9
경기,41,오정구,41196,중,수주중학교,,경기도 부천시 오정구 고강동,UzA5MDAwNTYwNA==,,,73.5,0.0,25.0,20.4,18.4,13.8,22.4
경기,41,오정구,41196,중,부천여월중학교,,경기도 부천시 오정구 여월동,UzA5MDAwMTg5Mg==,,,70.9,0.0,21.1,19.7,17.8,13.8,27.6
경기,41,안성시,41550,중,안청중학교,,경기도 안성시 당왕동,UzA5MDAwMjkyMg==,,,79.5,0.0,30.3,24.1,22.8,13.1,9.7
경기,41,안성시,41550,중,서운중학교,,경기도 안성시 서운면 인리,UzA5MDAwMjkxOQ==,,,78.4,0.0,22.7,40.9,13.6,4.5,18.2
경기,41,안성시,41550,중,안성여자중학교,,경기도 안성시 봉남동,UzA5MDAwMjkyMA==,,,78.2,0.0,28.9,26.8,20.6,11.3,12.4
경기,41,안성시,41550,중,공도중학교,,경기도 안성시 공도읍 만정리,UzA5MDAwMjkxNw==,,,77.9,0.0,31.8,21.9,18.5,12.5,15.3
경기,41,안성시,41550,중,양성중학교,,경기도 안성시 양성면 동항리,UzA5MDAwMjkyMw==,,,77.9,0.0,40.0,40.0,0.0,0.0,20.0
경기,41,안성시,41550,중,양진중학교,,경기도 안성시 공도읍 진사리,UzA5MDAwNTY4NA==,,,76.5,0.0,27.4,22.2,22.2,14.1,14.1
경기,41,안성시,41550,중,만정중학교,,경기도 안성시 공도읍 만정리,UzA5MDAwNTg1OQ==,,,76.0,0.0,24.2,29.0,19.7,9.9,17.3
경기,41,안성시,41550,중,명륜여자중학교,,경기도 안성시 낙원동,UzA5MDAwMjkxOA==,,,75.8,0.0,14.1,32.4,23.2,18.3,12.0
경기,41,안성시,41550,중,죽산중학교,,경기도 안성시 죽산면 죽산리,UzA5MDAwMjkyNQ==,,,75.8,0.0,27.5,25.0,15.0,7.5,25.0
경기,41,안성시,41550,중,안성중학교,,경기도 안성시 금산동,UzA5MDAwMjkyMQ==,,,74.0,0.0,29.3,17.9,17.0,9.6,26.2
경기,41,안성시,41550,중,비룡중학교,,경기도 안성시 당왕동,UzA5MDAwNTM5OA==,,,72.8,0.0,23.7,21.5,20.2,13.2,21.5
경기,41,안성시,41550,중,일죽중학교,,경기도 안성시 일죽면 송천리,UzA5MDAwMjkyNA==,,,67.2,0.0,19.2,11.5,15.4,19.2,34.6
경기,41,안성시,41550,중,한겨레중학교,,경기도 안성시 죽산면 칠장리,UzA5MDAwNTMyMQ==,,,57.1,0.0,25.0,12.5,0.0,0.0,62.5
경기,41,단원구,41273,중,양지중학교,,경기도 안산시 단원구 고잔1동,UzA5MDAwMjcwNg==,,,79.8,0.0,34.9,25.2,18.5,9.4,12.1
경기,41,단원구,41273,중,중앙중학교,,경기도 안산시 단원구 고잔2동,UzA5MDAwMjcxMw==,,,79.8,0.0,39.9,22.0,15.8,7.0,15.4
경기,41,단원구,41273,중,신길중학교,,경기도 안산시 단원구 신길동,UzA5MDAwNTY4OQ==,,,78.9,0.0,29.0,29.0,17.7,12.4,11.8
경기,41,단원구,41273,중,단원중학교,,경기 안산시 단원구 고잔동,UzA5MDAwNTM5NA==,,,77.7,0.0,28.6,28.1,18.4,11.9,13.0
경기,41,단원구,41273,중,와동중학교,,경기도 안산시 단원구 와동 1~400,UzA5MDAwMjcwOA==,,,77.2,0.0,31.9,21.3,18.4,11.3,17.0
경기,41,단원구,41273,중,초지중학교,,경기도 안산시 단원구 광덕3로 48,UzA5MDAwNDk3OQ==,,,76.1,0.0,28.6,22.2,16.9,13.8,18.5
경기,41,단원구,41273,중,별망중학교,,경기도 안산시 단원구 초지동,UzA5MDAwMjY4OQ==,,,74.9,0.0,31.5,20.1,13.6,12.0,22.8
경기,41,단원구,41273,중,송호중학교,,경기도 안산시 단원구 광덕3로 240,UzA5MDAwMjY5OQ==,,,73.9,0.0,27.8,23.7,14.9,8.2,25.3
경기,41,단원구,41273,중,선부중학교,,경기 안산시 단원구 달미로 95,UzA5MDAwMjY5Mw==,,,73.7,0.0,23.8,21.2,20.7,11.9,22.3
경기,41,단원구,41273,중,원곡중학교,,경기도 안산시 단원구 원곡동,UzA5MDAwMjcwOQ==,,,70.7,0.0,11.1,24.7,22.7,18.3,23.3
경기,41,단원구,41273,중,관산중학교,,경기도 안산시 단원구 원곡동,UzA5MDAwMjY4NA==,,,70.5,0.0,37.2,10.3,9.0,3.8,39.7
경기,41,단원구,41273,중,원일중학교,,경기도 안산시 단원구 선부동,UzA5MDAwMjcxMA==,,,70.4,0.0,11.1,25.9,24.8,12.2,25.9
경기,41,단원구,41273,중,대부중학교,,경기도 안산시 단원구 대부중앙로 3,UzA5MDAwMjY4Ng==,,,67.1,0.0,12.5,33.3,8.3,8.3,37.5
경기,41,단원구,41273,중,석수중학교,,경기도 안산시 단원구 선부로 133,UzA5MDAwNTQwMQ==,,,62.0,0.0,11.8,15.7,16.3,12.4,43.8
경기,41,단원구,41273,중,선일중학교,,경기도 안산시 단원구 선부2동,UzA5MDAwNDg2Nw==,,,57.2,0.0,7.2,11.6,11.6,13.0,56.5
경기,41,상록구,41271,중,성안중학교,,경기도 안산시 상록구 석호로 81,UzA5MDAwMjY5NA==,,,77.6,0.0,36.1,22.4,12.7,7.3,21.5
경기,41,상록구,41271,중,성포중학교,,경기도 안산시 상록구 월피동,UzA5MDAwMjY5Ng==,,,76.1,0.0,28.3,28.3,19.9,4.8,18.7
경기,41,상록구,41271,중,안산해솔중학교,,경기도 안산시 상록구 해양5로 10,UzA5MDAwNzQ0Mg==,,,75.9,0.0,29.7,22.5,16.4,13.7,17.7
경기,41,상록구,41271,중,이호중학교,,경기도 안산시 상록구 본오동,UzA5MDAwNTc1NQ==,,,74.9,0.0,23.2,28.7,14.7,15.1,18.4
경기,41,상록구,41271,중,시곡중학교,,경기도 안산시 상록구 사동,UzA5MDAwMjcwMA==,,,74.7,0.0,19.2,26.8,20.6,16.0,17.4
경기,41,상록구,41271,중,상록중학교,,경기도 안산시 상록구 본오3동,UzA5MDAwMjY5MQ==,,,74.3,0.0,19.8,28.6,24.0,7.3,20.3
경기,41,상록구,41271,중,안산해양중학교,,경기도 안산시 상록구 해양로 11,UzA5MDAwNTQyMA==,,,73.9,0.0,20.4,27.1,16.6,13.8,22.1
경기,41,상록구,41271,중,경수중학교,,경기도 안산시 상록구 성포동,UzA5MDAwMjY4Mw==,,,73.8,0.0,15.5,26.7,26.7,12.4,18.6
경기,41,상록구,41271,중,광덕중학교,,경기도 안산시 상록구 월피동,UzA5MDAwNTI2OA==,,,70.5,0.0,11.9,20.3,20.3,25.4,22.0
경기,41,상록구,41271,중,본오중학교,,경기도 안산시 상록구 본오1동,UzA5MDAwMjY5MA==,,,69.9,0.0,18.2,20.0,17.9,13.2,30.7
경기,41,상록구,41271,중,반월중학교,,경기도 안산시 상록구 팔곡1동,UzA5MDAwMjY4OA==,,,69.6,0.0,25.0,22.9,13.5,8.3,30.2
경기,41,상록구,41271,중,안산부곡중학교,,경기도 안산시 상록구 부곡동,UzA5MDAwMjcwNA==,,,68.9,0.0,14.6,20.0,18.5,19.2,27.7
경기,41,상록구,41271,중,안산성호중학교,,경기도 안산시 상록구 구룡서길 21-11,UzA5MDAwNTQwNQ==,,,68.3,0.0,17.2,21.7,16.7,10.3,34.0
경기,41,상록구,41271,중,안산중학교,,경기 안산시 상록구 장상동,UzA5MDAwMjcwNQ==,,,65.4,0.0,14.1,14.1,10.9,20.3,40.6
경기,41,상록구,41271,중,석호중학교,,경기도 안산시 상록구 사동,UzA5MDAwNTI2Ng==,,,57.2,0.0,13.8,16.9,12.3,3.1,53.8
경기,41,포천시,41650,중,영중중학교,,경기도 포천시 영중면 양문로1길 23,UzA5MDAwNDE3MQ==,,,77.5,0.0,17.2,24.1,31.0,20.7,6.9
경기,41,포천시,41650,중,갈월중학교,,경기도 포천시 소흘읍 이가팔리,UzA5MDAwNDE2NA==,,,76.7,0.0,34.1,23.2,19.5,6.1,17.1
경기,41,포천시,41650,중,포천여자중학교,,경기도 포천시 신북면 가채리,UzA5MDAwNDE3NA==,,,76.6,0.0,20.6,25.2,26.7,13.7,13.7
경기,41,포천시,41650,중,송우중학교,,경기도 포천시 소흘읍 송우리,UzA5MDAwNTI4Nw==,,,75.4,0.0,18.0,25.6,25.6,18.0,12.8
경기,41,포천시,41650,중,관인중학교,,경기도 포천시 관인면 탄동리,UzA5MDAwNDE2Ng==,,,74.8,0.0,12.5,50.0,0.0,12.5,25.0
경기,41,포천시,41650,중,내촌중학교,,경기도 포천시 내촌면 금강로2259번길 7-7,UzA5MDAwNDE2Nw==,,,73.6,0.0,26.7,13.3,6.7,20.0,33.3
경기,41,포천시,41650,중,포천중학교,,경기도 포천시 신북면 중앙로207번길 65,UzA5MDAwNDE3NQ==,,,72.7,0.0,14.7,22.1,24.3,19.1,19.9
경기,41,포천시,41650,중,이동중학교,,경기도 포천시 이동면 장암리,UzA5MDAwNDE3Mg==,,,71.5,0.0,13.6,31.8,13.6,13.6,27.3
경기,41,포천시,41650,중,동남중학교,,경기도 포천시 소흘읍 송우1리,UzA5MDAwNDE2OA==,,,69.9,0.0,27.5,14.7,12.7,8.8,36.3
경기,41,포천시,41650,중,대경중학교,,경기도 포천시 소흘읍 봉솔로 23,UzA5MDAwNDk5OQ==,,,69.3,0.0,20.2,16.7,13.2,20.2,29.8
경기,41,포천시,41650,중,영북중학교,,경기도 포천군 영북면 운천리,UzA5MDAwNDE3MA==,,,66.0,0.0,12.5,17.5,12.5,22.5,35.0
경기,41,포천시,41650,중,경북중학교,,경기도 포천시 가산면 감암리,UzA5MDAwNDE2NQ==,,,64.1,0.0,5.0,20.0,30.0,10.0,35.0
경기,41,포천시,41650,중,일동중학교,,경기도 포천시 일동면 기산4리,UzA5MDAwNDE3Mw==,,,56.8,0.0,6.5,12.9,16.1,8.6,55.9
경기,41,포천시,41650,중,삼성중학교,,경기도 포천시 신북면 삼성당길 7,UzA5MDAwNDE2OQ==,,,47.8,0.0,0.0,0.0,0.0,50.0,50.0
충북,43,서원구,43112,중,현도중학교,,,UzExMDAwMDgwNw==,,,84.8,0.0,25.0,50.0,25.0,0.0,0.0
충북,43,서원구,43112,중,운호중학교,,,UzExMDAwMDkwNg==,,,79.9,0.0,38.8,16.4,19.8,11.2,13.8
충북,43,서원구,43112,중,성화중학교,,,UzExMDAwMTg4MQ==,,,78.9,0.0,25.0,36.2,15.5,9.5,13.8
충북,43,서원구,43112,중,충북여자중학교,,,UzExMDAwMDkyMw==,,,78.7,0.0,27.7,33.0,13.8,11.7,13.8
충북,43,서원구,43112,중,세광중학교,,,UzExMDAwMDkwMg==,,,77.0,0.0,30.6,21.3,17.5,16.3,14.4
충북,43,서원구,43112,중,청주남중학교,,,UzExMDAwMDkxNA==,,,76.3,0.0,33.9,23.2,16.1,3.6,23.2
충북,43,서원구,43112,중,원평중학교,,,UzExMDAwMTg0Ng==,,,74.2,0.0,23.1,19.5,21.0,14.4,22.1
충북,43,서원구,43112,중,남성중학교,,,UzExMDAwMDg5NA==,,,74.1,0.0,20.5,20.5,21.9,21.0,16.0
충북,43,서원구,43112,중,청주여자중학교,,,UzExMDAwMDkxOQ==,,,73.2,0.0,19.5,28.0,16.9,11.9,23.7
충북,43,서원구,43112,중,산남중학교,,,UzExMDAwMTg4MA==,,,72.5,0.0,15.2,24.7,21.8,17.7,20.6
충북,43,서원구,43112,중,수곡중학교,,,UzExMDAwMDkwMw==,,,69.6,0.0,23.4,13.3,13.3,19.0,31.0
충북,43,흥덕구,43113,중,솔밭중학교,,,UzExMDAwMTk1Nw==,,,81.2,0.0,37.3,25.7,16.7,11.6,8.7
충북,43,흥덕구,43113,중,서현중학교,,,UzExMDAwMTk1NA==,,,78.5,0.0,29.5,24.4,20.7,12.0,13.4
충북,43,흥덕구,43113,중,서경중학교,,,UzExMDAwMTg0Nw==,,,77.2,0.0,32.9,21.7,16.2,12.6,16.6
충북,43,흥덕구,43113,중,대성중학교,,,UzExMDAwMDg5Ng==,,,76.1,0.0,30.8,27.8,13.0,8.9,19.5
충북,43,흥덕구,43113,중,한국교원대학교부설미호중학교,,,UzAwMDAwMzUzNQ==,,,75.2,0.0,22.6,27.4,25.5,7.5,17.0
충북,43,흥덕구,43113,중,송절중학교,,,UzExMDAwMTg3Nw==,,,75.2,0.0,20.6,20.1,25.8,20.6,12.9
충북,43,흥덕구,43113,중,충북대학교사범대학부설중학교,,,UzAwMDAwMzU3MA==,,,74.7,0.0,23.6,22.5,19.4,16.2,18.3
충북,43,흥덕구,43113,중,경덕중학교,,,UzExMDAwMDg5Mw==,,,74.6,0.0,31.6,17.9,18.4,7.1,25.0
충북,43,흥덕구,43113,중,가경중학교,,,UzExMDAwMDg5Mg==,,,73.2,0.0,16.3,30.6,20.6,11.9,20.6
충북,43,흥덕구,43113,중,옥산중학교,,,UzExMDAwMDgwNg==,,,71.7,0.0,11.1,26.7,19.3,20.0,23.0
충북,43,흥덕구,43113,중,오송중학교,,,UzExMDAwMTkxOA==,,,71.5,0.0,17.8,24.8,19.2,10.3,28.0
충북,43,흥덕구,43113,중,솔강중학교,,,UzExMDAwMjMzMw==,,,71.4,0.0,17.9,23.9,24.8,10.3,23.1
충북,43,흥덕구,43113,중,복대중학교,,,UzExMDAwMDg5OA==,,,70.6,0.0,14.6,17.9,23.3,18.3,25.9
충북,43,흥덕구,43113,중,서원중학교,,,UzExMDAwMDkwMQ==,,,69.8,0.0,20.0,14.6,18.3,15.9,31.2
충북,43,흥덕구,43113,중,봉명중학교,,,UzExMDAwMDg5OQ==,,,66.7,0.0,22.7,16.2,15.2,10.1,35.9
충북,43,상당구,43111,중,운동중학교,,,UzExMDAwMTg3NQ==,,,79.9,0.0,39.0,19.9,16.6,10.8,13.7
충북,43,상당구,43111,중,대성여자중학교,,,UzExMDAwMDg5NQ==,,,77.9,0.0,33.6,27.3,10.9,7.3,20.9
충북,43,상당구,43111,중,미원중학교,,,UzExMDAwMDgwMQ==,,,75.9,0.0,26.7,13.3,40.0,13.3,6.7
충북,43,상당구,43111,중,청주동중학교,,충북 청주시 상당구 금천동,UzExMDAwMDkxNQ==,,,75.4,0.0,21.7,30.0,16.6,14.7,17.1
충북,43,상당구,43111,중,문의중학교,,,UzExMDAwMDgwMA==,,,74.5,0.0,38.5,23.1,15.4,0.0,23.1
충북,43,상당구,43111,중,청운중학교,,,UzExMDAwMDkxMg==,,,74.4,0.0,25.1,22.5,19.8,13.7,18.9
충북,43,상당구,43111,중,용성중학교,,,UzExMDAwMTg3Ng==,,,74.1,0.0,25.7,19.7,15.6,15.1,23.9
충북,43,상당구,43111,중,원봉중학교,,,UzExMDAwMDkwNw==,,,73.1,0.0,18.4,20.4,22.4,19.6,19.2
충북,43,상당구,43111,중,금천중학교,,충북 청주시 상당구 금천동,UzExMDAwMTg3Mw==,,,72.6,0.0,20.8,20.8,20.2,15.3,22.8
충북,43,상당구,43111,중,용암중학교,,충북 청주시 상당구 용암동,UzExMDAwMDkwNQ==,,,72.4,0.0,17.8,22.4,22.8,14.2,22.8
충북,43,상당구,43111,중,청주중학교,,,UzExMDAwMDkyMg==,,,72.2,0.0,26.7,22.1,14.5,13.4,23.3
충북,43,상당구,43111,중,가덕중학교,,,UzExMDAwMDc5OA==,,,71.4,0.0,29.4,35.3,5.9,0.0,29.4
충북,43,상당구,43111,중,일신여자중학교,,,UzExMDAwMDkwOQ==,,,67.8,0.0,10.4,18.4,13.6,27.2,30.4
충북,43,청원구,43114,중,생명중학교,,,UzExMDAwMjMwNg==,,,78.3,0.0,37.4,16.8,18.7,11.2,15.9
충북,43,청원구,43114,중,주성중학교,,,UzExMDAwMDkxMA==,,,77.8,0.0,29.7,32.0,11.7,12.2,14.4
충북,43,청원구,43114,중,양청중학교,,충북 청원군 오창읍 양청리,UzExMDAwMjAwMg==,,,76.3,0.0,29.1,23.8,16.5,12.6,18.0
충북,43,청원구,43114,중,각리중학교,,,UzExMDAwMTg4NQ==,,,75.8,0.0,28.9,23.3,16.4,9.7,21.7
충북,43,청원구,43114,중,율량중학교,,충북 청주시 청원구 주중동,UzExMDAwMDkwOA==,,,75.0,0.0,23.5,25.7,21.2,10.2,19.5
충북,43,청원구,43114,중,청주중앙여자중학교,,충북 청주시 상당구 사천동,UzExMDAwMDkyMA==,,,73.5,0.0,24.8,20.5,18.0,13.7,23.0
충북,43,청원구,43114,중,오창중학교,,,UzExMDAwMDgwNA==,,,72.4,0.0,11.7,25.7,23.8,19.9,18.9
충북,43,청원구,43114,중,청주중앙중학교,,,UzExMDAwMDkyMQ==,,,71.9,0.0,27.7,20.2,11.0,16.2,24.9
충북,43,청원구,43114,중,내수중학교,,,UzExMDAwMDc5OQ==,,,68.0,0.0,7.2,20.3,20.9,27.5,24.2
충북,43,증평군,43745,중,증평여자중학교,,,UzExMDAwMDI3MQ==,,,80.2,0.0,33.6,26.9,16.8,14.3,8.4
충북,43,증평군,43745,중,형석중학교,,,UzExMDAwMDI3Nw==,,,72.9,0.0,24.1,18.1,16.9,16.9,24.1
충북,43,증평군,43745,중,증평중학교,,,UzExMDAwMDI3Mg==,,,71.0,0.0,12.3,21.7,23.9,21.7,20.3
충북,43,음성군,43770,중,매괴여자중학교,,,UzExMDAwMDYxNw==,,,85.1,0.0,40.9,22.7,22.7,4.5,9.1
충북,43,음성군,43770,중,한일중학교,,,UzExMDAwMDYyMw==,,,80.5,0.0,20.0,48.6,14.3,8.6,8.6
충북,43,음성군,43770,중,음성여자중학교,,,UzExMDAwMDYyMQ==,,,77.6,0.0,15.8,35.1,29.8,8.8,10.5
충북,43,음성군,43770,중,감곡중학교,,,UzExMDAwMDYxNA==,,,72.9,0.0,18.5,29.6,14.8,11.1,25.9
충북,43,음성군,43770,중,음성중학교,,,UzExMDAwMDYyMg==,,,72.2,0.0,21.9,12.5,18.8,21.9,25.0
충북,43,음성군,43770,중,삼성중학교,,,UzExMDAwMDYxOQ==,,,72.0,0.0,24.0,16.0,24.0,4.0,32.0
충북,43,음성군,43770,중,무극중학교,,,UzExMDAwMDYxOA==,,,71.4,0.0,25.8,18.9,15.7,12.6,27.0
충북,43,음성군,43770,중,생극중학교,,,UzExMDAwMDYyMA==,,,69.9,0.0,2.2,24.4,26.7,22.2,24.4
충북,43,음성군,43770,중,대소중학교,,,UzExMDAwMDYxNg==,,,63.8,0.0,12.2,14.4,16.5,14.4,42.4
충북,43,음성군,43770,중,동성중학교,,,UzExMDAwMTk5Nw==,,,63.5,0.0,9.2,16.8,16.3,16.3,41.3
충북,43,보은군,43720,중,속리산중학교,,,UzExMDAwMDQyMA==,,,77.2,0.0,21.1,31.6,26.3,10.5,10.5
충북,43,보은군,43720,중,보은여자중학교,,,UzExMDAwMDQxNw==,,,76.3,0.0,31.3,10.4,22.4,20.9,14.9
충북,43,보은군,43720,중,보은중학교,,,UzExMDAwMDQxOA==,,,71.4,0.0,12.9,24.3,22.9,18.6,21.4
충북,43,보은군,43720,중,회인중학교,,,UzExMDAwMDQyMQ==,,,70.8,0.0,10.0,20.0,20.0,40.0,10.0
충북,43,보은군,43720,중,보덕중학교,,,UzExMDAwMDQxNg==,,,60.8,0.0,23.5,0.0,17.6,11.8,47.1
충북,43,옥천군,43730,중,옥천여자중학교,,,UzExMDAwMDU2MQ==,,,82.4,0.0,41.7,22.9,16.0,11.8,7.6
충북,43,옥천군,43730,중,안내중학교,,,UzExMDAwMDU2MA==,,,75.6,0.0,40.0,40.0,0.0,0.0,20.0
충북,43,옥천군,43730,중,이원중학교,,,UzExMDAwMDU2Mw==,,,75.3,0.0,27.8,22.2,16.7,16.7,16.7
충북,43,옥천군,43730,중,옥천중학교,,,UzExMDAwMDU2Mg==,,,68.7,0.0,14.7,18.1,15.8,21.5,29.9
충북,43,옥천군,43730,중,청산중학교,,,UzExMDAwMDU2NQ==,,,66.2,0.0,9.1,27.3,18.2,27.3,18.2
충북,43,충주시,43130,중,충주미덕중학교,,,UzExMDAwMDk4MQ==,,,84.9,0.0,42.1,30.5,15.2,9.1,3.0
충북,43,충주시,43130,중,충주여자중학교,,,UzExMDAwMDk5Mg==,,,79.2,0.0,33.1,20.4,17.8,19.1,9.6
충북,43,충주시,43130,중,노은중학교,,충북 충주시 노은면 감노로 1387,UzExMDAwMDk4MA==,,,78.8,0.0,33.3,16.7,33.3,16.7,0.0
충북,43,충주시,43130,중,신명중학교,,,UzExMDAwMDk4NQ==,,,78.4,0.0,18.2,40.9,9.1,22.7,9.1
충북,43,충주시,43130,중,충주대소원중학교,,,UzExMDAwMjI5Mw==,,,77.8,0.0,26.1,21.7,26.1,13.0,13.0
충북,43,충주시,43130,중,중원중학교,,,UzExMDAwMDk4OQ==,,,77.6,0.0,20.6,26.5,26.5,20.6,5.9
충북,43,충주시,43130,중,산척중학교,,,UzExMDAwMDk4Mg==,,,77.4,0.0,28.6,14.3,42.9,0.0,14.3
충북,43,충주시,43130,중,충주예성여자중학교,,,UzExMDAwMDk5Mw==,,,75.7,0.0,21.0,26.5,23.5,12.3,16.7
충북,43,충주시,43130,중,주덕중학교,,,UzExMDAwMDk4OA==,,,75.4,0.0,9.1,36.4,27.3,13.6,13.6
충북,43,충주시,43130,중,앙성중학교,,,UzExMDAwMDk4Ng==,,,74.8,0.0,22.2,33.3,11.1,11.1,22.2
충북,43,충주시,43130,중,중앙탑중학교,,,UzExMDAwMjIxMg==,,,73.5,0.0,12.8,26.2,26.7,19.3,15.0
충북,43,충주시,43130,중,충주중학교,,,UzExMDAwMDk5Ng==,,,73.4,0.0,18.2,29.1,18.8,12.7,21.2
충북,43,충주시,43130,중,탄금중학교,,,UzExMDAwMTg0Mw==,,,73.1,0.0,16.7,25.3,19.1,16.7,22.2
충북,43,충주시,43130,중,충주북여자중학교,,,UzExMDAwMDk5MQ==,,,72.9,0.0,24.8,21.2,16.8,13.9,23.4
충북,43,충주시,43130,중,칠금중학교,,,UzExMDAwMTg0Mg==,,,72.5,0.0,18.8,19.4,20.8,19.4,21.5
충북,43,충주시,43130,중,충일중학교,,,UzExMDAwMDk5MA==,,,67.7,0.0,12.5,15.6,25.5,17.2,29.2
충북,43,충주시,43130,중,수안보중학교,,충북 충주시 수안보면 관동길 18,UzExMDAwMDk4Mw==,,,66.5,0.0,16.7,16.7,0.0,33.3,33.3
충북,43,충주시,43130,중,충주중앙중학교,,,UzExMDAwMDk5NA==,,,64.5,0.0,8.7,19.6,18.1,17.4,36.2
충북,43,충주시,43130,중,신니중학교,,,UzExMDAwMDk4NA==,,,62.5,0.0,0.0,50.0,0.0,0.0,50.0
충북,43,제천시,43150,중,한송중학교,,,UzExMDAwMDY3OA==,,,84.0,0.0,50.0,25.0,25.0,0.0,0.0
충북,43,제천시,43150,중,청풍중학교,,,UzExMDAwMDY3Ng==,,,81.1,0.0,14.3,57.1,14.3,0.0,14.3
충북,43,제천시,43150,중,제천여자중학교,,,UzExMDAwMDY3NA==,,,81.1,0.0,33.3,30.1,19.7,8.2,8.7
충북,43,제천시,43150,중,제천덕산중학교,,,UzExMDAwMDY3Mg==,,,79.8,0.0,20.0,40.0,20.0,0.0,20.0
충북,43,제천시,43150,중,대제중학교,,,UzExMDAwMDY2NQ==,,,76.9,0.0,20.1,32.9,21.3,11.0,14.6
충북,43,제천시,43150,중,내토중학교,,,UzExMDAwMTg0NA==,,,74.9,0.0,23.7,27.3,16.5,15.1,17.3
충북,43,제천시,43150,중,송학중학교,,,UzExMDAwMDY2OA==,,,73.2,0.0,25.0,18.8,18.8,12.5,25.0
충북,43,제천시,43150,중,봉양중학교,,,UzExMDAwMDY2Nw==,,,72.3,0.0,8.3,41.7,8.3,25.0,16.7
충북,43,제천시,43150,중,의림여자중학교,,,UzExMDAwMDY3MQ==,,,71.9,0.0,20.4,18.8,14.4,22.7,23.8
충북,43,제천시,43150,중,제천중학교,,,UzExMDAwMDY3NQ==,,,71.2,0.0,17.4,27.3,14.9,12.4,28.0
충북,43,제천시,43150,중,백운중학교,,,UzExMDAwMDY2Ng==,,,67.4,0.0,7.1,21.4,21.4,14.3,35.7
충북,43,제천시,43150,중,제천동중학교,,,UzExMDAwMDY3Mw==,,,65.5,0.0,20.3,11.4,20.3,10.6,37.4
충북,43,영동군,43740,중,심천중학교,,,UzExMDAwMDQ4Mw==,,,82.3,0.0,44.4,11.1,33.3,0.0,11.1
충북,43,영동군,43740,중,정수중학교,,,UzExMDAwMDQ4OQ==,,,80.1,0.0,26.7,33.3,26.7,0.0,13.3
충북,43,영동군,43740,중,영신중학교,,,UzExMDAwMDQ4Nw==,,,79.4,0.0,32.9,28.6,20.0,7.1,11.4
충북,43,영동군,43740,중,영동중학교,,,UzExMDAwMDQ4NQ==,,,73.4,0.0,18.3,24.3,19.1,17.4,20.9
충북,43,영동군,43740,중,학산중학교,,,UzExMDAwMDQ5MQ==,,,71.8,0.0,0.0,33.3,33.3,16.7,16.7
충북,43,영동군,43740,중,새너울중학교,,,UzExMDAwMjE2MQ==,,,70.2,0.0,17.3,19.2,15.4,23.1,25.0
충북,43,영동군,43740,중,추풍령중학교,,,UzExMDAwMDQ5MA==,,,66.1,0.0,10.0,20.0,10.0,20.0,40.0
충북,43,진천군,43750,중,진천여자중학교,,,UzExMDAwMDc2Nw==,,,81.0,0.0,34.5,24.2,22.4,8.5,10.3
충북,43,진천군,43750,중,광혜원중학교,,,UzExMDAwMDc2Mw==,,,74.2,0.0,27.8,25.0,11.8,13.2,22.2
충북,43,진천군,43750,중,서전중학교,,,UzExMDAwMjE3Mg==,,,72.8,0.0,24.9,17.2,18.1,15.1,24.6
충북,43,진천군,43750,중,진천중학교,,,UzExMDAwMDc2OA==,,,71.9,0.0,15.4,23.7,18.9,19.5,22.5
충북,43,진천군,43750,중,충북체육중학교,,,UzExMDAwMjMxOA==,,,71.4,0.0,15.0,10.0,30.0,25.0,20.0
충북,43,진천군,43750,중,이월중학교,,,UzExMDAwMDc2Ng==,,,67.1,0.0,14.8,22.2,7.4,22.2,33.3
충북,43,진천군,43750,중,덕산중학교,,,UzExMDAwMDc2NA==,,,66.9,0.0,18.4,13.2,15.8,13.2,39.5
충북,43,괴산군,43760,중,청천중학교,,,UzExMDAwMDI3NA==,,,84.7,0.0,28.6,57.1,0.0,0.0,14.3
충북,43,괴산군,43760,중,괴산북중학교,,,UzExMDAwMDI2MQ==,,,79.5,0.0,35.7,23.8,23.8,4.8,11.9
충북,43,괴산군,43760,중,송면중학교,,,UzExMDAwMDI2Nw==,,,77.6,0.0,14.3,42.9,28.6,0.0,14.3
충북,43,괴산군,43760,중,괴산중학교,,,UzExMDAwMDI2Mw==,,,74.5,0.0,3.4,34.5,37.9,10.3,13.8
충북,43,괴산군,43760,중,괴산오성중학교,,,UzExMDAwMjEzMQ==,,,74.0,0.0,18.8,28.1,12.5,18.8,21.9
충북,43,괴산군,43760,중,연풍중학교,,,UzExMDAwMDI2OQ==,,,73.0,0.0,33.3,0.0,33.3,0.0,33.3
충북,43,괴산군,43760,중,칠성중학교,,,UzExMDAwMDI3NQ==,,,66.8,0.0,0.0,40.0,20.0,20.0,20.0
충북,43,괴산군,43760,중,청안중학교,,,UzExMDAwMDI3Mw==,,,65.5,0.0,0.0,25.0,25.0,0.0,50.0
충북,43,단양군,43800,중,단양중학교,,,UzExMDAwMDM1Mw==,,,78.6,0.0,46.2,16.1,10.8,8.6,18.3
충북,43,단양군,43800,중,매포중학교,,,UzExMDAwMDM1NA==,,,75.7,0.0,27.3,15.2,24.2,18.2,15.2
충북,43,단양군,43800,중,단양소백산중학교,,,UzExMDAwMjE3MA==,,,74.7,0.0,10.0,40.0,10.0,10.0,30.0
충북,43,단양군,43800,중,단성중학교,,,UzExMDAwMDM1MQ==,,,72.9,0.0,20.0,20.0,13.3,20.0,26.7
충북,43,단양군,43800,중,영춘중학교,,,UzExMDAwMDM1Ng==,,,56.5,0.0,25.0,25.0,0.0,0.0,50.0
충남,44,서북구,44133,중,천안불무중학교,,,UzEyMDAwMjg5MQ==,,,83.5,0.0,47.8,21.3,16.0,4.6,10.2
충남,44,서북구,44133,중,천안동성중학교,,,UzEyMDAwMDczNw==,,,82.4,0.0,35.0,28.0,21.0,9.0,7.0
충남,44,서북구,44133,중,천안불당중학교,,,UzEyMDAwMjUwOA==,,,81.6,0.0,40.2,25.1,15.6,7.7,11.5
충남,44,서북구,44133,중,천안쌍용중학교,,,UzEyMDAwMDc1Mw==,,,80.2,0.0,45.0,20.0,8.2,11.6,15.3
충남,44,서북구,44133,중,천안월봉중학교,,,UzEyMDAwMjUxMA==,,,79.7,0.0,38.8,21.2,12.8,10.9,16.2
충남,44,서북구,44133,중,환서중학교,,,UzEyMDAwMjcxNA==,,,78.7,0.0,33.1,25.2,17.7,10.5,13.4
충남,44,서북구,44133,중,천안가람중학교,,,UzEyMDAwMjk3NQ==,,,78.5,0.0,28.6,27.4,17.7,14.3,12.0
충남,44,서북구,44133,중,성환중학교,,,UzEyMDAwMDc0MQ==,,,77.3,0.0,31.0,28.2,15.5,9.9,15.5
충남,44,서북구,44133,중,입장중학교,,,UzEyMDAwMDc0Mw==,,,74.7,0.0,30.2,23.3,14.0,11.6,20.9
충남,44,서북구,44133,중,천안성정중학교,,,UzEyMDAwMDc1Mg==,,,73.6,0.0,26.0,22.6,13.0,13.3,25.1
충남,44,서북구,44133,중,천안봉서중학교,,,UzEyMDAwMDc0OA==,,,72.6,0.0,35.2,15.2,6.2,16.6,26.9
충남,44,서북구,44133,중,천안오성중학교,,,UzEyMDAwMjQ1OQ==,,,72.1,0.0,17.8,18.5,22.2,17.4,24.1
충남,44,서북구,44133,중,천안백석중학교,,,UzEyMDAwMjQ2MQ==,,,71.6,0.0,17.8,23.8,16.7,18.2,23.4
충남,44,서북구,44133,중,천안성성중학교,,,UzEyMDAwMjQ2MA==,,,70.8,0.0,26.1,18.7,14.1,9.2,32.0
충남,44,서북구,44133,중,천안부성중학교,,,UzEyMDAwMDc0OQ==,,,69.6,0.0,17.3,17.8,14.7,22.0,28.3
충남,44,서북구,44133,중,천안두정중학교,,,UzEyMDAwMDc0Nw==,,,66.6,0.0,16.7,18.3,15.7,13.1,36.3
충남,44,보령시,44180,중,주산중학교,,,UzEyMDAwMTA2Mg==,,,94.0,0.0,100.0,0.0,0.0,0.0,0.0
충남,44,보령시,44180,중,남포중학교,,,UzEyMDAwMTA1Mw==,,,86.8,0.0,60.0,20.0,10.0,0.0,10.0
충남,44,보령시,44180,중,한내여자중학교,,,UzEyMDAwMTA2Ng==,,,84.4,0.0,47.6,22.1,13.8,12.4,4.1
충남,44,보령시,44180,중,웅천중학교,,,UzEyMDAwMTA2MA==,,,79.0,0.0,38.1,23.8,4.8,14.3,19.0
충남,44,보령시,44180,중,대천서중학교,,,UzEyMDAwMTA1NQ==,,,77.6,0.0,20.0,30.0,20.0,20.0,10.0
충남,44,보령시,44180,중,미산중학교,,,UzEyMDAwMTA1OA==,,,76.6,0.0,26.7,26.7,20.0,6.7,20.0
충남,44,보령시,44180,중,대명중학교,,,UzEyMDAwMTA1NA==,,,76.5,0.0,20.0,27.8,21.7,17.4,13.0
충남,44,보령시,44180,중,청라중학교,,,UzEyMDAwMTA2NA==,,,71.2,0.0,25.0,7.5,17.5,27.5,22.5
충남,44,보령시,44180,중,천북중학교,,,UzEyMDAwMTA2Mw==,,,70.8,0.0,50.0,0.0,0.0,0.0,50.0
충남,44,보령시,44180,중,보령중학교,,,UzEyMDAwMTA1OQ==,,,69.6,0.0,20.0,20.0,13.3,13.3,33.3
충남,44,보령시,44180,중,대천중학교,,,UzEyMDAwMTA1Nw==,,,67.3,0.0,23.4,12.6,13.8,12.0,38.3
충남,44,보령시,44180,중,대천여자중학교,,,UzEyMDAwMTA1Ng==,,,67.1,0.0,7.1,14.9,26.0,22.7,29.2
충남,44,계룡시,44250,중,계룡중학교,,,UzEyMDAwMjU0NQ==,,,77.1,0.0,30.0,21.1,18.4,19.3,11.2
충남,44,계룡시,44250,중,용남중학교,,,UzEyMDAwMDQzOQ==,,,77.1,0.0,29.3,22.9,14.4,20.7,12.8
충남,44,계룡시,44250,중,엄사중학교,,,UzEyMDAwMDQzNA==,,,71.3,0.0,21.1,23.0,12.4,14.9,28.6
충남,44,동남구,44131,중,천안서여자중학교,,,UzEyMDAwMDc1MQ==,,,83.0,0.0,50.7,21.3,8.1,7.4,12.5
충남,44,동남구,44131,중,광풍중학교,,,UzEyMDAwMDczNg==,,,82.5,0.0,33.3,32.0,22.7,4.0,8.0
충남,44,동남구,44131,중,천남중학교,,,UzEyMDAwMDc0NA==,,,82.0,0.0,33.3,22.2,27.8,11.1,5.6
충남,44,동남구,44131,중,천안동중학교,,,UzEyMDAwMDc0Ng==,,,79.6,0.0,38.5,21.7,14.8,9.0,16.0
충남,44,동남구,44131,중,복자여자중학교,,,UzEyMDAwMDc0MA==,,,79.4,0.0,34.6,20.3,21.6,9.8,13.7
충남,44,동남구,44131,중,천안신방중학교,,,UzEyMDAwMjQ2Mg==,,,78.0,0.0,29.8,27.1,18.6,9.3,15.2
충남,44,동남구,44131,중,천안여자중학교,,,UzEyMDAwMDc1NA==,,,77.9,0.0,29.2,22.6,22.2,12.3,13.7
충남,44,동남구,44131,중,천성중학교,,,UzEyMDAwMDc0NQ==,,,77.3,0.0,27.5,27.5,14.2,15.8,15.0
충남,44,동남구,44131,중,천안용곡중학교,,,UzEyMDAwMjUwOQ==,,,76.2,0.0,31.2,19.4,19.7,10.4,19.4
충남,44,동남구,44131,중,천안중학교,,,UzEyMDAwMDc1NQ==,,,74.0,0.0,26.4,19.3,17.9,15.6,20.8
충남,44,동남구,44131,중,천안새샘중학교,,,UzEyMDAwMjY2NA==,,,73.1,0.0,18.9,21.8,18.9,18.3,22.1
충남,44,동남구,44131,중,천안계광중학교,,충남 천안시 동남구 봉명동,UzEyMDAwMDczNQ==,,,72.7,0.0,26.1,20.4,14.0,14.0,25.5
충남,44,동남구,44131,중,병천중학교,,,UzEyMDAwMDczOQ==,,,71.3,0.0,29.0,19.4,16.1,3.2,32.3
충남,44,동남구,44131,중,천안가온중학교,,,UzEyMDAwMjY3NA==,,,71.1,0.0,27.4,20.5,12.7,10.1,29.3
충남,44,동남구,44131,중,목천중학교,,,UzEyMDAwMDczOA==,,,66.2,0.0,17.8,15.1,20.5,15.1,31.5
충남,44,동남구,44131,중,천안북중학교,,,UzEyMDAwMDc1MA==,,,58.1,0.0,8.8,11.0,12.2,14.4,53.6
충남,44,아산시,44200,중,탕정중학교,,,UzEyMDAwMjY3MA==,,,82.0,0.0,42.2,24.4,13.2,8.9,11.2
충남,44,아산시,44200,중,한들물빛중학교,,,UzEyMDAwMjkzNw==,,,79.9,0.0,46.4,17.1,11.9,6.7,17.9
충남,44,아산시,44200,중,설화중학교,,,UzEyMDAwMjY3Mw==,,,79.4,0.0,41.9,17.8,14.5,8.7,17.2
충남,44,아산시,44200,중,인주중학교,,,UzEyMDAwMDU5Mg==,,,78.0,0.0,15.4,34.6,26.9,15.4,7.7
충남,44,아산시,44200,중,음봉중학교,,,UzEyMDAwMDU5MQ==,,,77.7,0.0,32.4,20.7,17.6,11.7,17.6
충남,44,아산시,44200,중,온양여자중학교,,,UzEyMDAwMDU4OA==,,,77.5,0.0,28.3,27.0,20.8,10.2,13.7
충남,44,아산시,44200,중,모종중학교,,,UzEyMDAwMjk4NA==,,,76.5,0.0,33.3,21.8,14.9,11.5,18.4
충남,44,아산시,44200,중,한올중학교,,,UzEyMDAwMDU5MA==,,,75.6,0.0,20.8,24.5,25.0,15.1,14.6
충남,44,아산시,44200,중,아산갈산중학교,,,UzEyMDAwMjk5NQ==,,,75.4,0.0,31.3,25.0,18.8,6.3,18.8
충남,44,아산시,44200,중,송남중학교,,,UzEyMDAwMDU4Mw==,,,75.3,0.0,21.8,30.9,16.4,12.7,18.2
충남,44,아산시,44200,중,아산중학교,,,UzEyMDAwMDU4NQ==,,,74.0,0.0,23.1,19.7,19.7,15.9,21.6
충남,44,아산시,44200,중,온양용화중학교,,,UzEyMDAwMjUyMw==,,,73.8,0.0,29.7,19.5,15.7,13.0,22.2
충남,44,아산시,44200,중,모산중학교,,,UzEyMDAwMjg4Ng==,,,73.5,0.0,28.9,14.2,18.8,13.9,24.2
충남,44,아산시,44200,중,아산배방중학교,,,UzEyMDAwMjYwMQ==,,,73.4,0.0,25.7,20.7,15.8,13.3,24.5
충남,44,아산시,44200,중,선도중학교,,,UzEyMDAwMDU4Mg==,,,72.3,0.0,33.3,11.1,22.2,0.0,33.3
충남,44,아산시,44200,중,영인중학교,,,UzEyMDAwMDU4Nw==,,,71.1,0.0,26.3,15.8,21.1,10.5,26.3
충남,44,아산시,44200,중,도고중학교,,,UzEyMDAwMDU3OQ==,,,70.0,0.0,38.5,7.7,0.0,7.7,46.2
충남,44,아산시,44200,중,온양중학교,,,UzEyMDAwMDU4OQ==,,,69.8,0.0,14.0,24.0,18.5,15.9,27.7
충남,44,아산시,44200,중,아산세교중학교,,,UzEyMDAwMjk5Mg==,,,68.1,0.0,7.4,11.1,25.9,29.6,25.9
충남,44,아산시,44200,중,둔포중학교,,,UzEyMDAwMDU4MA==,,,60.8,0.0,13.7,12.3,12.3,19.2,42.5
충남,44,아산시,44200,중,온양신정중학교,,,UzEyMDAwMjU1Ng==,,,56.5,0.0,5.7,8.6,14.9,9.7,61.1
충남,44,아산시,44200,중,아산테크노중학교,,,UzEyMDAwMjg4NQ==,,,54.3,0.0,11.9,9.0,11.9,14.1,53.1
충남,44,아산시,44200,중,신창중학교,,,UzEyMDAwMDU4NA==,,,53.6,0.0,10.8,7.2,11.4,12.6,58.1
충남,44,공주시,44150,중,유구중학교,,,UzEyMDAwMDI4Nw==,,,85.5,0.0,42.9,31.0,19.0,4.8,2.4
충남,44,공주시,44150,중,이인중학교,,,UzEyMDAwMDI4OA==,,,83.8,0.0,33.3,22.2,33.3,11.1,0.0
충남,44,공주시,44150,중,공주여자중학교,,,UzEyMDAwMDI3OQ==,,,82.3,0.0,43.6,25.4,12.2,7.7,11.0
충남,44,공주시,44150,중,공주북중학교,,,UzEyMDAwMDI3OA==,,,80.5,0.0,33.8,27.0,12.2,18.9,8.1
충남,44,공주시,44150,중,사곡중학교,,,UzEyMDAwMDI4NA==,,,80.4,0.0,50.0,25.0,0.0,0.0,25.0
충남,44,공주시,44150,중,국립공주대학교사범대학부설중학교,,,UzAwMDAwMzUwMQ==,,,80.1,0.0,47.1,23.5,7.8,5.9,15.7
충남,44,공주시,44150,중,우성중학교,,,UzEyMDAwMDI4Ng==,,,76.8,0.0,37.5,16.7,16.7,8.3,20.8
충남,44,공주시,44150,중,봉황중학교,,,UzEyMDAwMDI4Mw==,,,75.3,0.0,22.9,21.9,17.7,21.9,15.6
충남,44,공주시,44150,중,공주중학교,,,UzEyMDAwMDI4MQ==,,,74.9,0.0,25.5,17.3,18.4,16.3,22.4
충남,44,공주시,44150,중,반포중학교,,,UzEyMDAwMDI4Mg==,,,74.3,0.0,15.8,47.4,5.3,5.3,26.3
충남,44,공주시,44150,중,경천중학교,,,UzEyMDAwMDI3Nw==,,,71.6,0.0,12.5,25.0,12.5,37.5,12.5
충남,44,공주시,44150,중,탄천중학교,,,UzEyMDAwMDI5MQ==,,,70.5,0.0,12.5,25.0,25.0,12.5,25.0
충남,44,공주시,44150,중,정안중학교,,,UzEyMDAwMDI5MA==,,,69.1,0.0,26.7,0.0,26.7,6.7,40.0
충남,44,공주시,44150,중,공주영명중학교,,,UzEyMDAwMDI4MA==,,,68.8,0.0,33.3,8.9,6.7,4.4,46.7
충남,44,서천군,44770,중,한산중학교,,,UzEyMDAwMTAwOQ==,,,80.7,0.0,33.3,33.3,11.1,11.1,11.1
충남,44,서천군,44770,중,동강중학교,,,UzEyMDAwMDk5OA==,,,79.6,0.0,29.0,22.6,22.6,19.4,6.5
충남,44,서천군,44770,중,서천중학교,,,UzEyMDAwMTAwMw==,,,78.6,0.0,27.8,24.1,29.6,9.3,9.3
충남,44,서천군,44770,중,서천여자중학교,,,UzEyMDAwMTAwMg==,,,76.4,0.0,22.4,32.7,18.4,10.2,16.3
충남,44,서천군,44770,중,장항중학교,,,UzEyMDAwMTAwNg==,,,75.4,0.0,27.3,20.8,23.4,9.1,19.5
충남,44,서천군,44770,중,서림여자중학교,,,UzEyMDAwMTAwMA==,,,75.1,0.0,16.0,28.0,20.0,28.0,8.0
충남,44,서천군,44770,중,판교중학교,,,UzEyMDAwMTAwOA==,,,69.9,0.0,15.8,26.3,15.8,15.8,26.3
충남,44,서천군,44770,중,비인중학교,,,UzEyMDAwMDk5OQ==,,,66.8,0.0,16.7,33.3,0.0,16.7,33.3
충남,44,서천군,44770,중,서면중학교,,,UzEyMDAwMTAwMQ==,,,63.5,0.0,5.9,17.6,5.9,17.6,52.9
충남,44,논산시,44230,중,가야곡중학교,,,UzEyMDAwMDQyMA==,,,83.0,0.0,0.0,66.7,33.3,0.0,0.0
충남,44,논산시,44230,중,논산여자중학교,,,UzEyMDAwMDQyOA==,,,80.3,0.0,43.0,23.3,14.0,5.2,14.5
충남,44,논산시,44230,중,노성중학교,,,UzEyMDAwMDQyNg==,,,80.1,0.0,35.7,25.0,10.7,14.3,14.3
충남,44,논산시,44230,중,쌘뽈여자중학교,,,UzEyMDAwMDQzMg==,,,80.1,0.0,35.9,21.7,21.7,10.9,9.8
충남,44,논산시,44230,중,강경여자중학교,,,UzEyMDAwMDQyMQ==,,,79.5,0.0,46.2,23.1,2.6,10.3,17.9
충남,44,논산시,44230,중,강경중학교,,,UzEyMDAwMDQyMg==,,,79.3,0.0,22.2,33.3,25.0,5.6,13.9
충남,44,논산시,44230,중,논산대건중학교,,,UzEyMDAwMDQyNw==,,,76.2,0.0,31.7,16.8,21.8,11.9,17.8
충남,44,논산시,44230,중,기민중학교,,,UzEyMDAwMDQyNQ==,,,75.7,0.0,26.1,19.3,14.8,25.0,14.8
충남,44,논산시,44230,중,연산중학교,,,UzEyMDAwMDQzOA==,,,68.9,0.0,14.8,25.9,14.8,14.8,29.6
충남,44,논산시,44230,중,연무여자중학교,,,UzEyMDAwMDQzNg==,,,68.2,0.0,6.1,12.1,33.3,27.3,21.2
충남,44,논산시,44230,중,건양대학교병설건양중학교,,,UzEyMDAwMDQyMw==,,,65.3,0.0,18.8,12.5,9.4,15.6,43.8
충남,44,논산시,44230,중,광석중학교,,,UzEyMDAwMDQyNA==,,,63.1,0.0,26.3,5.3,15.8,10.5,42.1
충남,44,논산시,44230,중,연무중학교,,,UzEyMDAwMDQzNw==,,,62.3,0.0,20.5,18.2,4.5,4.5,52.3
충남,44,논산시,44230,중,논산중학교,,,UzEyMDAwMDQyOQ==,,,59.3,0.0,16.0,10.4,13.2,8.5,51.9
충남,44,금산군,44710,중,복수중학교,,,UzEyMDAwMDM3MQ==,,,86.0,0.0,66.7,0.0,33.3,0.0,0.0
충남,44,금산군,44710,중,금산동중학교,,,UzEyMDAwMDM2Nw==,,,79.8,0.0,39.6,22.5,16.2,10.8,10.8
충남,44,금산군,44710,중,금산여자중학교,,,UzEyMDAwMDM2OA==,,,79.7,0.0,35.4,26.8,17.1,8.5,12.2
충남,44,금산군,44710,중,금산중학교,,,UzEyMDAwMDM2OQ==,,,77.6,0.0,35.5,18.4,19.7,13.2,13.2
충남,44,금산군,44710,중,추부중학교,,,UzEyMDAwMDM3NQ==,,,75.5,0.0,24.1,31.0,17.2,10.3,17.2
충남,44,금산군,44710,중,제원중학교,,,UzEyMDAwMDM3Mw==,,,70.5,0.0,42.1,5.3,21.1,0.0,31.6
충남,44,금산군,44710,중,진산중학교,,,UzEyMDAwMDM3NA==,,,65.6,0.0,12.5,25.0,0.0,25.0,37.5
충남,44,금산군,44710,중,부리중학교,,,UzEyMDAwMDM3Mg==,,,62.9,0.0,26.7,6.7,6.7,13.3,46.7
충남,44,홍성군,44800,중,홍동중학교,,,UzEyMDAwMTIwNA==,,,84.4,0.0,43.2,37.8,5.4,5.4,8.1
충남,44,홍성군,44800,중,홍성서부중학교,,,UzEyMDAwMTIwNQ==,,,83.4,0.0,30.8,38.5,23.1,7.7,0.0
충남,44,홍성군,44800,중,갈산중학교,,,UzEyMDAwMTE5NQ==,,,83.1,0.0,40.0,20.0,20.0,20.0,0.0
충남,44,홍성군,44800,중,내포중학교,,,UzEyMDAwMjczMw==,,,80.1,0.0,35.5,23.1,20.9,8.1,12.5
충남,44,홍성군,44800,중,홍북중학교,,,UzEyMDAwMjk4Mw==,,,79.0,0.0,27.8,26.6,20.3,11.4,13.9
충남,44,홍성군,44800,중,홍주중학교,,,UzEyMDAwMTIwOA==,,,76.6,0.0,13.8,33.0,25.5,18.1,9.6
충남,44,홍성군,44800,중,홍성여자중학교,,,UzEyMDAwMTIwNg==,,,75.4,0.0,23.5,29.5,16.9,12.7,17.5
충남,44,홍성군,44800,중,홍성중학교,,,UzEyMDAwMTIwNw==,,,74.0,0.0,19.4,30.1,20.4,9.7,20.4
충남,44,홍성군,44800,중,광천중학교,,,UzEyMDAwMTE5OA==,,,72.9,0.0,24.4,7.3,26.8,17.1,24.4
충남,44,홍성군,44800,중,금마중학교,,,UzEyMDAwMTIwMQ==,,,71.5,0.0,20.0,26.7,13.3,20.0,20.0
충남,44,홍성군,44800,중,서해삼육중학교,,,UzEyMDAwMTIwMg==,,,66.7,0.0,25.0,10.0,15.0,15.0,35.0
충남,44,당진시,44270,중,당진중학교대호지분교장,,,UzEyMDAwMDg3MQ==,,,96.0,0.0,100.0,0.0,0.0,0.0,0.0
충남,44,당진시,44270,중,수청중학교,,,UzEyMDAwMjk2OQ==,,,80.5,0.0,36.7,24.3,19.5,8.0,11.6
충남,44,당진시,44270,중,원당중학교,,,UzEyMDAwMjY2MA==,,,79.7,0.0,34.5,28.0,13.5,9.9,14.1
충남,44,당진시,44270,중,신평중학교,,,UzEyMDAwMDg3OQ==,,,78.2,0.0,24.7,29.9,21.6,10.8,13.0
충남,44,당진시,44270,중,석문중학교,,,UzEyMDAwMDg3NQ==,,,76.5,0.0,20.6,23.5,38.2,5.9,11.8
충남,44,당진시,44270,중,면천중학교,,,UzEyMDAwMDg3Mg==,,,76.3,0.0,28.6,14.3,14.3,14.3,28.6
충남,44,당진시,44270,중,호서중학교,,,UzEyMDAwMDg4Mg==,,,75.4,0.0,37.0,15.0,13.3,12.7,22.0
충남,44,당진시,44270,중,합덕중학교,,,UzEyMDAwMDg4MQ==,,,74.7,0.0,33.3,16.7,16.7,5.6,27.8
충남,44,당진시,44270,중,순성중학교,,,UzEyMDAwMDg3OA==,,,73.4,0.0,35.7,14.3,14.3,14.3,21.4
충남,44,당진시,44270,중,당진중학교,,,UzEyMDAwMDg3MA==,,,71.6,0.0,14.9,24.1,22.4,15.9,22.7
충남,44,당진시,44270,중,송산중학교,,,UzEyMDAwMDg3Ng==,,,71.5,0.0,25.4,14.3,17.5,20.6,22.2
충남,44,당진시,44270,중,고대중학교,,,UzEyMDAwMDg2OA==,,,70.3,0.0,8.3,29.2,33.3,8.3,20.8
충남,44,당진시,44270,중,합덕여자중학교,,,UzEyMDAwMDg4MA==,,,68.2,0.0,13.3,6.7,20.0,26.7,33.3
충남,44,당진시,44270,중,서야중학교,,,UzEyMDAwMDg3NA==,,,68.1,0.0,18.4,13.2,23.7,7.9,36.8
충남,44,당진시,44270,중,송악중학교,,,UzEyMDAwMDg3Nw==,,,68.0,0.0,17.9,14.7,18.9,14.1,34.3
충남,44,부여군,44760,중,임천중학교,,,UzEyMDAwMDUxNA==,,,84.6,0.0,50.0,21.4,14.3,7.1,7.1
충남,44,부여군,44760,중,은산중학교,,,UzEyMDAwMDUxMw==,,,82.0,0.0,55.6,22.2,0.0,11.1,11.1
충남,44,부여군,44760,중,부여여자중학교,,,UzEyMDAwMDUwNg==,,,81.6,0.0,34.2,31.5,19.2,6.8,8.2
충남,44,부여군,44760,중,석성중학교,,,UzEyMDAwMDUwOA==,,,77.8,0.0,33.3,23.8,9.5,14.3,19.0
충남,44,부여군,44760,중,양화중학교,,,UzEyMDAwMDUxMA==,,,77.6,0.0,40.0,0.0,40.0,0.0,20.0
충남,44,부여군,44760,중,세도중학교,,,UzEyMDAwMDUwOQ==,,,77.5,0.0,18.2,45.5,18.2,9.1,9.1
충남,44,부여군,44760,중,홍산중학교,,,UzEyMDAwMDUxNg==,,,73.2,0.0,17.6,23.5,17.6,11.8,29.4
충남,44,부여군,44760,중,부여중학교,,,UzEyMDAwMDUwNw==,,,68.5,0.0,14.7,23.5,13.7,16.7,31.4
충남,44,부여군,44760,중,외산중학교,,,UzEyMDAwMDUxMQ==,,,66.5,0.0,0.0,38.5,15.4,7.7,38.5
충남,44,부여군,44760,중,용강중학교,,,UzEyMDAwMDUxMg==,,,66.5,0.0,10.5,26.3,21.1,10.5,31.6
충남,44,부여군,44760,중,백제중학교,,,UzEyMDAwMDUwNQ==,,,66.4,0.0,22.0,8.5,17.1,12.2,40.2
충남,44,서산시,44210,중,서산명지중학교,,,UzEyMDAwMjUyNQ==,,,84.2,0.0,33.3,33.3,33.3,0.0,0.0
충남,44,서산시,44210,중,서산여자중학교,,,UzEyMDAwMDkzNQ==,,,78.8,0.0,26.9,28.4,21.8,13.3,9.6
충남,44,서산시,44210,중,인지중학교,,,UzEyMDAwMDk0MQ==,,,78.1,0.0,26.7,24.4,24.4,17.8,6.7
충남,44,서산시,44210,중,대산중학교,,,UzEyMDAwMDkzMA==,,,78.0,0.0,21.4,28.6,25.0,16.1,8.9
충남,44,서산시,44210,중,해미중학교,,,UzEyMDAwMDk0NA==,,,76.5,0.0,38.1,17.5,7.9,11.1,25.4
충남,44,서산시,44210,중,고북중학교,,충남 서산시 고북면 가구리,UzEyMDAwMDkyOQ==,,,76.5,0.0,35.3,11.8,23.5,5.9,23.5
충남,44,서산시,44210,중,서산석림중학교,,,UzEyMDAwMjUyNA==,,,75.6,0.0,25.8,23.7,19.6,12.9,18.0
충남,44,서산시,44210,중,서산부춘중학교,,,UzEyMDAwMDkzNA==,,,75.2,0.0,28.1,25.1,15.6,10.8,20.4
충남,44,서산시,44210,중,부석중학교,,,UzEyMDAwMDkzMg==,,,74.2,0.0,30.8,23.1,7.7,23.1,15.4
충남,44,서산시,44210,중,서령중학교,,,UzEyMDAwMDkzMw==,,,73.9,0.0,23.8,29.3,12.2,8.3,26.5
충남,44,서산시,44210,중,대철중학교,,,UzEyMDAwMDkzMQ==,,,73.5,0.0,35.9,20.5,12.8,7.7,23.1
충남,44,서산시,44210,중,성연중학교,,,UzEyMDAwMDkzOQ==,,,72.3,0.0,14.6,32.0,15.7,12.9,24.7
충남,44,서산시,44210,중,서일중학교,,,UzEyMDAwMDkzOA==,,,68.0,0.0,7.9,21.1,19.7,19.7,31.6
충남,44,서산시,44210,중,서산중학교,,,UzEyMDAwMDkzNw==,,,68.0,0.0,14.8,17.4,20.4,17.4,30.0
충남,44,서산시,44210,중,음암중학교,,,UzEyMDAwMDk0MA==,,,66.3,0.0,14.9,14.9,10.6,21.3,38.3
충남,44,서산시,44210,중,팔봉중학교,,,UzEyMDAwMDk0Mw==,,,65.2,0.0,2.1,20.8,12.5,27.1,37.5
충남,44,예산군,44810,중,신암중학교,,,UzEyMDAwMDY4OA==,,,83.1,0.0,33.3,33.3,20.0,6.7,6.7
충남,44,예산군,44810,중,고덕중학교,,,UzEyMDAwMDY4Mg==,,,79.8,0.0,41.7,20.8,16.7,8.3,12.5
충남,44,예산군,44810,중,예산여자중학교,,,UzEyMDAwMDY5MA==,,,78.2,0.0,27.3,25.3,22.2,17.2,8.1
충남,44,예산군,44810,중,삽교중학교,,,UzEyMDAwMDY4Nw==,,,76.6,0.0,15.8,26.3,26.3,26.3,5.3
충남,44,예산군,44810,중,대술중학교,,,UzEyMDAwMDY4NA==,,,75.6,0.0,25.0,25.0,16.7,16.7,16.7
충남,44,예산군,44810,중,신양중학교,,,UzEyMDAwMDY4OQ==,,,75.3,0.0,23.1,23.1,19.2,15.4,19.2
충남,44,예산군,44810,중,덕산중학교,,,UzEyMDAwMDY4Ng==,,,74.2,0.0,25.6,21.9,16.7,14.8,21.1
충남,44,예산군,44810,중,광시중학교,,,UzEyMDAwMDY4Mw==,,,73.5,0.0,33.3,0.0,50.0,0.0,16.7
충남,44,예산군,44810,중,예산중학교,,,UzEyMDAwMDY5MQ==,,,71.3,0.0,21.7,19.7,22.9,8.9,26.8
충남,44,예산군,44810,중,임성중학교,,,UzEyMDAwMDY5Mg==,,,71.3,0.0,23.1,23.1,7.7,23.1,23.1
충남,44,예산군,44810,중,대흥중학교,,,UzEyMDAwMDY4NQ==,,,68.5,0.0,10.8,18.9,27.0,16.2,27.0
충남,44,태안군,44825,중,근흥중학교,,,UzEyMDAwMTEyNA==,,,83.5,0.0,27.3,45.5,18.2,0.0,9.1
충남,44,태안군,44825,중,남면중학교,,,UzEyMDAwMTEyNg==,,,82.4,0.0,25.0,58.3,8.3,0.0,8.3
충남,44,태안군,44825,중,만리포중학교,,,UzEyMDAwMTEyNQ==,,,82.3,0.0,25.0,25.0,50.0,0.0,0.0
충남,44,태안군,44825,중,원이중학교,,,UzEyMDAwMTEyOQ==,,,76.8,0.0,20.3,26.6,29.7,10.9,12.5
충남,44,태안군,44825,중,창기중학교,,,UzEyMDAwMTEzMQ==,,,74.0,0.0,50.0,25.0,0.0,0.0,25.0
충남,44,태안군,44825,중,태안여자중학교,,,UzEyMDAwMTEzMg==,,,73.9,0.0,25.0,23.3,16.4,18.1,17.2
충남,44,태안군,44825,중,태안중학교,,,UzEyMDAwMTEzMw==,,,72.4,0.0,26.8,15.4,17.9,11.4,28.5
충남,44,태안군,44825,중,안면중학교,,,UzEyMDAwMTEyOA==,,,69.2,0.0,12.5,17.5,22.5,17.5,30.0
충남,44,청양군,44790,중,청신여자중학교,,,UzEyMDAwMDgyNg==,,,85.7,0.0,63.6,9.1,0.0,27.3,0.0
충남,44,청양군,44790,중,화성중학교,,,UzEyMDAwMDgyOA==,,,83.8,0.0,25.0,50.0,25.0,0.0,0.0
충남,44,청양군,44790,중,정산중학교,,,UzEyMDAwMDgyNA==,,,71.0,0.0,19.6,15.2,17.4,23.9,23.9
충남,44,청양군,44790,중,청양중학교,,,UzEyMDAwMDgyNw==,,,68.9,0.0,10.7,18.4,25.2,19.4,26.2
충남,44,청양군,44790,중,동영중학교,,,UzEyMDAwMDgyMg==,,,60.4,0.0,0.0,12.5,12.5,37.5,37.5
전남,46,구례군,46730,중,구례산동중학교,,,UzE0MDAwMDYzNw==,,,84.1,0.0,40.0,30.0,20.0,0.0,10.0
전남,46,구례군,46730,중,구례북중학교,,,UzE0MDAwMDYzNg==,,,82.7,0.0,0.0,66.7,33.3,0.0,0.0
전남,46,구례군,46730,중,구례동중학교,,,UzE0MDAwMDYzNQ==,,,81.0,0.0,16.7,33.3,33.3,16.7,0.0
전남,46,구례군,46730,중,구례여자중학교,,,UzE0MDAwMDYzOA==,,,80.3,0.0,31.5,26.0,17.8,17.8,6.8
전남,46,구례군,46730,중,구례중학교,,,UzE0MDAwMDYzOQ==,,,70.4,0.0,17.5,14.0,14.0,24.6,29.8
전남,46,함평군,46860,중,함평신광중학교,,,UzE0MDAwMjA5Nw==,,,86.0,0.0,33.3,33.3,33.3,0.0,0.0
전남,46,함평군,46860,중,함평여자중학교,,,UzE0MDAwMjA5OA==,,,79.6,0.0,23.1,38.5,15.4,15.4,7.7
전남,46,함평군,46860,중,나산실용예술중학교,,,UzE0MDAwNTU3OA==,,,77.8,0.0,30.0,26.7,13.3,13.3,16.7
전남,46,함평군,46860,중,함평월야중학교,,,UzE0MDAwMjA5OQ==,,,76.7,0.0,15.4,30.8,38.5,7.7,7.7
전남,46,함평군,46860,중,함평손불중학교,,,UzE0MDAwMjA5Ng==,,,76.0,0.0,20.0,30.0,20.0,20.0,10.0
전남,46,함평군,46860,중,함평중학교,,,UzE0MDAwMjEwMA==,,,68.9,0.0,20.0,15.2,17.1,14.3,33.3
전남,46,함평군,46860,중,함평해보중학교,,,UzE0MDAwMjEwMQ==,,,67.3,0.0,18.2,18.2,9.1,18.2,36.4
전남,46,장성군,46880,중,장성삼서중학교,,,UzE0MDAwMTkxNQ==,,,84.4,0.0,33.3,33.3,22.2,11.1,0.0
전남,46,장성군,46880,중,장성남중학교,,,UzE0MDAwMTkxMw==,,,79.5,0.0,22.2,40.7,11.1,14.8,11.1
전남,46,장성군,46880,중,장성여자중학교,,전남 장성군 장성읍,UzE0MDAwMTkxNw==,,,78.0,0.0,20.5,29.5,25.6,12.8,11.5
전남,46,장성군,46880,중,장성황룡중학교,,,UzE0MDAwMTkxOQ==,,,78.0,0.0,26.7,33.3,13.3,13.3,13.3
전남,46,장성군,46880,중,장성백암중학교,,,UzE0MDAwMTkxNA==,,,76.8,0.0,21.1,31.6,23.7,7.9,15.8
전남,46,장성군,46880,중,삼계중학교,,,UzE0MDAwMTkxMQ==,,,74.9,0.0,29.6,20.4,16.7,11.1,22.2
전남,46,장성군,46880,중,장성중학교,,,UzE0MDAwMTkxOA==,,,73.5,0.0,27.9,16.2,26.5,7.4,22.1
전남,46,보성군,46780,중,용정중학교,,전남 보성군 미력면 용정리,UzE0MDAwNDg4Mw==,,,89.0,0.0,61.4,29.5,6.8,2.3,0.0
전남,46,보성군,46780,중,벌교여자중학교,,,UzE0MDAwMDk5OQ==,,,82.8,0.0,30.0,37.5,20.0,10.0,2.5
전남,46,보성군,46780,중,보성회천중학교,,,UzE0MDAwMTAxMA==,,,80.7,0.0,44.4,11.1,22.2,11.1,11.1
전남,46,보성군,46780,중,조성중학교,,,UzE0MDAwMTAxNA==,,,79.0,0.0,50.0,0.0,25.0,0.0,25.0
전남,46,보성군,46780,중,보성중학교,,,UzE0MDAwMTAwNw==,,,75.4,0.0,37.0,17.4,8.7,8.7,28.3
전남,46,보성군,46780,중,득량중학교,,,UzE0MDAwMDk5OA==,,,74.2,0.0,20.0,0.0,60.0,0.0,20.0
전남,46,보성군,46780,중,보성복내중학교,,,UzE0MDAwMTAwMg==,,,71.4,0.0,8.7,30.4,17.4,26.1,17.4
전남,46,보성군,46780,중,보성여자중학교,,,UzE0MDAwMTAwNA==,,,70.9,0.0,2.2,22.2,33.3,31.1,11.1
전남,46,보성군,46780,중,벌교중학교,,,UzE0MDAwMTAwMA==,,,70.6,0.0,5.9,17.6,41.2,5.9,29.4
전남,46,보성군,46780,중,예당중학교,,,UzE0MDAwMTAxMw==,,,66.7,0.0,6.7,33.3,13.3,6.7,40.0
전남,46,보성군,46780,중,삼광중학교,,,UzE0MDAwMTAxMQ==,,,66.3,0.0,9.5,19.0,14.3,23.8,33.3
전남,46,곡성군,46720,중,석곡중학교,,,UzE0MDAwMDUwMg==,,,86.8,0.0,66.7,11.1,0.0,22.2,0.0
전남,46,곡성군,46720,중,옥과중학교,,전남 곡성군 옥과면 율사리,UzE0MDAwMDUwMw==,,,78.6,0.0,22.2,40.7,14.8,5.6,16.7
전남,46,곡성군,46720,중,곡성중학교,,,UzE0MDAwMDQ5OQ==,,,70.4,0.0,9.9,18.7,34.1,19.8,17.6
전남,46,담양군,46710,중,담양금성중학교,,,UzE0MDAwMDc3Nw==,,,84.0,0.0,0.0,100.0,0.0,0.0,0.0
전남,46,담양군,46710,중,담양여자중학교,,,UzE0MDAwMDc3OQ==,,,79.6,0.0,29.0,32.3,16.1,12.9,9.7
전남,46,담양군,46710,중,담양수북중학교,,,UzE0MDAwMDc3OA==,,,79.1,0.0,51.4,16.2,2.7,10.8,18.9
전남,46,담양군,46710,중,한재중학교,,,UzE0MDAwMDc4Mg==,,,78.1,0.0,22.2,22.2,25.9,25.9,3.7
전남,46,담양군,46710,중,담양중학교,,,UzE0MDAwMDc4MA==,,,77.7,0.0,36.1,20.8,13.9,15.3,13.9
전남,46,담양군,46710,중,창평중학교,,,UzE0MDAwMDc4MQ==,,,73.7,0.0,13.0,30.4,13.0,30.4,13.0
전남,46,담양군,46710,중,담양고서중학교,,,UzE0MDAwMDc3Ng==,,,71.3,0.0,18.8,31.3,12.5,18.8,18.8
전남,46,영광군,46870,중,영광군남중학교,,,UzE0MDAwMTY1Mg==,,,85.8,0.0,56.3,18.8,6.3,12.5,6.3
전남,46,영광군,46870,중,성지송학중학교,,,UzE0MDAwMTY1MQ==,,,81.4,0.0,40.0,10.0,10.0,40.0,0.0
전남,46,영광군,46870,중,영광백수중학교,,,UzE0MDAwMTY1NQ==,,,79.8,0.0,30.0,40.0,10.0,10.0,10.0
전남,46,영광군,46870,중,영광홍농중학교,,,UzE0MDAwMTY2Mg==,,,77.3,0.0,19.5,29.3,22.0,17.1,12.2
전남,46,영광군,46870,중,영광염산중학교,,,UzE0MDAwMTY1OQ==,,,75.2,0.0,30.0,40.0,0.0,10.0,20.0
전남,46,영광군,46870,중,영광대마중학교,,,UzE0MDAwMTY1Mw==,,,74.8,0.0,0.0,18.2,63.6,18.2,0.0
전남,46,영광군,46870,중,해룡중학교,,,UzE0MDAwMTY2Mw==,,,71.2,0.0,13.9,17.7,20.3,21.5,26.6
전남,46,영광군,46870,중,법성중학교,,,UzE0MDAwMTY0OQ==,,,71.2,0.0,7.7,15.4,61.5,0.0,15.4
전남,46,영광군,46870,중,영광옥당중학교,,,UzE0MDAwMTY1OA==,,,71.1,0.0,10.8,23.5,20.6,28.4,16.7
전남,46,영광군,46870,중,영광중학교,,,UzE0MDAwMTY2MQ==,,,68.0,0.0,12.8,17.9,25.6,7.7,35.9
전남,46,장흥군,46800,중,장흥장평중학교,,,UzE0MDAwMTk2NA==,,,89.1,0.0,46.2,53.8,0.0,0.0,0.0
전남,46,장흥군,46800,중,장흥용산중학교,,,UzE0MDAwMTk2Mg==,,,82.2,0.0,33.3,33.3,16.7,16.7,0.0
전남,46,장흥군,46800,중,장흥관산중학교,,,UzE0MDAwMTk1OQ==,,,80.9,0.0,20.0,40.0,26.7,6.7,6.7
전남,46,장흥군,46800,중,장흥회덕중학교,,,UzE0MDAwMTk2Ng==,,,79.6,0.0,26.7,13.3,53.3,0.0,6.7
전남,46,장흥군,46800,중,장흥유치중학교,,,UzE0MDAwMTk2Mw==,,,77.0,0.0,37.5,25.0,0.0,12.5,25.0
전남,46,장흥군,46800,중,장흥안양중학교,,,UzE0MDAwMTk2MA==,,,76.2,0.0,10.0,30.0,30.0,20.0,10.0
전남,46,장흥군,46800,중,장흥중학교,,,UzE0MDAwMTk2NQ==,,,75.5,0.0,24.7,24.7,16.4,15.1,19.2
전남,46,장흥군,46800,중,대덕중학교,,,UzE0MDAwMTk1OA==,,,70.4,0.0,21.4,7.1,21.4,21.4,28.6
전남,46,장흥군,46800,중,장흥향원중학교,,,UzE0MDAwMTk2MQ==,,,69.9,0.0,13.6,25.8,15.2,21.2,24.2
전남,46,화순군,46790,중,화순북면중학교,,,UzE0MDAwMjI2Mg==,,,85.2,0.0,33.3,50.0,16.7,0.0,0.0
전남,46,화순군,46790,중,화순이양중학교,,,UzE0MDAwMjI2NQ==,,,79.0,0.0,0.0,50.0,50.0,0.0,0.0
전남,46,화순군,46790,중,화순도곡중학교,,,UzE0MDAwMjI1Nw==,,,77.2,0.0,23.5,29.4,17.6,11.8,17.6
전남,46,화순군,46790,중,능주중학교,,,UzE0MDAwMjI1NQ==,,,75.7,0.0,19.7,32.9,22.4,9.2,15.8
전남,46,화순군,46790,중,화순동복중학교,,,UzE0MDAwMjI2MQ==,,,74.0,0.0,33.3,0.0,16.7,16.7,33.3
전남,46,화순군,46790,중,화순도암중학교,,,UzE0MDAwMjI1OA==,,,73.5,0.0,0.0,25.0,50.0,0.0,25.0
전남,46,화순군,46790,중,화순제일중학교,,,UzE0MDAwMjI2Ng==,,,72.8,0.0,22.9,22.3,19.1,8.9,26.8
전남,46,화순군,46790,중,화순동면중학교,,,UzE0MDAwMjI1OQ==,,,71.7,0.0,16.7,50.0,0.0,0.0,33.3
전남,46,화순군,46790,중,화순사평중학교,,,UzE0MDAwMjI2Mw==,,,70.1,0.0,0.0,42.9,28.6,14.3,14.3
전남,46,화순군,46790,중,화순중학교,,,UzE0MDAwMjI2Nw==,,,65.1,0.0,16.7,16.7,15.0,9.4,42.2
전남,46,순천시,46150,중,순천승남중학교,,,UzE0MDAwMTA4Nw==,,,83.5,0.0,37.5,37.5,12.5,0.0,12.5
전남,46,순천시,46150,중,순천별량중학교,,,UzE0MDAwMTA4NQ==,,,81.5,0.0,43.2,21.6,21.6,2.7,10.8
전남,46,순천시,46150,중,순천승주중학교,,,UzE0MDAwMTA4OA==,,,80.8,0.0,16.7,50.0,16.7,16.7,0.0
전남,46,순천시,46150,중,순천금당중학교,,,UzE0MDAwMTA4MA==,,,79.2,0.0,36.4,23.8,14.6,11.7,13.6
전남,46,순천시,46150,중,순천주암중학교,,,UzE0MDAwMTA5Ng==,,,77.3,0.0,0.0,50.0,25.0,25.0,0.0
전남,46,순천시,46150,중,순천연향중학교,,,UzE0MDAwMTA5Mg==,,,77.0,0.0,29.4,25.9,15.9,11.2,17.6
전남,46,순천시,46150,중,순천동산중학교,,,UzE0MDAwMTA4Mw==,,,76.9,0.0,32.7,16.4,17.3,17.3,16.4
전남,46,순천시,46150,중,순천풍덕중학교,,전남 순천시 풍덕동,UzE0MDAwNDg5Mg==,,,76.7,0.0,27.4,21.5,22.2,11.9,17.0
전남,46,순천시,46150,중,순천승평중학교,,,UzE0MDAwMTA4OQ==,,,76.1,0.0,20.8,28.0,22.0,15.9,13.3
전남,46,순천시,46150,중,순천왕운중학교,,,UzE0MDAwNTQ1MQ==,,,74.8,0.0,22.8,25.3,18.1,13.9,19.8
전남,46,순천시,46150,중,순천낙안중학교,,,UzE0MDAwMTA4MQ==,,,74.2,0.0,30.0,10.0,20.0,30.0,10.0
전남,46,순천시,46150,중,한국바둑중학교,,,UzE0MDAwNTU2NA==,,,74.0,0.0,11.8,29.4,17.6,29.4,11.8
전남,46,순천시,46150,중,순천신흥중학교,,,UzE0MDAwMTA5MA==,,,73.7,0.0,25.3,13.7,20.0,17.9,23.2
전남,46,순천시,46150,중,순천남산중학교,,,UzE0MDAwMTA4Mg==,,,73.5,0.0,22.2,25.3,16.0,16.0,20.4
전남,46,순천시,46150,중,순천세빛중학교,,,UzE0MDAwMTA5MQ==,,,73.1,0.0,17.4,26.1,18.8,13.8,23.9
전남,46,순천시,46150,중,순천삼산중학교,,,UzE0MDAwMTA4Ng==,,,72.3,0.0,31.1,15.2,14.8,12.1,26.8
전남,46,순천시,46150,중,순천팔마중학교,,,UzE0MDAwMTA5Nw==,,,72.0,0.0,27.1,22.1,16.6,6.0,28.1
전남,46,순천시,46150,중,순천매산중학교,,,UzE0MDAwMTA4NA==,,,72.0,0.0,28.7,16.4,12.3,11.1,31.6
전남,46,순천시,46150,중,순천향림중학교,,,UzE0MDAwNDg5Mw==,,,71.8,0.0,17.4,22.4,22.4,14.4,23.4
전남,46,순천시,46150,중,순천월전중학교,,,UzE0MDAwMTA5NA==,,,70.2,0.0,27.3,0.0,0.0,54.5,18.2
전남,46,순천시,46150,중,순천왕의중학교,,,UzE0MDAwNTMxNw==,,,67.6,0.0,9.7,19.8,21.7,18.4,30.4
전남,46,순천시,46150,중,순천이수중학교,,,UzE0MDAwMTA5NQ==,,,55.9,0.0,4.2,14.1,15.5,15.5,50.7
전남,46,무안군,46840,중,오룡중학교,,,UzE0MDAwNTQ3Mw==,,,80.2,0.0,31.2,31.8,18.8,9.9,8.3
전남,46,무안군,46840,중,무안행복중학교,,,UzE0MDAwNTU4Ng==,,,78.7,0.0,28.0,29.6,20.2,10.5,11.7
전남,46,무안군,46840,중,무안몽탄중학교,,,UzE0MDAwMDkyNg==,,,77.6,0.0,37.5,0.0,25.0,25.0,12.5
전남,46,무안군,46840,중,망운중학교,,,UzE0MDAwMDkyNQ==,,,76.8,0.0,28.6,14.3,21.4,21.4,14.3
전남,46,무안군,46840,중,무안현경중학교,,,UzE0MDAwMDkzMQ==,,,76.1,0.0,12.5,37.5,31.3,6.3,12.5
전남,46,무안군,46840,중,남악중학교,,전남 무안군 삼향면 남악리,UzE0MDAwNTM0NQ==,,,74.9,0.0,25.4,22.8,21.8,12.4,17.6
전남,46,무안군,46840,중,전남체육중학교,,,UzE0MDAwMDkzMg==,,,74.0,0.0,20.5,25.0,22.7,13.6,18.2
전남,46,무안군,46840,중,해제중학교,,,UzE0MDAwMDkzMw==,,,70.1,0.0,10.0,20.0,40.0,0.0,30.0
전남,46,무안군,46840,중,무안북중학교,,,UzE0MDAwMDkyNw==,,,69.4,0.0,11.8,19.4,16.1,28.0,24.7
전남,46,무안군,46840,중,무안청계중학교,,,UzE0MDAwMDkzMA==,,,67.4,0.0,19.4,12.9,19.4,16.1,32.3
전남,46,무안군,46840,중,무안중학교,,,UzE0MDAwMDkyOQ==,,,66.2,0.0,19.5,19.5,14.6,12.2,34.1
전남,46,강진군,46810,중,강진작천중학교,,,UzE0MDAwMDM0Mg==,,,87.4,0.0,60.0,10.0,30.0,0.0,0.0
전남,46,강진군,46810,중,강진대구중학교,,,UzE0MDAwMDM0MA==,,,82.6,0.0,40.0,40.0,0.0,10.0,10.0
전남,46,강진군,46810,중,강진여자중학교,,,UzE0MDAwMDM0MQ==,,,80.5,0.0,29.6,33.3,21.0,6.2,9.9
전남,46,강진군,46810,중,청람중학교,,,UzE0MDAwNTQ5Ng==,,,79.4,0.0,33.3,17.9,20.5,15.4,12.8
전남,46,강진군,46810,중,도암중학교,,,UzE0MDAwMDM0NQ==,,,75.1,0.0,28.6,28.6,0.0,0.0,42.9
전남,46,강진군,46810,중,병영중학교,,,UzE0MDAwMDM0Ng==,,,74.8,0.0,20.0,20.0,20.0,20.0,20.0
전남,46,강진군,46810,중,강진중학교,,,UzE0MDAwMDM0Mw==,,,73.3,0.0,17.9,23.8,17.9,21.4,19.0
전남,46,강진군,46810,중,성전중학교,,,UzE0MDAwMDM0Nw==,,,66.8,0.0,0.0,11.8,29.4,29.4,29.4
전남,46,강진군,46810,중,강진칠량중학교,,,UzE0MDAwMDM0NA==,,,53.0,0.0,0.0,0.0,40.0,0.0,60.0
전남,46,광양시,46230,중,광양용강중학교,,,UzE0MDAwNTUyNw==,,,80.5,0.0,29.9,25.9,24.9,12.7,6.6
전남,46,광양시,46230,중,광양골약중학교,,전남 광양시 성황동,UzE0MDAwMDU0Mg==,,,80.2,0.0,32.9,24.7,21.9,13.7,6.8
전남,46,광양시,46230,중,한국창의예술중학교,,,UzE0MDAwNTY1MQ==,,,79.8,0.0,16.1,45.2,22.6,9.7,6.5
전남,46,광양시,46230,중,광영중학교,,,UzE0MDAwMDU1Mw==,,,79.1,0.0,38.3,23.4,13.1,14.0,11.2
전남,46,광양시,46230,중,광양진월중학교,,,UzE0MDAwMDU1MQ==,,,78.2,0.0,27.3,27.3,27.3,0.0,18.2
전남,46,광양시,46230,중,진상중학교,,,UzE0MDAwMDU1Ng==,,,77.9,0.0,26.7,33.3,13.3,0.0,26.7
전남,46,광양시,46230,중,광양다압중학교,,,UzE0MDAwMDU0Mw==,,,77.7,0.0,33.3,33.3,0.0,0.0,33.3
전남,46,광양시,46230,중,광양마동중학교,,,UzE0MDAwNTUxNg==,,,75.9,0.0,20.0,29.1,21.7,14.3,14.9
전남,46,광양시,46230,중,동광양중학교,,,UzE0MDAwMDU1NA==,,,74.2,0.0,23.3,20.2,23.9,14.1,18.4
전남,46,광양시,46230,중,광양중동중학교,,,UzE0MDAwMDU0Nw==,,,73.3,0.0,20.4,21.2,24.8,12.4,21.2
전남,46,광양시,46230,중,광양제철중학교,,전남 광양시 금호동,UzE0MDAwMDU0Ng==,,,72.4,0.0,16.4,18.7,28.1,15.2,21.6
전남,46,광양시,46230,중,옥곡중학교,,,UzE0MDAwMDU1NQ==,,,70.6,0.0,16.7,25.0,8.3,8.3,41.7
전남,46,광양시,46230,중,광양중학교,,,UzE0MDAwMDU0OA==,,,70.3,0.0,16.3,23.1,17.5,13.8,29.4
전남,46,광양시,46230,중,희양중학교,,,UzE0MDAwMDU0NA==,,,69.3,0.0,9.7,20.7,18.6,28.3,22.8
전남,46,광양시,46230,중,광양백운중학교,,,UzE0MDAwNTMzNg==,,,65.9,0.0,6.4,15.0,21.4,24.3,32.9
전남,46,나주시,46170,중,빛가람중학교,,,UzE0MDAwNTQ1Nw==,,,85.1,0.0,47.0,26.7,14.9,5.4,5.9
전남,46,나주시,46170,중,나주공산중학교,,,UzE0MDAwMDY3Mg==,,,81.4,0.0,14.3,42.9,42.9,0.0,0.0
전남,46,나주시,46170,중,나주봉황중학교,,,UzE0MDAwMDY3OQ==,,,80.8,0.0,16.7,33.3,33.3,16.7,0.0
전남,46,나주시,46170,중,남평중학교다도분교장,,,UzE0MDAwMzQ3NQ==,,,80.0,0.0,16.7,58.3,8.3,0.0,16.7
전남,46,나주시,46170,중,금성중학교,,,UzE0MDAwMDY3MQ==,,,79.3,0.0,34.9,18.6,23.3,9.3,14.0
전남,46,나주시,46170,중,나주금천중학교,,,UzE0MDAwMDY3NA==,,,78.8,0.0,21.7,36.5,21.2,11.1,9.5
전남,46,나주시,46170,중,매성중학교,,,UzE0MDAwNTU3Mw==,,,77.7,0.0,26.0,25.0,19.5,14.5,15.0
전남,46,나주시,46170,중,노안중학교,,,UzE0MDAwMDY4NQ==,,,77.5,0.0,28.6,28.6,7.1,21.4,14.3
전남,46,나주시,46170,중,영산중학교,,,UzE0MDAwMDY4OQ==,,,76.4,0.0,20.5,30.8,20.5,12.8,15.4
전남,46,나주시,46170,중,남평중학교,,,UzE0MDAwMDY4Mw==,,,75.9,0.0,28.3,18.5,21.7,18.5,13.0
전남,46,나주시,46170,중,영산포여자중학교,,,UzE0MDAwMDY4OA==,,,72.8,0.0,11.4,20.0,31.4,25.7,11.4
전남,46,나주시,46170,중,나주중학교,,,UzE0MDAwMDY4Mg==,,,72.6,0.0,19.0,23.1,24.8,13.2,19.8
전남,46,나주시,46170,중,나주반남중학교,,,UzE0MDAwMDY3OA==,,,72.0,0.0,0.0,33.3,33.3,33.3,0.0
전남,46,나주시,46170,중,나주문평중학교,,,UzE0MDAwMDY3Nw==,,,69.1,0.0,0.0,55.6,0.0,22.2,22.2
전남,46,나주시,46170,중,세지중학교,,,UzE0MDAwMDY4Nw==,,,68.5,0.0,20.8,20.8,7.5,7.5,43.4
전남,46,나주시,46170,중,나주다시중학교,,,UzE0MDAwMDY3NQ==,,,68.2,0.0,16.7,33.3,0.0,0.0,50.0
전남,46,나주시,46170,중,나주동강중학교,,전남 나주시 동강면 인동리,UzE0MDAwMDY3Ng==,,,67.6,0.0,11.1,0.0,33.3,33.3,22.2
전남,46,여수시,46130,중,거문중학교,,,UzE0MDAwMzI0Ng==,,,82.6,0.0,20.0,40.0,40.0,0.0,0.0
전남,46,여수시,46130,중,여수웅천중학교,,,UzE0MDAwNTUyOA==,,,81.2,0.0,34.2,26.6,21.2,10.8,7.2
전남,46,여수시,46130,중,돌산중학교,,,UzE0MDAwMzkzNw==,,,81.1,0.0,14.3,42.9,42.9,0.0,0.0
전남,46,여수시,46130,중,율촌중학교,,,UzE0MDAwMTM4MQ==,,,80.6,0.0,25.0,29.2,25.0,20.8,0.0
전남,46,여수시,46130,중,여수진남중학교,,,UzE0MDAwMTM4Mg==,,,80.5,0.0,25.2,34.3,28.0,7.7,4.9
전남,46,여수시,46130,중,무선중학교,,,UzE0MDAwMTM2Nw==,,,79.6,0.0,25.3,32.3,20.3,15.8,6.3
전남,46,여수시,46130,중,여수개도중학교,,,UzE0MDAwMTM3Mg==,,,78.0,0.0,0.0,0.0,100.0,0.0,0.0
전남,46,여수시,46130,중,여남중학교,,,UzE0MDAwMzk0MA==,,,76.5,0.0,0.0,50.0,25.0,0.0,25.0
전남,46,여수시,46130,중,여수진성중학교,,,UzE0MDAwMTM4Mw==,,,75.3,0.0,21.6,18.6,23.5,20.6,15.7
전남,46,여수시,46130,중,여수중앙중학교,,,UzE0MDAwMTM3Nw==,,,75.1,0.0,23.0,20.7,16.1,25.3,14.9
전남,46,여수시,46130,중,돌산중앙중학교,,,UzE0MDAwMTM2NQ==,,,74.7,0.0,16.7,33.3,16.7,16.7,16.7
전남,46,여수시,46130,중,여선중학교,,,UzE0MDAwMTM3MQ==,,,73.8,0.0,21.8,20.6,22.9,12.4,22.4
전남,46,여수시,46130,중,여수종고중학교,,,UzE0MDAwMTM3Ng==,,,73.7,0.0,16.4,21.6,17.2,29.3,15.5
전남,46,여수시,46130,중,안산중학교,,,UzE0MDAwNTMxNQ==,,,73.3,0.0,25.1,16.1,18.6,17.1,23.1
전남,46,여수시,46130,중,화양중학교,,,UzE0MDAwMTM4NQ==,,,72.4,0.0,13.8,31.0,20.7,20.7,13.8
전남,46,여수시,46130,중,여양중학교,,,UzE0MDAwMTU2Mg==,,,72.3,0.0,16.7,12.5,25.0,37.5,8.3
전남,46,여수시,46130,중,여수중학교,,,UzE0MDAwMTM3OA==,,,71.3,0.0,17.4,22.6,23.5,13.9,22.6
전남,46,여수시,46130,중,여수구봉중학교,,,UzE0MDAwMTM3Mw==,,,70.9,0.0,19.0,24.0,15.0,19.0,23.0
전남,46,여수시,46130,중,여수문수중학교,,,UzE0MDAwMTM3NA==,,,70.9,0.0,13.2,21.8,19.5,21.8,23.6
전남,46,여수시,46130,중,여수아리울중학교,,,UzE0MDAwMTM3NQ==,,,70.0,0.0,9.6,24.3,21.7,20.9,23.5
전남,46,여수시,46130,중,화양중학교화양남분교장,,,UzE0MDAwMzk0MQ==,,,69.8,0.0,25.0,25.0,0.0,25.0,25.0
전남,46,여수시,46130,중,여천중학교,,,UzE0MDAwMzk0OA==,,,69.4,0.0,17.8,12.6,18.4,21.8,29.3
전남,46,여수시,46130,중,여수삼일중학교,,,UzE0MDAwNTQ2Ng==,,,69.3,0.0,10.8,20.5,21.5,20.0,27.2
전남,46,여수시,46130,중,충덕중학교,,,UzE0MDAwMTM4NA==,,,68.1,0.0,18.4,17.2,18.4,9.2,36.8
전남,46,여수시,46130,중,여도중학교,,,UzE0MDAwMTU2MQ==,,,65.4,0.0,11.2,17.9,18.4,18.4,34.2
전남,46,진도군,46900,중,의신중학교,,,UzE0MDAwMjAxNg==,,,86.9,0.0,37.5,50.0,0.0,12.5,0.0
전남,46,진도군,46900,중,석교중학교,,,UzE0MDAwMjAxNQ==,,,81.3,0.0,25.0,37.5,25.0,12.5,0.0
전남,46,진도군,46900,중,진도중학교,,,UzE0MDAwMjAyMA==,,,78.9,0.0,36.0,21.0,15.0,15.0,13.0
전남,46,진도군,46900,중,진도지산중학교,,,UzE0MDAwMjAyMQ==,,,72.4,0.0,8.3,25.0,25.0,25.0,16.7
전남,46,진도군,46900,중,조도중학교,,,UzE0MDAwMjAxNw==,,,72.3,0.0,0.0,28.6,28.6,28.6,14.3
전남,46,진도군,46900,중,진도군내중학교,,,UzE0MDAwMjAxOQ==,,,72.1,0.0,20.0,10.0,30.0,10.0,30.0
전남,46,진도군,46900,중,고성중학교,,,UzE0MDAwMjAxNA==,,,69.3,0.0,18.9,21.6,18.9,10.8,29.7
전남,46,완도군,46890,중,완도신지중학교,,,UzE0MDAwMTgxMA==,,,85.4,0.0,57.1,14.3,14.3,14.3,0.0
전남,46,완도군,46890,중,군외중학교,,,UzE0MDAwMTgwMQ==,,,82.5,0.0,25.0,37.5,25.0,12.5,0.0
전남,46,완도군,46890,중,넙도초등학교노화중학교넙도분교장,,,UzE0MDAwMTg0MQ==,,,82.0,0.0,0.0,100.0,0.0,0.0,0.0
전남,46,완도군,46890,중,완도여자중학교,,,UzE0MDAwMTgxMQ==,,,81.3,0.0,35.4,27.8,15.2,12.7,8.9
전남,46,완도군,46890,중,약산중학교,,,UzE0MDAwMTgwOA==,,,79.8,0.0,22.2,33.3,33.3,0.0,11.1
전남,46,완도군,46890,중,고금중학교,,,UzE0MDAwMTgwMA==,,,79.3,0.0,18.8,37.5,25.0,12.5,6.3
전남,46,완도군,46890,중,완도중학교,,,UzE0MDAwMTgxMg==,,,77.0,0.0,33.7,17.4,22.1,8.1,18.6
전남,46,완도군,46890,중,소안중학교,,,UzE0MDAwMTgwNw==,,,76.6,0.0,23.1,30.8,23.1,7.7,15.4
전남,46,완도군,46890,중,금당중학교,,,UzE0MDAwMTgwMg==,,,73.3,0.0,50.0,0.0,25.0,0.0,25.0
전남,46,완도군,46890,중,금일중학교,,,UzE0MDAwMTgwMw==,,,72.5,0.0,13.3,6.7,40.0,26.7,13.3
전남,46,완도군,46890,중,청산중학교,,,UzE0MDAwMTgxMw==,,,71.4,0.0,40.0,0.0,0.0,20.0,40.0
전남,46,완도군,46890,중,완도보길중학교,,,UzE0MDAwMTgwOQ==,,,70.6,0.0,16.0,28.0,20.0,12.0,24.0
전남,46,완도군,46890,중,노화중학교,,,UzE0MDAwMTgwNQ==,,,70.5,0.0,22.0,14.6,17.1,17.1,29.3
전남,46,신안군,46910,중,안좌중학교,,,UzE0MDAwMTIzMw==,,,86.0,0.0,42.9,28.6,28.6,0.0,0.0
전남,46,신안군,46910,중,신안흑산중학교,,,UzE0MDAwMTIzMg==,,,85.9,0.0,30.0,60.0,0.0,10.0,0.0
전남,46,신안군,46910,중,가거도초등학교신안흑산중학교가거도분교장,,,UzE0MDAwMzkzNA==,,,84.0,0.0,0.0,100.0,0.0,0.0,0.0
전남,46,신안군,46910,중,장산중학교,,,UzE0MDAwMTIzOA==,,,83.9,0.0,42.9,14.3,42.9,0.0,0.0
전남,46,신안군,46910,중,신안신의중학교,,,UzE0MDAwMTIyOA==,,,81.6,0.0,12.5,37.5,50.0,0.0,0.0
전남,46,신안군,46910,중,하의중학교,,,UzE0MDAwMTI0MA==,,,78.0,0.0,44.4,22.2,0.0,11.1,22.2
전남,46,신안군,46910,중,임자중학교,,,UzE0MDAwMTIzNg==,,,75.8,0.0,23.1,15.4,34.6,15.4,11.5
전남,46,신안군,46910,중,신안증도중학교,,,UzE0MDAwMTIyOQ==,,,74.8,0.0,20.0,20.0,0.0,60.0,0.0
전남,46,신안군,46910,중,압해중학교,,,UzE0MDAwMTIzNQ==,,,73.6,0.0,17.2,34.5,20.7,6.9,20.7
전남,46,신안군,46910,중,비금중학교,,,UzE0MDAwMTIyNw==,,,72.3,0.0,6.3,31.3,21.9,28.1,12.5
전남,46,신안군,46910,중,자은중학교,,,UzE0MDAwMTIzNw==,,,71.6,0.0,20.0,40.0,0.0,0.0,40.0
전남,46,신안군,46910,중,암태중학교,,,UzE0MDAwMTIzNA==,,,70.8,0.0,20.0,20.0,0.0,20.0,40.0
전남,46,신안군,46910,중,지명중학교,,,UzE0MDAwMTIzOQ==,,,69.7,0.0,21.1,10.5,21.1,15.8,31.6
전남,46,고흥군,46770,중,고흥점암중앙중학교,,,UzE0MDAwMDM5NA==,,,88.3,0.0,50.0,25.0,25.0,0.0,0.0
전남,46,고흥군,46770,중,고흥과역중학교,,,UzE0MDAwMDM4NA==,,,87.0,0.0,28.6,71.4,0.0,0.0,0.0
전남,46,고흥군,46770,중,고흥도화중학교,,,UzE0MDAwMDM4OA==,,,85.3,0.0,50.0,25.0,0.0,25.0,0.0
전남,46,고흥군,46770,중,고흥남양중학교,,,UzE0MDAwMDM4NQ==,,,84.5,0.0,25.0,50.0,25.0,0.0,0.0
전남,46,고흥군,46770,중,동강중학교,,,UzE0MDAwMDQwMQ==,,,82.1,0.0,35.3,35.3,17.6,5.9,5.9
전남,46,고흥군,46770,중,고흥풍양중학교,,,UzE0MDAwMDM5Nw==,,,80.0,0.0,42.9,14.3,14.3,14.3,14.3
전남,46,고흥군,46770,중,봉래중학교,,,UzE0MDAwMDQwMg==,,,79.8,0.0,0.0,60.0,40.0,0.0,0.0
전남,46,고흥군,46770,중,포두중학교,,,UzE0MDAwMDQwNQ==,,,77.7,0.0,20.0,26.7,26.7,13.3,13.3
전남,46,고흥군,46770,중,고흥중학교,,,UzE0MDAwMDM5NQ==,,,77.6,0.0,25.7,24.3,23.0,13.5,13.5
전남,46,고흥군,46770,중,고흥도덕중학교,,,UzE0MDAwMDM4Nw==,,,76.8,0.0,0.0,50.0,25.0,25.0,0.0
전남,46,고흥군,46770,중,금산중학교,,,UzE0MDAwMDM5OQ==,,,76.5,0.0,9.1,45.5,18.2,27.3,0.0
전남,46,고흥군,46770,중,녹동중학교,,,UzE0MDAwMDQwMA==,,,76.1,0.0,23.5,30.9,19.1,10.3,16.2
전남,46,고흥군,46770,중,고흥여자중학교,,,UzE0MDAwMDM5Mg==,,,75.9,0.0,18.9,28.3,17.0,22.6,13.2
전남,46,고흥군,46770,중,고흥백양중학교,,,UzE0MDAwMDM5MQ==,,,75.8,0.0,0.0,50.0,0.0,50.0,0.0
전남,46,고흥군,46770,중,고흥대서중학교,,,UzE0MDAwMDM4Ng==,,,74.8,0.0,12.5,31.3,12.5,37.5,6.3
전남,46,목포시,46110,중,목포항도여자중학교,,,UzE0MDAwMDgzOA==,,,86.5,0.0,47.0,31.8,16.7,3.0,1.5
전남,46,목포시,46110,중,목포중앙여자중학교,,,UzE0MDAwMDgzNg==,,,82.8,0.0,37.1,34.3,15.7,6.7,6.2
전남,46,목포시,46110,중,목포정명여자중학교,,,UzE0MDAwMDgzMw==,,,76.8,0.0,22.7,29.0,20.5,11.9,15.9
전남,46,목포시,46110,중,목포옥암중학교,,전남 목포시 옥암동,UzE0MDAwNTM0Mw==,,,76.0,0.0,31.1,18.4,18.4,12.3,19.7
전남,46,목포시,46110,중,목포혜인여자중학교,,,UzE0MDAwMDgzOQ==,,,74.9,0.0,21.2,19.9,21.9,22.6,14.4
전남,46,목포시,46110,중,목포여자중학교,,,UzE0MDAwMDgyOQ==,,,73.5,0.0,12.2,40.8,16.3,4.1,26.5
전남,46,목포시,46110,중,목포덕인중학교,,,UzE0MDAwMDgyNw==,,,72.4,0.0,11.6,27.9,27.9,11.6,21.1
전남,46,목포시,46110,중,목포하당중학교,,,UzE0MDAwNTMxMg==,,,71.4,0.0,17.2,24.1,21.4,11.7,25.5
전남,46,목포시,46110,중,목포청호중학교,,,UzE0MDAwMDgzNw==,,,70.1,0.0,22.3,21.6,18.2,7.4,30.4
전남,46,목포시,46110,중,목포애향중학교,,,UzE0MDAwNTQzNw==,,,69.5,0.0,22.7,18.7,18.7,11.6,28.4
전남,46,목포시,46110,중,영흥중학교,,,UzE0MDAwMDg0Mw==,,,68.8,0.0,7.7,19.7,24.0,23.6,25.0
전남,46,목포시,46110,중,목포제일중학교,,,UzE0MDAwMDgzNQ==,,,66.9,0.0,13.2,14.5,20.8,17.0,34.6
전남,46,목포시,46110,중,목포홍일중학교,,,UzE0MDAwMDg0MQ==,,,66.5,0.0,7.5,17.0,24.5,17.0,34.0
전남,46,목포시,46110,중,목포영화중학교,,,UzE0MDAwMDgzMA==,,,65.3,0.0,7.4,22.3,15.4,15.4,39.4
전남,46,목포시,46110,중,목포유달중학교,,전남 목포시 산정동,UzE0MDAwMDgzMg==,,,63.6,0.0,13.3,15.0,11.5,23.9,36.3
전남,46,목포시,46110,중,문태중학교,,,UzE0MDAwMDg0Mg==,,,60.2,0.0,4.5,15.2,10.1,20.8,49.4
전남,46,해남군,46820,중,산이중학교,,,UzE0MDAwMjE0NQ==,,,87.7,0.0,58.3,25.0,8.3,8.3,0.0
전남,46,해남군,46820,중,북평중학교,,,UzE0MDAwMjE0NA==,,,80.9,0.0,25.0,37.5,12.5,25.0,0.0
전남,46,해남군,46820,중,두륜중학교,,,UzE0MDAwMjE0Mw==,,,79.3,0.0,33.3,33.3,0.0,33.3,0.0
전남,46,해남군,46820,중,해남중학교,,,UzE0MDAwMjE1Mw==,,,76.7,0.0,36.9,20.8,12.8,9.4,20.1
전남,46,해남군,46820,중,우수영중학교,,,UzE0MDAwMjE0OA==,,,74.0,0.0,18.2,18.2,31.8,13.6,18.2
전남,46,해남군,46820,중,송지중학교,,,UzE0MDAwMjE0Ng==,,,73.5,0.0,40.9,22.7,4.5,4.5,27.3
전남,46,해남군,46820,중,현산중학교,,,UzE0MDAwMjE1NA==,,,73.2,0.0,22.2,22.2,11.1,33.3,11.1
전남,46,해남군,46820,중,화원중학교,,,UzE0MDAwMjE1Ng==,,,72.7,0.0,11.1,11.1,38.9,27.8,11.1
전남,46,해남군,46820,중,해남제일중학교,,,UzE0MDAwMjE1MQ==,,,70.5,0.0,17.2,21.4,17.9,17.9,25.5
전남,46,해남군,46820,중,황산중학교,,,UzE0MDAwMjE1Nw==,,,69.4,0.0,17.6,23.5,5.9,23.5,29.4
전남,46,해남군,46820,중,화산중학교,,,UzE0MDAwMjE1NQ==,,,64.0,0.0,14.3,28.6,0.0,14.3,42.9
전남,46,영암군,46830,중,영암도포중학교,,,UzE0MDAwMTczOQ==,,,85.0,0.0,50.0,0.0,50.0,0.0,0.0
전남,46,영암군,46830,중,신북중학교,,,UzE0MDAwMTczNg==,,,78.4,0.0,38.5,15.4,15.4,15.4,15.4
전남,46,영암군,46830,중,영암금정중학교,,,UzE0MDAwMTczNw==,,,77.8,0.0,0.0,50.0,25.0,25.0,0.0
전남,46,영암군,46830,중,영암서호중학교,,,UzE0MDAwMTc0MQ==,,,77.0,0.0,0.0,83.3,0.0,0.0,16.7
전남,46,영암군,46830,중,영암중학교,,,UzE0MDAwMTc0Mw==,,,74.7,0.0,20.0,25.0,22.5,10.0,22.5
전남,46,영암군,46830,중,시종중학교,,,UzE0MDAwMTczNQ==,,,73.8,0.0,50.0,0.0,25.0,0.0,25.0
전남,46,영암군,46830,중,영암낭주중학교,,,UzE0MDAwMTczOA==,,,70.3,0.0,5.6,27.8,22.2,22.2,22.2
전남,46,영암군,46830,중,삼호중학교,,,UzE0MDAwMTczNA==,,,69.7,0.0,15.8,21.1,15.8,14.6,32.7
전남,46,영암군,46830,중,삼호서중학교,,,UzE0MDAwMTczMw==,,,68.9,0.0,9.2,23.1,29.2,12.3,26.2
전남,46,영암군,46830,중,구림중학교,,,UzE0MDAwMTczMg==,,,66.0,0.0,20.0,0.0,40.0,0.0,40.0
전남,46,영암군,46830,중,영암여자중학교,,,UzE0MDAwMTc0Mg==,,,65.0,0.0,6.3,10.4,22.9,27.1,33.3
경북,47,봉화군,47920,중,춘양중학교서벽분교장,,,UzE1MDAwMTkxOA==,,,97.7,0.0,100.0,0.0,0.0,0.0,0.0
경북,47,봉화군,47920,중,석포중학교,,경북 봉화군 석포면 석포리,UzE1MDAwMTkxMw==,,,84.4,0.0,40.9,22.7,22.7,9.1,4.5
경북,47,봉화군,47920,중,춘양중학교,,경북 봉화군 춘양면 서동리,UzE1MDAwMTkxNw==,,,84.0,0.0,50.0,16.7,0.0,33.3,0.0
경북,47,봉화군,47920,중,물야중학교,,,UzE1MDAwMTkwNg==,,,80.0,0.0,0.0,50.0,50.0,0.0,0.0
경북,47,봉화군,47920,중,봉화중학교,,,UzE1MDAwMTkwOQ==,,,67.3,0.0,11.0,16.5,20.9,18.7,33.0
경북,47,봉화군,47920,중,소천중학교,,,UzE1MDAwMTkxNA==,,,65.0,0.0,0.0,40.0,20.0,0.0,40.0
경북,47,봉화군,47920,중,청량중학교,,,UzE1MDAwNjQ5NQ==,,,60.2,0.0,4.2,8.3,20.8,20.8,45.8
경북,47,문경시,47280,중,동로중학교,,,UzE1MDAwMTc4MQ==,,,85.3,0.0,25.0,50.0,25.0,0.0,0.0
경북,47,문경시,47280,중,점촌중학교,,경북 문경시 모전동,UzE1MDAwMTc4OQ==,,,81.8,0.0,36.4,23.2,21.2,13.1,6.1
경북,47,문경시,47280,중,문경서중학교,,,UzE1MDAwMTc4Mw==,,,80.1,0.0,25.8,38.7,19.4,3.2,12.9
경북,47,문경시,47280,중,마성중학교,,,UzE1MDAwMTc4Mg==,,,79.8,0.0,33.3,22.2,33.3,0.0,11.1
경북,47,문경시,47280,중,문경중학교,,경북 문경시 흥덕동,UzE1MDAwMTc4NQ==,,,79.5,0.0,39.8,20.4,13.3,6.1,20.4
경북,47,문경시,47280,중,산북중학교,,,UzE1MDAwMTc4Ng==,,,79.3,0.0,12.5,50.0,25.0,12.5,0.0
경북,47,문경시,47280,중,산양중학교,,,UzE1MDAwMTc4Nw==,,,78.7,0.0,23.1,38.5,23.1,7.7,7.7
경북,47,문경시,47280,중,가은중학교,,,UzE1MDAwMTc4MA==,,,75.9,0.0,33.3,28.6,9.5,4.8,23.8
경북,47,문경시,47280,중,문경여자중학교,,경북 문경시 모전동,UzE1MDAwMTc4NA==,,,71.9,0.0,23.8,18.8,13.8,18.2,25.4
경북,47,북구,47113,중,서포중학교,,,UzE1MDAwMzUzNw==,,,95.0,0.0,100.0,0.0,0.0,0.0,0.0
경북,47,북구,47113,중,기계중학교기북분교장,,,UzE1MDAwMzUxNA==,,,84.0,0.0,25.0,50.0,25.0,0.0,0.0
경북,47,북구,47113,중,포항여자중학교,,,UzE1MDAwMzU0MQ==,,,83.6,0.0,48.0,28.3,8.2,7.4,8.2
경북,47,북구,47113,중,환호여자중학교,,경북 포항시 북구 환호동,UzE1MDAwMzU0Nw==,,,81.6,0.0,46.0,22.4,11.0,8.1,12.5
경북,47,북구,47113,중,창포중학교,,,UzE1MDAwMzUzOA==,,,79.0,0.0,40.5,21.6,12.5,9.1,16.4
경북,47,북구,47113,중,양학중학교,,경북 포항시 북구 득량동,UzE1MDAwMzUzMg==,,,78.2,0.0,25.0,28.6,21.4,13.4,11.6
경북,47,북구,47113,중,기계중학교,,,UzE1MDAwMzUxMw==,,,77.3,0.0,57.1,0.0,14.3,14.3,14.3
경북,47,북구,47113,중,포항영신중학교,,,UzE1MDAwMzU0Mg==,,,76.8,0.0,26.3,21.2,20.3,20.3,11.9
경북,47,북구,47113,중,대도중학교,,,UzE1MDAwMzUxOA==,,,75.6,0.0,28.6,17.9,17.9,19.3,16.4
경북,47,북구,47113,중,흥해중학교,,,UzE1MDAwMzU0OA==,,,75.2,0.0,26.1,21.7,17.4,16.7,18.1
경북,47,북구,47113,중,양덕중학교,,,UzE1MDAwNjUxOA==,,,73.7,0.0,24.6,23.7,18.9,11.0,21.9
경북,47,북구,47113,중,장흥중학교,,,UzE1MDAwNjMyMQ==,,,73.6,0.0,26.9,22.7,15.7,12.5,22.2
경북,47,북구,47113,중,대흥중학교,,,UzE1MDAwMzUyMg==,,,72.1,0.0,25.2,16.5,15.7,15.7,26.8
경북,47,북구,47113,중,신광중학교,,,UzE1MDAwMzUyOQ==,,,71.8,0.0,12.5,50.0,12.5,12.5,12.5
경북,47,북구,47113,중,청하중학교,,경북 포항시 북구 청하면 덕성1리,UzE1MDAwMzUzOQ==,,,71.3,0.0,24.1,21.8,17.2,10.3,26.4
경북,47,북구,47113,중,포항중학교,,,UzE1MDAwMzU0NA==,,,68.4,0.0,24.1,24.1,13.9,9.5,28.5
경북,47,북구,47113,중,대동중학교,,,UzE1MDAwMzUxOQ==,,,67.8,0.0,9.4,22.0,17.3,12.6,38.6
경북,47,북구,47113,중,동지여자중학교,,,UzE1MDAwMzUyMw==,,,67.1,0.0,3.9,26.0,16.9,16.9,36.4
경북,47,북구,47113,중,동지중학교,,,UzE1MDAwMzUyNA==,,,67.0,0.0,10.3,23.5,22.1,14.7,29.4
경북,47,북구,47113,중,송라중학교,,,UzE1MDAwMzUyOA==,,,67.0,0.0,0.0,0.0,50.0,25.0,25.0
경북,47,북구,47113,중,포항항도중학교,,,UzE1MDAwMzU0Ng==,,,65.3,0.0,9.3,22.0,22.9,13.6,32.2
경북,47,안동시,47170,중,길안중학교,,,UzE1MDAwMjI3Mg==,,,89.3,0.0,33.3,66.7,0.0,0.0,0.0
경북,47,안동시,47170,중,안동여자중학교,,경북 안동시 법상동,UzE1MDAwMjI4MA==,,,83.3,0.0,48.3,18.6,11.7,10.3,11.0
경북,47,안동시,47170,중,복주여자중학교,,경북 안동시 당북동,UzE1MDAwMjI3Nw==,,,82.6,0.0,43.4,18.2,20.3,9.1,9.1
경북,47,안동시,47170,중,경안여자중학교,,,UzE1MDAwMjI3MA==,,,80.6,0.0,32.9,27.5,20.1,10.1,9.4
경북,47,안동시,47170,중,풍천중학교,,,UzE1MDAwMjI5MQ==,,,78.4,0.0,29.4,27.9,19.2,10.5,13.0
경북,47,안동시,47170,중,풍산중학교,,경북 안동시 풍산읍 안교리,UzE1MDAwMjI5MA==,,,77.4,0.0,32.4,21.6,18.9,12.2,14.9
경북,47,안동시,47170,중,경덕중학교,,,UzE1MDAwMjI2OQ==,,,75.2,0.0,30.3,20.6,14.2,11.6,23.2
경북,47,안동시,47170,중,웅부중학교,,,UzE1MDAwNjQ5Ng==,,,74.7,0.0,26.1,21.7,17.4,13.0,21.7
경북,47,안동시,47170,중,북후중학교,,,UzE1MDAwMjI3OA==,,,74.6,0.0,42.9,0.0,14.3,14.3,28.6
경북,47,안동시,47170,중,일직중학교,,경북 안동시 일직면 귀미리,UzE1MDAwMjI4Nw==,,,74.3,0.0,44.4,11.1,0.0,11.1,33.3
경북,47,안동시,47170,중,경안중학교,,경북 안동시 송현동,UzE1MDAwMjI3MQ==,,,73.3,0.0,17.9,23.7,20.5,16.7,21.2
경북,47,안동시,47170,중,안동중학교,,경북 안동시 태화동,UzE1MDAwMjI4MQ==,,,70.6,0.0,20.2,16.3,26.4,16.3,20.8
경북,47,안동시,47170,중,길주중학교,,,UzE1MDAwMjI3Mw==,,,56.7,0.0,0.5,8.0,20.5,13.0,58.0
경북,47,청송군,47750,중,청송중학교부동분교장,,,UzE1MDAwMzM3Ng==,,,85.0,0.0,0.0,100.0,0.0,0.0,0.0
경북,47,청송군,47750,중,현동중학교,,경북 청송군 현동면 도평리,UzE1MDAwMzM3Nw==,,,81.9,0.0,54.5,0.0,27.3,9.1,9.1
경북,47,청송군,47750,중,안덕중학교,,,UzE1MDAwMzM3MQ==,,,75.2,0.0,31.3,12.5,18.8,6.3,31.3
경북,47,청송군,47750,중,진보중학교,,경북 청송군 진보면 진안리,UzE1MDAwNjIzMw==,,,73.1,0.0,25.0,25.0,6.3,18.8,25.0
경북,47,청송군,47750,중,현서중학교,,,UzE1MDAwMzM3OA==,,,68.0,0.0,33.3,0.0,33.3,0.0,33.3
경북,47,청송군,47750,중,진성중학교,,,UzE1MDAwMzM3Mw==,,,66.9,0.0,12.5,20.8,8.3,20.8,37.5
경북,47,청송군,47750,중,청송여자중학교,,,UzE1MDAwMzM3NA==,,,66.4,0.0,6.3,25.0,6.3,31.3,31.3
경북,47,청송군,47750,중,청송중학교,,,UzE1MDAwMzM3NQ==,,,64.7,0.0,5.0,15.0,5.0,40.0,35.0
경북,47,영양군,47760,중,석보중학교,,,UzE1MDAwMjU3OQ==,,,81.5,0.0,25.0,25.0,25.0,25.0,0.0
경북,47,영양군,47760,중,수비중학교,,,UzE1MDAwMjU4MA==,,,79.0,0.0,50.0,0.0,0.0,50.0,0.0
경북,47,영양군,47760,중,영양중학교,,경북 영양군 영양읍 서부리,UzE1MDAwMjU4Mg==,,,74.9,0.0,28.6,22.9,17.1,8.6,22.9
경북,47,영양군,47760,중,영양여자중학교,,,UzE1MDAwMjU4MQ==,,,72.9,0.0,8.7,21.7,39.1,13.0,17.4
경북,47,영덕군,47770,중,영덕여자중학교,,,UzE1MDAwMjQ3OA==,,,81.4,0.0,53.5,16.3,2.3,14.0,14.0
경북,47,영덕군,47770,중,영덕중학교,,,UzE1MDAwMjQ3OQ==,,,77.9,0.0,29.3,24.4,24.4,9.8,12.2
경북,47,영덕군,47770,중,남정중학교,,,UzE1MDAwMjQ3NQ==,,,77.0,0.0,40.0,20.0,20.0,0.0,20.0
경북,47,영덕군,47770,중,지품중학교,,,UzE1MDAwMjQ4Mw==,,,74.3,0.0,50.0,0.0,0.0,12.5,37.5
경북,47,영덕군,47770,중,병곡중학교,,,UzE1MDAwMjQ3Nw==,,,70.2,0.0,0.0,40.0,40.0,0.0,20.0
경북,47,영덕군,47770,중,강구중학교,,,UzE1MDAwMjQ3NA==,,,66.4,0.0,7.4,18.5,18.5,18.5,37.0
경북,47,영덕군,47770,중,축산중학교,,,UzE1MDAwMjQ4NQ==,,,65.5,0.0,50.0,0.0,0.0,0.0,50.0
경북,47,영덕군,47770,중,영해중학교,,,UzE1MDAwMjQ4Mg==,,,65.2,0.0,10.4,14.6,27.1,18.8,29.2
경북,47,울진군,47930,중,온정중학교,,,UzE1MDAwMzAyNw==,,,86.0,0.0,50.0,12.5,12.5,25.0,0.0
경북,47,울진군,47930,중,부구중학교,,경북 울진군 북면 부구리,UzE1MDAwMzAyNg==,,,84.1,0.0,38.9,33.3,22.2,2.8,2.8
경북,47,울진군,47930,중,기성중학교,,경북 울진군 기성면 기성리,UzE1MDAwMzAyNA==,,,83.4,0.0,40.0,40.0,0.0,20.0,0.0
경북,47,울진군,47930,중,평해중학교,,경북 울진군 평해읍 월송리,UzE1MDAwMzAzNA==,,,82.4,0.0,37.5,25.0,12.5,25.0,0.0
경북,47,울진군,47930,중,죽변중학교,,경북 울진군 죽변면 죽변리,UzE1MDAwMzAzMg==,,,80.5,0.0,36.0,24.0,24.0,8.0,8.0
경북,47,울진군,47930,중,후포중학교,,,UzE1MDAwMzAzNQ==,,,75.1,0.0,31.8,25.0,13.6,9.1,20.5
경북,47,울진군,47930,중,울진중학교,,경북 울진군 울진읍 읍내리,UzE1MDAwMzAyOQ==,,,75.0,0.0,21.0,26.9,20.4,12.9,18.8
경북,47,울진군,47930,중,매화중학교,,,UzE1MDAwMzAyNQ==,,,56.5,0.0,50.0,0.0,0.0,0.0,50.0
경북,47,의성군,47730,중,다인중학교,,,UzE1MDAwMzEzNg==,,,91.5,0.0,100.0,0.0,0.0,0.0,0.0
경북,47,의성군,47730,중,옥산중학교,,경북 의성군 옥산면 구성리,UzE1MDAwMzE0OA==,,,88.4,0.0,62.5,25.0,12.5,0.0,0.0
경북,47,의성군,47730,중,금성중학교,,,UzE1MDAwMzEzNQ==,,,80.1,0.0,28.6,14.3,42.9,14.3,0.0
경북,47,의성군,47730,중,봉양중학교,,,UzE1MDAwMzEzOA==,,,77.8,0.0,0.0,50.0,33.3,0.0,16.7
경북,47,의성군,47730,중,삼성중학교,,,UzE1MDAwMzE0MQ==,,,75.6,0.0,25.0,12.5,37.5,0.0,25.0
경북,47,의성군,47730,중,의성여자중학교,,경북 의성군 의성읍 상리리,UzE1MDAwMzE0OQ==,,,74.5,0.0,28.3,17.4,23.9,8.7,21.7
경북,47,의성군,47730,중,의성중학교,,경북 의성군 의성읍 도동리,UzE1MDAwMzE1MA==,,,74.3,0.0,33.9,9.7,11.3,22.6,22.6
경북,47,의성군,47730,중,안계중학교,,,UzE1MDAwMzE0NA==,,,73.3,0.0,23.8,23.8,14.3,14.3,23.8
경북,47,의성군,47730,중,경북중부중학교,,,UzE1MDAwNjQ3OA==,,,69.9,0.0,28.6,28.6,14.3,0.0,28.6
경북,47,의성군,47730,중,탑리여자중학교,,,UzE1MDAwMzE1NQ==,,,66.8,0.0,25.0,0.0,0.0,50.0,25.0
경북,47,구미시,47190,중,오상중학교,,,UzE1MDAwMTQwNQ==,,,82.5,0.0,36.7,30.6,12.2,14.3,6.1
경북,47,구미시,47190,중,해마루중학교,,,UzE1MDAwNjQ3OQ==,,,81.8,0.0,40.6,28.9,15.2,7.0,8.2
경북,47,구미시,47190,중,선주중학교,,,UzE1MDAwNjE1MA==,,,80.8,0.0,35.7,30.6,15.3,6.6,11.7
경북,47,구미시,47190,중,송정여자중학교,,경북 구미시 송정동,UzE1MDAwMTQwNA==,,,80.5,0.0,33.0,28.0,19.2,11.5,8.2
경북,47,구미시,47190,중,무을중학교,,경북 구미시 무을면 무등리,UzE1MDAwMTM5OQ==,,,80.4,0.0,27.3,27.3,27.3,18.2,0.0
경북,47,구미시,47190,중,산동중학교,,경북 구미시 산동면 동곡리,UzE1MDAwMTQwMA==,,,79.5,0.0,30.4,34.8,8.7,8.7,17.4
경북,47,구미시,47190,중,현일중학교,,,UzE1MDAwMTQxMA==,,,79.0,0.0,30.9,24.5,23.2,9.5,11.8
경북,47,구미시,47190,중,구미중학교,,,UzE1MDAwMTM5NQ==,,,77.6,0.0,36.4,19.5,15.6,15.6,13.0
경북,47,구미시,47190,중,형남중학교,,,UzE1MDAwMTQxMg==,,,76.4,0.0,28.1,24.2,25.0,5.5,17.2
경북,47,구미시,47190,중,구미인덕중학교,,,UzE1MDAwNjQ5MQ==,,,75.5,0.0,24.5,29.7,15.4,11.8,18.6
경북,47,구미시,47190,중,금오중학교,,경북 구미시 임은동,UzE1MDAwMTM5Ng==,,,75.2,0.0,27.8,20.5,17.2,17.2,17.2
경북,47,구미시,47190,중,봉곡중학교,,,UzE1MDAwNjAzMw==,,,74.7,0.0,22.5,26.6,18.4,12.3,20.1
경북,47,구미시,47190,중,선산중학교,,,UzE1MDAwMTQwMw==,,,74.7,0.0,37.4,20.6,9.3,7.5,25.2
경북,47,구미시,47190,중,형곡중학교,,,UzE1MDAwMTQxMQ==,,,73.8,0.0,24.3,22.4,19.3,10.8,23.2
경북,47,구미시,47190,중,상모중학교,,,UzE1MDAwNTMyNg==,,,73.8,0.0,22.9,24.4,17.1,15.1,20.5
경북,47,구미시,47190,중,구미여자중학교,,,UzE1MDAwMTM5NA==,,,71.8,0.0,15.2,19.9,27.8,14.6,22.5
경북,47,구미시,47190,중,광평중학교,,,UzE1MDAwNjI2NQ==,,,71.7,0.0,29.2,16.7,18.1,8.3,27.8
경북,47,구미시,47190,중,오태중학교,,경북 구미시 오태동,UzE1MDAwNjI3Nw==,,,71.6,0.0,15.6,22.9,21.9,18.8,20.8
경북,47,구미시,47190,중,옥계동부중학교,,,UzE1MDAwNjMxOQ==,,,71.3,0.0,22.0,25.7,14.9,10.4,26.9
경북,47,구미시,47190,중,구미신평중학교,,,UzE1MDAwMTM5Mw==,,,70.9,0.0,7.5,28.1,26.0,16.4,21.9
경북,47,구미시,47190,중,도송중학교,,경북 구미시 도량2동,UzE1MDAwMTM5OA==,,,70.8,0.0,16.9,22.7,17.6,16.5,26.3
경북,47,구미시,47190,중,인동중학교,,,UzE1MDAwMTQwNw==,,,69.6,0.0,16.7,23.2,18.4,15.4,26.3
경북,47,구미시,47190,중,천생중학교,,경북 구미시 구평동,UzE1MDAwNjI3Ng==,,,69.1,0.0,20.7,20.7,15.9,12.8,30.0
경북,47,구미시,47190,중,옥계중학교,,경북 구미시 거의동,UzE1MDAwMTQwNg==,,,67.9,0.0,13.6,18.5,22.7,14.0,31.1
경북,47,구미시,47190,중,경구중학교,,,UzE1MDAwMTM5MQ==,,,63.2,0.0,12.2,14.6,17.1,14.6,41.5
경북,47,구미시,47190,중,진평중학교,,경북 구미시 진평동,UzE1MDAwMTQwOA==,,,61.7,0.0,2.1,15.0,16.1,25.4,41.5
경북,47,구미시,47190,중,도개중학교,,경북 구미시 도개면 궁기리,UzE1MDAwMTM5Nw==,,,60.3,0.0,16.7,16.7,6.7,3.3,56.7
경북,47,구미시,47190,중,해평중학교,,,UzE1MDAwMTQwOQ==,,,57.8,0.0,0.0,40.0,20.0,0.0,40.0
경북,47,상주시,47250,중,낙동중학교,,,UzE1MDAwMjAyMQ==,,,92.7,0.0,66.7,33.3,0.0,0.0,0.0
경북,47,상주시,47250,중,모서중학교,,,UzE1MDAwMjAyNQ==,,,88.0,0.0,50.0,50.0,0.0,0.0,0.0
경북,47,상주시,47250,중,화북중학교,,,UzE1MDAwMjA0MQ==,,,84.8,0.0,50.0,25.0,0.0,25.0,0.0
경북,47,상주시,47250,중,성신여자중학교,,,UzE1MDAwMjAzMQ==,,,82.4,0.0,35.7,21.7,26.1,13.0,3.5
경북,47,상주시,47250,중,남산중학교,,경북 상주시 낙양동,UzE1MDAwMjAyMw==,,,80.6,0.0,39.8,21.2,17.7,8.8,12.4
경북,47,상주시,47250,중,상지여자중학교,,경북 상주시 함창읍 오동리,UzE1MDAwMjAzMA==,,,78.4,0.0,28.0,40.0,12.0,0.0,20.0
경북,47,상주시,47250,중,화령중학교,,경북 상주시 화서면 달천리,UzE1MDAwMjA0MA==,,,76.7,0.0,20.0,30.0,10.0,30.0,10.0
경북,47,상주시,47250,중,은척중학교,,,UzE1MDAwMjAzMw==,,,76.4,0.0,0.0,14.3,85.7,0.0,0.0
경북,47,상주시,47250,중,내서중학교,,경북 상주시 내서면 낙서리,UzE1MDAwMjAyNA==,,,75.8,0.0,23.1,23.1,38.5,0.0,15.4
경북,47,상주시,47250,중,상주여자중학교,,,UzE1MDAwMjAyOA==,,,73.7,0.0,27.7,15.2,15.2,17.9,24.1
경북,47,상주시,47250,중,함창중학교,,,UzE1MDAwMjAzOA==,,,73.1,0.0,21.1,19.3,21.1,17.5,21.1
경북,47,상주시,47250,중,화동중학교,,,UzE1MDAwMjAzOQ==,,,71.6,0.0,25.0,0.0,50.0,0.0,25.0
경북,47,상주시,47250,중,중모중학교,,경북 상주시 모동면 덕곡리,UzE1MDAwMjAzNg==,,,71.1,0.0,0.0,25.0,25.0,25.0,25.0
경북,47,상주시,47250,중,상주중학교,,경북 상주시 만산동,UzE1MDAwMjAyOQ==,,,63.9,0.0,21.2,15.4,11.5,9.6,42.3
경북,47,상주시,47250,중,용운중학교,,경북 상주시 공성면 산현리,UzE1MDAwMjAzMg==,,,61.6,0.0,3.2,12.9,22.6,22.6,38.7
경북,47,상주시,47250,중,청리중학교,,,UzE1MDAwMjAzNw==,,,58.6,0.0,10.0,10.0,30.0,10.0,40.0
경북,47,상주시,47250,중,낙운중학교,,,UzE1MDAwMjAyMg==,,,49.8,0.0,7.1,21.4,14.3,0.0,57.1
경북,47,성주군,47840,중,성주중학교가천분교장,,,UzE1MDAwMjE5Ng==,,,89.5,0.0,50.0,50.0,0.0,0.0,0.0
경북,47,성주군,47840,중,벽진중학교,,,UzE1MDAwMjE5OA==,,,85.7,0.0,50.0,33.3,16.7,0.0,0.0
경북,47,성주군,47840,중,용암중학교,,,UzE1MDAwMjIwMw==,,,77.8,0.0,33.3,33.3,16.7,0.0,16.7
경북,47,성주군,47840,중,수륜중학교,,,UzE1MDAwMjIwMg==,,,77.6,0.0,43.8,25.0,12.5,0.0,18.8
경북,47,성주군,47840,중,성주여자중학교,,,UzE1MDAwMjIwMA==,,,76.9,0.0,17.6,32.4,25.7,14.9,9.5
경북,47,성주군,47840,중,초전중학교,,경북 성주군 초전면 대장1리,UzE1MDAwMjIwNA==,,,75.0,0.0,19.0,38.1,14.3,14.3,14.3
경북,47,성주군,47840,중,명인중학교,,,UzE1MDAwMjE5Nw==,,,73.0,0.0,28.6,9.5,23.8,19.0,19.0
경북,47,성주군,47840,중,성주중학교,,,UzE1MDAwMjIwMQ==,,,68.4,0.0,20.4,13.0,13.0,18.5,35.2
경북,47,김천시,47150,중,감문중학교,,경북 김천시 감문면 삼성리,UzE1MDAwMTYzMQ==,,,84.4,0.0,42.9,14.3,28.6,14.3,0.0
경북,47,김천시,47150,중,율곡중학교,,,UzE1MDAwMTYzNw==,,,83.5,0.0,40.6,28.6,15.8,11.3,3.8
경북,47,김천시,47150,중,김천중학교,,,UzE1MDAwMTYzNg==,,,80.0,0.0,39.4,21.2,15.2,12.1,12.1
경북,47,김천시,47150,중,어모중학교,,,UzE1MDAwMTY0Ng==,,,79.3,0.0,33.3,22.2,22.2,11.1,11.1
경북,47,김천시,47150,중,아포중학교,,,UzE1MDAwMTY0NQ==,,,78.7,0.0,28.9,23.7,26.3,10.5,10.5
경북,47,김천시,47150,중,김천여자중학교,,,UzE1MDAwMTYzNA==,,,78.6,0.0,22.7,35.1,15.5,18.6,8.2
경북,47,김천시,47150,중,운남중학교,,,UzE1MDAwNjUyMg==,,,75.9,0.0,31.6,20.2,14.4,13.3,20.5
경북,47,김천시,47150,중,지품천중학교,,,UzE1MDAwNjQ5NA==,,,75.3,0.0,25.0,25.0,20.0,10.0,20.0
경북,47,김천시,47150,중,성의여자중학교,,경북 김천시 평화동,UzE1MDAwMTY0Mw==,,,75.0,0.0,26.3,25.3,16.8,16.8,14.7
경북,47,김천시,47150,중,한일여자중학교,,,UzE1MDAwMTY1MQ==,,,73.4,0.0,24.5,27.6,15.3,6.1,26.5
경북,47,김천시,47150,중,김천석천중학교,,경북 김천시 황금동,UzE1MDAwMTY0Mg==,,,73.3,0.0,20.0,28.0,18.0,8.0,26.0
경북,47,김천시,47150,중,개령중학교,,,UzE1MDAwMTYzMg==,,,73.0,0.0,23.1,15.4,30.8,7.7,23.1
경북,47,김천시,47150,중,김천중앙중학교,,경북 김천시 삼락동,UzE1MDAwMTYzNQ==,,,71.5,0.0,20.6,24.7,20.6,10.3,23.7
경북,47,김천시,47150,중,문성중학교,,,UzE1MDAwMTY0MA==,,,66.3,0.0,3.4,15.5,20.7,27.6,32.8
경북,47,김천시,47150,중,성의중학교,,경북 김천시 지좌동,UzE1MDAwMTY0NA==,,,65.3,0.0,16.7,16.7,20.8,10.4,35.4
경북,47,칠곡군,47850,중,순심여자중학교,,,UzE1MDAwMzQzNw==,,,80.5,0.0,33.3,31.8,12.1,15.2,7.6
경북,47,칠곡군,47850,중,석적중학교,,,UzE1MDAwNjU1NQ==,,,76.1,0.0,21.2,26.6,21.2,18.2,12.8
경북,47,칠곡군,47850,중,장곡중학교,,,UzE1MDAwMzQ0Mw==,,,75.9,0.0,27.9,23.4,22.3,14.7,11.7
경북,47,칠곡군,47850,중,인평중학교,,,UzE1MDAwNjMxMw==,,,75.9,0.0,25.4,25.4,18.6,13.6,16.9
경북,47,칠곡군,47850,중,동명중학교,,경북 칠곡군 동명면 송산리,UzE1MDAwMzQzNQ==,,,75.9,0.0,12.5,37.5,31.3,6.3,12.5
경북,47,칠곡군,47850,중,신동중학교,,,UzE1MDAwMzQzOQ==,,,74.7,0.0,20.0,30.0,10.0,20.0,20.0
경북,47,칠곡군,47850,중,석전중학교,,,UzE1MDAwNjAzNQ==,,,72.5,0.0,27.8,21.1,15.6,12.2,23.3
경북,47,칠곡군,47850,중,왜관중학교,,,UzE1MDAwMzQ0Mg==,,,70.1,0.0,14.4,17.8,23.3,18.9,25.6
경북,47,칠곡군,47850,중,순심중학교,,,UzE1MDAwMzQzOA==,,,68.8,0.0,11.6,24.6,15.9,17.4,30.4
경북,47,칠곡군,47850,중,약목중학교,,경북 칠곡군 약목면 복성리,UzE1MDAwMzQ0MA==,,,66.6,0.0,21.2,24.2,15.2,3.0,36.4
경북,47,칠곡군,47850,중,북삼중학교,,,UzE1MDAwMzQzNg==,,,65.0,0.0,13.1,14.8,17.0,16.5,38.6
경북,47,청도군,47820,중,매전중학교,,,UzE1MDAwMzI5Mw==,,,83.0,0.0,25.0,50.0,25.0,0.0,0.0
경북,47,청도군,47820,중,금천중학교,,,UzE1MDAwMzI5Mg==,,,81.3,0.0,42.9,0.0,28.6,28.6,0.0
경북,47,청도군,47820,중,이서중학교,,,UzE1MDAwMzI5Ng==,,,81.2,0.0,36.4,24.2,24.2,6.1,9.1
경북,47,청도군,47820,중,모계중학교,,,UzE1MDAwMzI5NA==,,,68.6,0.0,11.9,15.3,27.1,16.9,28.8
경북,47,청도군,47820,중,풍각중학교,,경북 청도군 풍각면 송서리,UzE1MDAwMzI5OA==,,,67.8,0.0,14.3,23.8,19.0,14.3,28.6
경북,47,청도군,47820,중,청도중학교,,,UzE1MDAwMzI5Nw==,,,62.6,0.0,14.8,13.1,11.5,13.1,47.5
경북,47,예천군,47900,중,감천중학교,,경북 예천군 감천면 포리,UzE1MDAwMjg4Mg==,,,86.4,0.0,60.0,0.0,40.0,0.0,0.0
경북,47,예천군,47900,중,용문중학교,,,UzE1MDAwMjg4Nw==,,,85.7,0.0,0.0,100.0,0.0,0.0,0.0
경북,47,예천군,47900,중,예천여자중학교,,경북 예천군 예천읍 남본리,UzE1MDAwMjg4NA==,,,80.8,0.0,29.5,24.4,21.8,17.9,6.4
경북,47,예천군,47900,중,대창중학교,,경북 예천군 예천읍 노상리,UzE1MDAwMjg4Mw==,,,79.9,0.0,14.3,37.1,37.1,11.4,0.0
경북,47,예천군,47900,중,풍양중학교,,경북 예천군 풍양면 낙상리,UzE1MDAwMjg5MQ==,,,79.7,0.0,28.6,0.0,57.1,14.3,0.0
경북,47,예천군,47900,중,용궁중학교,,,UzE1MDAwMjg4Ng==,,,74.0,0.0,30.0,20.0,10.0,30.0,10.0
경북,47,예천군,47900,중,예천중학교,,경북 예천군 예천읍 남본리,UzE1MDAwMjg4NQ==,,,72.7,0.0,14.3,31.4,22.9,11.4,20.0
경북,47,예천군,47900,중,은풍중학교,,,UzE1MDAwMjg4OQ==,,,68.0,0.0,0.0,0.0,33.3,66.7,0.0
경북,47,예천군,47900,중,지보중학교,,,UzE1MDAwMjg5MA==,,,67.9,0.0,28.6,14.3,14.3,14.3,28.6
경북,47,남구,47111,중,대보중학교,,,UzE1MDAwMzUyMA==,,,84.0,0.0,33.3,33.3,33.3,0.0,0.0
경북,47,남구,47111,중,구룡포중학교,,,UzE1MDAwMzUxMg==,,,83.4,0.0,40.0,40.0,10.0,0.0,10.0
경북,47,남구,47111,중,포항제철중학교,,,UzE1MDAwMzU0Mw==,,,83.4,0.0,50.7,19.0,12.1,6.4,11.8
경북,47,남구,47111,중,포항동해중학교,,경북 포항시 남구 동해면 도구2리,UzE1MDAwMzU0MA==,,,81.1,0.0,38.2,24.5,18.6,8.8,9.8
경북,47,남구,47111,중,유강중학교,,,UzE1MDAwNjA5NQ==,,,78.9,0.0,24.8,36.6,19.3,10.6,8.7
경북,47,남구,47111,중,송도중학교,,,UzE1MDAwNjAyMg==,,,77.9,0.0,27.7,29.8,17.0,12.8,12.8
경북,47,남구,47111,중,포항이동중학교,,,UzE1MDAwNjA5NA==,,,73.8,0.0,31.4,21.8,12.6,10.0,24.3
경북,47,남구,47111,중,오천중학교,,,UzE1MDAwMzUzNA==,,,73.1,0.0,17.6,27.8,22.7,10.2,21.8
경북,47,남구,47111,중,상도중학교,,,UzE1MDAwMzUyNg==,,,72.6,0.0,26.7,23.3,16.7,10.0,23.3
경북,47,남구,47111,중,대송중학교,,,UzE1MDAwMzUyMQ==,,,72.0,0.0,28.6,42.9,0.0,0.0,28.6
경북,47,남구,47111,중,신흥중학교,,경북 포항시 남구 오천읍 세계4리,UzE1MDAwMzUzMA==,,,69.6,0.0,21.5,16.7,18.8,17.7,25.3
경북,47,남구,47111,중,포항포은중학교,,,UzE1MDAwNjM5Mg==,,,68.4,0.0,24.7,22.7,12.4,10.8,29.4
경북,47,남구,47111,중,장기중학교,,,UzE1MDAwMzUzNg==,,,67.8,0.0,11.9,26.2,9.5,19.0,33.3
경북,47,남구,47111,중,영일중학교,,,UzE1MDAwMzUzMw==,,,62.4,0.0,6.2,15.5,21.2,20.2,36.8
경북,47,영주시,47210,중,영광여자중학교,,,UzE1MDAwMjY1OA==,,,82.5,0.0,37.1,24.2,24.2,8.9,5.6
경북,47,영주시,47210,중,부석중학교,,경북 영주시 부석면 소천리,UzE1MDAwMjY1Ng==,,,78.3,0.0,0.0,66.7,33.3,0.0,0.0
경북,47,영주시,47210,중,대영중학교,,경북 영주시 휴천1동,UzE1MDAwMjY1NA==,,,77.2,0.0,24.1,29.3,15.5,12.9,18.1
경북,47,영주시,47210,중,영주여자중학교,,,UzE1MDAwMjY2MA==,,,76.3,0.0,38.5,18.8,6.0,14.5,22.2
경북,47,영주시,47210,중,동산여자중학교,,,UzE1MDAwMjY1NQ==,,,75.7,0.0,14.4,27.8,27.8,15.5,14.4
경북,47,영주시,47210,중,영주중학교,,,UzE1MDAwMjY2MQ==,,,74.7,0.0,21.6,30.2,22.4,9.5,16.4
경북,47,영주시,47210,중,풍기중학교,,,UzE1MDAwMjY2Mg==,,,74.1,0.0,15.8,18.4,31.6,18.4,15.8
경북,47,영주시,47210,중,소수중학교,,경북 영주시 순흥면 읍내리,UzE1MDAwMjY1Nw==,,,72.8,0.0,18.2,27.3,9.1,9.1,36.4
경북,47,영주시,47210,중,금계중학교,,경북 영주시 풍기읍 금계리,UzE1MDAwMjY1Mg==,,,70.0,0.0,18.4,15.8,10.5,34.2,21.1
경북,47,영주시,47210,중,영광중학교,,경북 영주시 영주1동,UzE1MDAwMjY1OQ==,,,69.6,0.0,5.1,25.4,27.1,18.6,23.7
경북,47,영주시,47210,중,단산중학교,,,UzE1MDAwMjY1Mw==,,,63.9,0.0,22.2,22.2,11.1,0.0,44.4
경북,47,경산시,47290,중,자인중학교,,,UzE1MDAwMTAyNg==,,,87.0,0.0,50.0,16.7,16.7,16.7,0.0
경북,47,경산시,47290,중,문명중학교,,,UzE1MDAwNjE4Nw==,,,83.6,0.0,35.5,40.3,13.7,5.6,4.8
경북,47,경산시,47290,중,경산여자중학교,,경북 경산시 옥곡동,UzE1MDAwMTAyMA==,,,80.4,0.0,19.9,40.2,26.2,9.4,4.2
경북,47,경산시,47290,중,압량중학교,,,UzE1MDAwNjUyMw==,,,76.8,0.0,25.5,26.1,23.6,8.3,16.6
경북,47,경산시,47290,중,용성중학교,,경북 경산시 용성면 당리리,UzE1MDAwMTAyNA==,,,76.7,0.0,0.0,40.0,40.0,10.0,10.0
경북,47,경산시,47290,중,신상중학교,,경북 경산시 진량읍 신상리,UzE1MDAwNjMxMA==,,,75.7,0.0,33.6,20.5,14.8,9.0,22.1
경북,47,경산시,47290,중,삼성현중학교,,경북 경산시 백천동,UzE1MDAwNjE2MA==,,,74.5,0.0,33.0,19.2,15.8,7.9,24.1
경북,47,경산시,47290,중,대구가톨릭대학교사범대학부속무학중학교,,,UzE1MDAwMTAyMg==,,,73.9,0.0,18.5,26.4,18.5,19.4,17.2
경북,47,경산시,47290,중,하양여자중학교,,,UzE1MDAwMTAyOQ==,,,73.0,0.0,18.8,25.5,16.1,18.1,21.5
경북,47,경산시,47290,중,경산중학교,,,UzE1MDAwMTAyMQ==,,,72.7,0.0,23.7,23.7,19.8,7.6,25.2
경북,47,경산시,47290,중,사동중학교,,,UzE1MDAwNjAzMQ==,,,72.5,0.0,14.1,25.6,21.9,21.5,17.0
경북,47,경산시,47290,중,경산제일중학교,,경북 경산시 자인면 동부리,UzE1MDAwMTAyNQ==,,,70.7,0.0,31.3,25.0,0.0,6.3,37.5
경북,47,경산시,47290,중,장산중학교,,,UzE1MDAwMTAyNw==,,,69.1,0.0,8.5,20.4,23.8,19.6,27.7
경북,47,경산시,47290,중,경북체육중학교,,경북 경산시 신교동,UzE1MDAwMTAxOQ==,,,68.4,0.0,18.9,21.6,13.5,8.1,37.8
경북,47,경산시,47290,중,진량중학교,,경북 경산시 진량읍 신상리,UzE1MDAwMTAyOA==,,,66.5,0.0,13.0,23.0,18.0,14.0,32.0
경북,47,경주시,47130,중,산내중학교,,경북 경주시 산내면 의곡리,UzE1MDAwMTEzMQ==,,,82.0,0.0,0.0,100.0,0.0,0.0,0.0
경북,47,경주시,47130,중,안강여자중학교,,,UzE1MDAwMTEzNg==,,,80.7,0.0,41.7,23.8,9.5,9.5,15.5
경북,47,경주시,47130,중,양북중학교,,경북 경주시 양북면 어일리,UzE1MDAwMTEzOQ==,,,80.2,0.0,33.3,33.3,16.7,0.0,16.7
경북,47,경주시,47130,중,서라벌여자중학교,,경북 경주시 황성동,UzE1MDAwMTEzMg==,,,78.9,0.0,34.0,32.0,17.6,3.3,13.1
경북,47,경주시,47130,중,감포중학교,,,UzE1MDAwMTEyMg==,,,78.9,0.0,35.7,28.6,14.3,7.1,14.3
경북,47,경주시,47130,중,경주중학교,,경북 경주시 황오동,UzE1MDAwMTEyNA==,,,77.9,0.0,26.8,26.0,24.4,11.8,11.0
경북,47,경주시,47130,중,양남중학교,,경북 경주시 양남면 하서리,UzE1MDAwMTEzOA==,,,76.8,0.0,27.3,27.3,13.6,13.6,18.2
경북,47,경주시,47130,중,아화중학교,,경북 경주시 서면 아화리,UzE1MDAwMTEzNQ==,,,76.4,0.0,12.5,25.0,37.5,12.5,12.5
경북,47,경주시,47130,중,안강중학교,,,UzE1MDAwMTEzNw==,,,75.4,0.0,28.2,27.1,12.9,14.1,17.6
경북,47,경주시,47130,중,경주여자중학교,,,UzE1MDAwMTEyMw==,,,75.3,0.0,27.8,27.8,16.5,10.2,17.6
경북,47,경주시,47130,중,근화여자중학교,,경북 경주시 용강동,UzE1MDAwMTEyNg==,,,75.0,0.0,20.7,25.6,22.3,11.6,19.8
경북,47,경주시,47130,중,외동중학교,,,UzE1MDAwMTE0MA==,,,73.8,0.0,25.0,21.3,24.1,12.0,17.6
경북,47,경주시,47130,중,계림중학교,,경북 경주시 황성동,UzE1MDAwMTEyNQ==,,,73.6,0.0,32.0,17.0,17.0,10.5,23.5
경북,47,경주시,47130,중,문화중학교,,경북 경주시 충효동,UzE1MDAwMTEyOQ==,,,72.7,0.0,16.5,15.0,32.3,18.1,18.1
경북,47,경주시,47130,중,신라중학교,,경북 경주시 황성동,UzE1MDAwMTEzNA==,,,69.9,0.0,36.2,13.8,11.5,9.8,28.7
경북,47,경주시,47130,중,선덕여자중학교,,경북 경주시 인왕동,UzE1MDAwMTEzMw==,,,69.4,0.0,9.4,26.0,21.3,20.5,22.8
경북,47,경주시,47130,중,화랑중학교,,,UzE1MDAwNjMwMg==,,,69.0,0.0,16.6,20.1,20.6,15.6,27.1
경북,47,경주시,47130,중,무산중학교,,,UzE1MDAwMTEyOA==,,,68.3,0.0,19.4,3.2,19.4,25.8,32.3
경북,47,경주시,47130,중,불국중학교,,,UzE1MDAwMTEzMA==,,,68.0,0.0,12.9,25.8,12.9,19.4,29.0
경북,47,경주시,47130,중,월성중학교,,,UzE1MDAwMTE0MQ==,,,63.2,0.0,19.0,16.5,14.0,14.9,35.5
경북,47,영천시,47230,중,청통중학교,,,UzE1MDAwMjc3OA==,,,89.0,0.0,0.0,100.0,0.0,0.0,0.0
경북,47,영천시,47230,중,별빛중학교,,,UzE1MDAwNjQ3Nw==,,,82.2,0.0,36.4,31.8,13.6,13.6,4.5
경북,47,영천시,47230,중,신녕중학교,,,UzE1MDAwMjc2Nw==,,,79.7,0.0,33.3,0.0,66.7,0.0,0.0
경북,47,영천시,47230,중,금호여자중학교,,경북 영천시 금호읍 대미리,UzE1MDAwMjc2Mw==,,,76.6,0.0,18.2,45.5,0.0,18.2,18.2
경북,47,영천시,47230,중,화산중학교,,,UzE1MDAwMjc3OQ==,,,74.7,0.0,0.0,66.7,0.0,16.7,16.7
경북,47,영천시,47230,중,영천여자중학교,,경북 영천시 교촌동,UzE1MDAwMjc3MQ==,,,72.9,0.0,16.7,14.0,34.2,18.4,16.7
경북,47,영천시,47230,중,금호중학교,,경북 영천시 금호읍 교대리,UzE1MDAwMjc2NA==,,,71.1,0.0,22.6,19.4,12.9,19.4,25.8
경북,47,영천시,47230,중,영천중학교,,경북 영천시 문내동,UzE1MDAwMjc3Mg==,,,69.5,0.0,22.9,17.4,14.7,20.2,24.8
경북,47,영천시,47230,중,영안중학교,,,UzE1MDAwMjc2OQ==,,,68.3,0.0,66.7,0.0,0.0,0.0,33.3
경북,47,영천시,47230,중,산동중학교,,,UzE1MDAwMjc2NQ==,,,65.8,0.0,25.0,25.0,0.0,0.0,50.0
경북,47,영천시,47230,중,영동중학교,,,UzE1MDAwMjc2OA==,,,65.2,0.0,18.7,14.0,13.1,15.0,39.3
경북,47,영천시,47230,중,성남여자중학교,,경북 영천시 도동,UzE1MDAwMjc2Ng==,,,65.1,0.0,12.2,11.3,17.4,20.9,38.3
경북,47,울릉군,47940,중,울릉중학교,,,UzE1MDAwNjU1MA==,,,75.0,0.0,19.6,30.4,13.0,26.1,10.9
경북,47,고령군,47830,중,쌍림중학교,,경북 고령군 쌍림면 귀원리,UzE1MDAwMTMzMg==,,,81.0,0.0,33.3,50.0,0.0,0.0,16.7
경북,47,고령군,47830,중,성산중학교,,,UzE1MDAwMTMzMQ==,,,79.2,0.0,33.3,16.7,0.0,50.0,0.0
경북,47,고령군,47830,중,고령중학교,,,UzE1MDAwMTMyOA==,,,78.3,0.0,43.7,14.1,12.7,7.0,22.5
경북,47,고령군,47830,중,다산중학교,,,UzE1MDAwMTMzMA==,,,77.5,0.0,15.7,27.5,33.3,15.7,7.8
경북,47,고령군,47830,중,고령중학교개진분교장,,,UzE1MDAwMTMyOQ==,,,65.2,0.0,20.0,20.0,20.0,0.0,40.0
경남,48,진주시,48170,중,선인국제중학교,,,UzE2MDAwMzkzNQ==,,,96.7,0.0,93.5,6.5,0.0,0.0,0.0
경남,48,진주시,48170,중,금곡중학교,,,UzE2MDAwMTk0MA==,,,85.9,0.0,62.5,12.5,0.0,25.0,0.0
경남,48,진주시,48170,중,지수중학교,,,UzE2MDAwMTk1MA==,,,85.2,0.0,50.0,33.3,0.0,0.0,16.7
경남,48,진주시,48170,중,반성중학교,,,UzE2MDAwMTk0Ng==,,,82.8,0.0,36.0,36.0,8.0,12.0,8.0
경남,48,진주시,48170,중,진서중학교,,,UzE2MDAwMTk1Mg==,,,79.7,0.0,33.3,22.2,22.2,0.0,22.2
경남,48,진주시,48170,중,경해여자중학교,,,UzE2MDAwMTkzOQ==,,,74.8,0.0,19.8,27.1,21.9,13.0,18.2
경남,48,진주시,48170,중,경상국립대학교사범대학부설중학교,,경남 진주시 가좌동 경상대학교,UzAwMDAwMzYwNQ==,,,73.0,0.0,12.6,26.3,24.0,21.1,16.0
경남,48,진주시,48170,중,문산중학교,,,UzE2MDAwMTk0NA==,,,72.4,0.0,26.8,20.2,13.9,13.9,25.2
경남,48,진주시,48170,중,대곡중학교,,,UzE2MDAwMTk0MQ==,,,70.8,0.0,14.0,25.8,18.9,14.0,27.3
경남,48,진주시,48170,중,진주중학교,,,UzE2MDAwMTk2MA==,,,70.2,0.0,27.4,19.4,8.1,12.9,32.3
경남,48,진주시,48170,중,삼현여자중학교,,,UzE2MDAwMTk0Nw==,,,70.1,0.0,19.5,20.6,16.7,13.2,30.0
경남,48,진주시,48170,중,진주여자중학교,,,UzE2MDAwMTk1OA==,,,68.4,0.0,14.9,19.8,17.6,15.3,32.4
경남,48,진주시,48170,중,진주봉원중학교,,,UzE2MDAwMTk1Ng==,,,68.1,0.0,20.6,32.4,5.9,2.9,38.2
경남,48,진주시,48170,중,진주제일중학교,,경남 진주시 평거동,UzE2MDAwMzI2NQ==,,,67.9,0.0,19.6,17.0,22.8,12.5,28.1
경남,48,진주시,48170,중,진주동명중학교,,,UzE2MDAwMTk1NA==,,,67.7,0.0,18.8,22.8,14.7,10.3,33.5
경남,48,진주시,48170,중,진주남중학교,,,UzE2MDAwMTk1Mw==,,,67.3,0.0,15.2,20.9,13.9,15.2,34.8
경남,48,진주시,48170,중,진주중앙중학교,,,UzE2MDAwMTk1OQ==,,,66.2,0.0,16.1,18.7,17.1,14.0,34.2
경남,48,진주시,48170,중,진주동중학교,,,UzE2MDAwMTk1NQ==,,,65.6,0.0,12.8,18.3,14.4,16.7,37.7
경남,48,진주시,48170,중,진명여자중학교,,,UzE2MDAwMTk1MQ==,,,64.6,0.0,13.7,15.8,19.2,10.3,41.1
경남,48,진주시,48170,중,개양중학교,,,UzE2MDAwMzQwMw==,,,64.3,0.0,9.2,14.1,22.5,19.7,34.5
경남,48,진주시,48170,중,명석중학교,,,UzE2MDAwMTk0Mw==,,,61.2,0.0,33.3,0.0,11.1,11.1,44.4
경남,48,진주시,48170,중,대아중학교,,경남 진주시 이현동,UzE2MDAwMTk0Mg==,,,59.8,0.0,6.4,14.0,17.4,11.6,50.6
경남,48,성산구,48123,중,반송여자중학교,,,UzE2MDAwMjM2MA==,,,83.7,0.0,48.1,21.7,14.0,8.1,8.1
경남,48,성산구,48123,중,삼정자중학교,,,UzE2MDAwMzQwNg==,,,78.4,0.0,31.2,26.2,16.9,13.5,12.2
경남,48,성산구,48123,중,남산중학교,,,UzE2MDAwMjM1NQ==,,,77.6,0.0,33.7,26.0,14.4,13.5,12.5
경남,48,성산구,48123,중,경원중학교,,,UzE2MDAwMjM1NA==,,,74.2,0.0,23.1,21.4,20.5,17.9,17.1
경남,48,성산구,48123,중,창원상남중학교,,,UzE2MDAwMjM3Mw==,,,74.0,0.0,18.7,28.1,21.2,9.4,22.7
경남,48,성산구,48123,중,안남중학교,,,UzE2MDAwMjM2Ng==,,,73.4,0.0,14.2,23.2,27.4,16.3,18.9
경남,48,성산구,48123,중,대방중학교,,,UzE2MDAwMjM1Ng==,,,72.4,0.0,27.1,17.5,22.3,9.2,24.0
경남,48,성산구,48123,중,웅남중학교,,,UzE2MDAwMjM2OA==,,,72.2,0.0,30.2,17.3,14.4,11.4,26.7
경남,48,성산구,48123,중,사파중학교,,,UzE2MDAwMjM2NA==,,,71.9,0.0,29.4,21.6,12.7,5.9,30.4
경남,48,성산구,48123,중,반송중학교,,,UzE2MDAwMjM2MQ==,,,71.0,0.0,26.9,21.8,13.3,8.5,29.5
경남,48,성산구,48123,중,반림중학교,,,UzE2MDAwMjM1OQ==,,,70.6,0.0,24.7,20.1,16.2,11.7,27.3
경남,48,성산구,48123,중,창원남중학교,,,UzE2MDAwMjM3Mg==,,,69.1,0.0,28.3,18.9,11.3,18.9,22.6
경남,48,성산구,48123,중,양곡중학교,,,UzE2MDAwMjM2Nw==,,,67.6,0.0,27.4,21.0,12.9,4.8,33.9
경남,48,성산구,48123,중,안민중학교,,,UzE2MDAwMzI2Mg==,,,66.9,0.0,24.4,17.8,13.3,17.8,26.7
경남,48,성산구,48123,중,창원중앙중학교,,,UzE2MDAwMjM3NQ==,,,65.1,0.0,12.0,15.0,19.0,17.0,37.0
경남,48,성산구,48123,중,신월중학교,,,UzE2MDAwMjM2NQ==,,,64.2,0.0,17.7,17.7,12.9,12.9,38.7
경남,48,성산구,48123,중,토월중학교,,,UzE2MDAwMjM3Nw==,,,62.5,0.0,14.0,15.1,12.8,16.3,41.9
경남,48,의창구,48121,중,창원여자중학교,,,UzE2MDAwMjM3NA==,,,83.8,0.0,46.7,27.1,12.1,7.5,6.5
경남,48,의창구,48121,중,명곡여자중학교,,,UzE2MDAwMzI2Mw==,,,77.8,0.0,25.0,30.6,22.2,5.6,16.7
경남,48,의창구,48121,중,창원대산중학교,,,UzE2MDAwMjM1Nw==,,,77.4,0.0,42.9,14.3,10.7,10.7,21.4
경남,48,의창구,48121,중,창북중학교,,,UzE2MDAwMjM3MA==,,,75.9,0.0,26.9,31.6,8.5,12.4,20.5
경남,48,의창구,48121,중,봉림중학교,,,UzE2MDAwMjM2Mw==,,,74.9,0.0,25.8,19.4,29.0,9.7,16.1
경남,48,의창구,48121,중,봉곡중학교,,,UzE2MDAwMjM2Mg==,,,74.2,0.0,15.0,29.9,25.2,16.8,13.1
경남,48,의창구,48121,중,도계중학교,,,UzE2MDAwMzQzMA==,,,73.6,0.0,29.6,24.6,12.9,8.8,24.2
경남,48,의창구,48121,중,창원동중학교,,,UzE2MDAwMzI2MQ==,,,70.8,0.0,14.7,14.7,29.4,17.6,23.5
경남,48,의창구,48121,중,감계중학교,,,UzE2MDAwMzQ1OQ==,,,68.7,0.0,18.0,23.4,15.0,11.4,32.2
경남,48,의창구,48121,중,창원중학교,,,UzE2MDAwMjM3Ng==,,,68.4,0.0,17.9,17.3,15.6,16.2,32.9
경남,48,의창구,48121,중,팔룡중학교,,,UzE2MDAwMjM3OA==,,,67.5,0.0,24.4,23.2,8.5,9.1,34.8
경남,48,의창구,48121,중,창덕중학교,,,UzE2MDAwMjM2OQ==,,,66.2,0.0,12.1,21.2,20.2,9.1,37.4
경남,48,의창구,48121,중,명서중학교,,,UzE2MDAwMjM1OA==,,,62.6,0.0,13.5,18.3,15.9,12.7,39.7
경남,48,마산회원구,48127,중,양덕여자중학교,,,UzE2MDAwMTM3Mg==,,,78.4,0.0,46.8,15.6,11.5,9.2,17.0
경남,48,마산회원구,48127,중,양덕중학교,,,UzE2MDAwMTM3Mw==,,,74.2,0.0,27.7,18.1,18.7,14.2,21.3
경남,48,마산회원구,48127,중,삼계중학교,,,UzE2MDAwMTM2OQ==,,,73.7,0.0,22.2,27.5,18.1,12.9,19.3
경남,48,마산회원구,48127,중,마산여자중학교,,,UzE2MDAwMTM2NA==,,,73.1,0.0,10.8,24.3,37.8,14.9,12.2
경남,48,마산회원구,48127,중,광려중학교,,,UzE2MDAwMzI2NA==,,,72.6,0.0,24.4,20.7,16.5,15.2,23.2
경남,48,마산회원구,48127,중,마산중앙중학교,,,UzE2MDAwMTM2Nw==,,,69.9,0.0,21.2,15.9,22.5,11.9,28.5
경남,48,마산회원구,48127,중,창신중학교,,,UzE2MDAwMTM3Ng==,,,68.1,0.0,15.3,20.7,18.0,15.3,30.6
경남,48,마산회원구,48127,중,호계중학교,,,UzE2MDAwMzIwMw==,,,67.8,0.0,13.7,18.1,22.4,16.2,29.6
경남,48,마산회원구,48127,중,합포여자중학교,,,UzE2MDAwMTM3Nw==,,,67.6,0.0,28.6,9.5,14.3,4.8,42.9
경남,48,마산회원구,48127,중,구암중학교,,,UzE2MDAwMTM1OA==,,,67.6,0.0,13.3,31.1,16.7,8.9,30.0
경남,48,마산회원구,48127,중,마산무학여자중학교,,,UzE2MDAwMTM2MQ==,,,65.9,0.0,14.2,13.4,17.9,16.4,38.1
경남,48,마산회원구,48127,중,내서중학교,,,UzE2MDAwMTM1OQ==,,,65.0,0.0,19.4,13.4,9.0,23.9,34.3
경남,48,마산회원구,48127,중,마산동중학교,,,UzE2MDAwMTM2MA==,,,57.3,0.0,16.4,10.3,15.2,9.1,49.1
경남,48,산청군,48860,중,신등중학교,,,UzE2MDAwMTY5Mg==,,,88.2,0.0,50.0,33.3,16.7,0.0,0.0
경남,48,산청군,48860,중,산청중학교,,,UzE2MDAwMzk3MQ==,,,74.0,0.0,27.5,21.7,17.4,14.5,18.8
경남,48,산청군,48860,중,덕산중학교,,,UzE2MDAwMTY4Nw==,,,71.3,0.0,20.8,20.8,20.8,12.5,25.0
경남,48,산청군,48860,중,단성중학교,,,UzE2MDAwMTY4NQ==,,,55.7,0.0,8.6,17.2,13.8,17.2,43.1
경남,48,진해구,48129,중,웅천중학교,,,UzE2MDAwMzQ3NQ==,,,81.0,0.0,26.4,38.5,16.9,11.5,6.8
경남,48,진해구,48129,중,진해남중학교,,,UzE2MDAwMjEyMw==,,,79.4,0.0,38.5,27.3,10.2,8.8,15.1
경남,48,진해구,48129,중,진해신항중학교,,,UzE2MDAwMzkyNQ==,,,78.4,0.0,36.8,22.8,15.2,7.0,18.1
경남,48,진해구,48129,중,안골포중학교,,,UzE2MDAwMzIwNA==,,,75.1,0.0,24.8,25.2,17.6,13.5,18.9
경남,48,진해구,48129,중,진해냉천중학교,,,UzE2MDAwMzQ2NQ==,,,74.1,0.0,25.5,25.9,15.8,11.7,21.1
경남,48,진해구,48129,중,동진여자중학교,,,UzE2MDAwMjExNg==,,,72.8,0.0,20.2,27.2,20.2,8.7,23.7
경남,48,진해구,48129,중,석동중학교,,,UzE2MDAwMzMyNg==,,,69.1,0.0,22.2,20.2,12.9,13.2,31.5
경남,48,진해구,48129,중,웅동중학교,,,UzE2MDAwMjEyMA==,,,69.0,0.0,12.1,27.3,16.7,15.2,28.8
경남,48,진해구,48129,중,용원중학교,,,UzE2MDAwMzMzNQ==,,,67.6,0.0,18.2,19.3,18.8,13.8,29.8
경남,48,진해구,48129,중,진해여자중학교,,,UzE2MDAwMjEyNg==,,,67.2,0.0,22.7,20.6,12.8,11.3,32.6
경남,48,진해구,48129,중,동진중학교,,,UzE2MDAwMjExNw==,,,60.1,0.0,11.1,17.3,14.6,11.9,45.1
경남,48,진해구,48129,중,진해중학교,,,UzE2MDAwMjEyNw==,,,58.7,0.0,19.4,14.3,5.1,11.2,50.0
경남,48,사천시,48240,중,곤명중학교,,,UzE2MDAwMTU5MA==,,,78.3,0.0,33.3,33.3,0.0,0.0,33.3
경남,48,사천시,48240,중,곤양중학교,,,UzE2MDAwMTU5MQ==,,,77.1,0.0,52.6,10.5,10.5,0.0,26.3
경남,48,사천시,48240,중,사천여자중학교,,,UzE2MDAwMTU5Mw==,,,77.1,0.0,21.2,30.8,21.2,13.1,13.6
경남,48,사천시,48240,중,삼천포제일중학교,,,UzE2MDAwMTU5Ng==,,,74.7,0.0,28.8,21.2,15.2,18.2,16.7
경남,48,사천시,48240,중,남양중학교,,경남 사천시 송포동,UzE2MDAwMTU5Mg==,,,73.0,0.0,17.1,25.7,14.3,17.1,25.7
경남,48,사천시,48240,중,삼천포중앙여자중학교,,,UzE2MDAwMTU5Nw==,,,70.7,0.0,22.8,19.0,16.5,8.9,32.9
경남,48,사천시,48240,중,서포중학교,,,UzE2MDAwMTU5OQ==,,,69.1,0.0,44.4,11.1,11.1,0.0,33.3
경남,48,사천시,48240,중,사천중학교,,,UzE2MDAwMTU5NA==,,,68.2,0.0,17.3,15.7,20.3,17.3,29.4
경남,48,사천시,48240,중,삼천포여자중학교,,,UzE2MDAwMTU5NQ==,,,65.4,0.0,5.6,12.5,23.6,18.1,40.3
경남,48,사천시,48240,중,용남중학교,,,UzE2MDAwMTYwMA==,,,65.1,0.0,18.1,16.8,16.4,12.4,36.3
경남,48,사천시,48240,중,삼천포중학교,,,UzE2MDAwMTU5OA==,,,59.1,0.0,7.9,10.1,11.2,21.3,49.4
경남,48,마산합포구,48125,중,의신중학교,,,UzE2MDAwMTM2NQ==,,,85.7,0.0,51.8,22.9,12.0,6.0,7.2
경남,48,마산합포구,48125,중,구산중학교구남분교장,,,UzE2MDAwMTM1NQ==,,,82.7,0.0,33.3,33.3,33.3,0.0,0.0
경남,48,마산합포구,48125,중,마산삼진중학교,,,UzE2MDAwMTM2Mg==,,,75.9,0.0,27.6,25.2,16.3,11.4,19.5
경남,48,마산합포구,48125,중,마산중학교,,,UzE2MDAwMTM2OA==,,,74.4,0.0,21.6,27.9,13.5,12.6,24.3
경남,48,마산합포구,48125,중,마산서중학교,,경남 창원시 마산합포구 월영동,UzE2MDAwMTM2Mw==,,,73.4,0.0,18.0,23.6,23.0,14.0,21.3
경남,48,마산합포구,48125,중,합포중학교,,,UzE2MDAwMTM3OA==,,,71.3,0.0,23.3,19.2,19.2,12.5,25.8
경남,48,마산합포구,48125,중,해운중학교,,,UzE2MDAwMTM3OQ==,,,70.2,0.0,18.1,16.9,22.3,15.1,27.7
경남,48,마산합포구,48125,중,성지여자중학교,,경남 창원시 마산합포구 완월남로 20,UzE2MDAwMTM3MQ==,,,69.3,0.0,20.4,17.9,19.9,10.4,31.3
경남,48,마산합포구,48125,중,마산제일여자중학교,,,UzE2MDAwMTM2Ng==,,,69.1,0.0,10.7,18.9,27.7,20.9,21.8
경남,48,마산합포구,48125,중,구산중학교,,,UzE2MDAwMzk0NA==,,,68.6,0.0,11.7,22.5,21.1,14.6,30.0
경남,48,마산합포구,48125,중,진전중학교,,,UzE2MDAwMTM3NA==,,,58.2,0.0,0.0,22.2,22.2,22.2,33.3
경남,48,함양군,48870,중,서상중학교,,,UzE2MDAwMjgzNg==,,,78.7,0.0,0.0,33.3,66.7,0.0,0.0
경남,48,함양군,48870,중,함양중학교,,,UzE2MDAwMjg0MA==,,,76.7,0.0,30.5,23.2,15.9,9.8,20.7
경남,48,함양군,48870,중,마천중학교,,,UzE2MDAwMjgzNA==,,,75.0,0.0,0.0,50.0,0.0,50.0,0.0
경남,48,함양군,48870,중,함양여자중학교,,,UzE2MDAwMjgzOQ==,,,73.7,0.0,28.4,22.2,9.9,17.3,22.2
경남,48,함양군,48870,중,수동중학교,,경남 함양군 수동면 화산리,UzE2MDAwMjgzNw==,,,66.3,0.0,25.0,0.0,25.0,25.0,25.0
경남,48,함양군,48870,중,안의중학교,,,UzE2MDAwMjgzOA==,,,61.6,0.0,27.3,18.2,9.1,9.1,36.4
경남,48,김해시,48250,중,김해모산중학교,,,UzE2MDAwMzk3Mw==,,,79.9,0.0,35.4,25.5,16.5,12.3,10.2
경남,48,김해시,48250,중,장유중학교,,,UzE2MDAwMTE1MA==,,,79.6,0.0,37.0,27.6,11.6,6.6,17.1
경남,48,김해시,48250,중,관동중학교,,,UzE2MDAwMzI0MA==,,,79.4,0.0,34.8,24.6,16.8,11.5,12.3
경남,48,김해시,48250,중,수남중학교,,,UzE2MDAwMzg3NA==,,,76.0,0.0,33.4,21.1,13.7,11.7,20.0
경남,48,김해시,48250,중,진영장등중학교,,,UzE2MDAwMTE1Mg==,,,74.3,0.0,28.3,23.4,15.6,9.3,23.4
경남,48,김해시,48250,중,경운중학교,,,UzE2MDAwMTEzNg==,,,74.2,0.0,32.1,20.8,14.9,8.1,24.0
경남,48,김해시,48250,중,내동중학교,,,UzE2MDAwMTE0Mg==,,,74.1,0.0,28.2,23.1,10.3,17.9,20.5
경남,48,김해시,48250,중,월산중학교,,,UzE2MDAwMTE0OA==,,,73.3,0.0,21.2,20.9,21.9,15.8,20.2
경남,48,김해시,48250,중,한림중학교,,,UzE2MDAwMTE1Mw==,,,73.2,0.0,21.3,19.7,21.3,14.8,23.0
경남,48,김해시,48250,중,구산중학교,,,UzE2MDAwMzIwNQ==,,,72.1,0.0,26.9,22.8,13.4,11.4,25.5
경남,48,김해시,48250,중,능동중학교,,,UzE2MDAwMzIwNw==,,,71.7,0.0,16.1,26.7,19.5,14.0,23.6
경남,48,김해시,48250,중,임호중학교,,,UzE2MDAwMTE0OQ==,,,71.4,0.0,20.0,20.9,20.4,14.3,24.3
경남,48,김해시,48250,중,활천중학교,,,UzE2MDAwMzQzNA==,,,71.1,0.0,12.4,26.5,20.4,18.6,22.1
경남,48,김해시,48250,중,김해서중학교,,,UzE2MDAwMTEzOA==,,,70.9,0.0,15.2,23.5,23.9,13.3,24.2
경남,48,김해시,48250,중,율하중학교,,,UzE2MDAwMzQyOA==,,,69.9,0.0,18.1,22.1,19.6,12.2,28.0
경남,48,김해시,48250,중,생림중학교,,,UzE2MDAwMTE0NQ==,,,69.7,0.0,26.7,26.7,6.7,6.7,33.3
경남,48,김해시,48250,중,한얼중학교,,,UzE2MDAwMTE1NA==,,,68.9,0.0,17.8,25.0,13.9,10.1,33.2
경남,48,김해시,48250,중,삼정중학교,,,UzE2MDAwMTE0NA==,,,68.2,0.0,21.5,18.8,16.7,9.0,34.0
경남,48,김해시,48250,중,내덕중학교,,경남 김해시 내덕동,UzE2MDAwMzI2OQ==,,,67.3,0.0,15.1,29.0,15.1,12.9,28.0
경남,48,김해시,48250,중,분성중학교,,,UzE2MDAwMzI2OA==,,,67.1,0.0,14.3,19.7,17.4,14.0,34.6
경남,48,김해시,48250,중,대청중학교,,,UzE2MDAwMzQ2Nw==,,,66.9,0.0,9.1,17.2,23.7,21.4,28.6
경남,48,김해시,48250,중,김해삼계중학교,,,UzE2MDAwMzIwNg==,,,66.4,0.0,7.0,16.6,24.0,20.8,31.6
경남,48,김해시,48250,중,가야중학교,,,UzE2MDAwMTEzNQ==,,,66.3,0.0,19.0,17.5,15.9,14.3,33.3
경남,48,김해시,48250,중,김해중앙여자중학교,,,UzE2MDAwMTE0MA==,,,66.0,0.0,6.9,20.7,20.7,17.2,34.5
경남,48,김해시,48250,중,김해대동중학교,,,UzE2MDAwMTEzNw==,,,65.6,0.0,11.1,16.7,22.2,22.2,27.8
경남,48,김해시,48250,중,진례중학교,,,UzE2MDAwMTE1MQ==,,,65.5,0.0,11.1,16.7,13.9,22.2,36.1
경남,48,김해시,48250,중,김해대곡중학교,,,UzE2MDAwMzMyNQ==,,,63.8,0.0,17.7,15.6,18.4,11.6,36.7
경남,48,김해시,48250,중,진영중학교,,,UzE2MDAwMzM0Nw==,,,63.2,0.0,14.5,18.0,16.4,13.7,37.5
경남,48,김해시,48250,중,김해여자중학교,,,UzE2MDAwMTEzOQ==,,,62.1,0.0,3.8,23.1,15.4,15.4,42.3
경남,48,김해시,48250,중,신어중학교,,경남 김해시 삼방동,UzE2MDAwMTE0Ng==,,,61.8,0.0,14.9,8.5,16.0,13.8,46.8
경남,48,김해시,48250,중,봉명중학교,,,UzE2MDAwMzQwNQ==,,,61.3,0.0,10.2,16.3,18.4,12.2,42.9
경남,48,김해시,48250,중,김해중학교,,,UzE2MDAwMTE0MQ==,,,61.1,0.0,7.1,16.7,16.7,16.7,42.9
경남,48,김해시,48250,중,영운중학교,,,UzE2MDAwMTE0Nw==,,,60.8,0.0,8.7,14.1,13.0,23.9,40.2
경남,48,양산시,48330,중,물금중학교,,,UzE2MDAwMzkwNA==,,,79.9,0.0,28.9,27.3,24.5,13.9,5.3
경남,48,양산시,48330,중,신주중학교,,,UzE2MDAwMzI3Mw==,,,77.8,0.0,34.4,23.5,16.0,9.9,16.3
경남,48,양산시,48330,중,원동중학교,,,UzE2MDAwMTc5Mg==,,,77.2,0.0,23.5,41.2,17.6,5.9,11.8
경남,48,양산시,48330,중,금오중학교,,,UzE2MDAwNDA0Mg==,,,75.6,0.0,27.0,21.7,22.6,12.4,16.4
경남,48,양산시,48330,중,양산여자중학교,,,UzE2MDAwMTc4Nw==,,,72.4,0.0,18.4,23.7,20.1,12.2,25.7
경남,48,양산시,48330,중,양주중학교,,,UzE2MDAwMTc5MA==,,,72.1,0.0,30.7,12.0,21.3,8.0,28.0
경남,48,양산시,48330,중,웅상중학교,,,UzE2MDAwMTc5MQ==,,,71.2,0.0,27.6,18.1,14.1,9.5,30.7
경남,48,양산시,48330,중,양산중앙중학교,,,UzE2MDAwMTc4NQ==,,,71.0,0.0,20.7,22.0,17.0,13.1,27.2
경남,48,양산시,48330,중,사송중학교,,,UzE2MDAwNDA4MQ==,,,70.9,0.0,18.4,20.4,21.1,12.2,27.9
경남,48,양산시,48330,중,범어중학교,,,UzE2MDAwMzM0OA==,,,70.7,0.0,19.2,22.2,16.3,14.0,28.3
경남,48,양산시,48330,중,삼성중학교,,,UzE2MDAwMTc4NA==,,,70.1,0.0,28.7,16.1,13.8,16.1,25.3
경남,48,양산시,48330,중,물금동아중학교,,경남 양산시 물금읍 물금리,UzE2MDAwMTc4Mg==,,,69.8,0.0,18.3,16.3,19.5,15.5,30.3
경남,48,양산시,48330,중,양산중학교,,,UzE2MDAwMTc4OA==,,,68.1,0.0,15.9,19.1,20.0,15.0,30.0
경남,48,양산시,48330,중,웅상여자중학교,,,UzE2MDAwMzIwOA==,,,67.3,0.0,12.9,20.1,17.9,17.4,31.7
경남,48,양산시,48330,중,보광중학교,,,UzE2MDAwMTc4Mw==,,,64.9,0.0,4.0,20.0,20.0,12.0,44.0
경남,48,양산시,48330,중,서창중학교,,,UzE2MDAwMzI3NA==,,,64.3,0.0,9.1,17.2,17.2,15.8,40.7
경남,48,양산시,48330,중,개운중학교,,,UzE2MDAwMTc4MA==,,,63.4,0.0,10.2,15.8,15.4,17.7,41.0
경남,48,남해군,48840,중,설천중학교,,,UzE2MDAwMTI2Mg==,,,84.3,0.0,40.0,30.0,20.0,0.0,10.0
경남,48,남해군,48840,중,꽃내중학교,,,UzE2MDAwMzkyMQ==,,,77.4,0.0,37.8,13.5,21.6,8.1,18.9
경남,48,남해군,48840,중,미조중학교,,,UzE2MDAwMTI1OQ==,,,77.2,0.0,30.0,30.0,20.0,0.0,20.0
경남,48,남해군,48840,중,해성중학교,,,UzE2MDAwMTI2Ng==,,,76.8,0.0,42.9,14.3,7.1,14.3,21.4
경남,48,남해군,48840,중,남해중학교,,,UzE2MDAwMTI1Nw==,,,72.9,0.0,26.5,19.1,22.1,8.8,23.5
경남,48,남해군,48840,중,창선중학교,,,UzE2MDAwMTI2NQ==,,,72.9,0.0,20.0,15.0,20.0,25.0,20.0
경남,48,남해군,48840,중,남해여자중학교,,,UzE2MDAwMTI1Ng==,,,70.8,0.0,12.8,29.8,23.4,12.8,21.3
경남,48,남해군,48840,중,이동중학교,,경남 남해군 이동면 무림리,UzE2MDAwMTI2NA==,,,69.5,0.0,22.7,13.6,13.6,13.6,36.4
경남,48,남해군,48840,중,상주중학교,,,UzE2MDAwMTI2MA==,,,68.6,0.0,7.1,14.3,28.6,21.4,28.6
경남,48,고성군,48820,중,영천중학교,,,UzE2MDAwMTAzMA==,,,75.5,0.0,37.5,25.0,12.5,0.0,25.0
경남,48,고성군,48820,중,동해중학교,,,UzE2MDAwMTAyNw==,,,75.3,0.0,16.7,66.7,0.0,0.0,16.7
경남,48,고성군,48820,중,소가야중학교,,,UzE2MDAwMzg1Nw==,,,72.2,0.0,25.9,14.8,18.5,14.8,25.9
경남,48,고성군,48820,중,고성중학교,,,UzE2MDAwMTAyNA==,,,71.2,0.0,16.9,19.5,23.4,15.6,24.7
경남,48,고성군,48820,중,고성동중학교,,,UzE2MDAwMTAyMg==,,,69.6,0.0,26.1,34.8,4.3,0.0,34.8
경남,48,고성군,48820,중,고성여자중학교,,,UzE2MDAwMTAyMw==,,,66.7,0.0,16.1,18.6,13.6,16.9,34.7
경남,48,고성군,48820,중,철성중학교,,,UzE2MDAwMTAzMw==,,,63.3,0.0,12.3,13.7,20.5,9.6,43.8
경남,48,고성군,48820,중,회화중학교,,,UzE2MDAwMTAzNQ==,,,44.5,0.0,10.7,3.6,7.1,0.0,78.6
경남,48,통영시,48220,중,한산중학교,,,UzE2MDAwMjQ3OQ==,,,81.0,0.0,50.0,0.0,50.0,0.0,0.0
경남,48,통영시,48220,중,충무여자중학교,,,UzE2MDAwMjQ3NA==,,,72.8,0.0,18.1,23.2,20.3,15.2,23.2
경남,48,통영시,48220,중,충렬여자중학교,,,UzE2MDAwMjQ3Mw==,,,70.2,0.0,20.6,17.6,16.0,18.3,27.5
경남,48,통영시,48220,중,통영여자중학교,,,UzE2MDAwMjQ3Nw==,,,69.0,0.0,28.0,12.1,18.4,10.1,31.4
경남,48,통영시,48220,중,통영중앙중학교,,,UzE2MDAwMzQyNQ==,,,66.9,0.0,14.7,19.5,12.6,15.3,37.9
경남,48,통영시,48220,중,충무중학교,,,UzE2MDAwMjQ3NQ==,,,65.1,0.0,16.2,13.5,16.2,14.9,39.2
경남,48,통영시,48220,중,동원중학교,,,UzE2MDAwMjQ3Ng==,,,64.1,0.0,11.0,14.2,17.4,12.9,44.5
경남,48,통영시,48220,중,도산중학교,,,UzE2MDAwMjQ2OQ==,,,59.8,0.0,22.2,13.9,8.3,8.3,47.2
경남,48,통영시,48220,중,통영중학교,,,UzE2MDAwMjQ3OA==,,,59.1,0.0,9.6,10.2,17.5,17.5,45.2
경남,48,통영시,48220,중,산양중학교,,,UzE2MDAwMjQ3MQ==,,,57.3,0.0,2.5,12.5,10.0,20.0,55.0
경남,48,하동군,48850,중,화개중학교,,,UzE2MDAwMjY1Mw==,,,83.6,0.0,40.0,30.0,20.0,10.0,0.0
경남,48,하동군,48850,중,옥종중학교,,,UzE2MDAwMjY0Ng==,,,76.7,0.0,21.1,36.8,15.8,10.5,15.8
경남,48,하동군,48850,중,금남중학교,,,UzE2MDAwMjY0Mg==,,,74.4,0.0,30.0,15.0,15.0,10.0,30.0
경남,48,하동군,48850,중,진교중학교,,,UzE2MDAwMjY0OA==,,,73.4,0.0,42.2,11.1,8.9,6.7,31.1
경남,48,하동군,48850,중,하동중학교,,,UzE2MDAwMjY1Mg==,,,73.4,0.0,23.4,21.3,12.8,21.3,21.3
경남,48,하동군,48850,중,한다사중학교,,,UzE2MDAwMzg1OA==,,,73.4,0.0,14.3,33.3,23.8,9.5,19.0
경남,48,하동군,48850,중,청암중학교,,,UzE2MDAwMjY0OQ==,,,69.1,0.0,18.2,9.1,27.3,0.0,45.5
경남,48,하동군,48850,중,악양중학교,,,UzE2MDAwMjY0NA==,,,66.2,0.0,11.1,55.6,0.0,0.0,33.3
경남,48,하동군,48850,중,하동중앙중학교,,,UzE2MDAwMjY1MQ==,,,66.1,0.0,23.5,11.8,11.8,11.8,41.2
경남,48,거제시,48310,중,수월중학교,,,UzE2MDAwMzQyNA==,,,85.7,0.0,47.0,29.8,16.5,3.8,2.9
경남,48,거제시,48310,중,하청중학교,,,UzE2MDAwMDc2NQ==,,,84.1,0.0,44.4,27.8,11.1,11.1,5.6
경남,48,거제시,48310,중,거제제일중학교,,,UzE2MDAwMDc1Mg==,,,78.5,0.0,33.3,24.4,17.8,15.6,8.9
경남,48,거제시,48310,중,신현중학교,,,UzE2MDAwMDc1OQ==,,,73.0,0.0,25.4,23.2,12.3,12.7,26.3
경남,48,거제시,48310,중,장목예술중학교,,,UzE2MDAwMDc2Mw==,,,72.8,0.0,32.1,21.4,7.1,10.7,28.6
경남,48,거제시,48310,중,해성중학교,,,UzE2MDAwMDc2Ng==,,,72.3,0.0,19.7,21.8,22.8,14.5,21.2
경남,48,거제시,48310,중,거제중학교,,,UzE2MDAwMDc1NA==,,,72.3,0.0,17.7,24.1,21.8,12.7,23.6
경남,48,거제시,48310,중,옥포중학교,,,UzE2MDAwMDc2MQ==,,,72.0,0.0,26.5,20.9,18.2,8.9,25.5
경남,48,거제시,48310,중,성포중학교,,,UzE2MDAwMDc1Ng==,,,71.0,0.0,15.6,25.0,9.4,25.0,25.0
경남,48,거제시,48310,중,옥포성지중학교,,,UzE2MDAwMzI3Mg==,,,70.3,0.0,26.1,20.4,14.3,10.2,29.0
경남,48,거제시,48310,중,거제고현중학교,,,UzE2MDAwMDc1MA==,,,68.8,0.0,14.3,18.6,17.8,18.4,30.8
경남,48,거제시,48310,중,계룡중학교,,,UzE2MDAwMzI3MQ==,,,68.0,0.0,16.9,17.5,18.1,13.1,34.4
경남,48,거제시,48310,중,거제장평중학교,,,UzE2MDAwMzQ3Nw==,,,67.6,0.0,15.9,13.7,20.7,16.3,33.5
경남,48,거제시,48310,중,동부중학교,,,UzE2MDAwMDc1Nw==,,,65.2,0.0,7.7,7.7,30.8,30.8,23.1
경남,48,거제시,48310,중,거제중앙중학교,,,UzE2MDAwMDc1Mw==,,,65.1,0.0,14.6,17.7,14.9,14.9,37.8
경남,48,거제시,48310,중,둔덕중학교,,,UzE2MDAwMDc1OA==,,,65.0,0.0,11.8,19.6,11.8,15.7,41.2
경남,48,거제시,48310,중,외포중학교,,,UzE2MDAwMDc2Mg==,,,63.6,0.0,23.1,7.7,7.7,11.5,50.0
경남,48,거제시,48310,중,지세포중학교,,경남 거제시 일운면 지세포리,UzE2MDAwMDc2NA==,,,63.2,0.0,11.5,19.2,19.2,13.5,36.5
경남,48,거제시,48310,중,연초중학교,,,UzE2MDAwMDc2MA==,,,62.5,0.0,12.8,17.0,12.8,8.5,48.9
경남,48,의령군,48720,중,의령여자중학교,,,UzE2MDAwMTg0OQ==,,,73.4,0.0,21.2,23.1,9.6,30.8,15.4
경남,48,의령군,48720,중,의령중학교,,,UzE2MDAwMTg1MA==,,,67.4,0.0,14.3,28.6,14.3,7.1,35.7
경남,48,의령군,48720,중,지정중학교,,,UzE2MDAwMTg1NA==,,,67.3,0.0,9.1,27.3,18.2,9.1,36.4
경남,48,의령군,48720,중,정곡중학교,,,UzE2MDAwMTg1Mw==,,,63.5,0.0,8.3,8.3,25.0,8.3,50.0
경남,48,의령군,48720,중,신반중학교,,,UzE2MDAwMTg0Ng==,,,62.8,0.0,23.1,23.1,0.0,0.0,53.8
경남,48,함안군,48730,중,대산중학교,,,UzE2MDAwMjc1NQ==,,,80.5,0.0,0.0,50.0,50.0,0.0,0.0
경남,48,함안군,48730,중,호암중학교,,,UzE2MDAwMzQyNg==,,,79.3,0.0,30.1,32.6,17.1,8.8,11.4
경남,48,함안군,48730,중,칠성중학교,,,UzE2MDAwMjc1OA==,,,75.9,0.0,11.5,23.1,30.8,26.9,7.7
경남,48,함안군,48730,중,함안중학교,,,UzE2MDAwMjc2Mg==,,,74.4,0.0,18.3,24.4,26.8,18.3,12.2
경남,48,함안군,48730,중,함안여자중학교,,,UzE2MDAwMjc2MQ==,,,66.0,0.0,19.2,17.3,12.5,14.4,36.5
경남,48,함안군,48730,중,칠원중학교,,,UzE2MDAwMjc1OQ==,,,61.6,0.0,5.3,12.8,17.0,21.3,43.6
경남,48,함안군,48730,중,군북중학교,,,UzE2MDAwMjc1NA==,,,58.0,0.0,16.1,9.7,6.5,22.6,45.2
경남,48,함안군,48730,중,함성중학교,,,UzE2MDAwMjc2MA==,,,54.9,0.0,0.0,8.0,12.0,32.0,48.0
경남,48,밀양시,48270,중,동국대학교사범대학부속홍제중학교,,,UzE2MDAwMTQ4Ng==,,,83.6,0.0,53.8,19.2,11.5,3.8,11.5
경남,48,밀양시,48270,중,동명중학교,,,UzE2MDAwMTQ3Mw==,,,77.6,0.0,30.8,23.1,25.6,2.6,17.9
경남,48,밀양시,48270,중,밀양여자중학교,,,UzE2MDAwMTQ3OA==,,,71.7,0.0,24.3,23.3,12.2,13.8,26.5
경남,48,밀양시,48270,중,밀양중학교,,,UzE2MDAwMTQ3OQ==,,,69.2,0.0,23.8,18.5,13.1,11.3,33.3
경남,48,밀양시,48270,중,미리벌중학교,,,UzE2MDAwMzg1Ng==,,,69.1,0.0,2.9,29.4,26.5,11.8,29.4
경남,48,밀양시,48270,중,삼랑진중학교,,,UzE2MDAwMTQ4MA==,,,68.4,0.0,5.9,23.5,29.4,17.6,23.5
경남,48,밀양시,48270,중,세종중학교,,,UzE2MDAwMTQ4Mw==,,,68.3,0.0,8.1,10.8,32.4,24.3,24.3
경남,48,밀양시,48270,중,밀성중학교,,,UzE2MDAwMTQ3Ng==,,,68.1,0.0,13.0,20.3,18.8,15.9,31.9
경남,48,밀양시,48270,중,밀성여자중학교,,,UzE2MDAwMTQ3NQ==,,,64.5,0.0,6.5,14.3,23.4,19.5,36.4
경남,48,밀양시,48270,중,무안중학교,,,UzE2MDAwMTQ3NA==,,,64.4,0.0,12.5,12.5,25.0,25.0,25.0
경남,48,밀양시,48270,중,밀양동강중학교,,,UzE2MDAwMTQ3Nw==,,,51.6,0.0,21.1,5.3,10.5,5.3,57.9
경남,48,창녕군,48740,중,남지중학교,,,UzE2MDAwMjIzNw==,,,75.4,0.0,30.5,13.6,18.6,13.6,23.7
경남,48,창녕군,48740,중,남지여자중학교,,,UzE2MDAwMjIzNg==,,,72.8,0.0,19.0,22.2,22.2,12.7,23.8
경남,48,창녕군,48740,중,창녕여자중학교,,,UzE2MDAwMjI0Ng==,,,71.7,0.0,29.5,29.5,11.4,9.1,20.5
경남,48,창녕군,48740,중,창녕중학교,,,UzE2MDAwMjI0Nw==,,,66.2,0.0,21.0,11.0,14.0,14.0,40.0
경남,48,창녕군,48740,중,부곡중학교,,경남 창녕군 부곡면 부곡리,UzE2MDAwMjI0MA==,,,64.4,0.0,14.3,14.3,14.3,14.3,42.9
경남,48,창녕군,48740,중,대성중학교,,,UzE2MDAwMjIzOA==,,,63.0,0.0,16.7,8.3,0.0,33.3,41.7
경남,48,창녕군,48740,중,신창여자중학교,,,UzE2MDAwMjI0Mg==,,,62.2,0.0,7.1,19.0,16.7,16.7,40.5
경남,48,창녕군,48740,중,성산중학교,,,UzE2MDAwMjI0MQ==,,,60.6,0.0,0.0,0.0,27.3,9.1,63.6
경남,48,창녕군,48740,중,창녕옥야중학교,,,UzE2MDAwMjI0NQ==,,,60.0,0.0,22.2,0.0,33.3,0.0,44.4
경남,48,창녕군,48740,중,영산중학교,,,UzE2MDAwMjI0NA==,,,53.2,0.0,7.9,15.8,18.4,10.5,47.4
경남,48,합천군,48890,중,야로중학교,,,UzE2MDAwMjk0OA==,,,78.0,0.0,25.0,25.0,25.0,25.0,0.0
경남,48,합천군,48890,중,삼가중학교,,,UzE2MDAwMjk0NQ==,,,75.8,0.0,26.7,20.0,20.0,6.7,26.7
경남,48,합천군,48890,중,가회중학교,,,UzE2MDAwMjk0MA==,,,72.1,0.0,16.7,22.2,27.8,5.6,27.8
경남,48,합천군,48890,중,초계중학교,,,UzE2MDAwMjk1Mg==,,,71.8,0.0,13.3,20.0,33.3,13.3,20.0
경남,48,합천군,48890,중,해인중학교,,,UzE2MDAwMjk1OA==,,,71.8,0.0,31.3,18.8,25.0,0.0,25.0
경남,48,합천군,48890,중,대병중학교,,,UzE2MDAwMjk0MQ==,,,71.1,0.0,23.8,19.0,9.5,14.3,33.3
경남,48,합천군,48890,중,묘산중학교,,,UzE2MDAwMjk0Mw==,,,69.7,0.0,33.3,0.0,0.0,33.3,33.3
경남,48,합천군,48890,중,합천여자중학교,,,UzE2MDAwMjk1NA==,,,69.3,0.0,20.3,20.3,11.9,11.9,35.6
경남,48,합천군,48890,중,합천중학교,,,UzE2MDAwMjk1NQ==,,,58.2,0.0,8.6,15.7,14.3,10.0,51.4
경남,48,거창군,48880,중,거창여자중학교,,,UzE2MDAwMDkxMg==,,,77.8,0.0,26.3,24.2,24.2,12.1,13.1
경남,48,거창군,48880,중,웅양중학교,,,UzE2MDAwMDkyMA==,,,77.3,0.0,33.3,11.1,22.2,11.1,22.2
경남,48,거창군,48880,중,샛별중학교,,,UzE2MDAwMDkxOA==,,,74.3,0.0,21.2,26.9,25.0,9.6,17.3
경남,48,거창군,48880,중,혜성여자중학교,,,UzE2MDAwMDkyMw==,,,73.6,0.0,24.3,20.4,16.5,18.4,20.4
경남,48,거창군,48880,중,거창덕유중학교,,,UzE2MDAwMzg1OQ==,,,73.2,0.0,11.1,19.4,41.7,13.9,13.9
경남,48,거창군,48880,중,거창중학교,,,UzE2MDAwMDkxMw==,,,69.3,0.0,16.3,20.4,16.3,14.3,32.7
경남,48,거창군,48880,중,가조중학교,,,UzE2MDAwMDkwOQ==,,,67.2,0.0,18.2,0.0,27.3,18.2,36.4
경남,48,거창군,48880,중,거창대성중학교,,,UzE2MDAwMDkxMQ==,,,61.8,0.0,3.2,19.2,13.6,20.0,44.0
제주,50,서귀포시,50130,중,신산중학교,,제주특별자치도 서귀포시 성산읍 신산리,UzE3MDAwMDI4Mw==,,,85.2,0.0,44.4,44.4,0.0,11.1,0.0
제주,50,서귀포시,50130,중,남주중학교,,제주특별자치도 서귀포시 동홍동,UzE3MDAwMDI4OQ==,,,83.2,0.0,41.4,28.8,12.6,8.1,9.0
제주,50,서귀포시,50130,중,서귀중앙여자중학교,,제주특별자치도 서귀포시 동홍동,UzE3MDAwMDI3OQ==,,,81.8,0.0,37.4,27.3,15.8,10.8,8.6
제주,50,서귀포시,50130,중,중문중학교,,제주특별자치도 서귀포시 중문동,UzE3MDAwMDI4Ng==,,,81.8,0.0,36.4,26.6,18.2,11.0,7.8
제주,50,서귀포시,50130,중,표선중학교,,제주특별자치도 서귀포시 표선면 표선리 1~999,UzE3MDAwMDI4Nw==,,,78.9,0.0,30.7,28.1,15.6,14.6,10.9
제주,50,서귀포시,50130,중,남원중학교,,제주특별자치도 서귀포시 남원읍 남원리,UzE3MDAwMDI3NQ==,,,77.8,0.0,28.8,27.1,22.0,8.5,13.6
제주,50,서귀포시,50130,중,서귀포대신중학교,,제주특별자치도 서귀포시 강정동 1~199,UzE3MDAwMDI4MQ==,,,76.3,0.0,30.2,24.6,15.9,11.2,18.1
제주,50,서귀포시,50130,중,대정중학교,,제주특별자치도 서귀포시 대정읍 하모리,UzE3MDAwMDI3Ng==,,,75.0,0.0,23.6,28.5,13.0,13.0,22.0
제주,50,서귀포시,50130,중,서귀포여자중학교,,제주특별자치도 서귀포시 서홍동,UzE3MDAwMDI5MA==,,,75.0,0.0,14.8,30.4,20.0,20.0,14.8
제주,50,서귀포시,50130,중,무릉중학교,,제주특별자치도 서귀포시 대정읍 무릉리,UzE3MDAwMDI3Nw==,,,73.0,0.0,5.9,29.4,29.4,17.6,17.6
제주,50,서귀포시,50130,중,서귀포중학교,,제주특별자치도 서귀포시 서귀동,UzE3MDAwMDI5MQ==,,,72.8,0.0,23.8,24.8,16.5,12.6,22.3
제주,50,서귀포시,50130,중,효돈중학교,,제주특별자치도 서귀포시 하효동,UzE3MDAwMDI4OA==,,,71.5,0.0,20.7,24.1,15.5,12.1,27.6
제주,50,서귀포시,50130,중,안덕중학교,,제주특별자치도 서귀포시 안덕면 화순리,UzE3MDAwMDI4NA==,,,71.2,0.0,15.9,26.8,20.7,15.9,20.7
제주,50,서귀포시,50130,중,성산중학교,,제주특별자치도 서귀포시 성산읍 일주동로 4316,UzE3MDAwMDI4Mg==,,,69.3,0.0,9.3,27.8,16.7,18.5,27.8
제주,50,서귀포시,50130,중,위미중학교,,제주특별자치도 서귀포시 남원읍 위미리,UzE3MDAwMDI4NQ==,,,67.7,0.0,24.2,15.2,6.1,24.2,30.3
제주,50,제주시,50110,중,고산중학교,,제주특별자치도 제주시 한경면 고산리,UzE3MDAwMDE3Mg==,,,87.2,0.0,66.7,16.7,16.7,0.0,0.0
제주,50,제주시,50110,중,추자중학교,,제주특별자치도 제주시 추자면 신양리,UzE3MDAwMDE2OA==,,,84.9,0.0,42.9,14.3,28.6,14.3,0.0
제주,50,제주시,50110,중,제주여자중학교,,제주특별자치도 제주시 아라일동,UzE3MDAwMDQzNQ==,,,84.0,0.0,37.7,36.3,15.7,6.9,3.4
제주,50,제주시,50110,중,저청중학교,,제주특별자치도 제주시 한경면 청수리,UzE3MDAwMDE2Ng==,,,83.7,0.0,32.0,40.0,24.0,4.0,0.0
제주,50,제주시,50110,중,신창중학교,,제주특별자치도 제주시 한경면 신창리,UzE3MDAwMDE2Mw==,,,82.9,0.0,50.0,21.4,7.1,14.3,7.1
제주,50,제주시,50110,중,김녕중학교,,제주특별자치도 제주시 구좌읍 김녕리,UzE3MDAwMDE2MA==,,,81.6,0.0,43.6,20.5,15.4,10.3,10.3
제주,50,제주시,50110,중,제주중학교,,제주특별자치도 제주시 서문로 47,UzE3MDAwMDQzNg==,,,81.0,0.0,25.5,42.3,16.1,8.7,7.4
제주,50,제주시,50110,중,한림여자중학교,,제주특별자치도 제주시 한림읍 한림리,UzE3MDAwMDE2OQ==,,,80.0,0.0,34.9,28.9,15.7,8.4,12.0
제주,50,제주시,50110,중,제주중앙여자중학교,,제주특별자치도 제주시 삼도2동,UzE3MDAwMDQzMQ==,,,80.0,0.0,35.6,22.6,19.9,13.0,8.9
제주,50,제주시,50110,중,탐라중학교,,제주특별자치도 제주시 아라이동,UzE3MDAwMDg0NA==,,,79.7,0.0,36.2,26.9,11.3,12.0,13.6
제주,50,제주시,50110,중,우도중학교,,제주특별자치도 제주시 우도면,UzE3MDAwMDE2NQ==,,,79.6,0.0,25.0,25.0,25.0,25.0,0.0
제주,50,제주시,50110,중,신성여자중학교,,제주특별자치도 제주시 영평동,UzE3MDAwMDQzMw==,,,79.1,0.0,27.9,29.4,22.9,9.0,10.9
제주,50,제주시,50110,중,한라중학교,,제주특별자치도 제주시 노형동,UzE3MDAwMDQzOA==,,,79.0,0.0,31.2,26.9,17.7,10.7,13.5
제주,50,제주시,50110,중,아라중학교,,제주특별자치도 제주시 아라이동,UzE3MDAwMDQyOQ==,,,78.6,0.0,37.4,23.8,16.0,8.8,13.9
제주,50,제주시,50110,중,신엄중학교,,제주특별자치도 제주시 애월읍 신엄리,UzE3MDAwMDE2Mg==,,,78.3,0.0,32.3,27.4,14.5,11.3,14.5
제주,50,제주시,50110,중,노형중학교,,제주특별자치도 제주시 노형동,UzE3MDAwMDgzNQ==,,,78.3,0.0,38.9,22.8,11.6,9.4,17.2
제주,50,제주시,50110,중,함덕중학교,,제주특별자치도 제주시 조천읍 함덕리,UzE3MDAwMDE3MQ==,,,77.4,0.0,24.6,24.6,23.0,16.4,11.5
제주,50,제주시,50110,중,제주동여자중학교,,제주특별자치도 제주시 일도이동,UzE3MDAwMDQyNg==,,,77.3,0.0,25.7,25.7,19.5,17.4,11.6
제주,50,제주시,50110,중,세화중학교,,제주특별자치도 제주시 구좌읍 세화리,UzE3MDAwMDE2MQ==,,,77.2,0.0,19.7,28.9,28.9,11.8,10.5
제주,50,제주시,50110,중,제주동중학교,,제주특별자치도 제주시 화북일동,UzE3MDAwMDQyNw==,,,76.9,0.0,29.4,24.1,19.1,12.1,15.2
제주,50,제주시,50110,중,애월중학교,,제주특별자치도 제주시 애월읍,UzE3MDAwMDE2NA==,,,76.7,0.0,20.0,28.9,23.3,15.6,12.2
제주,50,제주시,50110,중,제주서중학교,,제주특별자치도 제주시 연동,UzE3MDAwMDQyOA==,,,75.8,0.0,23.1,25.5,20.0,14.4,17.0
제주,50,제주시,50110,중,귀일중학교,,제주특별자치도 제주시 애월읍 하귀2리,UzE3MDAwMDE3Mw==,,,74.2,0.0,13.1,27.4,31.4,12.6,15.4
제주,50,제주시,50110,중,제주대학교사범대학부설중학교,,제주특별자치도 제주시 용담삼동,UzAwMDAwMzU2Nw==,,,73.9,0.0,9.9,33.6,29.3,12.9,14.2
제주,50,제주시,50110,중,조천중학교,,제주특별자치도 제주시 조천읍 신촌리,UzE3MDAwMDE2Nw==,,,73.0,0.0,16.2,21.2,22.2,20.2,20.2
제주,50,제주시,50110,중,제주중앙중학교,,제주특별자치도 제주시 연동,UzE3MDAwMDQzMg==,,,72.3,0.0,21.0,23.1,18.0,15.3,22.8
제주,50,제주시,50110,중,오름중학교,,제주특별자치도 제주시 도련일동,UzE3MDAwMDgzOA==,,,70.8,0.0,8.2,24.7,26.3,21.0,19.8
제주,50,제주시,50110,중,제주제일중학교,,제주특별자치도 제주시 이도이동,UzE3MDAwMDQzMA==,,,69.8,0.0,14.7,22.7,20.5,14.0,28.1
제주,50,제주시,50110,중,오현중학교,,제주특별자치도 제주시 화북일동,UzE3MDAwMDQzNA==,,,67.7,0.0,13.6,16.8,19.6,19.2,30.8
제주,50,제주시,50110,중,한림중학교,,제주특별자치도 제주시 한림읍 동명리,UzE3MDAwMDE3MA==,,,65.9,0.0,9.0,19.2,19.2,15.4,37.2
