광역,시도코드,시군구,area,학교급,학교명,설립구분,주소,mcode,원점수_2021,원점수_2022,원점수_2023,원점수_2024,원점수_2025,원점수_5년평균,원점수_3년추세,원점수_전년대비,환산_2021,환산_2022,환산_2023,환산_2024,환산_2025,환산_5년평균,환산_3년추세,환산_전년대비,_2025_국어A,_2025_수학A,_2025_영어A,_2025_수학최하위,_5년최고연도
서울,11,강남구,11680,중,단국대학교사범대학부속중학교,사립,서울특별시 강남구 대치동,UzAxMDAwMDcwNA==,43.0,30.6,47.2,43.8,62.0,45.3,반등,18.2,42.8,30.5,46.9,44.3,61.5,45.2,반등,17.3,74.6,72.1,67.0,10.5,2025
서울,11,강남구,11680,중,봉은중학교,공립,서울특별시 강남구 삼성동,UzAxMDAwMDcxMw==,39.3,29.9,37.7,44.4,54.3,41.1,연속↑,9.8,38.1,29.2,37.6,43.0,53.9,40.4,연속↑,10.9,60.2,66.3,75.5,21.5,2025
서울,11,강남구,11680,중,진선여자중학교,사립,서울특별시 강남구 역삼2동,UzAxMDAwMDczNA==,48.9,35.7,63.1,63.0,56.1,53.3,연속↓,6.9,47.6,35.4,61.6,61.1,53.8,51.9,연속↓,7.3,66.7,55.5,67.0,11.2,2023
서울,11,강남구,11680,중,대청중학교,공립,서울특별시 강남구 대치1동,UzAxMDAwMDcwNw==,58.8,36.6,53.3,44.9,54.5,49.6,반등,9.6,57.7,35.8,50.8,43.0,52.9,48.0,반등,9.8,63.7,53.7,70.8,12.9,2021
서울,11,강남구,11680,중,휘문중학교,사립,서울특별시 강남구 대치동,UzAxMDAwMDczNg==,52.1,34.4,48.9,51.7,51.5,47.7,하락,0.2,51.4,34.5,48.1,50.7,49.2,46.8,하락,1.5,79.1,39.9,59.3,22.1,2021
서울,11,강남구,11680,중,언주중학교,공립,서울특별시 강남구 삼성2동,UzAxMDAwMDcyNw==,34.1,35.1,44.5,47.5,50.0,42.2,연속↑,2.6,33.3,34.1,42.7,46.1,48.8,41.0,연속↑,2.7,58.1,52.0,74.0,21.6,2025
서울,11,강남구,11680,중,도곡중학교,공립,서울특별시 강남구 도곡1동,UzAxMDAwMDcwOQ==,40.4,32.5,54.2,50.6,49.4,45.4,연속↓,1.2,39.4,31.5,53.2,49.9,48.2,44.4,연속↓,1.7,61.5,52.1,62.6,16.9,2023
서울,11,강남구,11680,중,대치중학교,공립,서울특별시 강남구 도곡동,UzAxMDAwMDcwOA==,35.5,29.6,40.9,41.7,46.6,38.8,연속↑,5.0,34.6,29.5,41.0,42.5,47.0,38.9,연속↑,4.5,44.9,60.3,57.5,24.2,2025
서울,11,강남구,11680,중,은성중학교,사립,서울특별시 강남구 도곡동,UzAxMDAwMDczMQ==,23.2,31.3,31.8,34.3,47.0,33.5,연속↑,12.7,23.0,31.0,31.3,34.3,46.4,33.2,연속↑,12.2,68.5,56.0,55.6,26.6,2025
서울,11,강남구,11680,중,대왕중학교,공립,서울특별시 강남구 수서동,UzAxMDAwMDcwNg==,52.8,34.9,48.2,43.3,45.7,45.0,반등,2.4,53.0,34.3,48.4,43.8,46.3,45.2,반등,2.5,55.3,62.5,44.7,11.3,2021
서울,11,강남구,11680,중,숙명여자중학교,사립,서울특별시 강남구 도곡동,UzAxMDAwMDcyMA==,46.4,38.9,58.5,55.8,46.1,49.1,연속↓,9.8,47.4,38.1,58.4,56.1,46.0,49.2,연속↓,10.1,54.7,65.7,61.7,15.3,2023
서울,11,강남구,11680,중,구룡중학교,공립,서울 강남구 개포1동,UzAxMDAwMDcwMQ==,37.5,28.2,37.2,44.2,46.1,38.6,연속↑,1.9,37.0,27.9,36.7,43.5,45.7,38.2,연속↑,2.3,63.5,54.3,54.2,12.8,2025
서울,11,강남구,11680,중,대명중학교,공립,서울특별시 강남구 대치2동,UzAxMDAwMDcwNQ==,51.1,35.3,48.0,44.0,45.9,44.9,반등,2.0,49.8,35.0,46.8,42.1,44.9,43.7,반등,2.8,63.9,47.9,63.3,22.6,2021
서울,11,강남구,11680,중,신사중학교,공립,서울특별시 강남구 압구정동,UzAxMDAwMDcyNA==,34.3,30.7,37.6,39.7,43.6,37.2,연속↑,3.9,34.7,30.5,37.0,39.6,44.2,37.2,연속↑,4.6,60.4,65.9,49.0,19.4,2025
서울,11,강남구,11680,중,개포중학교,공립,서울특별시 강남구 개포1동,UzAxMDAwMDY5OQ==,,,,47.3,45.0,46.2,하락,2.3,,,,47.3,44.0,45.6,하락,3.2,57.1,53.7,63.1,16.0,2024
서울,11,강남구,11680,중,역삼중학교,공립,서울 강남구 역삼2동,UzAxMDAwMDcyOA==,48.6,40.9,48.2,47.2,44.2,45.8,연속↓,3.0,48.7,40.3,48.3,47.2,43.6,45.6,연속↓,3.7,48.5,58.1,60.6,20.7,2021
서울,11,강남구,11680,중,압구정중학교,공립,서울특별시 강남구 압구정동,UzAxMDAwMDcwMg==,48.0,37.2,48.4,45.5,43.0,44.4,연속↓,2.5,47.1,36.4,47.1,44.7,42.0,43.4,연속↓,2.7,56.6,45.3,59.7,22.5,2023
서울,11,강남구,11680,중,개원중학교,공립,서울 강남구 개포3동,UzAxMDAwMDY5OA==,52.3,30.7,45.3,40.2,40.6,41.8,반등,0.5,52.2,30.9,44.6,39.5,40.9,41.6,반등,1.4,42.5,49.7,50.7,20.1,2021
서울,11,강남구,11680,중,청담중학교,공립,서울특별시 강남구 청담1동,UzAxMDAwMDczNQ==,23.1,26.1,33.2,37.7,42.3,32.5,연속↑,4.6,22.7,25.8,32.2,36.6,40.1,31.5,연속↑,3.5,73.8,34.8,58.2,31.3,2025
서울,11,강남구,11680,중,중동중학교,사립,서울특별시 강남구 일원동,UzAxMDAwMDczMw==,36.6,33.0,40.2,39.3,38.4,37.5,연속↓,0.9,36.9,33.0,38.8,37.9,36.6,36.6,연속↓,1.3,42.0,40.8,72.2,16.1,2023
서울,11,강남구,11680,중,수서중학교,공립,서울특별시 강남구 수서동,UzAxMDAwMDcxOQ==,26.8,22.8,33.2,32.0,31.5,29.2,연속↓,0.5,26.4,22.1,33.1,31.8,31.1,28.9,연속↓,0.7,43.8,36.3,31.6,36.4,2023
서울,11,강남구,11680,중,신구중학교,공립,서울 강남구 신사동,UzAxMDAwMDcyMQ==,38.4,23.6,26.5,26.6,31.1,29.2,연속↑,4.5,37.3,22.4,25.4,26.0,31.0,28.4,연속↑,5.0,40.3,41.8,42.9,25.0,2021
서울,11,강남구,11680,중,세곡중학교,공립,서울특별시 강남구 자곡동,UzAxMDAwNTgyOQ==,32.9,24.8,33.7,32.1,29.8,30.7,연속↓,2.3,31.9,24.4,31.5,30.8,28.9,29.5,연속↓,1.9,43.8,35.2,39.3,32.0,2021
서울,11,강남구,11680,중,언북중학교,공립,서울특별시 강남구 논현2동,UzAxMDAwMDcyNg==,24.9,22.8,25.8,27.2,24.4,25.0,하락,2.8,24.7,22.6,25.1,26.7,23.9,24.6,하락,2.8,35.6,26.9,29.8,44.2,2024
서울,11,강남구,11680,고,현대고등학교,사립,서울특별시 강남구 압구정동,UzAxMDAwMDU1OQ==,13.1,21.7,29.9,41.4,53.2,31.9,연속↑,11.8,12.2,19.5,27.2,42.4,55.3,31.3,연속↑,12.9,57.9,85.6,46.3,1.6,2025
서울,11,강남구,11680,고,중동고등학교,사립,서울 강남구 일원1동,UzAxMDAwMDUzMQ==,34.9,45.2,44.3,32.4,45.9,40.5,반등,13.5,37.1,47.7,46.3,34.5,46.1,42.3,반등,11.5,33.8,59.8,58.8,5.9,2022
서울,11,강남구,11680,고,경기여자고등학교,공립,경기여자고등학교,UzAxMDAwMDM3Ng==,15.5,21.4,20.7,21.8,41.2,24.1,연속↑,19.4,16.2,22.6,21.0,22.5,41.3,24.7,연속↑,18.8,65.1,47.0,59.7,1.6,2025
서울,11,강남구,11680,고,풍문고등학교,사립,서울특별시 강남구 자곡동,UzAxMDAwMDU0OA==,34.5,46.4,26.8,27.7,38.2,34.7,연속↑,10.5,34.7,48.2,26.1,25.8,37.9,34.5,반등,12.1,42.5,36.8,42.1,2.6,2022
서울,11,강남구,11680,고,숙명여자고등학교,사립,서울 강남구 도곡동,UzAxMDAwMDQ3OQ==,24.6,25.6,21.3,24.0,37.1,26.5,연속↑,13.1,24.0,23.0,19.7,23.3,35.6,25.1,연속↑,12.3,56.1,28.5,34.8,11.0,2025
서울,11,강남구,11680,고,압구정고등학교,공립,서울 강남구 압구정1동,UzAxMDAwMDQwMA==,23.0,24.3,31.6,36.0,33.9,29.7,하락,2.1,22.6,22.7,30.8,36.2,35.5,29.5,하락,0.7,40.8,48.0,28.6,20.4,2024
서울,11,강남구,11680,고,청담고등학교,공립,서울특별시 강남구 압구정동,UzAxMDAwMDU0Mg==,18.8,21.0,30.5,28.3,33.7,26.5,반등,5.4,19.9,21.4,29.0,27.8,32.7,26.2,반등,5.0,34.5,32.3,42.2,25.0,2025
서울,11,강남구,11680,고,수도전기공업고등학교,사립,서울특별시 강남구 개포2동,UzAxMDAwMDU5NA==,32.4,28.3,29.5,34.4,35.1,32.0,연속↑,0.7,30.9,27.9,29.0,35.2,31.2,30.8,하락,4.0,53.4,30.1,75.3,21.1,2024
서울,11,강남구,11680,고,경기고등학교,공립,경기고등학교,UzAxMDAwMDM3NQ==,17.4,25.6,24.8,29.3,32.2,25.9,연속↑,2.8,16.3,24.6,24.5,30.1,31.2,25.3,연속↑,1.0,43.5,25.5,36.3,24.3,2025
서울,11,강남구,11680,고,중산고등학교,사립,서울특별시 강남구 일원동,UzAxMDAwMDUzMg==,24.7,18.9,18.3,19.9,34.0,23.2,연속↑,14.1,24.0,17.4,16.3,17.8,30.8,21.3,연속↑,13.0,52.6,13.2,41.8,8.2,2025
서울,11,강남구,11680,고,국립국악고등학교,국립,서울특별시 강남구 개포동,UzAwMDAwMzU0MA==,14.7,8.1,16.4,9.0,28.8,15.4,반등,19.8,14.4,8.0,15.0,8.9,30.4,15.4,반등,21.5,31.0,60.3,38.8,3.4,2025
서울,11,강남구,11680,고,은광여자고등학교,사립,서울특별시 강남구 도곡1동,UzAxMDAwMDUxNA==,16.7,23.1,26.0,33.0,33.1,26.4,연속↑,0.1,15.3,21.4,25.2,29.9,29.9,24.4,→보합,,58.7,15.9,36.1,16.0,2025
서울,11,강남구,11680,고,단국대학교사범대학부속고등학교,사립,서울특별시 강남구 대치동,UzAxMDAwMDQwNQ==,17.8,19.9,20.4,24.4,26.6,21.8,연속↑,2.2,16.6,18.5,18.9,22.4,24.5,20.2,연속↑,2.1,48.2,20.6,25.1,24.5,2025
서울,11,강남구,11680,고,개포고등학교,공립,서울특별시 강남구 개포동,UzAxMDAwMDM3Mw==,36.3,21.6,27.0,21.9,23.7,26.1,반등,1.9,34.6,19.3,25.9,21.1,23.4,24.9,반등,2.3,24.4,22.8,32.0,20.3,2021
서울,11,강남구,11680,고,서울세종고등학교,사립,서울세종고등학교,UzAxMDAwMDQ1OQ==,25.2,20.5,24.5,31.0,24.3,25.1,하락,6.7,24.8,20.0,22.9,29.4,23.0,24.0,하락,6.4,32.9,15.6,27.7,5.8,2024
서울,11,강남구,11680,고,휘문고등학교,사립,서울특별시 강남구 대치2동,UzAxMDAwMDU2OA==,23.6,14.0,21.8,27.2,18.9,21.1,하락,8.4,21.5,13.0,21.1,25.3,17.9,19.8,하락,7.3,31.2,13.6,17.7,12.6,2024
서울,11,강남구,11680,고,중앙대학교사범대학부속고등학교,사립,서울 강남구 도곡2동,UzAxMDAwMDUzNA==,19.4,18.7,15.9,19.0,18.0,18.2,하락,1.1,18.7,17.8,15.7,18.7,17.0,17.6,하락,1.7,23.6,11.9,25.2,13.6,2024
서울,11,강남구,11680,고,단국대학교부속소프트웨어고등학교,사립,서울특별시 강남구 대치동,UzAxMDAwMDU4MQ==,10.2,8.7,10.0,12.4,15.5,11.3,연속↑,3.1,9.5,8.0,10.2,11.4,16.4,11.1,연속↑,5.1,15.2,30.3,16.2,6.1,2025
서울,11,강남구,11680,고,서울로봇고등학교,공립,서울로봇고등학교,UzAxMDAwMDU3Nw==,10.6,10.4,11.9,13.9,16.3,12.6,연속↑,2.4,10.6,10.7,12.2,13.9,16.0,12.7,연속↑,2.1,23.1,14.6,19.4,36.8,2025
서울,11,강남구,11680,고,진선여자고등학교,사립,서울특별시 강남구 역삼동,UzAxMDAwMDUzOA==,12.4,11.6,18.4,15.3,15.9,14.7,반등,0.6,11.0,10.1,17.2,14.4,15.4,13.6,반등,0.9,23.0,17.3,16.0,13.6,2023
서울,11,강남구,11680,고,영동고등학교,사립,서울특별시 강남구 청담동,UzAxMDAwMDQ5NQ==,13.4,5.6,12.6,13.6,13.9,11.8,연속↑,0.3,13.6,5.4,11.8,13.1,13.6,11.5,연속↑,0.5,20.5,14.6,14.2,7.9,2025
서울,11,강남구,11680,고,대진디자인고등학교,사립,서울특별시 강남구 수서동,UzAxMDAwMDQxNg==,12.1,10.0,8.5,8.9,8.8,9.7,하락,,12.0,9.5,7.8,8.4,7.9,9.1,하락,0.5,20.8,9.8,19.6,52.5,2021
서울,11,종로구,11110,중,배화여자중학교,사립,서울특별시 종로구 필운동,UzAxMDAwMjM0NA==,40.3,33.7,49.3,42.3,45.3,42.2,반등,3.0,39.5,33.2,48.2,42.3,45.0,41.7,반등,2.7,59.5,56.3,61.1,16.0,2023
서울,11,종로구,11110,중,중앙중학교,사립,서울특별시 종로구 계동,UzAxMDAwMjM1OQ==,36.2,32.3,36.8,33.3,43.0,36.3,반등,9.6,36.8,32.1,36.9,33.6,43.7,36.6,반등,10.1,65.1,57.8,49.0,21.7,2025
서울,11,종로구,11110,중,상명대학교사범대학부속여자중학교,사립,서울특별시 종로구 홍지동,UzAxMDAwMjM0Ng==,41.4,27.5,39.9,38.2,41.9,37.8,반등,3.7,41.2,27.2,39.7,39.2,42.7,38.0,반등,3.5,35.6,57.6,54.1,15.3,2025
서울,11,종로구,11110,중,대신중학교,사립,서울특별시 종로구 사직로,UzAxMDAwMjMzOQ==,30.5,33.0,41.1,41.6,40.9,37.4,하락,0.7,29.9,32.8,41.3,41.6,42.0,37.5,연속↑,0.5,46.6,54.5,46.5,26.4,2025
서울,11,종로구,11110,중,청운중학교,공립,서울특별시 종로구 청운동,UzAxMDAwMjM2MQ==,28.9,29.0,34.0,34.6,40.6,33.4,연속↑,6.0,29.0,29.0,33.3,33.3,39.3,32.8,상승,5.9,53.8,37.5,57.5,25.7,2025
서울,11,종로구,11110,중,서울대학교사범대학부설여자중학교,국립,서울대학교사범대학부설여자중학교,UzAwMDAwMzU2Mg==,45.2,31.2,37.7,37.7,36.7,37.7,하락,1.1,44.2,30.7,36.8,37.1,35.3,36.8,하락,1.8,47.2,30.9,61.1,38.9,2021
서울,11,종로구,11110,중,덕성여자중학교,사립,서울특별시 종로구 송현동,UzAxMDAwMjM0MA==,39.0,29.8,38.9,38.4,36.0,36.4,연속↓,2.4,38.8,29.2,38.0,37.1,34.7,35.5,연속↓,2.4,54.3,35.6,40.0,24.4,2021
서울,11,종로구,11110,중,경신중학교,사립,서울특별시 종로구 혜화로,UzAxMDAwMjMzNg==,30.4,21.1,33.5,32.0,31.5,29.7,연속↓,0.5,31.8,21.5,35.0,32.4,32.2,30.6,연속↓,0.3,28.2,40.4,43.7,32.4,2023
서울,11,종로구,11110,중,동성중학교,사립,서울특별시 종로구 혜화동,UzAxMDAwMjM0Mg==,29.5,28.8,36.3,31.0,31.5,31.4,반등,0.6,31.2,28.4,37.6,31.9,32.1,32.2,반등,0.2,47.8,39.0,21.7,46.4,2023
서울,11,종로구,11110,고,서울국제고등학교,공립,서울국제고등학교,UzAxMDAwNTQ5NA==,63.5,77.6,81.8,85.3,94.1,80.5,연속↑,8.8,62.1,76.0,81.1,85.1,93.7,79.6,연속↑,8.6,97.7,94.9,95.7,,2025
서울,11,종로구,11110,고,배화여자고등학교,사립,서울특별시 종로구 필운동,UzAxMDAwMDQ0NA==,38.5,30.2,40.9,36.2,36.5,36.4,반등,0.3,34.7,28.8,40.2,37.1,36.6,35.5,연속↓,0.6,44.3,41.4,34.6,6.0,2023
서울,11,종로구,11110,고,덕성여자고등학교,사립,서울특별시 종로구 안국동,UzAxMDAwMDQxNw==,14.0,29.9,24.7,18.8,33.2,24.1,반등,14.4,14.0,28.5,24.0,19.5,34.8,24.1,반등,15.3,31.3,66.0,30.6,21.1,2025
서울,11,종로구,11110,고,경복고등학교,공립,서울특별시 종로구 청운동,UzAxMDAwMDM3OQ==,24.3,35.6,28.8,27.7,35.2,30.3,반등,7.5,24.7,36.7,30.6,28.1,32.7,30.5,반등,4.7,52.6,27.2,46.4,6.1,2022
서울,11,종로구,11110,고,대신고등학교,사립,서울특별시 종로구 행촌동,UzAxMDAwMDQwOQ==,24.2,32.7,36.2,42.2,32.9,33.6,하락,9.3,24.5,31.5,35.3,43.2,32.7,33.4,하락,10.5,29.1,41.8,43.0,17.7,2024
서울,11,종로구,11110,고,상명대학교사범대학부속여자고등학교,사립,서울특별시 종로구 홍지동,UzAxMDAwMDQ1MA==,31.4,34.6,28.5,31.9,33.8,32.0,연속↑,1.9,31.2,36.0,27.2,31.5,32.0,31.6,연속↑,0.5,58.0,31.6,39.5,12.3,2022
서울,11,종로구,11110,고,경신고등학교,사립,서울특별시 종로구 혜화동,UzAxMDAwMDM4Mg==,25.9,25.3,13.1,28.3,30.9,24.7,연속↑,2.5,25.3,23.9,12.0,28.8,31.5,24.3,연속↑,2.7,37.5,39.7,30.1,0.7,2025
서울,11,종로구,11110,고,대동세무고등학교,사립,서울특별시 종로구 계동,UzAxMDAwMDYzNA==,19.0,21.6,26.2,24.2,28.1,23.8,반등,3.9,19.3,21.5,26.1,24.3,28.6,23.9,반등,4.2,35.7,48.1,34.4,10.4,2025
서울,11,종로구,11110,고,중앙고등학교,사립,서울특별시 종로구 계동,UzAxMDAwMDUzMw==,24.3,23.5,27.5,25.9,29.1,26.0,반등,3.3,23.9,23.1,26.4,25.2,28.2,25.4,반등,3.0,54.3,25.5,30.1,9.6,2025
서울,11,종로구,11110,고,동성고등학교,사립,서울특별시 종로구 대학로,UzAxMDAwMDQyNA==,8.0,13.6,20.6,20.5,24.9,17.5,반등,4.4,7.4,12.8,20.2,21.6,23.9,17.2,연속↑,2.3,31.7,21.6,36.8,0.5,2025
서울,11,종로구,11110,고,서울예술고등학교,사립,서울예술고등학교,UzAxMDAwMDYyNQ==,19.5,19.0,14.9,10.8,23.7,17.6,반등,12.9,18.1,17.4,15.4,10.1,22.0,16.6,반등,11.9,51.1,43.9,41.7,66.7,2025
서울,11,종로구,11110,고,서일문화예술고등학교,사립,서울특별시 종로구 창신동,UzAxMDAwMDY0NA==,15.5,8.3,9.5,12.7,11.5,11.5,하락,1.2,16.0,7.7,9.4,12.3,12.2,11.5,하락,0.1,12.1,23.2,15.2,49.5,2021
서울,11,종로구,11110,고,경기상업고등학교,공립,경기상업고등학교,UzAxMDAwMDYwMw==,10.5,8.4,6.4,6.1,8.0,7.9,반등,1.9,11.6,9.8,6.3,6.1,7.8,8.3,반등,1.7,15.7,7.5,10.7,60.5,2021
서울,11,광진구,11215,중,대원국제중학교,사립,서울특별시 광진구 중곡4동,UzAxMDAwMjE1MQ==,59.1,40.5,67.8,63.9,71.7,60.6,반등,7.9,60.5,40.2,66.7,63.3,70.9,60.3,반등,7.5,90.4,72.5,73.7,6.6,2025
서울,11,광진구,11215,중,광남중학교,공립,서울 광진구 광장동,UzAxMDAwMjE0NQ==,41.0,37.0,48.2,45.9,48.1,44.0,반등,2.2,41.2,36.7,47.8,45.7,47.5,43.8,반등,1.8,51.9,52.4,67.2,17.3,2023
서울,11,광진구,11215,중,양진중학교,공립,서울특별시 광진구 광장동,UzAxMDAwNTI4Ng==,40.8,34.9,45.6,40.3,43.2,41.0,반등,2.9,39.7,34.1,45.7,39.4,41.8,40.1,반등,2.4,51.2,41.9,59.6,27.1,2023
서울,11,광진구,11215,중,자양중학교,공립,서울특별시 광진구 자양3동,UzAxMDAwMjE2MA==,32.5,24.9,34.5,31.2,41.4,32.9,반등,10.2,31.8,24.2,33.9,29.8,41.0,32.1,반등,11.2,44.4,42.2,56.5,32.8,2025
서울,11,광진구,11215,중,건국대학교사범대학부속중학교,사립,서울특별시 광진구 화양동,UzAxMDAwMjE0Mw==,31.7,23.2,28.3,35.0,37.5,31.1,연속↑,2.5,32.7,23.3,28.6,35.6,37.9,31.6,연속↑,2.3,38.5,42.6,44.6,34.6,2025
서울,11,광진구,11215,중,동국대학교사범대학부속가람중학교,사립,서울 광진구 구의1동,UzAxMDAwMjE1Mw==,34.7,31.2,35.8,37.1,36.5,35.1,하락,0.6,35.1,29.8,34.2,35.6,35.7,34.1,연속↑,,42.7,33.9,61.3,37.1,2025
서울,11,광진구,11215,중,광양중학교,공립,서울특별시 광진구 자양2동,UzAxMDAwMjE0Ng==,30.9,21.0,33.7,32.0,33.0,30.1,반등,1.0,31.0,20.6,34.3,32.4,32.7,30.2,반등,0.3,56.0,43.7,39.3,28.9,2023
서울,11,광진구,11215,중,광진중학교,공립,서울특별시 광진구 자양2동,UzAxMDAwMjE0OA==,29.4,22.3,27.1,28.0,32.7,27.9,연속↑,4.7,29.4,22.0,27.3,27.3,32.7,27.7,상승,5.4,34.9,46.5,40.5,42.2,2025
서울,11,광진구,11215,중,용곡중학교,공립,서울특별시 광진구 중곡4동,UzAxMDAwMjE1OQ==,30.8,25.4,28.6,28.2,31.0,28.8,반등,2.7,30.4,25.8,29.3,29.0,31.3,29.1,반등,2.3,37.9,41.1,41.5,36.4,2025
서울,11,광진구,11215,중,광장중학교,공립,서울특별시 광진구 광장동,UzAxMDAwMjE0Nw==,32.5,27.9,27.0,28.2,31.2,29.4,연속↑,3.0,33.0,27.7,26.9,27.8,30.8,29.2,연속↑,3.0,39.1,36.2,43.2,37.2,2021
서울,11,광진구,11215,중,구의중학교,공립,서울특별시 광진구 화양동,UzAxMDAwMjE1MA==,31.3,24.5,24.7,24.4,31.1,27.2,반등,6.7,32.2,23.7,24.0,23.7,30.5,26.8,반등,6.8,33.3,36.2,45.5,38.8,2021
서울,11,광진구,11215,중,신양중학교,공립,서울특별시 광진구 자양4동,UzAxMDAwMjE1Nw==,24.4,23.4,31.3,29.3,22.6,26.2,연속↓,6.7,25.7,23.2,32.4,29.5,22.7,26.7,연속↓,6.8,31.5,35.9,23.9,49.4,2023
서울,11,광진구,11215,고,대원외국어고등학교,사립,서울특별시 광진구 중곡동,UzAxMDAwMDU3MQ==,78.6,78.2,74.4,66.7,65.1,72.6,연속↓,1.6,76.6,77.4,73.3,65.4,64.6,71.4,연속↓,0.8,78.7,61.8,60.6,,2022
서울,11,광진구,11215,고,건국대학교사범대학부속고등학교,사립,서울특별시 광진구 화양동,UzAxMDAwMDM3NA==,34.3,34.9,43.6,36.6,42.2,38.3,반등,5.6,36.0,36.0,44.3,39.1,42.1,39.5,반등,3.0,39.6,45.1,47.0,9.9,2023
서울,11,광진구,11215,고,광양고등학교,공립,서울특별시 광진구 자양2동,UzAxMDAwMDM5NQ==,14.9,32.1,44.8,32.8,38.8,32.7,반등,6.0,14.7,32.5,46.1,32.5,37.0,32.5,반등,4.4,46.5,33.3,49.3,24.6,2023
서울,11,광진구,11215,고,자양고등학교,공립,서울특별시 광진구 뚝섬로37길,UzAxMDAwMDUyMQ==,14.1,18.7,17.5,34.1,35.7,24.0,연속↑,1.6,12.9,19.0,15.8,34.7,35.6,23.6,연속↑,0.9,45.2,36.7,37.3,2.3,2025
서울,11,광진구,11215,고,동국대학교사범대학부속가람고등학교,사립,서울특별시 광진구 구의1동,UzAxMDAwMDQzMw==,28.7,44.0,46.6,31.3,25.4,35.2,연속↓,5.9,27.7,42.0,42.8,29.4,25.0,33.4,연속↓,4.5,25.0,27.5,31.1,7.7,2023
서울,11,광진구,11215,고,광남고등학교,공립,서울특별시 광진구 광장동,UzAxMDAwMDM5MQ==,16.9,21.9,21.0,18.1,20.7,19.7,반등,2.7,16.4,20.3,20.5,17.9,19.8,19.0,반등,1.9,28.8,16.5,22.9,8.1,2023
서울,11,광진구,11215,고,선화예술고등학교,사립,서울특별시 광진구 천호대로,UzAxMDAwMDYyNg==,13.2,14.0,21.8,16.9,19.6,17.1,반등,2.7,12.7,13.3,20.8,16.1,18.7,16.3,반등,2.6,49.1,21.0,32.5,48.6,2023
서울,11,광진구,11215,고,대원여자고등학교,사립,서울특별시 광진구 중곡동,UzAxMDAwMDQxMg==,11.0,5.8,14.5,12.8,13.6,11.5,반등,0.8,10.9,5.7,14.0,12.9,11.6,11.0,연속↓,1.3,14.4,21.5,26.8,5.4,2023
서울,11,광진구,11215,고,대원고등학교,사립,서울특별시 광진구 중곡동,UzAxMDAwMDQxMQ==,15.1,16.7,11.8,10.2,11.4,13.1,반등,1.2,15.2,16.3,11.7,10.0,11.3,12.9,반등,1.3,9.4,12.6,16.8,21.6,2022
서울,11,서초구,11650,중,서일중학교,공립,서울특별시 서초구 서운로21길,UzAxMDAwMDcxNg==,44.0,35.2,52.7,46.0,47.5,45.1,반등,1.5,43.4,34.0,51.3,45.1,46.0,43.9,반등,0.9,63.5,49.4,63.7,18.2,2023
서울,11,서초구,11650,중,반포중학교,공립,서울특별시 서초구 반포동,UzAxMDAwMDcxMQ==,39.8,32.1,47.3,45.2,45.2,41.9,→보합,,39.5,31.0,47.1,45.3,45.3,41.6,→보합,,48.5,59.3,45.6,11.3,2023
서울,11,서초구,11650,중,신동중학교,공립,서울특별시 서초구 잠원동,UzAxMDAwMDcyMg==,52.1,37.3,53.5,52.8,45.6,48.2,연속↓,7.1,51.4,37.2,51.4,50.8,43.6,46.9,연속↓,7.2,53.0,45.9,59.7,20.9,2023
서울,11,서초구,11650,중,서운중학교,공립,서울특별시 서초구 서초2동,UzAxMDAwMDcxNQ==,42.6,32.8,42.1,38.2,42.8,39.7,반등,4.7,40.8,31.8,42.0,37.2,42.4,38.8,반등,5.2,49.6,47.7,54.5,12.8,2025
서울,11,서초구,11650,중,내곡중학교,공립,서울특별시 서초구 청계산로7길,UzAxMDAwNjMzNA==,36.9,29.6,38.9,33.7,43.4,36.5,반등,9.7,36.2,28.1,38.5,32.2,41.3,35.3,반등,9.0,67.7,31.1,54.1,31.7,2025
서울,11,서초구,11650,중,세화여자중학교,사립,서울특별시 서초구 반포본동,UzAxMDAwMDcxOA==,45.1,35.1,47.2,43.4,41.7,42.5,연속↓,1.7,44.2,34.2,45.7,41.9,40.0,41.2,연속↓,2.0,47.5,38.4,70.5,22.2,2023
서울,11,서초구,11650,중,원촌중학교,공립,서울특별시 서초구 반포동,UzAxMDAwMDczMA==,38.8,37.2,41.7,44.0,42.4,40.8,하락,1.6,37.3,36.2,39.8,40.2,39.1,38.5,하락,1.1,59.3,26.7,67.5,23.6,2024
서울,11,서초구,11650,중,서초중학교,공립,서울특별시 서초구 서초3동,UzAxMDAwMDcxNw==,28.8,27.1,31.4,39.0,39.0,33.1,→보합,,27.1,26.7,29.6,37.3,38.3,31.8,연속↑,1.1,57.7,42.6,43.0,25.1,2025
서울,11,서초구,11650,중,신반포중학교,공립,서울특별시 서초구 반포2동,UzAxMDAwMDcyMw==,33.4,35.5,40.9,42.4,38.7,38.2,하락,3.7,32.8,35.0,40.0,41.6,38.2,37.5,하락,3.4,56.0,48.2,49.4,19.6,2024
서울,11,서초구,11650,중,동덕여자중학교,사립,서울특별시 서초구 방배동,UzAxMDAwMDcxMA==,28.7,28.4,36.8,41.9,38.1,34.8,하락,3.8,28.4,27.3,36.9,42.5,37.2,34.5,하락,5.3,58.2,44.0,47.3,39.0,2024
서울,11,서초구,11650,중,경원중학교,공립,서울특별시 서초구 잠원동,UzAxMDAwMDcwMA==,37.8,33.4,45.9,43.9,34.6,39.1,연속↓,9.3,38.4,33.7,46.4,44.0,33.9,39.3,연속↓,10.1,51.5,38.7,47.7,16.0,2023
서울,11,서초구,11650,중,영동중학교,공립,서울특별시 서초구 우면동,UzAxMDAwMDcyOQ==,34.4,25.7,27.4,30.2,32.9,30.1,연속↑,2.7,34.9,25.8,27.9,29.9,32.8,30.2,연속↑,2.9,46.2,40.4,34.9,32.8,2021
서울,11,서초구,11650,중,방배중학교,공립,서울특별시 서초구 반포동,UzAxMDAwMDcxMg==,25.6,25.6,26.2,31.7,29.4,27.7,하락,2.3,25.2,25.5,26.5,31.9,30.5,27.9,하락,1.4,31.7,43.9,34.9,26.5,2024
서울,11,서초구,11650,중,언남중학교,공립,서울특별시 서초구 양재2동,UzAxMDAwMDcyNQ==,35.4,24.7,24.1,25.0,29.5,27.8,연속↑,4.5,35.1,24.6,24.4,25.5,29.6,27.8,연속↑,4.0,37.6,50.9,33.3,23.9,2021
서울,11,서초구,11650,중,서문여자중학교,사립,서울특별시 서초구 방배4동,UzAxMDAwMDcxNA==,12.8,21.0,25.8,35.7,28.5,24.8,하락,7.2,13.5,20.1,24.9,34.5,28.8,24.4,하락,5.7,30.6,40.1,37.7,25.2,2024
서울,11,서초구,11650,중,이수중학교,공립,서울특별시 서초구 방배2동,UzAxMDAwMDczMg==,41.9,23.1,31.3,34.9,28.6,32.0,하락,6.3,42.2,22.6,30.7,33.9,27.7,31.4,하락,6.3,31.1,32.3,45.2,31.9,2021
서울,11,서초구,11650,고,세화고등학교,사립,서울특별시 서초구 반포본동,UzAxMDAwMDQ3Mw==,54.1,46.2,63.5,39.0,64.3,53.4,반등,25.3,53.6,44.7,65.6,35.8,66.7,53.3,반등,30.9,55.7,90.1,61.4,,2025
서울,11,서초구,11650,고,세화여자고등학교,사립,서울특별시 서초구 반포동,UzAxMDAwMDQ3NA==,42.1,53.5,50.0,53.2,63.2,52.4,연속↑,10.0,40.3,50.6,48.1,49.5,60.9,49.9,연속↑,11.4,93.0,58.2,67.3,0.8,2025
서울,11,서초구,11650,고,서울고등학교,공립,서울고등학교,UzAxMDAwMDQ1Ng==,26.4,36.9,38.3,33.6,42.1,35.5,반등,8.5,26.3,36.1,38.2,33.8,40.1,34.9,반등,6.3,46.4,32.1,90.7,0.8,2025
서울,11,서초구,11650,고,상문고등학교,사립,서울특별시 서초구 방배동,UzAxMDAwMDQ1Mg==,39.0,37.7,46.0,35.9,36.8,39.1,반등,0.9,38.9,36.6,47.1,37.1,38.2,39.6,반등,1.2,42.5,59.2,45.1,9.5,2023
서울,11,서초구,11650,고,반포고등학교,공립,서울특별시 서초구 반포1동,UzAxMDAwMDQ0MA==,19.6,24.8,31.8,30.4,37.3,28.8,반등,6.9,18.4,23.7,29.8,29.3,36.9,27.6,반등,7.6,56.6,42.5,39.4,4.0,2025
서울,11,서초구,11650,고,서문여자고등학교,사립,서울특별시 서초구 방배4동,UzAxMDAwMDQ1NQ==,30.9,24.9,33.0,41.2,39.1,33.8,하락,2.1,30.4,23.9,31.8,38.5,36.5,32.2,하락,2.0,69.3,23.0,47.3,1.0,2024
서울,11,서초구,11650,고,서초고등학교,공립,서울특별시 서초구 서초3동,UzAxMDAwMDQ2Mw==,14.2,12.9,18.3,28.3,33.1,21.3,연속↑,4.8,14.0,13.3,17.7,28.7,33.3,21.4,연속↑,4.6,44.0,38.6,27.4,9.2,2025
서울,11,서초구,11650,고,언남고등학교,공립,서울특별시 서초구 양재동,UzAxMDAwMDQ5MQ==,30.3,25.8,17.5,30.4,33.5,27.5,연속↑,3.1,28.5,24.9,17.0,29.8,31.2,26.3,연속↑,1.4,52.1,26.0,32.8,9.4,2025
서울,11,서초구,11650,고,양재고등학교,공립,서울특별시 서초구 서초2동,UzAxMDAwMDQ4Nw==,29.1,29.5,28.0,27.3,30.2,28.8,반등,2.9,27.5,28.7,26.9,26.0,29.8,27.8,반등,3.8,45.7,35.9,26.6,1.6,2025
서울,11,서초구,11650,고,동덕여자고등학교,사립,서울특별시 서초구 방배동,UzAxMDAwMDQyMQ==,24.4,22.8,50.7,48.0,25.6,34.3,연속↓,22.4,25.1,23.2,49.9,47.7,25.4,34.3,연속↓,22.3,41.2,26.8,21.0,1.2,2023
서울,11,서초구,11650,고,서울웹툰애니메이션고등학교,공립,서울웹툰애니메이션고등학교,UzAxMDAwMDY1Nw==,14.4,10.6,,36.0,25.5,21.6,하락,10.5,14.0,10.6,,35.2,24.7,21.1,하락,10.5,21.1,20.0,58.0,34.7,2024
서울,11,서대문구,11410,중,인창중학교,사립,서울특별시 서대문구 충정로2가,UzAxMDAwMTk1Ng==,34.9,25.4,32.3,44.0,46.4,36.6,연속↑,2.4,35.5,26.0,32.7,44.4,46.0,36.9,연속↑,1.6,47.9,56.3,62.5,23.2,2025
서울,11,서대문구,11410,중,이화여자대학교사범대학부속이화·금란중학교,사립,서울특별시 서대문구 대신동,UzAxMDAwMTk1NQ==,45.9,29.9,40.1,42.6,46.2,40.9,연속↑,3.6,45.3,29.3,39.0,42.2,45.7,40.3,연속↑,3.5,48.1,54.9,58.6,15.6,2025
서울,11,서대문구,11410,중,정원여자중학교,사립,서울특별시 서대문구 홍은동,UzAxMDAwMTk1OA==,44.3,27.2,41.8,45.7,45.6,40.9,하락,0.1,44.2,27.4,40.9,45.8,44.8,40.6,하락,1.0,55.4,44.6,59.4,31.2,2024
서울,11,서대문구,11410,중,서연중학교,공립,서울특별시 서대문구 연희동,UzAxMDAwMTkzNA==,32.1,31.2,35.4,33.7,42.0,34.9,반등,8.3,31.3,30.7,34.1,33.7,42.8,34.5,반등,9.1,42.0,48.5,51.9,32.3,2025
서울,11,서대문구,11410,중,가재울중학교,공립,서울특별시 서대문구 북가좌1동,UzAxMDAwNTU5Mg==,37.9,39.1,43.3,39.9,39.5,39.9,연속↓,0.4,37.9,38.4,42.3,38.4,39.1,39.2,반등,0.7,47.9,48.4,48.6,19.5,2023
서울,11,서대문구,11410,중,연희중학교,공립,서울특별시 서대문구 남가좌2동,UzAxMDAwMTk1MA==,32.2,30.6,37.5,36.3,38.9,35.1,반등,2.6,31.3,30.5,36.7,35.6,38.3,34.5,반등,2.7,36.2,37.3,55.8,33.5,2025
서울,11,서대문구,11410,중,명지중학교,사립,서울특별시 서대문구 홍은동,UzAxMDAwMTkzMQ==,29.8,24.5,25.9,29.9,36.2,29.2,연속↑,6.3,28.8,24.1,25.2,28.6,34.8,28.3,연속↑,6.2,44.4,33.2,51.1,40.9,2025
서울,11,서대문구,11410,중,연북중학교,공립,서울특별시 서대문구 연희동,UzAxMDAwMTk0Ng==,33.2,27.4,36.2,35.3,34.5,33.3,연속↓,0.9,32.3,26.5,35.5,34.1,33.4,32.4,연속↓,0.7,41.1,49.4,46.6,38.9,2023
서울,11,서대문구,11410,중,인왕중학교,공립,서울특별시 서대문구 홍제3동,UzAxMDAwNTUxOQ==,34.6,23.4,31.6,36.6,32.4,31.7,하락,4.1,34.3,23.2,31.2,35.2,32.3,31.2,하락,2.9,50.5,33.6,38.1,42.5,2024
서울,11,서대문구,11410,중,중앙여자중학교,사립,서울특별시 서대문구 북아현동,UzAxMDAwMTk2MA==,23.7,19.4,26.4,33.5,33.4,27.3,하락,0.1,23.8,19.1,25.6,31.7,31.9,26.4,연속↑,0.3,40.4,32.3,50.0,25.5,2025
서울,11,서대문구,11410,중,동명여자중학교,사립,서울 서대문구 천연동,UzAxMDAwMTkzMA==,34.6,27.5,33.3,35.6,34.5,33.1,하락,1.1,32.8,25.4,29.9,33.4,31.9,30.7,하락,1.5,37.8,20.7,64.3,26.2,2024
서울,11,서대문구,11410,중,홍은중학교,공립,서울특별시 서대문구 홍은2동,UzAxMDAwMTk2NA==,35.9,24.6,34.0,30.2,30.9,31.1,반등,0.7,35.8,24.3,33.3,30.0,30.5,30.7,반등,0.5,36.3,30.1,42.9,33.0,2021
서울,11,서대문구,11410,중,신연중학교,공립,서울 서대문구 연희동,UzAxMDAwMTk0NA==,38.9,32.3,39.9,30.6,29.1,34.2,연속↓,1.5,40.5,32.2,39.1,30.5,28.3,34.1,연속↓,2.2,27.1,27.1,51.9,33.3,2021
서울,11,서대문구,11410,중,한성중학교,사립,서울특별시 서대문구 북아현동,UzAxMDAwMTk2Mw==,31.4,33.8,32.4,25.6,26.3,29.9,반등,0.7,31.8,34.2,33.1,25.4,27.7,30.4,반등,2.3,27.0,49.2,36.4,24.1,2022
서울,11,서대문구,11410,고,한성과학고등학교,공립,서울특별시 서대문구 현저동,UzAxMDAwMDU3MA==,74.4,78.1,81.9,83.1,65.1,76.5,하락,18.1,73.2,76.2,81.3,82.2,61.6,74.9,하락,20.6,66.0,41.1,90.8,2.1,2024
서울,11,서대문구,11410,고,인창고등학교,사립,서울특별시 서대문구 충정로2가,UzAxMDAwMDUxOA==,29.2,21.9,31.0,34.2,35.5,30.3,연속↑,1.3,31.8,22.7,31.2,33.8,33.9,30.7,연속↑,0.1,83.0,25.8,37.0,13.0,2025
서울,11,서대문구,11410,고,이화여자대학교사범대학부속이화금란고등학교,사립,서울특별시 서대문구 대신동,UzAxMDAwMDUxNw==,24.0,24.0,21.4,29.0,27.4,25.2,하락,1.7,22.0,23.3,19.7,28.6,27.8,24.3,하락,0.8,25.7,36.0,47.4,0.6,2024
서울,11,서대문구,11410,고,가재울고등학교,공립,서울특별시 서대문구 북가좌동,UzAxMDAwNTU5MQ==,22.5,23.7,15.6,20.1,24.9,21.4,연속↑,4.8,20.9,22.7,15.0,18.6,23.5,20.1,연속↑,4.9,58.8,17.6,24.6,26.8,2025
서울,11,서대문구,11410,고,한성고등학교,사립,서울특별시 서대문구 북아현동,UzAxMDAwMDU1NQ==,18.1,22.7,16.9,31.9,20.1,21.9,하락,11.8,17.8,23.4,17.7,29.6,19.5,21.6,하락,10.1,22.2,16.2,25.3,45.5,2024
서울,11,서대문구,11410,고,중앙여자고등학교,사립,서울특별시 서대문구 북아현동,UzAxMDAwMDUzNQ==,11.2,10.4,17.7,16.7,18.5,14.9,반등,1.8,11.5,10.0,17.9,16.4,18.1,14.8,반등,1.7,41.7,22.4,20.9,8.7,2025
서울,11,서대문구,11410,고,명지고등학교,사립,서울 서대문구 홍은3동,UzAxMDAwMDQzNQ==,14.0,19.7,23.0,28.2,17.7,20.5,하락,10.5,13.7,20.1,22.4,27.7,17.1,20.2,하락,10.5,22.0,17.1,20.4,20.9,2024
서울,11,마포구,11440,중,서울여자중학교,공립,서울여자중학교,UzAxMDAwMTkzNQ==,54.5,33.8,53.4,57.0,52.4,50.2,하락,4.6,53.1,32.7,52.5,55.2,51.3,49.0,하락,3.9,59.6,59.0,72.4,18.8,2024
서울,11,마포구,11440,중,동도중학교,사립,서울특별시 마포구 백범로,UzAxMDAwMTkyOQ==,44.7,34.6,40.5,45.6,44.8,42.0,하락,0.8,43.5,33.8,38.3,44.7,42.4,40.6,하락,2.3,72.9,33.7,56.3,29.9,2024
서울,11,마포구,11440,중,신수중학교,공립,서울특별시 마포구 신수동,UzAxMDAwMTk0Mw==,34.5,29.5,35.5,36.5,40.9,35.4,연속↑,4.5,33.6,28.6,34.4,35.2,40.0,34.4,연속↑,4.8,47.7,44.7,55.3,36.2,2025
서울,11,마포구,11440,중,중암중학교,공립,서울특별시 마포구 중동,UzAxMDAwMTk1OQ==,32.2,37.6,43.8,33.6,40.3,37.5,반등,6.7,31.1,36.3,42.9,32.9,39.9,36.6,반등,7.0,52.4,50.5,44.7,24.0,2023
서울,11,마포구,11440,중,숭문중학교,사립,서울특별시 마포구 대흥동,UzAxMDAwMTk0MQ==,36.0,38.7,44.0,37.0,38.2,38.8,반등,1.2,35.0,38.8,43.8,36.5,36.5,38.1,→보합,,48.2,32.3,62.8,24.2,2023
서울,11,마포구,11440,중,홍익대학교사범대학부속여자중학교,사립,서울특별시 마포구 성산동,UzAxMDAwMTk2NQ==,33.4,32.5,36.0,36.4,36.6,35.0,연속↑,0.2,33.1,31.5,36.2,36.6,36.1,34.7,하락,0.5,47.6,45.6,59.2,30.1,2024
서울,11,마포구,11440,중,광성중학교,사립,서울 마포구 신수로8길,UzAxMDAwMTkyNQ==,40.5,25.3,34.8,32.5,36.8,34.0,반등,4.3,39.9,24.3,33.7,31.4,35.9,33.0,반등,4.5,55.9,44.9,59.8,24.1,2021
서울,11,마포구,11440,중,상암중학교,공립,서울 마포구 상암동,UzAxMDAwNTM2Ng==,36.7,31.1,34.5,36.3,35.9,34.9,하락,0.4,38.0,31.2,34.0,35.8,35.3,34.9,하락,0.5,38.4,37.7,44.7,34.2,2021
서울,11,마포구,11440,중,아현중학교,공립,서울특별시 마포구 아현동,UzAxMDAwMTk0NQ==,47.2,33.8,37.2,37.7,35.0,38.2,하락,2.7,48.0,34.3,37.9,37.2,35.1,38.5,연속↓,2.1,27.7,48.8,50.0,40.5,2021
서울,11,마포구,11440,중,창천중학교,공립,서울특별시 마포구 노고산동,UzAxMDAwNTU2OQ==,31.8,30.8,37.1,37.1,33.8,34.1,하락,3.2,32.4,31.4,37.2,36.0,33.6,34.1,연속↓,2.3,43.8,43.2,51.1,32.7,2023
서울,11,마포구,11440,중,성산중학교,공립,서울특별시 마포구 합정동,UzAxMDAwMTkzOQ==,37.0,26.1,36.0,30.1,32.3,32.3,반등,2.2,37.4,25.6,36.5,29.4,32.7,32.3,반등,3.2,40.9,41.2,41.5,32.5,2021
서울,11,마포구,11440,중,성서중학교,공립,서울특별시 마포구 성산동,UzAxMDAwMTk0MA==,28.8,28.1,36.1,30.2,29.6,30.6,연속↓,0.6,28.0,27.4,36.2,30.4,29.0,30.2,연속↓,1.4,34.6,30.2,44.1,42.8,2023
서울,11,마포구,11440,중,성사중학교,공립,서울특별시 마포구 성산동,UzAxMDAwMTkzOA==,34.4,24.6,27.0,24.0,27.0,27.4,반등,3.0,35.0,24.2,27.3,24.6,27.5,27.7,반등,2.8,22.5,34.3,40.2,41.2,2021
서울,11,마포구,11440,중,경성중학교,사립,서울특별시 마포구 성미산로,UzAxMDAwMTkyNA==,25.2,21.8,22.9,22.0,25.9,23.5,반등,3.9,25.8,22.3,23.5,22.1,26.1,23.9,반등,4.0,15.0,36.4,42.9,31.8,2025
서울,11,마포구,11440,고,숭문고등학교,사립,서울특별시 마포구 대흥동,UzAxMDAwMDQ4MA==,30.8,31.0,24.6,24.6,51.4,32.5,상승,26.8,31.9,30.4,23.5,24.3,51.4,32.3,연속↑,27.1,92.1,70.8,42.1,0.6,2025
서울,11,마포구,11440,고,광성고등학교,사립,서울특별시 마포구 신수동,UzAxMDAwMDM5Mw==,33.0,23.1,24.5,25.6,31.1,27.5,연속↑,5.5,33.6,23.7,23.1,24.3,31.7,27.3,연속↑,7.4,24.5,36.6,40.3,5.7,2021
서울,11,마포구,11440,고,서울여자고등학교,공립,서울여자고등학교,UzAxMDAwMDQ2MA==,19.9,14.9,23.1,24.1,30.7,22.5,연속↑,6.6,19.3,15.4,24.0,25.9,30.6,23.0,연속↑,4.7,36.4,34.3,51.2,3.7,2025
서울,11,마포구,11440,고,경성고등학교,사립,서울특별시 마포구 연남동,UzAxMDAwMDM4MQ==,32.4,34.5,33.0,35.8,29.7,33.1,하락,6.1,31.9,33.4,30.9,33.2,28.9,31.6,하락,4.4,34.8,25.6,37.5,11.9,2022
서울,11,마포구,11440,고,상암고등학교,공립,서울특별시 마포구 상암동,UzAxMDAwNTM2NQ==,16.0,16.7,22.6,20.2,24.0,19.9,반등,3.7,15.8,17.5,24.5,21.5,23.7,20.6,반등,2.3,24.9,25.3,30.3,4.5,2023
서울,11,마포구,11440,고,홍익대학교사범대학부속여자고등학교,사립,서울특별시 마포구 성산동,UzAxMDAwMDU2NA==,14.0,24.7,24.5,25.6,19.8,21.7,하락,5.8,12.7,23.5,25.0,27.1,21.1,21.9,하락,6.0,20.7,32.5,16.5,5.0,2024
서울,11,마포구,11440,고,한세사이버보안고등학교,사립,서울특별시 마포구 아현동,UzAxMDAwMDY2Mg==,13.4,14.3,9.8,18.0,15.4,14.2,하락,2.6,13.2,13.9,9.0,18.5,15.8,14.1,하락,2.6,7.3,22.9,25.0,1.8,2024
서울,11,마포구,11440,고,홍익디자인고등학교,사립,서울특별시 마포구 연남동,UzAxMDAwMDYxNQ==,14.0,14.3,17.0,14.1,8.9,13.6,연속↓,5.1,14.1,13.8,16.2,12.9,8.1,13.0,연속↓,4.8,2.0,13.1,9.2,42.9,2023
서울,11,마포구,11440,고,서울디자인고등학교,사립,서울디자인고등학교,UzAxMDAwMDU4Mw==,14.5,10.2,11.4,8.4,5.8,10.0,연속↓,2.6,14.0,9.4,11.1,8.2,5.6,9.7,연속↓,2.6,12.8,5.0,3.5,43.8,2021
서울,11,성동구,11200,중,성수중학교,공립,서울 성동구 성수1가2동,UzAxMDAwMjE1NQ==,32.6,23.9,41.8,49.6,46.6,38.9,하락,3.0,33.1,23.4,42.8,50.6,46.5,39.3,하락,4.2,53.2,52.1,60.4,31.6,2024
서울,11,성동구,11200,중,무학중학교,공립,서울특별시 성동구 행당동,UzAxMDAwMjE1NA==,29.9,29.0,35.8,34.5,38.9,33.6,반등,4.4,29.4,28.5,36.6,34.4,39.2,33.6,반등,4.8,49.8,49.6,43.5,29.4,2025
서울,11,성동구,11200,중,광희중학교,공립,서울특별시 성동구 응봉동,UzAxMDAwMjE0OQ==,37.2,32.6,45.7,42.3,40.2,39.6,연속↓,2.1,37.5,31.6,45.6,41.6,38.8,39.0,연속↓,2.7,52.6,44.6,54.2,34.9,2023
서울,11,성동구,11200,중,경일중학교,공립,서울특별시 성동구 성수동1가,UzAxMDAwNTIxMg==,30.1,27.4,32.0,32.0,38.2,31.9,상승,6.3,29.6,27.7,32.6,31.5,38.8,32.0,반등,7.2,31.5,46.2,48.6,24.7,2025
서울,11,성동구,11200,중,행당중학교,공립,서울특별시 성동구 행당동,UzAxMDAwMjE2Mg==,27.3,33.1,39.9,35.7,38.3,34.9,반등,2.7,27.5,32.9,40.6,37.4,38.3,35.3,반등,0.9,56.4,50.0,41.0,28.2,2023
서울,11,성동구,11200,중,옥정중학교,공립,서울특별시 성동구 옥수동,UzAxMDAwMjE1OA==,37.6,25.4,38.3,36.9,36.4,34.9,연속↓,0.5,38.3,25.1,38.2,37.2,36.4,35.0,연속↓,0.8,47.9,46.9,41.8,27.1,2021
서울,11,성동구,11200,중,마장중학교,공립,서울특별시 성동구 마장동,UzAxMDAwNTI0MA==,29.4,26.6,27.8,28.3,33.2,29.0,연속↑,4.9,29.7,25.9,27.5,29.2,33.5,29.2,연속↑,4.4,36.2,45.1,47.5,30.8,2025
서울,11,성동구,11200,중,동마중학교,공립,서울특별시 성동구 마장동,UzAxMDAwMjE1Mg==,39.6,27.0,32.6,29.5,30.7,31.9,반등,1.2,39.8,26.7,32.8,28.2,30.5,31.6,반등,2.3,43.3,33.1,41.7,31.7,2021
서울,11,성동구,11200,중,한양대학교사범대학부속중학교,사립,서울특별시 성동구 사근동,UzAxMDAwMjE2MQ==,26.1,22.6,30.9,33.1,28.2,28.2,하락,4.9,27.4,22.5,30.4,32.7,28.5,28.3,하락,4.2,20.0,40.0,45.1,38.0,2024
서울,11,성동구,11200,중,성원중학교,공립,서울특별시 성동구 성수2가1동,UzAxMDAwMjE1Ng==,21.8,20.5,30.5,32.5,30.1,27.1,하락,2.5,21.9,19.9,30.2,32.3,28.4,26.5,하락,3.9,34.0,32.0,52.0,46.8,2024
서울,11,성동구,11200,중,경수중학교,공립,서울특별시 성동구 성수2가1동,UzAxMDAwMjE0NA==,27.7,18.8,27.7,29.5,27.0,26.1,하락,2.5,28.4,18.0,29.0,30.0,28.2,26.7,하락,1.8,22.9,40.0,37.5,38.6,2024
서울,11,성동구,11200,고,도선고등학교,공립,서울특별시 성동구 하왕십리동,UzAxMDAwNjM4Mg==,16.8,26.4,23.7,30.6,52.1,29.9,연속↑,21.6,16.7,25.3,22.9,28.6,50.7,28.8,연속↑,22.1,65.8,46.4,64.3,4.5,2025
서울,11,성동구,11200,고,한양대학교사범대학부속고등학교,사립,서울특별시 성동구 사근동,UzAxMDAwMDU1Nw==,19.8,24.3,28.4,21.5,47.3,28.3,반등,25.8,19.3,25.3,29.7,21.8,45.6,28.3,반등,23.9,54.0,51.2,56.2,4.0,2025
서울,11,성동구,11200,고,성수고등학교,공립,서울특별시 성동구 성수1가2동,UzAxMDAwNTUyMw==,32.0,20.3,30.1,36.5,35.1,30.8,하락,1.4,32.0,20.5,31.3,34.3,34.3,30.5,→보합,0.1,47.6,39.9,42.0,12.7,2025
서울,11,성동구,11200,고,경일고등학교,공립,서울특별시 성동구 성수동1가,UzAxMDAwNTIwOQ==,25.1,22.2,15.3,25.9,32.2,24.1,연속↑,6.4,23.5,22.5,15.5,24.2,31.4,23.4,연속↑,7.2,32.9,32.9,42.5,1.4,2025
서울,11,성동구,11200,고,금호고등학교,공립,서울특별시 성동구 금호동1가,UzAxMDAwNjM4MQ==,20.4,23.4,31.6,28.9,24.5,25.8,연속↓,4.4,22.1,24.0,33.2,28.8,23.4,26.3,연속↓,5.5,48.1,20.6,32.7,17.6,2023
서울,11,성동구,11200,고,무학여자고등학교,공립,서울특별시 성동구 행당동,UzAxMDAwMDQzNg==,24.3,25.0,23.9,35.1,21.1,25.9,하락,14.0,24.7,24.7,24.2,34.2,21.0,25.8,하락,13.3,22.0,22.6,30.1,11.9,2024
서울,11,성동구,11200,고,서울방송고등학교,공립,서울방송고등학교,UzAxMDAwMDU4NQ==,7.2,10.7,10.0,9.5,10.6,9.6,반등,1.1,7.1,10.4,9.9,9.3,10.2,9.4,반등,0.9,15.7,9.3,11.9,45.9,2022
서울,11,동작구,11590,중,상현중학교,공립,서울특별시 동작구 상도동,UzAxMDAwMTU2NA==,39.7,29.4,39.9,49.2,51.9,42.0,연속↑,2.6,39.1,28.7,39.0,48.5,51.7,41.4,연속↑,3.2,55.8,55.6,60.9,18.4,2025
서울,11,동작구,11590,중,남성중학교,공립,서울특별시 동작구 남부순환로269길,UzAxMDAwMTU1Mw==,22.3,25.1,39.1,38.3,42.2,33.4,반등,3.9,22.3,24.4,40.2,39.5,41.9,33.7,반등,2.4,52.9,60.0,44.7,28.9,2025
서울,11,동작구,11590,중,상도중학교,공립,서울특별시 동작구 사당5동,UzAxMDAwMTU2Mw==,37.3,23.9,32.8,37.4,39.1,34.1,연속↑,1.6,38.1,23.8,33.3,36.3,39.2,34.1,연속↑,2.8,42.1,49.3,45.7,20.5,2025
서울,11,동작구,11590,중,숭의여자중학교,사립,서울특별시 동작구 대방동,UzAxMDAwMjM1Mg==,41.8,28.5,45.1,38.9,39.8,38.8,반등,0.9,40.8,27.5,44.2,36.8,38.1,37.5,반등,1.3,64.8,33.1,62.7,25.9,2023
서울,11,동작구,11590,중,사당중학교,공립,서울특별시 동작구 사당동,UzAxMDAwMTU2Mg==,31.6,25.0,29.7,37.8,37.0,32.2,하락,0.8,32.3,24.6,28.7,37.7,37.4,32.1,하락,0.4,42.2,47.3,45.3,27.7,2024
서울,11,동작구,11590,중,장승중학교,공립,서울특별시 동작구 장승배기로10가길,UzAxMDAwMTU3Mw==,32.2,30.0,41.3,38.4,37.5,35.9,연속↓,0.8,31.3,28.9,40.3,38.1,37.3,35.2,연속↓,0.8,37.9,51.0,52.4,31.0,2023
서울,11,동작구,11590,중,대방중학교,공립,서울특별시 동작구 신대방동,UzAxMDAwMTU1NQ==,37.2,30.0,36.6,32.0,37.0,34.5,반등,5.1,36.0,28.8,36.3,30.7,36.0,33.6,반등,5.3,46.3,37.4,59.3,28.3,2023
서울,11,동작구,11590,중,동양중학교,사립,서울특별시 동작구 본동,UzAxMDAwMTU1Ng==,33.4,30.2,35.7,35.5,37.3,34.4,반등,1.8,34.7,30.2,35.1,35.0,35.6,34.1,반등,0.7,45.5,30.9,54.5,31.4,2025
서울,11,동작구,11590,중,강현중학교,공립,서울특별시 동작구 상도동,UzAxMDAwMTU0Ng==,28.8,24.0,31.5,35.4,34.2,30.8,하락,1.2,28.7,24.2,32.4,35.6,33.6,30.9,하락,2.0,35.0,38.2,43.1,37.8,2024
서울,11,동작구,11590,중,동작중학교,공립,서울특별시 동작구 동작동,UzAxMDAwMTU1Nw==,32.8,32.2,35.9,39.9,33.9,35.0,하락,6.0,31.8,31.8,33.9,38.2,33.4,33.8,하락,4.8,39.5,41.1,46.5,39.2,2024
서울,11,동작구,11590,중,성남중학교,사립,서울특별시 동작구 대방동,UzAxMDAwMTU2Ng==,29.2,26.1,30.0,29.4,33.9,29.7,반등,4.5,29.2,25.3,31.1,29.3,33.4,29.7,반등,4.0,50.8,39.6,32.2,39.3,2025
서울,11,동작구,11590,중,중앙대학교사범대학부속중학교,사립,서울특별시 동작구 흑석동,UzAxMDAwMTU3NQ==,37.0,26.9,31.7,31.0,31.6,31.6,반등,0.6,37.3,26.1,30.4,30.4,31.4,31.1,상승,1.0,45.0,46.0,42.2,29.9,2021
서울,11,동작구,11590,중,강남중학교,공립,서울특별시 동작구 대방동,UzAxMDAwMTU0NQ==,32.8,24.5,36.7,37.5,31.7,32.6,하락,5.8,33.9,23.2,36.7,38.6,31.3,32.7,하락,7.3,38.0,39.6,41.3,42.2,2024
서울,11,동작구,11590,중,국사봉중학교,공립,서울특별시 동작구 상도4동,UzAxMDAwMTU0OQ==,23.8,19.5,33.2,35.0,28.6,28.0,하락,6.4,23.1,19.2,32.2,33.0,27.8,27.0,하락,5.2,46.7,30.5,34.7,45.8,2024
서울,11,동작구,11590,중,영등포중학교,공립,서울특별시 동작구 대방동,UzAxMDAwMTU3MQ==,27.7,27.8,25.2,31.3,25.8,27.6,하락,5.5,28.4,28.1,26.1,31.0,25.5,27.8,하락,5.5,27.8,33.3,32.5,44.4,2024
서울,11,동작구,11590,중,문창중학교,공립,서울특별시 동작구 신대방동,UzAxMDAwMTU1OA==,27.3,27.2,29.8,30.7,25.6,28.1,하락,5.2,28.6,26.3,28.7,30.1,25.4,27.8,하락,4.7,53.6,37.6,19.7,41.7,2024
서울,11,동작구,11590,고,경문고등학교,사립,서울특별시 동작구 동작동,UzAxMDAwMDM3OA==,43.6,42.4,38.4,45.1,48.2,43.5,연속↑,3.1,41.8,40.9,38.6,46.5,47.2,43.0,연속↑,0.7,80.5,52.4,60.5,2.4,2025
서울,11,동작구,11590,고,숭의여자고등학교,사립,서울특별시 동작구 대방동,UzAxMDAwMDQ4Mg==,21.5,24.8,34.5,27.5,39.5,29.5,반등,12.0,22.6,26.6,39.0,28.3,42.7,31.8,반등,14.4,40.6,75.7,25.7,2.8,2025
서울,11,동작구,11590,고,동작고등학교,공립,서울특별시 동작구 사당5동,UzAxMDAwMDQyNw==,24.8,19.9,33.6,29.9,22.9,26.2,연속↓,7.0,26.5,19.5,34.0,29.9,23.1,26.6,연속↓,6.8,19.8,39.8,32.0,15.6,2023
서울,11,동작구,11590,고,수도여자고등학교,공립,서울특별시 동작구 신대방동,UzAxMDAwMDQ3Nw==,14.4,15.0,31.9,29.9,23.1,22.9,연속↓,6.8,14.7,15.6,32.1,28.7,23.0,22.8,연속↓,5.8,39.9,34.2,17.1,10.1,2023
서울,11,동작구,11590,고,영등포고등학교,공립,서울특별시 동작구 대방동,UzAxMDAwMDQ5Nw==,24.4,19.1,43.2,27.6,21.2,27.1,연속↓,6.4,23.1,19.9,46.8,27.7,19.7,27.4,연속↓,8.0,15.1,11.2,52.6,25.7,2023
서울,11,동작구,11590,고,서울공업고등학교,공립,서울공업고등학교,UzAxMDAwMDU4OA==,23.7,22.9,35.3,31.3,23.0,27.2,연속↓,8.2,23.7,23.1,34.4,31.2,19.5,26.4,연속↓,11.6,60.0,30.0,38.1,25.0,2023
서울,11,동작구,11590,고,성남고등학교,사립,서울특별시 동작구 대방동,UzAxMDAwMDQ2OA==,17.1,14.7,11.0,16.3,16.8,15.2,연속↑,0.6,17.3,13.5,11.1,16.3,16.3,14.9,→보합,0.1,18.1,13.3,26.6,21.3,2021
서울,11,노원구,11350,중,중계중학교,공립,서울특별시 노원구 중계4동,UzAxMDAwMTcyMw==,36.2,32.3,40.7,41.2,46.8,39.4,연속↑,5.7,35.3,31.0,39.9,40.1,45.6,38.4,연속↑,5.5,52.3,55.4,61.1,18.8,2025
서울,11,노원구,11350,중,신상중학교,공립,서울특별시 노원구 상계동,UzAxMDAwMTcxNg==,35.8,25.9,36.6,40.1,43.0,36.3,연속↑,2.9,35.1,25.9,36.1,40.3,44.3,36.3,연속↑,4.0,35.4,62.2,56.4,20.4,2025
서울,11,노원구,11350,중,태랑중학교,공립,서울특별시 노원구 공릉2동,UzAxMDAwMTczMA==,44.2,32.7,43.9,44.9,43.3,41.8,하락,1.6,44.9,32.7,43.7,44.6,43.6,41.9,하락,1.1,51.8,55.5,62.8,17.7,2021
서울,11,노원구,11350,중,불암중학교,공립,서울특별시 노원구 하계동,UzAxMDAwMTcwNg==,40.1,33.3,46.4,44.3,44.4,41.7,반등,0.1,39.3,32.8,46.1,43.6,43.0,41.0,연속↓,0.6,66.2,56.6,52.6,20.4,2023
서울,11,노원구,11350,중,하계중학교,공립,서울 노원구 하계동,UzAxMDAwMTczMQ==,38.1,31.5,36.3,39.0,42.6,37.5,연속↑,3.6,37.8,30.4,35.3,38.4,42.2,36.8,연속↑,3.8,57.2,60.7,55.4,29.0,2025
서울,11,노원구,11350,중,상경중학교,공립,서울특별시 노원구 상계동,UzAxMDAwMTcwNw==,43.4,32.0,38.2,39.2,40.9,38.7,연속↑,1.8,42.7,31.7,38.2,38.8,41.6,38.6,연속↑,2.8,40.1,67.9,59.9,20.4,2021
서울,11,노원구,11350,중,상명중학교,사립,서울특별시 노원구 중계동,UzAxMDAwMTcxMA==,41.1,38.7,43.6,42.2,40.6,41.2,연속↓,1.6,41.7,38.5,42.8,41.0,40.4,40.9,연속↓,0.5,45.4,45.2,47.1,19.5,2023
서울,11,노원구,11350,중,수락중학교,공립,서울특별시 노원구 상계1동,UzAxMDAwMTcxMw==,37.9,38.0,39.5,43.9,41.4,40.1,하락,2.5,38.9,36.0,37.6,43.3,40.2,39.2,하락,3.1,50.9,40.7,54.3,27.9,2024
서울,11,노원구,11350,중,중평중학교,공립,서울특별시 노원구 동일로203길,UzAxMDAwMTcyNQ==,40.6,33.3,51.4,51.1,40.4,43.3,연속↓,10.7,40.6,31.8,51.4,49.6,39.0,42.5,연속↓,10.6,55.3,48.9,52.9,29.8,2023
서울,11,노원구,11350,중,공릉중학교,공립,서울특별시 노원구 공릉2동,UzAxMDAwMTY5Ng==,36.5,21.9,31.0,32.7,37.2,31.8,연속↑,4.4,37.0,21.8,30.5,33.0,37.1,31.9,연속↑,4.1,46.3,42.6,51.1,33.7,2025
서울,11,노원구,11350,중,상계중학교,공립,서울특별시 노원구 상계동,UzAxMDAwMTcwOQ==,44.3,32.3,40.8,40.2,36.8,38.9,연속↓,3.3,45.3,31.7,41.4,41.1,37.0,39.3,연속↓,4.1,34.3,43.3,44.8,28.4,2021
서울,11,노원구,11350,중,청원중학교,사립,서울특별시 노원구 상계동,UzAxMDAwMTcyOQ==,36.6,23.8,37.8,32.7,37.2,33.6,반등,4.5,36.4,23.0,36.9,32.5,36.9,33.1,반등,4.4,44.9,40.0,44.4,30.1,2025
서울,11,노원구,11350,중,을지중학교,공립,서울특별시 노원구 중계1동,UzAxMDAwNTIxMA==,29.4,26.2,30.8,30.1,33.6,30.0,반등,3.4,28.4,25.9,30.1,30.9,33.9,29.8,연속↑,3.0,42.7,44.4,44.9,16.7,2025
서울,11,노원구,11350,중,상원중학교,공립,서울특별시 노원구 상계9동,UzAxMDAwMTcxMQ==,33.2,25.4,35.3,29.0,34.6,31.5,반등,5.5,33.5,25.1,35.7,29.8,33.9,31.6,반등,4.0,45.5,32.5,46.4,37.6,2023
서울,11,노원구,11350,중,광운중학교,사립,서울특별시 노원구 광운로1길,UzAxMDAwMTY5Nw==,29.7,23.1,31.0,32.2,32.2,29.6,→보합,,31.3,22.4,32.1,33.0,33.4,30.4,연속↑,0.3,23.9,50.0,46.0,23.9,2025
서울,11,노원구,11350,중,한천중학교,공립,서울특별시 노원구 공릉2동,UzAxMDAwMTczMg==,37.0,32.5,39.1,38.3,33.0,36.0,연속↓,5.3,36.7,32.3,39.3,38.4,32.3,35.8,연속↓,6.1,44.0,31.9,42.3,33.5,2023
서울,11,노원구,11350,중,월계중학교,공립,서울특별시 노원구 월계동,UzAxMDAwMTcyMA==,36.7,22.4,29.5,39.3,32.8,32.1,하락,6.6,35.9,21.1,29.4,39.4,32.2,31.6,하락,7.2,36.0,40.9,41.0,50.0,2024
서울,11,노원구,11350,중,온곡중학교,공립,서울특별시 노원구 노원로,UzAxMDAwMTcxOQ==,28.5,25.8,33.8,30.6,32.3,30.2,반등,1.7,28.2,25.9,33.7,30.3,31.8,30.0,반등,1.5,33.6,31.1,43.6,33.8,2023
서울,11,노원구,11350,중,상계제일중학교,공립,서울 노원구 중계4동,UzAxMDAwMTcwOA==,32.1,24.8,27.5,34.6,31.9,30.2,하락,2.7,32.1,24.2,27.2,34.7,31.4,29.9,하락,3.3,37.7,34.2,46.9,36.8,2024
서울,11,노원구,11350,중,노일중학교,공립,서울특별시 노원구 상계1동,UzAxMDAwMTcwMA==,41.9,25.7,42.8,39.5,31.1,36.2,연속↓,8.4,40.6,25.0,41.1,38.6,30.1,35.1,연속↓,8.5,33.6,30.0,44.9,40.8,2023
서울,11,노원구,11350,중,노원중학교,공립,서울특별시 노원구 상계6.7동,UzAxMDAwMTY5OQ==,38.1,29.4,38.8,35.4,30.8,34.5,연속↓,4.6,40.3,28.9,38.9,35.3,29.9,34.7,연속↓,5.4,29.7,27.8,50.4,43.1,2021
서울,11,노원구,11350,중,녹천중학교,공립,서울특별시 노원구 월계3동,UzAxMDAwMTcwMQ==,28.7,22.7,33.8,29.2,30.3,28.9,반등,1.2,28.2,22.3,33.0,27.7,29.5,28.1,반등,1.8,37.1,37.4,47.4,46.4,2023
서울,11,노원구,11350,중,중원중학교,공립,서울특별시 노원구 중계2.3동,UzAxMDAwMTcyNA==,35.4,25.4,34.7,35.5,26.8,31.6,하락,8.7,35.8,25.3,34.5,35.7,26.8,31.6,하락,8.9,35.2,38.5,43.3,51.9,2021
서울,11,노원구,11350,중,신창중학교,공립,서울 노원구 월계로45길,UzAxMDAwMTcxNw==,27.0,24.3,26.5,21.5,24.8,24.8,반등,3.4,26.8,23.9,26.5,21.7,25.0,24.8,반등,3.4,26.0,38.5,35.4,44.3,2021
서울,11,노원구,11350,중,재현중학교,사립,서울특별시 노원구 덕릉로82길,UzAxMDAwMTcyMQ==,26.3,19.7,23.5,27.6,24.8,24.4,하락,2.8,26.4,18.6,22.7,26.7,23.4,23.5,하락,3.2,42.4,24.7,36.1,56.5,2024
서울,11,노원구,11350,중,염광중학교,사립,서울특별시 노원구 월계동,UzAxMDAwMTcxOA==,31.3,19.6,24.4,22.0,23.5,24.1,반등,1.5,31.0,18.4,25.3,21.8,23.3,24.0,반등,1.6,29.8,24.5,34.5,43.0,2021
서울,11,노원구,11350,고,서라벌고등학교,사립,서울특별시 노원구 중계동,UzAxMDAwMDQ1NA==,32.8,21.0,23.6,27.1,46.9,30.3,연속↑,19.8,34.3,19.5,24.1,27.5,46.4,30.4,연속↑,18.9,45.7,48.2,67.9,0.4,2025
서울,11,노원구,11350,고,대진여자고등학교,사립,서울특별시 노원구 중계동,UzAxMDAwMDQxNQ==,28.6,26.9,47.6,65.6,43.7,42.5,하락,21.9,29.8,26.4,48.5,65.0,43.3,42.6,하락,21.7,47.5,59.9,48.7,4.5,2024
서울,11,노원구,11350,고,상명고등학교,사립,서울특별시 노원구 중계동,UzAxMDAwMDQ1MQ==,20.2,18.2,16.2,17.1,42.6,22.9,연속↑,25.6,20.8,18.2,16.6,17.3,41.5,22.9,연속↑,24.2,71.9,42.9,31.8,4.1,2025
서울,11,노원구,11350,고,영신여자고등학교,사립,서울특별시 노원구 중계본동,UzAxMDAwMDUwMg==,55.3,46.3,44.1,40.5,36.4,44.5,연속↓,4.1,53.1,45.1,45.4,39.4,38.1,44.2,연속↓,1.3,29.0,73.3,55.7,4.3,2021
서울,11,노원구,11350,고,용화여자고등학교,사립,서울특별시 노원구 동일로,UzAxMDAwMDUxMg==,19.7,30.1,28.1,49.1,38.5,33.1,하락,10.7,19.9,29.5,28.0,48.4,38.0,32.8,하락,10.5,37.1,50.9,55.0,,2024
서울,11,노원구,11350,고,청원여자고등학교,사립,서울특별시 노원구 상계동,UzAxMDAwMDU0NQ==,27.1,30.3,40.5,23.3,37.2,31.7,반등,13.9,27.1,30.7,36.4,21.2,34.5,30.0,반등,13.3,50.6,24.9,58.2,4.2,2023
서울,11,노원구,11350,고,한국삼육고등학교,사립,서울특별시 노원구 공릉동,UzAxMDAwMDU1Mg==,16.5,28.5,23.2,32.8,33.1,26.8,연속↑,0.3,15.9,30.1,23.3,33.4,32.7,27.1,하락,0.7,37.8,40.6,42.3,8.7,2024
서울,11,노원구,11350,고,재현고등학교,사립,서울특별시 노원구 중계동,UzAxMDAwMDUyNw==,22.0,17.9,14.7,12.9,29.2,19.3,반등,16.3,20.1,18.2,15.4,12.5,29.8,19.2,반등,17.3,33.9,36.6,24.2,15.9,2025
서울,11,노원구,11350,고,대진고등학교,사립,서울특별시 노원구 하계동,UzAxMDAwMDQxNA==,15.0,21.3,17.1,35.5,30.1,23.8,하락,5.3,15.5,21.1,17.4,35.9,29.3,23.8,하락,6.6,45.7,39.1,34.0,0.4,2024
서울,11,노원구,11350,고,청원고등학교,사립,서울특별시 노원구 상계9동,UzAxMDAwMDU0NA==,21.7,29.8,18.9,23.0,27.4,24.2,연속↑,4.4,21.4,28.5,17.9,21.8,28.1,23.5,연속↑,6.3,26.8,33.2,30.2,1.6,2022
서울,11,노원구,11350,고,불암고등학교,공립,서울특별시 노원구 중계동,UzAxMDAwNTI2Mw==,25.9,17.9,29.1,31.0,26.4,26.1,하락,4.6,24.3,17.5,28.4,31.1,26.2,25.5,하락,4.9,40.9,43.8,40.9,3.8,2024
서울,11,노원구,11350,고,미래산업과학고등학교,사립,서울특별시 노원구 중계4동,UzAxMDAwMDU4Nw==,11.3,11.1,16.1,7.5,26.7,14.5,반등,19.3,10.8,11.4,15.2,7.7,25.3,14.1,반등,17.6,64.1,48.7,24.3,32.4,2025
서울,11,노원구,11350,고,노원고등학교,공립,서울특별시 노원구 상계8동,UzAxMDAwMDQwNA==,22.8,12.8,29.6,29.6,25.4,24.0,하락,4.3,24.5,13.9,30.2,27.7,24.7,24.2,연속↓,3.0,30.5,23.1,37.1,12.8,2023
서울,11,노원구,11350,고,영신간호비즈니스고등학교,사립,서울특별시 노원구 중계동,UzAxMDAwMDYxOQ==,16.9,18.0,17.4,10.5,24.8,17.5,반등,14.3,17.6,18.3,16.6,9.7,24.6,17.4,반등,14.8,43.9,25.7,22.0,2.7,2025
서울,11,노원구,11350,고,상계고등학교,공립,서울특별시 노원구 상계6.7동,UzAxMDAwMDQ0OQ==,14.1,20.1,21.6,31.2,24.4,22.3,하락,6.9,13.3,19.5,20.2,32.0,23.4,21.7,하락,8.6,37.9,18.0,21.5,9.6,2024
서울,11,노원구,11350,고,혜성여자고등학교,사립,서울특별시 노원구 하계동,UzAxMDAwMDU2MA==,45.8,44.2,38.1,32.2,23.4,36.7,연속↓,8.9,44.9,43.0,35.7,32.9,23.2,35.9,연속↓,9.7,19.1,22.4,33.7,3.7,2021
서울,11,노원구,11350,고,염광고등학교,사립,서울특별시 노원구 월계동,UzAxMDAwMDQ5NA==,19.8,18.7,21.9,17.1,22.8,20.0,반등,5.7,19.5,19.6,22.5,18.0,23.0,20.5,반등,5.0,26.1,42.2,47.1,33.3,2025
서울,11,노원구,11350,고,수락고등학교,공립,서울특별시 노원구 상계1동,UzAxMDAwMDQ3OA==,21.7,28.7,33.0,30.6,20.7,26.9,연속↓,9.9,22.1,26.8,32.7,30.2,21.8,26.7,연속↓,8.4,22.9,39.3,18.7,5.9,2023
서울,11,노원구,11350,고,서울아이티고등학교,사립,서울아이티고등학교,UzAxMDAwMDU5OQ==,7.6,11.4,10.5,6.7,14.3,10.1,반등,7.7,7.7,11.6,10.8,7.5,15.2,10.5,반등,7.7,8.6,20.4,15.5,14.8,2025
서울,11,노원구,11350,고,인덕과학기술고등학교,사립,서울특별시 노원구 월계동,UzAxMDAwMDYwMA==,9.2,11.0,10.8,8.7,14.2,10.8,반등,5.6,9.4,10.9,11.1,8.9,14.0,10.8,반등,5.1,18.1,13.5,15.8,61.3,2025
서울,11,노원구,11350,고,월계고등학교,공립,서울특별시 노원구 월계동,UzAxMDAwNTI2Mg==,23.7,16.5,19.1,14.6,13.8,17.5,연속↓,0.8,23.4,17.6,20.9,15.9,13.6,18.3,연속↓,2.3,11.3,13.1,18.3,31.4,2021
서울,11,노원구,11350,고,광운인공지능고등학교,사립,서울특별시 노원구 광운로1길,UzAxMDAwMDU4MA==,10.0,7.1,10.6,7.2,12.3,9.5,반등,5.1,9.9,7.1,10.1,7.0,12.2,9.3,반등,5.2,17.2,12.9,13.9,54.0,2025
서울,11,노원구,11350,고,서울동산고등학교,사립,서울동산고등학교,UzAxMDAwMDY1MQ==,13.7,14.7,11.1,7.7,11.1,11.7,반등,3.4,13.7,14.5,10.8,7.7,11.5,11.6,반등,3.8,10.5,14.3,10.3,5.5,2022
서울,11,노원구,11350,고,염광메디텍고등학교,사립,서울 노원구 월계2동,UzAxMDAwMDY0OQ==,8.6,6.1,6.7,8.2,10.3,8.0,연속↑,2.1,8.5,6.1,6.6,7.8,9.6,7.7,연속↑,1.9,14.3,6.0,19.4,44.9,2025
서울,11,노원구,11350,고,경기기계공업고등학교,공립,경기기계공업고등학교,UzAxMDAwMDU3OQ==,,7.6,9.4,10.1,12.3,9.8,연속↑,2.2,,6.9,8.6,9.1,9.5,8.5,연속↑,0.4,7.9,14.3,20.1,42.9,2025
서울,11,영등포구,11560,중,여의도중학교,공립,서울특별시 영등포구 여의도동,UzAxMDAwMTE4Ng==,41.6,31.7,41.4,44.2,40.8,39.9,하락,3.3,41.5,31.1,40.2,43.8,39.8,39.3,하락,4.0,49.0,46.9,58.1,30.4,2024
서울,11,영등포구,11560,중,문래중학교,공립,서울특별시 영등포구 문래동6가,UzAxMDAwMTE3Nw==,43.6,28.3,38.4,39.3,39.4,37.8,연속↑,0.1,44.5,27.9,37.6,39.4,39.2,37.7,하락,0.3,36.4,47.0,51.9,28.6,2021
서울,11,영등포구,11560,중,신길중학교,공립,서울특별시 영등포구 신길로28길,UzAxMDAwNjQwMg==,42.8,32.0,43.9,40.3,40.1,39.8,연속↓,0.2,44.1,32.2,42.8,39.6,39.0,39.5,연속↓,0.5,45.8,45.9,62.2,27.8,2021
서울,11,영등포구,11560,중,당산서중학교,공립,서울특별시 영등포구 당산동5가,UzAxMDAwMTE3Mg==,37.1,31.3,36.5,35.6,37.9,35.7,반등,2.3,37.2,31.6,36.2,35.5,38.0,35.7,반등,2.5,36.0,53.9,53.9,27.4,2025
서울,11,영등포구,11560,중,윤중중학교,공립,서울특별시 영등포구 여의도동,UzAxMDAwMTE5NQ==,38.5,26.8,36.0,37.3,37.9,35.3,연속↑,0.6,38.5,25.7,35.8,36.5,36.9,34.7,연속↑,0.4,46.1,35.2,53.4,32.0,2021
서울,11,영등포구,11560,중,선유중학교,공립,서울특별시 영등포구 양평동3가,UzAxMDAwMTE4NA==,44.8,28.9,36.8,33.4,37.8,36.4,반등,4.4,43.5,28.6,36.5,32.3,36.2,35.4,반등,3.9,64.1,29.8,57.3,33.9,2021
서울,11,영등포구,11560,중,당산중학교,공립,서울특별시 영등포구 당산동6가,UzAxMDAwMTE3Mw==,33.7,20.7,33.2,39.5,34.7,32.4,하락,4.8,33.9,20.5,32.7,39.7,35.6,32.5,하락,4.1,46.0,51.4,37.0,28.3,2024
서울,11,영등포구,11560,중,대영중학교,공립,서울특별시 영등포구 신길동,UzAxMDAwMTE3NQ==,30.0,24.2,24.2,31.5,35.1,29.0,연속↑,3.6,30.2,24.2,25.0,31.4,35.6,29.3,연속↑,4.2,34.5,45.8,56.5,27.0,2025
서울,11,영등포구,11560,중,양화중학교,공립,서울특별시 영등포구 당산로,UzAxMDAwMTE4NQ==,47.0,32.8,42.8,41.5,33.5,39.5,연속↓,8.0,47.1,32.2,43.1,41.9,34.4,39.7,연속↓,7.5,30.0,49.3,38.8,26.6,2021
서울,11,영등포구,11560,중,대림중학교,공립,서울특별시 영등포구 대림동,UzAxMDAwMTE3NA==,26.9,23.4,30.2,22.7,28.2,26.3,반등,5.5,28.2,23.5,30.2,22.4,27.6,26.4,반등,5.2,42.1,28.6,36.5,38.6,2023
서울,11,영등포구,11560,중,영원중학교,공립,서울특별시 영등포구 영등포동,UzAxMDAwMTE5MA==,33.1,24.1,28.2,27.9,26.6,28.0,연속↓,1.3,33.0,23.4,28.0,28.5,26.0,27.8,하락,2.5,19.6,29.0,50.9,44.5,2021
서울,11,영등포구,11560,중,영남중학교,공립,서울특별시 영등포구 대림동,UzAxMDAwMTE4Nw==,22.0,20.8,32.2,25.7,21.5,24.5,연속↓,4.2,22.3,20.2,32.2,25.0,20.9,24.1,연속↓,4.1,36.4,20.7,38.8,51.7,2023
서울,11,영등포구,11560,고,여의도고등학교,공립,서울 영등포구 여의도동,UzAxMDAwMDQ5Mg==,13.8,31.2,27.6,38.4,39.3,30.0,연속↑,1.0,14.8,32.5,27.8,36.2,38.7,30.0,연속↑,2.4,54.4,45.1,43.0,11.0,2025
서울,11,영등포구,11560,고,대영고등학교,공립,서울 영등포구 신길5동,UzAxMDAwMDQxMA==,23.7,19.2,32.6,25.2,34.3,27.0,반등,9.2,22.1,18.1,34.0,26.1,34.4,26.9,반등,8.3,57.6,35.6,33.2,0.4,2025
서울,11,영등포구,11560,고,선유고등학교,공립,서울특별시 영등포구 양평동4가,UzAxMDAwNTI2MQ==,28.5,19.0,44.3,29.6,31.5,30.5,반등,1.9,27.4,17.9,42.6,26.9,31.8,29.3,반등,4.9,42.4,35.1,30.5,19.8,2023
서울,11,영등포구,11560,고,한강미디어고등학교,공립,서울특별시 영등포구 선유로55길,UzAxMDAwMDU1MA==,7.4,6.0,20.9,19.9,33.5,17.5,반등,13.6,7.6,6.3,21.4,19.5,31.4,17.2,반등,11.9,35.0,22.5,51.3,7.5,2025
서울,11,영등포구,11560,고,장훈고등학교,사립,서울특별시 영등포구 신길동,UzAxMDAwMDUyNg==,33.7,44.2,31.1,33.3,29.9,34.4,하락,3.4,34.8,43.6,31.2,32.2,29.5,34.3,하락,2.7,30.4,32.1,36.7,13.3,2022
서울,11,영등포구,11560,고,여의도여자고등학교,공립,서울특별시 영등포구 여의도동,UzAxMDAwMDQ5Mw==,18.6,20.6,31.7,41.7,30.4,28.6,하락,11.3,19.8,19.6,31.4,40.0,29.3,28.0,하락,10.8,45.6,31.9,36.9,0.7,2024
서울,11,영등포구,11560,고,관악고등학교,공립,서울특별시 영등포구 양평동2가,UzAxMDAwMDM5MA==,21.4,18.6,19.2,16.5,25.3,20.2,반등,8.8,24.2,19.6,17.9,15.7,27.2,20.9,반등,11.4,25.8,55.8,16.1,3.7,2025
서울,11,영등포구,11560,고,영등포여자고등학교,공립,서울특별시 영등포구 신길동,UzAxMDAwMDQ5OA==,15.9,13.9,22.2,50.0,28.0,26.0,하락,22.0,16.2,12.6,21.2,48.6,27.0,25.1,하락,21.6,60.6,28.3,28.3,10.3,2024
서울,11,영등포구,11560,고,영신고등학교,공립,서울 영등포구 신길동,UzAxMDAwMDUwMQ==,26.0,17.4,29.3,23.9,17.4,22.8,연속↓,6.5,26.7,16.9,28.4,23.5,17.3,22.5,연속↓,6.2,21.7,20.1,19.0,2.1,2023
서울,11,송파구,11710,중,오륜중학교,공립,서울특별시 송파구 오륜동,UzAxMDAwMDg4NA==,40.9,36.4,48.2,47.7,52.3,45.1,반등,4.6,41.0,35.8,47.1,45.1,51.7,44.1,반등,6.6,63.3,60.1,57.0,15.2,2025
서울,11,송파구,11710,중,해누리중학교,공립,서울특별시 송파구 송파대로37길,UzAxMDAwNjQzNA==,53.5,36.0,45.9,48.9,51.4,47.1,연속↑,2.5,54.3,35.7,45.4,47.3,51.1,46.8,연속↑,3.8,60.0,54.5,56.7,18.9,2021
서울,11,송파구,11710,중,잠실중학교,공립,서울특별시 송파구 신천동,UzAxMDAwMDg4OA==,38.2,27.9,45.2,52.1,49.8,42.6,하락,2.3,37.6,26.9,44.5,50.1,48.0,41.4,하락,2.0,70.1,45.5,67.6,15.8,2024
서울,11,송파구,11710,중,가원중학교,공립,서울특별시 송파구 가락동,UzAxMDAwMDg1Nw==,41.4,29.7,43.1,43.3,47.6,41.0,연속↑,4.3,41.4,29.7,43.3,44.3,47.5,41.2,연속↑,3.2,56.3,53.6,52.0,26.0,2025
서울,11,송파구,11710,중,정신여자중학교,사립,서울특별시 송파구 잠실동,UzAxMDAwMDg4OQ==,42.5,29.6,50.1,47.8,47.6,43.5,연속↓,0.2,41.7,28.4,49.2,46.4,46.5,42.4,반등,0.2,49.3,47.8,63.3,15.9,2023
서울,11,송파구,11710,중,잠신중학교,공립,서울특별시 송파구 잠실동,UzAxMDAwMDg4Nw==,37.2,33.7,45.8,40.1,44.0,40.1,반등,3.9,36.7,32.1,43.3,39.4,43.1,38.9,반등,3.7,57.4,50.6,61.0,31.7,2023
서울,11,송파구,11710,중,신천중학교,공립,서울특별시 송파구 잠실동,UzAxMDAwMDg4MA==,48.3,35.2,41.3,49.1,44.0,43.6,하락,5.1,46.8,34.7,40.5,47.5,42.1,42.3,하락,5.3,60.1,35.8,73.6,19.3,2024
서울,11,송파구,11710,중,가락중학교,공립,서울특별시 송파구 송이로,UzAxMDAwMDg1Ng==,41.5,29.0,35.7,36.7,40.5,36.7,연속↑,3.8,41.7,28.4,34.9,36.3,40.2,36.3,연속↑,3.9,43.5,41.7,57.6,22.5,2021
서울,11,송파구,11710,중,송파중학교,공립,서울특별시 송파구 가락2동,UzAxMDAwMDg3Nw==,36.7,26.2,36.5,34.9,37.2,34.3,반등,2.3,37.1,26.5,35.5,34.1,37.2,34.1,반등,3.2,44.3,44.1,50.6,27.6,2025
서울,11,송파구,11710,중,석촌중학교,공립,서울특별시 송파구 가락동,UzAxMDAwMDg3Mw==,27.4,30.0,40.4,35.7,37.0,34.1,반등,1.3,28.1,30.3,39.9,35.6,36.9,34.1,반등,1.2,49.6,42.1,40.4,34.8,2023
서울,11,송파구,11710,중,풍납중학교,공립,서울특별시 송파구 풍납2동,UzAxMDAwMDg5Mg==,29.3,26.4,28.7,32.0,36.4,30.5,연속↑,4.4,29.0,26.4,28.8,31.7,36.7,30.5,연속↑,5.1,35.2,57.4,48.1,38.9,2025
서울,11,송파구,11710,중,보성중학교,사립,서울특별시 송파구 양재대로,UzAxMDAwMDg3MA==,44.8,27.2,42.4,42.4,35.5,38.5,하락,7.0,44.0,27.0,41.1,41.6,35.1,37.8,하락,6.5,56.5,42.9,35.9,23.5,2021
서울,11,송파구,11710,중,송례중학교,공립,서울특별시 송파구 위례순환로,UzAxMDAwNjA0MQ==,40.3,32.7,35.0,33.4,35.0,35.3,반등,1.6,40.3,32.5,34.5,32.3,33.9,34.7,반등,1.7,42.7,40.4,41.8,30.9,2021
서울,11,송파구,11710,중,위례솔중학교,공립,서울특별시 송파구 거여동,UzAxMDAwNTU5Mw==,,36.8,42.7,33.1,33.3,36.5,반등,0.2,,36.1,41.6,31.7,32.9,35.6,반등,1.2,47.1,36.5,39.2,29.5,2023
서울,11,송파구,11710,중,영파여자중학교,사립,서울특별시 송파구 풍납동,UzAxMDAwMDg4Mg==,30.1,26.6,21.7,22.1,32.6,26.6,연속↑,10.5,31.6,25.3,21.9,20.9,31.9,26.3,반등,11.0,40.7,34.9,43.8,38.4,2025
서울,11,송파구,11710,중,오주중학교,공립,서울특별시 송파구 오금동,UzAxMDAwMDg4NQ==,24.9,24.7,30.3,27.4,32.6,28.0,반등,5.2,25.2,24.2,30.2,26.7,31.5,27.6,반등,4.9,35.0,26.9,43.8,47.5,2025
서울,11,송파구,11710,중,문정중학교,공립,서울특별시 송파구 문정동,UzAxMDAwMDg2NQ==,40.1,27.2,33.8,32.2,32.3,33.1,반등,0.1,38.3,26.4,33.2,31.0,31.2,32.0,반등,0.2,47.3,32.3,41.7,40.8,2021
서울,11,송파구,11710,중,문현중학교,공립,서울특별시 송파구 장지동,UzAxMDAwNTUyMA==,39.9,28.3,28.8,36.3,31.4,32.9,하락,4.9,39.4,27.7,29.0,35.8,30.3,32.5,하락,5.5,48.1,33.0,41.4,35.4,2021
서울,11,송파구,11710,중,세륜중학교,공립,서울특별시 송파구 오금동,UzAxMDAwMDg3Ng==,25.9,23.7,34.0,35.8,29.5,29.8,하락,6.2,25.9,23.5,34.0,36.1,30.0,29.9,하락,6.1,35.5,40.8,42.7,22.5,2024
서울,11,송파구,11710,중,오금중학교,공립,서울 송파구 오금동,UzAxMDAwMDg4Mw==,22.7,22.2,32.2,33.7,30.6,28.3,하락,3.1,23.5,21.8,31.5,32.4,29.8,27.8,하락,2.6,37.6,37.4,50.9,38.0,2024
서울,11,송파구,11710,중,거원중학교,공립,서울특별시 송파구 거여2동,UzAxMDAwMDg1OQ==,36.0,25.0,33.3,34.6,30.1,31.8,하락,4.5,36.5,24.5,33.9,34.4,29.7,31.8,하락,4.7,47.0,41.7,34.9,29.5,2021
서울,11,송파구,11710,중,배명중학교,사립,서울특별시 송파구 삼전동,UzAxMDAwMDg2OA==,30.2,25.0,27.9,32.0,29.0,28.8,하락,3.0,29.4,24.4,28.1,31.4,28.7,28.4,하락,2.7,24.4,39.6,45.0,42.5,2024
서울,11,송파구,11710,중,방산중학교,공립,서울특별시 송파구 방이동,UzAxMDAwMDg2Ng==,43.1,29.1,34.2,37.7,28.2,34.5,하락,9.5,43.2,29.0,32.7,38.1,27.6,34.1,하락,10.5,62.3,35.8,21.5,36.2,2021
서울,11,송파구,11710,중,풍성중학교,공립,서울특별시 송파구 풍납2동,UzAxMDAwMDg5Mw==,36.8,30.9,36.8,30.5,26.4,32.3,연속↓,4.2,37.5,30.5,36.9,30.2,26.0,32.2,연속↓,4.2,48.5,33.7,26.7,31.8,2021
서울,11,송파구,11710,중,방이중학교,공립,서울특별시 송파구 방이동,UzAxMDAwMDg2Nw==,23.2,21.1,31.3,33.3,25.9,26.9,하락,7.4,24.1,21.4,31.3,33.5,25.5,27.2,하락,8.0,35.2,36.5,37.5,38.5,2024
서울,11,송파구,11710,중,잠실여자중학교,사립,서울 송파구 송파동,UzAxMDAwMDg4Ng==,47.6,28.3,32.1,32.7,25.8,33.3,하락,6.9,48.3,27.4,31.5,30.8,24.2,32.4,연속↓,6.6,34.1,17.1,41.7,43.9,2021
서울,11,송파구,11710,중,아주중학교,공립,서울특별시 송파구 잠실동,UzAxMDAwMDg4MQ==,32.1,28.1,27.2,23.3,22.6,26.6,연속↓,0.7,31.7,27.8,26.9,22.5,22.1,26.2,연속↓,0.5,34.2,20.7,28.4,35.8,2021
서울,11,송파구,11710,중,서울체육중학교,공립,서울체육중학교,UzAxMDAwNDA1OA==,23.2,18.3,24.6,21.7,20.6,21.7,연속↓,1.1,23.1,18.0,23.9,22.1,20.9,21.6,연속↓,1.2,30.8,32.7,19.6,31.7,2023
서울,11,송파구,11710,중,보인중학교,사립,서울특별시 송파구 오금동,UzAxMDAwMDg3MQ==,19.9,22.2,16.6,18.9,17.3,19.0,하락,1.6,20.5,21.9,16.4,19.1,16.3,18.8,하락,2.8,15.9,14.1,35.5,43.7,2022
서울,11,송파구,11710,고,보인고등학교,사립,서울특별시 송파구 오금동,UzAxMDAwMDY0MA==,18.3,,40.6,38.4,74.0,42.8,반등,35.6,19.0,,42.6,39.4,74.0,43.8,반등,34.6,84.9,83.4,72.2,,2025
서울,11,송파구,11710,고,잠실여자고등학교,사립,서울특별시 송파구 송파동,UzAxMDAwMDUyNA==,23.3,27.9,32.4,24.7,38.0,29.3,반등,13.4,22.9,27.0,32.5,23.6,37.3,28.7,반등,13.7,45.0,34.7,56.9,12.1,2025
서울,11,송파구,11710,고,방산고등학교,공립,서울특별시 송파구 방이동,UzAxMDAwNTE4Mg==,25.3,35.6,24.6,23.6,29.7,27.8,반등,6.1,26.0,35.4,25.8,24.4,31.5,28.6,반등,7.1,42.1,63.9,20.7,4.0,2022
서울,11,송파구,11710,고,문정고등학교,공립,서울특별시 송파구 송이로34길,UzAxMDAwNTQ5OA==,23.0,35.4,26.9,23.4,32.2,28.2,반등,8.8,22.1,34.9,27.7,23.9,31.4,28.0,반등,7.6,45.5,33.5,38.1,1.6,2022
서울,11,송파구,11710,고,잠실고등학교,공립,서울특별시 송파구 신천동,UzAxMDAwMDUyMw==,27.8,26.1,37.2,19.9,32.4,28.7,반등,12.5,27.6,26.1,33.1,19.9,31.0,27.5,반등,11.1,48.4,25.2,32.9,2.6,2023
서울,11,송파구,11710,고,잠신고등학교,공립,서울특별시 송파구 잠실2동,UzAxMDAwMDUyMg==,30.3,25.7,27.9,38.7,29.3,30.4,하락,9.4,31.6,24.5,26.3,38.2,28.3,29.8,하락,9.8,41.0,29.5,38.2,15.7,2024
서울,11,송파구,11710,고,덕수고등학교,공립,서울특별시 송파구 위례북로,UzAxMDAwMDYzNg==,15.0,,,27.8,27.5,23.5,하락,0.3,15.4,,,27.1,28.0,23.5,상승,1.0,24.7,45.1,28.1,11.4,2025
서울,11,송파구,11710,고,문현고등학교,공립,서울특별시 송파구 장지동,UzAxMDAwNTUyNA==,18.9,31.6,22.0,27.9,29.3,25.9,연속↑,1.4,18.7,31.2,20.4,27.5,27.8,25.1,연속↑,0.2,54.2,20.5,35.3,10.7,2022
서울,11,송파구,11710,고,배명고등학교,사립,서울특별시 송파구 삼전동,UzAxMDAwMDQ0MQ==,23.7,26.8,28.3,44.6,28.2,30.3,하락,16.4,25.7,27.7,31.9,45.7,26.7,31.5,하락,19.0,46.6,21.8,27.7,18.3,2024
서울,11,송파구,11710,고,잠일고등학교,공립,서울특별시 송파구 잠실동,UzAxMDAwNTU2Ng==,17.1,22.0,36.7,25.4,27.2,25.7,반등,1.8,17.3,22.7,35.8,24.1,26.4,25.2,반등,2.3,23.7,22.9,52.4,9.8,2023
서울,11,송파구,11710,고,가락고등학교,공립,서울특별시 송파구 송파동,UzAxMDAwMDM3MA==,14.2,18.0,28.5,25.1,25.9,22.3,반등,0.8,13.5,17.6,26.7,24.3,25.2,21.4,반등,0.9,31.4,25.1,32.5,17.7,2023
서울,11,송파구,11710,고,보성고등학교,사립,서울특별시 송파구 양재대로,UzAxMDAwMDQ0Ng==,22.9,25.4,23.3,20.5,23.7,23.2,반등,3.2,24.1,26.5,22.7,21.0,25.1,23.9,반등,4.0,21.7,45.0,18.7,11.7,2022
서울,11,송파구,11710,고,영파여자고등학교,사립,서울특별시 송파구 풍납동,UzAxMDAwMDUwNA==,14.2,19.1,15.1,30.4,24.9,20.8,하락,5.5,14.4,19.2,15.1,31.6,24.5,20.9,하락,7.1,16.5,26.2,38.6,4.5,2024
서울,11,송파구,11710,고,정신여자고등학교,사립,서울특별시 송파구 잠실동,UzAxMDAwMDUyOA==,19.0,19.8,25.7,29.4,24.1,23.6,하락,5.2,19.5,21.0,27.3,34.1,22.9,25.0,하락,11.2,36.7,18.0,29.5,4.2,2024
서울,11,송파구,11710,고,오금고등학교,공립,서울특별시 송파구 오금동,UzAxMDAwMDUwNw==,23.6,15.4,17.1,24.2,21.8,20.4,하락,2.4,22.6,15.4,16.6,23.8,22.4,20.2,하락,1.4,16.0,29.5,26.5,12.4,2024
서울,11,송파구,11710,고,창덕여자고등학교,공립,서울특별시 송파구 방이2동,UzAxMDAwMDUzOQ==,25.6,30.7,34.0,22.1,22.4,27.0,반등,0.3,25.8,29.6,33.5,21.4,21.8,26.4,반등,0.5,26.1,18.7,33.7,2.1,2023
서울,11,송파구,11710,고,일신여자상업고등학교,사립,서울 송파구 송파2동,UzAxMDAwMDYxMg==,27.0,,19.9,15.8,20.4,20.8,반등,4.5,26.5,,19.7,15.3,19.7,20.3,반등,4.4,25.4,16.2,22.5,13.3,2021
서울,11,송파구,11710,고,서울인공지능고등학교,공립,서울인공지능고등학교,UzAxMDAwMDU5Mw==,9.2,7.6,9.4,12.2,20.3,11.7,연속↑,8.1,9.3,7.6,10.3,12.6,19.5,11.9,연속↑,6.9,19.5,16.1,30.0,25.3,2025
서울,11,송파구,11710,고,영동일고등학교,사립,서울특별시 송파구 잠실동,UzAxMDAwMDQ5Ng==,21.7,23.5,22.6,22.5,18.7,21.8,연속↓,3.9,22.1,23.6,23.5,22.8,19.2,22.2,연속↓,3.6,14.8,37.6,26.1,29.2,2022
서울,11,송파구,11710,고,서울체육고등학교,공립,서울체육고등학교,UzAxMDAwMDQ2MQ==,18.9,14.7,23.5,29.2,17.1,20.7,하락,12.2,18.5,14.1,22.1,27.6,16.2,19.7,하락,11.4,16.4,11.8,28.6,51.3,2024
서울,11,강동구,11740,중,한영중학교,사립,서울특별시 강동구 상일동,UzAxMDAwMDg5Ng==,47.8,32.9,55.4,50.2,52.1,47.7,반등,1.8,46.4,32.6,54.6,49.4,50.6,46.7,반등,1.3,72.0,49.6,67.8,22.9,2023
서울,11,강동구,11740,중,상일중학교,사립,서울 강동구 상일동,UzAxMDAwMDg3Mg==,33.1,29.3,42.5,43.8,43.7,38.5,하락,0.1,33.8,28.8,40.9,42.4,42.2,37.6,하락,0.2,62.0,37.9,54.8,17.9,2024
서울,11,강동구,11740,중,강일중학교,공립,서울특별시 강동구 암사3동,UzAxMDAwMDg1OA==,46.8,39.7,49.2,44.4,41.5,44.3,연속↓,3.0,46.7,38.9,49.2,44.8,41.8,44.3,연속↓,3.0,52.3,44.7,39.6,27.2,2023
서울,11,강동구,11740,중,성덕여자중학교,사립,서울특별시 강동구 천호동,UzAxMDAwMDg3NQ==,29.1,29.7,46.5,36.5,40.7,36.5,반등,4.2,29.0,28.0,45.7,35.2,41.0,35.8,반등,5.8,47.6,46.5,44.2,29.2,2023
서울,11,강동구,11740,중,둔촌중학교,공립,서울특별시 강동구 둔촌2동,UzAxMDAwMDg2Mw==,29.0,24.6,25.4,26.8,40.2,29.2,연속↑,13.4,29.8,25.4,25.1,27.2,40.1,29.5,연속↑,13.0,50.6,46.3,46.0,32.1,2025
서울,11,강동구,11740,중,배재중학교,사립,서울특별시 강동구 고덕동,UzAxMDAwMDg2OQ==,26.6,26.2,30.7,39.6,40.5,32.7,연속↑,0.9,25.7,25.4,30.0,37.2,39.2,31.5,연속↑,2.0,59.6,38.1,52.7,35.6,2025
서울,11,강동구,11740,중,한산중학교,공립,서울특별시 강동구 둔촌2동,UzAxMDAwMDg5NQ==,27.0,23.1,24.5,26.6,36.2,27.5,연속↑,9.6,25.6,22.0,24.4,26.1,35.3,26.7,연속↑,9.1,39.2,36.6,52.4,27.0,2025
서울,11,강동구,11740,중,고덕중학교,공립,서울 강동구 고덕동,UzAxMDAwMDg2MA==,30.6,30.5,33.5,38.9,35.6,33.8,하락,3.3,29.3,30.1,33.9,38.0,34.6,33.2,하락,3.4,53.1,37.1,51.8,24.6,2024
서울,11,강동구,11740,중,성내중학교,공립,서울 강동구 성내1동,UzAxMDAwMDg3NA==,28.3,24.6,32.6,36.5,34.7,31.3,하락,1.8,26.9,23.7,31.7,35.3,34.4,30.4,하락,0.9,45.4,34.5,43.4,30.7,2024
서울,11,강동구,11740,중,명일중학교,공립,서울특별시 강동구 고덕1동,UzAxMDAwMDg2NA==,30.1,21.6,30.4,33.3,33.2,29.7,하락,0.1,30.4,21.9,31.4,33.4,33.6,30.1,연속↑,0.2,38.9,42.6,42.9,22.4,2025
서울,11,강동구,11740,중,신암중학교,공립,서울 강동구 암사3동,UzAxMDAwMDg3OQ==,26.8,27.6,35.6,34.3,32.2,31.3,연속↓,2.1,28.4,26.9,36.2,34.5,32.0,31.6,연속↓,2.5,41.5,37.5,36.5,35.2,2023
서울,11,강동구,11740,중,신명중학교,공립,서울특별시 강동구 길2동,UzAxMDAwMDg3OA==,34.3,25.2,34.1,34.7,31.4,31.9,하락,3.3,34.1,25.0,34.0,34.5,31.2,31.8,하락,3.3,35.4,45.1,39.0,37.9,2024
서울,11,강동구,11740,중,동신중학교,사립,서울특별시 강동구 천호동,UzAxMDAwMDg2Mg==,24.0,17.6,23.1,27.7,31.3,24.8,연속↑,3.6,25.2,17.2,23.6,28.5,31.0,25.1,연속↑,2.5,34.5,35.3,53.5,39.2,2025
서울,11,강동구,11740,중,동북중학교,사립,서울특별시 강동구 둔촌1동,UzAxMDAwMDg2MQ==,19.0,25.0,17.8,19.5,29.2,22.1,연속↑,9.7,18.9,24.2,17.4,19.8,29.9,22.0,연속↑,10.1,53.1,42.1,33.8,34.5,2025
서울,11,강동구,11740,중,강명중학교,공립,서울특별시 강동구 강일동,UzAxMDAwNTUyNg==,35.8,22.2,27.0,23.5,25.3,26.7,반등,1.8,37.4,21.9,27.4,23.0,25.4,27.0,반등,2.5,28.5,38.9,28.8,36.9,2021
서울,11,강동구,11740,중,천일중학교,공립,서울특별시 강동구 천호동,UzAxMDAwMDg5MA==,28.0,20.1,23.1,20.9,25.7,23.6,반등,4.8,29.1,20.6,23.5,21.2,25.2,23.9,반등,4.0,36.8,31.0,32.1,40.9,2021
서울,11,강동구,11740,중,천호중학교,공립,서울 강동구 천호동,UzAxMDAwMDg5MQ==,16.8,20.6,23.7,27.9,24.6,22.7,하락,3.3,17.4,20.4,23.3,28.3,23.9,22.7,하락,4.4,37.6,29.9,31.2,45.8,2024
서울,11,강동구,11740,중,강빛중학교,공립,서울특별시 강동구 강일동,UzAxMDAwNjU0NQ==,36.9,27.3,28.8,29.2,24.5,29.3,하락,4.7,36.2,26.7,28.1,28.1,23.6,28.5,하락,4.5,37.4,25.4,34.3,31.4,2021
서울,11,강동구,11740,중,강동중학교,공립,서울특별시 강동구 강일동,UzAxMDAwNTU0MA==,27.9,23.6,22.4,20.7,21.8,23.3,반등,1.2,28.2,23.4,22.9,20.3,21.8,23.3,반등,1.4,21.5,31.3,31.8,45.4,2021
서울,11,강동구,11740,고,상일여자고등학교,사립,서울특별시 강동구 상일동,UzAxMDAwMDQ1Mw==,23.3,11.1,22.5,33.4,55.8,29.2,연속↑,22.4,24.0,10.4,21.2,31.7,55.6,28.6,연속↑,23.9,61.1,65.3,82.1,1.1,2025
서울,11,강동구,11740,고,한영외국어고등학교,사립,서울특별시 강동구 상일동,UzAxMDAwMDU3Ng==,30.8,31.3,37.2,41.7,39.3,36.1,하락,2.4,28.3,30.7,36.7,38.3,37.0,34.2,하락,1.3,33.6,26.9,72.7,0.8,2024
서울,11,강동구,11740,고,배재고등학교,사립,서울특별시 강동구 고덕1동,UzAxMDAwMDQ0Mw==,32.6,34.9,37.7,34.8,34.8,35.0,→보합,,32.5,32.1,35.0,33.9,35.4,33.8,반등,1.4,29.5,40.6,40.6,9.1,2025
서울,11,강동구,11740,고,성덕고등학교,사립,서울특별시 강동구 천호동,UzAxMDAwMDYwOQ==,23.3,26.4,28.9,19.4,32.4,26.1,반등,13.1,24.2,27.1,29.6,18.6,31.8,26.3,반등,13.1,44.2,31.9,35.7,5.0,2025
서울,11,강동구,11740,고,동북고등학교,사립,서울특별시 강동구 둔촌동,UzAxMDAwMDQyMw==,20.8,20.5,12.7,9.2,31.1,18.8,반등,21.9,20.3,19.6,12.0,9.0,31.1,18.4,반등,22.1,30.2,41.0,53.1,18.2,2025
서울,11,강동구,11740,고,명일여자고등학교,공립,서울 강동구 명일2동,UzAxMDAwMDQzNA==,25.9,32.7,36.3,14.9,29.5,27.8,반등,14.5,26.2,32.0,38.7,14.1,30.6,28.3,반등,16.4,32.0,44.4,27.0,14.2,2023
서울,11,강동구,11740,고,한영고등학교,사립,서울 강동구 상일동,UzAxMDAwMDU1OA==,30.1,19.3,27.0,19.5,33.3,25.8,반등,13.7,29.7,19.3,24.4,18.6,29.7,24.3,반등,11.1,47.9,10.8,54.4,13.3,2025
서울,11,강동구,11740,고,선사고등학교,공립,서울특별시 강동구 고덕로25길,UzAxMDAwNTU2Mw==,16.8,15.7,15.2,12.5,23.7,16.8,반등,11.2,15.4,14.0,14.8,12.0,24.4,16.1,반등,12.4,18.5,28.4,32.7,15.6,2025
서울,11,강동구,11740,고,둔촌고등학교,공립,서울특별시 강동구 둔촌2동,UzAxMDAwMDQyOA==,15.4,22.2,14.5,18.5,20.7,18.3,연속↑,2.2,14.8,23.1,13.4,17.2,21.7,18.0,연속↑,4.6,25.0,28.1,15.6,9.1,2022
서울,11,강동구,11740,고,강일고등학교,공립,서울특별시 강동구 강일동,UzAxMDAwNTUyMg==,16.9,23.6,22.3,20.7,21.0,20.9,반등,0.3,16.8,23.8,20.5,19.3,21.2,20.3,반등,1.9,20.4,39.3,37.0,21.0,2022
서울,11,강동구,11740,고,강동고등학교,사립,서울특별시 강동구 상일동,UzAxMDAwMDM3MQ==,21.9,32.4,16.2,25.2,20.7,23.3,하락,4.5,21.6,31.1,15.6,24.7,20.7,22.8,하락,4.1,36.2,22.4,16.4,3.9,2022
서울,11,강동구,11740,고,광문고등학교,사립,서울특별시 강동구 고덕동,UzAxMDAwMDM5Mg==,20.7,27.6,14.3,20.3,16.7,19.9,하락,3.6,20.7,27.3,14.9,20.6,17.0,20.1,하락,3.7,16.1,23.1,18.8,17.3,2022
서울,11,강동구,11740,고,서울컨벤션고등학교,사립,서울컨벤션고등학교,UzAxMDAwMDYwNg==,6.6,11.8,15.3,13.7,15.3,12.5,반등,1.6,6.7,12.0,15.0,13.6,15.4,12.5,반등,1.8,17.5,17.5,17.0,20.8,2025
서울,11,강동구,11740,고,상일미디어고등학교,사립,서울 강동구 상일동,UzAxMDAwMDU4Ng==,11.0,13.3,7.0,11.5,11.3,10.8,하락,0.3,10.9,13.0,7.0,12.3,10.7,10.8,하락,1.6,21.0,8.3,14.5,64.5,2022
서울,11,용산구,11170,중,성심여자중학교,사립,서울특별시 용산구 원효로19길,UzAxMDAwMjM1MQ==,47.9,39.5,43.6,45.6,51.8,45.7,연속↑,6.2,47.7,39.0,44.5,45.7,51.7,45.7,연속↑,6.0,66.1,61.3,61.0,24.6,2025
서울,11,용산구,11170,중,신광여자중학교,사립,서울특별시 용산구 청파동3가,UzAxMDAwMjM1Mw==,33.8,30.1,49.8,45.7,40.5,40.0,연속↓,5.2,33.1,29.1,50.5,46.3,39.9,39.8,연속↓,6.4,42.2,47.0,58.0,27.2,2023
서울,11,용산구,11170,중,한강중학교,공립,서울특별시 용산구 서빙고동,UzAxMDAwMjM2Mg==,31.7,24.6,37.7,39.7,40.9,34.9,연속↑,1.2,32.4,23.6,37.2,39.0,39.8,34.4,연속↑,0.8,64.4,35.0,38.5,30.0,2025
서울,11,용산구,11170,중,용강중학교,공립,서울특별시 용산구 이촌동,UzAxMDAwMjM1NQ==,36.5,34.6,35.8,34.4,35.1,35.3,반등,0.7,36.1,33.9,34.9,35.4,36.9,35.4,연속↑,1.5,36.3,53.7,34.4,18.8,2025
서울,11,용산구,11170,중,선린중학교,공립,서울특별시 용산구 청파동3가,UzAxMDAwMjM1MA==,23.6,24.7,26.4,29.3,29.2,26.7,하락,0.1,23.2,24.6,26.4,30.2,29.7,26.8,하락,0.5,29.5,44.2,43.2,30.6,2024
서울,11,용산구,11170,중,오산중학교,사립,서울특별시 용산구 보광동,UzAxMDAwMjM1NA==,32.3,20.1,29.3,32.9,29.1,28.7,하락,3.8,33.4,19.5,28.9,32.7,29.3,28.8,하락,3.4,25.6,39.3,51.2,34.9,2021
서울,11,용산구,11170,중,보성여자중학교,사립,서울특별시 용산구 용산동2가,UzAxMDAwMjM0NQ==,42.2,26.9,32.1,31.5,30.0,32.5,연속↓,1.5,42.2,26.6,29.8,29.8,28.7,31.4,하락,1.2,62.9,25.8,29.2,45.8,2021
서울,11,용산구,11170,중,용산중학교,공립,서울 용산구 용산동2가,UzAxMDAwMjM1Ng==,31.2,25.6,24.6,30.3,27.2,27.8,하락,3.1,31.5,25.4,24.3,29.5,26.9,27.5,하락,2.7,30.0,28.9,41.1,42.2,2021
서울,11,용산구,11170,중,배문중학교,사립,서울특별시 용산구 서계동,UzAxMDAwMjM0Mw==,20.4,20.7,20.5,25.3,19.8,21.4,하락,5.5,20.1,21.3,19.5,23.8,18.7,20.7,하락,5.2,29.5,19.7,33.3,55.4,2024
서울,11,용산구,11170,고,보성여자고등학교,사립,서울특별시 용산구 용산동2가,UzAxMDAwMDQ0Nw==,23.8,24.4,40.6,24.8,39.8,30.7,반등,15.1,23.1,24.6,42.2,24.8,38.5,30.6,반등,13.7,50.0,36.0,44.0,6.0,2023
서울,11,용산구,11170,고,용산고등학교,공립,서울특별시 용산구 용산동2가,UzAxMDAwMDUxMQ==,16.1,27.8,32.1,39.6,29.1,28.9,하락,10.5,16.3,27.1,31.6,38.9,30.1,28.8,하락,8.7,30.0,56.2,23.6,3.3,2024
서울,11,용산구,11170,고,중경고등학교,공립,서울특별시 용산구 이촌동,UzAxMDAwMDUzMA==,23.2,25.6,23.2,22.6,29.3,24.8,반등,6.7,22.3,25.1,22.6,21.3,29.3,24.1,반등,8.0,29.7,32.4,31.6,14.0,2025
서울,11,용산구,11170,고,성심여자고등학교,사립,서울특별시 용산구 원효로4가,UzAxMDAwMDQ3Mg==,39.8,20.1,26.9,27.8,30.2,29.0,연속↑,2.4,40.3,21.1,26.8,28.3,28.8,29.1,연속↑,0.6,61.3,22.1,42.3,2.7,2021
서울,11,용산구,11170,고,오산고등학교,사립,서울특별시 용산구 보광동,UzAxMDAwMDUwOQ==,28.3,33.6,46.0,28.5,28.1,32.9,연속↓,0.4,25.9,35.5,45.4,28.0,27.8,32.5,연속↓,0.2,26.4,28.6,37.0,4.2,2023
서울,11,용산구,11170,고,선린인터넷고등학교,공립,서울특별시 용산구 청파동3가,UzAxMDAwMDY1OA==,9.7,7.3,33.7,34.8,26.7,22.4,하락,8.2,9.1,6.6,33.2,35.3,25.7,22.0,하락,9.6,25.0,30.9,38.0,2.6,2024
서울,11,용산구,11170,고,배문고등학교,사립,서울특별시 용산구 서계동,UzAxMDAwMDQ0Mg==,25.7,22.2,37.6,33.4,22.2,28.2,연속↓,11.2,25.8,21.8,38.4,34.2,21.5,28.3,연속↓,12.7,26.7,27.3,29.3,22.2,2023
서울,11,용산구,11170,고,용산철도고등학교,공립,서울특별시 용산구 한강로3가,UzAxMDAwMDU5Nw==,11.6,12.0,8.5,7.0,20.9,12.0,반등,13.9,10.4,12.1,8.6,6.8,17.8,11.2,반등,11.0,55.4,28.6,25.0,70.0,2025
서울,11,용산구,11170,고,서울디지텍고등학교,사립,서울디지텍고등학교,UzAxMDAwMDU4OQ==,12.3,8.5,13.4,8.8,14.1,11.4,반등,5.3,13.2,9.1,14.1,8.7,14.4,11.9,반등,5.7,13.8,18.8,15.2,31.3,2025
서울,11,용산구,11170,고,신광여자고등학교,사립,서울특별시 용산구 청파동3가,UzAxMDAwMDQ4Mw==,17.0,15.3,12.3,7.4,11.7,12.7,반등,4.4,15.8,14.8,11.3,6.7,11.3,12.0,반등,4.6,12.3,9.4,20.5,3.5,2021
서울,11,강북구,11305,중,영훈국제중학교,사립,서울특별시 강북구 미아동,UzAxMDAwMjI3OQ==,56.3,42.5,68.9,65.3,64.8,59.5,연속↓,0.5,56.4,41.9,68.2,64.7,63.6,58.9,연속↓,1.1,71.8,62.0,76.4,9.2,2023
서울,11,강북구,11305,중,창문여자중학교,사립,서울 강북구 송중동,UzAxMDAwMjI4NQ==,38.3,32.9,48.2,42.8,49.4,42.3,반등,6.6,37.5,32.0,47.3,41.2,47.0,41.0,반등,5.8,63.6,35.8,64.8,32.1,2023
서울,11,강북구,11305,중,성암여자중학교,사립,서울특별시 강북구 미아8동,UzAxMDAwMjI3NQ==,33.3,27.0,38.3,35.1,39.6,34.7,반등,4.5,33.6,26.5,37.9,35.0,38.9,34.4,반등,3.9,46.2,46.7,49.6,33.6,2025
서울,11,강북구,11305,중,삼각산중학교,공립,서울특별시 강북구 미아동,UzAxMDAwNTE4MA==,39.9,28.1,44.3,43.6,38.6,38.9,연속↓,5.0,39.8,27.1,42.3,42.9,36.4,37.7,하락,6.5,53.1,29.9,59.8,37.7,2024
서울,11,강북구,11305,중,솔샘중학교,공립,서울특별시 강북구 미아동,UzAxMDAwNTUxNg==,31.1,27.1,36.4,29.6,34.2,31.7,반등,4.6,30.8,27.1,35.9,28.5,33.0,31.1,반등,4.5,45.2,28.7,43.9,43.0,2023
서울,11,강북구,11305,중,화계중학교,공립,서울특별시 강북구 화계사길,UzAxMDAwMjI4OA==,17.7,20.0,27.3,30.5,33.0,25.7,연속↑,2.5,18.0,19.5,27.9,30.6,32.5,25.7,연속↑,1.9,37.4,33.6,36.3,34.5,2025
서울,11,강북구,11305,중,수송중학교,공립,서울특별시 강북구 번1동,UzAxMDAwMjI3Ng==,33.6,23.8,33.7,33.7,31.0,31.1,하락,2.8,33.9,24.1,32.7,32.6,29.8,30.6,연속↓,2.8,39.7,24.8,46.7,49.5,2021
서울,11,강북구,11305,중,인수중학교,공립,서울특별시 강북구 수유동,UzAxMDAwMjI4Mg==,25.9,21.5,27.4,29.9,29.5,26.8,하락,0.4,27.0,21.7,27.6,28.7,28.5,26.7,하락,0.2,34.1,24.6,39.6,42.3,2024
서울,11,강북구,11305,중,강북중학교,공립,서울특별시 강북구 수유동,UzAxMDAwMjI2Mw==,22.1,23.6,28.4,29.3,27.0,26.1,하락,2.3,22.5,23.0,28.7,29.3,26.9,26.1,하락,2.4,43.1,33.7,26.0,56.2,2024
서울,11,강북구,11305,중,수유중학교,공립,서울특별시 강북구 수유1동,UzAxMDAwMjI3Nw==,31.5,23.8,37.1,28.1,26.6,29.4,연속↓,1.6,32.3,23.7,37.8,27.5,26.3,29.5,연속↓,1.2,46.4,29.6,28.0,45.6,2023
서울,11,강북구,11305,중,신일중학교,사립,서울특별시 강북구 미아동,UzAxMDAwMjI3OA==,30.7,20.9,28.6,23.3,24.9,25.7,반등,1.6,31.2,20.9,29.4,23.6,24.6,25.9,반등,1.0,41.3,29.8,33.6,48.1,2021
서울,11,강북구,11305,중,번동중학교,공립,서울특별시 강북구 번동,UzAxMDAwMjI2OA==,25.7,28.1,31.1,25.6,21.3,26.3,연속↓,4.4,25.1,28.3,31.6,25.5,20.6,26.2,연속↓,4.9,29.8,17.9,34.5,35.7,2023
서울,11,강북구,11305,중,서라벌중학교,사립,서울특별시 강북구 우이동,UzAxMDAwMjI3MQ==,29.0,23.9,25.6,25.5,20.0,24.8,연속↓,5.4,29.0,23.5,25.4,24.0,19.0,24.2,연속↓,5.0,39.3,15.9,23.0,58.1,2021
서울,11,강북구,11305,고,신일고등학교,사립,서울특별시 강북구 미아동,UzAxMDAwMDQ4Ng==,45.4,49.7,61.0,52.0,38.3,49.3,연속↓,13.7,44.7,47.5,60.2,53.0,38.7,48.8,연속↓,14.3,41.4,55.8,48.2,8.4,2023
서울,11,강북구,11305,고,혜화여자고등학교,공립,서울특별시 강북구 수유동,UzAxMDAwMDU2Mg==,26.3,23.0,27.5,31.6,34.2,28.5,연속↑,2.7,25.5,22.5,29.7,33.5,32.5,28.7,하락,1.0,59.6,33.7,36.5,7.3,2024
서울,11,강북구,11305,고,창문여자고등학교,사립,서울특별시 강북구 송중동,UzAxMDAwMDU0MQ==,25.3,20.9,28.5,28.1,28.6,26.2,반등,0.5,25.0,22.0,28.7,27.4,28.1,26.2,반등,0.7,44.2,25.5,29.6,0.4,2023
서울,11,강북구,11305,고,영훈고등학교,사립,서울특별시 강북구 미아동,UzAxMDAwMDUwNQ==,17.8,17.8,31.8,26.9,24.4,23.7,연속↓,2.5,18.2,18.4,34.7,27.8,22.9,24.4,연속↓,4.9,39.6,17.3,32.3,5.8,2023
서울,11,강북구,11305,고,솔샘고등학교,공립,서울특별시 강북구 미아동,UzAxMDAwNTU0MQ==,26.8,28.1,23.7,24.1,20.0,24.5,하락,4.2,27.1,28.0,21.1,24.5,20.4,24.2,하락,4.0,18.0,25.8,23.7,22.8,2022
서울,11,강북구,11305,고,성암국제무역고등학교,사립,서울특별시 강북구 도봉로29길,UzAxMDAwMDY0NQ==,16.5,17.4,14.7,16.0,19.8,16.9,연속↑,3.7,16.3,17.3,13.8,15.9,18.5,16.4,연속↑,2.6,32.2,12.1,25.6,48.8,2025
서울,11,강북구,11305,고,삼각산고등학교,공립,서울특별시 강북구 삼각산동,UzAxMDAwNTUxOA==,12.5,9.3,13.3,14.0,15.0,12.8,연속↑,1.1,12.7,9.8,13.2,13.2,13.9,12.5,상승,0.7,25.6,7.9,14.7,36.7,2025
서울,11,성북구,11290,중,성신여자중학교,사립,서울특별시 성북구 돈암동,UzAxMDAwMjI3NA==,47.6,38.7,53.0,53.5,53.9,49.4,연속↑,0.4,47.9,37.5,50.3,51.1,52.5,47.9,연속↑,1.4,56.7,52.4,72.2,19.5,2025
서울,11,성북구,11290,중,길음중학교,공립,서울특별시 성북구 길음동,UzAxMDAwNTU5NQ==,48.9,34.8,51.8,46.8,47.6,46.0,반등,0.8,47.1,33.5,49.6,43.3,44.8,43.7,반등,1.6,61.5,32.8,66.2,24.1,2023
서울,11,성북구,11290,중,개운중학교,공립,서울특별시 성북구 돈암1동,UzAxMDAwNTI3MQ==,42.7,29.2,40.0,44.7,44.6,40.2,하락,0.1,42.5,28.9,39.4,43.3,43.6,39.6,연속↑,0.3,56.0,49.8,53.7,23.4,2025
서울,11,성북구,11290,중,장위중학교,공립,서울특별시 성북구 장위동,UzAxMDAwMjI4Mw==,31.6,28.8,37.7,42.0,41.9,36.4,하락,0.2,32.0,28.6,38.4,42.2,41.3,36.5,하락,0.8,62.8,40.0,50.7,26.3,2024
서울,11,성북구,11290,중,종암중학교,공립,서울 성북구 종암1동,UzAxMDAwMjI4NA==,42.4,26.6,42.7,39.6,36.9,37.6,연속↓,2.7,41.6,25.2,41.1,39.0,36.7,36.7,연속↓,2.3,48.2,51.4,49.3,31.7,2021
서울,11,성북구,11290,중,석관중학교,공립,서울특별시 성북구 석관동,UzAxMDAwMjI3Mw==,30.3,29.9,36.6,32.9,34.7,32.9,반등,1.9,30.6,29.6,36.9,33.5,35.1,33.1,반등,1.7,41.9,47.9,39.1,32.6,2023
서울,11,성북구,11290,중,용문중학교,사립,서울특별시 성북구 안암동2가,UzAxMDAwMjI4MA==,27.1,24.0,21.4,28.4,32.5,26.7,연속↑,4.1,27.4,23.9,21.5,27.9,32.6,26.6,연속↑,4.6,42.6,50.8,44.1,44.3,2025
서울,11,성북구,11290,중,숭곡중학교,공립,서울특별시 성북구 하월곡동,UzAxMDAwNTYxMg==,40.6,29.4,40.4,40.2,33.6,36.9,연속↓,6.6,41.7,28.2,39.4,39.1,32.5,36.2,연속↓,6.6,45.8,40.3,49.8,32.4,2021
서울,11,성북구,11290,중,홍익대학교사범대학부속중학교,사립,서울 성북구 성북1동,UzAxMDAwMjI4Nw==,29.5,21.5,35.1,34.9,32.4,30.7,연속↓,2.5,28.9,21.2,34.8,34.6,32.1,30.3,연속↓,2.6,33.7,38.6,51.8,41.9,2023
서울,11,성북구,11290,중,삼선중학교,공립,서울특별시 성북구 동소문동1가,UzAxMDAwMjI3MA==,42.8,27.4,33.2,36.9,32.8,34.6,하락,4.1,42.9,26.5,32.8,36.6,31.8,34.1,하락,4.8,40.3,34.1,48.1,37.3,2021
서울,11,성북구,11290,중,고려대학교사범대학부속중학교,사립,서울 성북구 정릉3동,UzAxMDAwMjI2NA==,30.5,26.1,26.3,26.9,31.9,28.3,연속↑,4.9,29.3,24.9,24.9,26.5,31.2,27.3,연속↑,4.7,35.7,35.7,45.4,39.9,2025
서울,11,성북구,11290,중,고명중학교,사립,서울특별시 성북구 돈암동,UzAxMDAwMjI2NQ==,29.6,25.6,24.7,36.0,31.3,29.4,하락,4.7,30.2,25.5,24.6,35.8,31.0,29.4,하락,4.9,37.6,34.6,41.4,29.3,2024
서울,11,성북구,11290,중,동구여자중학교,사립,서울특별시 성북구 성북동,UzAxMDAwMjI2Nw==,42.1,28.7,33.8,31.9,29.4,33.2,연속↓,2.5,43.1,28.1,33.9,32.2,28.7,33.2,연속↓,3.5,28.9,29.8,46.3,43.3,2021
서울,11,성북구,11290,중,월곡중학교,공립,서울특별시 성북구 상월곡동,UzAxMDAwMjI4MQ==,29.6,24.2,28.9,31.1,28.2,28.4,하락,2.9,28.9,24.1,28.7,31.7,28.4,28.4,하락,3.3,32.2,40.6,38.6,33.3,2024
서울,11,성북구,11290,중,서울대학교사범대학부설중학교,국립,서울대학교사범대학부설중학교,UzAwMDAwMzUxNA==,28.7,25.4,40.4,35.1,26.6,31.2,연속↓,8.5,28.6,25.1,38.5,34.3,26.0,30.5,연속↓,8.3,36.7,30.2,42.6,32.7,2023
서울,11,성북구,11290,중,북악중학교,공립,서울 성북구 정릉3동,UzAxMDAwMjI2OQ==,31.9,24.2,29.9,25.5,23.8,27.0,연속↓,1.7,31.6,23.4,30.3,25.3,23.6,26.8,연속↓,1.7,58.9,36.4,24.3,43.1,2021
서울,11,성북구,11290,중,남대문중학교,사립,서울특별시 성북구 장위3동,UzAxMDAwMjI2Ng==,25.5,23.5,28.5,23.8,19.5,24.1,연속↓,4.3,27.2,23.9,30.3,25.6,20.2,25.4,연속↓,5.4,16.4,33.3,27.6,41.1,2023
서울,11,성북구,11290,중,한성여자중학교,사립,서울특별시 성북구 삼선동2가,UzAxMDAwMjI4Ng==,27.4,21.5,29.6,18.9,19.3,23.3,반등,0.4,28.0,22.0,28.8,17.6,18.1,22.9,반등,0.4,33.1,14.2,40.5,46.3,2023
서울,11,성북구,11290,고,대일외국어고등학교,사립,서울특별시 성북구 정릉동,UzAxMDAwMDU3Mg==,80.3,82.8,85.3,86.6,89.6,84.9,연속↑,3.1,81.3,83.5,86.7,87.5,90.5,85.9,연속↑,3.1,95.2,97.6,87.6,,2025
서울,11,성북구,11290,고,서울대학교사범대학부설고등학교,국립,서울대학교사범대학부설고등학교,UzAwMDAwMzU2MQ==,16.3,15.5,19.0,33.8,33.4,23.6,하락,0.4,15.9,16.0,18.5,32.2,34.6,23.4,연속↑,2.4,30.5,47.8,33.0,5.8,2025
서울,11,성북구,11290,고,계성고등학교,사립,서울특별시 성북구 길음동,UzAxMDAwMDM4Ng==,20.5,14.8,21.0,38.7,32.0,25.4,하락,6.7,18.9,13.9,19.3,38.4,30.9,24.2,하락,7.5,75.1,41.6,39.4,5.5,2024
서울,11,성북구,11290,고,용문고등학교,사립,서울특별시 성북구 안암동,UzAxMDAwMDUxMA==,22.5,21.9,35.0,32.5,30.1,28.4,연속↓,2.5,23.5,22.3,31.8,33.1,30.5,28.2,하락,2.6,34.0,33.2,33.5,6.2,2024
서울,11,성북구,11290,고,한성여자고등학교,사립,서울특별시 성북구 삼선동2가,UzAxMDAwMDU1Ng==,11.1,16.7,21.3,18.3,28.1,19.1,반등,9.8,11.1,16.0,21.0,17.2,28.0,18.6,반등,10.8,39.6,37.1,26.9,10.7,2025
서울,11,성북구,11290,고,성신여자고등학교,사립,서울특별시 성북구 동소문로26가길,UzAxMDAwMDQ3MQ==,12.6,16.5,23.4,47.5,29.1,25.8,하락,18.4,12.1,16.3,24.4,47.5,28.0,25.7,하락,19.5,42.2,30.2,48.2,10.2,2024
서울,11,성북구,11290,고,홍익대학교사범대학부속고등학교,사립,서울특별시 성북구 성북1동,UzAxMDAwMDU2Mw==,33.3,32.7,27.1,29.5,25.8,29.7,하락,3.7,32.6,30.9,27.3,27.4,26.2,28.9,하락,1.1,26.9,34.3,25.4,12.5,2021
서울,11,성북구,11290,고,경동고등학교,공립,서울특별시 성북구 삼선동,UzAxMDAwMDM3Nw==,8.3,17.4,22.2,29.0,26.0,20.6,하락,3.0,8.1,16.6,22.3,28.3,24.3,19.9,하락,4.0,42.3,18.7,34.5,7.2,2024
서울,11,성북구,11290,고,석관고등학교,공립,서울특별시 성북구 석관동,UzAxMDAwMDQ2NA==,33.4,21.3,32.2,33.7,21.7,28.5,하락,11.9,33.8,21.3,33.0,33.6,22.2,28.8,하락,11.4,22.4,26.2,29.4,18.7,2021
서울,11,성북구,11290,고,고려대학교사범대학부속고등학교,사립,서울특별시 성북구 정릉동,UzAxMDAwMDM4Nw==,25.9,21.1,17.5,15.5,20.6,20.1,반등,5.2,26.7,21.2,17.8,15.7,21.1,20.5,반등,5.3,12.8,27.1,32.8,6.9,2021
서울,11,성북구,11290,고,서울도시과학기술고등학교,공립,서울도시과학기술고등학교,UzAxMDAwMDU5MA==,13.1,22.7,10.1,13.2,15.4,14.9,연속↑,2.2,12.6,21.3,9.1,12.4,15.1,14.1,연속↑,2.7,13.9,22.2,27.8,52.9,2022
서울,11,성북구,11290,고,고명외식고등학교,사립,서울특별시 성북구 돈암동,UzAxMDAwMDYyOQ==,6.0,6.0,13.7,13.4,13.2,10.5,연속↓,0.3,6.1,6.1,13.0,13.7,12.6,10.3,하락,1.2,17.1,10.1,17.8,52.6,2024
서울,11,성북구,11290,고,서울동구고등학교,사립,서울동구고등학교,UzAxMDAwMDYwNQ==,20.5,30.5,20.8,21.4,12.0,21.0,하락,9.4,20.1,29.9,20.4,20.0,11.6,20.4,연속↓,8.4,15.9,12.9,15.3,48.4,2022
서울,11,강서구,11500,중,화곡중학교,사립,서울특별시 강서구 내발산동,UzAxMDAwMTAwMg==,36.7,28.9,32.8,41.3,44.4,36.8,연속↑,3.1,36.4,28.3,33.1,40.8,43.8,36.5,연속↑,3.0,58.3,45.7,45.1,24.2,2025
서울,11,강서구,11500,중,염창중학교,공립,서울특별시 강서구 염창동,UzAxMDAwMDk5OQ==,39.7,29.4,42.8,46.9,41.2,40.0,하락,5.7,39.5,28.4,42.0,47.0,41.0,39.6,하락,6.0,49.8,50.6,56.4,23.6,2024
서울,11,강서구,11500,중,덕원중학교,사립,서울특별시 강서구 내발산동,UzAxMDAwMDk3Mg==,34.9,30.4,41.7,41.4,39.9,37.7,연속↓,1.5,33.6,30.6,41.6,42.0,40.3,37.6,하락,1.7,34.6,53.5,59.9,19.9,2024
서울,11,강서구,11500,중,염경중학교,공립,서울특별시 강서구 염창동,UzAxMDAwNTI4Nw==,39.8,30.1,36.8,42.9,39.8,37.9,하락,3.1,39.8,29.5,35.5,42.0,39.1,37.2,하락,2.9,39.3,43.8,65.1,28.8,2024
서울,11,강서구,11500,중,명덕여자중학교,사립,서울 강서구 내발산동,UzAxMDAwMDk3Nw==,23.4,27.3,40.2,45.0,37.9,34.8,하락,7.1,22.9,27.7,40.9,45.9,38.3,35.2,하락,7.6,37.0,53.2,53.2,18.7,2024
서울,11,강서구,11500,중,공항중학교,공립,서울특별시 강서구 공항동,UzAxMDAwMDk3MA==,30.0,24.6,35.2,29.6,36.7,31.2,반등,7.1,31.3,24.8,35.0,29.8,37.0,31.6,반등,7.2,33.3,47.2,54.9,38.4,2025
서울,11,강서구,11500,중,마곡하늬중학교,공립,서울특별시 강서구 마곡동,UzAxMDAwNjQwMw==,31.9,28.4,33.9,43.0,37.2,34.9,하락,5.8,32.1,27.9,34.7,41.6,36.9,34.6,하락,4.7,44.6,43.8,46.7,30.6,2024
서울,11,강서구,11500,중,방화중학교,공립,서울특별시 강서구 방화동,UzAxMDAwMDk4MQ==,31.1,26.6,29.4,34.0,37.1,31.6,연속↑,3.1,31.5,26.2,29.5,33.8,36.0,31.4,연속↑,2.2,50.0,30.9,54.1,38.8,2025
서울,11,강서구,11500,중,마포중학교,사립,서울특별시 강서구 등촌3동,UzAxMDAwMDk3Ng==,34.8,23.4,34.1,35.3,36.2,32.8,연속↑,0.9,34.9,23.6,34.0,34.9,35.8,32.6,연속↑,0.8,50.7,41.9,38.4,23.8,2025
서울,11,강서구,11500,중,등원중학교,공립,서울특별시 강서구 등촌3동,UzAxMDAwMDk3NA==,35.7,24.7,23.9,29.8,33.5,29.5,연속↑,3.7,36.3,24.1,24.7,30.5,34.8,30.1,연속↑,4.2,32.7,46.3,38.4,33.3,2021
서울,11,강서구,11500,중,등명중학교,공립,서울특별시 강서구 등촌동,UzAxMDAwMDk3Mw==,45.6,35.0,39.1,33.6,35.3,37.7,반등,1.7,43.5,34.1,38.1,32.5,33.9,36.4,반등,1.5,55.2,35.1,64.4,33.5,2021
서울,11,강서구,11500,중,마곡중학교,공립,서울특별시 강서구 마곡동,UzAxMDAwNTU5Ng==,30.5,24.5,34.6,33.5,32.3,31.1,연속↓,1.2,30.1,23.9,34.5,32.3,31.3,30.4,연속↓,1.0,39.6,37.4,48.1,36.3,2023
서울,11,강서구,11500,중,방원중학교,공립,서울특별시 강서구 방화동,UzAxMDAwMDk4MA==,29.6,26.6,30.0,27.1,30.2,28.7,반등,3.1,30.5,26.6,30.7,27.6,31.1,29.3,반등,3.5,41.9,38.5,33.0,41.8,2025
서울,11,강서구,11500,중,송정중학교,공립,서울 강서구 공항동,UzAxMDAwMDk4Ng==,30.3,27.6,29.7,22.3,29.8,27.9,반등,7.5,29.7,26.2,29.0,21.5,30.7,27.4,반등,9.3,37.9,37.7,37.7,34.8,2025
서울,11,강서구,11500,중,삼정중학교,공립,서울특별시 강서구 방화3동,UzAxMDAwMDk4NA==,37.9,25.4,34.1,30.8,30.7,31.8,연속↓,0.1,37.4,24.9,33.5,30.8,30.6,31.4,연속↓,0.2,46.0,43.0,42.7,38.2,2021
서울,11,강서구,11500,중,성재중학교,공립,서울특별시 강서구 가양1동,UzAxMDAwMDk4NQ==,25.9,29.7,30.4,27.0,30.1,28.6,반등,3.1,26.1,28.8,29.7,26.8,29.5,28.2,반등,2.6,50.0,30.5,32.6,36.9,2023
서울,11,강서구,11500,중,신정여자중학교,사립,서울특별시 강서구 화곡동,UzAxMDAwMDk5Mg==,29.0,23.1,29.9,31.0,28.8,28.4,하락,2.2,29.3,22.0,30.6,32.0,28.4,28.5,하락,3.6,36.8,36.4,32.7,38.3,2024
서울,11,강서구,11500,중,경서중학교,공립,서울특별시 강서구 가양동,UzAxMDAwMDk2OA==,33.3,20.6,28.2,27.0,27.8,27.4,반등,0.8,32.5,20.3,28.0,25.9,27.8,26.9,반등,1.9,28.6,40.9,43.5,62.9,2021
서울,11,강서구,11500,중,수명중학교,공립,서울특별시 강서구 내발산동,UzAxMDAwNTQ5Nw==,31.7,23.4,27.6,31.2,27.7,28.3,하락,3.4,32.7,23.4,26.6,30.0,26.7,27.9,하락,3.3,31.6,32.9,50.6,50.0,2021
서울,11,강서구,11500,중,백석중학교,공립,서울특별시 강서구 등촌2동,UzAxMDAwMDk4Mg==,32.8,21.9,25.8,19.3,26.5,25.2,반등,7.2,32.7,21.9,25.7,19.8,26.0,25.2,반등,6.2,33.7,28.2,31.6,35.0,2021
서울,11,강서구,11500,중,화원중학교,공립,서울특별시 강서구 화곡동,UzAxMDAwMTAwMw==,26.8,19.6,22.0,25.9,26.2,24.1,연속↑,0.2,27.0,19.5,21.7,25.8,25.9,24.0,연속↑,0.1,39.5,31.0,38.0,46.3,2021
서울,11,강서구,11500,중,등촌중학교,사립,서울특별시 강서구 등촌2동,UzAxMDAwMDk3NQ==,18.8,16.3,18.5,19.5,18.8,18.4,하락,0.8,19.0,15.8,17.2,18.0,17.3,17.5,하락,0.7,24.4,17.4,38.2,57.3,2021
서울,11,강서구,11500,고,명덕외국어고등학교,사립,서울특별시 강서구 강서로47길,UzAxMDAwMDU3Mw==,28.4,55.9,51.7,68.4,56.7,52.2,하락,11.7,25.8,52.2,49.4,65.4,55.2,49.6,하락,10.3,78.7,50.2,61.9,,2024
서울,11,강서구,11500,고,명덕여자고등학교,사립,서울특별시 강서구 내발산동,UzAxMDAwMDQzMg==,30.9,16.8,29.7,38.3,47.7,32.7,연속↑,9.4,32.0,16.7,28.3,37.0,46.7,32.1,연속↑,9.7,59.8,70.5,59.0,11.8,2025
서울,11,강서구,11500,고,명덕고등학교,사립,서울특별시 강서구 내발산동,UzAxMDAwMDQzMQ==,36.4,34.5,29.5,36.3,48.3,37.0,연속↑,12.0,36.2,34.9,29.0,33.8,46.6,36.1,연속↑,12.8,57.5,39.1,52.4,3.6,2025
서울,11,강서구,11500,고,세현고등학교,공립,서울특별시 강서구 가양동,UzAxMDAwNTI3MA==,16.0,29.8,16.4,33.7,29.5,25.1,하락,4.2,15.4,30.2,16.4,32.6,28.0,24.5,하락,4.6,41.9,28.9,39.7,19.1,2024
서울,11,강서구,11500,고,영일고등학교,사립,서울 강서구 등촌2동,UzAxMDAwMDUwMw==,17.1,13.0,31.6,28.1,29.6,23.8,반등,1.5,15.9,12.1,30.3,28.6,27.5,22.9,연속↓,1.1,42.1,16.8,37.8,12.4,2023
서울,11,강서구,11500,고,대일고등학교,사립,서울특별시 강서구 등촌2동,UzAxMDAwMDQxMw==,48.5,21.4,42.1,30.8,28.3,34.2,연속↓,2.6,49.4,20.7,44.1,29.8,27.4,34.3,연속↓,2.4,31.5,32.9,39.4,3.7,2021
서울,11,강서구,11500,고,화곡고등학교,사립,서울특별시 강서구 강서로45길,UzAxMDAwMDU2NQ==,25.6,39.9,30.2,46.6,26.5,33.7,하락,20.0,25.8,41.1,30.8,47.6,26.3,34.3,하락,21.3,47.5,25.6,21.1,10.8,2024
서울,11,강서구,11500,고,서울신정고등학교,사립,서울신정고등학교,UzAxMDAwMDYxMA==,15.8,17.0,8.2,17.2,24.0,16.4,연속↑,6.9,17.1,18.4,8.4,16.7,24.6,17.0,연속↑,7.9,38.8,31.5,14.3,0.9,2025
서울,11,강서구,11500,고,수명고등학교,공립,서울특별시 강서구 내발산동,UzAxMDAwNTU4Mg==,18.1,14.5,28.4,22.2,25.7,21.8,반등,3.5,17.3,13.9,27.2,20.9,24.0,20.6,반등,3.2,29.7,16.3,39.0,23.1,2023
서울,11,강서구,11500,고,공항고등학교,공립,서울특별시 강서구 마곡동,UzAxMDAwMDM4OQ==,11.9,12.0,16.0,8.9,25.0,14.8,반등,16.1,11.8,12.0,15.1,8.3,23.6,14.2,반등,15.3,37.6,16.2,28.9,7.0,2025
서울,11,강서구,11500,고,마포고등학교,사립,서울특별시 강서구 등촌동,UzAxMDAwMDQyOQ==,33.3,29.6,33.7,34.3,21.8,30.5,하락,12.5,32.1,28.0,33.5,32.9,21.9,29.7,연속↓,11.1,15.0,26.9,36.2,9.4,2023
서울,11,강서구,11500,고,덕원여자고등학교,사립,서울특별시 강서구 내발산동,UzAxMDAwMDQxOA==,19.3,17.9,19.9,31.0,20.5,21.7,하락,10.5,18.9,17.8,20.7,30.8,20.5,21.7,하락,10.4,20.9,23.5,32.1,2.2,2024
서울,11,강서구,11500,고,경복여자고등학교,사립,서울특별시 강서구 등촌동,UzAxMDAwMDM4MA==,14.3,15.7,21.7,28.1,19.9,19.9,하락,8.2,14.7,15.5,23.0,28.4,19.7,20.3,하락,8.7,23.2,26.8,26.3,11.1,2024
서울,11,강서구,11500,고,덕원예술고등학교,사립,서울특별시 강서구 내발산동,UzAxMDAwMDYyMg==,19.0,26.0,24.2,20.3,19.5,21.8,연속↓,0.9,18.7,24.3,23.0,19.5,18.5,20.8,연속↓,0.9,43.9,25.9,34.1,24.1,2022
서울,11,강서구,11500,고,동양고등학교,사립,서울특별시 강서구 가양1동,UzAxMDAwMDU4NA==,22.1,17.4,19.9,29.1,18.2,21.3,하락,10.9,22.7,17.3,19.3,26.2,18.1,20.7,하락,8.1,17.6,17.6,23.0,11.0,2024
서울,11,강서구,11500,고,경복비즈니스고등학교,사립,서울특별시 강서구 등촌동,UzAxMDAwMDYyOA==,9.7,14.8,15.4,13.0,16.9,13.9,반등,3.9,10.1,15.1,15.7,12.8,16.9,14.1,반등,4.2,23.2,17.6,14.4,,2025
서울,11,강서구,11500,고,한광고등학교,사립,서울 강서구 화곡동,UzAxMDAwMDU1MQ==,10.5,13.7,11.8,10.2,17.9,12.8,반등,7.8,9.9,13.6,11.2,9.7,16.9,12.3,반등,7.2,26.6,13.8,26.6,12.1,2025
서울,11,강서구,11500,고,등촌고등학교,공립,서울 강서구 등촌동,UzAxMDAwNTIwOA==,15.5,10.5,11.3,9.6,13.4,12.1,반등,3.8,14.4,9.7,10.6,9.7,14.3,11.7,반등,4.6,20.6,22.6,9.2,45.1,2021
서울,11,강서구,11500,고,영등포공업고등학교,사립,서울특별시 강서구 가양동,UzAxMDAwMDU5Ng==,15.1,14.4,19.2,17.4,14.8,16.2,연속↓,2.6,14.0,13.2,17.6,16.4,13.9,15.0,연속↓,2.6,15.8,8.3,29.5,40.0,2023
서울,11,강서구,11500,고,서울디지털콘텐츠고등학교,공립,서울디지털콘텐츠고등학교,UzAxMDAwMDU3OA==,13.1,12.3,20.0,18.5,16.0,16.0,연속↓,2.5,12.9,12.1,19.2,17.3,11.7,14.6,연속↓,5.6,28.6,10.0,45.5,85.7,2023
서울,11,강서구,11500,고,서울백영고등학교,사립,서울백영고등학교,UzAxMDAwMDY0Ng==,9.1,15.1,13.4,12.3,11.2,12.2,연속↓,1.1,8.5,14.3,12.2,11.5,11.1,11.5,연속↓,0.4,8.2,13.0,17.6,16.0,2022
서울,11,강서구,11500,고,한서고등학교,사립,서울 강서구 방화동,UzAxMDAwMDU1NA==,11.0,22.6,17.7,7.8,10.9,14.0,반등,3.2,13.5,28.2,21.1,8.1,10.5,16.3,반등,2.5,8.3,10.4,22.2,16.7,2022
서울,11,강서구,11500,고,화곡보건경영고등학교,사립,서울특별시 강서구 내발산동,UzAxMDAwMDY1NQ==,8.8,7.5,5.4,8.9,3.2,6.8,하락,5.7,9.4,7.6,5.9,9.2,2.9,7.0,하락,6.3,1.3,1.3,8.0,69.5,2021
서울,11,양천구,11470,중,목동중학교,공립,서울 양천구 신정2동,UzAxMDAwMDk3OA==,47.8,23.8,45.7,49.3,46.3,42.6,하락,3.1,47.9,23.6,44.1,48.2,44.7,41.7,하락,3.5,56.6,47.8,63.8,22.5,2024
서울,11,양천구,11470,중,신서중학교,공립,서울 양천구 신정1동,UzAxMDAwMDk4OQ==,48.8,32.4,41.4,45.3,45.1,42.6,하락,0.2,50.2,32.3,41.5,44.9,43.7,42.5,하락,1.2,56.5,44.0,59.3,22.5,2021
서울,11,양천구,11470,중,목일중학교,공립,서울특별시 양천구 신정6동,UzAxMDAwMDk3OQ==,41.6,34.7,47.7,41.1,42.5,41.5,반등,1.5,40.3,33.7,47.4,40.5,41.9,40.8,반등,1.5,46.1,45.1,61.6,19.6,2023
서울,11,양천구,11470,중,월촌중학교,공립,서울특별시 양천구 목5동,UzAxMDAwMTAwMQ==,42.3,28.1,45.2,43.8,39.5,39.8,연속↓,4.2,42.2,27.3,45.3,43.3,39.7,39.5,연속↓,3.6,37.3,51.5,52.8,17.8,2023
서울,11,양천구,11470,중,양정중학교,사립,서울특별시 양천구 안양천로,UzAxMDAwMDk5Nw==,45.4,34.3,42.4,46.4,37.0,41.1,하락,9.4,46.6,33.2,42.6,47.4,37.4,41.4,하락,9.9,42.7,70.1,65.6,19.7,2024
서울,11,양천구,11470,중,신남중학교,공립,서울특별시 양천구 신월2동,UzAxMDAwMDk4Nw==,26.3,23.7,34.9,33.6,38.6,31.4,반등,5.0,26.2,22.9,34.7,32.6,37.1,30.7,반등,4.5,42.0,32.2,61.1,39.1,2025
서울,11,양천구,11470,중,목운중학교,공립,서울특별시 양천구 목동,UzAxMDAwNTUxNQ==,39.2,36.5,34.4,31.8,33.6,35.1,반등,1.8,38.7,35.0,32.7,30.1,33.9,34.1,반등,3.8,51.1,47.3,56.1,24.3,2021
서울,11,양천구,11470,중,신목중학교,공립,서울특별시 양천구 목5동,UzAxMDAwMDk4OA==,36.4,30.3,33.4,30.0,34.7,33.0,반등,4.7,36.1,29.0,32.1,29.3,33.3,31.9,반등,4.0,45.6,28.8,49.4,23.7,2021
서울,11,양천구,11470,중,봉영여자중학교,사립,서울 양천구 신정7동,UzAxMDAwMDk4Mw==,33.7,30.3,32.7,35.9,32.2,32.9,하락,3.8,34.3,30.0,34.1,35.6,32.2,33.2,하락,3.4,39.9,39.4,40.4,19.7,2024
서울,11,양천구,11470,중,금옥중학교,공립,서울 양천구 신정3동,UzAxMDAwMDk3MQ==,30.3,25.4,31.6,32.1,31.1,30.1,하락,1.0,30.7,25.8,31.1,31.5,30.1,29.8,하락,1.4,37.1,31.7,47.2,29.8,2024
서울,11,양천구,11470,중,신화중학교,공립,서울 양천구 신월5동,UzAxMDAwMDk5Mw==,35.3,27.0,33.2,30.6,,31.5,-,,34.3,26.4,31.6,29.0,,30.3,-,,,,,,2021
서울,11,양천구,11470,중,영도중학교,사립,서울특별시 양천구 목동,UzAxMDAwMTAwMA==,36.7,28.5,30.9,27.3,26.4,30.0,연속↓,0.9,36.8,27.7,29.4,26.1,25.9,29.2,연속↓,0.1,35.2,31.2,36.7,48.4,2021
서울,11,양천구,11470,중,신월중학교,공립,서울특별시 양천구 신월동,UzAxMDAwMDk5MQ==,38.2,25.1,30.1,26.4,25.1,29.0,연속↓,1.3,38.9,25.7,31.0,26.5,25.4,29.5,연속↓,1.0,28.3,32.9,28.9,45.1,2021
서울,11,양천구,11470,중,양천중학교,공립,서울특별시 양천구 신월7동,UzAxMDAwMDk5OA==,23.0,25.1,22.4,20.6,25.0,23.2,반등,4.4,23.4,24.6,23.3,20.5,25.4,23.4,반등,4.8,24.7,30.9,35.1,50.8,2025
서울,11,양천구,11470,중,양서중학교,공립,서울특별시 양천구 신월동,UzAxMDAwMDk5Ng==,30.4,21.0,26.4,26.0,25.9,25.9,연속↓,0.1,30.7,21.4,26.5,25.9,25.1,25.9,연속↓,0.9,43.5,29.8,36.2,57.9,2021
서울,11,양천구,11470,중,강신중학교,공립,서울특별시 양천구 신월6동,UzAxMDAwMDk2Nw==,29.8,26.0,24.8,29.0,25.2,27.0,하락,3.8,30.5,25.0,24.9,28.3,24.6,26.7,하락,3.7,32.5,25.0,30.4,39.2,2021
서울,11,양천구,11470,중,양강중학교,공립,서울특별시 양천구 신월2동,UzAxMDAwMDk5NA==,27.2,18.5,26.4,30.8,25.4,25.7,하락,5.4,26.2,18.4,26.0,30.6,24.3,25.1,하락,6.2,37.6,25.1,35.7,39.9,2024
서울,11,양천구,11470,중,양동중학교,공립,서울특별시 양천구 목3동,UzAxMDAwMDk5NQ==,31.4,25.1,30.5,27.0,23.7,27.5,연속↓,3.2,31.7,25.3,30.6,25.3,22.7,27.1,연속↓,2.6,32.1,22.6,33.7,52.6,2021
서울,11,양천구,11470,중,신원중학교,공립,서울특별시 양천구 신월3동,UzAxMDAwMDk5MA==,22.6,20.1,27.3,24.7,21.2,23.2,연속↓,3.6,23.9,19.9,27.5,24.2,21.0,23.3,연속↓,3.2,27.3,23.2,26.4,60.9,2023
서울,11,양천구,11470,고,양정고등학교,사립,서울특별시 양천구 목동,UzAxMDAwMDQ4OA==,33.4,19.3,31.8,35.2,41.1,32.2,연속↑,5.9,34.4,19.6,34.0,37.0,41.5,33.3,연속↑,4.5,40.5,44.9,50.0,0.5,2025
서울,11,양천구,11470,고,서울영상고등학교,사립,서울영상고등학교,UzAxMDAwMDUwMA==,10.5,21.3,12.6,43.3,38.1,25.1,하락,5.2,11.3,22.1,13.6,41.6,37.7,25.3,하락,3.9,29.4,36.1,56.3,1.7,2024
서울,11,양천구,11470,고,신목고등학교,공립,서울특별시 양천구 신정동,UzAxMDAwMDQ4NQ==,19.1,24.8,21.2,30.1,33.0,25.6,연속↑,2.9,19.7,24.8,20.7,29.6,32.9,25.5,연속↑,3.2,32.4,37.8,50.2,2.3,2025
서울,11,양천구,11470,고,광영고등학교,사립,서울특별시 양천구 신월3동,UzAxMDAwMDM5Ng==,32.9,30.5,27.3,37.3,30.6,31.7,하락,6.7,34.9,31.5,25.9,36.2,30.7,31.9,하락,5.4,34.0,35.0,33.2,29.6,2024
서울,11,양천구,11470,고,신서고등학교,공립,서울특별시 양천구 신정동,UzAxMDAwNTI4NQ==,8.7,10.5,25.6,22.7,24.5,18.4,반등,1.8,8.5,11.8,25.5,23.1,24.4,18.6,반등,1.3,34.1,25.3,28.6,20.9,2023
서울,11,양천구,11470,고,진명여자고등학교,사립,서울특별시 양천구 목동로,UzAxMDAwMDUzNw==,22.0,17.2,20.4,29.1,24.8,22.7,하락,4.3,20.7,16.9,20.9,28.6,23.8,22.2,하락,4.7,32.6,20.0,30.3,3.7,2024
서울,11,양천구,11470,고,백암고등학교,사립,서울 양천구 신정3동,UzAxMDAwMDQ0NQ==,38.0,35.2,28.8,27.7,23.6,30.6,연속↓,4.1,39.6,35.5,30.6,29.5,22.4,31.5,연속↓,7.1,32.7,15.6,33.3,21.1,2021
서울,11,양천구,11470,고,대일관광고등학교,사립,서울특별시 양천구 신정동,UzAxMDAwMDYzNQ==,14.0,12.2,17.2,27.4,21.4,18.4,하락,6.0,12.9,11.7,15.8,25.5,22.0,17.6,하락,3.5,30.8,29.9,18.4,20.5,2024
서울,11,양천구,11470,고,금옥여자고등학교,공립,서울특별시 양천구 신정동,UzAxMDAwMDQwMQ==,19.9,15.9,18.1,20.9,19.6,18.9,하락,1.4,21.7,16.1,17.6,20.6,20.8,19.4,연속↑,0.2,17.2,42.4,17.2,8.4,2021
서울,11,양천구,11470,고,양천고등학교,사립,서울특별시 양천구 신정동,UzAxMDAwMDQ4OQ==,12.7,2.6,13.0,12.6,21.5,12.5,반등,8.9,11.6,2.6,12.2,11.7,20.6,11.7,반등,8.9,31.5,21.4,29.0,10.9,2025
서울,11,양천구,11470,고,강서고등학교,사립,서울 양천구 목4동,UzAxMDAwMDM3Mg==,18.8,7.0,29.5,34.4,20.7,22.1,하락,13.7,20.7,7.0,25.8,35.0,19.5,21.6,하락,15.5,42.1,14.4,19.3,16.2,2024
서울,11,양천구,11470,고,목동고등학교,사립,서울 양천구 신정7동,UzAxMDAwMDQ5MA==,17.3,18.4,16.8,14.8,18.4,17.1,반등,3.6,17.0,17.4,16.2,14.7,17.4,16.5,반등,2.7,14.8,12.5,30.6,,2025
서울,11,양천구,11470,고,서울금융고등학교,공립,서울금융고등학교,UzAxMDAwMDY0Mg==,10.6,6.4,10.1,15.4,17.1,11.9,연속↑,1.7,10.4,5.9,9.6,14.1,17.3,11.4,연속↑,3.3,15.9,26.2,20.5,30.7,2025
서울,11,양천구,11470,고,광영여자고등학교,사립,서울특별시 양천구 신월3동,UzAxMDAwMDM5Nw==,26.5,18.3,36.1,28.1,15.6,24.9,연속↓,12.5,25.9,18.4,37.5,27.5,15.7,25.0,연속↓,11.8,16.2,17.5,22.3,5.4,2023
서울,11,양천구,11470,고,한가람고등학교,사립,서울특별시 양천구 목동,UzAxMDAwMDU0OQ==,12.5,16.9,17.3,19.6,15.6,16.4,하락,4.1,12.5,16.5,17.1,19.1,14.6,15.9,하락,4.5,19.4,10.0,31.3,2.5,2024
서울,11,동대문구,11230,중,숭인중학교,공립,서울특별시 동대문구 답십리동,UzAxMDAwMTM3NQ==,26.9,28.7,36.3,37.0,43.8,34.5,연속↑,6.8,27.3,27.8,36.0,36.3,43.2,34.1,연속↑,6.9,47.7,50.8,54.2,28.1,2025
서울,11,동대문구,11230,중,휘경여자중학교,사립,서울특별시 동대문구 휘경동,UzAxMDAwMTM5Mg==,30.8,29.8,37.3,34.3,39.5,34.4,반등,5.2,31.0,29.2,37.2,34.2,39.8,34.2,반등,5.6,33.6,58.2,57.0,28.3,2025
서울,11,동대문구,11230,중,성일중학교,공립,서울특별시 동대문구 제기동,UzAxMDAwMTM3Mw==,29.7,29.7,31.2,36.7,39.1,33.3,연속↑,2.4,28.0,29.5,31.3,36.2,37.9,32.6,연속↑,1.8,55.0,35.7,55.4,32.1,2025
서울,11,동대문구,11230,중,동대문중학교,공립,서울특별시 동대문구 전농동,UzAxMDAwMTM2OA==,37.0,32.8,39.1,37.0,38.0,36.8,반등,1.0,36.4,32.3,38.7,36.4,37.8,36.3,반등,1.4,55.6,42.0,41.8,27.5,2023
서울,11,동대문구,11230,중,경희여자중학교,사립,서울특별시 동대문구 회기동,UzAxMDAwMTM2Mw==,33.4,25.1,28.0,28.2,32.4,29.4,연속↑,4.1,33.2,25.1,27.7,27.7,31.9,29.1,상승,4.3,36.6,41.1,34.4,23.4,2021
서울,11,동대문구,11230,중,장평중학교,공립,서울특별시 동대문구 장안1동,UzAxMDAwMTM4MQ==,20.4,18.9,28.5,33.3,30.9,26.4,하락,2.4,20.7,19.3,28.8,34.0,31.8,26.9,하락,2.2,33.0,41.9,35.5,25.5,2024
서울,11,동대문구,11230,중,전일중학교,공립,서울특별시 동대문구 전농동,UzAxMDAwMTM4NA==,29.4,26.9,28.2,28.4,31.7,28.9,연속↑,3.3,27.8,26.0,26.2,27.0,31.3,27.7,연속↑,4.3,29.7,44.1,44.9,42.4,2025
서울,11,동대문구,11230,중,대광중학교,사립,서울특별시 동대문구 신설동,UzAxMDAwMTM2NQ==,30.7,23.3,26.9,23.9,28.9,26.7,반등,5.0,31.2,22.5,26.1,23.8,28.9,26.5,반등,5.1,39.1,31.7,36.5,35.7,2021
서울,11,동대문구,11230,중,휘경중학교,공립,서울특별시 동대문구 망우로18나길,UzAxMDAwMTM5Mw==,30.3,23.2,29.0,25.7,30.1,27.7,반등,4.4,30.5,22.6,28.6,26.3,28.6,27.3,반등,2.3,43.6,28.7,37.6,42.6,2021
서울,11,동대문구,11230,중,전농중학교,공립,서울 동대문구 전농3동,UzAxMDAwMTM4Mg==,36.6,24.2,27.4,31.8,29.2,29.8,하락,2.7,37.3,23.8,27.0,31.9,28.4,29.7,하락,3.6,38.6,28.1,39.1,32.2,2021
서울,11,동대문구,11230,중,청량중학교,공립,서울특별시 동대문구 청량리동,UzAxMDAwMTM4OA==,32.4,23.3,28.9,26.6,28.2,27.9,반등,1.7,32.8,23.4,29.0,26.7,27.8,27.9,반등,1.1,39.8,30.1,35.7,44.4,2021
서울,11,동대문구,11230,중,동국대학교사범대학부속중학교,사립,서울특별시 동대문구 장안동,UzAxMDAwMTM2Nw==,25.4,27.0,29.4,27.6,26.2,27.1,연속↓,1.4,26.3,27.1,30.2,27.3,26.9,27.6,연속↓,0.5,28.2,33.1,27.0,31.5,2023
서울,11,동대문구,11230,중,경희중학교,사립,서울특별시 동대문구 회기동,UzAxMDAwMTM2NA==,30.7,24.2,24.9,27.9,25.0,26.5,하락,3.0,31.3,25.1,25.2,28.8,25.7,27.2,하락,3.1,18.9,38.1,29.7,33.7,2021
서울,11,동대문구,11230,중,정화여자중학교,사립,서울특별시 동대문구 제기1동,UzAxMDAwMTM4NQ==,20.1,22.8,21.1,19.8,24.3,21.6,반등,4.5,21.0,23.0,21.8,21.5,25.3,22.5,반등,3.8,37.8,40.0,20.0,48.9,2025
서울,11,동대문구,11230,중,전동중학교,공립,서울특별시 동대문구 휘경2동,UzAxMDAwMTM4Mw==,28.8,21.8,21.6,22.4,23.8,23.7,연속↑,1.3,28.3,21.3,20.8,21.7,22.2,22.9,연속↑,0.5,38.9,18.2,35.7,37.5,2021
서울,11,동대문구,11230,고,경희고등학교,사립,서울특별시 동대문구 이문동,UzAxMDAwMDM4NA==,37.8,47.1,32.8,42.8,54.8,43.0,연속↑,12.1,36.7,46.3,33.4,45.3,57.2,43.8,연속↑,11.9,49.2,77.3,46.2,3.2,2025
서울,11,동대문구,11230,고,대광고등학교,사립,서울특별시 동대문구 신설동,UzAxMDAwMDQwNw==,45.3,30.6,35.3,20.8,36.3,33.6,반등,15.6,46.2,30.8,33.8,18.4,38.0,33.5,반등,19.6,52.7,58.2,26.7,1.2,2021
서울,11,동대문구,11230,고,휘경여자고등학교,사립,서울특별시 동대문구 휘경동,UzAxMDAwMDU2Nw==,11.0,17.5,11.6,34.8,38.9,22.7,연속↑,4.2,11.6,17.1,11.4,32.3,37.7,22.0,연속↑,5.4,74.9,35.7,39.1,13.9,2025
서울,11,동대문구,11230,고,청량고등학교,공립,서울특별시 동대문구 청량리동,UzAxMDAwMDU0Mw==,34.3,34.0,33.5,40.1,38.5,36.1,하락,1.6,33.4,31.5,33.0,38.9,37.5,34.9,하락,1.5,60.8,39.6,45.4,22.9,2024
서울,11,동대문구,11230,고,해성여자고등학교,사립,서울특별시 동대문구 전농로20길,UzAxMDAwNTUzNg==,17.7,10.2,19.9,20.2,27.5,19.1,연속↑,7.3,18.1,10.0,19.4,21.1,27.7,19.3,연속↑,6.6,39.0,29.8,20.6,8.8,2025
서울,11,동대문구,11230,고,휘봉고등학교,공립,서울특별시 동대문구 휘경2동,UzAxMDAwNTU3Mw==,25.2,33.0,27.7,24.8,22.7,26.7,연속↓,2.1,25.5,33.5,29.2,24.2,22.2,26.9,연속↓,2.0,33.8,19.5,24.7,5.8,2022
서울,11,동대문구,11230,고,동국대학교사범대학부속고등학교,사립,서울특별시 동대문구 장안동,UzAxMDAwMDQyMA==,29.7,28.0,27.8,23.9,19.4,25.8,연속↓,4.5,28.1,27.5,26.4,21.9,19.2,24.6,연속↓,2.7,25.1,17.7,28.4,0.9,2021
서울,11,동대문구,11230,고,서울정화고등학교,사립,서울정화고등학교,UzAxMDAwMDYxMw==,4.6,16.6,15.6,7.3,16.7,12.2,반등,9.4,4.6,15.0,15.1,7.9,17.0,11.9,반등,9.1,22.9,19.0,18.8,42.7,2025
서울,11,동대문구,11230,고,해성국제컨벤션고등학교,사립,서울특별시 동대문구 전농동,UzAxMDAwMDYxNA==,7.6,19.6,14.9,20.2,16.3,15.7,하락,3.9,7.8,19.1,14.7,18.6,14.9,15.0,하락,3.7,30.7,8.9,19.8,47.5,2022
서울,11,동대문구,11230,고,경희여자고등학교,사립,서울특별시 동대문구 회기동,UzAxMDAwMDM4NQ==,20.0,33.9,43.6,32.0,13.6,28.6,연속↓,18.5,22.3,36.2,42.1,33.5,12.9,29.4,연속↓,20.6,26.2,9.9,10.8,29.0,2023
서울,11,동대문구,11230,고,서울반도체고등학교,공립,서울반도체고등학교,UzAxMDAwMDYwMg==,7.9,11.3,9.8,7.6,,9.1,-,,7.8,10.3,9.5,7.4,,8.7,-,,,,,,2022
서울,11,도봉구,11320,중,노곡중학교,공립,서울특별시 도봉구 창4동,UzAxMDAwMTY5OA==,47.8,33.3,43.6,44.3,46.1,43.0,연속↑,1.8,48.7,32.6,42.7,43.5,44.2,42.3,연속↑,0.7,60.7,42.7,65.5,23.6,2021
서울,11,도봉구,11320,중,효문중학교,공립,서울특별시 도봉구 쌍문동,UzAxMDAwNTI4OQ==,35.3,23.0,27.8,32.5,38.3,31.4,연속↑,5.8,35.4,23.6,27.5,32.2,38.0,31.3,연속↑,5.8,38.2,42.7,53.9,32.3,2025
서울,11,도봉구,11320,중,창동중학교,공립,서울특별시 도봉구 방학동,UzAxMDAwMTcyNg==,41.9,27.2,39.7,42.7,38.5,38.0,하락,4.2,40.6,26.2,39.0,41.8,37.3,37.0,하락,4.5,50.5,36.1,47.2,29.3,2024
서울,11,도봉구,11320,중,창북중학교,공립,서울 도봉구 창1동,UzAxMDAwMTcyNw==,35.9,24.4,28.5,39.7,35.2,32.7,하락,4.5,35.0,23.8,28.7,40.0,35.7,32.6,하락,4.4,34.3,50.0,43.4,31.9,2024
서울,11,도봉구,11320,중,창일중학교,공립,서울특별시 도봉구 창동,UzAxMDAwMTcyOA==,43.3,30.6,40.3,39.0,36.9,38.0,연속↓,2.0,43.5,30.4,40.2,37.3,35.6,37.4,연속↓,1.6,56.3,37.0,51.3,35.0,2021
서울,11,도봉구,11320,중,백운중학교,공립,서울특별시 도봉구 쌍문2동,UzAxMDAwMTcwNA==,25.0,23.2,24.9,26.5,29.5,25.8,연속↑,2.9,26.2,22.8,24.8,26.9,31.0,26.3,연속↑,4.2,22.0,55.1,40.2,25.8,2025
서울,11,도봉구,11320,중,도봉중학교,공립,서울특별시 도봉구 도봉2동,UzAxMDAwMTcwMg==,27.7,20.9,24.8,29.5,30.4,26.6,연속↑,0.9,27.2,20.1,24.2,28.9,29.6,26.0,연속↑,0.7,48.2,28.2,41.0,46.5,2025
서울,11,도봉구,11320,중,정의여자중학교,사립,서울특별시 도봉구 쌍문동,UzAxMDAwMTcyMg==,29.2,27.1,32.3,36.1,28.6,30.7,하락,7.5,29.7,26.7,33.4,36.5,28.1,30.9,하락,8.4,43.8,32.7,34.4,54.4,2024
서울,11,도봉구,11320,중,신도봉중학교,공립,서울특별시 도봉구 쌍문동,UzAxMDAwMTcxNA==,23.3,16.8,21.9,21.9,26.7,22.1,상승,4.9,24.0,16.7,21.8,22.8,27.4,22.5,연속↑,4.6,39.1,41.4,37.1,43.9,2025
서울,11,도봉구,11320,중,방학중학교,공립,서울특별시 도봉구 방학동,UzAxMDAwMTcwMw==,25.2,27.6,28.2,24.0,26.0,26.2,반등,2.0,25.8,27.1,27.9,23.8,25.4,26.0,반등,1.6,38.8,26.1,33.6,56.0,2023
서울,11,도봉구,11320,중,신방학중학교,공립,서울 도봉구 방학3동,UzAxMDAwMTcxNQ==,32.9,24.2,30.9,30.1,23.7,28.3,연속↓,6.4,32.9,23.3,31.8,31.4,24.2,28.7,연속↓,7.2,24.8,35.6,32.7,34.5,2021
서울,11,도봉구,11320,중,북서울중학교,공립,서울중학교,UzAxMDAwMTcwNQ==,37.2,22.7,23.0,24.0,24.0,26.2,→보합,,36.4,22.4,22.2,23.3,23.6,25.6,연속↑,0.3,53.5,28.5,30.5,46.7,2021
서울,11,도봉구,11320,중,선덕중학교,사립,서울 도봉구 쌍문4동,UzAxMDAwMTcxMg==,22.0,25.7,22.7,25.6,21.7,23.6,하락,4.0,21.7,25.1,22.8,25.4,21.1,23.2,하락,4.3,34.0,25.3,33.2,38.6,2024
서울,11,도봉구,11320,고,선덕고등학교,사립,서울특별시 도봉구 쌍문동,UzAxMDAwMDQ2NQ==,31.3,38.7,56.3,57.3,58.4,48.4,연속↑,1.1,31.4,36.8,52.0,55.3,59.7,47.0,연속↑,4.4,62.4,70.2,54.9,,2025
서울,11,도봉구,11320,고,서울외국어고등학교,사립,서울외국어고등학교,UzAxMDAwMDU3NA==,14.5,15.4,17.1,12.7,53.5,22.6,반등,40.7,13.1,14.8,15.7,11.5,50.7,21.2,반등,39.2,75.5,42.4,60.2,10.4,2025
서울,11,도봉구,11320,고,정의여자고등학교,사립,서울특별시 도봉구 쌍문4동,UzAxMDAwMDUyOQ==,12.7,17.8,17.1,29.1,36.6,22.6,연속↑,7.5,11.8,16.6,16.0,28.5,36.0,21.8,연속↑,7.5,47.2,33.9,48.6,2.8,2025
서울,11,도봉구,11320,고,효문고등학교,공립,서울특별시 도봉구 쌍문1동,UzAxMDAwNTI4OA==,14.3,15.9,26.1,27.9,35.5,23.9,연속↑,7.6,15.3,15.6,26.0,27.0,33.1,23.4,연속↑,6.1,52.1,27.0,43.8,16.1,2025
서울,11,도봉구,11320,고,창동고등학교,공립,서울특별시 도봉구 창동,UzAxMDAwMDU0MA==,19.8,25.3,20.6,25.2,24.3,23.0,하락,0.9,19.5,25.1,21.2,24.6,26.1,23.3,연속↑,1.5,17.0,53.9,23.1,1.9,2025
서울,11,도봉구,11320,고,누원고등학교,공립,서울특별시 도봉구 도봉동,UzAxMDAwNTE4MQ==,20.6,17.3,25.1,31.8,26.7,24.3,하락,5.0,20.8,17.7,24.6,30.8,25.7,23.9,하락,5.1,40.6,27.6,30.7,8.9,2024
서울,11,도봉구,11320,고,자운고등학교,공립,서울특별시 도봉구 창동,UzAxMDAwNTIwNQ==,10.6,11.4,15.0,15.7,17.7,14.1,연속↑,2.0,10.6,11.3,14.9,16.5,17.1,14.1,연속↑,0.6,15.6,16.4,31.5,11.1,2025
서울,11,도봉구,11320,고,서울문화고등학교,공립,서울문화고등학교,UzAxMDAwMDYzNw==,8.5,5.8,6.2,8.9,13.4,8.6,연속↑,4.5,8.7,5.8,6.6,9.6,15.4,9.2,연속↑,5.8,9.6,28.9,3.6,1.2,2025
서울,11,도봉구,11320,고,세그루패션디자인고등학교,사립,서울특별시 도봉구 쌍문동,UzAxMDAwMDYxOA==,6.2,10.2,7.0,7.6,8.7,7.9,연속↑,1.1,6.0,10.4,6.3,7.9,8.8,7.9,연속↑,1.0,8.3,9.6,11.7,45.0,2022
서울,11,중랑구,11260,중,태릉중학교,공립,서울특별시 중랑구 묵동,UzAxMDAwMTM4OQ==,28.2,21.2,24.5,30.5,40.4,29.0,연속↑,9.9,27.4,20.5,23.6,29.8,40.8,28.4,연속↑,11.0,37.9,53.9,59.1,34.1,2025
서울,11,중랑구,11260,중,혜원여자중학교,사립,서울특별시 중랑구 망우동,UzAxMDAwMTM5MQ==,28.4,25.0,36.8,32.9,40.0,32.6,반등,7.1,28.1,24.6,36.6,32.9,39.5,32.3,반등,6.6,38.3,42.5,57.7,39.2,2025
서울,11,중랑구,11260,중,신현중학교,공립,서울특별시 중랑구 상봉1동,UzAxMDAwMTM3Ng==,27.1,26.6,32.6,32.7,36.1,31.0,연속↑,3.4,27.3,26.4,31.9,32.6,36.9,31.0,연속↑,4.3,20.7,51.6,56.1,29.3,2025
서울,11,중랑구,11260,중,용마중학교,공립,서울특별시 중랑구 면목4동,UzAxMDAwMTM3OA==,31.9,28.5,31.6,33.8,35.4,32.3,연속↑,1.6,31.4,27.1,30.5,32.6,35.3,31.4,연속↑,2.7,49.3,45.4,50.7,37.5,2025
서울,11,중랑구,11260,중,송곡중학교,사립,서울특별시 중랑구 망우본동,UzAxMDAwMTM3NA==,24.0,25.7,31.4,30.9,31.7,28.7,반등,0.8,25.4,25.0,30.9,30.7,32.4,28.9,반등,1.6,35.5,43.8,37.5,29.8,2025
서울,11,중랑구,11260,중,영란여자중학교,사립,서울특별시 중랑구 망우동,UzAxMDAwMTM3Nw==,29.7,22.6,27.0,32.9,29.0,28.3,하락,4.0,30.5,22.2,27.3,33.3,29.5,28.5,하락,3.8,33.9,45.8,29.0,35.5,2024
서울,11,중랑구,11260,중,원묵중학교,공립,서울특별시 중랑구 묵1동,UzAxMDAwMTM3OQ==,34.5,29.9,41.7,40.8,29.5,35.3,연속↓,11.3,34.4,29.6,40.7,40.0,27.9,34.5,연속↓,12.2,37.2,27.5,50.9,48.4,2023
서울,11,중랑구,11260,중,중랑중학교,공립,서울특별시 중랑구 중화동,UzAxMDAwMTM4Ng==,30.6,23.9,25.7,22.2,27.5,26.0,반등,5.3,31.4,24.0,26.1,21.5,27.4,26.1,반등,5.9,31.5,39.1,36.7,45.1,2021
서울,11,중랑구,11260,중,중화중학교,공립,서울특별시 중랑구 면목동,UzAxMDAwMTM4Nw==,35.0,20.0,24.9,24.0,27.3,26.2,반등,3.3,35.2,20.0,24.6,23.9,27.2,26.2,반등,3.4,26.7,39.7,39.3,46.3,2021
서울,11,중랑구,11260,중,상봉중학교,공립,서울특별시 중랑구 상봉1동,UzAxMDAwMTM3Mg==,31.8,25.4,29.9,23.8,27.7,27.7,반등,3.8,32.4,25.3,29.6,23.8,26.7,27.5,반등,2.9,28.0,37.0,39.9,50.0,2021
서울,11,중랑구,11260,중,봉화중학교,공립,서울특별시 중랑구 망우본동,UzAxMDAwMTM3MQ==,24.8,21.3,25.8,25.8,26.8,24.9,상승,1.0,23.8,20.4,26.2,26.6,26.6,24.7,→보합,,34.5,31.4,31.4,46.4,2025
서울,11,중랑구,11260,중,면목중학교,공립,서울특별시 중랑구 면목동,UzAxMDAwMTM3MA==,33.6,26.8,27.0,24.1,26.2,27.5,반등,2.0,35.0,27.2,26.9,23.5,26.2,27.8,반등,2.7,24.2,30.9,42.3,41.5,2021
서울,11,중랑구,11260,중,장안중학교,공립,서울 중랑구 중화1동,UzAxMDAwMTM4MA==,29.2,25.1,27.2,24.4,26.6,26.5,반등,2.3,30.0,24.4,27.1,24.5,25.9,26.4,반등,1.4,36.7,27.3,43.3,44.7,2021
서울,11,중랑구,11260,중,동원중학교,공립,서울특별시 중랑구 망우동,UzAxMDAwMTM2OQ==,28.4,21.6,20.9,22.2,25.3,23.7,연속↑,3.1,27.9,21.0,19.3,22.2,25.2,23.1,연속↑,3.0,26.0,35.7,35.7,47.0,2021
서울,11,중랑구,11260,고,혜원여자고등학교,사립,서울특별시 중랑구 망우동,UzAxMDAwMDU2MQ==,12.4,24.2,31.9,31.1,40.3,28.0,반등,9.2,12.1,24.9,31.5,31.6,40.5,28.1,연속↑,8.8,52.2,59.7,48.9,2.2,2025
서울,11,중랑구,11260,고,태릉고등학교,공립,서울특별시 중랑구 묵동,UzAxMDAwMDU0Nw==,17.6,21.1,20.9,20.5,33.0,22.6,반등,12.5,19.8,22.8,21.7,21.2,33.7,23.8,반등,12.5,30.7,39.1,34.5,6.0,2025
서울,11,중랑구,11260,고,중화고등학교,공립,서울특별시 중랑구 중화동,UzAxMDAwMDUzNg==,29.1,17.0,13.0,23.0,30.3,22.5,연속↑,7.3,30.6,17.6,13.1,23.7,30.5,23.1,연속↑,6.8,36.5,33.0,30.4,1.6,2021
서울,11,중랑구,11260,고,신현고등학교,공립,서울특별시 중랑구 상봉1동,UzAxMDAwNTIwNA==,20.4,26.3,31.1,38.3,30.5,29.3,하락,7.8,20.2,24.9,31.0,39.7,29.4,29.0,하락,10.3,33.3,24.6,40.0,3.3,2024
서울,11,중랑구,11260,고,원묵고등학교,공립,서울특별시 중랑구 묵동,UzAxMDAwNTM2NA==,21.0,29.7,36.9,33.4,27.7,29.7,연속↓,5.7,20.7,29.9,37.7,32.9,27.7,29.8,연속↓,5.2,46.9,29.3,29.7,5.3,2023
서울,11,중랑구,11260,고,면목고등학교,공립,서울특별시 중랑구 용마산로72길,UzAxMDAwMDQzMA==,23.3,27.5,18.9,24.6,23.7,23.6,하락,0.9,23.1,27.1,18.3,24.6,23.5,23.3,하락,1.1,37.4,22.7,19.6,11.0,2022
서울,11,중랑구,11260,고,송곡여자고등학교,사립,서울특별시 중랑구 망우동,UzAxMDAwMDQ3Ng==,15.0,13.3,12.3,12.8,22.1,15.1,연속↑,9.4,14.9,12.9,12.4,11.9,21.0,14.6,반등,9.2,26.6,16.9,31.3,9.5,2025
서울,11,중랑구,11260,고,송곡고등학교,사립,서울특별시 중랑구 망우본동,UzAxMDAwMDQ3NQ==,19.8,17.3,14.5,16.2,13.9,16.3,하락,2.3,20.5,16.9,14.7,16.3,14.0,16.5,하락,2.3,23.0,19.4,11.7,18.0,2021
서울,11,중랑구,11260,고,이화여자대학교병설미디어고등학교,사립,서울특별시 중랑구 망우동,UzAxMDAwMDY1MA==,10.5,11.5,17.3,12.8,12.8,13.0,→보합,,10.6,10.8,16.6,12.3,12.4,12.5,반등,0.2,9.7,11.9,19.5,51.9,2023
서울,11,중랑구,11260,고,송곡관광고등학교,사립,서울특별시 중랑구 망우1동,UzAxMDAwMDY0Nw==,7.9,3.0,7.0,11.0,7.8,7.3,하락,3.1,7.6,2.8,6.4,10.4,6.0,6.6,하락,4.4,7.5,12.5,17.5,55.6,2024
서울,11,중구,11140,중,환일중학교,사립,서울특별시 중구 만리동2가,UzAxMDAwMjM2NA==,37.0,32.3,33.9,42.3,44.0,37.9,연속↑,1.7,36.6,31.3,32.4,42.3,44.0,37.3,연속↑,1.7,56.4,50.9,40.0,25.5,2025
서울,11,중구,11140,중,금호여자중학교,공립,서울특별시 중구 신당동,UzAxMDAwMjMzNw==,38.3,33.2,42.3,41.8,,38.9,-,,37.8,32.5,40.4,39.8,,37.6,-,,,,,,2023
서울,11,중구,11140,중,창덕여자중학교,공립,서울특별시 중구 정동,UzAxMDAwMjM2MA==,48.5,28.9,44.4,40.5,35.4,39.6,연속↓,5.1,48.7,28.6,43.4,38.8,34.0,38.7,연속↓,4.8,46.2,37.3,48.1,28.8,2021
서울,11,중구,11140,중,장원중학교,공립,서울특별시 중구 신당동,UzAxMDAwMjM1Nw==,36.5,25.1,43.6,34.3,32.8,34.4,연속↓,1.5,35.7,25.7,44.4,33.9,32.5,34.4,연속↓,1.3,40.3,35.1,51.4,35.8,2023
서울,11,중구,11140,중,대경중학교,사립,서울 중구 신당4동,UzAxMDAwMjMzOA==,30.5,22.2,21.4,29.5,30.3,26.8,연속↑,0.8,30.6,22.8,21.9,30.9,32.1,27.7,연속↑,1.1,24.8,51.3,39.3,18.0,2025
서울,11,중구,11140,중,장충중학교,사립,서울특별시 중구 신당동,UzAxMDAwMjM1OA==,29.6,27.9,28.3,27.5,25.9,27.9,연속↓,1.6,29.5,27.1,27.3,26.8,26.5,27.5,연속↓,0.4,64.2,33.3,14.9,37.3,2021
서울,11,중구,11140,중,덕수중학교,공립,서울 중구 인현동2가,UzAxMDAwMjM0MQ==,28.2,21.7,24.6,24.4,24.0,24.6,연속↓,0.4,28.3,21.2,24.1,24.3,24.2,24.4,하락,0.1,25.3,33.8,32.4,43.7,2021
서울,11,중구,11140,중,한양중학교,사립,서울특별시 중구 신당동,UzAxMDAwMjM2Mw==,27.0,18.1,22.6,22.9,16.8,21.5,하락,6.2,27.1,18.0,23.4,23.9,17.0,21.9,하락,6.9,25.5,25.5,24.5,45.7,2021
서울,11,중구,11140,고,이화여자고등학교,사립,서울특별시 중구 정동,UzAxMDAwMDUxNg==,32.3,31.0,44.2,55.3,39.4,40.4,하락,15.9,33.1,33.3,47.9,56.1,39.0,41.9,하락,17.1,26.5,55.2,59.0,1.2,2024
서울,11,중구,11140,고,성동고등학교,공립,서울특별시 중구 신당5동,UzAxMDAwMDQ2OQ==,19.0,20.2,21.3,22.5,37.5,24.1,연속↑,15.0,20.3,20.9,22.1,23.1,37.9,24.9,연속↑,14.8,50.7,47.0,28.7,1.5,2025
서울,11,중구,11140,고,환일고등학교,사립,서울특별시 중구 만리동2가,UzAxMDAwMDU2Ng==,19.4,18.9,24.1,34.1,31.0,25.5,하락,3.2,18.8,19.4,21.9,32.8,30.3,24.6,하락,2.5,54.8,40.9,25.8,27.4,2024
서울,11,중구,11140,고,서울의료보건고등학교,사립,서울의료보건고등학교,UzAxMDAwMDYwNA==,11.3,13.1,8.4,6.2,26.5,13.1,반등,20.3,11.6,13.0,8.0,6.0,29.0,13.5,반등,23.0,19.2,71.7,30.3,12.5,2025
서울,11,중구,11140,고,이화여자외국어고등학교,사립,서울특별시 중구 순화동,UzAxMDAwMDU3NQ==,13.3,15.6,20.8,14.2,28.2,18.4,반등,14.0,12.2,13.9,18.0,12.3,26.1,16.5,반등,13.8,57.4,18.4,48.9,4.2,2025
서울,11,중구,11140,고,대경생활과학고등학교,사립,서울특별시 중구 신당동,UzAxMDAwMDYzMw==,33.1,37.9,21.8,20.1,22.6,27.1,반등,2.5,31.4,38.1,21.0,19.7,21.5,26.3,반등,1.8,26.8,18.4,32.5,0.9,2022
서울,11,중구,11140,고,장충고등학교,사립,서울특별시 중구 동호로15길,UzAxMDAwMDUyNQ==,13.7,12.8,13.3,17.9,20.3,15.6,연속↑,2.4,13.7,12.8,12.3,17.5,20.2,15.3,연속↑,2.7,23.2,28.5,23.0,15.8,2025
서울,11,중구,11140,고,한양공업고등학교,사립,서울특별시 중구 신당동,UzAxMDAwMDYwMQ==,19.0,15.9,13.5,19.4,21.7,17.9,연속↑,2.3,18.5,15.6,13.4,18.5,20.0,17.2,연속↑,1.5,41.0,33.3,44.4,61.5,2025
서울,11,중구,11140,고,성동공업고등학교,공립,서울 중구 흥인동,UzAxMDAwMDU5MQ==,7.2,10.9,10.6,17.0,18.9,12.9,연속↑,2.0,7.2,10.4,10.6,16.3,17.8,12.5,연속↑,1.5,30.6,12.5,18.8,3.1,2025
서울,11,중구,11140,고,리라아트고등학교,사립,서울특별시 중구 예장동,UzAxMDAwMDY1Ng==,13.7,11.4,15.1,13.7,12.7,13.3,연속↓,1.0,15.1,12.4,16.2,15.4,13.8,14.6,연속↓,1.5,11.3,30.8,12.5,41.3,2023
서울,11,중구,11140,고,성동글로벌경영고등학교,공립,서울특별시 중구 신당동,UzAxMDAwMDYxNw==,27.9,16.3,16.8,10.5,11.5,16.6,반등,1.1,26.4,15.9,16.1,10.8,11.7,16.2,반등,0.9,5.3,14.0,21.1,34.2,2021
서울,11,은평구,11380,중,신도중학교,공립,서울특별시 은평구 진관동,UzAxMDAwNTU2MQ==,37.7,29.8,41.9,41.9,41.6,38.6,하락,0.3,36.7,28.7,41.4,41.2,40.4,37.7,연속↓,0.9,58.9,42.8,53.2,26.8,2023
서울,11,은평구,11380,중,증산중학교,공립,서울특별시 은평구 증산동,UzAxMDAwMTk2MQ==,41.3,26.9,31.1,40.0,37.1,35.3,하락,2.9,42.6,26.5,29.6,39.6,36.5,34.9,하락,3.2,44.0,37.0,56.5,25.3,2021
서울,11,은평구,11380,중,은평중학교,공립,서울특별시 은평구 구산동,UzAxMDAwMTk1Mw==,28.2,27.5,26.3,33.2,33.7,29.8,연속↑,0.5,28.6,27.6,26.1,32.6,33.4,29.7,연속↑,0.8,31.9,43.9,41.7,38.6,2025
서울,11,은평구,11380,중,불광중학교,공립,서울특별시 은평구 불광동,UzAxMDAwMTkzMg==,32.8,24.1,30.8,33.6,32.7,30.8,하락,1.0,33.6,25.0,31.5,33.9,33.2,31.4,하락,0.7,31.5,42.9,36.7,33.9,2024
서울,11,은평구,11380,중,선일여자중학교,사립,서울특별시 은평구 갈현동,UzAxMDAwMTkzNg==,32.4,30.9,34.0,34.1,32.0,32.7,하락,2.1,31.5,30.6,33.7,34.5,32.9,32.6,하락,1.6,46.0,49.0,26.0,30.9,2024
서울,11,은평구,11380,중,연천중학교,공립,서울특별시 은평구 불광2동,UzAxMDAwMTk0OQ==,29.8,21.0,32.1,28.9,33.7,29.1,반등,4.8,29.9,20.8,31.8,28.2,32.5,28.6,반등,4.2,41.5,32.3,54.5,34.3,2025
서울,11,은평구,11380,중,진관중학교,공립,서울특별시 은평구 진관동,UzAxMDAwNTUxMA==,30.2,28.1,33.1,34.8,33.7,32.0,하락,1.1,31.6,27.8,33.8,34.8,32.4,32.1,하락,2.3,42.6,38.1,46.7,30.6,2024
서울,11,은평구,11380,중,덕산중학교,공립,서울 은평구 신사1동,UzAxMDAwMTkyOA==,31.4,26.8,30.6,34.1,31.5,30.9,하락,2.6,31.1,26.2,29.8,34.8,30.6,30.5,하락,4.1,50.0,34.7,44.7,37.1,2024
서울,11,은평구,11380,중,대성중학교,사립,서울특별시 은평구 갈현2동,UzAxMDAwMTkyNw==,36.9,26.0,33.3,30.9,28.7,31.2,연속↓,2.2,35.4,25.5,33.0,30.5,27.5,30.4,연속↓,3.0,24.1,25.6,51.5,36.8,2021
서울,11,은평구,11380,중,영락중학교,사립,서울특별시 은평구 응암동,UzAxMDAwMTk1MQ==,27.5,18.2,21.8,26.3,27.4,24.2,연속↑,1.1,27.3,17.8,21.0,25.6,25.9,23.5,연속↑,0.3,43.6,23.1,38.5,30.3,2021
서울,11,은평구,11380,중,숭실중학교,사립,서울 은평구 신사2동,UzAxMDAwMTk0Mg==,28.5,22.3,20.3,25.0,26.3,24.5,연속↑,1.3,28.4,21.8,19.7,24.6,25.2,24.0,연속↑,0.6,32.0,29.8,40.2,44.6,2021
서울,11,은평구,11380,중,구산중학교,공립,서울특별시 은평구 구산동,UzAxMDAwMTkyNg==,28.3,22.5,23.8,24.0,25.5,24.8,연속↑,1.5,27.3,21.5,22.6,23.5,25.2,24.0,연속↑,1.7,30.7,27.5,36.5,43.2,2021
서울,11,은평구,11380,중,예일여자중학교,사립,서울특별시 은평구 구산동,UzAxMDAwMTk1Mg==,27.7,20.8,21.4,25.5,26.1,24.3,연속↑,0.6,26.9,20.2,21.0,25.0,25.1,23.6,연속↑,0.2,34.0,26.4,37.3,45.6,2021
서울,11,은평구,11380,중,상신중학교,공립,서울특별시 은평구 신사동,UzAxMDAwMTkzMw==,29.0,24.7,26.2,27.9,26.2,26.8,하락,1.7,28.5,23.6,25.9,26.9,25.0,26.0,하락,1.9,35.9,25.2,39.8,41.0,2021
서울,11,은평구,11380,중,연서중학교,공립,서울특별시 은평구 증산동,UzAxMDAwMTk0Nw==,28.4,23.4,26.9,25.3,26.3,26.0,반등,1.0,26.1,21.8,24.7,23.0,24.4,24.0,반등,1.4,50.0,18.6,37.9,42.1,2021
서울,11,은평구,11380,중,연신중학교,공립,서울특별시 은평구 불광동,UzAxMDAwMTk0OA==,32.6,22.1,26.2,24.9,23.9,26.0,연속↓,1.1,33.1,21.6,25.9,24.2,22.4,25.5,연속↓,1.8,34.3,17.6,34.3,56.5,2021
서울,11,은평구,11380,중,충암중학교,사립,서울특별시 은평구 응암동,UzAxMDAwMTk2Mg==,27.8,25.8,25.8,25.0,22.6,25.4,연속↓,2.5,26.1,25.6,24.5,23.7,20.9,24.2,연속↓,2.8,40.6,16.2,38.8,40.4,2021
서울,11,은평구,11380,중,선정중학교,사립,서울특별시 은평구 갈현동,UzAxMDAwMTkzNw==,32.0,30.6,24.8,23.7,18.6,25.9,연속↓,5.1,32.3,29.3,24.8,23.9,18.1,25.7,연속↓,5.8,26.9,22.3,30.5,50.9,2021
서울,11,은평구,11380,고,하나고등학교,사립,서울특별시 은평구 진관동,UzAxMDAwNTYxNg==,25.3,35.9,44.4,27.9,40.6,34.8,반등,12.8,24.7,35.8,41.1,26.0,39.7,33.5,반등,13.8,56.5,39.6,65.2,1.0,2023
서울,11,은평구,11380,고,선일여자고등학교,사립,서울특별시 은평구 갈현동,UzAxMDAwMDQ2Ng==,16.4,27.7,48.4,39.6,34.6,33.3,연속↓,5.0,15.6,26.5,50.2,38.7,34.7,33.1,연속↓,3.9,38.1,42.0,36.9,,2023
서울,11,은평구,11380,고,은평고등학교,공립,서울특별시 은평구 갈현로15길,UzAxMDAwNTU4Mw==,19.9,31.5,28.7,17.8,30.0,25.6,반등,12.2,19.9,31.2,29.8,18.1,31.0,26.0,반등,12.9,34.9,39.9,25.0,11.8,2022
서울,11,은평구,11380,고,동명여자고등학교,사립,서울특별시 은평구 대조동,UzAxMDAwMDQyMg==,10.5,14.9,36.1,41.8,25.8,25.8,하락,16.0,11.5,17.0,34.0,40.7,25.1,25.6,하락,15.6,36.9,22.8,35.4,6.5,2024
서울,11,은평구,11380,고,숭실고등학교,사립,서울특별시 은평구 신사동,UzAxMDAwMDQ4MQ==,19.1,20.4,28.3,26.1,24.9,23.7,연속↓,1.3,20.1,20.3,29.0,26.1,25.0,24.1,연속↓,1.0,36.1,28.4,34.6,9.9,2023
서울,11,은평구,11380,고,진관고등학교,공립,서울특별시 은평구 진관4로,UzAxMDAwNTUyNQ==,15.9,20.2,29.4,29.4,23.6,23.7,하락,5.8,15.6,20.9,29.2,28.9,24.4,23.8,연속↓,4.5,32.1,32.5,20.2,7.0,2023
서울,11,은평구,11380,고,선정고등학교,사립,서울특별시 은평구 갈현동,UzAxMDAwMDQ2Nw==,24.1,26.1,29.4,32.4,24.0,27.2,하락,8.4,22.7,25.3,29.0,33.3,24.2,26.9,하락,9.2,28.0,27.7,24.2,9.8,2024
서울,11,은평구,11380,고,대성고등학교,사립,서울특별시 은평구 갈현2동,UzAxMDAwMDQwOA==,33.3,38.4,34.0,22.3,23.6,30.3,반등,1.3,33.0,38.9,34.0,21.5,23.4,30.2,반등,1.9,23.3,22.3,34.9,13.5,2022
서울,11,은평구,11380,고,예일여자고등학교,사립,서울특별시 은평구 구산동,UzAxMDAwMDUwNg==,42.5,40.5,42.6,27.6,23.9,35.4,연속↓,3.7,42.4,41.2,42.5,26.4,22.6,35.0,연속↓,3.9,38.2,14.6,24.9,7.9,2023
서울,11,은평구,11380,고,은평메디텍고등학교,사립,서울특별시 은평구 진관2로,UzAxMDAwMDUxNQ==,18.7,15.4,13.9,20.7,23.7,18.5,연속↑,3.0,18.1,15.8,13.8,18.9,21.8,17.7,연속↑,2.9,56.9,11.7,11.2,19.8,2025
서울,11,은평구,11380,고,선일빅데이터고등학교,사립,서울특별시 은평구 갈현동,UzAxMDAwMDYwOA==,24.2,14.1,12.5,10.1,21.4,16.5,반등,11.4,23.7,15.2,12.9,9.9,20.9,16.5,반등,11.1,21.0,18.0,28.4,34.3,2021
서울,11,은평구,11380,고,신도고등학교,공립,서울특별시 은평구 진관동,UzAxMDAwNTUzMA==,11.0,9.6,40.8,15.7,20.1,19.4,반등,4.4,10.4,9.3,36.5,14.3,19.7,18.0,반등,5.4,25.0,30.2,32.3,34.4,2023
서울,11,은평구,11380,고,세명컴퓨터고등학교,사립,서울특별시 은평구 불광동,UzAxMDAwMDY1OQ==,13.4,16.8,17.7,13.4,17.8,15.8,반등,4.4,13.7,16.1,18.2,13.2,18.4,15.9,반등,5.2,7.7,23.5,25.8,19.7,2025
서울,11,은평구,11380,고,충암고등학교,사립,서울특별시 은평구 응암동,UzAxMDAwMDU0Ng==,14.2,19.0,20.9,23.1,15.3,18.5,하락,7.8,14.8,17.3,21.6,24.8,15.5,18.8,하락,9.3,12.3,22.1,20.5,16.1,2024
서울,11,은평구,11380,고,동명생활경영고등학교,사립,서울특별시 은평구 대조동,UzAxMDAwMDYzOA==,12.0,17.7,17.8,12.8,15.6,15.2,반등,2.8,11.2,16.7,16.6,11.8,15.0,14.2,반등,3.3,14.5,11.8,25.0,48.7,2022
서울,11,은평구,11380,고,선정국제관광고등학교,사립,서울특별시 은평구 갈현동,UzAxMDAwMDYxNg==,15.9,10.3,14.8,9.4,11.0,12.3,반등,1.6,15.4,10.8,14.5,9.5,11.1,12.3,반등,1.7,13.0,13.0,10.8,46.2,2021
서울,11,은평구,11380,고,예일디자인고등학교,사립,서울특별시 은평구 구산동,UzAxMDAwMDYyMA==,6.3,7.2,12.3,8.1,10.4,8.8,반등,2.4,6.9,7.5,13.0,8.4,10.5,9.2,반등,2.1,14.4,12.2,11.6,41.1,2023
서울,11,은평구,11380,고,신진과학기술고등학교,사립,서울특별시 은평구 응암동,UzAxMDAwMDU5NQ==,7.7,14.2,12.7,8.2,9.4,10.4,반등,1.2,7.8,13.6,12.5,8.6,9.5,10.4,반등,1.0,11.1,15.6,8.8,48.6,2022
서울,11,관악구,11620,중,구암중학교,공립,서울특별시 관악구 봉천동,UzAxMDAwNTIxMQ==,43.1,27.5,40.7,39.0,40.1,38.1,반등,1.1,42.5,27.2,39.9,39.0,39.7,37.7,반등,0.7,46.4,45.0,53.0,26.9,2021
서울,11,관악구,11620,중,삼성중학교,공립,서울특별시 관악구 대학동,UzAxMDAwMTU2OQ==,32.0,23.2,36.5,37.3,38.1,33.4,연속↑,0.9,31.2,23.1,36.2,36.4,37.2,32.8,연속↑,0.8,48.0,35.6,50.7,44.0,2025
서울,11,관악구,11620,중,관악중학교,공립,서울특별시 관악구 봉천동,UzAxMDAwMTU0Nw==,38.3,23.3,24.2,34.2,33.8,30.8,하락,0.4,38.4,22.9,23.5,35.7,33.5,30.8,하락,2.1,50.6,42.1,34.1,36.0,2021
서울,11,관악구,11620,중,미성중학교,공립,서울특별시 관악구 신림동,UzAxMDAwMTU1OQ==,28.8,23.3,34.2,35.3,31.4,30.6,하락,3.9,29.6,23.2,34.8,35.7,30.3,30.7,하락,5.4,41.7,36.4,46.1,30.3,2024
서울,11,관악구,11620,중,광신중학교,사립,서울특별시 관악구 신림동,UzAxMDAwMTU0OA==,24.0,22.7,30.3,29.7,30.4,27.4,반등,0.7,24.2,21.9,30.0,29.8,30.2,27.2,반등,0.4,46.1,34.2,26.0,35.1,2025
서울,11,관악구,11620,중,인헌중학교,공립,서울특별시 관악구 봉천동,UzAxMDAwMTU3Mg==,31.5,22.4,31.8,38.2,28.2,30.4,하락,9.9,31.8,22.6,33.8,39.2,28.6,31.2,하락,10.5,34.9,41.0,38.8,37.5,2024
서울,11,관악구,11620,중,봉원중학교,공립,서울 관악구 봉천6동,UzAxMDAwMTU2MQ==,33.7,19.8,25.6,25.7,28.5,26.7,연속↑,2.8,33.5,19.5,25.2,25.2,27.8,26.2,상승,2.6,31.8,27.7,45.2,41.4,2021
서울,11,관악구,11620,중,신림중학교,공립,서울특별시 관악구 신림동,UzAxMDAwMTU3MA==,37.8,26.1,28.2,34.5,28.4,31.0,하락,6.1,37.3,25.3,28.0,33.8,27.7,30.4,하락,6.1,34.9,30.1,46.2,52.3,2021
서울,11,관악구,11620,중,난우중학교,공립,서울특별시 관악구 신림동,UzAxMDAwMTU1MA==,30.8,24.4,29.6,28.4,27.7,28.2,연속↓,0.7,30.3,24.7,29.5,28.3,27.1,28.0,연속↓,1.1,52.7,32.1,36.7,43.3,2021
서울,11,관악구,11620,중,서울문영여자중학교,사립,서울문영여자중학교,UzAxMDAwMTU2NQ==,33.1,26.4,35.1,30.2,28.4,30.6,연속↓,1.8,32.6,24.6,33.4,29.3,26.6,29.3,연속↓,2.7,40.6,26.8,54.7,42.2,2023
서울,11,관악구,11620,중,신관중학교,공립,서울특별시 관악구 신림동,UzAxMDAwMTU2OA==,37.3,27.4,34.3,33.8,26.7,31.9,연속↓,7.1,36.9,26.7,35.2,34.5,26.6,32.0,연속↓,8.0,32.0,27.6,33.3,40.0,2021
서울,11,관악구,11620,중,봉림중학교,공립,서울특별시 관악구 봉천동,UzAxMDAwMTU2MA==,18.0,21.9,31.0,32.9,25.6,25.9,하락,7.3,17.6,22.6,30.4,33.2,26.3,26.0,하락,6.9,43.4,33.7,22.9,44.6,2024
서울,11,관악구,11620,중,당곡중학교,공립,서울특별시 관악구 보라매동,UzAxMDAwMTU1NA==,25.9,24.3,39.7,33.0,24.7,29.5,연속↓,8.2,26.6,24.8,39.8,34.4,25.3,30.2,연속↓,9.1,23.0,33.7,33.5,44.8,2023
서울,11,관악구,11620,중,성보중학교,사립,서울특별시 관악구 신림동,UzAxMDAwMTU2Nw==,19.5,20.4,29.8,24.7,24.0,23.7,연속↓,0.7,20.3,20.1,30.1,25.3,23.7,23.9,연속↓,1.6,36.9,32.0,26.6,46.8,2023
서울,11,관악구,11620,중,남서울중학교,공립,서울중학교,UzAxMDAwMTU1Mg==,22.5,19.3,27.6,26.5,22.4,23.7,연속↓,4.1,22.5,18.9,27.7,26.3,21.5,23.4,연속↓,4.8,25.8,28.9,40.4,54.7,2023
서울,11,관악구,11620,중,남강중학교,사립,서울특별시 관악구 신림3동,UzAxMDAwMTU1MQ==,23.1,22.0,20.8,16.7,20.4,20.6,반등,3.7,22.7,21.8,20.7,16.4,20.1,20.3,반등,3.7,38.4,21.9,20.5,51.0,2021
서울,11,관악구,11620,고,서울여자상업고등학교,사립,서울여자상업고등학교,UzAxMDAwMDYwNw==,36.7,38.8,36.5,50.8,59.7,44.5,연속↑,8.9,34.7,38.1,36.0,48.3,56.3,42.7,연속↑,8.0,88.7,36.8,71.4,0.8,2025
서울,11,관악구,11620,고,영락고등학교,사립,서울특별시 관악구 봉천동,UzAxMDAwMDQ5OQ==,16.3,14.6,23.5,23.7,39.5,23.5,연속↑,15.8,17.2,14.6,22.5,22.5,39.9,23.3,상승,17.4,33.8,52.6,57.8,7.1,2025
서울,11,관악구,11620,고,삼성고등학교,공립,서울특별시 관악구 대학동,UzAxMDAwMDQ0OA==,15.2,12.3,22.9,40.5,37.7,25.7,하락,2.8,16.0,12.6,22.3,40.4,38.2,25.9,하락,2.2,47.1,45.2,38.8,6.0,2024
서울,11,관악구,11620,고,남강고등학교,사립,서울특별시 관악구 난곡동,UzAxMDAwMDQwMw==,17.3,21.3,15.8,15.0,37.8,21.4,반등,22.8,17.4,23.2,15.9,13.4,37.9,21.6,반등,24.5,37.1,43.1,46.1,19.2,2025
서울,11,관악구,11620,고,서울문영여자고등학교,사립,서울문영여자고등학교,UzAxMDAwMDQzNw==,38.7,26.3,41.9,35.4,31.6,34.8,연속↓,3.8,40.1,25.3,40.2,33.9,32.9,34.5,연속↓,1.1,21.8,55.9,38.6,3.0,2023
서울,11,관악구,11620,고,광신고등학교,사립,서울특별시 관악구 신림동,UzAxMDAwMDM5NA==,20.3,21.7,23.7,25.2,33.6,24.9,연속↑,8.4,20.2,22.2,22.6,24.8,32.7,24.5,연속↑,7.9,38.1,28.0,43.2,0.7,2025
서울,11,관악구,11620,고,신림고등학교,공립,서울특별시 관악구 미성동,UzAxMDAwMDQ4NA==,31.4,21.7,17.7,20.7,28.5,24.0,연속↑,7.8,30.1,21.0,19.3,21.1,28.3,24.0,연속↑,7.1,15.4,28.6,49.4,23.1,2021
서울,11,관악구,11620,고,성보고등학교,사립,서울특별시 관악구 신림동,UzAxMDAwMDQ3MA==,11.9,13.4,19.3,12.4,29.0,17.2,반등,16.6,11.6,13.0,18.2,11.7,27.7,16.4,반등,16.1,29.3,22.6,41.5,15.9,2025
서울,11,관악구,11620,고,인헌고등학교,공립,서울특별시 관악구 봉천동,UzAxMDAwMDUxOQ==,14.9,12.7,25.2,26.3,26.4,21.1,연속↑,0.1,14.7,12.4,24.2,26.2,27.6,21.0,연속↑,1.4,20.0,52.3,35.4,3.1,2025
서울,11,관악구,11620,고,미림마이스터고등학교,사립,서울특별시 관악구 대학동,UzAxMDAwMDYzOQ==,18.5,33.7,35.5,25.1,25.7,27.7,반등,0.7,19.3,33.0,34.4,24.6,25.4,27.3,반등,0.7,34.3,23.5,28.4,19.0,2023
서울,11,관악구,11620,고,당곡고등학교,공립,서울특별시 관악구 보라매동,UzAxMDAwMDQwNg==,21.7,18.9,20.3,26.0,23.0,22.0,하락,3.0,22.6,19.5,21.1,27.0,23.4,22.7,하락,3.6,25.8,38.7,31.7,10.7,2024
서울,11,관악구,11620,고,구암고등학교,공립,서울특별시 관악구 봉천동,UzAxMDAwNTUyOA==,13.5,9.2,11.4,9.8,21.6,13.1,반등,11.8,13.2,9.6,10.5,9.0,21.6,12.8,반등,12.6,29.9,26.5,16.2,7.8,2025
서울,11,관악구,11620,고,미림여자고등학교,사립,서울특별시 관악구 호암로,UzAxMDAwMDQzOQ==,20.8,28.6,41.4,24.6,19.2,26.9,연속↓,5.3,21.0,30.2,41.6,24.0,19.0,27.1,연속↓,5.0,26.5,21.7,18.9,14.7,2023
서울,11,관악구,11620,고,서울미술고등학교,사립,서울미술고등학교,UzAxMDAwMDQ1OA==,8.4,7.3,6.9,16.4,15.6,10.9,하락,0.8,8.7,6.9,6.0,16.7,16.8,11.0,연속↑,0.2,21.9,33.3,11.6,6.8,2025
서울,11,관악구,11620,고,서울관광고등학교,사립,서울관광고등학교,UzAxMDAwMDYzMA==,14.8,8.9,12.4,12.3,16.6,13.0,반등,4.2,14.1,8.1,12.0,11.9,16.4,12.5,반등,4.6,19.6,17.6,22.9,11.1,2025
서울,11,관악구,11620,고,영락의료과학고등학교,사립,서울특별시 관악구 청룡동,UzAxMDAwMDYxMQ==,11.1,33.6,46.4,14.5,15.8,24.3,반등,1.3,10.7,30.6,43.3,14.5,15.4,22.9,반등,0.9,28.6,15.2,21.0,46.6,2023
서울,11,관악구,11620,고,광신방송예술고등학교,사립,서울특별시 관악구 신림동,UzAxMDAwMDYzMQ==,9.3,6.6,7.3,7.8,15.6,9.3,연속↑,7.8,10.1,6.8,7.6,8.3,13.7,9.3,연속↑,5.4,45.0,25.0,20.0,73.7,2025
서울,11,금천구,11545,중,안천중학교,공립,서울특별시 금천구 독산동,UzAxMDAwMTE4Mw==,31.7,27.1,39.3,42.2,46.4,37.3,연속↑,4.3,31.3,26.6,38.8,41.9,45.2,36.8,연속↑,3.3,66.9,46.4,62.1,26.9,2025
서울,11,금천구,11545,중,동일중학교,사립,서울특별시 금천구 시흥동,UzAxMDAwMTE3Ng==,42.7,29.1,36.3,37.1,39.7,37.0,연속↑,2.7,42.4,28.8,36.7,37.6,39.4,37.0,연속↑,1.9,53.0,46.0,43.3,23.5,2021
서울,11,금천구,11545,중,시흥중학교,공립,서울특별시 금천구 시흥3동,UzAxMDAwMTE4MQ==,30.8,24.6,33.3,30.9,28.7,29.7,연속↓,2.2,30.9,23.9,33.0,31.3,28.9,29.6,연속↓,2.4,30.3,34.5,44.1,39.0,2023
서울,11,금천구,11545,중,난곡중학교,공립,서울 금천구 독산3동,UzAxMDAwMTE3MQ==,26.4,23.4,26.6,26.1,26.1,25.7,→보합,0.1,26.6,23.5,27.1,26.7,26.4,26.1,연속↓,0.2,29.9,35.1,31.1,50.0,2023
서울,11,금천구,11545,중,한울중학교,공립,서울특별시 금천구 독산3동,UzAxMDAwMTE5Ng==,20.4,17.6,28.6,22.7,22.5,22.4,연속↓,0.3,20.7,17.7,29.1,22.9,22.3,22.5,연속↓,0.6,34.7,32.6,26.9,54.5,2023
서울,11,금천구,11545,중,문일중학교,사립,서울특별시 금천구 시흥1동,UzAxMDAwMTE3OQ==,27.6,21.3,32.0,24.0,21.9,25.4,연속↓,2.2,28.1,20.3,32.5,23.4,22.0,25.3,연속↓,1.4,23.5,24.4,28.6,50.4,2023
서울,11,금천구,11545,중,가산중학교,공립,서울특별시 금천구 독산동,UzAxMDAwMTE2NQ==,28.4,19.6,25.8,21.4,21.9,23.4,반등,0.5,28.3,19.7,25.6,21.2,21.7,23.3,반등,0.5,23.0,24.3,35.5,47.7,2021
서울,11,금천구,11545,중,세일중학교,공립,서울특별시 금천구 독산동,UzAxMDAwMTE4MA==,32.9,25.8,22.5,20.9,20.5,24.5,연속↓,0.4,34.5,25.4,22.5,21.3,19.9,24.7,연속↓,1.4,35.2,21.6,28.3,53.5,2021
서울,11,금천구,11545,중,문성중학교,공립,서울특별시 금천구 독산3동,UzAxMDAwMTE3OA==,34.4,24.4,26.9,28.3,19.5,26.7,하락,8.8,34.2,23.6,27.0,28.5,19.6,26.6,하락,8.8,31.0,30.0,22.5,46.3,2021
서울,11,금천구,11545,고,독산고등학교,공립,서울특별시 금천구 독산동,UzAxMDAwMDQxOQ==,13.7,15.6,28.0,12.3,34.8,20.9,반등,22.5,13.0,17.1,26.1,14.1,33.5,20.7,반등,19.5,41.2,29.7,41.0,9.0,2025
서울,11,금천구,11545,고,동일여자고등학교,사립,서울특별시 금천구 시흥동,UzAxMDAwMDQyNQ==,30.3,24.7,25.9,33.2,28.3,28.5,하락,4.9,31.6,24.9,25.0,31.3,27.3,28.0,하락,4.0,34.8,22.2,33.3,,2021
서울,11,금천구,11545,고,금천고등학교,공립,서울특별시 금천구 시흥대로38길,UzAxMDAwMDQwMg==,18.1,16.4,31.6,25.8,26.0,23.6,반등,0.2,19.2,17.2,32.8,25.2,25.5,24.0,반등,0.3,34.2,28.4,28.4,4.7,2023
서울,11,금천구,11545,고,서울매그넷고등학교,사립,서울매그넷고등학교,UzAxMDAwMDQyNg==,12.0,17.0,8.4,16.1,21.2,14.9,연속↑,5.1,12.8,16.8,9.1,16.5,20.2,15.1,연속↑,3.6,33.0,15.5,20.8,31.1,2025
서울,11,금천구,11545,고,문일고등학교,사립,서울특별시 금천구 시흥동,UzAxMDAwMDQzOA==,32.9,23.8,21.3,21.6,17.9,23.5,하락,3.7,30.7,22.0,20.9,21.2,17.0,22.4,하락,4.3,27.5,12.0,30.1,27.8,2021
서울,11,금천구,11545,고,국립전통예술고등학교,국립,서울특별시 금천구 시흥3동,UzAwMDAwNTQwMQ==,9.9,6.2,19.3,16.9,18.5,14.1,반등,1.6,9.2,5.9,17.7,16.2,14.8,12.7,연속↓,1.4,25.8,11.8,32.3,50.0,2023
서울,11,구로구,11530,중,영림중학교,공립,서울특별시 구로구 구로동,UzAxMDAwMTE4OA==,31.7,24.0,33.4,27.0,40.2,31.3,반등,13.2,32.7,25.0,35.3,27.0,39.6,31.9,반등,12.6,56.8,39.9,43.9,38.9,2025
서울,11,구로구,11530,중,신도림중학교,공립,서울특별시 구로구 신도림동,UzAxMDAwMTE4Mg==,44.7,27.7,39.2,40.9,36.5,37.8,하락,4.4,44.9,27.0,38.5,39.7,35.4,37.1,하락,4.2,41.8,40.7,54.3,24.0,2021
서울,11,구로구,11530,중,천왕중학교,공립,서울특별시 구로구 천왕동,UzAxMDAwNTU3MQ==,33.1,28.5,33.9,37.9,33.3,33.3,하락,4.5,34.6,28.1,34.5,36.8,32.1,33.2,하락,4.7,44.6,35.9,44.9,41.9,2024
서울,11,구로구,11530,중,경인중학교,공립,서울특별시 구로구 개봉동,UzAxMDAwMTE5Mg==,30.6,23.5,34.4,33.0,30.5,30.4,연속↓,2.5,30.6,23.1,35.4,33.4,30.7,30.6,연속↓,2.8,25.1,38.7,45.5,34.9,2023
서울,11,구로구,11530,중,영서중학교,공립,서울특별시 구로구 구로동,UzAxMDAwMTE4OQ==,40.2,23.8,37.1,37.5,31.3,34.0,하락,6.3,39.2,23.6,35.8,36.8,29.7,33.0,하락,7.0,27.1,31.8,58.9,47.0,2021
서울,11,구로구,11530,중,구일중학교,공립,서울특별시 구로구 구로동,UzAxMDAwMTE3MA==,31.3,24.2,39.4,40.9,30.8,33.3,하락,10.1,31.6,23.8,39.1,40.1,29.3,32.8,하락,10.9,30.9,25.9,64.2,44.8,2024
서울,11,구로구,11530,중,고척중학교,공립,서울 구로구 고척동,UzAxMDAwMTE2OA==,41.9,28.9,35.5,33.0,27.2,33.3,연속↓,5.8,41.5,28.3,35.9,33.6,27.5,33.4,연속↓,6.0,40.6,36.7,42.5,38.6,2021
서울,11,구로구,11530,중,오남중학교,공립,서울특별시 구로구 오류동,UzAxMDAwMTE5MQ==,34.3,25.7,36.1,32.4,27.4,31.2,연속↓,5.0,33.6,24.8,35.0,31.0,27.3,30.3,연속↓,3.7,30.0,38.3,37.9,43.6,2023
서울,11,구로구,11530,중,항동중학교,공립,서울특별시 구로구 항동,UzAxMDAwNjQwMQ==,32.4,25.2,33.3,33.6,27.2,30.3,하락,6.5,32.4,25.6,33.7,34.7,27.3,30.8,하락,7.4,38.9,41.9,34.9,31.3,2024
서울,11,구로구,11530,중,오류중학교,공립,서울특별시 구로구 고척2동,UzAxMDAwMTE5Mw==,32.0,21.6,26.8,26.6,27.4,26.9,반등,0.8,31.9,21.2,27.3,27.3,26.5,26.9,하락,0.8,21.6,30.4,46.0,56.8,2021
서울,11,구로구,11530,중,개봉중학교,공립,서울특별시 구로구 개봉동,UzAxMDAwMTE2Ng==,25.5,22.2,31.5,34.9,19.9,26.8,하락,15.0,25.5,21.6,32.2,35.9,20.3,27.1,하락,15.5,25.7,38.2,25.0,42.8,2024
서울,11,구로구,11530,중,개웅중학교,공립,서울 구로구 개봉3동,UzAxMDAwMTE2Nw==,26.2,24.7,19.5,14.5,18.6,20.7,반등,4.2,27.0,25.4,21.0,15.0,17.9,21.3,반등,2.9,35.2,16.1,25.4,45.4,2021
서울,11,구로구,11530,중,우신중학교,사립,서울특별시 구로구 부일로,UzAxMDAwMTE5NA==,20.2,16.9,19.8,19.2,16.9,18.6,연속↓,2.3,21.7,17.0,20.7,20.4,17.0,19.3,연속↓,3.4,15.7,24.7,28.4,47.3,2021
서울,11,구로구,11530,중,구로중학교,공립,서울특별시 구로구 구로동,UzAxMDAwMTE2OQ==,24.5,16.6,20.1,20.0,15.7,19.4,연속↓,4.4,24.4,16.0,19.1,19.3,14.9,18.7,하락,4.4,18.8,20.1,26.6,61.4,2021
서울,11,구로구,11530,고,세종과학고등학교,공립,세종과학고등학교,UzAxMDAwNTUwMA==,53.2,45.5,63.7,62.5,44.7,53.9,연속↓,17.8,51.9,46.4,63.8,63.5,44.4,54.0,연속↓,19.1,65.4,50.6,56.6,1.9,2023
서울,11,구로구,11530,고,구현고등학교,공립,서울특별시 구로구 구로동,UzAxMDAwNTUwMQ==,15.0,20.0,31.9,33.3,41.3,28.3,연속↑,8.0,15.3,20.2,33.2,36.7,42.1,29.5,연속↑,5.5,45.8,69.2,49.4,6.4,2025
서울,11,구로구,11530,고,구일고등학교,공립,서울특별시 구로구 구로동,UzAxMDAwMDM5OQ==,27.0,30.5,35.3,32.6,41.0,33.3,반등,8.5,26.3,30.0,34.5,30.5,41.2,32.5,반등,10.8,49.0,58.0,42.0,7.1,2025
서울,11,구로구,11530,고,고척고등학교,공립,서울 구로구 고척동,UzAxMDAwMDM4OA==,16.8,14.2,36.5,27.3,36.2,26.2,반등,8.8,17.7,15.2,36.7,26.4,35.2,26.3,반등,8.8,33.9,33.2,49.8,6.4,2023
서울,11,구로구,11530,고,우신고등학교,사립,서울특별시 구로구 궁동,UzAxMDAwMDUxMw==,16.1,22.6,30.3,32.1,31.1,26.4,하락,1.0,17.4,24.7,31.7,31.9,31.3,27.4,하락,0.7,32.5,44.7,32.8,16.5,2024
서울,11,구로구,11530,고,신도림고등학교,공립,서울특별시 구로구 신도림동,UzAxMDAwNTUyMQ==,13.3,20.3,26.9,23.8,30.7,23.0,반등,6.9,13.0,20.7,28.1,23.6,30.3,23.1,반등,6.7,42.8,30.0,67.8,4.5,2025
서울,11,구로구,11530,고,경인고등학교,공립,서울특별시 구로구 고척동,UzAxMDAwMDM4Mw==,15.0,15.2,38.7,18.2,26.7,22.7,반등,8.6,15.8,15.0,35.9,17.6,26.0,22.1,반등,8.4,51.1,24.7,25.9,3.4,2023
서울,11,구로구,11530,고,오류고등학교,사립,서울특별시 구로구 궁동,UzAxMDAwMDUwOA==,20.7,14.6,17.1,4.9,24.6,16.4,반등,19.8,19.6,14.0,16.7,5.4,24.9,16.1,반등,19.6,46.6,32.4,11.6,9.5,2025
서울,11,구로구,11530,고,구로고등학교,공립,서울특별시 구로구 구로동,UzAxMDAwMDM5OA==,26.9,21.0,22.9,30.9,21.4,24.6,하락,9.6,26.8,20.8,22.9,31.1,22.2,24.7,하락,9.0,10.4,30.6,29.0,2.6,2024
서울,11,구로구,11530,고,예림디자인고등학교,사립,서울특별시 구로구 궁동,UzAxMDAwMDYzMg==,19.5,15.8,17.8,16.5,15.4,17.0,연속↓,1.1,20.3,15.8,18.1,17.7,14.4,17.3,연속↓,3.4,17.5,26.3,31.6,16.7,2021
서울,11,구로구,11530,고,서서울생활과학고등학교,사립,서울생활과학고등학교,UzAxMDAwMDY0MQ==,9.3,9.0,15.3,12.8,12.0,11.7,연속↓,0.7,9.5,8.9,15.2,12.5,11.2,11.5,연속↓,1.3,22.2,12.5,25.0,57.9,2023
서울,11,구로구,11530,고,서울공연예술고등학교,사립,서울공연예술고등학교,UzAxMDAwNTU4NA==,9.8,5.2,17.3,10.4,10.9,10.7,반등,0.6,10.1,4.8,15.6,10.0,10.4,10.2,반등,0.5,19.8,8.0,11.4,61.6,2023
서울,11,구로구,11530,고,덕일전자공업고등학교,사립,서울특별시 구로구 오류동,UzAxMDAwMDU4Mg==,7.7,12.1,16.6,15.1,9.5,12.2,연속↓,5.7,8.4,11.5,15.6,14.6,9.8,12.0,연속↓,4.9,22.5,12.9,5.0,38.7,2023
서울,11,구로구,11530,고,유한공업고등학교,사립,서울특별시 구로구 항동,UzAxMDAwMDU5OA==,9.8,10.8,9.2,11.9,8.4,10.0,하락,3.5,9.4,10.6,9.1,11.7,8.3,9.8,하락,3.5,11.6,7.8,8.4,49.7,2024
부산,26,금정구,26410,중,부산예술중학교,사립,부산예술중학교,UzAyMDAwMDc3OQ==,50.8,37.7,54.0,52.6,55.2,50.1,반등,2.7,51.1,38.8,54.9,52.8,54.3,50.4,반등,1.5,85.6,58.9,66.3,4.3,2023
부산,26,금정구,26410,중,브니엘예술중학교,사립,부산광역시 금정구 구서동,UzAyMDAwMDc4MA==,48.7,39.3,48.4,51.9,46.0,46.9,하락,5.8,46.9,38.6,47.8,51.2,47.1,46.3,하락,4.1,36.3,65.0,65.5,7.9,2024
부산,26,금정구,26410,중,동래여자중학교,사립,부산광역시 금정구 부곡동,UzAyMDAwMDc3Mg==,42.8,36.1,46.6,48.2,44.8,43.7,하락,3.4,42.2,36.1,45.8,47.5,42.9,42.9,하락,4.6,55.9,43.3,65.4,22.2,2024
부산,26,금정구,26410,중,부곡여자중학교,공립,부산광역시 금정구 부곡동,UzAyMDAwMDc3Nw==,39.5,30.8,30.4,35.3,41.0,35.4,연속↑,5.7,39.0,30.4,28.9,34.1,40.1,34.5,연속↑,6.0,55.5,56.5,44.5,25.9,2025
부산,26,금정구,26410,중,구서여자중학교,공립,부산광역시 금정구 구서1동,UzAyMDAwMDc2NQ==,45.6,30.8,41.6,38.2,36.0,38.4,연속↓,2.2,45.7,30.6,41.4,38.0,36.0,38.4,연속↓,2.0,25.3,48.1,59.1,24.1,2021
부산,26,금정구,26410,중,남산중학교,공립,부산광역시 금정구 남산동,UzAyMDAwMDc3MA==,36.9,27.7,34.4,30.1,33.9,32.6,반등,3.8,36.9,26.9,34.5,30.5,33.2,32.4,반등,2.7,38.8,40.8,53.1,26.1,2021
부산,26,금정구,26410,중,부곡중학교,공립,부산광역시 금정구 부곡2동,UzAyMDAwMDc3OA==,36.6,28.3,32.3,32.1,32.9,32.4,반등,0.8,36.5,27.9,31.9,31.7,32.6,32.1,반등,0.9,37.3,45.2,45.9,29.5,2021
부산,26,금정구,26410,중,동현중학교,공립,부산광역시 금정구 부곡동,UzAyMDAwMDc3Ng==,28.8,26.2,32.3,31.2,30.9,29.9,연속↓,0.3,29.8,26.2,32.9,32.3,31.6,30.6,연속↓,0.7,35.8,45.7,33.3,33.3,2023
부산,26,금정구,26410,중,장전중학교,공립,부산광역시 금정구 장전2동,UzAyMDAwMDc5NQ==,36.5,33.1,34.7,36.6,32.1,34.6,하락,4.5,36.2,32.7,34.4,35.8,31.1,34.0,하락,4.7,39.6,28.7,45.7,22.2,2021
부산,26,금정구,26410,중,금양중학교,공립,부산광역시 금정구 부곡2동,UzAyMDAwMDg0OQ==,42.8,32.9,32.6,29.0,30.7,33.6,반등,1.7,42.4,32.7,30.8,28.1,30.5,32.9,반등,2.5,38.4,38.8,34.1,30.6,2021
부산,26,금정구,26410,중,금사중학교,공립,부산광역시 금정구 서동,UzAyMDAwMDc2Nw==,29.5,22.0,24.5,31.9,28.9,27.4,하락,3.0,29.9,21.6,24.5,31.6,28.6,27.3,하락,3.1,47.2,37.7,44.4,46.3,2024
부산,26,금정구,26410,중,금정중학교,사립,부산광역시 금정구 남산동,UzAyMDAwMDc2OQ==,29.3,21.7,26.8,27.2,27.9,26.6,연속↑,0.8,29.6,21.8,27.1,27.4,27.9,26.8,연속↑,0.4,35.1,41.7,47.9,35.9,2021
부산,26,금정구,26410,고,부산과학고등학교,공립,부산과학고등학교,UzAyMDAwMTg0Nw==,77.6,80.2,66.2,63.1,50.7,67.6,연속↓,12.3,77.6,78.5,65.8,63.0,50.7,67.1,연속↓,12.3,56.5,55.3,51.1,5.3,2022
부산,26,금정구,26410,고,브니엘예술고등학교,사립,부산광역시 금정구 구서동,UzAyMDAwMDQ5Ng==,32.9,17.9,27.7,21.7,42.2,28.5,반등,20.5,36.4,17.3,25.4,20.9,42.2,28.4,반등,21.3,75.0,64.0,27.4,,2025
부산,26,금정구,26410,고,브니엘여자고등학교,사립,부산광역시 금정구 구서동,UzAyMDAwMDQ5NQ==,27.8,23.7,20.4,27.5,37.3,27.3,연속↑,9.8,25.9,24.5,20.5,30.9,38.6,28.1,연속↑,7.6,38.1,54.0,36.5,7.9,2025
부산,26,금정구,26410,고,지산고등학교,사립,부산광역시 금정구 부곡동,UzAyMDAwMDUzNw==,16.5,31.3,41.0,55.0,35.1,35.8,하락,19.9,17.9,34.1,41.3,55.5,34.1,36.6,하락,21.4,54.0,31.9,38.1,1.8,2024
부산,26,금정구,26410,고,남산고등학교,공립,부산광역시 금정구 남산동,UzAyMDAwMDM3MQ==,19.2,18.0,54.3,27.8,32.9,30.4,반등,5.1,20.9,18.2,52.3,25.3,32.4,29.8,반등,7.1,48.5,31.6,35.3,10.4,2023
부산,26,금정구,26410,고,부산대학교사범대학부설고등학교,국립,부산대학교사범대학부설고등학교,UzAwMDAwMzUwOQ==,25.0,25.6,54.7,39.6,31.6,35.3,연속↓,8.0,24.9,26.8,52.2,39.6,32.0,35.1,연속↓,7.5,35.7,45.1,33.3,3.3,2023
부산,26,금정구,26410,고,브니엘고등학교,사립,부산광역시 금정구 구서동,UzAyMDAwMDQ5NA==,10.4,26.5,13.5,16.9,23.3,18.1,연속↑,6.4,10.7,29.4,13.1,18.1,23.7,19.0,연속↑,5.6,39.2,41.2,14.2,2.5,2022
부산,26,금정구,26410,고,동래여자고등학교,사립,부산광역시 금정구 구서동,UzAyMDAwMDM5Nw==,16.5,20.9,14.3,17.5,22.6,18.4,연속↑,5.1,14.8,20.0,13.0,17.1,21.5,17.3,연속↑,4.4,28.6,21.8,33.3,13.0,2025
부산,26,금정구,26410,고,내성고등학교,공립,부산광역시 금정구 부곡동,UzAyMDAwMDM3Mw==,10.5,16.9,12.2,16.3,19.7,15.1,연속↑,3.4,9.6,17.4,10.7,16.0,20.6,14.9,연속↑,4.6,22.3,34.6,22.3,6.1,2025
부산,26,금정구,26410,고,부산정보관광고등학교,사립,부산정보관광고등학교,UzAyMDAwMDQ3Mg==,12.9,21.8,18.3,18.6,21.2,18.5,연속↑,2.6,12.5,19.9,18.0,17.8,19.8,17.6,반등,2.0,28.0,14.9,28.7,31.2,2022
부산,26,금정구,26410,고,부산예술고등학교,사립,부산예술고등학교,UzAyMDAwMDQ2Mw==,10.3,10.3,16.2,9.5,16.1,12.5,반등,6.6,9.5,9.9,15.5,9.3,14.0,11.7,반등,4.7,13.7,28.2,63.2,51.4,2023
부산,26,금정구,26410,고,금정여자고등학교,공립,부산광역시 금정구 서동,UzAyMDAwMDM2NQ==,15.1,20.5,39.1,24.7,12.8,22.4,연속↓,11.9,15.0,18.3,36.1,25.2,13.2,21.5,연속↓,12.0,19.6,16.7,11.3,14.4,2023
부산,26,금정구,26410,고,금샘고등학교,사립,부산광역시 금정구 서3동,UzAyMDAwMDM2Nw==,,15.7,8.4,18.9,11.6,13.6,하락,7.3,,16.2,8.6,18.6,11.7,13.8,하락,7.0,12.6,12.6,11.1,49.2,2024
부산,26,금정구,26410,고,대진전자통신고등학교,사립,부산광역시 금정구 장전동,UzAyMDAwMDM4Nw==,9.4,8.4,5.5,6.6,7.0,7.4,연속↑,0.4,10.1,8.7,5.6,7.0,6.7,7.6,하락,0.3,8.5,7.3,7.7,50.6,2021
부산,26,해운대구,26350,중,해운대여자중학교,사립,부산광역시 해운대구 우동,UzAyMDAwMTY0Mw==,48.7,33.1,53.6,51.7,52.3,47.9,반등,0.6,48.0,31.7,52.3,50.5,51.3,46.7,반등,0.8,63.0,58.5,66.0,20.9,2023
부산,26,해운대구,26350,중,해운대중학교,사립,부산광역시 해운대구 우1동,UzAyMDAwMTY0NA==,41.8,31.7,43.7,41.3,43.9,40.5,반등,2.6,41.8,30.9,43.1,40.9,42.9,39.9,반등,2.0,51.7,40.3,55.0,24.9,2023
부산,26,해운대구,26350,중,양운중학교,공립,부산광역시 해운대구 좌동,UzAyMDAwMTYzNw==,37.6,33.5,40.7,38.2,43.0,38.6,반등,4.8,37.8,32.1,39.7,37.0,42.4,37.8,반등,5.5,54.1,44.9,44.0,21.7,2025
부산,26,해운대구,26350,중,인지중학교,공립,부산광역시 해운대구 반여동,UzAyMDAwMTg1Nw==,31.7,27.3,31.2,37.0,39.3,33.3,연속↑,2.3,32.9,27.2,31.2,36.6,38.2,33.2,연속↑,1.6,45.1,40.3,49.1,24.7,2025
부산,26,해운대구,26350,중,신곡중학교,공립,부산광역시 해운대구 좌동,UzAyMDAwMTYzNQ==,32.4,27.6,36.6,33.3,37.6,33.5,반등,4.3,33.2,27.3,36.3,33.4,37.7,33.6,반등,4.3,37.3,45.5,52.6,33.2,2025
부산,26,해운대구,26350,중,센텀중학교,공립,부산 해운대구 재송동,UzAyMDAwMTkxMA==,45.4,31.0,49.1,49.6,39.1,42.8,하락,10.4,45.0,30.4,48.5,49.1,37.4,42.1,하락,11.7,49.9,42.8,51.6,17.2,2024
부산,26,해운대구,26350,중,상당중학교,공립,부산광역시 해운대구 좌동,UzAyMDAwMTYzMw==,34.1,35.0,35.0,33.9,36.8,35.0,반등,2.8,34.1,34.1,34.3,33.9,37.1,34.7,반등,3.2,37.6,50.3,46.2,18.5,2025
부산,26,해운대구,26350,중,반송여자중학교,공립,부산광역시 해운대구 반송동,UzAyMDAwMTYyNw==,25.9,25.4,36.2,35.6,33.1,31.2,연속↓,2.5,26.8,24.8,35.7,35.7,33.3,31.3,하락,2.4,38.9,43.8,34.7,44.3,2024
부산,26,해운대구,26350,중,신도중학교,공립,부산광역시 해운대구 좌동,UzAyMDAwMTYzNg==,35.8,27.9,36.1,32.6,32.7,33.0,반등,0.1,36.2,27.9,37.2,33.9,32.8,33.6,연속↓,1.2,33.8,36.1,36.6,31.2,2023
부산,26,해운대구,26350,중,반안중학교,공립,부산광역시 해운대구 반여4동,UzAyMDAwMTYyOQ==,31.4,25.2,29.9,32.8,32.4,30.3,하락,0.4,31.4,24.9,29.6,33.0,32.7,30.3,하락,0.3,37.3,40.4,37.3,24.2,2024
부산,26,해운대구,26350,중,동백중학교,공립,부산광역시 해운대구 중동,UzAyMDAwMTYyMg==,37.2,28.7,29.6,31.5,32.3,31.9,연속↑,0.8,37.0,28.0,27.8,30.3,31.7,31.0,연속↑,1.4,33.0,37.3,40.9,31.7,2021
부산,26,해운대구,26350,중,해강중학교,공립,부산광역시 해운대구 우동,UzAyMDAwMTg5Mw==,44.9,32.5,33.4,31.3,31.7,34.7,반등,0.4,44.3,32.0,33.2,30.9,31.1,34.3,반등,0.2,34.6,34.3,46.1,28.2,2021
부산,26,해운대구,26350,중,장산중학교,공립,부산광역시 해운대구 반여동,UzAyMDAwMTkxOQ==,40.8,32.4,37.0,34.8,30.7,35.1,연속↓,4.1,40.5,31.6,36.5,34.1,30.7,34.7,연속↓,3.4,30.0,34.5,38.3,27.2,2021
부산,26,해운대구,26350,중,재송중학교,공립,부산광역시 해운대구 재송동,UzAyMDAwMTY0MQ==,25.5,23.2,22.8,21.5,27.4,24.1,반등,6.0,26.3,23.3,23.9,22.7,28.5,24.9,반등,5.9,26.8,46.9,28.9,29.7,2025
부산,26,해운대구,26350,중,반송중학교,공립,부산광역시 해운대구 반송동,UzAyMDAwMTYyOA==,31.4,23.6,29.4,24.8,27.2,27.3,반등,2.5,30.6,23.4,29.4,25.0,26.9,27.1,반등,1.9,29.7,32.4,39.8,43.2,2021
부산,26,해운대구,26350,중,부흥중학교,공립,부산광역시 해운대구 좌동,UzAyMDAwMTYzMg==,38.9,28.3,33.8,25.2,26.1,30.5,반등,0.8,39.3,27.8,33.4,25.2,25.9,30.3,반등,0.6,22.3,28.5,40.9,28.5,2021
부산,26,해운대구,26350,중,재송여자중학교,공립,부산광역시 해운대구 재송2동,UzAyMDAwMTY0MA==,36.2,22.7,26.8,28.4,25.6,27.9,하락,2.9,35.1,22.4,26.5,29.1,25.5,27.7,하락,3.7,31.8,35.1,37.8,36.7,2021
부산,26,해운대구,26350,중,반여중학교,공립,부산광역시 해운대구 반여3동,UzAyMDAwMTYzMA==,33.2,26.8,31.8,20.5,22.0,26.9,반등,1.5,32.6,26.5,31.8,21.6,22.9,27.1,반등,1.3,21.0,40.0,24.5,51.6,2021
부산,26,해운대구,26350,고,센텀고등학교,공립,부산광역시 해운대구 재송동,UzAyMDAwMjAwMA==,21.1,29.1,23.0,31.1,38.3,28.5,연속↑,7.2,22.2,29.4,23.2,30.2,39.2,28.8,연속↑,9.0,57.4,59.0,34.1,8.5,2025
부산,26,해운대구,26350,고,부흥고등학교,공립,부산광역시 해운대구 좌1동,UzAyMDAwMDQ5Mw==,21.3,22.8,34.9,46.2,31.3,31.3,하락,14.8,19.3,24.1,34.4,46.1,31.4,31.0,하락,14.7,44.9,45.6,31.8,3.8,2024
부산,26,해운대구,26350,고,부산문화여자고등학교,사립,부산문화여자고등학교,UzAyMDAwMDU0Ng==,18.9,20.1,27.0,23.8,23.5,22.7,연속↓,0.3,20.3,21.1,26.8,23.2,22.8,22.8,연속↓,0.4,24.4,19.5,32.3,34.8,2023
부산,26,해운대구,26350,고,해운대고등학교,사립,부산광역시 해운대구 우1동,UzAyMDAwMDU1MA==,24.2,11.5,9.0,11.4,19.5,15.1,연속↑,8.1,23.2,10.7,8.6,11.6,21.4,15.1,연속↑,9.8,20.1,35.2,11.3,3.8,2021
부산,26,해운대구,26350,고,해운대관광고등학교,사립,부산광역시 해운대구 우1동,UzAyMDAwMDU1Mg==,19.2,16.2,9.8,10.0,20.4,15.1,연속↑,10.4,19.6,15.4,9.2,10.1,20.3,14.9,연속↑,10.2,27.8,27.2,16.2,33.1,2025
부산,26,해운대구,26350,고,부산해군과학기술고등학교,공립,부산해군과학기술고등학교,UzAyMDAwMDU1MQ==,11.7,15.4,16.5,20.2,17.0,16.2,하락,3.1,10.6,15.3,16.7,20.5,19.9,16.6,하락,0.6,6.3,48.9,10.0,1.1,2024
부산,26,해운대구,26350,고,해운대여자고등학교,사립,부산광역시 해운대구 우1동,UzAyMDAwMDU1Mw==,18.4,13.7,22.5,21.0,20.3,19.2,연속↓,0.7,17.2,13.9,20.3,20.3,19.2,18.1,하락,1.1,28.9,15.6,22.2,4.1,2024
부산,26,해운대구,26350,고,부산센텀여자고등학교,사립,부산센텀여자고등학교,UzAyMDAwMTg3Nw==,25.0,25.7,21.7,13.5,17.8,20.7,반등,4.3,24.4,23.7,19.6,12.1,17.9,19.5,반등,5.8,22.9,18.8,13.9,6.0,2021
부산,26,해운대구,26350,고,양운고등학교,공립,부산광역시 해운대구 좌동,UzAyMDAwMDUyMQ==,11.8,16.2,14.5,8.6,17.9,13.8,반등,9.3,11.0,14.5,13.1,8.3,16.8,12.7,반등,8.6,26.0,11.0,30.5,8.5,2025
부산,26,해운대구,26350,고,반여고등학교,공립,부산광역시 해운대구 반여동,UzAyMDAwMTg2OA==,19.5,25.9,10.4,11.8,16.0,16.7,연속↑,4.2,21.8,26.3,10.9,11.7,16.5,17.4,연속↑,4.8,17.4,19.6,18.3,8.7,2022
부산,26,해운대구,26350,고,해강고등학교,공립,부산광역시 해운대구 우동,UzAyMDAwMTkwOA==,16.4,14.0,19.4,20.6,15.6,17.2,하락,5.0,14.3,12.6,17.9,20.9,15.9,16.3,하락,5.0,14.6,18.9,17.2,3.9,2024
부산,26,해운대구,26350,고,영산고등학교,사립,부산광역시 해운대구 반송동,UzAyMDAwMDUxMA==,7.0,8.0,7.6,8.5,12.1,8.6,연속↑,3.7,7.5,8.4,7.6,8.4,13.2,9.0,연속↑,4.8,4.5,22.4,14.5,23.7,2025
부산,26,해운대구,26350,고,부산기계공업고등학교,국립,부산기계공업고등학교,UzAwMDAwMzU0Mw==,10.4,15.3,16.0,12.5,12.7,13.4,반등,0.2,10.8,15.2,15.7,12.7,12.2,13.3,연속↓,0.6,6.2,14.5,26.7,25.0,2023
부산,26,해운대구,26350,고,신도고등학교,공립,부산광역시 해운대구 좌3동,UzAyMDAwMDUxNw==,12.8,15.0,6.5,12.2,12.4,11.8,연속↑,0.3,11.8,13.7,5.9,11.0,12.1,10.9,연속↑,1.1,13.6,16.3,23.4,18.5,2022
부산,26,동래구,26260,중,여명중학교,공립,부산광역시 동래구 사직동,UzAyMDAwMDc4OQ==,36.5,35.6,30.9,36.3,41.9,36.2,연속↑,5.7,36.7,36.2,29.6,36.0,41.6,36.0,연속↑,5.6,41.7,46.8,58.0,19.2,2025
부산,26,동래구,26260,중,동해중학교,사립,부산광역시 동래구 명륜동,UzAyMDAwMDc3NQ==,31.0,29.9,34.8,35.3,39.3,34.0,연속↑,4.0,30.4,29.3,34.0,35.8,38.9,33.7,연속↑,3.1,46.7,44.4,63.1,22.8,2025
부산,26,동래구,26260,중,사직중학교,공립,부산광역시 동래구 사직동,UzAyMDAwMDc4NA==,29.4,29.8,29.6,28.5,38.4,31.1,반등,9.9,28.4,29.0,28.7,28.5,37.6,30.5,반등,9.1,42.3,36.7,51.7,26.3,2025
부산,26,동래구,26260,중,충렬중학교,공립,부산광역시 동래구 명장동,UzAyMDAwMDc5Nw==,20.1,23.0,25.6,30.7,35.6,27.0,연속↑,4.9,19.4,22.9,25.1,30.4,35.8,26.7,연속↑,5.4,38.7,40.4,57.9,32.0,2025
부산,26,동래구,26260,중,안락중학교,공립,부산광역시 동래구 안락2동,UzAyMDAwMDc4Ng==,32.8,33.6,35.3,31.4,35.3,33.7,반등,3.9,32.9,33.5,34.2,30.2,34.7,33.1,반등,4.6,43.8,37.6,48.5,26.1,2025
부산,26,동래구,26260,중,동래중학교,공립,부산광역시 동래구 명륜동,UzAyMDAwMDc3Mw==,33.8,32.5,38.6,38.1,34.1,35.4,연속↓,3.9,34.6,31.8,37.9,38.7,34.6,35.5,하락,4.1,41.8,47.2,39.7,24.6,2024
부산,26,동래구,26260,중,혜화여자중학교,사립,부산광역시 동래구 명장동,UzAyMDAwMDc5OQ==,37.6,33.8,33.5,29.1,34.0,33.6,반등,4.9,37.5,32.3,33.1,29.5,34.5,33.4,반등,4.9,45.8,59.0,41.8,32.5,2021
부산,26,동래구,26260,중,유락여자중학교,공립,부산광역시 동래구 온천동,UzAyMDAwMDc5NA==,42.6,30.2,37.2,30.4,32.2,34.5,반등,1.8,42.5,29.5,37.5,30.2,32.3,34.4,반등,2.1,32.2,37.2,44.2,21.3,2021
부산,26,동래구,26260,중,사직여자중학교,공립,부산광역시 동래구 사직2동,UzAyMDAwMDc4Mw==,37.7,32.5,37.0,33.0,33.1,34.7,반등,0.1,37.6,31.3,35.1,31.4,31.4,33.4,→보합,0.1,44.4,29.1,50.0,31.6,2021
부산,26,동래구,26260,중,부산내성중학교,공립,부산내성중학교,UzAyMDAwMDc3MQ==,38.3,25.1,34.8,30.6,30.7,31.9,반등,0.1,38.1,24.7,34.2,30.4,30.1,31.5,연속↓,0.3,37.1,32.4,39.8,32.2,2021
부산,26,동래구,26260,중,동신중학교,공립,부산광역시 동래구 명장2동,UzAyMDAwMDc3NA==,32.4,23.4,31.8,30.5,27.9,29.2,연속↓,2.6,33.4,23.1,32.9,30.6,28.5,29.7,연속↓,2.0,35.5,38.3,35.5,35.4,2021
부산,26,동래구,26260,중,온천중학교,공립,부산광역시 동래구 온천동,UzAyMDAwMDc5Mw==,32.6,25.0,32.8,25.7,27.4,28.7,반등,1.7,32.6,24.0,32.7,25.5,26.5,28.3,반등,1.0,30.7,25.9,46.7,25.9,2023
부산,26,동래구,26260,중,학산여자중학교,사립,부산광역시 동래구 명장동,UzAyMDAwMDc5OA==,28.6,21.6,27.6,28.7,27.2,26.7,하락,1.5,28.4,21.1,26.4,28.5,26.2,26.1,하락,2.3,43.5,26.6,39.8,41.7,2024
부산,26,동래구,26260,중,남일중학교,공립,부산광역시 동래구 안락2동,UzAyMDAwMDc5Ng==,35.9,29.6,31.7,29.0,25.8,30.4,연속↓,3.2,35.7,28.8,31.4,28.2,25.3,29.9,연속↓,2.9,29.8,27.6,43.7,34.2,2021
부산,26,동래구,26260,고,대명여자고등학교,사립,부산광역시 동래구 명장동,UzAyMDAwMDM3OA==,30.4,25.4,35.9,50.5,43.4,37.1,하락,7.2,29.6,24.8,36.8,49.1,42.8,36.6,하락,6.3,41.0,46.4,65.5,2.5,2024
부산,26,동래구,26260,고,용인고등학교,사립,부산광역시 동래구 명장2동,UzAyMDAwMDUyOQ==,45.5,34.3,27.8,24.0,37.9,33.9,반등,13.9,46.8,35.1,27.2,22.3,36.6,33.6,반등,14.3,67.4,35.3,38.5,1.1,2021
부산,26,동래구,26260,고,동인고등학교,사립,부산광역시 동래구 사직2동,UzAyMDAwMDQxMA==,36.2,31.1,32.3,38.9,32.5,34.2,하락,6.5,34.5,32.3,30.0,37.4,32.6,33.4,하락,4.8,33.7,34.4,32.3,3.2,2024
부산,26,동래구,26260,고,충렬고등학교,공립,부산광역시 동래구 명장동,UzAyMDAwMDUzOQ==,30.4,16.1,10.3,26.5,30.2,22.7,연속↑,3.8,28.2,16.1,10.4,28.2,31.7,22.9,연속↑,3.5,20.7,73.7,33.5,4.5,2025
부산,26,동래구,26260,고,부산중앙여자고등학교,공립,부산중앙여자고등학교,UzAyMDAwMDQ3OQ==,16.1,12.8,12.0,12.4,28.9,16.4,연속↑,16.5,15.5,11.9,11.0,12.1,28.0,15.7,연속↑,15.9,33.9,33.5,34.6,6.7,2025
부산,26,동래구,26260,고,혜화여자고등학교,사립,부산광역시 동래구 명장동,UzAyMDAwMDU1Nw==,56.9,51.3,66.2,46.1,28.4,49.8,연속↓,17.7,55.7,48.6,67.0,44.3,27.9,48.7,연속↓,16.4,37.8,28.9,30.0,0.6,2023
부산,26,동래구,26260,고,금정고등학교,공립,부산광역시 동래구 명장1동,UzAyMDAwMDM2NA==,7.5,16.1,15.4,24.6,27.4,18.2,연속↑,2.8,6.8,14.9,13.7,26.2,26.6,17.6,연속↑,0.4,31.9,26.9,29.1,13.7,2025
부산,26,동래구,26260,고,동래원예고등학교,공립,부산광역시 동래구 온천1동,UzAyMDAwMDM5OQ==,17.5,12.9,20.1,14.7,25.4,18.1,반등,10.7,16.4,11.9,21.6,15.7,23.5,17.8,반등,7.8,5.3,14.1,78.2,12.0,2025
부산,26,동래구,26260,고,학산여자고등학교,사립,부산광역시 동래구 충렬사로51번길,UzAyMDAwMDU0Mg==,20.4,28.5,29.0,31.4,21.7,26.2,하락,9.7,21.3,29.1,29.1,32.0,22.0,26.7,하락,10.0,33.7,26.0,17.6,2.9,2024
부산,26,동래구,26260,고,사직고등학교,공립,부산광역시 동래구 사직2동,UzAyMDAwMDQ5Nw==,28.3,19.9,19.2,20.9,22.7,22.2,연속↑,1.9,31.2,20.7,18.1,20.1,20.6,22.1,연속↑,0.5,34.8,11.8,35.9,8.6,2021
부산,26,동래구,26260,고,부산전자공업고등학교,공립,부산전자공업고등학교,UzAyMDAwMDQ2OQ==,11.9,9.1,8.3,12.3,16.3,11.6,연속↑,4.0,11.9,9.5,8.3,12.2,16.4,11.7,연속↑,4.2,12.6,28.9,27.5,10.5,2025
부산,26,동래구,26260,고,사직여자고등학교,사립,부산광역시 동래구 사직동,UzAyMDAwMDQ5OA==,16.7,8.5,19.5,16.3,12.3,14.7,연속↓,3.9,15.2,7.8,17.1,15.1,11.7,13.4,연속↓,3.5,18.0,7.7,14.9,20.6,2023
부산,26,동래구,26260,고,동래고등학교,공립,부산광역시 동래구 칠산동,UzAyMDAwMDM5NA==,15.7,13.3,28.2,25.9,11.6,18.9,연속↓,14.3,16.4,13.2,29.6,27.5,10.9,19.5,연속↓,16.5,2.8,11.0,28.6,29.1,2023
부산,26,연제구,26470,중,거제여자중학교,공립,부산광역시 연제구 거제2동,UzAyMDAwMDk1OQ==,40.1,32.2,35.3,38.9,35.9,36.5,하락,3.0,39.1,31.5,34.9,39.6,36.8,36.4,하락,2.8,45.0,44.5,51.5,19.5,2024
부산,26,연제구,26470,중,이사벨중학교,사립,부산광역시 연제구 거제동,UzAyMDAwMDk4Mw==,41.3,31.2,41.8,38.7,36.7,37.9,연속↓,2.0,40.2,30.3,41.1,38.6,36.0,37.2,연속↓,2.6,45.1,35.8,50.3,26.6,2023
부산,26,연제구,26470,중,토현중학교,공립,부산광역시 연제구 연산9동,UzAyMDAwMDk4Nw==,32.0,24.0,28.4,26.8,34.0,29.0,반등,7.2,32.4,22.8,28.6,26.6,34.0,28.9,반등,7.4,28.6,40.8,46.9,42.9,2025
부산,26,연제구,26470,중,연제중학교,공립,부산광역시 연제구 연산동,UzAyMDAwMDk4MA==,31.3,28.2,34.5,30.8,29.9,30.9,연속↓,0.9,31.6,27.7,34.1,31.0,29.7,30.8,연속↓,1.3,35.1,37.5,30.7,42.0,2023
부산,26,연제구,26470,중,연천중학교,공립,부산광역시 연제구 연산9동,UzAyMDAwMDk4MQ==,38.8,30.3,34.0,32.0,30.3,33.1,연속↓,1.7,38.7,30.6,33.2,31.5,29.6,32.7,연속↓,1.9,29.8,31.5,52.3,31.4,2021
부산,26,연제구,26470,중,연일중학교,공립,부산광역시 연제구 연산8동,UzAyMDAwMDk3OQ==,39.5,26.3,38.9,34.3,29.7,33.7,연속↓,4.6,39.5,25.9,38.8,33.7,29.1,33.4,연속↓,4.6,30.7,34.6,42.5,32.6,2021
부산,26,연제구,26470,중,연산중학교,공립,부산광역시 연제구 연산동,UzAyMDAwMDk3OA==,21.6,28.5,26.4,27.3,29.4,26.7,연속↑,2.1,20.8,27.2,25.3,26.5,28.9,25.7,연속↑,2.5,28.0,40.3,54.9,36.3,2025
부산,26,연제구,26470,중,거성중학교,사립,부산광역시 연제구 거제4동,UzAyMDAwMDk1OA==,35.4,22.5,26.3,25.2,27.8,27.4,반등,2.6,36.0,22.6,25.8,24.9,27.7,27.4,반등,2.8,31.5,33.1,43.7,29.4,2021
부산,26,연제구,26470,고,부산외국어고등학교,사립,부산외국어고등학교,UzAyMDAwMDQ2NA==,29.4,50.3,44.3,28.9,31.6,36.9,반등,2.6,27.5,50.2,43.0,28.4,31.6,36.1,반등,3.2,28.2,39.3,35.6,,2022
부산,26,연제구,26470,고,이사벨고등학교,사립,부산광역시 연제구 거제동,UzAyMDAwMDUzMA==,9.6,13.5,13.0,14.9,23.5,14.9,연속↑,8.5,8.9,12.9,12.6,13.5,22.3,14.0,연속↑,8.8,11.7,15.4,55.9,7.5,2025
부산,26,연제구,26470,고,연제고등학교,공립,부산광역시 연제구 연산6동,UzAyMDAwMTkwNw==,19.0,15.3,24.7,19.6,17.9,19.3,연속↓,1.7,19.0,15.3,25.9,20.8,17.3,19.7,연속↓,3.6,13.8,17.7,35.4,14.8,2023
부산,26,연제구,26470,고,계성여자고등학교,사립,부산광역시 연제구 거제4동,UzAyMDAwMDM1Ng==,14.6,15.7,16.7,10.3,14.5,14.3,반등,4.2,14.7,16.0,15.7,9.5,13.9,14.0,반등,4.4,15.4,13.8,24.7,32.5,2022
부산,26,남구,26290,중,석포여자중학교,공립,부산광역시 남구 용당동,UzAyMDAwMDYxNw==,31.5,25.9,34.4,30.9,36.2,31.8,반등,5.2,31.9,25.1,33.8,29.7,36.4,31.4,반등,6.7,33.0,43.9,46.2,35.5,2025
부산,26,남구,26290,중,남천중학교,공립,부산광역시 남구 대연동,UzAyMDAwMDYwNA==,45.0,27.7,30.2,35.6,37.4,35.2,연속↑,1.8,44.3,27.9,29.5,35.6,35.3,34.5,하락,0.3,59.5,34.8,53.2,32.1,2021
부산,26,남구,26290,중,성동중학교,공립,부산광역시 남구 문현2동,UzAyMDAwMDYxOQ==,29.3,31.2,33.3,26.3,32.3,30.5,반등,6.0,29.0,31.6,32.2,26.6,32.1,30.3,반등,5.5,39.7,39.7,40.5,33.6,2023
부산,26,남구,26290,중,대연중학교,공립,부산광역시 남구 대연2동,UzAyMDAwMDYwNg==,34.6,22.9,32.7,29.6,31.4,30.2,반등,1.8,35.3,22.9,32.9,30.5,32.0,30.7,반등,1.5,30.6,60.0,41.6,30.3,2021
부산,26,남구,26290,중,분포중학교,공립,부산광역시 남구 용호1동,UzAyMDAwMDYxNg==,36.8,32.2,36.0,36.6,32.9,34.9,하락,3.7,35.5,31.6,34.2,35.0,31.6,33.6,하락,3.4,35.7,34.8,53.2,30.4,2021
부산,26,남구,26290,중,문현여자중학교,공립,부산광역시 남구 문현1동,UzAyMDAwMDYxMQ==,35.4,25.9,32.9,25.3,32.1,30.3,반등,6.8,34.4,25.4,32.8,25.1,31.6,29.8,반등,6.5,37.7,42.3,50.5,30.2,2021
부산,26,남구,26290,중,용호중학교,공립,부산광역시 남구 용호3동,UzAyMDAwMDYyMw==,38.6,27.6,38.3,32.9,31.6,33.8,연속↓,1.3,39.2,26.8,38.1,32.3,30.7,33.4,연속↓,1.6,33.0,31.8,46.5,36.9,2021
부산,26,남구,26290,중,감만중학교,공립,부산광역시 남구 감만동,UzAyMDAwMDU5OQ==,32.0,23.0,29.4,30.7,31.3,29.3,연속↑,0.6,31.5,21.6,29.5,30.5,30.7,28.8,연속↑,0.3,34.9,34.9,44.0,45.1,2021
부산,26,남구,26290,중,용문중학교,공립,부산광역시 남구 용호1동,UzAyMDAwMDYyMQ==,29.4,22.5,33.5,31.5,31.2,29.6,연속↓,0.3,29.4,22.5,32.7,30.8,29.5,29.0,연속↓,1.3,33.3,23.0,50.0,35.8,2023
부산,26,남구,26290,중,동항중학교,공립,부산광역시 남구 감만동,UzAyMDAwMDYxMA==,,27.7,24.3,25.9,28.4,26.6,연속↑,2.5,,27.1,24.1,25.7,28.3,26.3,연속↑,2.6,30.5,39.6,42.7,38.9,2025
부산,26,남구,26290,중,오륙도중학교,공립,부산광역시 남구 오륙도로,UzAyMDAwMjAwNw==,36.8,22.9,30.6,29.6,28.2,29.6,연속↓,1.4,35.9,22.5,30.9,29.1,27.6,29.2,연속↓,1.5,25.6,26.9,39.3,37.2,2021
부산,26,남구,26290,중,대천중학교,공립,부산광역시 남구 대연3동,UzAyMDAwMDYwNw==,30.7,27.0,31.4,30.2,25.9,29.0,연속↓,4.3,30.3,26.3,31.3,30.1,25.5,28.7,연속↓,4.6,24.8,36.6,37.9,41.7,2023
부산,26,남구,26290,중,해연중학교,사립,부산광역시 남구 대연6동,UzAyMDAwMDYyNA==,24.0,21.7,20.8,27.4,24.4,23.7,하락,3.0,24.0,22.2,20.4,27.1,24.3,23.6,하락,2.8,22.5,36.4,45.5,28.8,2024
부산,26,남구,26290,고,문현여자고등학교,공립,부산광역시 남구 문현1동,UzAyMDAwMDQxOA==,20.0,25.7,37.2,26.9,28.1,27.6,반등,1.2,21.4,27.8,40.0,28.1,27.7,29.0,연속↓,0.4,22.0,32.4,52.4,14.9,2023
부산,26,남구,26290,고,대연고등학교,사립,부산광역시 남구 대연3동,UzAyMDAwMDM4MQ==,40.8,50.0,41.6,48.8,28.9,42.0,하락,19.9,42.7,46.7,41.6,47.8,26.8,41.1,하락,21.0,30.8,23.3,45.8,15.0,2024
부산,26,남구,26290,고,한얼고등학교,사립,부산광역시 남구 문현1동,UzAyMDAwMDQ4OQ==,28.1,29.7,18.0,31.0,26.9,26.7,하락,4.2,29.0,28.6,17.3,29.6,26.7,26.2,하락,2.9,27.0,28.6,37.4,2.2,2024
부산,26,남구,26290,고,대양고등학교,사립,부산광역시 남구 문현4동,UzAyMDAwMDM4MA==,9.8,7.2,11.3,7.4,25.4,12.2,반등,18.0,10.8,7.7,10.9,6.8,25.8,12.4,반등,19.0,38.3,29.5,24.8,4.2,2025
부산,26,남구,26290,고,성지고등학교,사립,부산광역시 남구 우암1동,UzAyMDAwMDUxMg==,19.5,30.4,24.9,39.3,24.7,27.7,하락,14.6,19.7,33.5,27.5,37.7,24.4,28.5,하락,13.2,35.2,26.4,23.7,33.3,2024
부산,26,남구,26290,고,배정고등학교,사립,부산광역시 남구 장고개로85번길,UzAyMDAwMDQyMQ==,9.2,20.2,15.7,7.3,21.5,14.8,반등,14.2,8.4,18.6,14.6,7.0,21.2,13.9,반등,14.2,15.5,24.7,33.0,22.1,2025
부산,26,남구,26290,고,부산중앙고등학교,공립,부산중앙고등학교,UzAyMDAwMDQ3OA==,15.7,8.1,30.8,31.5,20.1,21.2,하락,11.3,15.1,7.2,32.5,30.1,20.1,21.0,연속↓,9.9,20.0,26.2,24.0,7.2,2023
부산,26,남구,26290,고,분포고등학교,공립,부산광역시 남구 용호동,UzAyMDAwMTg1MQ==,16.6,20.2,15.8,16.9,18.1,17.5,연속↑,1.2,18.5,21.5,15.1,17.2,19.4,18.4,연속↑,2.2,13.4,28.2,16.2,16.7,2022
부산,26,남구,26290,고,세연고등학교,사립,부산광역시 남구 대연6동,UzAyMDAwMDM4Mw==,11.1,7.2,15.3,13.7,18.4,13.1,반등,4.7,10.9,7.1,14.9,13.8,18.3,13.0,반등,4.5,52.5,30.0,30.0,38.9,2025
부산,26,남구,26290,고,한국조형예술고등학교,공립,부산광역시 남구 용호동,UzAyMDAwMDQ0Nw==,10.2,14.7,14.9,16.6,17.8,14.8,연속↑,1.2,9.8,13.9,14.2,15.5,17.5,14.2,연속↑,2.0,21.0,18.4,21.5,21.0,2025
부산,26,남구,26290,고,예문여자고등학교,사립,부산광역시 남구 용호동,UzAyMDAwMDUyNw==,23.0,19.0,53.6,37.3,17.2,30.0,연속↓,20.1,25.9,22.6,54.1,36.6,17.2,31.3,연속↓,19.3,18.6,18.6,24.5,9.0,2023
부산,26,남구,26290,고,동천고등학교,사립,부산광역시 남구 대연5동,UzAyMDAwMDQxMg==,18.2,16.1,12.3,18.6,16.2,16.3,하락,2.4,18.1,16.5,12.4,18.1,15.1,16.0,하락,3.0,24.6,10.8,23.0,7.7,2024
부산,26,남구,26290,고,배정미래고등학교,사립,부산광역시 남구 문현동,UzAyMDAwMDQ3MQ==,11.3,5.2,14.7,12.9,15.9,12.0,반등,3.0,11.3,5.4,14.1,12.2,14.8,11.6,반등,2.6,16.2,8.5,28.5,49.2,2025
부산,26,남구,26290,고,부산공업고등학교,공립,부산공업고등학교,UzAyMDAwMDQzMg==,15.6,10.0,5.2,11.1,14.9,11.4,연속↑,3.8,15.2,9.3,5.1,11.0,13.9,10.9,연속↑,2.9,20.9,11.6,34.1,47.2,2021
부산,26,남구,26290,고,동명공업고등학교,사립,부산광역시 남구 용당동,UzAyMDAwMDQwMg==,8.8,9.2,4.4,8.0,4.2,6.9,하락,3.8,9.0,9.1,3.8,7.7,3.9,6.7,하락,3.8,9.9,2.7,4.5,77.8,2022
부산,26,부산진구,26230,중,부산국제중학교,공립,부산국제중학교,UzAyMDAwMDk2OQ==,62.6,38.4,53.1,45.2,48.4,49.5,반등,3.3,62.1,38.1,51.9,45.1,47.5,48.9,반등,2.4,75.0,52.0,60.0,6.5,2021
부산,26,부산진구,26230,중,덕명여자중학교,사립,부산광역시 부산진구 전포동,UzAyMDAwMDk2MQ==,41.2,30.3,40.8,40.0,39.8,38.4,연속↓,0.2,41.3,29.2,40.1,40.3,40.0,38.2,하락,0.3,50.4,48.7,53.7,23.9,2021
부산,26,부산진구,26230,중,개금여자중학교,공립,부산광역시 부산진구 당감동,UzAyMDAwMDk1Ng==,38.0,30.0,38.0,43.3,36.7,37.2,하락,6.6,38.4,29.8,38.0,42.6,36.4,37.0,하락,6.2,32.1,43.1,52.7,27.5,2024
부산,26,부산진구,26230,중,양동여자중학교,공립,부산광역시 부산진구 양정동,UzAyMDAwMTkxOA==,32.5,30.3,38.4,35.5,34.1,34.2,연속↓,1.4,31.5,29.7,37.2,33.8,33.1,33.1,연속↓,0.7,34.4,33.6,53.7,33.7,2023
부산,26,부산진구,26230,중,초연중학교,공립,부산광역시 부산진구 초읍동,UzAyMDAwMDk4NA==,30.8,22.6,29.5,34.1,31.2,29.6,하락,2.9,29.1,22.0,29.5,33.1,31.5,29.0,하락,1.7,34.1,40.7,42.2,25.6,2024
부산,26,부산진구,26230,중,광무여자중학교,공립,부산광역시 부산진구 개금동,UzAyMDAwMDk2MA==,26.4,24.1,30.0,35.7,31.4,29.5,하락,4.3,26.1,23.8,28.7,35.3,30.7,28.9,하락,4.6,30.8,29.3,44.4,25.6,2024
부산,26,부산진구,26230,중,개림중학교,공립,부산광역시 부산진구 개금3동,UzAyMDAwMDk1Nw==,27.6,25.9,32.2,33.5,29.7,29.8,하락,3.8,28.3,25.5,32.8,33.2,30.3,30.0,하락,3.0,33.5,47.0,28.4,30.0,2024
부산,26,부산진구,26230,중,동평중학교,공립,부산광역시 부산진구 부암3동,UzAyMDAwMDk2NQ==,27.4,23.4,37.9,28.4,29.8,29.4,반등,1.4,27.1,23.4,38.2,29.0,30.0,29.5,반등,1.0,37.8,43.2,40.4,35.1,2023
부산,26,부산진구,26230,중,동의중학교,사립,부산광역시 부산진구 전포2동,UzAyMDAwMDk2Mw==,23.9,25.9,29.6,31.8,29.3,28.1,하락,2.5,23.6,25.3,28.8,31.8,29.0,27.7,하락,2.8,28.3,31.1,57.1,30.2,2024
부산,26,부산진구,26230,중,서면중학교,사립,부산광역시 부산진구 부암동,UzAyMDAwMDk3Ng==,24.0,24.7,28.2,25.2,27.5,25.9,반등,2.3,23.1,24.1,28.3,25.8,28.6,26.0,반등,2.7,32.7,45.5,47.3,29.1,2025
부산,26,부산진구,26230,중,부산개성중학교,공립,부산개성중학교,UzAyMDAwMDk2Nw==,31.6,26.0,27.6,32.1,28.7,29.2,하락,3.4,31.8,25.2,26.1,32.0,28.4,28.7,하락,3.6,32.8,38.4,45.6,41.4,2024
부산,26,부산진구,26230,중,가야여자중학교,공립,부산광역시 부산진구 가야3동,UzAyMDAwMDk1NQ==,32.5,24.4,25.0,31.5,28.8,28.4,하락,2.7,31.5,23.7,25.3,31.4,28.1,28.0,하락,3.3,35.1,24.0,47.6,35.1,2021
부산,26,부산진구,26230,중,부산진여자중학교,공립,부산진여자중학교,UzAyMDAwMDk3Mw==,30.3,27.8,25.4,27.2,28.3,27.8,연속↑,1.1,30.1,27.4,25.2,27.0,27.9,27.5,연속↑,0.9,40.0,37.5,42.5,36.1,2021
부산,26,부산진구,26230,중,동양중학교,공립,부산광역시 부산진구 부암동,UzAyMDAwMTg3NQ==,32.2,24.7,22.9,30.5,26.1,27.3,하락,4.4,32.7,24.5,23.0,30.5,26.9,27.5,하락,3.6,21.3,42.5,38.8,29.8,2021
부산,26,부산진구,26230,중,초읍중학교,공립,부산광역시 부산진구 초읍동,UzAyMDAwMDk4Ng==,36.1,28.9,30.5,29.3,26.4,30.2,연속↓,3.0,35.0,28.7,30.5,29.6,26.0,30.0,연속↓,3.6,28.0,29.2,41.0,33.0,2021
부산,26,부산진구,26230,중,부산진중학교,공립,부산진중학교,UzAyMDAwMDk3NA==,24.2,27.8,33.8,26.2,25.7,27.5,연속↓,0.5,23.2,27.6,33.7,26.4,25.2,27.2,연속↓,1.2,39.2,26.7,31.8,35.5,2023
부산,26,부산진구,26230,중,항도중학교,사립,부산광역시 부산진구 전포2동,UzAyMDAwMDk4OA==,25.7,23.8,25.5,21.8,24.6,24.3,반등,2.8,25.4,23.1,25.0,21.8,24.4,23.9,반등,2.6,29.6,24.4,30.1,40.1,2021
부산,26,부산진구,26230,중,동평여자중학교,공립,부산광역시 부산진구 부암3동,UzAyMDAwMDk2NA==,34.7,27.6,33.9,26.9,24.9,29.6,연속↓,2.0,35.2,27.7,33.5,26.5,24.0,29.4,연속↓,2.6,21.7,22.6,44.5,32.1,2021
부산,26,부산진구,26230,중,부산동중학교,사립,부산동중학교,UzAyMDAwMDk3MQ==,24.4,18.1,20.1,25.5,23.4,22.3,하락,2.1,24.6,18.2,20.1,26.4,23.8,22.6,하락,2.6,19.4,41.6,36.4,36.4,2024
부산,26,부산진구,26230,고,부산국제고등학교,공립,부산국제고등학교,UzAyMDAwMDQzNQ==,68.9,70.1,76.9,50.4,50.4,63.3,→보합,,69.6,65.7,76.6,47.9,46.7,61.3,연속↓,1.1,84.9,30.6,71.3,0.6,2023
부산,26,부산진구,26230,고,성모여자고등학교,사립,부산광역시 부산진구 양정동,UzAyMDAwMDUwOQ==,29.2,48.4,20.9,30.3,40.3,33.8,연속↑,10.0,33.0,48.7,19.7,31.2,38.2,34.1,연속↑,6.9,41.9,33.1,57.9,8.8,2022
부산,26,부산진구,26230,고,가야고등학교,사립,부산광역시 부산진구 가야3동,UzAyMDAwMDMzOA==,34.7,21.5,37.6,24.5,33.8,30.4,반등,9.4,38.6,21.6,36.4,24.8,33.8,31.1,반등,9.0,62.0,50.3,39.1,12.7,2021
부산,26,부산진구,26230,고,경원고등학교,사립,부산광역시 부산진구 당감동,UzAyMDAwMDM1MA==,27.5,40.3,25.9,20.9,31.2,29.1,반등,10.3,26.5,41.7,23.7,19.5,31.6,28.6,반등,12.1,41.5,38.0,24.9,2.4,2022
부산,26,부산진구,26230,고,부산진여자상업고등학교,공립,부산진여자상업고등학교,UzAyMDAwMDQ4NA==,10.1,11.8,33.7,22.5,27.8,21.1,반등,5.4,9.9,12.1,32.7,22.4,27.5,20.9,반등,5.1,41.8,35.7,35.0,33.0,2023
부산,26,부산진구,26230,고,부산정보고등학교,사립,부산정보고등학교,UzAyMDAwMDQ3MA==,22.8,28.2,17.0,16.8,22.4,21.4,반등,5.6,23.0,27.9,18.1,16.6,23.1,21.7,반등,6.5,23.6,34.5,21.8,16.9,2022
부산,26,부산진구,26230,고,부산마케팅고등학교,사립,부산마케팅고등학교,UzAyMDAwMDM4OQ==,18.6,15.4,16.5,17.8,21.2,17.9,연속↑,3.4,21.0,16.2,17.4,17.8,21.3,18.7,연속↑,3.5,17.0,23.9,36.9,15.7,2025
부산,26,부산진구,26230,고,동의고등학교,사립,부산광역시 부산진구 전포2동,UzAyMDAwMDQwOQ==,6.8,10.3,8.3,11.1,20.3,11.3,연속↑,9.2,6.8,10.4,7.7,11.3,20.3,11.3,연속↑,8.9,30.0,,36.7,,2025
부산,26,부산진구,26230,고,부산진고등학교,공립,부산진고등학교,UzAyMDAwMDQ4Mg==,11.2,11.3,49.3,39.2,19.7,26.1,연속↓,19.6,11.5,11.7,48.1,38.3,20.0,25.9,연속↓,18.4,20.3,31.3,19.5,16.9,2023
부산,26,부산진구,26230,고,부산동고등학교,사립,부산동고등학교,UzAyMDAwMDQ0NA==,39.7,17.9,41.5,54.9,20.0,34.8,하락,34.9,37.2,17.9,40.0,54.8,18.9,33.8,하락,35.9,18.9,17.9,38.7,31.1,2024
부산,26,부산진구,26230,고,세정고등학교,사립,부산광역시 부산진구 양정동,UzAyMDAwMDQxNQ==,7.4,16.5,10.9,14.0,17.5,13.3,연속↑,3.5,7.3,15.5,11.9,14.9,17.8,13.5,연속↑,2.9,13.7,22.2,23.5,21.6,2025
부산,26,부산진구,26230,고,경남공업고등학교,공립,경남공업고등학교,UzAyMDAwMDM0NA==,6.1,8.1,11.0,11.1,16.4,10.6,연속↑,5.3,6.6,8.7,10.8,11.1,17.2,10.9,연속↑,6.1,20.6,33.3,35.5,35.0,2025
부산,26,부산진구,26230,고,양정고등학교,사립,부산광역시 부산진구 양정동,UzAyMDAwMDUyMg==,41.1,51.9,29.2,42.0,17.3,36.3,하락,24.7,40.7,51.1,27.7,40.6,17.2,35.4,하락,23.4,12.2,19.8,29.0,26.0,2022
부산,26,부산진구,26230,고,개성고등학교,공립,부산광역시 부산진구 당감동,UzAyMDAwMDQ1Mg==,8.0,16.2,10.3,4.9,15.4,11.0,반등,10.5,7.6,16.9,10.3,4.8,15.3,11.0,반등,10.4,16.4,17.5,20.6,21.4,2022
부산,26,부산진구,26230,고,부산동성고등학교,사립,부산동성고등학교,UzAyMDAwMDQ0NQ==,29.6,35.6,38.5,31.0,14.6,29.8,연속↓,16.4,29.6,33.8,38.1,31.2,14.3,29.4,연속↓,16.9,15.7,14.8,17.6,7.5,2023
부산,26,부산진구,26230,고,부산진여자고등학교,사립,부산진여자고등학교,UzAyMDAwMDQ4Mw==,39.7,34.3,40.7,29.0,12.6,31.2,연속↓,16.4,42.0,35.3,40.7,28.5,11.9,31.7,연속↓,16.6,29.3,9.4,14.6,4.9,2021
부산,26,부산진구,26230,고,개금고등학교,공립,부산광역시 부산진구 개금3동,UzAyMDAwMDMzOQ==,21.4,20.1,18.2,21.8,12.0,18.7,하락,9.8,21.5,21.6,19.0,21.2,10.6,18.8,하락,10.6,16.0,3.2,21.5,25.6,2022
부산,26,수영구,26500,중,망미중학교,공립,부산광역시 수영구 망미1동,UzAyMDAwMTYyNg==,30.2,24.1,26.4,28.6,34.6,28.8,연속↑,6.0,29.9,23.7,26.8,28.3,34.1,28.6,연속↑,5.8,37.2,34.9,48.8,38.4,2025
부산,26,수영구,26500,중,부산수영중학교,공립,부산수영중학교,UzAyMDAwMTYzMQ==,29.0,26.0,31.3,30.4,33.1,29.9,반등,2.7,28.3,25.8,31.9,30.7,33.2,30.0,반등,2.5,29.1,42.9,45.3,31.2,2025
부산,26,수영구,26500,중,광안중학교,공립,부산광역시 수영구 광안동,UzAyMDAwMTYyMA==,30.8,27.7,24.3,30.0,31.5,28.9,연속↑,1.5,30.2,27.5,23.8,28.8,31.5,28.4,연속↑,2.7,34.0,38.1,35.8,31.1,2025
부산,26,수영구,26500,중,한바다중학교,공립,부산광역시 수영구 광안동,UzAyMDAwMTY0Mg==,34.0,29.4,31.7,31.0,28.9,31.0,연속↓,2.1,33.5,29.0,30.9,31.2,29.5,30.8,하락,1.7,24.8,42.2,39.0,32.3,2021
부산,26,수영구,26500,중,동아중학교,사립,부산광역시 수영구 광안동,UzAyMDAwMTYyNA==,23.2,23.7,30.4,28.5,27.7,26.7,연속↓,0.8,22.4,22.8,29.8,28.1,27.8,26.2,연속↓,0.3,32.7,32.2,35.7,42.6,2023
부산,26,수영구,26500,중,동수영중학교,사립,부산광역시 수영구 광안동,UzAyMDAwMTYyMw==,22.5,26.5,28.8,22.8,24.4,25.0,반등,1.6,22.5,25.9,28.6,22.9,24.4,24.9,반등,1.6,36.2,26.2,22.7,29.8,2023
부산,26,수영구,26500,고,덕문여자고등학교,사립,부산광역시 수영구 광안동,UzAyMDAwMDM5MQ==,32.4,37.6,40.5,28.6,30.6,33.9,반등,2.1,32.4,36.9,39.4,28.5,30.0,33.5,반등,1.5,47.1,29.4,32.6,3.2,2023
부산,26,수영구,26500,고,부산동여자고등학교,공립,부산동여자고등학교,UzAyMDAwMDQ0Ng==,11.8,9.9,11.9,21.0,30.7,17.1,연속↑,9.7,10.9,8.9,11.2,19.0,30.0,16.0,연속↑,11.0,32.0,26.7,41.4,9.3,2025
부산,26,수영구,26500,고,부산여자상업고등학교,사립,부산여자상업고등학교,UzAyMDAwMDQ2MQ==,31.5,15.2,19.0,25.3,29.0,24.0,연속↑,3.8,30.4,14.6,18.9,25.2,29.4,23.7,연속↑,4.3,28.8,37.3,33.7,27.5,2021
부산,26,수영구,26500,고,부산남일고등학교,공립,부산남일고등학교,UzAyMDAwMDQ0MA==,20.0,20.6,30.3,26.1,24.5,24.3,연속↓,1.6,22.1,21.5,30.5,26.2,24.6,25.0,연속↓,1.6,31.5,27.5,22.3,5.0,2023
부산,26,서구,26140,중,대신여자중학교,사립,부산광역시 서구 동대신동2가,UzAyMDAwMTQwOQ==,31.4,26.8,33.5,26.9,34.6,30.6,반등,7.7,30.8,26.0,32.5,26.6,34.4,30.1,반등,7.8,45.0,38.9,46.3,34.1,2025
부산,26,서구,26140,중,초장중학교,공립,부산광역시 서구 초장동,UzAyMDAwMTQzOQ==,37.1,29.7,32.6,26.4,33.0,31.7,반등,6.6,37.1,28.7,32.8,26.6,32.7,31.6,반등,6.1,36.8,39.7,47.2,36.8,2021
부산,26,서구,26140,중,부산중앙여자중학교,공립,부산중앙여자중학교,UzAyMDAwMTQyMw==,35.9,21.5,30.4,32.9,32.9,30.7,→보합,,35.7,21.1,30.2,32.9,32.7,30.5,하락,0.2,31.3,48.8,47.2,41.8,2021
부산,26,서구,26140,중,경남중학교,공립,경남중학교,UzAyMDAwMTQwMQ==,28.6,18.6,26.4,31.7,28.9,26.8,하락,2.8,29.0,18.0,25.5,31.8,28.9,26.7,하락,2.9,41.1,39.0,38.0,40.1,2024
부산,26,서구,26140,중,부산여자중학교,공립,부산여자중학교,UzAyMDAwMTQyMA==,29.1,27.5,31.6,31.8,28.9,29.8,하락,2.9,29.3,27.9,32.2,32.7,27.7,29.9,하락,5.1,27.8,26.1,45.6,43.0,2024
부산,26,서구,26140,중,부산대신중학교,공립,부산대신중학교,UzAyMDAwMTQxNw==,29.1,24.9,32.5,28.1,27.8,28.5,연속↓,0.2,29.6,24.4,31.7,26.6,27.2,27.9,반등,0.6,37.7,30.6,43.8,44.0,2023
부산,26,서구,26140,중,송도중학교,사립,부산광역시 서구 남부민동,UzAyMDAwMTQyOQ==,17.1,20.4,19.1,20.4,23.9,20.2,연속↑,3.5,17.2,20.1,19.1,20.6,24.1,20.2,연속↑,3.5,33.8,28.2,34.3,41.1,2025
부산,26,서구,26140,고,부경고등학교,공립,부산광역시 서구 서대신동3가,UzAyMDAwMDM0NQ==,10.8,6.7,16.7,15.4,36.7,17.3,반등,21.3,10.4,7.0,18.0,17.6,36.7,17.9,반등,19.2,48.3,37.1,38.5,8.6,2025
부산,26,서구,26140,고,부산관광고등학교,사립,부산관광고등학교,UzAyMDAwMDQ3Mw==,15.2,17.6,23.8,15.7,20.6,18.6,반등,4.8,15.0,17.2,22.6,16.2,20.3,18.2,반등,4.1,29.4,23.8,23.1,6.5,2023
부산,26,서구,26140,고,경남고등학교,공립,경남고등학교,UzAyMDAwMDM0Mg==,26.5,12.0,21.7,21.3,19.2,20.1,연속↓,2.1,30.0,13.0,22.3,21.8,19.0,21.2,연속↓,2.7,25.5,25.5,20.4,16.7,2021
부산,26,서구,26140,고,부산서여자고등학교,공립,부산서여자고등학교,UzAyMDAwMDQ1Mw==,15.4,22.2,23.5,18.2,16.8,19.2,연속↓,1.4,16.3,24.8,23.1,19.9,16.6,20.1,연속↓,3.3,12.3,17.4,28.1,12.3,2022
부산,26,서구,26140,고,경성전자고등학교,사립,부산광역시 서구 서대신동3가,UzAyMDAwMDM0OQ==,16.8,4.8,14.2,11.6,11.1,11.7,연속↓,0.4,16.8,4.8,14.4,12.1,10.4,11.7,연속↓,1.7,15.0,8.7,25.2,26.2,2021
부산,26,사하구,26380,중,동주여자중학교,사립,부산광역시 사하구 괴정동,UzAyMDAwMTQxMw==,39.2,24.4,37.4,41.9,41.7,36.9,하락,0.2,38.9,23.9,37.5,42.0,41.1,36.7,하락,0.8,46.4,41.8,47.1,40.0,2024
부산,26,사하구,26380,중,사하중학교,공립,부산광역시 사하구 괴정4동,UzAyMDAwMTQyNQ==,31.2,27.0,32.3,32.9,38.1,32.3,연속↑,5.2,30.8,27.0,32.4,32.3,37.5,32.0,반등,5.1,48.3,47.7,46.3,38.6,2025
부산,26,사하구,26380,중,건국중학교,사립,부산광역시 사하구 하단동,UzAyMDAwMTQwMA==,27.3,24.1,30.1,28.0,30.2,27.9,반등,2.2,27.5,23.3,30.4,27.8,30.6,27.9,반등,2.7,28.1,52.5,59.4,34.4,2025
부산,26,사하구,26380,중,당리중학교,공립,부산광역시 사하구 당리동,UzAyMDAwMTQxOA==,30.9,29.3,30.2,29.9,30.1,30.1,반등,0.3,31.4,29.1,29.8,30.1,30.0,30.1,하락,0.2,31.8,50.0,41.8,36.5,2021
부산,26,사하구,26380,중,하단중학교,공립,부산광역시 사하구 하단동,UzAyMDAwMTQ0NA==,21.2,26.6,31.4,31.3,29.9,28.1,연속↓,1.4,20.5,26.8,30.8,30.8,29.6,27.7,하락,1.2,31.2,38.5,41.7,38.0,2024
부산,26,사하구,26380,중,하남중학교,공립,부산광역시 사하구 하단1동,UzAyMDAwMTQ0Mw==,32.7,26.0,30.2,31.0,29.4,29.9,하락,1.5,33.8,26.0,31.1,31.0,29.3,30.2,연속↓,1.7,33.6,36.6,38.3,34.1,2021
부산,26,사하구,26380,중,영남중학교,사립,부산 사하구 장림동,UzAyMDAwMTQzMg==,32.9,25.5,30.4,29.8,29.4,29.6,연속↓,0.4,33.7,25.4,31.0,30.7,29.2,30.0,연속↓,1.5,34.9,37.2,37.2,31.0,2021
부산,26,사하구,26380,중,두송중학교,공립,부산광역시 사하구 다대2동,UzAyMDAwMTkwOQ==,35.6,29.1,30.2,32.9,29.5,31.5,하락,3.4,36.6,29.1,30.9,32.8,28.3,31.5,하락,4.6,38.6,31.5,43.3,42.6,2021
부산,26,사하구,26380,중,삼성중학교,사립,부산광역시 사하구 감천동,UzAyMDAwMTQyNg==,35.5,24.3,31.2,28.9,28.0,29.6,연속↓,0.9,35.3,24.2,30.5,27.9,27.6,29.1,연속↓,0.2,30.1,41.7,41.7,48.8,2021
부산,26,사하구,26380,중,장림여자중학교,공립,부산광역시 사하구 장림동,UzAyMDAwMTQzNg==,28.2,28.8,30.3,24.6,27.6,27.9,반등,3.1,29.0,27.5,29.3,24.7,27.4,27.6,반등,2.7,31.9,39.3,36.7,46.0,2023
부산,26,사하구,26380,중,감천중학교,공립,부산광역시 사하구 감천1동,UzAyMDAwMTM5OQ==,31.7,30.3,30.1,26.5,26.3,29.0,연속↓,0.2,30.7,30.1,32.0,26.6,26.3,29.1,연속↓,0.3,27.6,33.7,42.9,47.9,2023
부산,26,사하구,26380,중,다송중학교,공립,부산광역시 사하구 다대동,UzAyMDAwMTQwNw==,32.9,25.3,28.8,29.2,26.0,28.4,하락,3.2,32.6,24.5,28.7,29.1,25.8,28.1,하락,3.3,26.4,37.4,43.4,36.1,2021
부산,26,사하구,26380,중,다선중학교,공립,부산광역시 사하구 다대1동,UzAyMDAwMTQwNg==,36.3,30.1,29.6,28.8,24.0,29.8,연속↓,4.8,34.4,29.7,29.5,29.8,24.2,29.5,하락,5.6,24.8,34.0,40.9,38.3,2021
부산,26,사하구,26380,중,장평중학교,공립,부산광역시 사하구 감천동,UzAyMDAwMTQzNw==,23.1,28.2,24.5,27.2,23.6,25.3,하락,3.7,22.6,27.9,25.0,27.7,23.4,25.3,하락,4.3,25.4,39.1,34.8,44.1,2022
부산,26,사하구,26380,중,다대중학교,공립,부산광역시 사하구 다대동,UzAyMDAwMTQwNQ==,27.3,22.9,22.6,19.5,22.5,23.0,반등,2.9,26.6,22.0,22.4,19.1,21.9,22.4,반등,2.8,30.3,27.7,34.8,47.0,2021
부산,26,사하구,26380,중,대동중학교,사립,부산광역시 사하구 신평동,UzAyMDAwMTQwOA==,25.9,19.5,19.3,21.3,21.0,21.4,하락,0.3,27.3,20.5,19.9,21.2,21.3,22.0,연속↑,0.1,25.5,29.9,36.2,36.3,2021
부산,26,사하구,26380,고,부일외국어고등학교,사립,부산광역시 사하구 감천동,UzAyMDAwMDQ5MA==,17.3,16.3,21.3,10.4,63.7,25.8,반등,53.3,17.8,15.8,22.2,9.9,62.0,25.6,반등,52.1,86.1,60.2,94.9,1.7,2025
부산,26,사하구,26380,고,부산일과학고등학교,공립,부산일과학고등학교,UzAyMDAwMjA5Ng==,89.4,66.2,79.4,67.5,55.9,71.7,연속↓,11.6,87.6,65.5,78.8,66.0,52.2,70.0,연속↓,13.8,80.2,39.6,67.0,3.3,2021
부산,26,사하구,26380,고,성일여자고등학교,사립,부산광역시 사하구 신평동,UzAyMDAwMDUxMQ==,21.0,23.0,13.9,17.3,35.6,22.2,연속↑,18.4,21.2,24.1,13.5,17.8,36.6,22.6,연속↑,18.7,39.9,55.4,36.5,3.4,2025
부산,26,사하구,26380,고,부산여자고등학교,공립,부산여자고등학교,UzAyMDAwMDQ1OQ==,22.4,17.4,46.1,20.5,36.9,28.6,반등,16.4,24.9,19.5,44.3,20.0,35.6,28.9,반등,15.7,44.5,29.9,47.5,3.8,2023
부산,26,사하구,26380,고,부산자동차마이스터고등학교,공립,부산자동차마이스터고등학교,UzAyMDAwMDQ2Nw==,9.1,7.8,10.6,25.7,23.9,15.4,하락,1.8,9.8,8.1,10.9,26.3,26.1,16.2,하락,0.2,20.4,47.3,20.4,2.1,2024
부산,26,사하구,26380,고,삼성여자고등학교,사립,부산광역시 사하구 감천1동,UzAyMDAwMDQ5OQ==,20.6,14.7,13.4,13.8,25.1,17.5,연속↑,11.3,19.6,14.7,13.3,13.7,25.0,17.3,연속↑,11.3,29.7,28.2,24.9,4.8,2025
부산,26,사하구,26380,고,부일전자디자인고등학교,사립,부산광역시 사하구 감천1동,UzAyMDAwMDQ5Mg==,7.2,7.0,12.3,21.4,23.2,14.2,연속↑,1.8,7.1,7.6,11.3,20.3,23.5,14.0,연속↑,3.2,26.5,26.5,21.8,39.1,2025
부산,26,사하구,26380,고,대동고등학교,사립,부산광역시 사하구 신평동,UzAyMDAwMDM3Nw==,6.6,14.0,10.8,18.2,22.3,14.4,연속↑,4.1,5.9,12.7,10.1,17.9,22.6,13.8,연속↑,4.7,29.9,36.9,28.2,10.2,2025
부산,26,사하구,26380,고,건국고등학교,사립,부산광역시 사하구 하단동,UzAyMDAwMDM0MA==,13.3,12.5,15.1,16.5,22.6,16.0,연속↑,6.1,14.8,13.7,17.9,18.2,22.2,17.4,연속↑,4.1,26.4,22.4,29.6,14.6,2025
부산,26,사하구,26380,고,동아고등학교,사립,부산광역시 사하구 괴정로244번길,UzAyMDAwMDQwNg==,14.7,13.4,32.1,31.6,22.2,22.8,연속↓,9.4,16.3,15.3,34.0,30.4,21.0,23.4,연속↓,9.3,31.7,17.4,27.5,5.1,2023
부산,26,사하구,26380,고,다대고등학교,공립,부산광역시 사하구 다대1동,UzAyMDAwMDM3NA==,9.8,7.7,14.5,15.6,16.7,12.8,연속↑,1.1,9.3,7.3,14.2,16.4,16.0,12.6,하락,0.3,16.4,14.8,24.1,6.1,2024
부산,26,사하구,26380,고,대광고등학교,사립,부산광역시 사하구 당리동,UzAyMDAwMDM3NQ==,8.9,9.9,10.1,9.8,14.9,10.7,반등,5.1,8.9,9.5,10.0,10.0,14.0,10.5,상승,4.1,25.8,14.6,12.4,11.5,2025
부산,26,사하구,26380,고,해동고등학교,사립,부산광역시 사하구 괴정동,UzAyMDAwMDU0OQ==,12.6,4.2,6.8,3.3,10.2,7.4,반등,6.9,11.6,4.3,6.1,2.8,10.1,7.0,반등,7.3,10.1,14.0,19.4,23.3,2021
부산,26,사하구,26380,고,동아공업고등학교,사립,부산광역시 사하구 괴정동,UzAyMDAwMDQwNw==,9.8,6.6,8.2,12.6,10.1,9.5,하락,2.4,9.6,6.3,8.0,12.5,9.5,9.2,하락,2.9,5.6,6.3,22.8,55.7,2024
부산,26,영도구,26200,중,부산영선중학교,공립,부산영선중학교,UzAyMDAwMTQyMQ==,27.4,25.4,27.0,26.9,33.4,28.0,반등,6.5,27.7,25.0,26.7,26.8,33.1,27.9,연속↑,6.4,57.5,56.2,38.5,39.7,2025
부산,26,영도구,26200,중,해동중학교,사립,부산광역시 영도구 동삼동,UzAyMDAwMTQ0NQ==,37.7,22.2,28.2,33.3,31.4,30.6,하락,1.9,38.5,22.5,28.7,33.3,31.1,30.8,하락,2.2,42.7,35.7,38.8,40.8,2021
부산,26,영도구,26200,중,태종대중학교,공립,부산광역시 영도구 동삼동,UzAyMDAwMTQ0MQ==,28.8,24.2,29.3,30.6,29.6,28.5,하락,1.0,27.4,24.2,30.3,30.4,29.4,28.4,하락,1.1,50.6,47.1,37.5,43.4,2024
부산,26,영도구,26200,중,신선중학교,공립,부산광역시 영도구 신선동3가,UzAyMDAwMTQzMA==,34.1,26.1,27.7,24.6,29.5,28.4,반등,4.9,34.4,25.8,27.9,24.3,28.8,28.2,반등,4.6,34.4,37.7,44.3,26.7,2021
부산,26,영도구,26200,중,영도제일중학교,공립,부산광역시 영도구 동삼동,UzAyMDAwMTQzNA==,31.9,19.6,26.6,26.3,26.3,26.1,→보합,,32.2,19.1,26.7,26.7,26.2,26.2,하락,0.5,17.0,32.7,42.8,42.2,2021
부산,26,영도구,26200,중,부산남중학교,공립,부산남중학교,UzAyMDAwMTQxNg==,29.8,22.1,27.8,27.5,26.8,26.8,연속↓,0.6,29.9,22.1,27.6,27.2,26.1,26.6,연속↓,1.1,32.9,25.0,35.5,38.2,2021
부산,26,영도구,26200,중,남도여자중학교,사립,부산광역시 영도구 신선동2가,UzAyMDAwMTQwMw==,34.2,24.6,34.6,29.8,25.8,29.8,연속↓,4.0,33.9,23.9,34.5,29.0,25.4,29.3,연속↓,3.7,19.2,29.3,53.3,32.4,2023
부산,26,영도구,26200,중,부산체육중학교,공립,부산체육중학교,UzAyMDAwMjE3Ng==,14.7,23.5,20.2,19.6,16.2,18.8,연속↓,3.4,15.6,23.2,20.4,20.2,16.3,19.2,연속↓,3.8,30.8,30.0,27.5,28.2,2022
부산,26,영도구,26200,고,부산영상예술고등학교,공립,부산영상예술고등학교,UzAyMDAwMDQ2Mg==,6.8,6.5,20.3,13.7,27.1,14.9,반등,13.4,6.4,6.5,20.3,13.7,27.1,14.8,반등,13.4,27.6,,,,2025
부산,26,영도구,26200,고,부산남고등학교,공립,부산남고등학교,UzAyMDAwMDQzOA==,33.1,14.7,22.0,,26.3,24.0,-,4.3,34.4,15.7,22.6,,25.9,24.6,-,3.4,23.9,25.0,39.5,9.9,2021
부산,26,영도구,26200,고,영도여자고등학교,공립,부산광역시 영도구 동삼1동,UzAyMDAwMDUyNA==,16.2,16.3,25.5,17.2,25.4,20.1,반등,8.2,16.4,15.9,25.2,17.0,25.1,19.9,반등,8.1,30.3,32.2,28.0,3.4,2023
부산,26,영도구,26200,고,부산해사고등학교,국립,부산해사고등학교,UzAwMDAwMzYwNA==,10.9,11.7,16.6,19.1,25.5,16.7,연속↑,6.5,9.9,10.8,15.6,18.2,22.3,15.4,연속↑,4.1,32.8,,58.7,,2025
부산,26,영도구,26200,고,부산보건고등학교,사립,부산보건고등학교,UzAyMDAwMDU0NQ==,15.8,12.4,8.8,5.6,19.2,12.4,반등,13.6,15.2,11.4,8.3,5.5,18.8,11.8,반등,13.3,31.5,16.4,14.3,23.1,2025
부산,26,영도구,26200,고,광명고등학교,사립,부산광역시 영도구 동삼동,UzAyMDAwMDM1Nw==,7.8,9.1,14.9,8.4,14.4,10.9,반등,6.0,6.9,8.4,14.0,7.4,13.4,10.0,반등,6.0,23.5,10.6,22.0,28.6,2023
부산,26,영도구,26200,고,부산체육고등학교,공립,부산체육고등학교,UzAyMDAwMDQ4NQ==,21.7,26.3,23.3,14.2,10.1,19.1,연속↓,4.1,20.9,25.2,22.1,14.4,10.4,18.6,연속↓,4.0,5.0,15.8,16.8,27.7,2022
부산,26,기장군,26710,중,모전중학교,공립,부산광역시 기장군 정관읍,UzAyMDAwMjA2OQ==,29.3,26.0,30.5,32.2,32.7,30.2,연속↑,0.5,30.0,25.7,30.1,31.4,32.5,29.9,연속↑,1.1,28.4,35.3,56.1,31.1,2025
부산,26,기장군,26710,중,정관중학교,공립,부산광역시 기장군 정관읍,UzAyMDAwMjA3Mg==,34.2,26.2,28.9,38.0,30.9,31.6,하락,7.1,34.8,25.8,28.2,39.0,30.6,31.7,하락,8.4,28.7,44.2,45.4,24.6,2024
부산,26,기장군,26710,중,신정중학교,공립,부산광역시 기장군 정관면,UzAyMDAwMjAwOQ==,29.6,26.6,26.1,27.5,29.9,27.9,연속↑,2.5,29.9,26.3,25.7,26.9,30.0,27.8,연속↑,3.1,33.6,43.7,40.5,30.7,2025
부산,26,기장군,26710,중,대청중학교,공립,부산광역시 기장군 기장읍,UzAyMDAwMTgzOQ==,24.4,27.9,27.3,24.5,28.9,26.6,반등,4.3,24.9,27.7,27.3,25.0,28.6,26.7,반등,3.7,35.5,36.2,33.8,40.8,2025
부산,26,기장군,26710,중,장안중학교,사립,부산광역시 기장군 장안읍,UzAyMDAwMTYzOQ==,23.7,24.6,31.5,27.9,27.2,27.0,연속↓,0.7,23.2,24.6,30.9,27.3,26.3,26.5,연속↓,1.0,25.3,28.7,46.4,38.5,2023
부산,26,기장군,26710,중,기장중학교,공립,부산광역시 기장군 기장읍,UzAyMDAwMTYyMQ==,27.8,24.2,27.1,24.3,23.8,25.4,연속↓,0.5,28.4,23.5,26.7,25.0,23.6,25.4,연속↓,1.4,27.9,35.1,28.7,41.9,2021
부산,26,기장군,26710,중,일광중학교,공립,부산광역시 기장군 일광읍,UzAyMDAwMjMxMQ==,31.6,23.7,28.9,32.2,23.9,28.0,하락,8.3,29.7,23.9,28.1,31.2,22.7,27.1,하락,8.5,35.5,23.9,39.7,34.9,2024
부산,26,기장군,26710,중,부산중앙중학교,공립,부산중앙중학교,UzAyMDAwMDk3Mg==,28.1,23.4,25.8,21.7,20.4,23.9,연속↓,1.3,27.9,23.3,26.4,22.5,21.2,24.2,연속↓,1.3,20.8,35.4,28.0,33.8,2021
부산,26,기장군,26710,고,부산장안고등학교,공립,부산장안고등학교,UzAyMDAwMDQ2OA==,18.7,11.1,22.8,28.5,39.7,24.2,연속↑,11.2,21.6,11.9,24.7,27.8,42.5,25.7,연속↑,14.7,56.8,60.8,26.0,2.4,2025
부산,26,기장군,26710,고,기장고등학교,공립,부산광역시 기장군 기장읍,UzAyMDAwMDM2OA==,12.8,10.0,9.4,19.6,30.1,16.4,연속↑,10.5,12.9,9.4,10.6,20.9,29.7,16.7,연속↑,8.8,53.1,30.4,25.2,10.8,2025
부산,26,기장군,26710,고,장안제일고등학교,사립,부산광역시 기장군 장안읍,UzAyMDAwMDUzMg==,11.2,12.1,10.4,15.5,23.1,14.4,연속↑,7.6,10.8,11.8,10.7,15.6,21.3,14.0,연속↑,5.7,35.6,11.9,26.7,29.7,2025
부산,26,기장군,26710,고,정관고등학교,공립,부산광역시 기장군 정관면,UzAyMDAwMjA3MA==,24.7,17.1,39.6,36.9,20.6,27.8,연속↓,16.4,23.9,17.1,35.1,37.9,20.7,27.0,하락,17.2,13.0,29.0,40.4,18.9,2024
부산,26,기장군,26710,고,신정고등학교,공립,부산광역시 기장군 정관면,UzAyMDAwMjAwOA==,11.1,20.4,22.9,21.2,17.4,18.6,연속↓,3.8,10.7,22.4,22.3,22.5,17.0,19.0,하락,5.5,18.0,17.9,26.4,11.8,2024
부산,26,북구,26320,중,대천리중학교,공립,부산광역시 북구 화명동,UzAyMDAwMTIxMw==,34.4,23.0,28.3,24.7,34.3,28.9,반등,9.6,34.4,23.1,29.0,25.5,34.6,29.3,반등,9.2,34.3,55.2,41.8,26.9,2025
부산,26,북구,26320,중,양덕여자중학교,공립,부산광역시 북구 구포동,UzAyMDAwMTIyNQ==,28.8,26.6,25.1,28.8,31.6,28.2,연속↑,2.8,28.1,26.6,23.9,28.8,31.9,27.9,연속↑,3.1,58.3,42.9,40.5,44.2,2025
부산,26,북구,26320,중,백양중학교,공립,부산광역시 북구 만덕2동,UzAyMDAwMTIyMg==,31.1,25.4,32.4,31.8,31.4,30.4,연속↓,0.4,30.8,24.9,32.2,31.1,31.3,30.0,반등,0.3,29.4,35.8,40.2,38.5,2023
부산,26,북구,26320,중,용수중학교,공립,부산광역시 북구 화명3동,UzAyMDAwMTIyNw==,29.5,28.1,24.4,29.7,30.6,28.4,연속↑,0.9,29.2,27.2,23.7,30.1,30.6,28.2,연속↑,0.5,24.2,43.0,46.5,29.7,2025
부산,26,북구,26320,중,명진중학교,공립,부산광역시 북구 화명동,UzAyMDAwMTgzOA==,33.8,25.7,30.9,32.3,28.1,30.2,하락,4.2,33.8,26.2,29.8,31.7,28.2,30.0,하락,3.4,28.0,40.6,45.0,25.5,2021
부산,26,북구,26320,중,금명중학교,공립,부산광역시 북구 금곡동,UzAyMDAwMTgzNw==,37.7,29.8,29.3,31.9,28.8,31.5,하락,3.1,38.2,28.7,28.9,31.9,28.2,31.2,하락,3.7,32.5,26.1,41.8,30.1,2021
부산,26,북구,26320,중,화신중학교,공립,부산광역시 북구 화명동,UzAyMDAwMTIzNA==,35.1,24.5,29.9,30.8,27.4,29.5,하락,3.3,34.5,24.3,29.8,30.0,27.2,29.2,하락,2.8,31.2,29.2,38.3,34.6,2021
부산,26,북구,26320,중,만덕중학교,공립,부산광역시 북구 만덕동,UzAyMDAwMTIxOQ==,23.3,25.8,28.0,25.9,28.0,26.2,반등,2.1,23.2,24.6,27.0,25.6,26.4,25.4,반등,0.8,42.8,24.6,48.6,29.0,2023
부산,26,북구,26320,중,구남중학교,공립,부산광역시 북구 구포동,UzAyMDAwMTIwNQ==,42.1,25.8,32.1,25.6,25.8,30.3,반등,0.2,41.3,25.6,32.6,25.1,25.8,30.1,반등,0.7,21.8,28.2,35.2,43.6,2021
부산,26,북구,26320,중,화명중학교,공립,부산광역시 북구 화명1동,UzAyMDAwMTIzMw==,32.6,26.8,28.5,24.1,25.5,27.5,반등,1.4,33.0,26.2,27.8,23.3,25.7,27.2,반등,2.4,35.3,32.8,42.3,25.1,2021
부산,26,북구,26320,중,금곡중학교,공립,부산광역시 북구 금곡동,UzAyMDAwMTIwOA==,40.7,26.6,32.7,20.9,24.9,29.2,반등,4.0,41.4,26.7,31.9,20.9,25.4,29.3,반등,4.5,22.2,38.1,34.6,43.6,2021
부산,26,북구,26320,중,구포중학교,공립,부산광역시 북구 구포동,UzAyMDAwMTIwNw==,24.8,22.8,28.4,32.0,24.8,26.5,하락,7.1,25.7,23.5,29.6,31.9,25.2,27.2,하락,6.7,32.6,36.3,32.6,44.2,2024
부산,26,북구,26320,중,덕천중학교,공립,부산광역시 북구 덕천1동,UzAyMDAwMTIxNg==,21.0,18.3,23.1,19.0,21.1,20.5,반등,2.0,20.1,18.2,22.7,19.3,21.7,20.4,반등,2.4,16.4,31.2,28.0,51.8,2023
부산,26,북구,26320,중,신덕중학교,공립,부산광역시 북구 만덕2동,UzAyMDAwMTg3MQ==,32.5,25.1,24.2,22.2,20.7,24.9,연속↓,1.5,32.1,24.9,25.0,23.1,20.6,25.1,연속↓,2.4,17.7,34.0,33.1,32.3,2021
부산,26,북구,26320,중,가람중학교,공립,부산광역시 북구 구포2동,UzAyMDAwMTIwMw==,27.2,21.0,24.6,19.7,19.0,22.3,연속↓,0.7,27.1,20.5,24.2,19.9,18.8,22.1,연속↓,1.1,21.2,21.5,31.3,54.8,2021
부산,26,북구,26320,고,금명여자고등학교,공립,부산광역시 북구 화명동,UzAyMDAwMTk5OQ==,20.8,16.9,23.1,10.9,47.6,23.8,반등,36.7,21.4,15.9,21.6,10.1,48.3,23.5,반등,38.2,48.7,65.8,49.6,2.9,2025
부산,26,북구,26320,고,만덕고등학교,공립,부산광역시 북구 만덕2동,UzAyMDAwMDQxNg==,16.6,10.7,15.6,6.5,44.9,18.9,반등,38.4,16.4,9.6,14.9,6.2,44.1,18.2,반등,37.9,90.4,60.8,41.0,4.8,2025
부산,26,북구,26320,고,낙동고등학교,공립,부산광역시 북구 덕천동,UzAyMDAwMDM3MA==,21.5,16.5,32.4,10.9,39.8,24.2,반등,28.9,20.1,16.5,32.7,10.6,38.7,23.7,반등,28.1,56.3,46.9,50.5,5.2,2025
부산,26,북구,26320,고,성도고등학교,사립,부산광역시 북구 구포3동,UzAyMDAwMDUwOA==,22.7,29.3,22.6,28.1,34.2,27.3,연속↑,6.1,21.6,28.3,21.4,27.9,33.0,26.4,연속↑,5.1,45.8,46.6,55.5,9.4,2025
부산,26,북구,26320,고,경혜여자고등학교,사립,부산광역시 북구 구포1동,UzAyMDAwMDM1Mw==,16.3,15.4,16.7,13.5,30.8,18.5,반등,17.3,17.2,15.8,17.8,14.5,30.7,19.2,반등,16.2,14.6,48.8,51.7,5.0,2025
부산,26,북구,26320,고,금곡고등학교,공립,부산광역시 북구 금곡동,UzAyMDAwMTgzNg==,13.3,17.3,26.1,27.1,26.1,22.0,하락,1.0,13.3,16.9,29.4,27.9,26.7,22.8,연속↓,1.2,2.6,33.2,75.3,12.1,2023
부산,26,북구,26320,고,삼정고등학교,사립,부산광역시 북구 구포동,UzAyMDAwMDQwMA==,4.0,18.3,20.3,26.7,20.5,18.0,하락,6.2,3.8,17.5,19.9,28.0,21.2,18.1,하락,6.8,22.0,34.7,18.8,0.7,2024
부산,26,북구,26320,고,화명고등학교,공립,부산광역시 북구 화명동,UzAyMDAwMDU1OA==,40.6,22.1,13.5,6.3,20.7,20.7,반등,14.4,45.1,23.7,13.9,6.3,20.8,22.0,반등,14.5,3.5,22.8,40.6,11.1,2021
부산,26,북구,26320,고,부산백양고등학교,공립,부산백양고등학교,UzAyMDAwMDQ3NQ==,7.8,7.9,12.2,17.7,21.1,13.3,연속↑,3.4,7.6,7.4,11.8,17.4,20.8,13.0,연속↑,3.4,30.4,25.7,22.9,10.1,2025
부산,26,강서구,26440,중,명호중학교,공립,부산광역시 강서구 명지동,UzAyMDAwMjAwNA==,39.4,28.1,31.3,28.1,32.8,31.9,반등,4.7,39.5,27.9,30.8,28.5,32.6,31.9,반등,4.2,22.7,36.4,52.4,24.1,2021
부산,26,강서구,26440,중,경일중학교,공립,부산광역시 강서구 명지국제6로,UzAyMDAwMjI3OA==,31.9,27.2,26.3,31.9,32.0,29.9,연속↑,0.1,30.6,26.4,26.1,30.7,31.5,29.0,연속↑,0.9,41.8,32.3,36.6,27.6,2025
부산,26,강서구,26440,중,가락중학교,공립,부산광역시 강서구 강동동,UzAyMDAwMjM1NA==,,,,,30.1,30.1,-,,,,,,29.6,29.6,-,,40.5,46.2,38.5,48.0,2025
부산,26,강서구,26440,중,오션중학교,공립,부산광역시 강서구 명지오션시티1로,UzAyMDAwMjMyMw==,,33.7,36.6,34.9,29.5,33.7,연속↓,5.4,,32.1,35.1,34.6,29.4,32.8,연속↓,5.3,39.1,34.8,44.7,23.6,2023
부산,26,강서구,26440,중,대저중학교,사립,부산광역시 강서구 대저2동,UzAyMDAwMTIxMg==,40.7,36.3,40.3,34.8,28.0,36.0,연속↓,6.8,40.7,35.4,41.0,34.1,28.1,35.9,연속↓,6.1,27.6,65.5,57.6,36.4,2023
부산,26,강서구,26440,중,명지중학교,공립,부산광역시 강서구 명지국제6로318번길,UzAyMDAwMjIxOQ==,39.0,33.6,28.8,30.3,25.6,31.5,하락,4.7,38.1,33.6,28.4,29.3,25.3,30.9,하락,4.0,40.4,26.2,31.1,27.3,2021
부산,26,강서구,26440,중,낙동중학교,공립,부산광역시 강서구 대저로,UzAyMDAwMTIxMA==,27.0,16.2,17.3,21.0,25.1,21.3,연속↑,4.1,26.6,16.2,17.2,21.7,25.1,21.4,연속↑,3.4,36.7,30.0,30.0,46.4,2021
부산,26,강서구,26440,중,덕문중학교,공립,부산광역시 강서구 성북동,UzAyMDAwMTIxNA==,23.0,32.6,36.7,26.5,23.2,28.4,연속↓,3.3,22.6,31.9,35.8,26.7,21.8,27.8,연속↓,4.8,42.9,20.0,28.6,57.1,2023
부산,26,강서구,26440,중,지사중학교,공립,부산광역시 강서구 지사동,UzAyMDAwMjA3Mw==,36.2,24.3,29.2,21.5,20.6,26.3,연속↓,1.0,35.8,23.5,28.5,20.7,19.0,25.5,연속↓,1.7,22.6,15.2,34.0,59.5,2021
부산,26,강서구,26440,중,신호중학교,공립,부산광역시 강서구 신호동,UzAyMDAwMjA2NA==,23.3,21.0,21.6,22.2,17.5,21.1,하락,4.7,23.2,20.5,21.6,22.5,17.6,21.1,하락,4.8,26.3,24.7,23.2,43.1,2021
부산,26,강서구,26440,중,녹산중학교,사립,부산광역시 강서구 녹산동,UzAyMDAwMTIxMQ==,26.7,27.6,18.6,22.4,18.2,22.7,하락,4.2,26.6,27.5,18.6,22.1,17.0,22.4,하락,5.1,42.9,25.0,42.9,70.0,2022
부산,26,강서구,26440,고,경일고등학교,사립,부산광역시 강서구 명지동,UzAyMDAwMDM1Mg==,11.2,6.0,11.3,45.2,32.4,21.2,하락,12.8,10.7,5.6,11.5,45.9,32.6,21.3,하락,13.3,32.7,34.1,52.6,0.4,2024
부산,26,강서구,26440,고,부산소프트웨어마이스터고등학교,공립,부산소프트웨어마이스터고등학교,UzAyMDAwMDQ1MA==,13.4,4.8,34.6,8.7,29.0,18.1,반등,20.3,13.4,4.8,34.6,8.7,29.0,18.1,반등,20.3,,32.8,46.2,4.7,2023
부산,26,강서구,26440,고,덕문고등학교,공립,부산광역시 강서구 성북동,UzAyMDAwMDM5MA==,15.8,14.6,25.3,31.0,21.9,21.7,하락,9.1,17.5,16.1,26.6,31.4,23.5,23.0,하락,7.9,8.8,33.3,26.5,,2024
부산,26,강서구,26440,고,부산강서고등학교,공립,부산강서고등학교,UzAyMDAwMDQyNA==,9.2,13.2,15.6,29.6,21.1,17.7,하락,8.4,9.6,13.2,15.4,30.1,21.0,17.8,하락,9.1,24.1,24.8,23.3,3.0,2024
부산,26,강서구,26440,고,명호고등학교,공립,부산광역시 강서구 명지동,UzAyMDAwMjAwNQ==,30.3,26.0,25.7,23.0,18.6,24.7,연속↓,4.4,29.6,28.2,24.4,22.9,17.6,24.6,연속↓,5.3,16.1,14.5,30.2,5.6,2021
부산,26,강서구,26440,고,부산대저고등학교,사립,부산대저고등학교,UzAyMDAwMDQ0MQ==,7.4,10.7,11.4,12.0,6.6,9.6,하락,5.4,7.4,9.6,10.7,11.6,6.7,9.2,하락,5.0,9.6,8.2,9.6,21.9,2024
부산,26,사상구,26530,중,주감중학교,공립,부산 사상구 주례1동,UzAyMDAwMTIyOQ==,30.0,24.3,30.3,27.0,37.3,29.8,반등,10.3,30.2,23.7,29.9,27.2,36.8,29.6,반등,9.6,40.4,40.4,48.6,31.5,2025
부산,26,사상구,26530,중,동주중학교,공립,부산광역시 사상구 주례동,UzAyMDAwMTIxOA==,29.3,27.0,30.0,35.6,30.2,30.4,하락,5.5,30.7,27.6,29.5,36.7,29.8,30.9,하락,6.9,34.5,41.0,36.7,32.9,2024
부산,26,사상구,26530,중,덕포여자중학교,공립,부산광역시 사상구 덕포동,UzAyMDAwMTIxNw==,36.9,20.3,24.5,26.3,30.2,27.6,연속↑,3.9,37.5,19.9,24.8,25.9,29.3,27.5,연속↑,3.5,32.8,32.8,44.8,41.0,2021
부산,26,사상구,26530,중,학장중학교,공립,부산광역시 사상구 학장동,UzAyMDAwMTIzMg==,20.9,20.5,25.4,20.7,26.7,22.8,반등,6.1,21.0,20.6,25.3,21.1,27.2,23.0,반등,6.1,16.9,38.3,44.6,32.2,2025
부산,26,사상구,26530,중,모동중학교,공립,부산광역시 사상구 모라동,UzAyMDAwMDk2Ng==,27.5,23.7,24.3,31.0,26.5,26.6,하락,4.5,27.9,24.0,24.7,31.5,26.7,27.0,하락,4.9,23.3,43.6,33.3,36.7,2024
부산,26,사상구,26530,중,엄궁중학교,공립,부산광역시 사상구 엄궁동,UzAyMDAwMTIyNg==,26.7,22.9,21.8,19.2,24.7,23.1,반등,5.5,26.4,22.7,22.6,19.6,24.5,23.2,반등,5.0,22.7,28.5,44.2,30.6,2021
부산,26,사상구,26530,중,주례여자중학교,공립,부산광역시 사상구 주례3동,UzAyMDAwMTIzMA==,33.4,30.7,32.1,32.4,23.7,30.4,하락,8.8,33.5,30.7,31.8,31.8,22.5,30.1,하락,9.4,29.4,26.2,40.7,25.9,2021
부산,26,사상구,26530,중,모라중학교,공립,부산광역시 사상구 모라동,UzAyMDAwMTIyMQ==,28.2,21.1,22.9,27.5,21.4,24.2,하락,6.1,27.8,20.8,22.7,27.4,21.5,24.0,하락,5.9,25.0,31.4,25.6,37.5,2021
부산,26,사상구,26530,중,신라중학교,사립,부산광역시 사상구 덕포동,UzAyMDAwMDk3NQ==,20.1,22.6,17.2,18.1,18.6,19.3,연속↑,0.5,18.9,22.2,16.9,17.6,17.9,18.7,연속↑,0.3,28.4,17.6,25.0,40.6,2022
부산,26,사상구,26530,중,주례중학교,공립,부산광역시 사상구 주례동,UzAyMDAwMTIzMQ==,22.5,22.9,21.4,19.3,15.7,20.4,연속↓,3.7,22.5,22.6,21.4,18.9,15.2,20.1,연속↓,3.7,16.9,16.5,29.9,50.7,2022
부산,26,사상구,26530,고,구덕고등학교,공립,부산광역시 사상구 학장동,UzAyMDAwMDM1OQ==,17.3,22.8,17.3,18.5,48.6,24.9,연속↑,30.2,18.0,25.0,17.5,20.8,50.0,26.3,연속↑,29.2,94.2,68.6,36.4,7.4,2025
부산,26,사상구,26530,고,사상고등학교,공립,부산광역시 사상구 덕포1동,UzAyMDAwMjAwMg==,21.6,21.9,31.1,30.7,41.7,29.4,반등,10.9,21.3,22.0,31.7,29.3,41.8,29.2,반등,12.4,52.4,49.2,37.9,8.1,2025
부산,26,사상구,26530,고,대덕여자고등학교,사립,부산광역시 사상구 덕포동,UzAyMDAwMDM3Ng==,15.5,14.2,23.8,21.2,27.9,20.5,반등,6.7,14.6,14.5,25.2,22.2,27.1,20.7,반등,4.9,52.9,25.7,35.0,17.9,2025
부산,26,사상구,26530,고,주례여자고등학교,공립,부산광역시 사상구 주례2동,UzAyMDAwMDUzNQ==,16.5,18.9,18.4,41.8,23.9,23.9,하락,17.9,17.5,20.4,19.2,41.8,24.2,24.6,하락,17.6,13.0,38.0,37.4,1.9,2024
부산,26,사상구,26530,고,부산항공고등학교,공립,부산항공고등학교,UzAyMDAwMDUwMw==,9.4,12.0,6.8,10.0,11.7,10.0,연속↑,1.7,9.5,12.2,6.7,9.6,9.5,9.5,하락,0.1,7.6,8.7,19.6,55.4,2022
부산,26,동구,26170,중,경남여자중학교,공립,경남여자중학교,UzAyMDAwMDYwMA==,34.8,25.6,27.5,35.6,30.6,30.8,하락,5.0,34.7,25.3,27.6,36.0,31.2,31.0,하락,4.8,21.7,45.7,47.1,34.8,2024
부산,26,동구,26170,중,부산서중학교,공립,부산서중학교,UzAyMDAwMDYxNA==,28.3,21.4,24.2,22.9,29.5,25.3,반등,6.6,27.2,21.6,24.0,23.4,29.5,25.2,반등,6.1,35.3,37.4,34.1,40.2,2025
부산,26,동구,26170,중,선화여자중학교,사립,부산광역시 동구 초량동,UzAyMDAwMDYxOA==,25.7,24.6,31.5,34.9,25.8,28.5,하락,9.0,25.2,24.3,30.6,34.4,24.8,27.8,하락,9.6,41.5,22.3,35.1,38.3,2024
부산,26,동구,26170,중,부산중학교,공립,부산중학교,UzAyMDAwMDYxNQ==,23.2,19.5,19.1,17.4,19.6,19.8,반등,2.2,23.0,19.8,19.2,17.3,19.6,19.8,반등,2.3,25.0,24.8,29.1,47.2,2021
부산,26,동구,26170,중,부산동여자중학교,사립,부산동여자중학교,UzAyMDAwMDYxMw==,28.2,16.9,20.3,18.0,17.4,20.2,연속↓,0.7,27.5,16.0,19.8,18.3,17.0,19.7,연속↓,1.3,27.3,15.6,42.4,54.5,2021
부산,26,동구,26170,고,데레사여자고등학교,사립,부산광역시 동구 정공단로47번길,UzAyMDAwMDM5Mw==,29.3,28.2,48.0,30.2,30.5,33.2,반등,0.3,30.0,27.4,48.0,33.5,30.2,33.8,연속↓,3.3,27.7,31.3,39.8,1.8,2023
부산,26,동구,26170,고,금성고등학교,사립,부산광역시 동구 좌천동,UzAyMDAwMDM2Mg==,26.4,28.7,21.2,24.0,28.6,25.8,연속↑,4.6,26.3,27.6,22.1,24.2,29.4,26.0,연속↑,5.2,30.4,41.2,26.5,12.7,2025
부산,26,동구,26170,고,부산고등학교,공립,부산고등학교,UzAyMDAwMDQyOQ==,9.9,24.6,47.7,57.2,20.0,31.9,하락,37.2,10.3,28.4,45.6,55.2,19.9,31.9,하락,35.3,18.6,19.5,22.8,5.3,2024
부산,26,동구,26170,고,경남여자고등학교,공립,경남여자고등학교,UzAyMDAwMDM0Ng==,14.1,20.7,54.1,32.0,18.4,27.9,연속↓,13.5,14.3,22.2,55.2,32.6,17.9,28.4,연속↓,14.7,22.7,18.8,23.9,14.2,2023
부산,26,동구,26170,고,부산컴퓨터과학고등학교,사립,부산컴퓨터과학고등학교,UzAyMDAwMDQ4Ng==,6.8,6.7,6.2,7.0,9.4,7.2,연속↑,2.4,7.0,6.8,6.3,7.3,9.1,7.3,연속↑,1.8,10.1,8.3,13.6,35.2,2025
부산,26,중구,26110,중,덕원중학교,사립,부산광역시 중구 대청동4가,UzAyMDAwMDYwOA==,23.8,23.8,21.3,24.5,24.9,23.7,연속↑,0.4,23.3,23.7,20.4,23.4,24.0,23.0,연속↑,0.5,32.9,25.9,34.6,41.7,2025
부산,26,중구,26110,고,동주여자고등학교,사립,부산광역시 중구 광복동,UzAyMDAwMDQxMQ==,35.2,34.0,32.3,37.1,27.9,33.3,하락,9.2,33.2,31.2,31.0,34.6,27.0,31.4,하락,7.6,41.9,26.6,27.9,7.0,2024
부산,26,중구,26110,고,남성여자고등학교,사립,부산광역시 중구 대청동1가,UzAyMDAwMDM3Mg==,20.3,11.7,15.4,17.7,19.4,16.9,연속↑,1.7,19.3,11.7,15.6,17.5,21.4,17.1,연속↑,4.0,8.2,39.1,20.9,20.9,2025
부산,26,중구,26110,고,혜광고등학교,사립,부산 중구 보수동1가,UzAyMDAwMDU1Ng==,11.4,14.1,8.4,13.9,15.3,12.6,연속↑,1.4,10.9,14.8,7.7,15.1,15.6,12.8,연속↑,0.5,7.1,20.4,23.9,5.3,2025
부산,26,중구,26110,고,부산디지털고등학교,사립,부산디지털고등학교,UzAyMDAwMDQ0OA==,8.8,7.4,2.9,7.9,8.2,7.0,연속↑,0.3,9.3,7.8,3.0,8.0,8.5,7.3,연속↑,0.5,4.0,14.5,13.7,33.3,2021
대구,27,달서구,27290,중,대곡중학교,공립,대구광역시 달서구 도원동,UzAzMDAwMDM3NA==,24.8,22.6,22.4,25.5,30.9,25.2,연속↑,5.5,25.3,23.2,22.9,25.2,30.9,25.5,연속↑,5.7,27.0,40.2,45.0,43.0,2025
대구,27,달서구,27290,중,대서중학교,공립,대구광역시 달서구 송현2동,UzAzMDAwMDM3OQ==,29.0,23.7,24.0,23.0,28.1,25.5,반등,5.1,29.2,23.5,23.5,22.9,28.9,25.6,반등,6.0,31.3,44.8,32.8,39.7,2021
대구,27,달서구,27290,중,경암중학교,사립,대구광역시 달서구 성당동,UzAzMDAwMDM2OQ==,31.1,24.8,19.6,18.6,27.0,24.2,반등,8.4,29.4,24.3,19.5,18.3,28.0,23.9,반등,9.7,29.5,39.2,30.3,43.6,2021
대구,27,달서구,27290,중,학산중학교,공립,대구광역시 달서구 월성동,UzAzMDAwMDQwMg==,25.0,26.9,25.3,23.3,27.2,25.5,반등,3.9,24.9,26.5,25.0,23.0,27.5,25.4,반등,4.5,32.4,36.8,32.4,35.9,2025
대구,27,달서구,27290,중,성산중학교,공립,대구광역시 달서구 용산동,UzAzMDAwMDM4Nw==,25.1,26.1,28.5,28.3,26.8,27.0,연속↓,1.5,25.9,26.5,28.4,27.7,27.0,27.1,연속↓,0.7,29.6,41.4,32.4,38.2,2023
대구,27,달서구,27290,중,상원중학교,공립,대구광역시 달서구 상인1동,UzAzMDAwMDM4NA==,29.5,24.2,28.6,27.9,27.6,27.6,연속↓,0.3,29.5,23.8,28.8,27.7,27.0,27.4,연속↓,0.7,27.4,29.0,43.5,33.1,2021
대구,27,달서구,27290,중,도원중학교,공립,대구광역시 달서구 도원동,UzAzMDAwMDM4MA==,29.9,24.4,21.6,21.3,26.0,24.6,반등,4.7,30.8,24.5,22.3,22.1,26.4,25.2,반등,4.3,17.3,34.3,41.6,26.6,2021
대구,27,달서구,27290,중,구남중학교,사립,대구광역시 달서구 두류동,UzAzMDAwMDM3MQ==,24.4,21.6,30.7,28.9,25.8,26.3,연속↓,3.1,24.8,21.1,30.2,28.3,26.3,26.1,연속↓,2.0,25.0,38.9,42.4,66.7,2023
대구,27,달서구,27290,중,성지중학교,공립,대구광역시 달서구 이곡동,UzAzMDAwMDM4OQ==,29.9,21.1,22.6,27.5,26.0,25.4,하락,1.5,29.8,20.9,22.6,28.2,26.0,25.5,하락,2.2,25.6,34.2,39.2,35.0,2021
대구,27,달서구,27290,중,와룡중학교,공립,대구광역시 달서구 이곡동,UzAzMDAwMDM5NA==,25.8,19.7,28.9,23.1,25.7,24.6,반등,2.7,25.4,19.6,29.0,23.2,25.9,24.6,반등,2.8,37.9,29.7,29.3,50.0,2023
대구,27,달서구,27290,중,상인중학교,공립,대구광역시 달서구 상인3동,UzAzMDAwMDM4NQ==,26.4,20.6,26.2,23.5,26.0,24.5,반등,2.4,26.3,20.5,26.1,22.7,25.8,24.3,반등,3.1,37.3,31.4,26.0,44.0,2021
대구,27,달서구,27290,중,월서중학교,공립,대구광역시 달서구 월성동,UzAzMDAwMTgxMA==,28.5,28.6,27.0,30.1,27.2,28.2,하락,2.9,28.1,28.2,26.0,29.3,25.8,27.5,하락,3.5,39.7,28.1,31.1,28.9,2024
대구,27,달서구,27290,중,월암중학교,공립,대구광역시 달서구 월성동,UzAzMDAwMTkxMQ==,29.4,24.9,25.6,28.5,26.2,26.9,하락,2.3,29.5,23.8,25.9,29.6,25.7,26.9,하락,3.9,31.1,35.4,42.3,28.7,2024
대구,27,달서구,27290,중,원화중학교,사립,대구광역시 달서구 당산로24길,UzAzMDAwMDM5Ng==,27.3,24.6,30.1,25.8,26.6,26.9,반등,0.8,26.8,23.7,29.8,24.8,25.5,26.1,반등,0.6,50.9,25.9,42.3,40.7,2023
대구,27,달서구,27290,중,새본리중학교,공립,대구광역시 달서구 대명천로,UzAzMDAwMjA1NA==,31.1,18.8,23.2,21.2,25.0,23.9,반등,3.8,31.6,18.4,23.4,21.9,25.2,24.1,반등,3.3,22.6,31.2,39.7,36.3,2021
대구,27,달서구,27290,중,월배중학교,공립,대구광역시 달서구 진천동,UzAzMDAwMDM5OA==,26.8,22.1,21.0,19.3,22.5,22.3,반등,3.2,27.0,22.1,20.6,19.1,23.8,22.5,반등,4.8,27.3,41.1,20.5,35.2,2021
대구,27,달서구,27290,중,조암중학교,공립,대구광역시 달서구 월성동,UzAzMDAwMTg1Mg==,25.5,22.5,19.2,24.6,23.1,23.0,하락,1.5,26.6,23.5,19.6,24.3,23.2,23.4,하락,1.1,26.1,31.1,39.3,31.3,2021
대구,27,달서구,27290,중,상서중학교,사립,대구광역시 달서구 성당동,UzAzMDAwMDM4Mw==,27.3,21.6,20.4,26.3,21.7,23.5,하락,4.6,27.0,21.6,21.0,25.7,21.5,23.4,하락,4.3,19.2,33.1,33.1,41.4,2021
대구,27,달서구,27290,중,성당중학교,공립,대구광역시 달서구 대명천로,UzAzMDAwMDM4Ng==,,,,21.7,21.8,21.8,상승,0.2,,,,22.0,21.4,21.7,하락,0.6,25.6,21.6,33.3,44.2,2024
대구,27,달서구,27290,중,대진중학교,공립,대구광역시 달서구 대곡동,UzAzMDAwMTc0MQ==,25.0,24.5,24.3,18.7,22.0,22.9,반등,3.3,25.3,24.8,24.9,18.9,21.2,23.0,반등,2.2,27.1,18.1,30.7,40.7,2021
대구,27,달서구,27290,중,효성중학교,사립,대구광역시 달서구월성동,UzAzMDAwMDQwNQ==,28.5,24.5,26.3,21.8,20.9,24.4,연속↓,0.9,29.2,24.4,26.2,21.9,20.7,24.5,연속↓,1.1,23.9,26.6,33.8,40.9,2021
대구,27,달서구,27290,중,대건중학교,사립,대구광역시 달서구 월성동,UzAzMDAwMDM3Mw==,24.5,21.1,23.3,23.0,20.8,22.5,연속↓,2.2,24.4,20.3,22.3,22.2,20.4,21.9,연속↓,1.9,23.7,27.6,29.6,30.3,2021
대구,27,달서구,27290,중,이곡중학교,공립,대구광역시 달서구 이곡2동,UzAzMDAwMDM5OQ==,20.1,23.0,19.5,20.4,19.7,20.5,하락,0.6,19.3,22.4,19.9,19.6,19.9,20.2,반등,0.4,29.2,26.3,22.5,41.7,2022
대구,27,달서구,27290,중,성곡중학교,공립,대구광역시 달서구 용산2동,UzAzMDAwMTY1Nw==,32.1,24.7,25.3,21.3,19.7,24.6,연속↓,1.6,32.7,24.8,26.2,20.7,19.7,24.8,연속↓,1.0,18.6,23.8,33.0,37.6,2021
대구,27,달서구,27290,중,송현여자중학교,사립,대구광역시 달서구 송현동,UzAzMDAwMDM5MA==,20.8,20.4,28.3,20.1,20.4,22.0,반등,0.4,21.2,20.6,28.6,20.0,19.5,22.0,연속↓,0.5,39.7,20.6,34.5,50.9,2023
대구,27,달서구,27290,중,신당중학교,공립,대구광역시 달서구 신당동,UzAzMDAwMDM5MQ==,19.8,17.2,15.2,18.3,18.3,17.7,→보합,,20.7,16.9,15.9,19.3,19.3,18.4,→보합,,21.9,34.2,15.1,50.0,2021
대구,27,달서구,27290,중,용산중학교,공립,대구광역시 달서구 용산1동,UzAzMDAwMDM5NQ==,25.4,23.3,18.8,17.4,19.4,20.8,반등,2.1,25.8,23.2,18.1,16.8,19.1,20.6,반등,2.3,28.3,19.6,24.5,39.6,2021
대구,27,달서구,27290,중,성서중학교,공립,대구광역시 달서구 용산동,UzAzMDAwMDM4OA==,19.8,20.9,21.1,22.8,16.6,20.2,하락,6.1,20.1,20.6,21.5,22.7,16.5,20.3,하락,6.2,30.4,20.0,17.5,35.7,2024
대구,27,달서구,27290,중,영남중학교,사립,대구광역시 달서구 상인동,UzAzMDAwMDM5Mw==,25.2,23.0,20.7,14.9,15.3,19.8,반등,0.4,25.8,23.6,19.8,14.2,14.9,19.7,반등,0.8,20.7,20.4,26.5,52.0,2021
대구,27,달서구,27290,고,상인고등학교,공립,대구 달서구 상인3동,UzAzMDAwMDMyMA==,20.4,28.7,26.0,20.9,39.9,27.2,반등,19.0,19.5,26.5,26.1,20.8,39.0,26.4,반등,18.2,59.6,44.1,33.5,10.1,2025
대구,27,달서구,27290,고,경원고등학교,사립,대구광역시 달서구 용산동,UzAzMDAwMDI2NQ==,22.8,38.0,44.6,28.8,35.8,34.0,반등,7.0,23.5,36.8,41.2,27.7,35.1,32.9,반등,7.4,36.2,32.3,58.7,0.4,2023
대구,27,달서구,27290,고,경화여자고등학교,사립,대구광역시 달서구 성당동,UzAzMDAwMDI2OA==,20.1,25.2,31.7,40.4,35.2,30.5,하락,5.2,19.8,24.9,31.1,40.7,34.2,30.1,하락,6.5,33.6,28.3,48.7,3.9,2024
대구,27,달서구,27290,고,호산고등학교,공립,대구광역시 달서구 달서대로109길,UzAzMDAwMTgxNw==,13.6,8.3,6.0,19.2,31.8,15.8,연속↑,12.6,12.9,7.5,5.8,20.1,32.4,15.7,연속↑,12.3,30.4,46.7,31.9,13.3,2025
대구,27,달서구,27290,고,대구상원고등학교,공립,대구상원고등학교,UzAzMDAwMDI5NQ==,12.7,7.1,17.8,25.5,32.4,19.1,연속↑,6.9,12.1,6.5,17.3,23.5,31.5,18.2,연속↑,8.1,41.2,47.9,44.4,19.4,2025
대구,27,달서구,27290,고,대진고등학교,공립,대구 달서구 대곡동,UzAzMDAwMTc1Ng==,24.2,8.4,13.6,17.2,33.0,19.3,연속↑,15.8,22.8,8.2,13.8,16.5,30.9,18.4,연속↑,14.4,41.2,23.6,47.0,7.9,2025
대구,27,달서구,27290,고,성산고등학교,공립,대구광역시 달서구 용산동,UzAzMDAwMTY2MA==,11.9,6.4,26.1,24.8,30.8,20.0,반등,5.9,11.5,6.4,25.6,24.8,30.5,19.7,반등,5.7,39.7,29.3,29.8,17.3,2025
대구,27,달서구,27290,고,대구외국어고등학교,공립,대구외국어고등학교,UzAzMDAwMDMwMg==,10.8,10.1,23.1,21.9,30.6,19.3,반등,8.7,12.6,12.0,21.3,22.8,30.4,19.8,연속↑,7.5,50.0,29.8,27.8,6.5,2025
대구,27,달서구,27290,고,대건고등학교,사립,대구광역시 달서구 월성동,UzAzMDAwMDI4Mw==,61.7,54.2,54.4,40.5,29.1,48.0,연속↓,11.4,59.7,54.3,53.3,39.2,28.7,47.0,연속↓,10.5,36.5,33.7,28.4,1.5,2021
대구,27,달서구,27290,고,영남고등학교,사립,대구광역시 달서구 상인동,UzAzMDAwMDMzMQ==,24.9,19.8,22.8,35.2,28.6,26.3,하락,6.6,26.3,21.2,22.5,35.1,28.6,26.7,하락,6.5,33.7,32.2,27.0,3.7,2024
대구,27,달서구,27290,고,송현여자고등학교,사립,대구광역시 달서구 송현로,UzAzMDAwMDMyNg==,29.5,22.5,15.9,22.1,28.1,23.6,연속↑,6.0,27.3,22.8,14.6,21.4,28.2,22.9,연속↑,6.9,27.7,33.9,30.0,10.3,2025
대구,27,달서구,27290,고,원화여자고등학교,사립,대구광역시 달서구 성당2동,UzAzMDAwMDM0Mg==,14.7,19.6,48.9,38.5,27.7,29.9,연속↓,10.8,13.9,18.3,49.7,36.8,26.8,29.1,연속↓,10.0,37.9,25.3,32.8,0.4,2023
대구,27,달서구,27290,고,도원고등학교,공립,대구광역시 달서구 도원동,UzAzMDAwMTY2Mg==,21.4,21.6,27.4,24.3,26.7,24.3,반등,2.4,20.3,20.4,26.2,23.0,26.6,23.3,반등,3.6,28.9,40.0,30.1,9.6,2025
대구,27,달서구,27290,고,대구반도체마이스터고등학교,공립,대구반도체마이스터고등학교,UzAzMDAwMDMwNA==,20.4,18.2,21.9,18.5,25.0,20.8,반등,6.4,20.5,19.0,22.8,19.3,25.3,21.4,반등,6.0,21.9,28.1,32.3,18.0,2025
대구,27,달서구,27290,고,와룡고등학교,공립,대구광역시 달서구 이곡동,UzAzMDAwMDM0MA==,12.0,6.0,17.6,17.8,22.0,15.1,연속↑,4.2,11.7,6.0,17.4,19.1,23.0,15.4,연속↑,3.9,22.0,32.5,19.0,14.2,2025
대구,27,달서구,27290,고,대곡고등학교,공립,대구광역시 달서구 도원동,UzAzMDAwMTY1OQ==,13.1,12.7,14.6,23.3,20.2,16.8,하락,3.1,12.2,12.2,13.2,20.8,20.6,15.8,하락,0.2,27.5,28.7,14.8,10.2,2024
대구,27,달서구,27290,고,경북기계공업고등학교,공립,경북기계공업고등학교,UzAzMDAwMDI0OQ==,20.8,23.0,25.0,23.4,19.6,22.4,연속↓,3.7,21.5,22.9,24.5,23.3,19.6,22.4,연속↓,3.7,18.4,21.6,22.9,12.6,2023
대구,27,달서구,27290,고,성서고등학교,공립,대구광역시 달서구 용산동,UzAzMDAwMDMyMg==,15.2,13.1,13.8,14.4,18.3,15.0,연속↑,3.9,14.9,12.6,13.3,13.7,18.1,14.5,연속↑,4.5,36.0,20.5,17.0,10.6,2025
대구,27,달서구,27290,고,대구제일여자상업고등학교,공립,대구제일여자상업고등학교,UzAzMDAwMDMwOA==,20.9,21.3,18.2,14.9,16.1,18.3,반등,1.2,22.2,22.0,18.8,16.0,16.1,19.0,반등,0.1,15.6,,18.9,,2021
대구,27,달서구,27290,고,상서고등학교,사립,대구광역시 달서구 성당2동,UzAzMDAwMDMxOA==,13.8,14.7,16.3,16.4,16.0,15.4,하락,0.4,13.6,14.9,15.6,15.2,15.6,15.0,반등,0.3,27.1,26.5,30.5,49.4,2025
대구,27,달서구,27290,고,효성여자고등학교,사립,대구광역시 달서구 월성동,UzAzMDAwMDM2Mg==,24.9,20.5,11.2,6.2,15.5,15.6,반등,9.3,24.2,20.7,10.6,5.7,15.0,15.2,반등,9.3,14.2,17.6,22.5,31.4,2021
대구,27,달서구,27290,고,대구보건고등학교,사립,대구보건고등학교,UzAzMDAwMDI3NA==,14.4,14.5,19.5,14.2,13.3,15.2,연속↓,0.8,13.9,14.3,19.2,14.3,13.0,14.9,연속↓,1.3,25.0,15.5,17.5,22.2,2023
대구,27,달서구,27290,고,대구하이텍고등학교,공립,대구하이텍고등학교,UzAzMDAwMDI5MQ==,6.7,8.7,7.5,7.5,11.3,8.3,상승,3.8,7.3,9.8,8.3,8.4,10.2,8.8,연속↑,1.9,7.9,39.0,24.4,60.5,2025
대구,27,수성구,27260,중,경신중학교,사립,대구광역시 수성구 범어동,UzAzMDAwMDYyMA==,28.1,28.7,22.3,28.7,32.7,28.1,연속↑,3.9,27.7,28.2,22.1,28.2,32.5,27.7,연속↑,4.3,34.6,37.8,44.6,16.6,2025
대구,27,수성구,27260,중,정화중학교,사립,대구광역시 수성구 범어동,UzAzMDAwMDY1NQ==,32.7,29.0,29.8,29.4,31.0,30.4,반등,1.6,32.5,28.0,29.0,28.0,28.9,29.3,반등,0.9,60.7,19.4,40.8,26.2,2021
대구,27,수성구,27260,중,대구동중학교,공립,대구동중학교,UzAzMDAwMDYyNQ==,24.4,21.0,25.4,21.3,27.4,23.9,반등,6.2,23.8,20.6,26.1,22.8,26.8,24.0,반등,4.0,32.8,29.7,38.8,37.6,2025
대구,27,수성구,27260,중,동도중학교,공립,대구광역시 수성구 범어4동,UzAzMDAwMDYzMw==,17.4,29.0,24.6,21.1,25.8,23.6,반등,4.7,16.5,28.0,24.4,21.0,26.3,23.2,반등,5.3,25.9,36.4,36.6,19.3,2022
대구,27,수성구,27260,중,덕화중학교,공립,대구광역시 수성구 상동,UzAzMDAwMDYzMg==,25.9,22.2,20.9,23.5,25.1,23.6,연속↑,1.6,25.3,22.0,20.2,24.5,25.6,23.5,연속↑,1.1,21.0,35.5,42.3,46.3,2025
대구,27,수성구,27260,중,대륜중학교,사립,대구광역시 수성구 만촌3동,UzAzMDAwMDYzMA==,24.6,30.8,26.7,23.7,25.3,26.2,반등,1.6,24.2,29.7,26.1,22.5,24.6,25.4,반등,2.1,32.0,27.2,41.6,20.6,2022
대구,27,수성구,27260,중,매호중학교,공립,대구광역시 수성구 매호동,UzAzMDAwMDY0NA==,22.3,22.4,22.3,20.2,22.9,22.0,반등,2.6,22.3,22.0,22.3,21.0,24.5,22.4,반등,3.5,22.6,38.4,24.7,31.9,2025
대구,27,수성구,27260,중,소선여자중학교,사립,대구광역시 수성구 만촌동,UzAzMDAwMDY0MQ==,32.7,31.3,39.8,26.3,24.2,30.9,연속↓,2.1,31.7,30.6,37.8,25.0,24.1,29.8,연속↓,1.0,12.7,33.6,43.3,18.6,2023
대구,27,수성구,27260,중,동원중학교,공립,대구광역시 수성구 만촌1동,UzAzMDAwMDYzNQ==,18.7,20.4,21.9,20.2,23.8,21.0,반등,3.6,18.4,20.1,22.1,20.2,23.7,20.9,반등,3.5,15.9,29.3,35.4,41.8,2025
대구,27,수성구,27260,중,신명여자중학교,사립,대구광역시 수성구 수성동1가,UzAzMDAwMDY0Ng==,23.8,24.1,21.7,18.3,21.8,21.9,반등,3.5,24.6,24.7,22.1,18.4,22.7,22.5,반등,4.3,20.2,32.6,24.0,24.4,2022
대구,27,수성구,27260,중,대구동부중학교,공립,대구동부중학교,UzAzMDAwMDYyNA==,19.5,21.9,20.6,17.5,22.8,20.5,반등,5.3,19.2,22.2,20.6,16.8,22.5,20.2,반등,5.7,25.6,28.8,35.0,37.0,2025
대구,27,수성구,27260,중,범일중학교,공립,대구광역시 수성구 지범로41길,UzAzMDAwMDYzNw==,24.8,22.9,21.5,18.9,21.6,21.9,반등,2.7,24.6,22.6,21.2,18.6,21.9,21.8,반등,3.3,19.6,30.8,30.8,44.7,2021
대구,27,수성구,27260,중,수성중학교,공립,대구광역시 수성구 파동,UzAzMDAwMDY0Mw==,17.5,18.3,19.7,21.7,20.8,19.6,하락,0.9,17.0,17.7,20.3,22.1,21.0,19.6,하락,1.2,21.8,25.7,33.9,46.4,2024
대구,27,수성구,27260,중,오성중학교,사립,대구광역시 수성구 만촌3동,UzAzMDAwMDY1Mg==,20.8,24.4,24.1,22.0,20.7,22.4,연속↓,1.4,20.1,23.8,23.3,21.5,20.1,21.8,연속↓,1.4,13.8,26.4,51.5,31.5,2022
대구,27,수성구,27260,중,노변중학교,공립,대구광역시 수성구 시지로,UzAzMDAwMTcxNA==,17.7,22.4,21.7,19.3,19.7,20.1,반등,0.5,17.5,22.1,21.6,19.3,19.3,20.0,→보합,0.1,24.6,19.4,32.8,35.8,2022
대구,27,수성구,27260,중,지산중학교,공립,대구광역시 수성구 지산2동,UzAzMDAwMDY1Ng==,18.3,19.6,16.2,14.1,18.9,17.4,반등,4.8,17.7,19.4,15.7,13.7,19.2,17.1,반등,5.5,11.9,40.4,35.8,43.1,2022
대구,27,수성구,27260,중,덕원중학교,사립,대구광역시 수성구 욱수동,UzAzMDAwMDYzMQ==,15.3,24.0,17.3,19.6,19.4,19.1,하락,0.2,15.3,24.0,15.9,19.2,18.7,18.6,하락,0.5,29.4,19.0,31.7,34.4,2022
대구,27,수성구,27260,중,능인중학교,사립,대구광역시 수성구 지산동,UzAzMDAwMDYyMw==,19.1,19.1,18.8,17.5,19.1,18.7,반등,1.7,18.5,18.4,17.5,16.7,18.0,17.8,반등,1.3,22.0,17.0,40.0,35.0,2021
대구,27,수성구,27260,중,황금중학교,공립,대구광역시 수성구 황금2동,UzAzMDAwMDY0Mg==,21.1,19.2,26.3,25.2,17.2,21.8,연속↓,8.0,21.6,19.0,27.9,25.5,17.8,22.3,연속↓,7.8,12.4,33.6,23.3,40.3,2023
대구,27,수성구,27260,중,대구중앙중학교,사립,대구중앙중학교,UzAzMDAwMDYyOA==,16.5,18.7,18.9,18.6,16.5,17.8,연속↓,2.2,16.4,18.5,18.4,19.0,16.8,17.8,하락,2.2,16.3,30.3,23.8,43.7,2024
대구,27,수성구,27260,중,시지중학교,공립,대구광역시 수성구 신매동,UzAzMDAwMDY0NQ==,18.4,18.0,13.1,13.7,17.3,16.1,연속↑,3.6,17.7,17.7,12.4,12.7,15.6,15.2,연속↑,2.9,21.5,8.0,36.8,40.8,2022
대구,27,수성구,27260,중,범물중학교,공립,대구광역시 수성구 범물2동,UzAzMDAwMDYzOA==,16.8,21.8,16.8,15.0,15.3,17.1,반등,0.3,17.4,21.3,17.2,14.6,15.0,17.1,반등,0.4,14.4,13.5,28.1,31.9,2022
대구,27,수성구,27260,중,고산중학교,공립,대구광역시 수성구 시지동,UzAzMDAwMTY1Ng==,20.1,20.3,22.2,18.5,15.3,19.3,연속↓,3.3,20.0,20.3,22.0,18.0,14.8,19.0,연속↓,3.2,27.7,19.0,19.4,35.2,2023
대구,27,수성구,27260,고,대륜고등학교,사립,대구광역시 수성구 만촌3동,UzAzMDAwMDMxMA==,19.1,17.5,23.6,21.4,43.1,24.9,반등,21.6,17.2,16.3,23.9,21.8,44.2,24.7,반등,22.4,55.2,59.9,35.8,8.8,2025
대구,27,수성구,27260,고,경신고등학교,사립,대구광역시 수성구 범어동,UzAzMDAwMDI2Mg==,20.9,24.3,15.3,16.1,35.6,22.4,연속↑,19.5,22.1,25.0,15.0,16.3,36.1,22.9,연속↑,19.7,33.7,40.0,35.9,17.9,2025
대구,27,수성구,27260,고,대구혜화여자고등학교,사립,대구혜화여자고등학교,UzAzMDAwMDMwOQ==,25.3,25.2,16.6,37.2,34.2,27.7,하락,3.0,25.0,24.4,14.4,34.7,34.8,26.7,연속↑,0.1,43.6,43.6,25.3,5.3,2025
대구,27,수성구,27260,고,수성고등학교,공립,대구광역시 수성구 지산동,UzAzMDAwMTcwNw==,32.5,23.9,20.3,13.3,33.4,24.7,반등,20.2,32.5,22.8,20.9,14.2,33.8,24.8,반등,19.6,42.8,47.1,27.7,7.2,2025
대구,27,수성구,27260,고,시지고등학교,공립,대구광역시 수성구 신매동,UzAzMDAwMDMyNw==,12.7,10.0,11.9,12.3,30.4,15.5,연속↑,18.2,12.2,9.6,10.5,12.1,29.7,14.8,연속↑,17.6,32.0,32.4,60.9,5.8,2025
대구,27,수성구,27260,고,덕원고등학교,사립,대구광역시 수성구 욱수동,UzAzMDAwMDMxMw==,31.5,24.5,17.6,15.0,31.0,23.9,반등,16.0,31.9,23.9,17.8,14.6,29.7,23.6,반등,15.1,40.0,26.4,33.9,6.3,2021
대구,27,수성구,27260,고,오성고등학교,사립,대구광역시 수성구 만촌3동,UzAzMDAwMDMzOQ==,39.8,28.1,22.4,38.7,29.3,31.7,하락,9.4,37.9,27.9,22.0,36.8,28.9,30.7,하락,7.9,37.1,27.5,37.7,19.4,2021
대구,27,수성구,27260,고,대구여자고등학교,공립,대구여자고등학교,UzAzMDAwMDMwMA==,17.8,18.9,22.7,13.0,27.5,20.0,반등,14.5,16.0,18.5,24.6,13.3,27.5,20.0,반등,14.2,32.9,27.4,25.1,11.9,2025
대구,27,수성구,27260,고,경북고등학교,공립,경북고등학교,UzAzMDAwMDI0Ng==,17.0,24.6,20.1,20.4,28.7,22.2,연속↑,8.3,16.9,24.3,19.1,20.0,27.3,21.5,연속↑,7.3,43.4,19.7,32.6,14.5,2025
대구,27,수성구,27260,고,대구남산고등학교,사립,대구남산고등학교,UzAzMDAwMDI4OQ==,32.0,27.4,15.9,31.2,25.8,26.4,하락,5.4,31.9,26.4,14.9,30.6,26.0,25.9,하락,4.6,27.3,29.7,33.2,11.6,2021
대구,27,수성구,27260,고,능인고등학교,사립,대구광역시 수성구 지산1동,UzAzMDAwMDI3Nw==,13.7,8.9,7.1,12.9,22.6,13.0,연속↑,9.7,13.2,8.0,6.6,12.3,21.9,12.4,연속↑,9.6,29.5,21.9,31.4,26.2,2025
대구,27,수성구,27260,고,대구중앙고등학교,사립,대구중앙고등학교,UzAzMDAwMDM0OA==,20.5,35.1,23.9,27.3,21.1,25.6,하락,6.2,21.9,34.4,24.3,29.1,21.5,26.2,하락,7.7,23.0,28.2,27.1,4.8,2022
대구,27,수성구,27260,고,동문고등학교,공립,대구광역시 수성구 만촌1동,UzAzMDAwMTY2OA==,15.4,21.0,26.8,26.0,20.4,21.9,연속↓,5.7,16.1,23.0,26.9,26.8,21.2,22.8,연속↓,5.6,22.0,29.2,17.0,3.9,2023
대구,27,수성구,27260,고,대구농업마이스터고등학교,공립,대구농업마이스터고등학교,UzAzMDAwMDMwMw==,19.1,20.1,23.6,15.8,19.7,19.7,반등,3.9,19.1,20.6,22.9,14.9,20.4,19.6,반등,5.5,36.0,30.7,16.7,14.9,2023
대구,27,수성구,27260,고,정화여자고등학교,사립,대구광역시 수성구 범어4동,UzAzMDAwMDM0Ng==,31.1,30.4,25.9,36.8,17.9,28.4,하락,18.9,29.2,28.2,27.7,41.0,17.3,28.7,하락,23.7,22.1,18.3,25.1,26.0,2024
대구,27,수성구,27260,고,영남공업고등학교,사립,대구광역시 수성구 만촌3동,UzAzMDAwMDMzMg==,14.3,14.8,19.4,20.7,16.8,17.2,하락,3.9,13.9,14.0,18.5,19.5,15.7,16.3,하락,3.8,29.7,19.4,51.6,63.3,2024
대구,27,서구,27170,중,중리중학교,공립,대구광역시 서구 중리동,UzAzMDAwMDg1Ng==,28.6,23.2,27.3,25.3,24.2,25.7,연속↓,1.1,29.0,22.8,27.0,24.8,24.3,25.6,연속↓,0.5,25.0,26.5,39.0,36.1,2021
대구,27,서구,27170,중,평리중학교,공립,대구광역시 서구 평리동,UzAzMDAwMDg2MQ==,24.6,19.2,18.0,17.3,23.5,20.5,반등,6.1,24.1,18.3,17.4,17.1,23.7,20.1,반등,6.5,22.6,33.3,31.0,48.8,2021
대구,27,서구,27170,중,경운중학교,공립,대구광역시 서구 내당4동,UzAzMDAwMDgzMA==,23.8,19.2,25.0,24.0,23.0,23.0,연속↓,1.0,23.7,18.8,24.7,24.0,22.9,22.8,연속↓,1.1,25.5,27.0,28.9,42.6,2023
대구,27,서구,27170,중,경일중학교,공립,대구광역시 서구 원대동1가,UzAzMDAwMDgzMQ==,19.4,18.6,20.8,22.4,22.5,20.7,연속↑,0.1,19.2,18.3,20.4,22.8,22.8,20.7,→보합,,26.9,25.0,25.0,46.7,2025
대구,27,서구,27170,중,대평중학교,공립,대구광역시 서구 평리동,UzAzMDAwMDg2MA==,18.4,18.0,19.6,18.0,22.0,19.2,반등,4.0,20.0,17.6,20.5,19.0,22.1,19.8,반등,3.2,20.8,26.1,30.4,50.0,2025
대구,27,서구,27170,중,서대구중학교,공립,대구중학교,UzAzMDAwMjExMg==,22.4,24.8,23.1,19.1,21.1,22.1,반등,2.1,22.4,24.8,23.2,18.8,20.6,22.0,반등,1.7,20.4,22.4,36.7,58.2,2022
대구,27,서구,27170,중,서남중학교,공립,대구광역시 서구 중리동,UzAzMDAwMDg1NQ==,19.1,23.6,18.8,18.2,18.6,19.7,반등,0.3,19.4,22.8,19.8,19.9,19.0,20.1,하락,0.9,18.6,30.8,25.0,50.0,2022
대구,27,서구,27170,중,대구청라중학교,사립,대구청라중학교,UzAzMDAwMDgyOQ==,26.4,15.8,19.4,17.4,17.6,19.3,반등,0.3,26.9,14.9,19.1,17.1,16.6,18.9,연속↓,0.5,14.8,20.4,33.3,61.1,2021
대구,27,서구,27170,고,계성고등학교,사립,대구광역시 서구 상리동,UzAzMDAwMDI3MQ==,42.8,43.4,43.9,29.5,46.8,41.3,반등,17.2,41.9,43.1,43.4,30.3,44.9,40.7,반등,14.7,64.3,44.4,53.2,3.8,2025
대구,27,서구,27170,고,대구제일고등학교,사립,대구제일고등학교,UzAzMDAwMDMwNg==,19.8,16.7,16.2,24.6,27.5,21.0,연속↑,2.9,20.1,16.8,14.8,23.9,27.0,20.5,연속↑,3.1,33.0,26.2,34.8,19.3,2025
대구,27,서구,27170,고,대구과학기술고등학교,공립,대구과학기술고등학교,UzAzMDAwMDI5Nw==,8.0,11.0,13.3,13.4,26.1,14.4,연속↑,12.7,8.9,12.0,14.6,14.1,25.8,15.1,반등,11.7,35.5,31.7,47.5,17.9,2025
대구,27,서구,27170,고,달성고등학교,공립,대구광역시 서구 내당4동,UzAzMDAwMDI4MQ==,23.4,16.9,12.7,15.0,21.0,17.8,연속↑,6.0,22.7,16.1,12.2,14.4,20.8,17.2,연속↑,6.3,23.4,21.2,24.7,16.1,2021
대구,27,서구,27170,고,경덕여자고등학교,공립,대구광역시 서구 중리동,UzAzMDAwMDI0NA==,22.1,12.1,15.6,11.7,18.4,16.0,반등,6.7,21.7,12.2,16.2,11.9,18.8,16.1,반등,6.9,20.4,31.0,18.7,4.3,2021
대구,27,서구,27170,고,대구서부고등학교,공립,대구서부고등학교,UzAzMDAwMDI5Ng==,13.8,11.7,17.0,15.7,15.8,14.8,반등,0.1,14.0,12.3,17.8,16.3,16.1,15.3,연속↓,0.2,10.7,19.0,21.0,9.7,2023
대구,27,중구,27110,중,성명여자중학교,사립,대구광역시 중구 국채보상로,UzAzMDAwMDY0MA==,24.3,23.3,28.1,20.9,25.0,24.3,반등,4.1,24.2,23.0,28.8,21.0,25.0,24.4,반등,4.0,21.5,34.2,47.0,26.6,2023
대구,27,중구,27110,중,경구중학교,사립,대구광역시 중구 남산동,UzAzMDAwMDYxOQ==,23.1,22.8,17.4,16.7,20.8,20.2,반등,4.1,22.9,22.6,18.1,16.6,21.4,20.3,반등,4.7,50.4,39.7,19.9,43.8,2021
대구,27,중구,27110,중,대구제일중학교,공립,대구제일중학교,UzAzMDAwMDYyNw==,27.6,23.2,16.2,21.5,21.1,21.9,하락,0.4,27.6,23.3,15.8,21.3,20.6,21.7,하락,0.6,20.0,21.9,37.0,36.1,2021
대구,27,중구,27110,중,계성중학교,사립,대구광역시 중구 대신동,UzAzMDAwMDYyMQ==,26.8,20.9,17.5,22.9,19.9,21.6,하락,3.0,25.8,20.2,17.9,22.4,19.9,21.2,하락,2.5,18.4,23.7,39.6,48.9,2021
대구,27,중구,27110,중,경북대학교사범대학부설중학교,국립,경북대학교사범대학부설중학교,UzAwMDAwMzQ5MQ==,18.8,20.9,23.3,22.5,19.8,21.1,연속↓,2.6,18.9,20.9,23.6,21.3,19.1,20.8,연속↓,2.3,21.4,18.9,32.4,39.4,2023
대구,27,중구,27110,고,경북대학교사범대학부설고등학교,국립,경북대학교사범대학부설고등학교,UzAwMDAwMzQ5MA==,26.4,29.5,18.3,31.9,24.2,26.1,하락,7.7,26.4,28.6,17.5,29.9,24.2,25.3,하락,5.7,24.3,29.5,30.9,11.2,2024
대구,27,중구,27110,고,경북공업고등학교,사립,경북공업고등학교,UzAzMDAwMDI0OA==,17.1,23.1,17.7,22.5,23.3,20.7,연속↑,0.8,17.7,23.6,18.7,22.4,23.7,21.2,연속↑,1.4,33.3,42.9,38.1,31.7,2025
대구,27,중구,27110,고,신명고등학교,사립,대구광역시 중구 동산동,UzAzMDAwMDMyOQ==,18.2,21.4,20.0,7.8,21.4,17.7,반등,13.6,18.3,22.1,18.3,7.5,21.7,17.6,반등,14.2,17.8,26.1,29.6,26.0,2022
대구,27,중구,27110,고,경북여자고등학교,공립,경북여자고등학교,UzAzMDAwMDI1Mg==,23.1,18.3,12.6,20.5,17.2,18.3,하락,3.2,21.8,18.6,13.0,20.3,16.8,18.1,하락,3.5,23.8,15.8,22.3,7.4,2021
대구,27,북구,27230,중,경명여자중학교,사립,대구광역시 북구 칠성동2가,UzAzMDAwMDgyNg==,26.5,24.0,23.6,25.3,27.7,25.4,연속↑,2.4,26.1,23.8,22.8,25.0,27.2,25.0,연속↑,2.2,23.2,27.8,44.6,35.2,2025
대구,27,북구,27230,중,사수중학교,공립,대구광역시 북구 사수동,UzAzMDAwMjA3Mw==,22.6,24.2,26.3,25.4,24.3,24.6,연속↓,1.0,23.4,24.3,26.8,26.0,25.0,25.1,연속↓,1.0,20.5,36.3,33.6,36.6,2023
대구,27,북구,27230,중,강북중학교,공립,대구광역시 북구 구암동,UzAzMDAwMTY4OQ==,23.5,27.3,23.2,23.0,24.4,24.3,반등,1.4,23.8,27.7,23.2,23.4,24.5,24.5,연속↑,1.1,31.4,31.0,30.2,29.8,2022
대구,27,북구,27230,중,관천중학교,공립,대구광역시 북구 태전동,UzAzMDAwMDgzNg==,22.8,21.8,24.7,26.4,23.6,23.9,하락,2.9,22.8,21.7,25.0,25.7,23.8,23.8,하락,1.8,29.4,33.1,29.6,39.6,2024
대구,27,북구,27230,중,동변중학교,공립,대구광역시 북구 동변동,UzAzMDAwMTY5MA==,25.0,17.8,24.4,24.4,24.3,23.2,하락,0.1,24.5,18.0,24.7,23.8,23.7,22.9,연속↓,0.1,27.7,26.6,39.4,45.7,2023
대구,27,북구,27230,중,서변중학교,공립,대구광역시 북구 서변동,UzAzMDAwMTY4OA==,21.5,18.5,24.3,23.6,23.6,22.3,→보합,,21.8,18.1,24.1,23.2,23.0,22.0,연속↓,0.2,20.0,24.4,39.8,40.0,2023
대구,27,북구,27230,중,칠곡중학교,공립,대구광역시 북구 읍내동,UzAzMDAwMDg1Nw==,23.8,21.4,23.6,22.4,22.4,22.7,→보합,,24.2,21.0,23.8,22.0,22.7,22.7,반등,0.8,27.4,31.0,31.0,43.4,2021
대구,27,북구,27230,중,교동중학교,공립,대구광역시 북구 읍내동,UzAzMDAwMDgzNw==,20.9,20.8,20.5,22.1,,21.1,-,,20.2,20.5,20.2,21.6,,20.6,-,,,,,,2024
대구,27,북구,27230,중,팔달중학교,공립,대구광역시 북구 팔달동,UzAzMDAwMDg1OQ==,25.1,19.0,19.5,21.3,21.8,21.4,연속↑,0.5,25.1,18.5,20.0,21.2,21.5,21.3,연속↑,0.3,23.1,28.3,34.0,44.7,2021
대구,27,북구,27230,중,산격중학교,공립,대구광역시 북구 산격동,UzAzMDAwMDg0OQ==,20.0,24.5,21.6,20.2,21.0,21.5,반등,0.7,20.6,24.6,21.3,19.8,21.0,21.4,반등,1.3,23.1,29.6,26.4,51.6,2022
대구,27,북구,27230,중,관음중학교,공립,대구 북구 관음동,UzAzMDAwMDgzNQ==,15.7,16.8,17.1,22.0,21.3,18.6,하락,0.7,16.4,16.7,17.2,22.1,20.8,18.6,하락,1.3,29.0,23.7,27.2,47.8,2024
대구,27,북구,27230,중,성광중학교,사립,대구광역시 북구 복현동,UzAzMDAwMDg1MQ==,20.1,23.5,22.8,19.7,20.4,21.3,반등,0.7,20.0,23.4,22.3,19.6,20.8,21.2,반등,1.2,20.6,27.8,30.4,19.5,2022
대구,27,북구,27230,중,운암중학교,공립,대구광역시 북구 구암동,UzAzMDAwMDg1NA==,21.4,25.2,23.3,24.1,20.6,22.9,하락,3.5,20.6,24.9,23.6,24.2,20.7,22.8,하락,3.5,22.5,38.7,32.7,39.9,2022
대구,27,북구,27230,중,침산중학교,공립,대구광역시 북구 침산3동,UzAzMDAwMDg1OA==,26.7,21.7,19.8,20.4,19.6,21.6,하락,0.8,27.2,21.6,20.2,20.4,20.0,21.9,하락,0.4,25.2,36.1,29.6,41.8,2021
대구,27,북구,27230,중,대구북중학교,공립,대구북중학교,UzAzMDAwMDg0MQ==,26.3,19.3,23.5,22.0,19.8,22.2,연속↓,2.1,26.2,19.1,23.9,21.5,19.6,22.1,연속↓,1.9,33.7,24.7,28.0,46.4,2021
대구,27,북구,27230,중,대구일중학교,공립,대구일중학교,UzAzMDAwMDg0NA==,22.1,19.0,23.8,21.0,19.7,21.1,연속↓,1.3,21.9,18.8,23.6,20.7,19.6,20.9,연속↓,1.2,22.9,23.5,29.8,44.3,2023
대구,27,북구,27230,중,매천중학교,공립,대구광역시 북구 태전2동,UzAzMDAwMTgyMg==,25.9,19.7,22.7,21.1,19.4,21.8,연속↓,1.7,26.9,19.3,22.9,21.9,19.3,22.1,연속↓,2.6,17.6,23.7,32.8,44.4,2021
대구,27,북구,27230,중,성화중학교,사립,대구광역시 북구 복현동,UzAzMDAwMDg1Mw==,23.3,21.7,19.4,20.6,18.8,20.8,하락,1.9,23.9,22.0,19.4,21.1,18.5,21.0,하락,2.6,24.1,23.8,25.7,39.4,2021
대구,27,북구,27230,중,학남중학교,공립,대구 북구 국우동,UzAzMDAwMDg2Mg==,20.9,19.6,16.8,16.1,17.7,18.2,반등,1.6,19.9,19.1,16.3,15.6,17.4,17.7,반등,1.8,18.7,21.0,28.1,44.3,2021
대구,27,북구,27230,중,동평중학교,공립,대구광역시 북구 구암동,UzAzMDAwMDg0NQ==,22.4,23.4,18.0,18.6,16.6,19.8,하락,2.0,21.8,23.2,18.6,19.4,17.2,20.0,하락,2.2,10.2,25.1,36.3,34.3,2022
대구,27,북구,27230,중,구암중학교,공립,대구광역시 북구 구암동,UzAzMDAwMDgzOQ==,26.9,21.7,20.9,19.8,17.0,21.3,연속↓,2.8,26.0,21.6,19.8,19.7,17.0,20.8,연속↓,2.7,13.8,19.2,27.7,40.5,2021
대구,27,북구,27230,중,복현중학교,공립,대구광역시 북구 복현2동,UzAzMDAwMDg0Nw==,21.4,21.7,17.0,16.6,16.5,18.6,연속↓,0.1,22.1,21.9,17.0,16.9,15.6,18.7,연속↓,1.3,21.9,12.3,28.8,55.0,2021
대구,27,북구,27230,중,대구체육중학교,공립,대구체육중학교,UzAzMDAwMjAxMA==,10.5,18.6,14.9,17.2,12.8,14.8,하락,4.4,10.9,18.8,15.5,18.2,13.2,15.3,하락,4.9,20.0,24.0,13.6,55.0,2022
대구,27,북구,27230,고,강북고등학교,사립,대구광역시 북구 태전동,UzAzMDAwMDI0Mw==,30.2,36.8,30.4,23.4,31.4,30.4,반등,8.0,27.5,36.8,30.0,20.6,32.1,29.4,반등,11.5,35.5,54.8,26.3,3.7,2022
대구,27,북구,27230,고,성광고등학교,사립,대구광역시 북구 복현2동,UzAzMDAwMDMyMQ==,27.1,36.1,20.5,28.0,30.8,28.5,연속↑,2.8,27.2,36.1,19.6,28.6,29.8,28.2,연속↑,1.2,43.3,24.7,32.0,1.1,2022
대구,27,북구,27230,고,영송여자고등학교,사립,대구광역시 북구 태전동,UzAzMDAwMDMzMw==,22.1,16.7,30.4,27.3,28.7,25.0,반등,1.4,21.4,15.7,30.3,27.2,28.5,24.6,반등,1.4,38.0,31.7,38.0,5.4,2023
대구,27,북구,27230,고,경상여자고등학교,사립,대구광역시 북구 침산1동,UzAzMDAwMDI2MA==,6.9,10.9,9.5,21.1,28.1,15.3,연속↑,7.1,6.6,10.5,8.7,20.4,27.7,14.8,연속↑,7.3,41.1,30.1,29.9,1.5,2025
대구,27,북구,27230,고,영진고등학교,사립,대구광역시 북구 복현동,UzAzMDAwMDMzNQ==,35.9,32.1,8.5,15.4,25.7,23.5,연속↑,10.3,35.2,32.6,7.5,15.2,26.3,23.4,연속↑,11.0,24.6,30.9,24.6,,2021
대구,27,북구,27230,고,함지고등학교,공립,대구광역시 북구 구암동,UzAzMDAwMTgxNg==,14.0,8.2,12.3,9.0,23.4,13.4,반등,14.4,13.6,7.6,11.8,8.4,23.6,13.0,반등,15.2,38.5,31.3,21.4,25.8,2025
대구,27,북구,27230,고,운암고등학교,공립,대구 북구 구암동,UzAzMDAwMDM0MQ==,11.9,11.6,28.2,26.4,22.5,20.1,연속↓,3.9,11.5,11.2,26.8,27.0,23.0,19.9,하락,4.0,11.7,31.6,33.2,7.1,2024
대구,27,북구,27230,고,매천고등학교,공립,대구광역시 북구 태전동,UzAzMDAwMTgxNQ==,8.4,15.7,26.1,12.8,21.6,16.9,반등,8.8,8.3,16.5,28.3,13.0,22.4,17.7,반등,9.4,16.8,30.8,22.1,13.7,2023
대구,27,북구,27230,고,구암고등학교,공립,대구광역시 북구 구암동,UzAzMDAwMDI3NQ==,39.0,16.2,28.1,28.3,22.8,26.9,하락,5.6,37.0,16.6,29.0,27.7,22.1,26.5,연속↓,5.5,37.2,23.5,23.6,1.0,2021
대구,27,북구,27230,고,칠성고등학교,공립,대구광역시 북구 칠성동2가,UzAzMDAwMTg1MQ==,11.7,9.9,10.3,17.9,20.2,14.0,연속↑,2.3,11.6,10.1,10.3,18.6,21.2,14.4,연속↑,2.6,18.3,27.8,21.4,10.4,2025
대구,27,북구,27230,고,경상고등학교,사립,대구광역시 북구 복현동,UzAzMDAwMDI1Nw==,32.2,27.1,29.6,24.9,21.3,27.0,연속↓,3.6,33.6,28.3,27.4,22.0,21.2,26.5,연속↓,0.8,31.6,23.3,21.0,9.8,2021
대구,27,북구,27230,고,경명여자고등학교,사립,대구광역시 북구 칠성동2가,UzAzMDAwMDI0NQ==,13.5,15.9,15.0,26.8,22.1,18.6,하락,4.7,13.1,16.6,15.8,26.0,20.9,18.5,하락,5.0,26.6,14.1,35.4,3.6,2024
대구,27,북구,27230,고,대구국제고등학교,공립,대구국제고등학교,UzAzMDAwMjA4Nw==,14.0,18.7,19.0,34.0,19.6,21.1,하락,14.4,14.3,19.6,19.2,31.7,20.0,21.0,하락,11.8,11.5,29.7,29.7,5.3,2024
대구,27,북구,27230,고,대구체육고등학교,공립,대구체육고등학교,UzAzMDAwMTY1OA==,23.6,19.1,23.8,16.1,16.2,19.8,반등,0.2,23.7,20.2,23.4,15.8,16.0,19.8,반등,0.1,20.0,18.3,22.0,37.3,2021
대구,27,북구,27230,고,학남고등학교,공립,대구광역시 북구 국우동,UzAzMDAwMTY2MQ==,15.3,16.0,18.0,16.9,16.2,16.5,연속↓,0.8,14.9,15.1,16.7,15.1,15.6,15.5,반등,0.5,20.5,15.1,19.8,4.0,2023
대구,27,북구,27230,고,대중금속공업고등학교,사립,대구광역시 북구 읍내동,UzAzMDAwMDMxMg==,11.7,8.1,14.6,11.2,11.6,11.4,반등,0.4,11.4,7.9,14.8,12.0,11.7,11.6,연속↓,0.4,9.2,12.8,18.3,42.2,2023
대구,27,북구,27230,고,성화여자고등학교,사립,대구광역시 북구 복현2동,UzAzMDAwMDMyNQ==,13.3,11.4,15.1,11.0,7.6,11.7,연속↓,3.4,13.3,11.8,14.4,10.0,7.3,11.3,연속↓,2.7,10.9,8.5,8.1,30.0,2023
대구,27,동구,27140,중,영신중학교,사립,대구광역시 동구 봉무동,UzAzMDAwMDY1MQ==,33.3,28.7,32.7,31.3,32.4,31.7,반등,1.0,33.5,28.0,32.2,31.3,31.7,31.3,반등,0.4,45.1,32.2,41.4,31.9,2021
대구,27,동구,27140,중,동촌중학교,공립,대구광역시 동구 방촌동,UzAzMDAwMDYzNg==,23.4,19.5,26.2,17.5,24.1,22.1,반등,6.7,23.7,19.1,25.8,17.7,24.5,22.2,반등,6.9,22.5,29.4,29.4,42.7,2023
대구,27,동구,27140,중,불로중학교,공립,대구광역시 동구 불로동,UzAzMDAwMDYzOQ==,17.1,19.8,22.3,19.0,23.5,20.3,반등,4.5,16.3,19.3,22.4,19.8,23.2,20.2,반등,3.4,31.1,25.8,32.8,45.6,2025
대구,27,동구,27140,중,신기중학교,공립,대구광역시 동구 신기동,UzAzMDAwMDY0OQ==,21.0,19.2,23.3,24.0,23.4,22.2,하락,0.6,21.8,18.9,23.7,24.0,23.2,22.3,하락,0.8,21.1,27.0,31.0,41.8,2024
대구,27,동구,27140,중,신아중학교,공립,대구광역시 동구 신암동,UzAzMDAwMjA5MQ==,25.8,18.0,19.4,15.3,20.2,19.7,반등,5.0,26.8,18.3,20.5,15.7,20.7,20.4,반등,5.0,30.9,29.5,24.4,53.7,2021
대구,27,동구,27140,중,강동중학교,공립,대구 동구 신서동,UzAzMDAwMTY4Nw==,22.5,23.8,17.0,21.7,20.3,21.1,하락,1.4,23.0,23.4,16.6,21.2,20.2,20.9,하락,1.0,18.4,31.9,38.6,41.8,2022
대구,27,동구,27140,중,입석중학교,공립,대구광역시 동구 입석동,UzAzMDAwMDY1NA==,27.7,24.7,26.3,22.4,20.3,24.3,연속↓,2.2,27.5,24.1,26.7,21.9,19.7,24.0,연속↓,2.2,18.5,22.4,28.8,53.8,2021
대구,27,동구,27140,중,청구중학교,사립,대구광역시 동구 신천3동,UzAzMDAwMDY1Nw==,24.1,22.1,29.8,20.0,18.3,22.9,연속↓,1.7,23.1,22.5,30.0,19.3,18.9,22.8,연속↓,0.4,21.4,26.9,26.4,36.8,2023
대구,27,동구,27140,중,율원중학교,공립,대구광역시 동구 율하동,UzAzMDAwMTgyOQ==,25.5,22.3,26.3,24.3,17.1,23.1,연속↓,7.2,26.4,22.0,26.1,24.2,17.8,23.3,연속↓,6.5,17.8,29.3,23.2,39.5,2021
대구,27,동구,27140,중,대구팔공중학교,공립,대구팔공중학교,UzAzMDAwMjE0OA==,,18.0,22.2,17.7,17.8,18.9,반등,0.2,,18.0,22.2,16.6,17.2,18.5,반등,0.5,16.2,18.9,34.3,44.5,2023
대구,27,동구,27140,중,새론중학교,공립,대구광역시 동구 각산동,UzAzMDAwMTg2Mw==,23.5,20.6,18.6,15.4,16.9,19.0,반등,1.5,23.7,19.8,17.6,14.0,16.2,18.3,반등,2.2,16.7,15.2,28.7,46.5,2021
대구,27,동구,27140,중,공산중학교,사립,대구광역시 동구 백안동,UzAzMDAwMDYyMg==,24.3,21.9,18.9,16.0,15.3,19.3,연속↓,0.7,23.4,22.6,18.2,15.7,15.4,19.0,연속↓,0.3,26.0,23.4,17.9,50.6,2021
대구,27,동구,27140,중,안심중학교,공립,대구광역시 동구 서호동,UzAzMDAwMDY1MA==,22.7,19.8,19.7,15.9,15.1,18.7,연속↓,0.8,22.8,19.8,19.5,16.1,14.2,18.5,연속↓,1.9,18.2,12.5,31.1,47.1,2021
대구,27,동구,27140,고,대구일과학고등학교,공립,대구일과학고등학교,UzAzMDAwMTkzNg==,76.0,72.0,64.6,47.0,47.5,61.4,반등,0.5,76.2,71.5,64.2,48.3,47.9,61.6,연속↓,0.3,62.0,67.1,51.9,1.3,2021
대구,27,동구,27140,고,청구고등학교,사립,대구광역시 동구 신천동,UzAzMDAwMDM1MA==,25.3,25.8,26.2,22.6,27.3,25.4,반등,4.8,25.6,25.8,27.2,22.8,27.5,25.8,반등,4.7,29.7,29.2,27.1,12.5,2025
대구,27,동구,27140,고,대구동부고등학교,사립,대구동부고등학교,UzAzMDAwMDI5Mw==,14.1,24.6,8.9,8.9,24.6,16.2,상승,15.7,13.9,24.0,8.4,8.8,23.7,15.8,연속↑,14.9,21.0,27.2,40.4,3.3,2022
대구,27,동구,27140,고,강동고등학교,공립,대구 동구 신서동,UzAzMDAwMTY2Nw==,5.9,10.9,11.2,17.5,22.1,13.5,연속↑,4.6,5.9,12.0,11.1,18.2,21.3,13.7,연속↑,3.1,26.5,23.3,28.5,14.8,2025
대구,27,동구,27140,고,영신고등학교,사립,대구 동구 봉무동,UzAzMDAwMDMzNA==,16.7,25.5,27.3,29.5,20.4,23.9,하락,9.2,16.1,27.5,25.8,28.1,20.3,23.5,하락,7.8,15.8,23.8,31.3,11.7,2024
대구,27,동구,27140,고,정동고등학교,사립,대구광역시 동구 용계동,UzAzMDAwMDM0NQ==,10.8,9.4,8.5,24.5,21.1,14.9,하락,3.5,10.6,9.4,8.0,26.0,20.1,14.8,하락,5.8,32.9,15.2,25.9,12.9,2024
대구,27,동구,27140,고,대구관광고등학교,사립,대구관광고등학교,UzAzMDAwMDMwNQ==,22.1,13.7,14.6,12.3,16.1,15.8,반등,3.8,21.8,14.6,15.4,12.5,17.0,16.3,반등,4.4,22.0,28.9,16.5,55.0,2021
대구,27,동구,27140,고,조일고등학교,사립,대구광역시 동구 신평동,UzAzMDAwMDM0Nw==,17.0,15.7,18.5,18.7,17.1,17.4,하락,1.6,18.2,15.3,19.0,19.3,16.6,17.7,하락,2.7,24.0,15.1,24.0,48.7,2024
대구,27,동구,27140,고,대구공업고등학교,공립,대구공업고등학교,UzAzMDAwMDI4Ng==,11.0,10.6,16.9,18.0,16.8,14.7,하락,1.2,11.5,11.0,17.4,19.5,16.2,15.1,하락,3.3,38.6,25.6,20.5,19.0,2024
대구,27,동구,27140,고,달구벌고등학교,사립,대구광역시 동구 덕곡동,UzAzMDAwMTcwMg==,6.7,8.3,10.2,10.1,12.8,9.6,반등,2.7,7.8,9.2,10.7,9.9,11.7,9.8,반등,1.7,13.3,6.7,36.7,56.7,2025
대구,27,동구,27140,고,대구일마이스터고등학교,공립,대구일마이스터고등학교,UzAzMDAwMDI5Mg==,17.3,11.3,13.0,11.2,9.8,12.5,연속↓,1.4,17.3,12.0,13.7,11.3,10.4,12.9,연속↓,0.9,5.4,14.1,9.8,29.3,2021
대구,27,달성군,27710,중,화원중학교,공립,대구광역시 달성군 화원읍,UzAzMDAwMDU2NA==,31.7,26.3,24.5,29.5,29.1,28.2,하락,0.4,32.1,26.6,24.3,30.2,29.2,28.5,하락,1.0,34.1,34.9,46.3,30.1,2021
대구,27,달성군,27710,중,달서중학교,사립,대구광역시 달성군 하빈면,UzAzMDAwMDU1OQ==,23.2,27.8,32.2,36.1,29.6,29.8,하락,6.5,22.3,25.7,31.3,34.4,27.7,28.3,하락,6.8,68.4,25.0,37.5,75.0,2024
대구,27,달성군,27710,중,천내중학교,공립,대구광역시 달성군 화원읍,UzAzMDAwMTcxMg==,34.9,22.8,20.4,20.9,23.3,24.5,연속↑,2.4,35.0,23.2,20.7,21.2,23.3,24.7,연속↑,2.1,35.8,28.9,24.4,37.5,2021
대구,27,달성군,27710,중,달성중학교,공립,대구광역시 달성군 화원읍,UzAzMDAwMDU2MA==,20.2,20.2,18.8,22.9,23.3,21.1,연속↑,0.4,20.6,20.3,18.5,22.3,21.6,20.6,하락,0.7,29.2,20.9,46.5,43.5,2024
대구,27,달성군,27710,중,유가중학교,공립,대구광역시 달성군 유가읍,UzAzMDAwMjA3NA==,27.6,23.3,22.8,21.7,20.8,23.2,연속↓,0.9,28.7,22.7,24.6,23.0,20.9,24.0,연속↓,2.1,21.8,30.7,26.0,35.1,2021
대구,27,달성군,27710,중,가창중학교,사립,대구광역시 달성군 가창면,UzAzMDAwMDU1NA==,29.0,22.8,20.2,18.6,22.3,22.6,반등,3.7,29.1,22.5,19.5,17.3,20.7,21.8,반등,3.4,30.0,22.5,37.5,37.5,2021
대구,27,달성군,27710,중,서동중학교,공립,대구광역시 달성군 다사읍,UzAzMDAwMjExMQ==,23.2,22.6,25.2,16.4,20.3,21.5,반등,3.9,23.3,22.1,24.1,15.9,20.3,21.2,반등,4.4,13.0,30.7,31.2,45.1,2023
대구,27,달성군,27710,중,구지중학교,공립,대구광역시 달성군 구지면,UzAzMDAwMDU1Ng==,26.9,17.0,21.3,23.4,19.4,21.6,하락,3.9,27.1,17.0,21.3,23.8,20.2,21.9,하락,3.6,17.9,27.6,28.0,37.9,2021
대구,27,달성군,27710,중,서재중학교,공립,대구광역시 달성군 다사읍,UzAzMDAwMTY3OQ==,26.9,21.9,18.1,18.7,20.3,21.2,연속↑,1.7,26.9,22.3,17.6,17.7,20.0,20.9,연속↑,2.3,22.2,30.9,28.9,30.7,2021
대구,27,달성군,27710,중,다사중학교,공립,대구광역시 달성군 다사읍,UzAzMDAwMDU1OA==,24.8,24.2,23.6,19.9,19.4,22.4,연속↓,0.4,24.5,23.7,23.2,20.2,20.0,22.3,연속↓,0.2,24.0,32.8,19.3,37.0,2021
대구,27,달성군,27710,중,경서중학교,공립,대구광역시 달성군 옥포면,UzAzMDAwMDU1NQ==,25.2,22.9,21.2,26.2,19.8,23.1,하락,6.4,25.2,23.4,20.5,25.7,19.9,22.9,하락,5.8,29.2,21.3,28.1,39.9,2024
대구,27,달성군,27710,중,북동중학교,공립,대구광역시 달성군 논공읍,UzAzMDAwMTY3OA==,24.4,14.4,12.4,14.9,18.8,17.0,연속↑,3.9,25.1,14.4,12.6,15.5,19.5,17.4,연속↑,4.0,16.1,27.4,28.6,54.5,2021
대구,27,달성군,27710,중,왕선중학교,공립,대구광역시 달성군 다사읍,UzAzMDAwMTgyMw==,25.5,21.9,24.5,20.7,19.4,22.4,연속↓,1.3,25.2,21.6,24.1,20.2,19.2,22.1,연속↓,1.0,22.0,21.7,30.0,37.8,2021
대구,27,달성군,27710,중,논공중학교,공립,대구광역시 달성군 논공읍,UzAzMDAwMDU1Nw==,31.0,22.7,28.5,20.1,17.2,23.9,연속↓,2.9,30.7,23.2,28.4,19.6,17.4,23.9,연속↓,2.3,21.5,23.1,21.7,54.0,2021
대구,27,달성군,27710,중,현풍중학교,사립,대구광역시 달성군 현풍읍,UzAzMDAwMDU2Mw==,23.7,19.6,22.2,21.6,16.7,20.8,연속↓,4.9,24.1,19.7,22.5,22.4,17.2,21.2,연속↓,5.2,13.3,27.8,27.8,60.3,2021
대구,27,달성군,27710,중,심인중학교,사립,대구광역시 달성군 다사읍,UzAzMDAwMDM5Mg==,16.5,18.2,18.3,16.2,15.2,16.9,연속↓,1.0,16.2,18.6,18.0,16.0,15.6,16.9,연속↓,0.4,10.7,20.1,32.7,36.3,2022
대구,27,달성군,27710,중,포산중학교,공립,대구광역시 달성군 유가읍,UzAzMDAwMDU2MQ==,21.3,21.3,17.4,15.8,14.9,18.1,연속↓,0.9,21.3,21.4,17.3,15.0,14.4,17.9,연속↓,0.6,20.1,12.3,27.8,41.5,2022
대구,27,달성군,27710,중,한울안중학교,사립,대구광역시 달성군 현풍읍,UzAzMDAwMjEwNg==,3.7,7.4,10.3,6.2,11.5,7.8,반등,5.4,3.4,7.9,11.3,5.9,11.6,8.0,반등,5.6,17.4,17.4,13.6,59.1,2025
대구,27,달성군,27710,고,심인고등학교,사립,대구광역시 달성군 다사읍,UzAzMDAwMDMzMA==,37.8,17.2,12.9,25.2,43.3,27.3,연속↑,18.1,34.8,15.6,11.7,24.3,43.6,26.0,연속↑,19.4,78.8,58.9,35.7,2.2,2025
대구,27,달성군,27710,고,포산고등학교,공립,대구광역시 달성군 현풍읍,UzAzMDAwMDM1MQ==,7.1,7.0,18.6,13.5,34.2,16.1,반등,20.7,6.7,7.3,18.1,13.3,35.2,16.1,반등,22.0,42.4,50.6,25.0,8.7,2025
대구,27,달성군,27710,고,비슬고등학교,공립,대구광역시 달성군 현풍읍,UzAzMDAwMjA3NQ==,10.9,12.1,11.1,18.2,30.2,16.5,연속↑,12.0,10.2,10.8,11.7,17.4,30.3,16.1,연속↑,12.9,33.3,44.7,37.0,19.0,2025
대구,27,달성군,27710,고,다사고등학교,공립,대구광역시 달성군 다사읍,UzAzMDAwMDI3OA==,7.6,9.1,9.1,13.3,27.4,13.3,연속↑,14.1,7.3,10.5,8.8,12.9,28.2,13.5,연속↑,15.3,13.4,47.8,38.5,13.3,2025
대구,27,달성군,27710,고,현풍고등학교,사립,대구광역시 달성군 현풍읍,UzAzMDAwMDM1Ng==,28.5,19.6,14.7,28.5,27.1,23.7,하락,1.4,29.0,20.4,15.8,28.2,25.8,23.9,하락,2.4,45.9,24.4,31.4,13.4,2021
대구,27,달성군,27710,고,달서고등학교,사립,대구광역시 달성군 하빈면,UzAzMDAwMDI4MA==,18.0,27.3,21.9,35.1,25.0,25.5,하락,10.1,17.0,26.3,21.8,33.4,24.4,24.6,하락,9.0,36.0,23.7,26.3,14.9,2024
대구,27,달성군,27710,고,대구소프트웨어마이스터고등학교,공립,대구소프트웨어마이스터고등학교,UzAzMDAwMDI4Mg==,15.1,16.7,19.0,17.8,18.7,17.4,반등,0.9,15.7,17.1,20.6,17.2,18.7,17.9,반등,1.4,,22.7,28.8,20.3,2023
대구,27,달성군,27710,고,대원고등학교,사립,대구 달성군 화원읍,UzAzMDAwMDMxNA==,21.2,15.8,17.5,18.0,18.4,18.2,연속↑,0.5,20.5,16.9,16.6,18.8,18.1,18.2,하락,0.7,20.1,16.4,22.1,10.3,2021
대구,27,달성군,27710,고,화원고등학교,공립,대구광역시 달성군 화원읍,UzAzMDAwMDM2MA==,19.5,11.5,15.4,24.2,13.3,16.8,하락,10.9,20.5,11.1,14.8,24.2,13.2,16.8,하락,11.0,15.7,15.2,19.9,13.4,2024
대구,27,달성군,27710,고,대구공업고등학교 테크노폴리스 캠퍼스,공립,대구공업고등학교 테크노폴리스 캠퍼스,UzAzMDAwMjE1NQ==,9.6,8.1,9.2,7.1,14.6,9.7,반등,7.4,9.9,8.4,9.8,7.6,12.4,9.6,반등,4.8,25.0,27.5,12.5,35.0,2025
대구,27,남구,27200,중,대구중학교,공립,대구중학교,UzAzMDAwMDM3Ng==,28.9,25.8,23.6,17.9,23.4,23.9,반등,5.5,29.0,25.5,23.7,18.1,23.2,23.9,반등,5.1,24.5,33.3,30.6,55.6,2021
대구,27,남구,27200,중,경상중학교,공립,대구광역시 남구 대명2동,UzAzMDAwMDM2Ng==,14.6,14.3,16.3,19.8,20.7,17.2,연속↑,1.0,15.7,14.6,17.2,20.4,21.3,17.8,연속↑,0.9,29.5,28.2,22.7,49.1,2025
대구,27,남구,27200,중,경혜여자중학교,공립,대구광역시 남구 성당로18길,UzAzMDAwMDM2OA==,23.8,18.4,19.6,20.2,19.2,20.2,하락,1.0,24.5,18.5,19.2,20.6,19.3,20.4,하락,1.3,26.2,28.6,20.9,62.8,2021
대구,27,남구,27200,중,협성경복중학교,사립,대구광역시 남구 봉덕동,UzAzMDAwMDQwMw==,18.3,17.2,16.4,17.4,19.5,17.8,연속↑,2.0,19.0,17.6,16.8,17.2,18.9,17.9,연속↑,1.7,21.0,32.0,35.9,45.8,2021
대구,27,남구,27200,중,경일여자중학교,사립,대구광역시 남구 봉덕3동,UzAzMDAwMDM2Nw==,28.1,24.7,24.3,21.7,19.0,23.6,연속↓,2.6,28.1,24.4,24.8,21.5,18.2,23.4,연속↓,3.3,22.3,16.0,39.7,38.7,2021
대구,27,남구,27200,중,대명중학교,공립,대구 남구 대명9동,UzAzMDAwMDM3OA==,19.6,16.1,14.5,17.6,14.8,16.5,하락,2.8,19.8,15.7,14.8,17.6,14.0,16.4,하락,3.6,26.1,13.0,19.2,60.9,2021
대구,27,남구,27200,고,협성고등학교,사립,대구광역시 남구 봉덕3동,UzAzMDAwMDM1OA==,18.1,19.3,34.0,23.6,26.4,24.3,반등,2.8,18.7,20.3,33.7,23.7,26.7,24.6,반등,3.0,22.8,31.7,32.9,21.6,2023
대구,27,남구,27200,고,대구여자상업고등학교,사립,대구여자상업고등학교,UzAzMDAwMDI5OQ==,20.0,22.1,29.2,20.7,17.6,21.9,연속↓,3.2,19.9,22.7,27.2,20.8,18.2,21.8,연속↓,2.6,16.2,23.6,18.9,48.7,2023
대구,27,남구,27200,고,대구고등학교,공립,대구고등학교,UzAzMDAwMDI4NA==,17.9,13.6,11.9,15.3,16.9,15.1,연속↑,1.6,18.3,13.2,11.8,14.5,17.6,15.1,연속↑,3.1,12.5,25.6,21.4,31.4,2021
대구,27,남구,27200,고,경일여자고등학교,사립,대구광역시 남구 봉덕동,UzAzMDAwMDI2Ng==,34.9,26.8,12.8,12.0,16.5,20.6,반등,4.6,33.8,25.6,11.7,11.2,15.6,19.6,반등,4.4,25.0,16.0,24.4,6.4,2021
대구,27,남구,27200,고,경상공업고등학교,사립,대구광역시 남구 대명동,UzAzMDAwMDI1OA==,10.5,9.8,15.5,14.7,15.2,13.1,반등,0.5,10.2,9.7,15.6,15.2,13.2,12.8,연속↓,2.0,34.6,19.2,31.9,48.1,2023
대구,27,남구,27200,고,경북여자상업고등학교,사립,경북여자상업고등학교,UzAzMDAwMDI1NQ==,17.0,16.4,12.9,14.8,13.5,14.9,하락,1.3,17.3,16.8,12.9,13.9,12.9,14.8,하락,0.9,26.8,13.2,17.3,33.3,2021
대구,27,남구,27200,고,경북예술고등학교,사립,경북예술고등학교,UzAzMDAwMDI1Ng==,15.4,16.8,8.5,10.2,9.5,12.1,하락,0.8,13.8,15.0,7.7,9.2,8.8,10.9,하락,0.4,24.1,10.3,26.5,76.7,2022
대구,27,군위군,27720,중,의흥중학교,공립,대구광역시 군위군 의흥면,UzAzMDAwMjE3OQ==,,,28.3,31.8,28.3,29.5,하락,3.4,,,28.6,31.8,28.6,29.7,하락,3.3,40.0,40.0,30.0,40.0,2024
대구,27,군위군,27720,중,군위중학교,공립,대구광역시 군위군 군위읍,UzAzMDAwMjE3NA==,,,20.3,24.2,22.8,22.4,하락,1.5,,,20.1,23.8,22.5,22.2,하락,1.2,31.4,25.7,22.9,50.7,2024
대구,27,군위군,27720,중,군위중학교우보분교장,공립,대구광역시 군위군 우보면,UzAzMDAwMjE3Ng==,,,16.7,8.3,16.7,13.9,반등,8.3,,,21.4,10.7,21.4,17.9,반등,10.7,0.0,50.0,0.0,0.0,2025
대구,27,군위군,27720,중,부계중학교,공립,대구광역시 군위군 부계면,UzAzMDAwMjE4MA==,,,39.2,16.4,8.3,21.3,연속↓,8.1,,,43.6,18.5,10.0,24.0,연속↓,8.5,20.0,60.0,0.0,33.3,2023
대구,27,군위군,27720,중,부계중학교효령분교장,공립,대구광역시 군위군 효령면,UzAzMDAwMjE4MQ==,,,48.3,28.1,8.3,28.3,연속↓,19.8,,,51.1,30.4,8.9,30.1,연속↓,21.4,16.7,33.3,16.7,66.7,2023
대구,27,군위군,27720,고,군위고등학교,공립,대구광역시 군위군 군위읍,UzAzMDAwMjE3Mg==,,,6.8,7.0,17.3,10.4,연속↑,10.3,,,7.5,6.9,16.7,10.4,반등,9.8,17.6,22.0,25.3,44.6,2025
인천,28,연수구,28185,중,박문중학교,사립,인천광역시 연수구 송도과학로51번길,UzA0MDAwMDQzOQ==,45.0,34.5,48.7,41.3,43.4,42.6,반등,2.1,43.7,33.0,48.4,40.7,44.0,42.0,반등,3.3,35.0,59.3,65.9,19.7,2023
인천,28,연수구,28185,중,인천예송중학교,공립,인천예송중학교,UzA0MDAwMjA1NA==,49.2,33.7,50.5,46.7,45.0,45.0,연속↓,1.7,49.0,33.2,49.9,44.8,43.3,44.0,연속↓,1.5,56.8,37.0,58.4,28.3,2023
인천,28,연수구,28185,중,인천신정중학교,공립,인천신정중학교,UzA0MDAwMjAyMQ==,46.2,30.3,50.5,49.7,44.1,44.1,연속↓,5.6,45.8,30.4,50.5,49.0,42.6,43.7,연속↓,6.4,58.8,45.2,59.4,25.9,2023
인천,28,연수구,28185,중,신송중학교,공립,인천광역시 연수구 송도동,UzA0MDAwMTc5MA==,29.1,31.6,37.7,33.5,42.0,34.8,반등,8.5,28.8,30.5,37.1,32.5,41.7,34.1,반등,9.2,52.6,41.0,40.0,27.0,2025
인천,28,연수구,28185,중,인천현송중학교,공립,인천현송중학교,UzA0MDAwMjMwNw==,,30.5,35.6,39.7,41.3,36.8,연속↑,1.6,,29.9,35.9,39.8,40.7,36.6,연속↑,0.9,38.8,48.2,58.2,26.0,2025
인천,28,연수구,28185,중,능허대중학교,공립,인천광역시 연수구 송도동,UzA0MDAwMTcyMw==,34.1,28.9,35.7,36.9,40.6,35.2,연속↑,3.7,34.3,28.9,35.7,36.2,39.4,34.9,연속↑,3.2,49.0,40.5,52.8,30.7,2025
인천,28,연수구,28185,중,인천해송중학교,공립,인천해송중학교,UzA0MDAwMTk3Mw==,35.2,28.8,41.5,45.5,38.3,37.8,하락,7.2,35.8,28.6,39.9,44.5,38.9,37.5,하락,5.6,41.4,52.7,42.4,27.1,2024
인천,28,연수구,28185,중,인천여자중학교,공립,인천여자중학교,UzA0MDAwMDYzNA==,30.8,19.9,29.6,32.0,35.0,29.5,연속↑,3.0,30.3,19.3,29.3,31.5,35.7,29.2,연속↑,4.3,39.5,48.9,41.9,44.3,2025
인천,28,연수구,28185,중,인천미송중학교,공립,인천미송중학교,UzA0MDAwMjI5Nw==,21.6,25.3,37.9,32.2,33.5,30.1,반등,1.4,20.9,24.8,37.9,31.4,32.1,29.4,반등,0.7,40.8,29.5,42.7,40.3,2023
인천,28,연수구,28185,중,인천은송중학교,공립,인천은송중학교,UzA0MDAwMjM1Ng==,,,,,32.1,32.1,-,,,,,,31.5,31.5,-,,29.1,36.7,53.3,59.4,2025
인천,28,연수구,28185,중,선학중학교,공립,인천광역시 연수구선학동,UzA0MDAwMDYyOA==,26.5,20.8,21.8,27.1,27.1,24.7,→보합,,27.2,20.8,22.6,27.3,27.5,25.1,연속↑,0.2,26.8,42.0,34.3,31.5,2025
인천,28,연수구,28185,중,연성중학교,공립,인천광역시 연수구 동춘3동,UzA0MDAwMDYzMA==,29.0,23.7,25.4,24.2,26.0,25.7,반등,1.8,30.3,24.0,25.4,23.3,25.6,25.7,반등,2.3,33.1,28.5,41.1,34.6,2021
인천,28,연수구,28185,중,인천중학교,공립,인천중학교,UzA0MDAwMDYzNg==,28.8,21.1,25.2,19.6,25.1,24.0,반등,5.5,28.7,21.9,26.4,18.9,25.5,24.3,반등,6.6,27.1,32.2,27.6,55.9,2021
인천,28,연수구,28185,중,연화중학교,공립,인천광역시 연수구 연수동,UzA0MDAwMDYzMg==,30.0,21.2,24.2,24.7,24.3,24.9,하락,0.4,29.9,20.8,24.2,24.6,24.4,24.8,하락,0.2,22.6,28.4,33.5,52.2,2021
인천,28,연수구,28185,중,청량중학교,공립,인천 연수구 동춘동,UzA0MDAwMDYzNw==,27.1,21.3,27.7,28.1,23.6,25.6,하락,4.5,26.8,21.4,27.5,28.1,23.6,25.5,하락,4.5,30.3,29.6,25.8,36.9,2024
인천,28,연수구,28185,중,연수중학교,공립,인천광역시 연수구 연수동,UzA0MDAwMDYzMQ==,22.9,16.3,18.9,18.2,22.3,19.7,반등,4.1,23.5,16.5,19.5,18.5,22.6,20.1,반등,4.0,25.0,26.4,38.0,57.1,2021
인천,28,연수구,28185,중,인송중학교,공립,인천광역시 연수구옥련동,UzA0MDAwMDYzMw==,23.1,18.7,31.0,25.1,18.5,23.3,연속↓,6.6,22.8,18.4,30.1,24.7,18.3,22.9,연속↓,6.4,17.7,22.0,24.6,49.5,2023
인천,28,연수구,28185,중,청학중학교,공립,인천 연수구 함박뫼로,UzA0MDAwMDYzOA==,23.5,23.3,18.1,19.1,16.5,20.1,하락,2.6,23.9,22.7,18.3,19.1,16.6,20.1,하락,2.5,21.4,26.5,19.7,66.0,2021
인천,28,연수구,28185,중,옥련중학교,공립,인천 연수구 옥련동,UzA0MDAwMDYzNQ==,28.2,19.1,17.5,24.1,15.9,21.0,하락,8.2,29.0,18.8,17.5,24.0,15.9,21.0,하락,8.2,18.3,18.9,26.3,56.8,2021
인천,28,연수구,28185,중,함박중학교,공립,인천광역시 연수구 청학동,UzA0MDAwMTY5NQ==,22.6,17.7,18.2,17.2,14.5,18.0,연속↓,2.7,22.2,17.9,18.2,17.6,14.2,18.0,연속↓,3.4,21.0,18.0,19.7,59.5,2021
인천,28,연수구,28185,고,송도고등학교,사립,인천광역시 연수구 옥련동,UzA0MDAwMDIzNg==,19.0,27.8,24.7,25.1,50.8,29.5,연속↑,25.8,17.7,27.0,25.5,24.9,51.0,29.2,반등,26.1,59.8,63.2,57.6,3.2,2025
인천,28,연수구,28185,고,인천대건고등학교,사립,인천대건고등학교,UzA0MDAwMDI2Mw==,24.9,26.8,26.5,25.4,41.7,29.1,반등,16.3,24.9,28.1,26.1,25.5,42.2,29.3,반등,16.6,66.2,51.7,29.3,14.8,2025
인천,28,연수구,28185,고,인천포스코고등학교,사립,인천포스코고등학교,UzA0MDAwMjI0NA==,32.6,21.3,24.4,22.6,38.0,27.8,반등,15.4,30.4,19.5,21.8,20.1,37.8,25.9,반등,17.6,56.2,37.3,41.1,0.4,2025
인천,28,연수구,28185,고,옥련여자고등학교,공립,인천 연수구 옥련동,UzA0MDAwMTcwOA==,25.0,21.4,23.3,18.3,30.4,23.7,반등,12.1,24.2,21.0,22.7,17.4,33.2,23.7,반등,15.9,23.2,55.9,22.8,5.0,2025
인천,28,연수구,28185,고,연수여자고등학교,공립,인천광역시 연수구 동춘동,UzA0MDAwMDI0MA==,13.7,24.9,26.4,27.1,31.3,24.7,연속↑,4.3,13.6,23.6,26.2,26.0,30.5,24.0,반등,4.5,36.4,26.6,38.4,13.5,2025
인천,28,연수구,28185,고,연수고등학교,공립,인천광역시 연수구 연수2동,UzA0MDAwMDIzOQ==,5.1,5.9,24.6,17.4,26.2,15.8,반등,8.8,5.3,6.0,23.9,17.2,26.8,15.8,반등,9.6,31.4,34.2,25.9,3.9,2025
인천,28,연수구,28185,고,인천해송고등학교,공립,인천해송고등학교,UzA0MDAwMTk3Mg==,24.8,16.4,25.4,23.2,27.0,23.4,반등,3.8,22.8,16.1,24.1,21.0,25.8,22.0,반등,4.8,30.2,26.7,35.8,1.3,2025
인천,28,연수구,28185,고,신송고등학교,공립,인천광역시 연수구 송도동,UzA0MDAwMTc4Nw==,23.7,16.6,23.5,15.9,25.2,21.0,반등,9.4,23.1,16.4,22.9,15.9,25.1,20.7,반등,9.2,31.4,30.5,22.7,5.0,2025
인천,28,연수구,28185,고,인천연송고등학교,공립,인천연송고등학교,UzA0MDAwMjA4Mw==,14.4,19.7,21.2,25.7,21.1,20.4,하락,4.6,13.5,18.9,21.1,24.6,20.5,19.7,하락,4.1,36.6,19.9,21.4,6.5,2024
인천,28,연수구,28185,고,박문여자고등학교,사립,인천광역시 연수구 송도과학로51번길,UzA0MDAwMDI2NQ==,55.6,47.2,33.2,42.1,19.7,39.6,하락,22.4,57.4,48.6,32.1,41.9,20.2,40.0,하락,21.7,22.5,37.3,22.9,2.0,2021
인천,28,연수구,28185,고,인천뷰티예술고등학교,공립,인천뷰티예술고등학교,UzA0MDAwMDI3MQ==,21.9,22.6,20.6,14.5,19.4,19.8,반등,4.9,20.6,22.6,20.8,13.7,18.8,19.3,반등,5.1,20.8,15.3,29.3,18.1,2022
인천,28,연수구,28185,고,인천생활과학고등학교,공립,인천생활과학고등학교,UzA0MDAwMDI2Nw==,15.5,12.1,9.3,18.9,18.2,14.8,하락,0.7,16.5,11.3,9.3,17.9,18.1,14.6,연속↑,0.3,20.0,21.3,22.4,31.7,2025
인천,28,연수구,28185,고,인천여자고등학교,공립,인천여자고등학교,UzA0MDAwMDI2OQ==,12.3,17.8,25.9,20.5,16.8,18.7,연속↓,3.6,11.9,17.4,26.6,19.8,16.7,18.5,연속↓,3.1,26.1,24.1,19.3,11.6,2023
인천,28,연수구,28185,고,인천바이오과학고등학교,공립,인천바이오과학고등학교,UzA0MDAwMDI5Mg==,6.3,7.2,4.4,4.3,14.9,7.4,반등,10.6,6.2,7.3,4.3,4.0,14.6,7.3,반등,10.6,15.6,15.7,18.3,41.8,2025
인천,28,연수구,28185,고,인천해양과학고등학교,공립,인천해양과학고등학교,UzA0MDAwMDI4Mw==,10.2,19.4,18.8,20.6,11.1,16.0,하락,9.5,10.9,19.2,18.0,19.8,12.1,16.0,하락,7.7,6.8,23.3,11.3,41.2,2024
인천,28,강화군,28710,중,서도중학교,공립,인천광역시 강화군 서도면,UzA0MDAwMDMyNg==,16.7,19.4,25.0,0.0,50.0,22.2,반등,50.0,14.3,16.7,21.4,0.0,57.1,21.9,반등,57.1,100.0,100.0,0.0,0.0,2025
인천,28,강화군,28710,중,강화여자중학교,공립,인천광역시 강화군 강화읍,UzA0MDAwMDMyMA==,16.3,18.3,25.2,25.1,31.2,23.2,반등,6.0,15.7,17.5,23.8,24.0,29.2,22.1,연속↑,5.2,40.4,31.7,48.7,48.8,2025
인천,28,강화군,28710,중,강서중학교,공립,인천광역시 강화군 하점면,UzA0MDAwMDMxOA==,21.6,17.8,18.8,15.5,27.8,20.3,반등,12.3,21.4,18.1,19.1,14.4,26.9,20.0,반등,12.5,45.5,33.3,33.3,66.7,2025
인천,28,강화군,28710,중,승영중학교,사립,인천광역시 강화군 삼산면,UzA0MDAwMDMyNQ==,23.1,34.1,27.8,22.4,25.4,26.6,반등,3.0,22.2,34.0,28.1,21.2,24.9,26.1,반등,3.7,33.3,26.9,31.8,22.2,2022
인천,28,강화군,28710,중,동광중학교,사립,인천광역시 강화군 양도면,UzA0MDAwMDMyMw==,12.9,16.0,16.7,11.5,22.8,16.0,반등,11.4,14.1,16.1,18.1,12.5,23.5,16.9,반등,10.9,17.6,36.8,36.8,42.1,2025
인천,28,강화군,28710,중,심도중학교,공립,인천광역시 강화군 화도면,UzA0MDAwMDMyOQ==,16.2,19.2,28.6,18.8,22.5,21.0,반등,3.7,15.6,18.2,28.8,17.5,21.9,20.4,반등,4.4,28.6,28.6,31.6,63.2,2023
인천,28,강화군,28710,중,교동중학교,공립,인천광역시 강화군 교동면,UzA0MDAwMDMyMg==,9.8,17.6,15.0,15.3,20.6,15.7,연속↑,5.3,10.0,17.0,15.0,14.7,21.1,15.6,반등,6.4,25.0,42.9,28.6,57.1,2025
인천,28,강화군,28710,중,강화중학교,공립,인천광역시 강화군 강화읍,UzA0MDAwMDMyMQ==,20.2,18.2,25.2,22.1,21.0,21.3,연속↓,1.1,19.6,18.6,25.4,22.5,20.4,21.3,연속↓,2.2,20.0,22.9,41.1,52.1,2023
인천,28,강화군,28710,중,강남중학교,공립,인천광역시 강화군 길상면,UzA0MDAwMDMxNw==,26.4,17.1,18.8,16.6,17.1,19.2,반등,0.5,27.7,16.6,19.2,16.5,16.9,19.4,반등,0.4,16.0,26.0,36.0,43.9,2021
인천,28,강화군,28710,고,교동고등학교,공립,인천광역시 강화군 교동면,UzA0MDAwMDE5NA==,31.9,12.5,31.9,58.3,42.0,35.3,하락,16.4,29.9,10.7,31.9,57.1,41.6,34.2,하락,15.5,42.9,50.0,50.0,,2024
인천,28,강화군,28710,고,산마을고등학교,사립,인천광역시 강화군 양도면,UzA0MDAwMDE5NQ==,12.7,16.1,6.8,7.9,39.6,16.6,연속↑,31.7,12.2,18.4,7.3,8.3,38.7,17.0,연속↑,30.4,54.5,50.0,40.0,16.7,2025
인천,28,강화군,28710,고,강화여자고등학교,공립,인천광역시 강화군 강화읍,UzA0MDAwMDE4NA==,24.2,27.9,25.0,27.7,36.3,28.2,연속↑,8.6,23.0,27.4,24.4,26.7,36.8,27.7,연속↑,10.1,31.4,41.6,39.6,9.7,2025
인천,28,강화군,28710,고,한국글로벌셰프고등학교,사립,인천 강화군 내가면,UzA0MDAwMDIyNQ==,25.7,18.5,21.3,15.2,27.5,21.6,반등,12.3,24.2,18.0,21.9,14.2,29.0,21.5,반등,14.9,36.0,40.0,22.7,13.5,2025
인천,28,강화군,28710,고,서도고등학교,공립,인천광역시 강화군 서도면,UzA0MDAwMDIyOA==,33.3,16.7,0.0,,100.0,37.5,-,100.0,28.6,14.3,0.0,,28.6,17.9,-,28.6,100.0,,100.0,,2025
인천,28,강화군,28710,고,강남영상미디어고등학교,공립,인천광역시 강화군 길상면,UzA0MDAwMDE4Mg==,5.4,2.3,12.0,7.0,31.4,11.6,반등,24.4,5.0,2.0,11.8,7.2,28.1,10.8,반등,20.9,32.8,9.8,59.0,65.6,2025
인천,28,강화군,28710,고,강화고등학교,공립,인천광역시 강화군 국화리,UzA0MDAwMDE4Mw==,33.6,29.0,29.3,16.3,22.2,26.1,반등,5.9,32.8,28.1,27.3,16.3,22.2,25.3,반등,6.0,23.9,23.3,24.5,21.4,2021
인천,28,강화군,28710,고,덕신고등학교,사립,인천광역시 강화군 강화읍,UzA0MDAwMDIwMg==,5.7,6.7,7.7,6.3,11.6,7.6,반등,5.4,5.0,6.3,7.8,6.5,11.7,7.5,반등,5.2,15.1,14.9,11.0,54.8,2025
인천,28,부평구,28237,중,진산중학교,공립,인천광역시 부평구 삼산동,UzA0MDAwMTgwNg==,45.6,29.3,44.8,38.4,38.0,39.2,연속↓,0.4,44.5,28.7,44.0,37.4,36.1,38.1,연속↓,1.2,50.0,32.9,43.6,41.3,2021
인천,28,부평구,28237,중,구산중학교,공립,인천광역시 부평구 부개3동,UzA0MDAwMDc2NQ==,32.8,25.0,34.4,30.2,35.7,31.6,반등,5.5,31.3,24.3,33.8,29.5,35.9,31.0,반등,6.3,40.5,41.9,45.3,27.4,2025
인천,28,부평구,28237,중,부평서중학교,공립,인천광역시 부평구 산곡3동,UzA0MDAwMDc3OA==,24.2,20.7,20.0,25.0,33.8,24.8,연속↑,8.8,24.1,20.2,18.7,26.0,34.3,24.7,연속↑,8.4,39.8,40.4,36.0,44.8,2025
인천,28,부평구,28237,중,산곡여자중학교,공립,인천광역시 부평구 산곡2동,UzA0MDAwMDc4Ng==,43.1,23.9,36.5,34.7,33.3,34.3,연속↓,1.4,41.7,22.9,36.3,34.0,32.6,33.5,연속↓,1.4,44.5,36.2,42.6,34.6,2021
인천,28,부평구,28237,중,부원여자중학교,공립,인천광역시 부평구 부평동,UzA0MDAwMDc3Mg==,36.9,23.6,34.6,32.8,30.5,31.7,연속↓,2.3,37.9,23.6,34.3,32.4,30.3,31.7,연속↓,2.1,31.7,34.3,43.2,34.4,2021
인천,28,부평구,28237,중,산곡남중학교,공립,인천광역시 부평구산곡2동,UzA0MDAwMDc4NQ==,28.0,21.2,33.9,29.5,28.2,28.1,연속↓,1.4,28.4,21.7,33.5,29.1,27.8,28.1,연속↓,1.3,33.6,29.0,33.2,34.3,2023
인천,28,부평구,28237,중,산곡중학교,공립,인천광역시 부평구 산곡1동,UzA0MDAwMDc4Nw==,31.4,23.7,33.2,31.5,26.9,29.3,연속↓,4.6,31.9,23.9,33.2,31.3,27.1,29.5,연속↓,4.2,20.3,34.4,44.7,34.0,2023
인천,28,부평구,28237,중,삼산중학교,공립,인천광역시 부평구 삼산동,UzA0MDAwMTgwNQ==,24.8,20.2,25.3,25.7,25.7,24.3,→보합,,24.7,20.3,26.2,26.0,25.9,24.6,연속↓,0.1,25.2,39.0,35.1,34.2,2023
인천,28,부평구,28237,중,부평서여자중학교,공립,인천광역시 부평구 십정동,UzA0MDAwMDc3Nw==,29.2,19.8,26.6,23.0,25.7,24.9,반등,2.7,29.5,19.5,26.8,24.4,25.3,25.1,반등,0.8,25.8,23.5,34.1,38.8,2021
인천,28,부평구,28237,중,부평여자중학교,공립,인천광역시 부평구 부개2동,UzA0MDAwMDc3OQ==,21.1,21.7,27.1,26.0,27.0,24.6,반등,1.0,20.8,21.3,26.8,24.5,25.0,23.7,반등,0.5,47.2,17.9,37.9,51.7,2023
인천,28,부평구,28237,중,부일중학교,공립,인천광역시 부평구 삼산동,UzA0MDAwMDc3NQ==,21.0,16.9,28.9,27.7,24.7,23.8,연속↓,3.1,20.7,16.9,27.8,27.4,24.6,23.5,연속↓,2.7,26.5,26.7,30.8,48.6,2023
인천,28,부평구,28237,중,부광중학교,공립,인천광역시 부평구부개3동,UzA0MDAwMDc3MQ==,21.6,20.6,23.0,25.1,24.6,23.0,하락,0.5,20.7,19.7,22.3,24.1,24.4,22.2,연속↑,0.2,24.9,30.6,32.1,43.1,2025
인천,28,부평구,28237,중,부원중학교,공립,인천광역시 부평구 부평동,UzA0MDAwMDc3Mw==,30.5,19.9,30.7,29.0,24.7,27.0,연속↓,4.2,31.1,19.9,31.0,28.7,24.2,27.0,연속↓,4.5,29.7,25.6,33.0,38.5,2021
인천,28,부평구,28237,중,부평동중학교,공립,인천광역시 부평구 부개2동,UzA0MDAwMDc3Ng==,21.7,23.1,30.1,22.3,21.7,23.8,연속↓,0.6,20.9,22.2,29.7,21.9,22.9,23.5,반등,1.0,19.8,34.9,23.9,54.5,2023
인천,28,부평구,28237,중,부흥중학교,공립,인천 부평구 부개동,UzA0MDAwMDc4MQ==,24.2,15.5,24.8,28.8,22.7,23.2,하락,6.1,24.6,15.5,25.2,29.4,22.8,23.5,하락,6.6,28.3,24.3,23.5,51.2,2024
인천,28,부평구,28237,중,부평중학교,공립,인천광역시 부평구 부평동,UzA0MDAwMDc4MA==,33.0,17.1,24.1,26.0,22.5,24.5,하락,3.5,32.2,17.0,23.8,26.0,22.3,24.3,하락,3.7,33.7,24.7,32.1,45.5,2021
인천,28,부평구,28237,중,갈산중학교,공립,인천광역시 부평구 갈산동,UzA0MDAwMDc1OQ==,30.3,22.0,27.6,23.6,22.2,25.1,연속↓,1.4,29.5,21.4,27.6,23.4,21.7,24.7,연속↓,1.7,19.3,26.9,38.7,48.3,2021
인천,28,부평구,28237,중,청천중학교,공립,인천광역시 부평구청천2동,UzA0MDAwMDc5OQ==,21.9,18.6,19.6,18.1,22.0,20.0,반등,3.9,21.2,18.1,19.4,17.4,21.7,19.6,반등,4.3,26.4,31.3,26.8,53.5,2025
인천,28,부평구,28237,중,인천상정중학교,공립,인천상정중학교,UzA0MDAwMTgxNA==,25.3,18.0,21.9,17.4,21.6,20.8,반등,4.3,25.3,17.8,22.4,17.3,20.9,20.7,반등,3.6,53.4,28.3,24.5,43.2,2021
인천,28,부평구,28237,중,동암중학교,공립,인천광역시 부평구 십정2동,UzA0MDAwMDc2Nw==,21.2,17.8,21.2,19.6,18.9,19.7,연속↓,0.7,21.9,18.0,21.2,20.2,18.5,20.0,연속↓,1.6,28.0,27.4,25.5,67.0,2021
인천,28,부평구,28237,중,인천동수중학교,공립,인천동수중학교,UzA0MDAwMDc3NA==,20.9,16.9,25.4,22.3,17.3,20.6,연속↓,5.0,20.5,17.0,25.6,22.4,16.4,20.4,연속↓,6.0,23.8,20.1,30.2,77.4,2023
인천,28,부평구,28237,고,인천진산과학고등학교,공립,인천진산과학고등학교,UzA0MDAwMTgxMg==,75.5,78.8,76.9,68.1,68.1,73.5,→보합,0.1,73.7,78.4,76.7,68.9,68.9,73.3,→보합,,86.6,76.8,52.4,,2022
인천,28,부평구,28237,고,인천외국어고등학교,사립,인천외국어고등학교,UzA0MDAwMDI0NA==,66.1,58.8,64.7,71.0,65.3,65.2,하락,5.7,64.0,58.8,63.3,69.1,62.9,63.6,하락,6.3,87.6,58.4,68.8,1.7,2024
인천,28,부평구,28237,고,세일고등학교,사립,인천광역시 부평구 산곡동,UzA0MDAwMDIzNQ==,25.5,28.0,26.2,30.2,43.3,30.7,연속↑,13.1,24.7,29.0,26.8,30.6,42.9,30.8,연속↑,12.3,72.5,44.9,38.3,12.7,2025
인천,28,부평구,28237,고,명신여자고등학교,사립,인천광역시 부평구 산곡1동,UzA0MDAwMDIwNw==,34.5,26.4,26.6,35.1,36.5,31.8,연속↑,1.4,32.1,25.0,25.8,34.5,38.4,31.2,연속↑,3.9,38.5,67.4,36.4,6.4,2025
인천,28,부평구,28237,고,삼산고등학교,공립,인천광역시 부평구 삼산동,UzA0MDAwMDIyNw==,18.6,29.7,30.5,28.5,38.7,29.2,반등,10.2,19.3,29.7,28.4,26.2,36.2,27.9,반등,10.0,55.1,21.2,49.7,22.7,2025
인천,28,부평구,28237,고,부평여자고등학교,공립,인천광역시 부평구 부평동,UzA0MDAwMDIyMA==,26.3,24.4,20.0,32.3,35.0,27.6,연속↑,2.6,26.9,24.1,19.9,30.2,34.8,27.2,연속↑,4.7,44.4,36.7,35.7,5.1,2025
인천,28,부평구,28237,고,부평고등학교,공립,인천광역시 부평구 부평4동,UzA0MDAwMDIxNw==,23.2,29.1,33.9,26.0,32.2,28.9,반등,6.3,22.5,29.7,33.5,26.0,32.7,28.9,반등,6.8,30.4,36.3,41.0,17.6,2023
인천,28,부평구,28237,고,인천부흥고등학교,공립,인천부흥고등학교,UzA0MDAwMTcxNA==,22.0,25.3,25.4,24.4,32.3,25.9,반등,8.0,22.0,25.3,25.3,24.8,32.4,26.0,반등,7.6,47.4,38.9,23.2,4.7,2025
인천,28,부평구,28237,고,부개여자고등학교,공립,인천광역시 부평구 부개3동,UzA0MDAwMDIxNA==,23.8,20.3,29.0,32.0,28.5,26.7,하락,3.5,23.1,20.0,30.2,32.6,29.5,27.1,하락,3.1,20.4,38.9,36.8,,2024
인천,28,부평구,28237,고,인천산곡고등학교,공립,인천산곡고등학교,UzA0MDAwMTcxMw==,20.7,27.1,19.4,20.5,27.7,23.1,연속↑,7.3,21.5,28.4,20.5,20.2,25.5,23.2,반등,5.3,45.7,12.5,28.8,10.9,2022
인천,28,부평구,28237,고,제일고등학교,사립,인천광역시 부평구십정동,UzA0MDAwMDI5MQ==,13.9,15.1,17.7,18.0,24.7,17.9,연속↑,6.7,13.8,14.3,18.2,17.2,24.3,17.6,반등,7.1,33.9,24.6,24.6,12.6,2025
인천,28,부평구,28237,고,부광여자고등학교,공립,인천광역시 부평구부개3동,UzA0MDAwMDIxNg==,14.5,22.6,19.8,18.0,21.6,19.3,반등,3.6,13.8,21.3,20.4,18.5,21.7,19.1,반등,3.3,18.3,27.2,26.2,3.3,2025
인천,28,부평구,28237,고,인천영선고등학교,공립,인천영선고등학교,UzA0MDAwMTgwNw==,26.0,24.7,28.6,27.0,21.1,25.5,연속↓,5.9,27.4,24.9,27.9,26.1,21.4,25.5,연속↓,4.7,22.8,29.7,29.2,22.3,2023
인천,28,부평구,28237,고,인평자동차고등학교,사립,인천광역시 부평구 산곡3동,UzA0MDAwMDI4NA==,21.0,28.0,17.0,18.8,21.3,21.2,연속↑,2.5,23.1,29.3,18.0,18.9,20.5,21.9,연속↑,1.5,31.6,19.3,31.9,2.7,2022
인천,28,부평구,28237,고,부개고등학교,공립,인천광역시 부평구 부개동,UzA0MDAwMTcxMg==,21.4,18.6,22.1,16.8,19.1,19.6,반등,2.3,22.6,18.4,22.8,15.9,18.9,19.7,반등,3.0,22.7,22.7,22.5,7.9,2023
인천,28,부평구,28237,고,인천상정고등학교,공립,인천상정고등학교,UzA0MDAwMTk2Mw==,27.5,28.7,30.3,22.5,17.8,25.4,연속↓,4.7,27.8,30.0,30.6,22.4,18.5,25.9,연속↓,4.0,16.9,39.7,19.6,38.9,2023
인천,28,부평구,28237,고,부광고등학교,공립,인천광역시 부평구 산곡동,UzA0MDAwMDIxNQ==,17.4,16.6,23.7,30.7,18.2,21.3,하락,12.5,17.7,16.5,24.6,32.1,18.0,21.8,하락,14.1,23.1,18.3,23.0,6.4,2024
인천,28,부평구,28237,고,부평공업고등학교,공립,인천광역시 부평구 갈산동,UzA0MDAwMDIxOA==,7.5,7.6,12.0,7.0,13.4,9.5,반등,6.4,7.6,8.7,12.0,7.8,11.8,9.6,반등,3.9,35.9,23.1,28.2,52.0,2023
인천,28,부평구,28237,고,인천미래생활고등학교,공립,인천미래생활고등학교,UzA0MDAwMDIyMQ==,17.1,17.2,5.8,5.1,9.7,10.9,반등,4.6,17.1,17.2,5.8,5.1,9.8,11.0,반등,4.7,10.2,11.1,12.1,58.6,2022
인천,28,중구,28110,중,영종중학교,공립,인천광역시 중구 운남동,UzA0MDAwMDQzMA==,33.7,24.2,30.8,36.2,35.1,32.0,하락,1.1,33.8,23.6,31.1,34.9,34.0,31.5,하락,0.9,46.4,35.4,50.9,36.6,2024
인천,28,중구,28110,중,인천운서중학교,공립,인천운서중학교,UzA0MDAwMjM1MA==,,,,29.9,30.5,30.2,상승,0.6,,,,27.2,29.4,28.3,상승,2.2,32.2,28.0,50.3,55.9,2025
인천,28,중구,28110,중,인성여자중학교,사립,인천광역시 중구송학동2가,UzA0MDAwMDQzNQ==,17.6,20.7,27.3,29.2,27.7,24.5,하락,1.5,17.7,19.6,27.7,28.5,27.3,24.2,하락,1.2,44.8,31.5,35.6,38.3,2024
인천,28,중구,28110,중,인천하늘중학교,공립,인천하늘중학교,UzA0MDAwMjE0OQ==,22.8,22.9,22.6,25.5,28.3,24.4,연속↑,2.8,23.1,22.5,22.8,26.2,27.1,24.4,연속↑,0.9,32.1,24.4,41.4,46.6,2025
인천,28,중구,28110,중,인천중산중학교,공립,인천중산중학교,UzA0MDAwMjI4NA==,30.9,24.7,33.9,30.8,27.6,29.6,연속↓,3.2,31.0,24.3,33.2,30.3,26.6,29.1,연속↓,3.7,44.0,31.4,35.1,41.4,2023
인천,28,중구,28110,중,신흥여자중학교,공립,인천광역시 중구 신흥동3가,UzA0MDAwMDQyNw==,24.5,19.3,21.7,22.4,26.0,22.8,연속↑,3.6,24.4,19.1,22.7,23.1,25.8,23.0,연속↑,2.7,35.6,32.0,26.0,39.3,2025
인천,28,중구,28110,중,용유중학교,공립,인천광역시 중구 남북동,UzA0MDAwMDQzMg==,18.8,12.4,26.4,28.8,26.3,22.5,하락,2.6,18.3,11.4,25.3,28.1,24.4,21.5,하락,3.6,33.3,31.3,43.8,77.8,2024
인천,28,중구,28110,중,송도중학교,사립,인천광역시 중구 답동,UzA0MDAwMDQyNg==,30.2,15.7,13.5,19.0,23.6,20.4,연속↑,4.6,30.0,15.9,13.5,19.2,22.8,20.3,연속↑,3.6,32.6,23.9,32.6,59.3,2021
인천,28,중구,28110,중,인천공항중학교,공립,인천공항중학교,UzA0MDAwMDQzNg==,28.6,21.1,26.1,21.2,21.1,23.6,연속↓,0.1,27.7,21.1,24.9,20.5,20.9,23.0,반등,0.4,30.5,27.2,24.5,39.1,2021
인천,28,중구,28110,중,광성중학교,사립,인천광역시 중구 도원동,UzA0MDAwMDQxNA==,26.9,21.4,20.2,21.2,21.1,22.1,하락,0.1,26.3,20.6,20.1,20.8,20.2,21.6,하락,0.6,32.5,18.4,40.2,59.8,2021
인천,28,중구,28110,중,신흥중학교,공립,인천광역시 중구 신흥동3가,UzA0MDAwMDQyOA==,23.3,17.2,18.5,18.9,18.7,19.3,하락,0.2,23.4,17.4,18.0,18.9,18.8,19.3,하락,0.1,18.4,22.9,27.7,54.3,2021
인천,28,중구,28110,고,인천과학고등학교,공립,인천과학고등학교,UzA0MDAwMDI2MA==,75.3,79.0,85.1,85.5,74.3,79.8,하락,11.2,74.2,78.0,84.6,84.9,74.9,79.3,하락,9.9,74.1,79.0,82.7,3.7,2024
인천,28,중구,28110,고,인천하늘고등학교,사립,인천하늘고등학교,UzA0MDAwMjE2Mg==,6.9,10.9,19.8,19.0,54.4,22.2,반등,35.4,6.5,10.1,18.5,17.8,55.3,21.7,반등,37.5,53.1,67.1,65.0,,2025
인천,28,중구,28110,고,인천국제고등학교,공립,인천국제고등학교,UzA0MDAwMTgxNw==,26.2,21.8,25.4,31.8,27.4,26.5,하락,4.4,24.3,19.9,23.0,28.6,29.8,25.1,연속↑,1.3,10.8,62.1,36.7,0.7,2025
인천,28,중구,28110,고,광성고등학교,사립,인천광역시 중구 도원동,UzA0MDAwMDE5Mg==,19.8,15.5,16.0,25.2,29.0,21.1,연속↑,3.9,18.6,15.5,17.4,24.4,29.6,21.1,연속↑,5.3,34.0,46.5,23.6,21.5,2025
인천,28,중구,28110,고,인천중앙여자고등학교,사립,인천중앙여자고등학교,UzA0MDAwMDI3OQ==,7.7,16.3,7.3,10.9,28.2,14.1,연속↑,17.2,7.8,16.4,7.5,10.9,28.0,14.1,연속↑,17.2,39.0,28.1,24.5,4.3,2025
인천,28,중구,28110,고,인일여자고등학교,공립,인천광역시 중구 전동,UzA0MDAwMDI1Ng==,32.2,27.2,32.4,34.8,25.8,30.5,하락,9.1,30.5,27.1,30.7,34.4,26.7,29.9,하락,7.7,28.8,33.7,31.9,11.0,2024
인천,28,중구,28110,고,인천공항고등학교,공립,인천공항고등학교,UzA0MDAwMDI1OQ==,24.8,22.6,26.5,18.8,24.3,23.4,반등,5.5,25.3,22.9,25.6,18.2,22.4,22.9,반등,4.2,37.9,12.1,37.9,25.1,2023
인천,28,중구,28110,고,제물포고등학교,공립,인천광역시 중구전동,UzA0MDAwMDI4OQ==,26.1,27.4,17.4,14.1,23.3,21.7,반등,9.2,25.8,27.2,17.1,13.7,22.4,21.3,반등,8.7,27.2,18.2,36.7,41.5,2022
인천,28,중구,28110,고,인천중산고등학교,공립,인천중산고등학교,UzA0MDAwMjI5Ng==,17.2,12.2,16.7,16.8,20.7,16.7,연속↑,4.0,18.1,12.4,16.5,15.8,20.2,16.6,반등,4.3,29.2,18.3,27.9,3.5,2025
인천,28,중구,28110,고,인천영종고등학교,공립,인천영종고등학교,UzA0MDAwMjA5Mg==,18.2,13.7,11.3,18.0,20.0,16.2,연속↑,2.0,17.2,14.3,11.7,16.9,20.2,16.0,연속↑,3.2,19.0,22.2,23.4,6.3,2025
인천,28,중구,28110,고,인천해사고등학교,국립,인천해사고등학교,UzAwMDAwMzU0OQ==,10.1,7.9,12.2,9.7,18.5,11.7,반등,8.9,10.0,8.5,12.3,9.6,18.5,11.8,반등,8.9,21.2,21.8,38.5,22.0,2025
인천,28,중구,28110,고,인성여자고등학교,사립,인천광역시 중구 송학동2가,UzA0MDAwMDI1NQ==,12.3,12.4,19.5,24.8,19.1,17.6,하락,5.7,12.6,12.8,18.7,24.3,18.2,17.3,하락,6.1,31.6,13.2,16.3,24.1,2024
인천,28,중구,28110,고,영종국제물류고등학교,공립,인천광역시 중구운남동,UzA0MDAwMDI0NQ==,3.8,4.1,10.2,12.4,19.8,10.1,연속↑,7.4,3.5,3.9,10.0,11.3,18.2,9.4,연속↑,6.9,42.1,11.0,26.3,22.4,2025
인천,28,중구,28110,고,인천여자상업고등학교,공립,인천여자상업고등학교,UzA0MDAwMDI3Mw==,8.7,8.2,10.7,12.0,18.1,11.5,연속↑,6.1,9.5,8.0,10.7,12.2,15.5,11.2,연속↑,3.3,31.6,35.1,36.8,37.1,2025
인천,28,중구,28110,고,인천반도체고등학교,공립,인천반도체고등학교,UzA0MDAwMDI3Nw==,4.2,7.4,10.0,5.9,13.1,8.1,반등,7.2,4.0,7.0,9.3,5.5,12.5,7.7,반등,7.0,32.4,17.6,32.4,63.6,2025
인천,28,서구,28260,중,인천경연중학교,공립,인천경연중학교,UzA0MDAwMjI4OA==,26.9,22.2,31.8,30.9,37.7,29.9,반등,6.8,26.6,21.9,31.5,30.0,35.8,29.2,반등,5.8,43.4,29.3,58.5,32.9,2025
인천,28,서구,28260,중,인천청호중학교,공립,인천청호중학교,UzA0MDAwMjMzNg==,34.7,,37.8,40.2,36.6,37.3,하락,3.6,34.8,,36.9,39.5,35.5,36.7,하락,4.0,40.1,36.3,51.9,33.8,2024
인천,28,서구,28260,중,동인천여자중학교,공립,인천여자중학교,UzA0MDAwMDc2OA==,26.8,23.3,38.4,34.2,32.6,31.1,연속↓,1.6,27.5,23.3,38.0,33.9,33.5,31.2,연속↓,0.4,25.4,55.1,43.6,32.5,2023
인천,28,서구,28260,중,인천청람중학교,공립,인천청람중학교,UzA0MDAwMjA2Ng==,23.7,26.9,31.6,31.5,31.4,29.0,연속↓,0.2,23.0,26.4,32.6,30.9,31.3,28.8,반등,0.3,38.1,36.8,39.9,30.7,2023
인천,28,서구,28260,중,인천청라중학교,공립,인천청라중학교,UzA0MDAwMjAyNA==,29.7,31.5,28.1,28.5,30.3,29.6,연속↑,1.8,30.8,31.4,27.8,28.5,29.7,29.6,연속↑,1.2,40.1,30.6,38.3,35.3,2022
인천,28,서구,28260,중,원당중학교,공립,인천광역시 서구 원당동,UzA0MDAwMTc5OQ==,32.4,24.1,37.0,31.3,27.1,30.4,연속↓,4.2,31.2,23.7,36.5,30.3,26.5,29.6,연속↓,3.8,34.3,27.2,36.1,37.0,2023
인천,28,서구,28260,중,인천루원중학교,공립,인천루원중학교,UzA0MDAwMjMzMA==,,,18.3,23.8,25.5,22.5,연속↑,1.7,,,18.7,23.2,26.0,22.6,연속↑,2.8,25.4,31.0,33.7,33.7,2025
인천,28,서구,28260,중,인천이음중학교,공립,인천이음중학교,UzA0MDAwMjAzMQ==,,22.7,30.1,26.1,26.1,26.3,→보합,0.1,,22.9,29.3,25.8,25.8,25.9,→보합,,37.9,35.1,34.5,37.5,2023
인천,28,서구,28260,중,가정여자중학교,공립,인천광역시 서구 가좌4동,UzA0MDAwMDc1Nw==,31.0,24.8,34.0,24.0,25.0,27.7,반등,1.0,30.9,24.9,33.3,23.5,25.4,27.6,반등,1.9,33.3,33.3,31.1,48.9,2023
인천,28,서구,28260,중,인천아라중학교,공립,인천아라중학교,UzA0MDAwMjAyOQ==,,23.1,19.7,23.0,25.3,22.8,연속↑,2.3,,22.5,19.7,23.5,25.0,22.7,연속↑,1.5,30.8,27.2,39.2,36.1,2025
인천,28,서구,28260,중,백석중학교,공립,인천광역시 서구 백석동,UzA0MDAwMDc3MA==,26.7,19.0,24.0,22.1,23.8,23.1,반등,1.7,26.9,18.9,24.5,22.1,24.3,23.4,반등,2.2,20.4,34.0,35.3,43.5,2021
인천,28,서구,28260,중,검암중학교,공립,인천광역시 서구 검암동,UzA0MDAwMDc2MQ==,28.9,24.5,26.8,28.8,24.0,26.6,하락,4.8,28.6,23.5,26.4,28.6,23.9,26.2,하락,4.7,41.9,33.3,33.3,39.7,2024
인천,28,서구,28260,중,간재울중학교,공립,인천광역시 서구 검암동,UzA0MDAwMTcxOA==,19.8,16.1,18.6,17.9,23.9,19.2,반등,6.0,20.3,16.1,18.3,18.6,23.4,19.3,연속↑,4.8,27.5,25.2,36.3,46.9,2025
인천,28,서구,28260,중,인천해원중학교,공립,인천해원중학교,UzA0MDAwMjAzNg==,30.1,24.1,30.1,25.1,23.8,26.6,연속↓,1.3,30.8,24.6,31.1,25.1,23.0,26.9,연속↓,2.1,28.0,23.7,40.8,37.6,2023
인천,28,서구,28260,중,인천초은중학교,공립,인천초은중학교,UzA0MDAwMjAyNg==,21.9,20.8,23.2,25.6,23.4,23.0,하락,2.2,22.0,20.9,23.6,25.7,22.7,23.0,하락,3.0,22.8,23.5,41.8,42.1,2024
인천,28,서구,28260,중,신현여자중학교,공립,인천광역시 서구 신현동,UzA0MDAwMDc5MA==,27.9,20.2,23.9,21.0,21.9,23.0,반등,0.8,28.1,20.3,23.8,21.8,22.0,23.2,반등,0.2,32.7,30.8,35.7,45.2,2021
인천,28,서구,28260,중,마전중학교,공립,인천광역시 서구 마전동,UzA0MDAwMTc5OA==,21.0,21.3,25.9,27.0,22.8,23.6,하락,4.2,21.0,21.4,25.6,26.9,22.0,23.4,하락,4.9,24.7,29.3,34.2,54.3,2024
인천,28,서구,28260,중,불로중학교,공립,인천광역시 서구 불로동,UzA0MDAwMDc4NA==,27.0,18.6,22.8,21.4,21.4,22.2,→보합,,26.9,18.6,23.0,21.2,21.3,22.2,반등,0.1,28.6,28.3,34.7,43.2,2021
인천,28,서구,28260,중,인천당하중학교,공립,인천당하중학교,UzA0MDAwMTgwOA==,28.7,21.8,25.1,21.1,21.4,23.6,반등,0.3,29.0,21.7,24.7,20.4,21.1,23.4,반등,0.7,14.0,24.8,41.8,41.6,2021
인천,28,서구,28260,중,가좌중학교,공립,인천광역시 서구 가좌3동,UzA0MDAwMDc5NQ==,23.5,20.1,25.7,18.0,21.1,21.7,반등,3.0,24.0,20.6,26.1,18.1,21.0,21.9,반등,2.9,26.4,25.7,27.9,55.7,2023
인천,28,서구,28260,중,신현중학교,공립,인천광역시 서구 원창로131번길,UzA0MDAwMDc5MQ==,26.3,16.4,23.3,21.7,19.9,21.5,연속↓,1.8,26.5,16.3,23.9,22.5,20.5,21.9,연속↓,2.0,16.1,30.2,27.6,44.8,2021
인천,28,서구,28260,중,인천가현중학교,공립,인천가현중학교,UzA0MDAwMTg1NQ==,27.0,18.3,19.6,20.2,18.9,20.8,하락,1.3,27.5,18.3,19.3,20.7,19.2,21.0,하락,1.5,26.0,24.3,18.6,49.1,2021
인천,28,서구,28260,중,제물포중학교,공립,인천광역시 서구 가좌동,UzA0MDAwMDc5OA==,24.9,21.1,27.6,27.2,17.3,23.6,연속↓,9.9,23.7,20.2,26.2,26.6,16.9,22.7,하락,9.7,25.3,18.0,22.1,47.5,2024
인천,28,서구,28260,중,검단중학교,공립,인천광역시 서구 마전동,UzA0MDAwMDc2MA==,23.3,16.2,19.2,20.5,16.6,19.2,하락,3.9,22.9,15.6,18.9,20.1,16.5,18.8,하락,3.6,24.6,19.5,21.8,52.3,2021
인천,28,서구,28260,중,서곶중학교,공립,인천광역시 서구연희동,UzA0MDAwMDc4OA==,22.7,20.2,20.7,20.2,15.7,19.9,연속↓,4.5,22.2,20.0,20.9,20.3,16.1,19.9,연속↓,4.2,17.2,24.1,25.0,54.6,2021
인천,28,서구,28260,중,인천석남중학교,공립,인천석남중학교,UzA0MDAwMTk2NQ==,19.5,12.6,12.2,12.1,14.9,14.2,반등,2.8,20.2,12.6,12.0,12.0,14.2,14.2,상승,2.3,26.9,15.3,26.9,48.1,2021
인천,28,서구,28260,중,인천가좌여자중학교,공립,인천가좌여자중학교,UzA0MDAwMDc1OA==,20.4,14.3,16.2,16.0,13.0,16.0,연속↓,3.0,20.5,13.8,16.3,15.3,12.9,15.7,연속↓,2.5,23.8,14.5,17.8,61.5,2021
인천,28,서구,28260,고,인천원당고등학교,공립,인천원당고등학교,UzA0MDAwMTc4Ng==,14.3,21.2,23.8,30.2,36.6,25.2,연속↑,6.4,13.8,21.3,24.4,28.8,36.1,24.9,연속↑,7.3,50.5,53.4,50.5,9.8,2025
인천,28,서구,28260,고,가림고등학교,공립,인천광역시 서구 가좌동,UzA0MDAwMTY5Ng==,25.8,15.3,28.0,26.4,34.0,25.9,반등,7.6,25.6,15.5,26.3,25.1,34.6,25.4,반등,9.5,40.1,40.1,29.0,13.0,2025
인천,28,서구,28260,고,인천마전고등학교,공립,인천마전고등학교,UzA0MDAwMTgwOQ==,18.5,18.2,19.3,23.0,30.3,21.8,연속↑,7.4,18.3,18.1,18.2,22.2,29.2,21.2,연속↑,7.0,38.9,24.7,32.8,27.4,2025
인천,28,서구,28260,고,인천이음고등학교,공립,인천이음고등학교,UzA0MDAwMjM1NQ==,,,,,28.9,28.9,-,,,,,,29.0,29.0,-,,30.7,43.2,33.0,15.0,2025
인천,28,서구,28260,고,서인천고등학교,사립,인천고등학교,UzA0MDAwMDIzMA==,26.3,27.5,32.1,30.6,27.4,28.8,연속↓,3.2,26.9,27.7,31.6,29.4,27.4,28.6,연속↓,2.0,47.7,30.9,21.8,1.7,2023
인천,28,서구,28260,고,백석고등학교,공립,인천광역시 서구 백석동,UzA0MDAwMDIxMw==,18.8,15.7,13.0,20.6,25.2,18.6,연속↑,4.5,19.0,15.9,13.8,20.8,25.9,19.1,연속↑,5.1,18.2,34.8,43.2,10.6,2025
인천,28,서구,28260,고,대인고등학교,사립,인천광역시 서구 공촌동,UzA0MDAwMDE5OA==,20.6,20.6,19.5,20.1,25.3,21.2,연속↑,5.2,21.0,20.2,20.2,19.1,25.1,21.1,반등,6.0,29.6,30.6,27.1,13.5,2025
인천,28,서구,28260,고,인천신현고등학교,공립,인천신현고등학교,UzA0MDAwMTgyMA==,20.5,22.6,29.6,28.1,26.3,25.4,연속↓,1.8,20.7,21.4,29.7,27.9,25.0,24.9,연속↓,2.9,30.3,17.5,44.0,4.0,2023
인천,28,서구,28260,고,가좌고등학교,공립,인천광역시 서구 가좌동,UzA0MDAwMTcwOQ==,20.9,24.5,26.6,17.8,26.0,23.1,반등,8.2,22.0,24.4,24.4,17.1,24.4,22.5,반등,7.3,43.4,17.2,30.5,13.7,2025
인천,28,서구,28260,고,인천초은고등학교,공립,인천초은고등학교,UzA0MDAwMjAyNQ==,28.6,27.6,22.4,14.5,22.0,23.0,반등,7.4,28.1,28.7,21.2,14.5,23.8,23.3,반등,9.2,12.2,40.8,22.4,1.2,2022
인천,28,서구,28260,고,가정고등학교,공립,인천광역시 서구가정3동,UzA0MDAwMDE4MQ==,18.4,11.0,21.3,23.7,24.1,19.7,연속↑,0.4,19.7,11.4,20.0,22.6,23.6,19.5,연속↑,1.1,40.0,22.2,21.1,3.6,2025
인천,28,서구,28260,고,인천청라고등학교,공립,인천청라고등학교,UzA0MDAwMjAyMw==,25.7,19.7,34.5,22.6,23.7,25.2,반등,1.1,25.8,19.1,36.1,21.5,22.6,25.0,반등,1.1,35.3,19.1,31.2,16.6,2023
인천,28,서구,28260,고,인천해원고등학교,공립,인천해원고등학교,UzA0MDAwMjE2MQ==,22.1,21.0,30.0,26.2,21.5,24.2,연속↓,4.7,21.5,21.6,29.7,25.9,21.1,23.9,연속↓,4.7,14.9,24.5,39.0,11.0,2023
인천,28,서구,28260,고,검단고등학교,공립,인천광역시 서구 마전동,UzA0MDAwMDE4Ng==,18.2,23.4,21.1,23.3,19.0,21.0,하락,4.3,19.3,25.0,21.6,24.2,18.7,21.8,하락,5.5,22.3,18.7,22.7,12.9,2022
인천,28,서구,28260,고,인천체육고등학교,공립,인천체육고등학교,UzA0MDAwMDI4MA==,8.0,16.4,19.5,21.3,17.3,16.5,하락,4.0,8.1,15.5,18.5,22.2,18.0,16.4,하락,4.2,15.6,27.3,18.8,13.1,2024
인천,28,서구,28260,고,인천보건고등학교,사립,인천보건고등학교,UzA0MDAwMDE4Nw==,8.5,6.4,16.2,13.1,15.9,12.0,반등,2.8,8.5,6.4,16.1,13.7,16.2,12.2,반등,2.5,37.1,34.3,17.1,66.2,2025
인천,28,서구,28260,고,인천디자인고등학교,공립,인천디자인고등학교,UzA0MDAwMDI2NA==,6.3,8.3,24.6,14.4,15.5,13.8,반등,1.2,5.6,7.7,23.6,14.7,16.1,13.5,반등,1.4,16.2,30.8,35.9,64.1,2023
인천,28,서구,28260,고,한국주얼리고등학교,사립,인천광역시 서구 백석동,UzA0MDAwMDI5NQ==,2.0,13.4,7.6,15.1,14.0,10.4,하락,1.1,1.7,12.6,7.4,15.6,13.2,10.1,하락,2.3,24.6,9.5,13.0,44.9,2024
인천,28,서구,28260,고,문곡고등학교,사립,인천광역시 서구 당하동,UzA0MDAwMDIxOQ==,14.1,15.4,9.3,10.2,11.8,12.2,연속↑,1.6,14.0,15.5,9.4,10.9,12.2,12.4,연속↑,1.3,10.3,15.1,14.4,44.3,2022
인천,28,서구,28260,고,인천아라고등학교,공립,인천아라고등학교,UzA0MDAwMjMyNg==,,26.5,23.6,16.1,7.5,18.4,연속↓,8.6,,25.7,24.7,16.8,7.5,18.7,연속↓,9.3,5.0,9.8,14.9,18.0,2022
인천,28,계양구,28245,중,계양중학교,공립,인천광역시 계양구귤현동,UzA0MDAwMDc2NA==,35.5,19.8,26.3,29.6,31.3,28.5,연속↑,1.8,35.4,19.8,26.9,30.7,31.9,28.9,연속↑,1.1,39.3,39.9,39.5,25.6,2021
인천,28,계양구,28245,중,인천예일중학교,공립,인천예일중학교,UzA0MDAwMTcxNw==,25.6,26.8,30.6,26.1,29.8,27.8,반등,3.7,24.6,26.4,30.0,26.1,30.0,27.4,반등,3.9,34.9,36.0,38.6,39.5,2025
인천,28,계양구,28245,중,계산중학교,공립,인천광역시 계양구 계산동,UzA0MDAwMDc2Mw==,31.2,21.2,19.7,22.2,29.5,24.8,연속↑,7.3,30.4,21.8,19.5,21.6,29.1,24.5,연속↑,7.5,38.4,34.1,39.1,35.2,2021
인천,28,계양구,28245,중,인천효성중학교,공립,인천효성중학교,UzA0MDAwMDc5Ng==,29.7,21.9,27.0,26.6,28.4,26.7,반등,1.7,29.9,21.6,28.0,27.7,28.6,27.2,반등,0.8,27.6,34.6,39.0,32.3,2021
인천,28,계양구,28245,중,인천계수중학교,공립,인천계수중학교,UzA0MDAwMTg1Ng==,38.2,23.8,30.7,28.4,28.9,30.0,반등,0.5,37.5,23.6,31.0,28.1,28.2,29.7,반등,0.1,40.5,30.5,45.1,35.1,2021
인천,28,계양구,28245,중,북인천여자중학교,공립,인천여자중학교,UzA0MDAwMDc4Mg==,30.1,27.2,36.7,33.0,27.8,31.0,연속↓,5.2,29.6,26.3,36.6,32.2,26.7,30.3,연속↓,5.5,39.9,26.1,50.0,44.7,2023
인천,28,계양구,28245,중,명현중학교,공립,인천광역시 계양구효성동,UzA0MDAwMDc2OQ==,22.4,22.4,22.6,23.4,26.6,23.4,연속↑,3.2,22.2,22.6,22.4,23.5,26.0,23.3,연속↑,2.6,29.7,29.7,34.3,48.2,2025
인천,28,계양구,28245,중,인천안남중학교,공립,인천안남중학교,UzA0MDAwMDc5Mg==,21.8,16.5,23.0,18.8,21.0,20.2,반등,2.2,21.4,16.7,23.5,19.2,21.9,20.5,반등,2.7,18.9,33.3,27.1,47.8,2023
인천,28,계양구,28245,중,인천동양중학교,공립,인천동양중학교,UzA0MDAwMTgxNg==,23.7,19.4,19.2,18.5,22.1,20.6,반등,3.7,22.9,18.9,18.5,18.1,21.7,20.0,반등,3.7,22.8,25.0,31.4,42.3,2021
인천,28,계양구,28245,중,계산여자중학교,공립,인천광역시 계양구 계산동,UzA0MDAwMDc2Mg==,34.7,27.4,28.5,23.5,21.2,27.1,연속↓,2.3,35.4,27.6,29.1,23.9,21.4,27.5,연속↓,2.5,26.6,28.4,29.5,44.0,2021
인천,28,계양구,28245,중,임학중학교,공립,인천광역시 계양구 병방동,UzA0MDAwMDc5Nw==,23.8,19.2,16.4,18.8,20.5,19.7,연속↑,1.7,23.0,18.4,16.7,18.7,20.2,19.4,연속↑,1.5,29.9,23.9,26.9,45.5,2021
인천,28,계양구,28245,중,서운중학교,공립,인천광역시 계양구 서운동,UzA0MDAwMDc4OQ==,23.0,20.6,25.2,21.7,19.2,21.9,연속↓,2.5,23.1,20.2,25.6,22.5,19.8,22.2,연속↓,2.7,29.1,28.2,23.2,41.7,2023
인천,28,계양구,28245,중,인천양촌중학교,공립,인천양촌중학교,UzA0MDAwMTcxNg==,25.3,21.2,25.4,19.9,19.6,22.3,연속↓,0.4,25.9,20.3,24.4,19.2,18.2,21.6,연속↓,0.9,30.0,20.0,33.3,73.2,2021
인천,28,계양구,28245,중,작전중학교,공립,인천광역시 계양구 작전동,UzA0MDAwMTcxNQ==,21.3,19.9,22.8,20.6,15.1,20.0,연속↓,5.5,21.4,20.0,22.9,20.7,14.6,19.9,연속↓,6.1,17.1,14.7,35.7,54.9,2023
인천,28,계양구,28245,중,북인천중학교,공립,인천중학교,UzA0MDAwMDc4Mw==,25.2,17.4,19.5,19.5,14.0,19.1,하락,5.5,24.7,17.0,20.0,18.9,14.5,19.0,연속↓,4.4,6.8,24.1,25.3,56.8,2021
인천,28,계양구,28245,고,작전고등학교,공립,인천광역시 계양구 작전동,UzA0MDAwMTcwNw==,20.5,15.3,22.7,34.1,34.3,25.4,연속↑,0.2,21.5,15.9,21.9,33.5,35.3,25.6,연속↑,1.8,30.9,48.6,36.8,10.3,2025
인천,28,계양구,28245,고,작전여자고등학교,공립,인천광역시 계양구 작전동,UzA0MDAwMTcwNQ==,14.0,12.2,15.9,17.5,30.5,18.0,연속↑,13.0,15.5,12.7,15.9,18.3,31.0,18.7,연속↑,12.8,39.8,42.1,35.1,16.1,2025
인천,28,계양구,28245,고,계산여자고등학교,공립,인천광역시 계양구 계산4동,UzA0MDAwMDE5MA==,15.0,20.1,31.3,43.2,30.0,27.9,하락,13.2,15.4,20.6,30.7,41.9,30.3,27.8,하락,11.6,33.8,33.1,34.5,5.0,2024
인천,28,계양구,28245,고,인천세원고등학교,공립,인천세원고등학교,UzA0MDAwMTk2Nw==,22.8,18.9,24.8,12.9,28.6,21.6,반등,15.7,23.1,19.3,25.5,12.8,28.6,21.9,반등,15.8,21.9,29.1,35.2,17.3,2025
인천,28,계양구,28245,고,계산고등학교,공립,인천광역시 계양구 주부토로,UzA0MDAwMDE4OA==,26.1,18.0,22.0,19.6,26.3,22.4,반등,6.7,25.5,17.2,21.9,19.7,26.4,22.1,반등,6.7,39.2,31.5,17.7,2.8,2025
인천,28,계양구,28245,고,계양고등학교,공립,인천 계양구 용종동,UzA0MDAwMDE5MQ==,19.5,19.1,17.7,19.4,23.2,19.7,연속↑,3.8,19.0,18.1,17.5,18.9,23.4,19.4,연속↑,4.6,26.0,25.4,24.4,8.7,2025
인천,28,계양구,28245,고,안남고등학교,공립,인천광역시 계양구 작전동,UzA0MDAwMTcwNg==,15.2,16.6,18.3,17.4,22.7,18.0,반등,5.3,14.9,16.4,18.5,16.6,21.9,17.7,반등,5.3,38.5,17.4,25.8,8.4,2025
인천,28,계양구,28245,고,인천효성고등학교,공립,인천효성고등학교,UzA0MDAwMDI5OA==,16.9,24.0,20.1,22.1,18.4,20.3,하락,3.7,16.3,24.7,20.2,23.0,18.5,20.5,하락,4.5,23.4,19.0,18.5,10.9,2022
인천,28,계양구,28245,고,서운고등학교,공립,인천광역시 계양구 서운동,UzA0MDAwMDIyOQ==,18.4,23.2,25.7,20.9,16.7,21.0,연속↓,4.2,18.0,23.3,26.3,21.1,17.2,21.2,연속↓,3.9,17.5,22.6,14.8,16.9,2023
인천,28,계양구,28245,고,인천예일고등학교,공립,인천예일고등학교,UzA0MDAwMTcxMA==,13.8,13.2,15.9,20.9,13.6,15.5,하락,7.3,13.2,12.6,15.0,20.1,13.3,14.8,하락,6.8,23.3,11.7,16.6,38.3,2024
인천,28,계양구,28245,고,계산공업고등학교,공립,인천광역시 계양구 계산4동,UzA0MDAwMDE4OQ==,5.9,7.0,4.7,4.0,6.1,5.5,반등,2.0,6.0,6.8,4.8,3.8,4.2,5.1,반등,0.3,9.8,12.5,9.1,78.6,2022
인천,28,남동구,28200,중,인천사리울중학교,공립,인천사리울중학교,UzA0MDAwMjAxOQ==,24.0,24.6,30.4,28.9,30.3,27.6,반등,1.3,24.3,24.4,30.5,28.7,30.4,27.7,반등,1.7,37.4,40.3,29.6,35.7,2023
인천,28,남동구,28200,중,숭덕여자중학교,사립,인천광역시 남동구 만수동,UzA0MDAwMDYyOQ==,37.2,21.8,24.9,27.9,28.2,28.0,연속↑,0.3,36.9,21.0,24.2,26.6,28.4,27.4,연속↑,1.8,38.5,50.5,41.3,33.9,2021
인천,28,남동구,28200,중,인천성리중학교,공립,인천성리중학교,UzA0MDAwMTg0MA==,30.2,21.4,28.9,30.2,27.9,27.7,하락,2.4,29.5,21.3,28.3,29.0,27.1,27.1,하락,1.9,32.7,29.4,47.4,46.0,2021
인천,28,남동구,28200,중,인천서창중학교,공립,인천서창중학교,UzA0MDAwMTk2NA==,21.5,24.1,29.0,35.8,26.6,27.4,하락,9.2,22.2,24.1,28.8,36.0,26.2,27.4,하락,9.8,30.2,29.5,36.0,36.0,2024
인천,28,남동구,28200,중,만수여자중학교,공립,인천광역시 남동구만수4동,UzA0MDAwMDYyMw==,34.1,20.7,28.6,28.5,26.5,27.7,연속↓,2.0,33.9,20.4,28.3,27.8,26.0,27.3,연속↓,1.8,31.7,32.1,36.6,42.7,2021
인천,28,남동구,28200,중,인천논현중학교,공립,인천논현중학교,UzA0MDAwMTgzOQ==,21.1,25.9,27.5,26.8,25.1,25.3,연속↓,1.6,21.4,25.4,27.2,27.1,25.8,25.4,연속↓,1.3,24.7,33.5,26.7,38.8,2023
인천,28,남동구,28200,중,구월중학교,공립,인천광역시 남동구 구월동,UzA0MDAwMDYxNw==,29.9,17.5,26.4,24.9,25.2,24.8,반등,0.3,29.3,17.4,27.4,25.4,25.2,24.9,연속↓,0.2,36.0,29.4,35.3,39.0,2021
인천,28,남동구,28200,중,상인천여자중학교,공립,인천여자중학교,UzA0MDAwMDYyNg==,30.8,16.8,30.3,25.3,25.9,25.8,반등,0.6,31.0,16.6,29.7,24.8,25.0,25.4,반등,0.2,28.8,27.9,42.3,47.0,2021
인천,28,남동구,28200,중,석정중학교,공립,인천광역시 남동구 간석4동,UzA0MDAwMTcyNA==,25.2,19.8,20.4,21.1,23.6,22.0,연속↑,2.4,24.2,19.8,21.4,23.1,24.7,22.6,연속↑,1.6,18.9,41.1,29.9,40.9,2025
인천,28,남동구,28200,중,만성중학교,공립,인천 남동구 만수동,UzA0MDAwMDYyMQ==,19.9,16.3,24.9,21.9,25.3,21.7,반등,3.4,19.6,16.1,25.2,22.1,24.6,21.5,반등,2.5,36.0,21.4,32.8,54.2,2023
인천,28,남동구,28200,중,남동중학교,공립,인천광역시 남동구 만수6동,UzA0MDAwMDYxOA==,25.0,19.3,23.9,26.7,23.0,23.6,하락,3.8,24.4,18.7,24.4,26.8,24.0,23.7,하락,2.9,30.1,40.2,23.4,44.6,2024
인천,28,남동구,28200,중,만월중학교,공립,인천광역시 남동구 서창동,UzA0MDAwMDYyNQ==,31.5,24.6,27.6,23.4,23.2,26.0,연속↓,0.2,32.0,24.7,27.7,24.1,23.8,26.5,연속↓,0.3,27.1,31.1,25.3,32.3,2021
인천,28,남동구,28200,중,구월여자중학교,공립,인천광역시 남동구 구월동,UzA0MDAwMDYxNg==,41.7,22.3,31.4,29.9,24.0,29.9,연속↓,5.9,40.7,21.7,30.4,29.1,22.8,28.9,연속↓,6.3,32.1,23.1,42.6,45.2,2021
인천,28,남동구,28200,중,인천고잔중학교,공립,인천고잔중학교,UzA0MDAwMTk3MA==,28.4,21.8,22.9,22.1,23.2,23.7,반등,1.1,28.3,21.6,22.7,22.2,22.5,23.5,반등,0.4,38.9,21.0,35.9,45.6,2021
인천,28,남동구,28200,중,동인천중학교,공립,인천중학교,UzA0MDAwMDYyMA==,24.9,19.4,23.9,27.2,22.1,23.5,하락,5.1,24.8,19.5,24.0,27.8,21.6,23.5,하락,6.2,26.8,31.1,34.1,63.8,2024
인천,28,남동구,28200,중,간석여자중학교,공립,인천광역시 남동구 간석동,UzA0MDAwMDYxNQ==,21.5,22.6,24.7,22.1,22.1,22.6,→보합,0.1,21.9,22.7,24.3,21.2,21.5,22.3,반등,0.3,37.2,30.2,22.1,59.0,2023
인천,28,남동구,28200,중,만수북중학교,공립,인천광역시 남동구만수4동,UzA0MDAwMDYyMg==,22.5,21.7,27.0,20.5,21.6,22.7,반등,1.1,22.6,21.5,26.5,20.2,20.8,22.3,반등,0.6,25.9,22.9,30.0,58.1,2023
인천,28,남동구,28200,중,상인천중학교,공립,인천중학교,UzA0MDAwMDYyNw==,24.3,18.8,29.6,22.2,20.6,23.1,연속↓,1.6,24.5,18.6,28.9,22.4,20.0,22.9,연속↓,2.4,25.2,21.2,31.1,50.3,2023
인천,28,남동구,28200,중,인천정각중학교,공립,인천정각중학교,UzA0MDAwMTk1Mg==,27.4,21.6,23.2,26.4,20.2,23.8,하락,6.1,26.7,21.2,22.0,25.3,20.0,23.0,하락,5.4,26.9,29.6,24.2,40.8,2021
인천,28,남동구,28200,중,인천동방중학교,공립,인천동방중학교,UzA0MDAwMTg2MQ==,27.4,23.6,27.0,22.6,19.4,24.0,연속↓,3.2,27.1,23.7,26.5,22.4,19.2,23.8,연속↓,3.2,32.7,22.9,31.6,51.1,2021
인천,28,남동구,28200,중,만수중학교,공립,인천광역시 남동구만수4동,UzA0MDAwMDYyNA==,28.7,13.7,25.9,23.1,19.5,22.2,연속↓,3.6,27.5,13.5,25.8,23.1,18.9,21.7,연속↓,4.1,18.0,22.2,37.8,59.1,2021
인천,28,남동구,28200,중,논곡중학교,공립,인천광역시 남동구 논현동,UzA0MDAwMDYxOQ==,20.4,19.0,19.4,20.6,16.5,19.2,하락,4.0,21.3,19.1,20.1,22.1,16.8,19.9,하락,5.3,23.0,25.3,23.8,49.5,2024
인천,28,남동구,28200,고,숭덕여자고등학교,사립,인천광역시 남동구 만수동,UzA0MDAwMDIzNw==,32.2,31.4,40.5,39.9,40.5,36.9,반등,0.6,30.9,31.0,41.3,42.0,40.1,37.1,하락,1.9,42.3,40.1,50.2,4.1,2024
인천,28,남동구,28200,고,미추홀외국어고등학교,공립,인천광역시 남동구 논현동,UzA0MDAwMTk1Nw==,43.8,47.3,26.3,41.6,32.2,38.2,하락,9.4,44.0,46.8,27.9,41.3,32.9,38.6,하락,8.4,34.7,37.3,43.5,,2022
인천,28,남동구,28200,고,인천남동고등학교,공립,인천남동고등학교,UzA0MDAwMTgyMg==,29.0,33.9,28.9,29.7,31.4,30.6,연속↑,1.7,29.5,34.5,28.3,29.5,31.0,30.5,연속↑,1.5,41.5,33.2,27.3,11.9,2022
인천,28,남동구,28200,고,인천송천고등학교,공립,인천송천고등학교,UzA0MDAwMjAyMA==,15.6,12.3,29.0,17.2,31.4,21.1,반등,14.2,14.1,12.9,28.4,17.8,30.7,20.8,반등,12.9,32.9,31.2,39.1,16.2,2025
인천,28,남동구,28200,고,도림고등학교,공립,인천광역시 남동구 서창동,UzA0MDAwMTc0Mg==,18.1,19.4,34.9,25.0,30.9,25.7,반등,5.9,16.9,19.0,34.5,26.3,30.6,25.5,반등,4.4,41.8,43.1,31.0,12.9,2023
인천,28,남동구,28200,고,동인천고등학교,공립,인천고등학교,UzA0MDAwMDIwNQ==,20.5,17.7,24.7,18.2,30.8,22.4,반등,12.6,20.1,17.3,24.4,18.3,30.0,22.0,반등,11.7,41.3,29.1,31.5,24.3,2025
인천,28,남동구,28200,고,인천만수고등학교,공립,인천만수고등학교,UzA0MDAwMTgxOA==,19.9,19.2,23.3,19.2,28.4,22.0,반등,9.2,19.9,19.7,22.4,19.7,27.9,21.9,반등,8.1,35.5,28.3,33.0,4.7,2025
인천,28,남동구,28200,고,인천남고등학교,공립,인천남고등학교,UzA0MDAwMDI2Mg==,14.3,16.4,21.7,18.4,26.3,19.4,반등,7.9,14.6,16.6,21.4,19.6,27.1,19.9,반등,7.5,25.2,34.6,31.2,10.7,2025
인천,28,남동구,28200,고,인천금융고등학교,사립,인천금융고등학교,UzA0MDAwMDIwOQ==,13.0,10.2,15.0,16.9,27.2,16.5,연속↑,10.3,12.7,10.0,15.1,17.4,26.6,16.3,연속↑,9.1,44.4,38.9,36.1,41.2,2025
인천,28,남동구,28200,고,인천고잔고등학교,공립,인천고잔고등학교,UzA0MDAwMTk2OQ==,21.9,20.7,26.4,18.7,24.8,22.5,반등,6.1,21.7,20.8,28.1,17.1,24.8,22.5,반등,7.7,28.0,28.0,30.1,14.9,2023
인천,28,남동구,28200,고,신명여자고등학교,사립,인천광역시 남동구 간석동,UzA0MDAwMDIzOA==,22.1,27.6,29.3,25.3,24.5,25.8,연속↓,0.8,22.9,28.4,28.1,24.5,24.0,25.6,연속↓,0.5,20.4,22.5,33.8,9.8,2022
인천,28,남동구,28200,고,석정여자고등학교,공립,인천광역시 남동구 간석4동,UzA0MDAwMDIzMQ==,18.9,16.3,27.7,22.0,23.8,21.7,반등,1.8,18.8,16.2,27.3,22.1,23.9,21.7,반등,1.8,21.8,29.6,32.9,6.9,2023
인천,28,남동구,28200,고,인천논현고등학교,공립,인천논현고등학교,UzA0MDAwMTgxMA==,10.3,18.1,32.0,23.2,21.1,20.9,연속↓,2.1,11.0,17.9,32.3,23.7,20.2,21.0,연속↓,3.4,22.8,20.5,34.4,17.8,2023
인천,28,남동구,28200,고,인제고등학교,사립,인천광역시 남동구 간석2동,UzA0MDAwMDI1Nw==,32.6,32.5,43.0,30.2,16.8,31.0,연속↓,13.4,32.2,30.6,42.7,28.7,17.5,30.3,연속↓,11.2,13.4,24.0,25.2,25.2,2023
인천,28,남동구,28200,고,인천예술고등학교,공립,인천예술고등학교,UzA0MDAwMDI3NQ==,16.8,26.4,38.8,29.7,16.3,25.6,연속↓,13.4,16.8,25.1,36.2,29.2,16.8,24.8,연속↓,12.5,33.3,24.6,25.0,6.8,2023
인천,28,남동구,28200,고,문일여자고등학교,사립,인천광역시 남동구 만수1동,UzA0MDAwMDIxMA==,21.4,21.2,20.2,16.6,14.6,18.8,연속↓,1.9,20.2,20.7,18.7,16.2,14.3,18.0,연속↓,1.8,11.2,14.5,24.9,8.7,2022
인천,28,미추홀구,28177,중,인하대학교사범대학부속중학교,사립,인천광역시 미추홀구 학익동,UzA0MDAwMDQ0MA==,27.5,20.4,26.9,25.7,28.0,25.7,반등,2.3,28.1,20.4,26.5,25.6,28.1,25.8,반등,2.5,21.6,32.0,39.8,44.9,2025
인천,28,미추홀구,28177,중,관교중학교,공립,인천광역시 남구 관교동,UzA0MDAwMDQxMw==,25.4,18.1,24.4,21.0,25.3,22.8,반등,4.3,25.4,17.8,24.5,21.2,26.1,23.0,반등,4.9,19.8,36.1,36.2,45.2,2025
인천,28,미추홀구,28177,중,인주중학교,공립,인천광역시 미추홀구 학익동,UzA0MDAwMTc0MQ==,27.0,22.4,27.4,20.7,26.9,24.9,반등,6.2,27.3,21.7,26.4,20.3,26.1,24.4,반등,5.9,43.6,28.1,25.9,37.2,2021
인천,28,미추홀구,28177,중,남인천여자중학교,공립,인천여자중학교,UzA0MDAwMDQxNg==,26.0,20.9,27.2,24.5,25.7,24.9,반등,1.1,26.1,21.4,27.4,24.2,25.5,24.9,반등,1.2,25.1,28.5,32.8,49.8,2023
인천,28,미추홀구,28177,중,선화여자중학교,공립,인천광역시 미추홀구 도화동,UzA0MDAwMDQyNQ==,30.6,15.6,22.4,23.1,26.2,23.6,연속↑,3.1,30.8,15.1,21.7,23.0,25.4,23.2,연속↑,2.3,35.0,24.8,38.4,52.3,2021
인천,28,미추홀구,28177,중,용현여자중학교,공립,인천광역시 남구 용현5동,UzA0MDAwMDQzMw==,28.4,24.1,25.5,22.4,25.5,25.2,반등,3.1,27.4,23.0,25.2,21.7,24.4,24.3,반등,2.6,37.1,21.3,37.7,42.3,2021
인천,28,미추홀구,28177,중,용현중학교,공립,인천광역시 미추홀구 용현동,UzA0MDAwMDQzNA==,27.2,19.0,24.7,23.6,23.9,23.7,반등,0.3,26.5,18.8,24.1,23.7,23.5,23.3,연속↓,0.2,33.9,23.8,27.0,39.1,2021
인천,28,미추홀구,28177,중,관교여자중학교,공립,인천광역시 남구 관교동,UzA0MDAwMDQxMg==,33.7,22.3,21.8,26.4,21.5,25.1,하락,4.9,33.6,22.2,21.8,27.1,21.6,25.3,하락,5.5,28.7,29.7,31.3,43.3,2021
인천,28,미추홀구,28177,중,인천남중학교,공립,인천남중학교,UzA0MDAwMDQzNw==,26.4,16.4,23.8,18.8,20.5,21.2,반등,1.7,26.4,16.2,23.8,18.7,20.7,21.2,반등,2.0,28.8,30.6,20.4,52.5,2021
인천,28,미추홀구,28177,중,선인중학교,공립,인천광역시 미추홀구 도화동,UzA0MDAwMDQyNA==,21.3,18.9,23.3,24.0,20.7,21.7,하락,3.4,21.6,18.5,23.7,26.1,20.5,22.1,하락,5.6,18.2,23.1,33.3,50.0,2024
인천,28,미추홀구,28177,중,제물포여자중학교,공립,인천광역시 남구 주안8동,UzA0MDAwMDQ0Mg==,28.4,24.2,27.4,19.6,17.6,23.4,연속↓,2.1,28.1,24.1,28.0,19.8,17.3,23.5,연속↓,2.5,21.7,18.7,26.7,56.4,2021
인천,28,미추홀구,28177,중,인화여자중학교,공립,인천광역시 남구 도화동,UzA0MDAwMDQ0MQ==,26.8,22.4,19.4,16.9,16.2,20.3,연속↓,0.7,26.7,21.8,18.7,16.6,16.4,20.0,연속↓,0.3,21.1,22.9,19.7,53.4,2021
인천,28,미추홀구,28177,고,인천전자마이스터고등학교,공립,인천전자마이스터고등학교,UzA0MDAwMDI3Ng==,17.9,22.2,19.7,13.0,35.9,21.7,반등,22.9,18.3,21.5,18.9,12.0,34.0,21.0,반등,22.0,77.4,37.9,56.3,28.1,2025
인천,28,미추홀구,28177,고,인하대학교사범대학부속고등학교,사립,인천광역시 미추홀구 학익동,UzA0MDAwMDI4NQ==,32.5,31.9,42.3,24.3,32.0,32.6,반등,7.8,31.7,29.4,43.0,25.3,31.6,32.2,반등,6.2,45.8,37.4,29.1,1.7,2023
인천,28,미추홀구,28177,고,인천고등학교,공립,인천고등학교,UzA0MDAwMDI1OA==,14.6,18.2,21.4,22.0,29.4,21.1,연속↑,7.5,13.8,18.3,21.2,21.8,28.9,20.8,연속↑,7.0,43.5,27.1,32.2,16.2,2025
인천,28,미추홀구,28177,고,인화여자고등학교,공립,인천광역시 남구 도화동,UzA0MDAwMDI4Nw==,19.6,20.6,36.1,30.9,27.6,27.0,연속↓,3.3,19.8,20.4,35.6,30.5,27.7,26.8,연속↓,2.9,21.1,36.7,35.4,17.7,2023
인천,28,미추홀구,28177,고,학익여자고등학교,공립,인천광역시 남구 학익동,UzA0MDAwMDI5NA==,23.2,18.3,29.9,26.6,22.8,24.2,연속↓,3.9,22.1,17.4,29.1,27.1,23.6,23.9,연속↓,3.5,21.9,33.0,23.3,17.0,2023
인천,28,미추홀구,28177,고,인항고등학교,사립,인천광역시 남구 용현5동,UzA0MDAwMDI4Ng==,10.2,8.3,8.9,11.6,23.9,12.6,연속↑,12.3,9.7,7.8,8.6,11.5,23.2,12.1,연속↑,11.8,35.7,20.3,26.0,42.2,2025
인천,28,미추홀구,28177,고,학익고등학교,공립,인천광역시 미추홀구 학익동,UzA0MDAwMDI5Mw==,18.6,29.5,22.5,20.1,23.4,22.8,반등,3.3,18.1,29.3,23.2,20.7,23.0,22.8,반등,2.3,24.1,23.3,27.2,5.1,2022
인천,28,미추홀구,28177,고,선인고등학교,공립,인천광역시 남구 도화동,UzA0MDAwMDIzMg==,13.2,13.5,18.9,23.6,22.2,18.3,하락,1.4,13.3,13.3,18.8,23.2,22.3,18.2,하락,0.9,23.8,25.0,34.1,2.4,2024
인천,28,미추홀구,28177,고,인천기계공업고등학교,공립,인천기계공업고등학교,UzA0MDAwMDI2MQ==,7.4,8.0,5.4,6.1,21.3,9.6,연속↑,15.2,7.0,7.8,5.4,6.1,21.9,9.6,연속↑,15.8,55.0,45.0,27.6,10.8,2025
인천,28,미추홀구,28177,고,인천비즈니스고등학교,공립,인천비즈니스고등학교,UzA0MDAwMDIzMw==,8.0,14.0,18.6,14.3,16.3,14.2,반등,2.0,7.9,14.5,19.2,14.9,16.2,14.5,반등,1.4,12.6,16.1,29.2,33.8,2023
인천,28,미추홀구,28177,고,문학정보고등학교,공립,인천광역시 미추홀구 문학동,UzA0MDAwMDIxMQ==,7.6,7.3,9.6,5.1,16.3,9.2,반등,11.2,8.4,7.6,11.0,5.8,16.1,9.8,반등,10.4,22.2,18.8,15.7,58.2,2025
인천,28,미추홀구,28177,고,인명여자고등학교,사립,인천광역시 미추홀구 관교동,UzA0MDAwMDI1NA==,38.1,32.5,43.6,32.9,15.8,32.6,연속↓,17.1,38.0,31.6,45.4,32.8,15.9,32.7,연속↓,16.9,22.0,26.0,13.4,4.5,2023
인천,28,미추홀구,28177,고,인천대중예술고등학교,공립,인천대중예술고등학교,UzA0MDAwMDI1Mg==,3.0,4.7,6.9,7.7,12.7,7.0,연속↑,4.9,2.8,4.4,7.1,7.5,12.5,6.9,연속↑,5.0,18.4,23.7,31.6,23.7,2025
인천,28,미추홀구,28177,고,정석항공과학고등학교,사립,인천광역시 미추홀구 용현동,UzA0MDAwMDI4OA==,9.1,8.6,13.8,9.7,11.5,10.5,반등,1.8,8.9,8.3,12.9,9.1,10.6,10.0,반등,1.5,21.0,9.7,21.0,53.0,2023
인천,28,미추홀구,28177,고,인천소방고등학교,공립,인천소방고등학교,UzA0MDAwMDI1Mw==,8.5,8.4,12.7,9.1,8.2,9.4,연속↓,1.0,8.8,8.3,12.9,9.4,8.1,9.5,연속↓,1.3,8.3,9.9,13.2,63.8,2023
인천,28,동구,28140,중,동산중학교,사립,인천광역시 동구 송림동,UzA0MDAwMDQyMQ==,30.7,21.9,20.4,23.0,24.4,24.1,연속↑,1.5,30.6,22.0,20.4,23.1,24.1,24.0,연속↑,1.0,30.2,28.4,38.6,34.9,2021
인천,28,동구,28140,중,화도진중학교,공립,인천광역시 동구화수2동,UzA0MDAwMDQ0NA==,21.7,19.4,16.9,15.9,23.9,19.6,반등,8.0,21.3,18.9,17.1,15.9,23.5,19.3,반등,7.6,27.8,31.7,32.3,52.8,2025
인천,28,동구,28140,중,재능중학교,사립,인천광역시 동구 송림동,UzA0MDAwMDQxOQ==,30.1,19.2,28.5,24.8,21.5,24.8,연속↓,3.2,30.3,19.3,28.4,24.2,20.6,24.6,연속↓,3.6,33.0,18.2,28.1,54.3,2021
인천,28,동구,28140,고,동산고등학교,사립,인천광역시 동구송림5동,UzA0MDAwMDIwNA==,40.8,29.3,35.3,24.8,39.9,34.0,반등,15.1,39.3,28.2,35.8,24.3,38.9,33.3,반등,14.6,49.0,38.4,45.7,28.5,2021
인천,28,동구,28140,고,재능고등학교,사립,인천광역시 동구 송림동,UzA0MDAwMDIwMQ==,22.4,11.4,14.0,14.0,17.7,15.9,상승,3.8,21.4,11.6,14.0,13.4,18.1,15.7,반등,4.7,22.5,24.5,15.2,42.2,2021
인천,28,동구,28140,고,영화국제관광고등학교,사립,인천광역시 동구 창영동,UzA0MDAwMDI0OA==,12.5,11.2,18.9,12.1,16.8,14.3,반등,4.7,12.8,11.0,17.8,11.9,16.6,14.0,반등,4.6,17.6,15.7,23.6,52.9,2023
인천,28,옹진군,28720,중,백령중학교,공립,인천광역시 옹진군 백령면,UzA0MDAwMDQyMg==,18.1,17.8,16.7,21.0,24.6,19.6,연속↑,3.6,17.2,17.6,16.5,20.9,23.3,19.1,연속↑,2.4,31.6,20.0,40.7,63.2,2025
인천,28,옹진군,28720,중,영흥중학교,공립,인천광역시 옹진군 영흥면,UzA0MDAwMDQzMQ==,23.1,,17.9,23.5,18.4,20.7,하락,5.1,22.5,,18.0,23.9,18.1,20.7,하락,5.8,10.6,19.1,40.4,42.6,2024
인천,28,옹진군,28720,중,덕적중학교,공립,인천광역시 옹진군 덕적면,UzA0MDAwMDQyMA==,12.8,19.4,16.7,13.3,15.6,15.6,반등,2.2,12.4,20.6,17.9,14.4,16.4,16.3,반등,2.0,20.0,66.7,40.0,80.0,2022
인천,28,옹진군,28720,중,대청중학교,공립,인천광역시 옹진군 대청면,UzA0MDAwMDQxNw==,25.0,12.2,12.6,14.2,8.7,14.6,하락,5.4,23.2,13.7,12.6,14.1,9.1,14.5,하락,4.9,28.6,16.7,0.0,71.4,2021
인천,28,옹진군,28720,중,연평중학교,공립,인천광역시 옹진군 연평면,UzA0MDAwMDQyOQ==,10.6,33.9,43.5,9.7,0.0,19.5,연속↓,9.7,12.3,33.7,42.6,9.5,0.0,19.6,연속↓,9.5,0.0,0.0,0.0,100.0,2023
인천,28,옹진군,28720,고,대청고등학교,공립,인천광역시 옹진군 대청면,UzA0MDAwMDIwMA==,58.3,20.8,4.2,14.3,44.0,28.3,연속↑,29.7,53.6,19.6,3.6,14.3,38.6,25.9,연속↑,24.3,40.0,60.0,40.0,,2021
인천,28,옹진군,28720,고,인천영흥고등학교,공립,인천영흥고등학교,UzA0MDAwMjE4Ng==,16.2,20.4,24.0,22.8,29.7,22.6,반등,7.0,15.7,19.4,22.6,21.9,30.1,21.9,반등,8.2,32.4,32.4,35.3,5.9,2025
인천,28,옹진군,28720,고,연평고등학교,공립,인천광역시 옹진군 연평면,UzA0MDAwMDI0Mg==,8.9,16.7,25.7,0.0,36.0,17.4,반등,36.0,8.8,15.5,25.9,0.0,30.0,16.0,반등,30.0,20.0,40.0,60.0,20.0,2025
인천,28,옹진군,28720,고,백령고등학교,공립,인천광역시 옹진군 백령면,UzA0MDAwMDIxMg==,12.1,15.8,13.1,10.8,16.9,13.8,반등,6.1,10.7,14.7,11.9,10.7,16.5,12.9,반등,5.8,36.0,16.0,12.5,45.8,2025
인천,28,옹진군,28720,고,덕적고등학교,공립,인천광역시 옹진군 덕적면,UzA0MDAwMDIwMw==,1.2,10.2,11.5,22.2,16.7,12.4,하락,5.5,1.0,10.0,12.0,21.4,16.3,12.1,하락,5.1,14.3,14.3,28.6,28.6,2024
광주,29,남구,29155,중,동아여자중학교,사립,광주광역시 남구 봉선동,UzA1MDAwMDM4OA==,37.2,20.7,40.3,33.6,40.0,34.4,반등,6.4,37.0,20.0,40.4,33.2,39.9,34.1,반등,6.7,50.9,52.9,48.5,27.5,2023
광주,29,남구,29155,중,문성중학교,사립,광주광역시 남구 봉선동,UzA1MDAwMDM5MA==,28.8,27.4,26.4,31.8,34.7,29.8,연속↑,3.0,29.6,27.2,26.8,32.2,35.3,30.2,연속↑,3.1,40.4,41.0,44.7,25.8,2025
광주,29,남구,29155,중,광주무진중학교,공립,광주무진중학교,UzA1MDAwMDM3MQ==,24.6,19.4,18.1,24.0,32.9,23.8,연속↑,8.9,24.5,19.3,19.0,23.7,31.6,23.6,연속↑,8.0,71.2,36.7,36.0,40.7,2025
광주,29,남구,29155,중,광주동성여자중학교,사립,광주동성여자중학교,UzA1MDAwMDM2OQ==,34.3,25.9,36.1,33.8,33.5,32.7,연속↓,0.3,32.8,24.8,34.4,31.0,31.4,30.9,반등,0.5,55.0,24.5,40.4,38.6,2023
광주,29,남구,29155,중,주월중학교,공립,광주광역시 남구 주월동,UzA1MDAwMDQwNQ==,29.3,27.8,28.9,30.4,31.8,29.6,연속↑,1.5,30.5,27.5,28.7,30.0,30.8,29.5,연속↑,0.8,41.0,27.7,48.4,45.1,2025
광주,29,남구,29155,중,금당중학교,공립,광주 남구 주월1동,UzA1MDAwMDM4Mw==,28.8,25.9,33.1,24.9,30.0,28.5,반등,5.0,28.7,25.9,32.5,23.6,29.9,28.1,반등,6.3,38.7,39.1,30.0,39.3,2023
광주,29,남구,29155,중,봉선중학교,공립,광주광역시 남구 봉선동,UzA1MDAwMDM5Mg==,26.1,27.0,34.7,37.0,31.5,31.3,하락,5.5,26.4,26.8,34.0,35.9,29.7,30.6,하락,6.2,39.1,23.9,48.8,36.7,2024
광주,29,남구,29155,중,광주동성중학교,사립,광주동성중학교,UzA1MDAwMDM3MA==,22.6,23.2,19.8,20.2,29.3,23.0,연속↑,9.2,21.3,22.2,19.3,19.9,29.4,22.4,연속↑,9.5,33.3,36.4,44.4,35.8,2025
광주,29,남구,29155,중,숭의중학교,사립,광주광역시 남구 방림동,UzA1MDAwMDM5OQ==,16.3,17.8,21.5,35.7,29.4,24.1,하락,6.3,16.4,17.4,20.7,34.2,29.2,23.6,하락,5.0,21.9,32.0,55.4,36.7,2024
광주,29,남구,29155,중,대촌중학교,공립,광주 남구 지석동,UzA1MDAwMDM4Nw==,26.7,23.1,31.0,31.0,28.1,28.0,하락,2.9,26.5,22.7,32.7,31.9,28.3,28.4,연속↓,3.7,36.8,42.1,33.3,40.0,2023
광주,29,남구,29155,중,진남중학교,공립,광주광역시 남구 노대동,UzA1MDAwMTIzOA==,29.4,18.0,31.2,31.8,27.5,27.6,하락,4.3,29.8,18.3,32.3,32.5,28.2,28.2,하락,4.3,25.8,37.9,33.3,38.2,2024
광주,29,남구,29155,중,대성여자중학교,사립,광주 남구 진월동,UzA1MDAwMDM4Ng==,29.5,24.9,41.7,32.2,26.0,30.9,연속↓,6.2,29.2,24.7,41.5,32.0,25.6,30.6,연속↓,6.4,39.3,29.7,27.5,33.1,2023
광주,29,남구,29155,중,광주수피아여자중학교,사립,광주수피아여자중학교,UzA1MDAwMDM3Ng==,21.9,26.6,33.1,29.7,25.4,27.3,연속↓,4.3,20.8,25.2,31.0,27.7,23.8,25.7,연속↓,3.9,39.7,20.8,31.5,46.3,2023
광주,29,남구,29155,중,광주송원중학교,사립,광주송원중학교,UzA1MDAwMDM3NQ==,28.9,20.3,31.9,26.8,22.8,26.1,연속↓,4.1,30.0,20.5,32.0,26.8,23.6,26.6,연속↓,3.2,25.4,35.0,32.5,35.5,2023
광주,29,남구,29155,중,광주서광중학교,공립,광주서광중학교,UzA1MDAwMDM3Mw==,27.8,25.2,26.6,29.5,24.0,26.6,하락,5.5,27.5,23.8,26.5,29.1,23.6,26.1,하락,5.5,38.1,24.6,31.2,49.6,2024
광주,29,남구,29155,중,효천중학교,공립,광주광역시 남구 행암동,UzA1MDAwMTI5MQ==,29.4,25.7,31.0,27.7,22.3,27.2,연속↓,5.5,29.3,25.5,30.5,28.0,22.2,27.1,연속↓,5.8,30.4,29.7,27.2,39.1,2023
광주,29,남구,29155,고,광주여자상업고등학교,사립,광주여자상업고등학교,UzA1MDAwMDExNA==,41.9,43.7,44.8,42.0,65.6,47.6,반등,23.6,42.8,42.2,42.0,43.4,64.4,47.0,연속↑,21.0,65.3,70.2,87.9,1.7,2025
광주,29,남구,29155,고,광주수피아여자고등학교,사립,광주수피아여자고등학교,UzA1MDAwMDEwOQ==,39.5,36.9,25.1,36.8,31.2,33.9,하락,5.6,40.5,40.2,28.9,38.7,31.0,35.9,하락,7.7,55.3,41.6,31.7,12.7,2021
광주,29,남구,29155,고,설월여자고등학교,사립,광주광역시 남구 방림동,UzA1MDAwMDE0Nw==,33.0,52.2,44.9,39.2,29.4,39.7,연속↓,9.9,31.4,52.6,44.5,38.7,29.2,39.3,연속↓,9.5,50.7,37.4,35.5,,2022
광주,29,남구,29155,고,동아여자고등학교,사립,광주광역시 남구 봉선동,UzA1MDAwMDEzNg==,43.1,43.3,23.1,32.1,28.1,33.9,하락,4.0,42.6,44.0,24.0,32.4,27.3,34.0,하락,5.0,32.6,23.8,35.2,6.5,2022
광주,29,남구,29155,고,광주석산고등학교,사립,광주석산고등학교,UzA1MDAwMDEwOA==,18.9,19.6,25.0,29.3,27.0,24.0,하락,2.3,19.6,22.5,25.4,30.8,26.1,24.9,하락,4.7,40.2,27.2,24.5,1.6,2024
광주,29,남구,29155,고,동일미래과학고등학교,사립,광주광역시 남구 방림동,UzA1MDAwMDEzNw==,9.5,7.9,11.3,16.0,25.9,14.1,연속↑,10.0,9.2,7.5,10.5,15.5,25.1,13.6,연속↑,9.6,69.4,30.6,32.9,30.4,2025
광주,29,남구,29155,고,숭의과학기술고등학교,사립,광주광역시 남구 방림동,UzA1MDAwMDE1NA==,10.9,12.2,9.4,38.1,24.8,19.1,하락,13.2,11.6,13.0,10.6,36.2,23.9,19.1,하락,12.4,26.2,18.5,32.7,16.3,2024
광주,29,남구,29155,고,송원여자고등학교,사립,광주광역시 남구 송하동,UzA1MDAwMDE1MA==,36.5,38.7,46.7,42.6,24.7,37.8,연속↓,17.9,34.9,37.6,47.1,39.8,23.8,36.7,연속↓,16.0,31.0,26.2,26.8,8.5,2023
광주,29,남구,29155,고,송원고등학교,사립,광주 남구 송하동,UzA1MDAwMDE0OQ==,28.5,33.3,31.8,19.2,24.1,27.4,반등,4.8,29.2,34.0,31.2,20.1,23.7,27.6,반등,3.6,18.6,32.9,34.7,25.1,2022
광주,29,남구,29155,고,광주인성고등학교,사립,광주인성고등학교,UzA1MDAwMDExOA==,44.0,17.0,17.4,32.0,20.9,26.2,하락,11.1,43.4,17.6,17.3,31.4,21.5,26.2,하락,9.9,22.4,25.3,19.4,11.8,2021
광주,29,남구,29155,고,호남삼육고등학교,사립,광주광역시 남구 주월동,UzA1MDAwMDE2OA==,9.2,13.3,18.2,10.4,20.4,14.3,반등,10.0,9.2,13.0,18.7,9.9,20.2,14.2,반등,10.3,17.3,21.0,32.1,16.5,2025
광주,29,남구,29155,고,문성고등학교,사립,광주광역시 남구 봉선동,UzA1MDAwMDEzOA==,13.5,18.4,22.2,21.8,18.6,18.9,연속↓,3.2,13.5,18.0,23.4,20.2,19.1,18.8,연속↓,1.1,16.6,33.8,19.2,3.1,2023
광주,29,남구,29155,고,광주동성고등학교,사립,광주동성고등학교,UzA1MDAwMDEwMQ==,36.6,36.2,17.0,39.3,18.3,29.5,하락,21.1,37.3,36.5,17.1,37.0,18.6,29.3,하락,18.4,22.4,21.8,19.0,26.4,2021
광주,29,남구,29155,고,서진여자고등학교,사립,광주 남구 주월동,UzA1MDAwMDE0Ng==,7.7,3.1,5.8,14.4,18.1,9.8,연속↑,3.8,7.4,3.7,6.4,15.0,18.1,10.1,연속↑,3.1,19.7,22.5,19.7,15.2,2025
광주,29,남구,29155,고,대광여자고등학교,사립,광주 남구 주월동,UzA1MDAwMDEzMw==,18.9,18.3,23.6,34.8,18.8,22.9,하락,16.0,18.6,18.9,22.6,33.1,18.1,22.3,하락,15.0,32.2,21.6,21.6,2.9,2024
광주,29,남구,29155,고,대성여자고등학교,사립,광주광역시 남구 진월동,UzA1MDAwMDEzNA==,20.6,19.2,19.7,23.2,18.7,20.3,하락,4.5,18.8,17.9,20.1,23.9,17.8,19.7,하락,6.0,20.5,20.1,24.3,11.7,2024
광주,29,남구,29155,고,송원여자상업고등학교,사립,광주광역시 남구 송하동,UzA1MDAwMTA5Ng==,18.8,10.9,24.6,30.1,17.2,20.3,하락,12.9,18.6,11.0,24.2,29.2,17.3,20.1,하락,11.9,37.1,18.5,15.3,9.4,2024
광주,29,서구,29140,중,치평중학교,공립,광주광역시 서구 쌍촌동,UzA1MDAwMDQwNw==,29.5,17.3,35.8,28.8,34.5,29.2,반등,5.7,28.5,17.1,34.8,28.5,34.2,28.6,반등,5.7,32.8,48.3,59.7,43.7,2023
광주,29,서구,29140,중,대자중학교,공립,광주광역시 서구 동천동,UzA1MDAwMTE5MQ==,29.7,21.3,30.9,30.2,32.9,29.0,반등,2.8,30.5,21.2,31.1,29.0,31.7,28.7,반등,2.7,39.8,25.6,47.8,33.5,2025
광주,29,서구,29140,중,금호중학교,공립,광주광역시 서구 금호동,UzA1MDAwMDM4NQ==,27.3,19.7,32.4,31.9,30.7,28.4,연속↓,1.3,28.6,20.1,32.4,31.4,30.6,28.6,연속↓,0.8,38.7,48.7,32.5,43.2,2023
광주,29,서구,29140,중,유덕중학교,공립,광주광역시 서구 유촌동,UzA1MDAwMTE5Mw==,33.7,24.8,29.7,27.8,30.6,29.3,반등,2.8,34.0,24.9,29.9,26.9,30.6,29.2,반등,3.6,34.2,38.5,38.3,35.0,2021
광주,29,서구,29140,중,상무중학교,공립,광주광역시 서구 쌍촌동,UzA1MDAwMDM5NA==,23.2,21.9,24.1,21.2,30.6,24.2,반등,9.4,23.2,21.5,23.9,21.3,29.9,23.9,반등,8.6,49.0,29.1,40.0,38.0,2025
광주,29,서구,29140,중,풍암중학교,공립,광주광역시 서구 풍암동,UzA1MDAwMDQwOA==,33.4,18.9,30.9,27.7,29.1,28.0,반등,1.5,32.7,18.9,31.1,27.7,28.8,27.8,반등,1.0,33.5,36.7,40.6,36.3,2021
광주,29,서구,29140,중,광주효광중학교,공립,광주효광중학교,UzA1MDAwMDM4MQ==,23.8,18.4,28.8,34.4,29.3,26.9,하락,5.1,23.4,18.3,27.9,34.4,28.5,26.5,하락,5.9,41.1,27.3,36.1,33.5,2024
광주,29,서구,29140,중,광덕중학교,사립,광주광역시 서구 화정동,UzA1MDAwMDM2Mw==,29.7,24.8,31.3,30.8,27.6,28.8,연속↓,3.1,29.9,25.0,31.8,32.1,28.3,29.4,하락,3.8,36.3,46.3,42.7,35.0,2024
광주,29,서구,29140,중,광주서석중학교,사립,광주서석중학교,UzA1MDAwMDM3NA==,34.1,26.0,35.1,31.4,27.9,30.9,연속↓,3.5,35.0,25.8,36.3,31.5,27.9,31.3,연속↓,3.6,26.4,35.4,34.6,31.3,2023
광주,29,서구,29140,중,전남중학교,공립,전남중학교,UzA1MDAwMDk5MQ==,29.1,22.4,30.9,32.4,26.9,28.3,하락,5.6,29.7,21.8,30.9,32.7,27.1,28.5,하락,5.6,27.3,34.0,41.0,38.3,2024
광주,29,서구,29140,중,상일중학교,공립,광주광역시 서구 쌍촌동,UzA1MDAwMDM5NQ==,26.7,21.4,30.7,26.6,27.0,26.5,반등,0.4,27.6,22.1,30.6,26.5,27.1,26.8,반등,0.6,28.3,33.6,36.5,29.5,2023
광주,29,서구,29140,중,운리중학교,공립,광주광역시 서구 풍암동,UzA1MDAwMTE3Mg==,27.0,21.1,28.2,26.3,27.3,26.0,반등,1.0,27.7,20.7,28.2,24.7,26.7,25.6,반등,2.0,37.9,30.4,37.4,34.9,2023
광주,29,서구,29140,중,광주화정중학교,공립,광주화정중학교,UzA1MDAwMDM3OQ==,29.7,25.5,35.8,28.9,25.1,29.0,연속↓,3.8,28.7,24.0,34.9,28.8,25.0,28.3,연속↓,3.8,34.6,32.3,27.2,47.3,2023
광주,29,서구,29140,중,광주중학교,공립,광주중학교,UzA1MDAwMDM3Nw==,24.1,21.6,26.6,30.5,26.0,25.8,하락,4.6,24.2,20.9,25.6,29.2,24.7,24.9,하락,4.5,33.6,22.0,37.1,48.3,2024
광주,29,서구,29140,중,광주동명중학교,공립,광주동명중학교,UzA1MDAwMDM2OA==,35.2,25.8,32.3,32.6,24.2,30.0,하락,8.4,35.7,25.6,31.3,31.8,23.9,29.6,하락,8.0,29.8,30.7,31.6,31.6,2021
광주,29,서구,29140,고,전남고등학교,공립,전남고등학교,UzA1MDAwMDE1NQ==,18.2,14.7,23.4,35.8,37.8,26.0,연속↑,2.1,18.7,13.3,21.7,35.5,37.4,25.3,연속↑,1.9,56.0,38.5,39.5,8.4,2025
광주,29,서구,29140,고,상무고등학교,공립,광주 서구 상무동,UzA1MDAwMDE0NA==,25.7,12.2,26.2,26.3,31.5,24.4,연속↑,5.2,26.1,12.7,25.2,25.6,31.1,24.1,연속↑,5.6,30.5,29.6,39.9,5.4,2025
광주,29,서구,29140,고,광주대동고등학교,사립,광주대동고등학교,UzA1MDAwMDEwMA==,36.0,28.6,27.9,23.5,29.6,29.1,반등,6.1,35.1,28.0,27.4,25.0,27.7,28.6,반등,2.7,29.9,16.6,59.9,18.7,2021
광주,29,서구,29140,고,광덕고등학교,사립,광주광역시 서구 화정동,UzA1MDAwMDA4OQ==,19.9,19.7,25.2,33.4,27.4,25.1,하락,6.1,19.7,19.7,25.1,32.9,27.0,24.9,하락,5.9,33.3,29.3,29.8,2.4,2024
광주,29,서구,29140,고,풍암고등학교,공립,광주광역시 서구 풍암동,UzA1MDAwMTExOQ==,26.1,29.3,30.4,26.8,24.9,27.5,연속↓,1.9,25.6,29.8,31.8,26.6,25.3,27.8,연속↓,1.2,34.0,33.0,14.5,45.3,2023
광주,29,서구,29140,고,상일여자고등학교,공립,광주광역시 서구 쌍촌동,UzA1MDAwMTIyNg==,31.6,26.9,26.6,13.3,23.2,24.3,반등,10.0,31.9,27.7,25.1,13.6,23.0,24.2,반등,9.4,29.2,22.4,28.9,12.5,2021
광주,29,서구,29140,고,광주여자고등학교,공립,광주여자고등학교,UzA1MDAwMDExMg==,22.6,25.3,28.9,30.0,22.3,25.8,하락,7.7,22.2,24.0,28.0,30.2,21.7,25.2,하락,8.5,24.0,24.8,31.3,22.9,2024
광주,29,서구,29140,고,광주서석고등학교,사립,광주서석고등학교,UzA1MDAwMDEwNw==,35.3,15.8,18.1,24.1,18.9,22.4,하락,5.2,36.9,17.2,17.2,23.4,19.2,22.8,하락,4.2,16.3,29.3,25.5,11.9,2021
광주,29,동구,29110,중,살레시오여자중학교,사립,광주광역시 동구 지산동,UzA1MDAwMDE5MQ==,31.7,32.5,29.1,37.3,39.4,34.0,연속↑,2.1,30.8,31.2,28.2,34.8,36.8,32.3,연속↑,2.0,58.5,27.7,55.4,43.3,2025
광주,29,동구,29110,중,운림중학교,공립,광주 동구 운림동,UzA1MDAwMDE5OQ==,31.7,26.3,33.7,32.0,29.6,30.7,연속↓,2.4,31.4,26.3,32.8,29.7,28.9,29.8,연속↓,0.7,27.5,38.0,62.5,28.9,2023
광주,29,동구,29110,중,무등중학교,공립,광주광역시 동구 소태동,UzA1MDAwMDE3NQ==,20.6,20.7,28.6,28.2,29.2,25.5,반등,1.0,19.7,20.0,28.4,27.1,28.4,24.7,반등,1.3,41.9,29.4,41.5,42.0,2025
광주,29,동구,29110,중,조선대학교부속중학교,사립,광주광역시 동구 서석동,UzA1MDAwMDIwNQ==,14.6,16.1,23.1,22.1,24.8,20.1,반등,2.7,14.9,16.5,23.4,22.3,24.4,20.3,반등,2.1,46.0,27.3,33.3,44.0,2025
광주,29,동구,29110,중,조선대학교여자중학교,사립,광주광역시 동구 지산동,UzA1MDAwMDIwNg==,10.6,13.9,17.9,19.6,25.2,17.4,연속↑,5.7,10.5,13.5,17.5,19.5,24.3,17.1,연속↑,4.8,29.7,20.9,42.4,55.9,2025
광주,29,동구,29110,중,광주충장중학교,공립,광주충장중학교,UzA1MDAwMDE4Mw==,24.0,16.2,29.8,24.5,23.5,23.6,연속↓,1.0,23.8,16.1,30.9,25.5,23.3,23.9,연속↓,2.2,23.5,25.9,33.3,50.6,2023
광주,29,동구,29110,고,광주고등학교,공립,광주고등학교,UzA1MDAwMDA5NA==,22.4,16.9,20.5,26.9,28.9,23.1,연속↑,2.0,22.4,16.9,20.8,27.5,28.1,23.1,연속↑,0.6,31.5,26.4,37.1,16.1,2025
광주,29,동구,29110,고,조선대학교여자고등학교,사립,광주광역시 동구 지산동,UzA1MDAwMDE2Nw==,27.5,22.0,26.0,26.3,22.3,24.8,하락,4.0,25.5,20.8,23.6,25.1,22.0,23.4,하락,3.1,30.7,22.5,25.7,4.8,2021
광주,29,동구,29110,고,전남여자고등학교,공립,전남여자고등학교,UzA1MDAwMDE2MQ==,27.8,23.3,28.9,13.7,22.4,23.2,반등,8.7,28.1,21.7,26.5,13.2,21.9,22.3,반등,8.7,25.0,19.8,24.7,31.4,2021
광주,29,동구,29110,고,조선대학교부속고등학교,사립,광주광역시 동구 학동,UzA1MDAwMDE2Ng==,18.1,13.8,23.8,18.6,21.0,19.1,반등,2.4,18.7,13.9,23.7,18.1,21.2,19.1,반등,3.1,30.6,24.2,20.0,4.7,2023
광주,29,동구,29110,고,살레시오여자고등학교,사립,광주광역시 동구 지산동,UzA1MDAwMDE0Mw==,42.5,48.6,47.0,39.3,20.5,39.6,연속↓,18.8,42.3,49.9,45.4,39.6,20.2,39.5,연속↓,19.4,29.1,23.4,27.2,6.3,2022
광주,29,북구,29170,중,광주예술중학교,공립,광주예술중학교,UzA1MDAwMTQ4Nw==,,,42.4,41.2,43.7,42.4,반등,2.5,,,41.5,40.7,43.7,41.9,반등,3.0,56.4,56.1,51.2,30.0,2025
광주,29,북구,29170,중,살레시오중학교,사립,광주광역시 북구 일곡동,UzA1MDAwMDE5Mg==,27.1,27.1,37.6,41.2,38.1,34.2,하락,3.1,27.3,27.8,38.3,41.1,38.4,34.6,하락,2.7,30.3,53.7,50.3,27.2,2024
광주,29,북구,29170,중,두암중학교,공립,광주광역시 북구 두암3동,UzA1MDAwMDE4NQ==,33.2,28.1,35.9,31.6,34.2,32.6,반등,2.6,32.3,28.2,36.1,31.3,33.8,32.3,반등,2.5,45.1,36.6,40.5,35.7,2023
광주,29,북구,29170,중,문흥중학교,공립,광주 북구 문흥동,UzA1MDAwMDE4OQ==,29.0,25.3,31.9,26.3,32.9,29.1,반등,6.6,29.8,24.9,30.9,25.0,32.1,28.5,반등,7.1,40.7,30.1,50.7,43.2,2025
광주,29,북구,29170,중,일동중학교,공립,광주광역시 북구 일곡동,UzA1MDAwMDIwMg==,34.3,23.3,27.2,32.7,29.9,29.5,하락,2.8,34.9,23.4,27.2,33.1,30.1,29.7,하락,2.9,24.1,33.6,47.1,35.3,2021
광주,29,북구,29170,중,양산중학교,공립,광주광역시 북구 양산동,UzA1MDAwMDE5Ng==,24.1,19.9,30.3,26.6,29.6,26.1,반등,3.1,23.9,19.8,30.8,27.1,29.1,26.1,반등,2.0,32.2,32.2,47.7,38.7,2023
광주,29,북구,29170,중,문산중학교,공립,광주광역시 북구 문흥동,UzA1MDAwMDE4Ng==,28.8,25.4,34.2,28.0,28.6,29.0,반등,0.6,28.9,24.5,33.6,27.9,28.8,28.7,반등,0.9,38.5,36.6,33.3,37.1,2023
광주,29,북구,29170,중,광주동신여자중학교,사립,광주동신여자중학교,UzA1MDAwMDE3Mw==,34.1,29.3,31.0,23.9,27.6,29.2,반등,3.7,32.6,28.0,30.6,23.8,28.5,28.7,반등,4.6,20.0,39.0,37.0,21.6,2021
광주,29,북구,29170,중,용봉중학교,공립,광주광역시 북구 오치1동,UzA1MDAwMDE5Nw==,27.1,21.3,33.8,30.3,28.2,28.1,연속↓,2.1,26.9,21.6,32.4,29.9,28.4,27.8,연속↓,1.5,27.1,43.1,44.4,47.7,2023
광주,29,북구,29170,중,전남대학교사범대학부설중학교,국립,전남대학교사범대학부설중학교,UzAwMDAwMzUxNw==,27.7,16.7,24.0,25.3,28.5,24.4,연속↑,3.2,27.8,16.0,23.7,25.7,28.2,24.3,연속↑,2.5,45.5,31.8,30.7,46.5,2025
광주,29,북구,29170,중,지산중학교,공립,광주광역시 북구 본촌동,UzA1MDAwMTE3MQ==,20.4,23.6,22.1,22.9,27.3,23.3,연속↑,4.4,19.8,22.8,22.7,23.0,28.0,23.3,연속↑,5.1,26.9,40.4,36.7,43.1,2025
광주,29,북구,29170,중,운암중학교,공립,광주광역시 북구 운암3동,UzA1MDAwMDIwMA==,32.3,25.5,30.8,31.0,28.4,29.6,하락,2.6,31.8,25.2,30.6,31.6,27.9,29.4,하락,3.7,50.7,34.4,38.2,32.9,2021
광주,29,북구,29170,중,문화중학교,공립,광주광역시 북구 우산동,UzA1MDAwMDE4OA==,27.8,20.4,25.1,24.0,28.8,25.2,반등,4.8,27.2,20.0,24.7,23.4,27.9,24.6,반등,4.5,45.5,28.3,36.4,46.2,2025
광주,29,북구,29170,중,신용중학교,공립,광주광역시 북구 신용동,UzA1MDAwMTI4MA==,24.6,18.9,30.5,34.4,28.3,27.3,하락,6.2,25.9,18.8,29.0,34.4,26.8,27.0,하락,7.7,41.2,25.4,44.0,45.1,2024
광주,29,북구,29170,중,금호중앙중학교,사립,광주 북구 운암2동,UzA1MDAwMDE4MA==,25.7,20.7,25.2,24.4,25.7,24.3,반등,1.3,25.4,21.0,25.2,24.3,26.6,24.5,반등,2.2,30.8,45.6,26.6,36.3,2025
광주,29,북구,29170,중,각화중학교,공립,광주광역시 북구 각화동,UzA1MDAwMDE2OQ==,30.9,21.1,27.0,22.5,26.6,25.6,반등,4.0,31.2,21.0,26.1,22.0,25.7,25.2,반등,3.6,40.0,27.2,37.4,44.7,2021
광주,29,북구,29170,중,우산중학교,공립,광주광역시 북구 오치동,UzA1MDAwMDE5OA==,25.1,24.4,33.5,27.0,24.9,27.0,연속↓,2.1,25.7,24.8,33.9,27.6,25.5,27.5,연속↓,2.1,28.9,35.9,28.9,52.1,2023
광주,29,북구,29170,중,광주동신중학교,사립,광주동신중학교,UzA1MDAwMDE3NA==,20.6,20.9,36.0,34.6,26.4,27.7,연속↓,8.2,20.4,19.8,34.5,34.2,25.3,26.8,연속↓,8.8,53.0,24.8,31.6,40.3,2023
광주,29,북구,29170,중,고려중학교,사립,광주광역시 북구 삼각동,UzA1MDAwMDE3MQ==,26.8,17.1,24.3,21.7,25.0,23.0,반등,3.2,25.3,17.3,24.2,21.4,24.1,22.5,반등,2.8,34.2,28.0,29.2,32.9,2021
광주,29,북구,29170,중,일신중학교,공립,광주광역시 북구 일곡동,UzA1MDAwMTE3Mw==,30.0,23.2,27.9,26.0,25.1,26.4,연속↓,0.9,30.4,22.6,27.7,25.5,24.1,26.1,연속↓,1.4,41.3,23.3,31.8,38.4,2021
광주,29,북구,29170,중,일곡중학교,공립,광주광역시 북구 일곡동,UzA1MDAwMDIwMQ==,31.7,22.3,25.1,31.1,22.7,26.6,하락,8.4,31.2,22.4,25.6,31.7,23.3,26.8,하락,8.4,20.8,31.8,27.4,38.0,2024
광주,29,북구,29170,중,서강중학교,사립,광주광역시 북구 서강로1,UzA1MDAwMDE5Mw==,23.8,23.0,27.9,26.8,21.8,24.7,연속↓,5.0,24.3,23.9,29.2,27.7,22.8,25.6,연속↓,4.9,14.6,35.1,29.9,24.9,2023
광주,29,북구,29170,중,광주체육중학교,공립,광주체육중학교,UzA1MDAwMDE4Mg==,23.5,23.1,32.1,25.8,23.4,25.6,연속↓,2.4,23.9,23.1,31.5,24.5,22.3,25.0,연속↓,2.2,38.6,19.1,28.6,50.6,2023
광주,29,북구,29170,중,광주북성중학교,공립,광주북성중학교,UzA1MDAwMDE3Ng==,19.8,17.1,17.4,21.5,22.1,19.6,연속↑,0.6,20.9,17.3,17.8,22.3,22.3,20.1,→보합,0.1,23.7,34.5,27.1,61.0,2025
광주,29,북구,29170,중,용두중학교,공립,광주광역시 북구 용두동,UzA1MDAwMTIzNw==,30.2,26.2,30.6,25.4,22.1,26.9,연속↓,3.4,30.8,26.2,31.7,26.2,22.2,27.4,연속↓,4.0,23.8,29.0,27.8,44.2,2023
광주,29,북구,29170,중,광주숭일중학교,사립,광주숭일중학교,UzA1MDAwMDE3OA==,27.1,24.1,27.5,23.5,23.0,25.1,연속↓,0.5,26.7,23.5,26.7,22.8,22.0,24.3,연속↓,0.9,35.2,21.9,37.0,33.9,2023
광주,29,북구,29170,중,신광중학교,공립,광주광역시 북구 면앙로165번길,UzA1MDAwMDE5NQ==,36.0,27.5,27.2,24.9,20.6,27.2,연속↓,4.3,34.6,27.0,26.2,23.6,19.9,26.2,연속↓,3.7,35.5,23.7,38.2,55.3,2021
광주,29,북구,29170,중,광주경신중학교,사립,광주경신중학교,UzA1MDAwMDE3Mg==,27.4,25.7,25.7,20.9,18.5,23.6,연속↓,2.4,26.1,25.3,25.3,20.8,17.9,23.1,연속↓,2.9,32.3,16.9,30.0,49.4,2021
광주,29,북구,29170,고,전남대학교사범대학부설고등학교,국립,전남대학교사범대학부설고등학교,UzAwMDAwMzUxNg==,21.3,14.5,20.6,36.8,31.0,24.8,하락,5.8,22.4,14.2,20.9,36.0,31.0,24.9,하락,5.1,32.4,31.4,34.8,20.9,2024
광주,29,북구,29170,고,광주제일고등학교,공립,광주제일고등학교,UzA1MDAwMDEyMw==,32.8,20.5,16.9,17.1,27.4,22.9,연속↑,10.4,32.2,21.0,16.4,17.8,27.6,23.0,연속↑,9.8,29.3,31.9,31.9,23.2,2021
광주,29,북구,29170,고,광주숭일고등학교,사립,광주숭일고등학교,UzA1MDAwMDExMA==,28.7,32.7,34.6,32.6,26.0,30.9,연속↓,6.6,29.4,33.3,34.0,32.5,26.5,31.1,연속↓,6.0,27.4,33.3,25.4,6.1,2023
광주,29,북구,29170,고,고려고등학교,사립,광주광역시 북구 삼각동,UzA1MDAwMDA4OA==,20.9,22.2,38.5,31.3,25.8,27.7,연속↓,5.4,20.6,21.9,35.8,30.4,25.8,26.9,연속↓,4.5,34.0,28.2,23.9,5.2,2023
광주,29,북구,29170,고,문정여자고등학교,공립,광주광역시 북구 오치1동,UzA1MDAwMTIzNg==,15.1,11.2,22.7,25.6,24.0,19.7,하락,1.7,14.4,10.8,22.8,25.5,24.2,19.5,하락,1.2,19.3,28.4,28.8,13.4,2024
광주,29,북구,29170,고,서강고등학교,사립,광주광역시 북구 운암동,UzA1MDAwMDE0NQ==,26.6,30.4,27.4,38.9,23.4,29.4,하락,15.5,26.2,30.7,28.5,38.9,23.7,29.6,하락,15.1,24.9,26.1,24.3,5.3,2024
광주,29,북구,29170,고,빛고을고등학교,공립,광주광역시 북구 신용동,UzA1MDAwMTI4Mw==,18.9,24.0,20.3,25.4,23.0,22.3,하락,2.3,18.0,22.9,19.3,24.6,22.8,21.5,하락,1.8,25.4,24.2,23.6,28.0,2024
광주,29,북구,29170,고,금파공업고등학교,사립,광주광역시 북구 운암2동,UzA1MDAwMDEyOQ==,4.7,5.6,7.4,5.6,22.6,9.2,반등,16.9,4.3,5.4,7.4,5.4,21.1,8.7,반등,15.7,31.8,13.9,40.9,27.1,2025
광주,29,북구,29170,고,국제고등학교,사립,광주광역시 북구 삼각동,UzA1MDAwMDEyOA==,25.8,19.1,28.2,39.3,21.0,26.7,하락,18.3,27.3,19.4,27.4,39.3,20.9,26.8,하락,18.4,28.9,25.3,22.7,1.3,2024
광주,29,북구,29170,고,전남여자상업고등학교,사립,전남여자상업고등학교,UzA1MDAwMDE2Mw==,37.1,34.7,24.1,27.7,21.1,28.9,하락,6.6,38.2,33.5,25.6,25.7,20.8,28.7,하락,4.9,27.1,25.4,19.7,10.9,2021
광주,29,북구,29170,고,살레시오고등학교,사립,광주광역시 북구 일곡동,UzA1MDAwMDE0Mg==,16.9,36.0,24.3,35.6,20.8,26.7,하락,14.7,15.9,36.2,24.2,34.1,20.6,26.2,하락,13.5,24.7,20.2,20.5,27.1,2022
광주,29,북구,29170,고,광주동신여자고등학교,사립,광주동신여자고등학교,UzA1MDAwMDEwMw==,35.0,30.1,31.2,31.3,21.6,29.8,하락,9.7,34.6,29.0,29.5,31.4,20.4,29.0,하락,11.0,35.9,14.1,28.2,12.0,2021
광주,29,북구,29170,고,광주동신고등학교,사립,광주동신고등학교,UzA1MDAwMDEwMg==,23.1,26.3,25.4,26.4,18.2,23.9,하락,8.2,23.7,28.6,25.6,27.8,18.4,24.8,하락,9.4,18.5,27.5,21.7,3.1,2022
광주,29,북구,29170,고,광주경신여자고등학교,사립,광주경신여자고등학교,UzA1MDAwMDA5Mw==,23.0,22.2,29.2,26.4,17.3,23.6,연속↓,9.1,22.9,22.8,28.4,26.9,17.3,23.7,연속↓,9.6,22.7,19.6,15.8,,2023
광주,29,북구,29170,고,금호고등학교,사립,광주광역시 북구 운암동,UzA1MDAwMDEzMQ==,25.7,22.5,27.6,18.2,16.0,22.0,연속↓,2.3,25.1,21.6,26.3,17.4,15.7,21.2,연속↓,1.7,23.8,14.3,15.4,19.7,2023
광주,29,북구,29170,고,금호중앙여자고등학교,사립,광주 북구 운암2동,UzA1MDAwMDEyNQ==,41.4,36.1,40.1,32.0,13.2,32.5,연속↓,18.8,42.7,35.1,39.0,32.1,13.5,32.5,연속↓,18.6,8.5,16.4,16.8,4.3,2021
광주,29,북구,29170,고,광주예술고등학교,공립,광주예술고등학교,UzA1MDAwMDExNg==,8.3,8.5,9.8,8.7,16.0,10.3,반등,7.2,7.4,7.6,8.9,8.7,10.9,8.7,반등,2.2,7.1,24.1,44.8,78.3,2025
광주,29,북구,29170,고,광주체육고등학교,공립,광주체육고등학교,UzA1MDAwMDEyNw==,10.1,5.2,5.1,5.5,9.3,7.0,연속↑,3.8,10.0,5.2,5.2,4.8,9.2,6.9,반등,4.5,9.7,9.7,14.0,62.7,2021
광주,29,북구,29170,고,광주자연과학고등학교,공립,광주자연과학고등학교,UzA1MDAwMDExOQ==,6.8,4.9,6.7,9.7,9.1,7.4,하락,0.6,6.9,4.6,6.0,10.3,9.1,7.4,하락,1.2,,11.5,,49.1,2024
광주,29,북구,29170,고,광주공업고등학교,공립,광주공업고등학교,UzA1MDAwMDA5Nw==,18.7,6.5,7.4,5.9,13.5,10.4,반등,7.6,17.3,6.1,7.1,6.0,8.6,9.0,반등,2.5,15.8,31.6,44.4,55.6,2021
광주,29,광산구,29200,중,수완하나중학교,공립,광주광역시 광산구 수완동,UzA1MDAwMTQyMA==,29.9,23.9,42.4,33.6,33.6,32.7,→보합,,29.8,23.2,42.8,33.6,34.4,32.8,반등,0.8,22.7,52.7,50.5,24.4,2023
광주,29,광산구,29200,중,산정중학교,공립,광주광역시 광산구 산정동,UzA1MDAwMTI0NA==,16.2,20.2,35.8,33.3,33.9,27.9,반등,0.7,16.7,20.7,36.4,33.1,33.3,28.0,반등,0.2,45.6,32.8,45.2,37.0,2023
광주,29,광산구,29200,중,월봉중학교,공립,광주광역시 광산구 산월동,UzA1MDAwMTE5Mg==,31.3,18.8,24.9,28.4,30.8,26.8,연속↑,2.4,31.3,18.9,25.0,28.8,31.8,27.2,연속↑,3.1,30.3,48.8,33.6,34.1,2025
광주,29,광산구,29200,중,수완중학교,공립,광주광역시 광산구 수완동,UzA1MDAwMTI0OA==,29.5,25.9,33.4,29.0,30.7,29.7,반등,1.7,30.4,25.6,32.1,28.2,29.7,29.2,반등,1.5,38.7,30.3,45.0,36.0,2023
광주,29,광산구,29200,중,월계중학교,공립,광주광역시 광산구 월계동,UzA1MDAwMDQwMQ==,31.9,22.8,26.1,22.2,30.0,26.6,반등,7.8,31.7,22.3,26.2,21.4,29.6,26.2,반등,8.2,29.6,34.4,46.0,42.0,2021
광주,29,광산구,29200,중,평동중학교,공립,광주광역시 광산구 용동,UzA1MDAwMDM2Ng==,30.2,30.6,22.2,25.2,29.4,27.5,연속↑,4.2,28.4,30.0,21.5,24.9,28.6,26.7,연속↑,3.8,48.3,31.0,34.5,26.7,2022
광주,29,광산구,29200,중,장덕중학교,공립,광주광역시 광산구 장덕동,UzA1MDAwMTI0Nw==,28.6,25.0,32.6,29.2,27.9,28.7,연속↓,1.3,28.4,23.9,32.2,28.5,28.6,28.3,반등,0.1,28.6,38.3,32.7,32.1,2023
광주,29,광산구,29200,중,임곡중학교,사립,광주 광산구 임곡동,UzA1MDAwMDQwMw==,29.6,16.1,20.0,21.4,28.4,23.1,연속↑,7.0,30.8,15.8,19.4,21.4,27.9,23.1,연속↑,6.5,50.0,33.3,25.0,58.3,2021
광주,29,광산구,29200,중,운남중학교,공립,광주광역시 광산구 목련로,UzA1MDAwMDQwMA==,24.9,23.9,29.2,28.8,28.0,26.9,연속↓,0.8,24.4,24.5,29.7,28.7,27.2,26.9,연속↓,1.5,39.1,32.0,36.5,50.3,2023
광주,29,광산구,29200,중,봉산중학교,공립,광주광역시 광산구 산월동,UzA1MDAwMTEzMw==,33.2,28.1,26.0,28.9,26.8,28.6,하락,2.1,32.3,27.8,26.8,29.1,27.1,28.6,하락,2.0,43.1,34.1,29.9,28.7,2021
광주,29,광산구,29200,중,성덕중학교,공립,광주광역시 광산구 장덕동,UzA1MDAwMTI0NQ==,29.0,22.8,31.2,30.7,27.1,28.2,연속↓,3.6,27.6,22.3,30.6,30.3,26.7,27.5,연속↓,3.6,20.0,28.2,43.6,34.2,2023
광주,29,광산구,29200,중,신가중학교,공립,광주광역시 광산구 신가동,UzA1MDAwMTEzMQ==,25.5,17.5,29.0,26.9,27.1,25.2,반등,0.2,25.2,17.4,28.7,27.0,25.8,24.8,연속↓,1.2,22.5,37.3,50.6,42.5,2023
광주,29,광산구,29200,중,하남중학교,공립,광주광역시 광산구 월곡2동,UzA1MDAwMDQxMA==,21.5,19.6,30.1,23.3,25.3,23.9,반등,2.0,21.7,19.4,30.6,22.9,25.5,24.0,반등,2.6,35.2,33.0,31.8,47.7,2023
광주,29,광산구,29200,중,고실중학교,공립,광주광역시 광산구 장덕동,UzA1MDAwMTQ3Mg==,17.6,22.4,21.1,19.4,25.4,21.2,반등,6.0,17.0,21.9,21.4,19.5,25.5,21.1,반등,5.9,33.0,36.5,33.5,40.1,2025
광주,29,광산구,29200,중,송정중학교,공립,광주 광산구 송정2동,UzA1MDAwMDM5OA==,21.1,18.7,18.6,18.1,25.5,20.4,반등,7.3,21.3,18.6,18.7,18.9,25.0,20.5,연속↑,6.0,27.3,27.3,32.6,48.8,2025
광주,29,광산구,29200,중,광주진흥중학교,사립,광주진흥중학교,UzA1MDAwMDE4MQ==,25.7,19.5,29.6,23.8,23.5,24.4,연속↓,0.3,25.9,19.9,29.2,25.1,24.4,24.9,연속↓,0.7,19.6,37.4,29.6,31.0,2023
광주,29,광산구,29200,중,신창중학교,공립,광주광역시 광산구 신창동,UzA1MDAwMTE3MA==,27.2,25.5,35.6,27.6,23.8,27.9,연속↓,3.8,27.0,25.2,35.9,28.3,23.9,28.1,연속↓,4.5,27.0,30.0,31.1,40.0,2023
광주,29,광산구,29200,중,월곡중학교,공립,광주 광산구 월곡1동,UzA1MDAwMDQwMg==,23.1,26.4,28.4,27.2,24.3,25.9,연속↓,2.9,22.0,24.4,28.1,26.8,23.7,25.0,연속↓,3.0,24.3,22.0,35.3,53.2,2023
광주,29,광산구,29200,중,천곡중학교,공립,광주광역시 광산구 월계동,UzA1MDAwMDQwNg==,20.9,17.5,22.5,25.7,23.3,22.0,하락,2.4,20.2,16.2,21.6,24.8,23.0,21.2,하락,1.8,36.7,27.5,27.3,40.7,2024
광주,29,광산구,29200,중,정광중학교,사립,광주광역시 광산구 소촌로,UzA1MDAwMDQwNA==,32.2,25.1,20.6,23.9,21.4,24.7,하락,2.5,33.4,24.7,20.3,24.3,22.8,25.1,하락,1.5,16.6,42.3,28.5,42.9,2021
광주,29,광산구,29200,중,영천중학교,공립,광주광역시 광산구 월곡동,UzA1MDAwMTEzMg==,20.8,21.8,28.4,21.9,22.1,23.0,반등,0.3,20.9,20.5,28.7,21.5,22.3,22.8,반등,0.8,17.9,31.0,43.6,44.3,2023
광주,29,광산구,29200,중,광산중학교,공립,광주 광산구 우산동,UzA1MDAwMDM2NQ==,31.7,18.1,26.3,25.0,22.3,24.7,연속↓,2.7,32.6,17.9,25.8,24.1,22.1,24.5,연속↓,2.0,25.6,33.3,35.8,50.0,2021
광주,29,광산구,29200,중,금구중학교,공립,광주광역시 광산구 운남동,UzA1MDAwMDM4Mg==,20.9,22.3,24.0,20.1,21.4,21.7,반등,1.3,20.2,21.6,24.0,20.7,21.7,21.7,반등,1.0,23.3,34.4,25.1,45.7,2023
광주,29,광산구,29200,중,비아중학교,사립,광주광역시 광산구 월계동,UzA1MDAwMDM5Mw==,18.4,20.5,23.2,21.4,,20.9,-,,17.4,19.3,22.5,21.1,,20.1,-,,,,,,2023
광주,29,광산구,29200,중,선운중학교,공립,광주광역시 광산구 선암동,UzA1MDAwMTI3NQ==,24.5,17.0,29.7,22.4,20.0,22.7,연속↓,2.3,26.0,16.8,31.7,24.2,20.8,23.9,연속↓,3.4,23.8,36.1,26.7,38.8,2023
광주,29,광산구,29200,중,송광중학교,공립,광주광역시 광산구 송정동,UzA1MDAwMTEzMA==,27.3,21.9,20.3,23.4,20.9,22.8,하락,2.4,27.9,22.3,20.6,23.3,20.7,23.0,하락,2.6,32.5,26.8,23.2,57.0,2021
광주,29,광산구,29200,중,첨단중학교,공립,광주 광산구 월계동,UzA1MDAwMTEyMA==,24.7,19.3,29.9,22.2,18.8,23.0,연속↓,3.4,24.0,19.4,30.0,22.4,19.0,23.0,연속↓,3.3,25.0,23.6,23.2,51.4,2023
광주,29,광산구,29200,고,광주소프트웨어마이스터고등학교,공립,광주소프트웨어마이스터고등학교,UzA1MDAwMDEyMA==,39.7,53.4,55.7,72.3,40.3,52.3,하락,32.0,36.7,53.2,54.2,69.8,37.9,50.3,하락,31.9,64.8,26.2,46.2,15.5,2024
광주,29,광산구,29200,고,운남고등학교,공립,광주광역시 광산구 운남동,UzA1MDAwMTExOA==,23.3,35.6,32.8,40.7,33.0,33.1,하락,7.7,24.1,35.0,33.6,42.1,34.2,33.8,하락,7.9,30.2,45.9,30.7,7.6,2024
광주,29,광산구,29200,고,정광고등학교,사립,광주광역시 광산구 소촌동,UzA1MDAwMDE2NQ==,25.1,26.0,36.1,30.4,32.2,29.9,반등,1.8,25.2,25.1,34.3,29.0,31.0,28.9,반등,2.0,56.3,26.4,26.7,7.1,2023
광주,29,광산구,29200,고,동명고등학교,사립,광주광역시 광산구 서봉동,UzA1MDAwMDEzNQ==,22.6,6.7,6.7,14.1,30.8,16.2,연속↑,16.7,21.6,6.6,6.4,13.2,30.0,15.6,연속↑,16.8,42.6,27.7,30.9,1.5,2025
광주,29,광산구,29200,고,성덕고등학교,공립,광주광역시 광산구 장덕동,UzA1MDAwMTI3OA==,14.3,23.0,24.5,22.5,26.8,22.2,반등,4.3,13.4,21.5,25.2,22.8,27.2,22.0,반등,4.4,27.8,38.2,30.0,7.3,2025
광주,29,광산구,29200,고,광주진흥고등학교,사립,광주진흥고등학교,UzA1MDAwMDEyNg==,11.5,23.9,22.4,30.5,26.5,23.0,하락,4.0,11.4,22.5,23.3,31.6,26.5,23.1,하락,5.1,28.1,26.9,28.5,10.1,2024
광주,29,광산구,29200,고,보문고등학교,사립,광주광역시 광산구 운수동,UzA1MDAwMDEzOQ==,30.2,24.5,34.3,32.7,24.8,29.3,연속↓,7.9,29.8,23.4,33.2,32.7,24.9,28.8,연속↓,7.8,25.5,31.7,27.8,20.1,2023
광주,29,광산구,29200,고,비아고등학교,사립,광주광역시 광산구 월계동,UzA1MDAwMTQ4Mg==,17.2,13.5,19.6,20.5,24.2,19.0,연속↑,3.7,16.5,12.2,20.2,19.2,23.2,18.3,반등,4.0,30.2,17.9,29.1,2.6,2025
광주,29,광산구,29200,고,명진고등학교,사립,광주광역시 광산구 수완동,UzA1MDAwMDE0OA==,35.0,34.0,31.5,35.1,22.9,31.7,하락,12.1,34.0,33.5,31.1,34.4,23.1,31.2,하락,11.4,35.9,28.8,18.5,13.1,2024
광주,29,광산구,29200,고,첨단고등학교,공립,광주광역시 광산구 월계동,UzA1MDAwMTE1NQ==,22.7,27.3,23.8,37.6,21.5,26.6,하락,16.1,24.3,26.8,23.2,36.9,22.1,26.6,하락,14.8,24.7,27.5,23.7,4.9,2024
광주,29,광산구,29200,고,광주자동화설비마이스터고등학교,공립,광주자동화설비마이스터고등학교,UzA1MDAwMDEyMg==,35.4,49.6,11.1,14.9,22.4,26.7,연속↑,7.5,33.9,45.0,10.7,14.5,21.6,25.1,연속↑,7.1,,21.4,34.3,7.1,2022
광주,29,광산구,29200,고,수완고등학교,공립,광주광역시 광산구 수완동,UzA1MDAwMTIzMg==,18.0,21.0,28.6,40.6,21.1,25.8,하락,19.5,17.2,21.0,28.3,41.0,20.4,25.6,하락,20.6,24.7,19.3,23.7,22.1,2024
광주,29,광산구,29200,고,장덕고등학교,공립,광주광역시 광산구 장덕동,UzA1MDAwMTIzMA==,24.5,24.6,24.2,32.0,19.8,25.0,하락,12.2,22.8,23.8,23.4,30.6,20.2,24.1,하락,10.4,12.1,22.7,32.4,16.7,2024
광주,29,광산구,29200,고,광주전자공업고등학교,공립,광주전자공업고등학교,UzA1MDAwMDEyMQ==,8.7,7.3,26.5,29.5,20.1,18.4,하락,9.4,8.2,6.8,26.9,28.2,20.0,18.0,하락,8.3,31.8,34.1,34.1,16.3,2024
광주,29,광산구,29200,고,숭덕고등학교,사립,광주광역시 광산구 월계동,UzA1MDAwMDE1Mw==,35.9,31.5,26.0,30.0,18.3,28.3,하락,11.7,35.4,30.6,25.7,30.9,18.1,28.1,하락,12.8,30.8,20.8,19.5,3.1,2021
광주,29,광산구,29200,고,전남공업고등학교,공립,전남공업고등학교,UzA1MDAwMDE1Ng==,,5.6,8.5,10.1,16.4,10.2,연속↑,6.3,,5.2,8.9,9.2,13.3,9.1,연속↑,4.1,62.5,12.5,31.3,40.5,2025
광주,29,광산구,29200,고,광일고등학교,사립,광주광역시 광산구 임곡동,UzA1MDAwMDA5Mg==,6.6,10.8,4.0,4.9,12.0,7.6,연속↑,7.1,6.3,11.0,3.8,4.7,11.2,7.4,연속↑,6.6,18.6,7.5,14.4,38.1,2025
대전,30,유성구,30200,중,대전전민중학교,공립,대전전민중학교,UzA2MDAwMDQ3NQ==,50.2,31.8,45.7,42.0,49.6,43.9,반등,7.6,50.0,31.0,43.6,41.7,48.9,43.0,반등,7.1,62.1,55.1,61.0,17.8,2021
대전,30,유성구,30200,중,대덕중학교,공립,대전광역시 유성구 가정동,UzA2MDAwMDQ1MA==,32.3,31.7,58.6,53.9,48.0,44.9,연속↓,5.9,32.6,31.5,56.6,52.7,46.8,44.0,연속↓,5.8,47.9,44.3,67.1,21.0,2023
대전,30,유성구,30200,중,대전문지중학교,공립,대전문지중학교,UzA2MDAwMDQ2Mg==,35.6,28.0,35.3,37.4,45.9,36.4,연속↑,8.5,36.4,27.5,34.6,36.6,45.3,36.1,연속↑,8.7,54.1,54.9,53.5,29.7,2025
대전,30,유성구,30200,중,대전노은중학교,공립,대전노은중학교,UzA2MDAwMDQ1NQ==,41.3,29.9,45.3,42.9,43.2,40.5,반등,0.3,39.4,28.9,44.2,42.0,41.9,39.3,연속↓,0.1,59.3,41.2,49.5,21.9,2023
대전,30,유성구,30200,중,대전봉명중학교,공립,대전봉명중학교,UzA2MDAwMTE4MA==,35.7,28.8,34.3,41.5,42.8,36.6,연속↑,1.2,34.8,28.3,33.4,40.5,41.1,35.6,연속↑,0.6,52.6,37.8,58.2,30.8,2025
대전,30,유성구,30200,중,유성중학교,공립,대전광역시 유성구 상대동,UzA2MDAwMDQ4NQ==,37.8,26.5,37.4,39.5,41.0,36.4,연속↑,1.5,37.1,26.2,37.1,38.4,40.7,35.9,연속↑,2.3,49.3,47.6,49.8,31.5,2025
대전,30,유성구,30200,중,대전둔곡중학교,공립,대전둔곡중학교,UzA2MDAwMTM4NA==,,,,55.5,40.9,48.2,하락,14.6,,,,52.4,40.4,46.4,하락,12.0,75.0,62.5,42.1,42.1,2024
대전,30,유성구,30200,중,대전하기중학교,공립,대전하기중학교,UzA2MDAwMTExNg==,34.9,26.0,48.8,38.9,40.3,37.8,반등,1.4,33.4,25.0,48.7,38.3,40.0,37.1,반등,1.7,49.7,41.3,51.8,21.1,2023
대전,30,유성구,30200,중,대전동화중학교,공립,대전동화중학교,UzA2MDAwMTExNw==,51.3,33.4,44.2,44.4,39.7,42.6,하락,4.7,51.4,33.3,43.5,43.6,38.3,42.0,하락,5.3,45.6,38.3,49.6,36.0,2021
대전,30,유성구,30200,중,대전어은중학교,공립,대전어은중학교,UzA2MDAwMDQ3Mg==,49.9,31.5,42.3,40.7,39.5,40.8,연속↓,1.3,47.6,30.5,41.4,39.4,38.3,39.4,연속↓,1.1,54.2,42.5,52.3,31.5,2021
대전,30,유성구,30200,중,대전덕명중학교,공립,대전덕명중학교,UzA2MDAwMTI0NQ==,39.6,24.1,34.2,32.2,36.7,33.4,반등,4.5,39.0,23.3,33.5,31.1,35.4,32.5,반등,4.3,46.2,36.4,51.9,32.7,2021
대전,30,유성구,30200,중,대전관평중학교,공립,대전관평중학교,UzA2MDAwMTE3NA==,41.9,28.8,39.4,38.9,35.8,37.0,연속↓,3.1,41.2,28.0,38.5,37.6,35.4,36.1,연속↓,2.2,49.6,42.5,44.7,24.5,2021
대전,30,유성구,30200,중,대전새미래중학교,공립,대전새미래중학교,UzA2MDAwMTI5MA==,30.6,20.2,26.3,30.1,35.8,28.6,연속↑,5.7,30.5,19.5,25.7,30.5,34.6,28.1,연속↑,4.1,44.5,38.3,55.5,34.3,2025
대전,30,유성구,30200,중,대전자운중학교,공립,대전자운중학교,UzA2MDAwMTA5MA==,38.9,24.8,23.0,28.9,35.7,30.2,연속↑,6.7,38.7,24.2,22.1,28.9,33.7,29.5,연속↑,4.8,45.2,37.8,54.8,34.3,2021
대전,30,유성구,30200,중,대전지족중학교,공립,대전지족중학교,UzA2MDAwMDQ3Nw==,36.0,28.9,33.8,40.1,35.0,34.7,하락,5.1,34.9,28.5,32.5,38.6,32.9,33.5,하락,5.7,56.7,30.7,45.1,30.0,2024
대전,30,유성구,30200,중,대전원신흥중학교,공립,대전원신흥중학교,UzA2MDAwMTM3NQ==,,27.0,33.8,33.3,32.1,31.6,연속↓,1.2,,26.1,32.8,32.0,31.4,30.6,연속↓,0.6,48.8,35.8,41.3,34.8,2023
대전,30,유성구,30200,중,대전외삼중학교,공립,대전외삼중학교,UzA2MDAwMTA2NA==,41.8,28.7,42.7,41.5,33.1,37.6,연속↓,8.4,41.8,27.9,41.0,39.7,31.3,36.4,연속↓,8.4,48.9,26.9,50.4,37.3,2021
대전,30,유성구,30200,중,대전두리중학교,공립,대전두리중학교,UzA2MDAwMTA2Ng==,36.8,24.1,34.0,32.5,29.5,31.4,연속↓,3.0,37.4,24.2,34.6,31.9,28.3,31.3,연속↓,3.6,35.4,28.2,46.0,40.9,2021
대전,30,유성구,30200,중,대전송강중학교,공립,대전송강중학교,UzA2MDAwMDQ3MQ==,27.3,20.5,25.3,30.9,29.6,26.7,하락,1.3,26.2,20.1,23.4,29.0,27.9,25.3,하락,1.1,47.1,21.6,36.5,42.2,2024
대전,30,유성구,30200,중,진잠중학교,공립,대전광역시 유성구 원내동,UzA2MDAwMDQ4Ng==,34.4,19.5,27.7,31.2,27.3,28.0,하락,3.9,34.5,19.4,28.2,31.1,27.6,28.1,하락,3.4,32.5,35.7,31.5,48.0,2021
대전,30,유성구,30200,중,대전장대중학교,공립,대전장대중학교,UzA2MDAwMTA2MQ==,33.6,26.6,30.5,29.1,28.5,29.6,연속↓,0.7,33.2,26.0,30.5,27.7,27.5,29.0,연속↓,0.2,42.5,31.0,36.6,49.3,2021
대전,30,유성구,30200,중,대전체육중학교,공립,대전체육중학교,UzA2MDAwMDQ3OA==,12.8,17.4,22.3,20.3,19.6,18.5,연속↓,0.7,13.3,18.3,22.1,19.4,21.7,18.9,반등,2.3,23.3,48.4,11.6,39.5,2023
대전,30,유성구,30200,중,성덕중학교,사립,대전광역시 유성구 신성동,UzA2MDAwMDQ4Mg==,28.2,22.7,29.9,29.1,22.0,26.4,연속↓,7.2,28.2,22.5,28.5,27.6,21.0,25.6,연속↓,6.6,23.2,22.3,37.3,56.7,2023
대전,30,유성구,30200,고,대덕고등학교,공립,대전광역시 유성구 도룡동,UzA2MDAwMDE2Nw==,20.7,20.3,37.6,24.7,36.5,28.0,반등,11.8,21.3,18.5,33.7,26.4,36.0,27.2,반등,9.7,39.2,36.4,44.8,5.1,2025
대전,30,유성구,30200,고,중일고등학교,사립,대전광역시 유성구 관평동,UzA2MDAwMDIzMQ==,22.6,29.5,26.2,41.2,36.0,31.1,하락,5.2,20.6,29.3,25.4,41.9,35.8,30.6,하락,6.2,30.0,35.6,57.6,2.5,2024
대전,30,유성구,30200,고,대덕소프트웨어마이스터고등학교,공립,대전광역시 유성구 장동,UzA2MDAwMDE3MA==,11.3,12.3,10.6,9.9,33.4,15.5,반등,23.4,11.7,13.4,11.3,9.8,34.1,16.1,반등,24.3,28.1,40.6,41.0,6.6,2025
대전,30,유성구,30200,고,대전전민고등학교,공립,대전전민고등학교,UzA2MDAwMTA4NQ==,30.5,23.7,24.7,26.1,30.8,27.2,연속↑,4.8,27.9,22.9,23.5,25.1,29.5,25.8,연속↑,4.4,56.0,31.4,33.5,2.6,2025
대전,30,유성구,30200,고,대전도안고등학교,공립,대전도안고등학교,UzA2MDAwMTI3NA==,24.3,24.4,30.7,21.1,30.0,26.1,반등,8.9,24.3,24.4,29.5,20.3,29.2,25.5,반등,8.8,46.6,28.5,44.0,1.0,2023
대전,30,유성구,30200,고,유성여자고등학교,사립,대전광역시 유성구 죽동,UzA2MDAwMDIyOQ==,40.8,31.4,35.4,42.2,27.6,35.5,하락,14.6,39.4,32.5,34.6,38.1,27.4,34.4,하락,10.7,35.7,27.4,35.0,6.6,2021
대전,30,유성구,30200,고,대전반석고등학교,공립,대전반석고등학교,UzA2MDAwMTA0OA==,11.2,12.1,31.8,31.1,24.3,22.1,연속↓,6.8,10.6,11.0,30.9,29.8,25.4,21.5,연속↓,4.4,20.2,38.2,37.8,3.8,2023
대전,30,유성구,30200,고,대전예술고등학교,사립,대전예술고등학교,UzA2MDAwMDE5OQ==,5.7,11.1,24.6,24.9,26.4,18.6,연속↑,1.5,5.2,10.3,23.0,23.3,24.6,17.3,연속↑,1.2,31.5,14.2,37.9,3.8,2025
대전,30,유성구,30200,고,유성고등학교,공립,대전광역시 유성구 구암동,UzA2MDAwMDIyNg==,34.1,30.0,23.5,37.0,25.9,30.1,하락,11.1,33.4,28.0,23.6,35.7,24.4,29.0,하락,11.3,35.2,19.2,31.2,3.7,2024
대전,30,유성구,30200,고,대전체육고등학교,공립,대전체육고등학교,UzA2MDAwMDIwNA==,8.2,10.2,8.9,27.2,22.8,15.5,하락,4.4,8.5,9.9,8.4,25.7,23.6,15.2,하락,2.2,35.8,47.8,12.1,28.8,2024
대전,30,유성구,30200,고,대전지족고등학교,공립,대전지족고등학교,UzA2MDAwMTA4OQ==,7.4,11.6,29.8,23.7,22.9,19.1,연속↓,0.7,7.0,11.8,30.5,24.5,22.9,19.4,연속↓,1.6,22.7,25.7,28.2,13.1,2023
대전,30,유성구,30200,고,대전노은고등학교,공립,대전노은고등학교,UzA2MDAwMDE4MA==,9.5,12.6,16.4,10.8,17.8,13.4,반등,7.1,8.7,11.8,15.1,9.8,18.3,12.7,반등,8.5,19.2,22.5,25.1,15.0,2025
대전,30,유성구,30200,고,대전용산고등학교,공립,대전용산고등학교,UzA2MDAwMTExMg==,7.8,7.4,46.8,51.1,17.5,26.1,하락,33.6,7.1,6.8,46.8,51.5,17.7,26.0,하락,33.8,28.4,25.7,15.2,7.4,2024
대전,30,유성구,30200,고,대전도시과학고등학교,공립,대전도시과학고등학교,UzA2MDAwMDE3Ng==,7.0,7.5,13.9,15.6,14.2,11.6,하락,1.5,7.6,7.5,13.7,15.5,14.1,11.7,하락,1.4,15.4,16.3,16.7,35.4,2024
대전,30,유성구,30200,고,대전전자디자인고등학교,공립,대전전자디자인고등학교,UzA2MDAwMDIwMQ==,5.6,7.1,8.0,4.2,10.8,7.1,반등,6.6,5.2,7.1,8.4,4.4,11.1,7.2,반등,6.7,9.6,13.3,14.0,38.5,2025
대전,30,유성구,30200,고,유성생명과학고등학교,공립,대전광역시 유성구 월드컵대로,UzA2MDAwMDIyOA==,13.1,8.7,10.6,9.9,7.6,10.0,연속↓,2.3,12.8,8.8,10.1,10.1,7.7,9.9,하락,2.4,7.9,10.1,8.5,20.5,2021
대전,30,서구,30170,중,대전삼육중학교,사립,대전삼육중학교,UzA2MDAwMDQ2OA==,60.8,33.1,41.4,50.0,59.0,48.8,연속↑,9.0,58.5,32.3,39.5,48.6,55.8,46.9,연속↑,7.2,73.1,51.8,78.8,21.2,2021
대전,30,서구,30170,중,대전문정중학교,공립,대전문정중학교,UzA2MDAwMDQ2MQ==,51.3,35.7,40.1,40.9,48.3,43.3,연속↑,7.4,52.6,35.5,40.0,40.2,47.8,43.2,연속↑,7.6,53.3,51.5,57.0,18.8,2021
대전,30,서구,30170,중,대전탄방중학교,공립,대전탄방중학교,UzA2MDAwMDQ3OQ==,48.6,33.9,50.5,47.8,42.8,44.7,연속↓,5.0,47.7,33.7,49.5,47.4,42.2,44.1,연속↓,5.2,52.9,41.9,46.6,29.2,2023
대전,30,서구,30170,중,기성중학교,공립,대전광역시 서구 흑석동,UzA2MDAwMDQ0OQ==,21.5,20.1,28.0,30.9,41.6,28.4,연속↑,10.7,21.5,19.1,27.4,30.5,39.9,27.7,연속↑,9.5,53.8,46.2,69.2,33.3,2025
대전,30,서구,30170,중,대전삼천중학교,공립,대전삼천중학교,UzA2MDAwMDQ2OQ==,38.1,31.6,39.2,42.3,36.1,37.5,하락,6.2,37.6,30.6,38.3,42.3,36.3,37.0,하락,6.1,40.3,55.1,37.5,27.7,2024
대전,30,서구,30170,중,동방여자중학교,사립,대전광역시 서구 복수동,UzA2MDAwMDQ4MA==,41.0,30.7,35.0,35.6,37.2,35.9,연속↑,1.6,40.8,31.0,35.6,35.1,35.5,35.6,반등,0.4,50.6,27.7,53.6,35.6,2021
대전,30,서구,30170,중,대전남선중학교,공립,대전남선중학교,UzA2MDAwMDQ1Mw==,31.6,25.6,28.4,26.0,35.0,29.3,반등,9.0,30.7,24.6,28.0,25.1,34.2,28.5,반등,9.1,42.1,36.8,46.2,38.5,2025
대전,30,서구,30170,중,대전도마중학교,공립,대전도마중학교,UzA2MDAwMDQ1Nw==,30.8,21.7,34.4,29.1,34.6,30.1,반등,5.4,29.5,20.4,33.7,28.4,33.3,29.0,반등,4.9,55.0,36.7,40.0,47.0,2023
대전,30,서구,30170,중,대전관저중학교,공립,대전관저중학교,UzA2MDAwMDQ1Mg==,31.0,29.8,36.2,33.0,32.7,32.5,연속↓,0.3,31.6,29.2,36.3,33.0,32.6,32.5,연속↓,0.4,38.4,40.2,44.9,29.0,2023
대전,30,서구,30170,중,대전갑천중학교,공립,대전갑천중학교,UzA2MDAwMDQ1MQ==,29.6,29.1,34.7,32.5,32.3,31.6,연속↓,0.2,30.2,28.5,34.3,33.3,31.6,31.6,연속↓,1.7,41.2,31.7,40.3,27.8,2023
대전,30,서구,30170,중,대전만년중학교,공립,대전만년중학교,UzA2MDAwMDQ2MA==,43.4,27.2,33.1,29.1,31.7,32.9,반등,2.6,42.6,26.8,32.3,29.0,31.2,32.4,반등,2.2,44.4,31.1,42.1,34.4,2021
대전,30,서구,30170,중,대전도안중학교,공립,대전도안중학교,UzA2MDAwMTIxNw==,40.7,33.7,39.2,37.0,31.6,36.4,연속↓,5.4,39.3,32.6,39.2,36.8,30.7,35.7,연속↓,6.1,33.8,28.3,52.1,30.3,2021
대전,30,서구,30170,중,대전대신중학교,사립,대전대신중학교,UzA2MDAwMDQ1Ng==,23.7,26.7,23.4,23.6,30.1,25.5,연속↑,6.5,23.6,26.4,24.2,24.6,30.7,25.9,연속↑,6.0,33.6,44.3,43.8,26.1,2025
대전,30,서구,30170,중,대전구봉중학교,공립,대전구봉중학교,UzA2MDAwMTA2NQ==,40.5,26.4,34.4,32.8,30.8,33.0,연속↓,2.0,40.0,26.3,33.5,32.2,30.5,32.5,연속↓,1.8,40.2,31.9,45.8,33.9,2021
대전,30,서구,30170,중,대전봉우중학교,공립,대전봉우중학교,UzA2MDAwMDQ2Ng==,34.9,26.3,34.7,30.0,31.4,31.5,반등,1.4,34.4,25.9,34.6,30.2,30.4,31.1,반등,0.2,33.9,28.3,44.7,36.7,2023
대전,30,서구,30170,중,대전둔산중학교,공립,대전둔산중학교,UzA2MDAwMDQ1OA==,26.2,24.0,31.3,25.1,30.6,27.4,반등,5.4,25.5,24.1,30.7,25.0,29.7,27.0,반등,4.8,47.4,31.8,35.9,41.1,2023
대전,30,서구,30170,중,대전정림중학교,공립,대전정림중학교,UzA2MDAwMDQ3Ng==,35.9,25.9,29.6,32.7,28.9,30.6,하락,3.8,36.0,25.4,28.0,31.7,28.3,29.9,하락,3.4,28.8,36.1,45.8,37.5,2021
대전,30,서구,30170,중,대전둔원중학교,공립,대전둔원중학교,UzA2MDAwMDQ1OQ==,35.4,28.7,28.5,26.3,28.1,29.4,반등,1.8,35.7,28.5,28.3,26.7,27.9,29.4,반등,1.2,33.5,37.4,36.4,41.5,2021
대전,30,서구,30170,중,대전괴정중학교,공립,대전괴정중학교,UzA2MDAwMTExOA==,26.9,26.7,31.7,25.4,26.6,27.4,반등,1.2,27.1,26.4,31.8,25.6,27.0,27.6,반등,1.4,26.2,31.3,34.7,45.6,2023
대전,30,서구,30170,중,대전버드내중학교,공립,대전버드내중학교,UzA2MDAwMDQ2Mw==,35.8,28.4,35.3,31.1,27.2,31.6,연속↓,3.9,36.3,27.7,36.1,31.0,26.8,31.6,연속↓,4.1,37.6,32.9,33.7,39.5,2021
대전,30,서구,30170,중,대전변동중학교,공립,대전변동중학교,UzA2MDAwMDQ2NA==,25.3,20.9,29.9,25.3,27.5,25.8,반등,2.3,25.3,20.6,29.0,24.3,26.6,25.1,반등,2.4,41.7,28.7,34.3,47.2,2023
대전,30,서구,30170,중,대전신계중학교,공립,대전신계중학교,UzA2MDAwMTA2Mg==,31.3,21.2,27.2,30.9,27.1,27.5,하락,3.7,31.2,20.9,26.7,29.8,26.4,27.0,하락,3.5,35.3,38.1,41.8,38.6,2021
대전,30,서구,30170,중,대전서중학교,공립,대전서중학교,UzA2MDAwMDQ3MA==,29.3,21.2,29.6,29.3,26.8,27.2,연속↓,2.5,28.4,20.3,29.1,29.3,26.2,26.6,하락,3.1,33.3,30.0,32.5,50.9,2024
대전,30,서구,30170,중,갈마중학교,공립,대전광역시 서구 갈마동,UzA2MDAwMDQ0OA==,27.3,20.7,21.2,24.3,26.5,24.0,연속↑,2.2,27.0,20.7,21.5,24.7,26.2,24.0,연속↑,1.5,34.8,34.8,30.4,63.0,2021
대전,30,서구,30170,중,대전월평중학교,공립,대전월평중학교,UzA2MDAwMDQ3Mw==,32.4,20.2,30.8,25.9,26.4,27.1,반등,0.5,31.4,18.6,30.2,25.5,26.0,26.3,반등,0.4,36.3,38.3,31.7,40.0,2021
대전,30,서구,30170,중,대전봉산중학교,공립,대전봉산중학교,UzA2MDAwMDQ2NQ==,34.3,22.7,27.2,26.3,26.1,27.3,연속↓,0.1,33.9,22.3,26.3,25.5,25.9,26.8,반등,0.4,36.1,33.3,26.3,35.6,2021
대전,30,서구,30170,중,대전느리울중학교,공립,대전느리울중학교,UzA2MDAwMTA2MA==,30.1,23.0,31.0,29.6,26.8,28.1,연속↓,2.9,29.6,23.3,30.8,28.8,25.9,27.7,연속↓,2.9,38.4,26.4,29.3,32.0,2023
대전,30,서구,30170,중,대전내동중학교,공립,대전내동중학교,UzA2MDAwMDQ1NA==,38.6,27.7,34.5,29.6,22.0,30.5,연속↓,7.6,36.9,27.8,33.5,29.3,22.0,29.9,연속↓,7.3,37.4,28.7,26.7,37.9,2021
대전,30,서구,30170,중,가수원중학교,공립,대전광역시 서구 가수원로,UzA2MDAwMDQ0Nw==,32.1,20.3,27.3,25.2,21.1,25.2,연속↓,4.1,31.4,19.9,27.3,25.3,21.4,25.1,연속↓,3.9,24.5,28.0,36.7,52.3,2021
대전,30,서구,30170,고,대전대신고등학교,사립,대전대신고등학교,UzA2MDAwMDE4MQ==,31.2,28.8,66.9,48.9,53.0,45.7,반등,4.1,29.6,27.4,65.7,48.6,52.5,44.8,반등,4.0,79.7,57.4,77.7,2.8,2023
대전,30,서구,30170,고,대전만년고등학교,공립,대전만년고등학교,UzA2MDAwMDE4Ng==,35.0,33.4,51.8,36.5,42.2,39.8,반등,5.6,33.9,31.8,49.3,38.6,41.1,39.0,반등,2.5,49.5,37.6,49.0,20.8,2023
대전,30,서구,30170,고,대전복수고등학교,공립,대전복수고등학교,UzA2MDAwMTE3Nw==,15.4,24.9,22.1,19.3,38.9,24.1,반등,19.5,14.5,25.2,22.2,19.0,38.8,23.9,반등,19.8,50.3,43.3,40.9,14.0,2025
대전,30,서구,30170,고,서일여자고등학교,사립,대전광역시 서구 관저동,UzA2MDAwMDIxOQ==,23.6,12.0,22.1,31.3,35.3,24.8,연속↑,4.0,23.5,13.0,22.7,30.8,32.4,24.5,연속↑,1.6,49.3,17.1,52.1,5.6,2025
대전,30,서구,30170,고,서대전여자고등학교,사립,대전여자고등학교,UzA2MDAwMDIxNg==,10.4,16.4,23.6,24.1,30.5,21.0,연속↑,6.4,12.2,19.5,27.3,27.8,30.3,23.4,연속↑,2.5,32.3,37.7,33.9,2.3,2025
대전,30,서구,30170,고,대전관저고등학교,공립,대전관저고등학교,UzA2MDAwMDE3OA==,20.8,15.7,35.2,24.7,29.7,25.2,반등,5.0,22.8,17.3,36.0,23.9,29.2,25.8,반등,5.3,40.5,31.5,34.0,6.5,2023
대전,30,서구,30170,고,충남고등학교,공립,충남고등학교,UzA2MDAwMDIzMw==,11.0,20.4,21.1,27.7,27.5,21.5,하락,0.2,11.2,21.4,20.1,25.9,29.1,21.5,연속↑,3.3,33.4,41.6,21.3,9.8,2025
대전,30,서구,30170,고,서일고등학교,사립,대전광역시 서구 관저동,UzA2MDAwMDIxNw==,22.0,14.2,28.9,28.5,28.1,24.3,연속↓,0.3,20.8,14.1,27.4,26.6,29.1,23.6,반등,2.5,37.1,36.1,22.8,2.2,2025
대전,30,서구,30170,고,대전제일고등학교,사립,대전제일고등학교,UzA2MDAwMDE4Nw==,13.7,15.0,18.0,28.6,28.5,20.7,하락,,15.5,14.8,17.7,26.8,28.1,20.6,연속↑,1.3,50.3,33.6,20.3,24.8,2025
대전,30,서구,30170,고,대전외국어고등학교,공립,대전외국어고등학교,UzA2MDAwMDIwMA==,19.5,22.7,30.8,22.9,27.6,24.7,반등,4.7,20.3,24.4,31.0,22.8,27.7,25.2,반등,4.9,37.6,34.0,42.7,0.8,2023
대전,30,서구,30170,고,한밭고등학교,공립,대전광역시 서구 갈마동,UzA2MDAwMDIzOQ==,25.2,10.4,19.6,22.5,27.5,21.0,연속↑,5.1,23.6,9.8,19.4,22.2,27.2,20.4,연속↑,4.9,42.2,27.1,24.8,3.4,2025
대전,30,서구,30170,고,동방고등학교,사립,대전광역시 서구 관저동,UzA2MDAwMDIwNw==,23.6,29.8,20.5,19.1,28.5,24.3,반등,9.5,24.6,30.2,21.4,19.5,26.8,24.5,반등,7.3,34.1,16.7,55.0,9.8,2022
대전,30,서구,30170,고,서대전고등학교,사립,대전고등학교,UzA2MDAwMDIxNA==,35.7,34.3,27.0,47.6,27.0,34.3,하락,20.6,35.2,34.7,25.9,47.6,26.6,34.0,하락,21.1,37.9,29.5,29.5,,2024
대전,30,서구,30170,고,대전둔원고등학교,공립,대전둔원고등학교,UzA2MDAwMDE4NQ==,16.4,17.3,17.5,17.0,27.0,19.0,반등,10.0,16.2,16.1,17.4,16.1,25.6,18.3,반등,9.5,34.2,20.9,49.3,17.1,2025
대전,30,서구,30170,고,대전괴정고등학교,공립,대전괴정고등학교,UzA2MDAwMTA4Ng==,21.8,21.3,26.9,23.8,23.4,23.4,연속↓,0.4,21.1,20.9,26.0,24.2,24.0,23.2,연속↓,0.1,24.7,30.7,20.0,8.1,2023
대전,30,서구,30170,고,대전구봉고등학교,공립,대전구봉고등학교,UzA2MDAwMTA0OQ==,24.0,32.7,32.3,31.1,20.8,28.2,연속↓,10.4,23.3,31.0,30.2,31.7,20.8,27.4,하락,10.9,25.0,25.5,23.7,3.6,2024
대전,30,서구,30170,고,대전둔산여자고등학교,공립,대전둔산여자고등학교,UzA2MDAwMDE4NA==,24.9,23.4,19.3,26.7,20.1,22.9,하락,6.6,22.7,21.9,17.6,27.0,20.6,22.0,하락,6.4,23.9,28.4,17.3,8.6,2024
대전,30,중구,30140,중,대전대성중학교,사립,대전대성중학교,UzA2MDAwMDI0OA==,33.8,27.2,33.3,42.0,40.8,35.4,하락,1.2,33.0,26.5,33.8,42.0,40.8,35.2,하락,1.3,52.1,48.9,50.4,34.3,2024
대전,30,중구,30140,중,대전여자중학교,공립,대전여자중학교,UzA2MDAwMDI1OQ==,38.6,24.4,34.1,35.4,33.8,33.2,하락,1.6,38.0,24.2,32.9,34.7,32.6,32.5,하락,2.1,47.6,29.7,43.1,37.8,2021
대전,30,중구,30140,중,대전태평중학교,공립,대전태평중학교,UzA2MDAwMDI2Nw==,31.9,24.3,32.6,30.3,31.4,30.1,반등,1.1,32.1,24.7,32.2,29.6,31.4,30.0,반등,1.8,41.3,37.9,37.3,38.6,2023
대전,30,중구,30140,중,충남여자중학교,공립,충남여자중학교,UzA2MDAwMDI3Ng==,41.8,26.4,33.9,30.1,31.6,32.7,반등,1.6,40.6,25.8,32.9,29.2,31.1,31.9,반등,1.8,29.2,31.9,50.5,29.7,2021
대전,30,중구,30140,중,대전문화여자중학교,공립,대전문화여자중학교,UzA2MDAwMDI1Ng==,29.2,21.3,25.4,29.9,31.9,27.5,연속↑,2.0,29.1,21.1,25.4,28.9,30.5,27.0,연속↑,1.6,46.9,26.3,40.4,47.4,2025
대전,30,중구,30140,중,호수돈여자중학교,사립,대전광역시 중구 선화동,UzA2MDAwMDI4MA==,22.0,19.9,28.9,30.5,30.2,26.3,하락,0.3,21.8,19.0,28.2,29.8,29.9,25.7,연속↑,0.1,41.4,32.7,44.0,29.0,2025
대전,30,중구,30140,중,대전글꽃중학교,공립,대전글꽃중학교,UzA2MDAwMTEzNQ==,36.3,29.7,35.7,32.3,30.3,32.9,연속↓,2.0,36.7,29.5,35.3,32.1,29.8,32.7,연속↓,2.3,38.9,31.9,48.5,30.5,2021
대전,30,중구,30140,중,청란여자중학교,사립,대전광역시 중구 부사동,UzA2MDAwMDI3NQ==,19.1,23.0,23.5,25.6,27.6,23.8,연속↑,2.0,19.9,22.9,23.2,25.7,27.8,23.9,연속↑,2.1,33.3,33.3,36.4,57.1,2025
대전,30,중구,30140,중,대전대문중학교,공립,대전대문중학교,UzA2MDAwMDI1MQ==,23.2,14.6,19.2,24.5,24.6,21.2,연속↑,0.1,23.3,14.1,18.5,23.8,24.0,20.7,연속↑,0.2,32.7,29.1,34.5,54.5,2025
대전,30,중구,30140,중,대전중학교,공립,대전중학교,UzA2MDAwMDI2Ng==,27.0,15.9,21.9,19.6,23.7,21.6,반등,4.1,26.3,15.9,21.8,20.2,23.7,21.6,반등,3.5,23.0,36.4,33.9,46.0,2021
대전,30,중구,30140,중,대전동산중학교,사립,대전동산중학교,UzA2MDAwMDI1Mw==,24.6,18.5,23.5,26.9,23.9,23.5,하락,3.0,25.2,18.0,23.5,26.9,23.5,23.4,하락,3.4,31.5,28.4,27.2,51.6,2024
대전,30,중구,30140,중,동명중학교,사립,대전광역시 중구 석교동,UzA2MDAwMDI2OQ==,19.6,17.8,19.8,19.5,24.1,20.2,반등,4.6,20.0,16.9,18.2,18.4,23.5,19.4,연속↑,5.1,37.1,25.9,31.4,59.3,2025
대전,30,중구,30140,중,대전중앙중학교,사립,대전중앙중학교,UzA2MDAwMDI2NQ==,20.3,17.3,15.9,18.5,20.8,18.5,연속↑,2.3,20.8,16.7,15.8,18.4,21.2,18.6,연속↑,2.9,13.1,32.9,36.9,31.0,2025
대전,30,중구,30140,고,대전대성고등학교,사립,대전대성고등학교,UzA2MDAwMDE3MQ==,22.8,32.2,45.3,44.7,50.8,39.1,반등,6.1,21.9,32.7,46.7,44.9,49.6,39.2,반등,4.7,74.6,51.9,78.1,3.6,2025
대전,30,중구,30140,고,대전동산고등학교,사립,대전동산고등학교,UzA2MDAwMDE4Mg==,23.8,28.7,30.2,32.4,35.4,30.1,연속↑,3.0,23.8,27.6,30.8,31.4,35.2,29.8,연속↑,3.8,40.6,46.1,44.2,15.8,2025
대전,30,중구,30140,고,대전중앙고등학교,사립,대전중앙고등학교,UzA2MDAwMDIwMg==,18.8,16.2,13.6,20.4,31.0,20.0,연속↑,10.6,20.2,16.2,14.1,20.0,32.0,20.5,연속↑,12.1,32.0,39.5,35.1,7.5,2025
대전,30,중구,30140,고,대전한빛고등학교,사립,대전한빛고등학교,UzA2MDAwMDIwNQ==,30.7,37.3,37.5,39.1,27.8,34.5,하락,11.3,29.3,37.5,38.3,37.5,27.7,34.1,연속↓,9.9,70.1,31.1,16.1,5.2,2023
대전,30,중구,30140,고,대전고등학교,공립,대전고등학교,UzA2MDAwMDE3NA==,26.7,19.5,21.4,30.8,27.1,25.1,하락,3.7,26.9,18.7,19.2,30.5,27.2,24.5,하락,3.2,35.0,32.6,29.4,5.9,2024
대전,30,중구,30140,고,대전여자상업고등학교,사립,대전여자상업고등학교,UzA2MDAwMDE5Nw==,18.8,16.8,13.4,26.5,24.5,20.0,하락,2.0,19.2,17.2,13.8,27.2,24.9,20.5,하락,2.3,23.7,28.7,32.4,23.5,2024
대전,30,중구,30140,고,호수돈여자고등학교,사립,대전광역시 중구 선화동,UzA2MDAwMDI0Mw==,20.1,29.0,28.0,33.2,25.1,27.1,하락,8.1,20.5,28.9,26.9,30.5,24.8,26.3,하락,5.7,24.5,26.5,33.3,6.0,2024
대전,30,중구,30140,고,충남여자고등학교,공립,충남여자고등학교,UzA2MDAwMDIzNg==,25.9,30.3,22.1,30.3,24.4,26.6,하락,5.9,24.3,28.6,21.6,28.5,24.7,25.5,하락,3.7,32.7,36.3,36.7,4.1,2022
대전,30,중구,30140,고,대전성모여자고등학교,사립,대전성모여자고등학교,UzA2MDAwMDE5MQ==,31.1,33.8,32.7,34.5,24.3,31.3,하락,10.2,30.0,32.2,30.6,33.5,24.2,30.1,하락,9.3,23.5,27.5,32.9,2.0,2024
대전,30,중구,30140,고,남대전고등학교,사립,대전고등학교,UzA2MDAwMDE2Ng==,4.1,7.6,4.9,13.0,22.8,10.5,연속↑,9.7,3.9,7.1,4.7,11.4,22.3,9.9,연속↑,11.0,32.2,27.2,27.5,2.3,2025
대전,30,중구,30140,고,충남기계공업고등학교,공립,충남기계공업고등학교,UzA2MDAwMDIzNA==,6.5,9.1,13.3,10.5,18.1,11.5,반등,7.6,6.4,9.1,13.0,10.5,17.8,11.3,반등,7.2,29.4,17.3,17.8,39.2,2025
대전,30,중구,30140,고,청란여자고등학교,사립,대전광역시 중구 부사동,UzA2MDAwMDIzMg==,7.6,14.0,18.0,16.1,17.8,14.7,반등,1.7,8.3,14.4,18.6,15.3,17.1,14.7,반등,1.9,20.6,16.8,34.4,6.1,2023
대전,30,중구,30140,고,대전신일여자고등학교,사립,대전신일여자고등학교,UzA2MDAwMDE5Mw==,5.3,9.8,14.3,14.7,16.0,12.0,연속↑,1.3,5.6,10.0,14.5,15.1,16.7,12.4,연속↑,1.6,14.5,21.7,15.1,30.7,2025
대전,30,중구,30140,고,대전국제통상고등학교,공립,대전국제통상고등학교,UzA2MDAwMDE5OA==,5.0,5.0,7.6,11.1,15.0,8.7,연속↑,3.9,5.2,5.3,7.2,11.2,13.6,8.5,연속↑,2.4,24.2,4.8,16.1,82.3,2025
대전,30,동구,30110,중,대전은어송중학교,공립,대전은어송중학교,UzA2MDAwMTEzOQ==,30.7,21.0,33.0,40.3,37.6,32.5,하락,2.7,30.7,21.2,32.6,40.7,36.8,32.4,하락,3.9,42.4,37.8,48.3,30.2,2024
대전,30,동구,30110,중,대전대성여자중학교,사립,대전대성여자중학교,UzA2MDAwMDI0Nw==,34.2,21.2,31.2,31.9,36.2,30.9,연속↑,4.4,33.9,20.9,30.5,30.7,36.1,30.4,연속↑,5.3,62.3,45.9,36.1,34.4,2025
대전,30,동구,30110,중,보문중학교,사립,대전광역시 동구 삼성동,UzA2MDAwMDI3MQ==,28.0,24.6,26.8,29.0,33.6,28.4,연속↑,4.7,27.7,24.4,26.9,29.6,33.2,28.4,연속↑,3.6,32.9,40.8,50.6,40.0,2025
대전,30,동구,30110,중,충남중학교,공립,충남중학교,UzA2MDAwMDI3Nw==,26.1,22.5,30.1,29.6,31.2,27.9,반등,1.6,26.1,22.6,30.6,29.3,31.2,28.0,반등,2.0,41.2,35.4,44.2,40.2,2025
대전,30,동구,30110,중,대전가오중학교,공립,대전가오중학교,UzA2MDAwMDI1MA==,36.9,28.9,36.6,26.7,29.7,31.8,반등,3.0,35.9,28.7,36.4,26.5,30.3,31.6,반등,3.9,23.9,40.3,46.0,35.0,2023
대전,30,동구,30110,중,한밭여자중학교,공립,대전광역시 동구 대동,UzA2MDAwMDI3OA==,41.4,25.5,31.9,28.0,30.5,31.4,반등,2.6,40.9,25.5,31.7,29.0,30.1,31.4,반등,1.1,30.9,30.0,46.2,34.6,2021
대전,30,동구,30110,중,대전가양중학교,공립,대전가양중학교,UzA2MDAwMDI0OQ==,32.0,26.3,26.9,30.5,28.1,28.8,하락,2.4,32.0,25.7,27.0,30.4,28.3,28.7,하락,2.1,45.1,33.7,33.5,37.7,2021
대전,30,동구,30110,중,우송중학교,사립,대전광역시 동구 자양동,UzA2MDAwMDI1NA==,20.6,21.7,32.8,26.8,26.7,25.7,연속↓,0.1,20.4,21.8,33.5,27.2,27.7,26.1,반등,0.5,32.8,50.8,31.1,46.8,2023
대전,30,동구,30110,중,대전용운중학교,공립,대전용운중학교,UzA2MDAwMDI2MQ==,25.8,24.5,26.3,23.4,26.8,25.4,반등,3.4,25.2,23.5,25.1,23.6,26.4,24.7,반등,2.9,27.0,28.5,37.9,47.7,2025
대전,30,동구,30110,중,동대전중학교,공립,대전중학교,UzA2MDAwMDI2OA==,31.8,21.9,29.3,25.2,23.8,26.4,연속↓,1.4,32.0,21.7,29.8,25.9,23.6,26.6,연속↓,2.2,36.2,24.5,21.7,50.7,2021
대전,30,동구,30110,중,동신중학교,공립,대전광역시 동구 판암동,UzA2MDAwMDI3MA==,36.8,23.7,23.0,22.9,23.3,25.9,반등,0.4,35.8,23.3,21.9,21.9,21.9,25.0,→보합,,38.3,18.4,42.1,48.9,2021
대전,30,동구,30110,중,한밭중학교,공립,대전광역시 동구 삼성동,UzA2MDAwMDI3OQ==,30.3,19.2,17.8,10.5,10.0,17.6,연속↓,0.5,29.8,18.9,18.4,10.4,9.7,17.4,연속↓,0.6,25.0,9.1,16.7,50.0,2021
대전,30,동구,30110,고,보문고등학교,사립,대전광역시 동구 삼성동,UzA2MDAwMDIxMg==,23.9,32.5,31.3,28.3,45.6,32.3,반등,17.3,24.2,33.1,32.2,27.6,45.2,32.5,반등,17.7,60.3,43.5,56.2,3.6,2025
대전,30,동구,30110,고,대전동신과학고등학교,공립,대전동신과학고등학교,UzA2MDAwMDIwOA==,62.2,64.8,63.6,75.3,43.9,62.0,하락,31.5,58.2,60.5,60.9,72.1,42.4,58.8,하락,29.7,56.3,46.3,78.0,3.7,2024
대전,30,동구,30110,고,대전여자고등학교,공립,대전여자고등학교,UzA2MDAwMDE5NA==,30.6,31.4,27.2,18.2,30.9,27.7,반등,12.7,29.0,31.4,27.1,18.2,31.1,27.4,반등,12.8,34.1,34.1,35.7,2.6,2022
대전,30,동구,30110,고,명석고등학교,사립,대전광역시 동구 가양동,UzA2MDAwMDIxMQ==,25.0,34.3,36.5,42.8,28.2,33.3,하락,14.6,24.1,35.4,35.7,43.4,29.3,33.6,하락,14.2,33.7,46.0,30.2,5.5,2024
대전,30,동구,30110,고,우송고등학교,사립,대전광역시 동구 자양동,UzA2MDAwMDIyNQ==,16.9,24.4,48.0,35.2,27.3,30.4,연속↓,7.9,16.0,24.1,46.0,34.8,28.5,29.9,연속↓,6.3,33.9,41.6,21.9,7.3,2023
대전,30,동구,30110,고,대전가오고등학교,공립,대전가오고등학교,UzA2MDAwMTE0NQ==,20.9,12.4,20.1,21.5,24.5,19.9,연속↑,3.0,19.8,12.6,19.4,21.1,24.7,19.5,연속↑,3.6,19.5,28.8,31.9,6.3,2025
대전,30,동구,30110,고,동아마이스터고등학교,사립,대전광역시 동구 자양동,UzA2MDAwMDE4Mw==,15.3,25.9,11.6,13.1,22.6,17.7,연속↑,9.4,14.8,24.8,11.6,13.0,21.7,17.2,연속↑,8.7,33.3,32.8,29.7,31.3,2022
대전,30,동구,30110,고,계룡디지텍고등학교,사립,대전광역시 동구 삼성동,UzA2MDAwMDE2NQ==,5.7,7.9,8.7,9.7,12.5,8.9,연속↑,2.8,5.3,7.9,8.0,8.9,11.7,8.4,연속↑,2.9,16.1,8.7,16.5,36.2,2025
대전,30,동구,30110,고,대전대성여자고등학교,사립,대전대성여자고등학교,UzA2MDAwMDE3Mw==,12.8,11.5,26.4,20.1,9.0,16.0,연속↓,11.1,13.0,11.0,24.5,19.1,8.7,15.3,연속↓,10.5,3.6,7.6,18.1,26.8,2023
대전,30,대덕구,30230,중,대전송촌중학교,공립,대전송촌중학교,UzA2MDAwMDI1OA==,32.4,27.6,32.6,31.7,30.8,31.0,연속↓,0.9,33.2,26.9,31.9,32.0,30.7,31.0,하락,1.3,34.1,40.2,37.7,37.6,2021
대전,30,대덕구,30230,중,대전매봉중학교,공립,대전매봉중학교,UzA2MDAwMDI1NQ==,31.2,25.4,29.2,30.3,30.9,29.4,연속↑,0.6,31.2,25.2,28.5,30.0,29.9,29.0,하락,,40.3,30.3,41.6,41.5,2021
대전,30,대덕구,30230,중,회덕중학교,공립,대전광역시 대덕구 와동,UzA2MDAwMDI4MQ==,30.3,28.9,29.2,30.5,29.2,29.6,하락,1.3,31.6,28.9,28.8,29.7,28.4,29.5,하락,1.3,40.5,32.5,52.5,37.5,2021
대전,30,대덕구,30230,중,대전대청중학교,공립,대전대청중학교,UzA2MDAwMTA4NA==,22.2,23.9,25.3,26.4,28.4,25.2,연속↑,2.0,22.1,23.6,24.6,25.7,27.9,24.8,연속↑,2.2,28.5,31.7,43.5,41.3,2025
대전,30,대덕구,30230,중,중리중학교,공립,대전광역시 대덕구 중리동,UzA2MDAwMDI2Mw==,23.7,20.3,27.1,25.9,26.0,24.6,반등,0.1,24.1,19.9,26.7,25.0,25.5,24.2,반등,0.5,36.5,29.1,26.9,61.5,2023
대전,30,대덕구,30230,중,대전용전중학교,공립,대전용전중학교,UzA2MDAwMDI2Mg==,28.3,23.7,31.5,27.7,26.1,27.5,연속↓,1.6,28.1,23.8,32.3,25.9,25.4,27.1,연속↓,0.5,28.4,27.7,36.4,52.3,2023
대전,30,대덕구,30230,중,대전법동중학교,공립,대전법동중학교,UzA2MDAwMDI1Nw==,26.3,25.1,26.7,23.0,26.4,25.5,반등,3.5,26.3,24.7,25.8,22.6,25.2,24.9,반등,2.6,29.9,24.7,38.1,50.5,2021
대전,30,대덕구,30230,중,신탄중앙중학교,공립,대전광역시 대덕구 덕암동,UzA2MDAwMDI3Mw==,28.4,26.4,26.4,23.5,25.1,25.9,반등,1.6,28.8,26.0,26.3,23.8,25.0,26.0,반등,1.2,52.6,28.4,21.4,36.4,2021
대전,30,대덕구,30230,중,대전대화중학교,공립,대전대화중학교,UzA2MDAwMDI1Mg==,29.0,18.3,27.2,24.3,23.4,24.4,연속↓,1.0,29.3,18.4,27.1,23.7,23.1,24.3,연속↓,0.6,37.8,26.7,26.7,53.4,2021
대전,30,대덕구,30230,중,대전경덕중학교,사립,대전경덕중학교,UzA2MDAwMDI0NQ==,26.3,16.0,20.8,22.5,19.9,21.1,하락,2.5,26.0,15.5,19.8,22.5,18.8,20.5,하락,3.7,24.1,17.1,36.6,59.5,2021
대전,30,대덕구,30230,중,신탄진중학교,사립,대전광역시 대덕구 석봉동,UzA2MDAwMDI3NA==,24.6,19.2,23.5,21.2,18.4,21.4,연속↓,2.9,24.3,18.8,24.1,21.5,18.8,21.5,연속↓,2.8,21.9,26.3,30.6,40.1,2021
대전,30,대덕구,30230,중,오정중학교,공립,대전 대덕구 오정동,UzA2MDAwMDI2MA==,23.3,19.3,24.5,21.5,18.3,21.4,연속↓,3.3,23.4,19.3,24.3,21.8,18.1,21.4,연속↓,3.6,32.4,24.3,28.0,52.0,2023
대전,30,대덕구,30230,고,대전이문고등학교,사립,대전이문고등학교,UzA2MDAwMDIxMw==,58.2,70.1,71.0,73.2,42.1,62.9,하락,31.1,59.7,70.5,71.6,75.0,42.2,63.8,하락,32.8,41.9,55.8,49.7,3.9,2024
대전,30,대덕구,30230,고,신탄진고등학교,공립,대전광역시 대덕구 신탄진동,UzA2MDAwMDIyMw==,12.3,9.6,21.1,33.0,28.0,20.8,하락,5.0,13.5,10.3,21.3,32.2,28.1,21.1,하락,4.2,31.5,34.3,37.1,17.4,2024
대전,30,대덕구,30230,고,동대전고등학교,공립,대전고등학교,UzA2MDAwMDIwNg==,24.3,21.2,16.0,28.7,26.5,23.3,하락,2.2,23.5,20.5,14.7,29.3,26.2,22.8,하락,3.1,36.4,39.0,35.6,7.2,2024
대전,30,대덕구,30230,고,대전생활과학고등학교,사립,대전생활과학고등학교,UzA2MDAwMDE2NA==,7.4,4.8,11.6,9.2,22.5,11.1,반등,13.3,8.1,4.8,11.6,8.9,21.8,11.1,반등,12.9,26.3,20.6,35.1,20.6,2025
대전,30,대덕구,30230,고,대전송촌고등학교,공립,대전송촌고등학교,UzA2MDAwMDE5Mg==,17.8,16.4,19.3,22.5,17.7,18.7,하락,4.8,17.1,16.7,20.5,22.9,18.6,19.2,하락,4.2,15.6,37.3,20.0,12.9,2024
울산,31,남구,31140,중,울산서여자중학교,공립,울산서여자중학교,UzA3MDAwMDE0NA==,55.2,41.8,66.3,57.0,59.9,56.0,반등,3.0,55.5,41.5,65.9,56.8,59.3,55.8,반등,2.5,68.7,64.8,71.8,10.8,2023
울산,31,남구,31140,중,옥동중학교,공립,울산광역시 남구 옥동,UzA3MDAwMDE0MQ==,62.9,40.8,58.1,53.1,53.3,53.6,반등,0.1,61.6,40.0,58.2,52.8,52.9,53.1,반등,0.1,63.2,65.5,68.4,16.4,2021
울산,31,남구,31140,중,문수중학교,공립,울산광역시 남구 무거동,UzA3MDAwMDU3MQ==,46.1,31.7,47.5,47.1,47.6,44.0,반등,0.6,46.0,29.9,46.4,46.0,47.3,43.1,반등,1.3,50.4,54.1,55.6,22.0,2025
울산,31,남구,31140,중,학성중학교,공립,울산 남구 신정2동,UzA3MDAwMDE1MQ==,40.7,32.5,43.8,50.0,47.6,42.9,하락,2.4,40.8,31.9,42.8,48.6,46.2,42.1,하락,2.4,55.9,45.8,62.8,20.2,2024
울산,31,남구,31140,중,옥현중학교,공립,울산광역시 남구 무거2동,UzA3MDAwMDE0Mg==,48.2,30.8,49.0,49.0,45.7,44.5,하락,3.4,47.8,30.7,48.4,47.9,44.8,43.9,연속↓,3.1,40.4,42.9,63.3,23.4,2023
울산,31,남구,31140,중,울산강남중학교,공립,울산강남중학교,UzA3MDAwMDE0OQ==,51.0,31.9,47.4,48.2,43.7,44.5,하락,4.5,52.2,32.4,47.2,47.7,43.7,44.7,하락,4.0,40.0,61.7,64.7,24.7,2021
울산,31,남구,31140,중,신정중학교,공립,울산광역시 남구 옥동,UzA3MDAwMDEzOA==,42.6,30.7,47.5,43.7,41.7,41.3,연속↓,1.9,42.5,31.0,47.5,43.3,42.3,41.3,연속↓,1.0,34.9,50.4,54.6,23.2,2023
울산,31,남구,31140,중,야음중학교,공립,울산광역시 남구 야음동,UzA3MDAwMDU2Ng==,31.7,30.5,42.9,36.3,40.5,36.4,반등,4.2,31.8,29.5,42.4,36.4,40.2,36.1,반등,3.8,56.6,42.2,55.2,24.8,2023
울산,31,남구,31140,중,동평중학교,공립,울산광역시 남구 달동,UzA3MDAwMDEzMQ==,35.2,29.0,44.5,39.5,40.3,37.7,반등,0.8,35.0,28.9,45.0,39.9,39.9,37.7,→보합,,56.3,44.3,44.9,27.2,2023
울산,31,남구,31140,중,울산중앙중학교,공립,울산중앙중학교,UzA3MDAwMDE0Ng==,40.4,26.1,44.4,41.2,38.0,38.0,연속↓,3.2,40.6,26.3,43.3,40.5,37.6,37.7,연속↓,2.9,51.7,41.8,46.6,25.8,2023
울산,31,남구,31140,중,태화중학교,공립,울산광역시 남구 야음동,UzA3MDAwMDE1MA==,40.6,33.0,43.5,37.2,36.9,38.3,연속↓,0.3,40.8,32.7,43.9,37.3,36.6,38.2,연속↓,0.7,37.2,44.2,60.0,28.6,2023
울산,31,남구,31140,중,대현중학교,공립,울산광역시 남구 달동,UzA3MDAwMDEzMA==,51.5,32.1,46.8,44.4,36.7,42.3,연속↓,7.7,51.6,31.9,46.8,44.7,36.6,42.3,연속↓,8.1,47.6,50.5,42.9,39.2,2021
울산,31,남구,31140,중,월평중학교,공립,울산광역시 남구 신정동,UzA3MDAwMDE0NQ==,33.5,20.2,35.5,37.0,35.8,32.4,하락,1.2,34.3,20.4,35.9,37.2,36.0,32.8,하락,1.2,36.6,50.7,43.7,32.9,2024
울산,31,남구,31140,중,신일중학교,공립,울산광역시 남구 신정동,UzA3MDAwMDEzNw==,38.8,25.3,39.1,37.2,36.2,35.3,연속↓,1.0,39.9,25.4,39.3,37.4,36.0,35.6,연속↓,1.4,43.6,41.9,47.0,36.8,2021
울산,31,남구,31140,중,무거중학교,공립,울산 남구 무거동,UzA3MDAwMDU1NQ==,37.8,28.2,46.1,41.7,33.6,37.5,연속↓,8.1,38.2,26.8,45.4,41.3,32.9,36.9,연속↓,8.5,37.0,33.6,40.3,29.0,2023
울산,31,남구,31140,중,삼호중학교,공립,울산광역시 남구 무거동,UzA3MDAwMDEzNA==,35.5,25.4,27.7,24.8,27.6,28.2,반등,2.9,34.4,24.9,26.9,23.9,27.1,27.4,반등,3.1,39.5,29.7,31.7,53.7,2021
울산,31,남구,31140,고,우신고등학교,사립,울산 남구 무거2동,UzA3MDAwMDA5NQ==,33.9,45.3,58.5,36.2,37.7,42.3,반등,1.5,32.8,42.8,58.1,37.7,36.6,41.6,연속↓,1.1,59.8,40.0,41.7,6.7,2023
울산,31,남구,31140,고,울산여자고등학교,공립,울산여자고등학교,UzA3MDAwMDEwNg==,6.6,13.5,19.8,8.5,29.9,15.7,반등,21.4,6.2,12.7,17.7,8.0,29.9,14.9,반등,21.8,36.1,31.3,34.3,3.8,2025
울산,31,남구,31140,고,성광여자고등학교,사립,울산광역시 남구 무거동,UzA3MDAwMDA4OQ==,41.0,28.1,14.1,12.3,25.4,24.2,반등,13.1,39.9,27.2,13.7,11.5,24.8,23.4,반등,13.3,32.3,23.4,31.4,21.5,2021
울산,31,남구,31140,고,대현고등학교,공립,울산광역시 남구 야음동,UzA3MDAwMDU2Mw==,8.8,7.3,46.6,54.6,21.8,27.8,하락,32.8,8.4,6.7,44.8,53.1,20.9,26.8,하락,32.2,29.4,18.2,38.5,13.4,2024
울산,31,남구,31140,고,울산강남고등학교,공립,울산강남고등학교,UzA3MDAwMDY3NQ==,10.1,12.5,14.2,9.3,20.2,13.2,반등,10.9,9.7,12.7,15.1,8.8,20.4,13.3,반등,11.6,23.9,23.0,18.0,20.1,2025
울산,31,남구,31140,고,울산여자상업고등학교,공립,울산여자상업고등학교,UzA3MDAwMDEwNw==,9.1,8.6,10.1,9.9,18.2,11.2,반등,8.4,9.3,9.8,11.1,9.6,18.7,11.7,반등,9.1,19.2,32.3,16.8,35.3,2025
울산,31,남구,31140,고,학성고등학교,공립,울산 남구 신정2동,UzA3MDAwMDExNw==,5.1,5.2,11.0,11.3,18.6,10.2,연속↑,7.3,4.8,4.9,10.6,10.6,18.3,9.8,상승,7.7,37.5,19.5,12.5,9.8,2025
울산,31,남구,31140,고,울산제일고등학교,사립,울산제일고등학교,UzA3MDAwMDExMQ==,13.9,14.4,18.6,7.9,18.6,14.7,반등,10.7,13.8,14.4,17.0,7.9,17.6,14.1,반등,9.7,26.5,12.2,25.5,21.4,2025
울산,31,남구,31140,고,신정고등학교,공립,울산 남구 신정2동,UzA3MDAwMDA5MQ==,4.9,6.0,17.0,13.4,14.1,11.1,반등,0.8,5.3,6.1,16.8,11.9,14.2,10.9,반등,2.3,15.7,15.6,18.4,9.8,2023
울산,31,남구,31140,고,울산공업고등학교,공립,울산공업고등학교,UzA3MDAwMDA5OQ==,7.7,2.8,26.7,20.7,13.6,14.3,연속↓,7.1,7.9,3.1,27.8,20.0,13.7,14.5,연속↓,6.2,18.5,19.1,12.7,30.7,2023
울산,31,남구,31140,고,무거고등학교,공립,울산광역시 남구 무거동,UzA3MDAwMDYxMQ==,10.4,12.1,16.6,13.6,13.0,13.1,연속↓,0.6,10.1,11.3,16.9,12.6,12.3,12.6,연속↓,0.3,19.5,11.4,20.8,17.9,2023
울산,31,남구,31140,고,신선여자고등학교,공립,울산광역시 남구 야음동,UzA3MDAwMDU2NA==,5.8,10.9,13.7,11.4,12.3,10.8,반등,1.0,5.5,10.1,13.2,10.7,11.9,10.3,반등,1.2,8.1,10.5,27.0,26.4,2023
울산,31,남구,31140,고,삼산고등학교,공립,울산광역시 남구 삼산동,UzA3MDAwMDU2Mg==,8.5,9.3,11.1,5.4,11.8,9.2,반등,6.4,7.9,8.9,10.0,4.8,11.3,8.6,반등,6.5,21.2,9.7,11.1,24.8,2025
울산,31,남구,31140,고,문수고등학교,공립,울산 남구 무거1동,UzA3MDAwMDA4MA==,14.7,13.1,11.9,7.4,6.8,10.8,연속↓,0.6,13.7,12.3,11.9,7.2,6.1,10.2,연속↓,1.1,15.0,2.5,7.5,44.6,2021
울산,31,울주군,31710,중,서생중학교,공립,울산광역시 울주군 서생면,UzA3MDAwMDEzNg==,37.8,14.3,27.8,37.3,45.7,32.6,연속↑,8.4,36.8,14.2,27.6,38.0,45.1,32.4,연속↑,7.1,61.4,53.4,50.6,30.5,2025
울산,31,울주군,31710,중,천상중학교,공립,울산광역시 울주군 범서읍,UzA3MDAwMDU1Mg==,40.8,30.1,40.7,43.8,42.5,39.6,하락,1.2,41.1,30.1,40.3,43.0,41.6,39.2,하락,1.4,51.6,37.5,51.9,27.5,2024
울산,31,울주군,31710,중,청량중학교,공립,울산광역시 울주군 청량면,UzA3MDAwMDE0OA==,38.5,27.8,34.5,33.2,39.9,34.8,반등,6.7,39.6,28.5,35.7,33.3,40.1,35.4,반등,6.7,37.5,47.7,53.7,26.9,2025
울산,31,울주군,31710,중,구영중학교,공립,울산광역시 울주군 범서읍,UzA3MDAwMDY1Mg==,38.0,31.3,45.6,43.5,39.4,39.5,연속↓,4.1,38.5,31.4,45.5,42.8,39.9,39.6,연속↓,2.9,42.5,48.7,45.2,18.3,2023
울산,31,울주군,31710,중,두광중학교,공립,울산 울주군 두서면,UzA3MDAwMDEzMg==,31.9,24.6,33.4,39.5,40.3,34.0,연속↑,0.8,32.5,23.8,33.1,39.2,39.9,33.7,연속↑,0.6,60.0,50.0,62.5,50.0,2025
울산,31,울주군,31710,중,언양중학교,공립,울산광역시 울주군 언양읍,UzA3MDAwMDE0MA==,36.6,25.5,35.6,38.7,36.8,34.6,하락,1.9,36.9,25.5,35.8,39.1,37.6,35.0,하락,1.5,37.2,54.7,36.9,31.8,2024
울산,31,울주군,31710,중,장검중학교,공립,울산광역시 울주군 범서읍,UzA3MDAwMDczNw==,35.3,32.9,45.9,37.7,37.6,37.9,연속↓,0.1,34.5,32.9,45.2,37.6,37.0,37.4,연속↓,0.6,38.9,40.5,48.1,26.2,2023
울산,31,울주군,31710,중,웅촌중학교,공립,울산 울주군 웅촌면,UzA3MDAwMDE0Nw==,28.6,27.0,33.4,36.9,36.4,32.5,하락,0.6,28.4,26.8,33.7,36.4,36.3,32.3,하락,0.1,43.3,45.2,45.2,43.3,2024
울산,31,울주군,31710,중,상북중학교,공립,울산 울주군 상북면,UzA3MDAwMDEzNQ==,44.0,30.7,34.1,31.0,35.9,35.1,반등,4.9,42.7,30.5,34.9,30.8,36.3,35.0,반등,5.5,42.5,55.8,37.2,30.2,2021
울산,31,울주군,31710,중,삼남중학교,공립,울산 울주군 삼남면,UzA3MDAwMDYyNA==,28.5,28.3,42.3,36.0,35.4,34.1,연속↓,0.6,28.7,27.6,41.9,36.9,35.3,34.1,연속↓,1.7,57.1,44.3,33.9,40.5,2023
울산,31,울주군,31710,중,신언중학교,공립,울산광역시 울주군 언양읍,UzA3MDAwMDEzOQ==,35.1,29.4,39.2,38.2,35.1,35.4,연속↓,3.1,35.2,29.1,39.0,37.8,34.9,35.2,연속↓,2.9,29.8,35.9,51.2,25.1,2023
울산,31,울주군,31710,중,범서중학교,공립,울산광역시 울주군 범서읍,UzA3MDAwMDEzMw==,35.8,31.0,45.3,38.2,34.3,36.9,연속↓,4.0,35.7,31.6,44.7,38.3,34.4,37.0,연속↓,3.9,45.4,38.9,37.0,27.6,2023
울산,31,울주군,31710,중,남창중학교,공립,울산광역시 울주군 온양읍,UzA3MDAwMDEyOQ==,33.2,25.1,33.1,32.1,30.9,30.9,연속↓,1.1,33.2,24.4,33.1,31.9,31.0,30.7,연속↓,0.9,28.6,35.1,42.7,30.6,2021
울산,31,울주군,31710,중,온산중학교,공립,울산광역시 울주군 온산읍,UzA3MDAwMDE0Mw==,22.3,22.2,29.0,22.5,28.4,24.9,반등,6.0,23.7,22.5,29.3,22.8,29.0,25.5,반등,6.2,36.3,39.2,31.5,38.1,2023
울산,31,울주군,31710,고,울산과학고등학교,공립,울산과학고등학교,UzA3MDAwMDU0OQ==,86.2,87.5,69.4,71.9,56.7,74.4,하락,15.2,84.5,86.0,66.2,72.4,59.9,73.8,하락,12.5,51.4,84.7,86.1,,2022
울산,31,울주군,31710,고,울산경의고등학교,사립,울산경의고등학교,UzA3MDAwMDA5Nw==,8.8,9.6,10.7,9.3,22.9,12.2,반등,13.6,8.4,8.4,10.2,8.3,23.1,11.7,반등,14.7,25.7,25.2,22.9,7.6,2025
울산,31,울주군,31710,고,범서고등학교,공립,울산광역시 울주군 범서읍,UzA3MDAwMDY1NA==,8.5,3.4,11.3,8.1,21.3,10.5,반등,13.3,9.1,3.5,10.4,8.0,21.0,10.4,반등,13.0,27.8,25.8,26.2,15.5,2025
울산,31,울주군,31710,고,울산예술고등학교,사립,울산예술고등학교,UzA3MDAwMDEwOA==,14.8,13.2,7.8,18.7,23.0,15.5,연속↑,4.3,14.4,12.4,6.8,18.1,21.0,14.5,연속↑,2.9,36.4,9.1,26.3,58.4,2025
울산,31,울주군,31710,고,울산상업고등학교,공립,울산상업고등학교,UzA3MDAwMDEwMw==,4.9,7.6,12.7,9.7,13.0,9.5,반등,3.4,4.7,7.3,12.6,9.6,13.2,9.5,반등,3.6,6.8,16.0,20.6,17.6,2025
울산,31,울주군,31710,고,언양고등학교,공립,울산광역시 울주군 언양읍,UzA3MDAwMDcwMw==,10.0,5.8,11.7,10.0,13.6,10.2,반등,3.6,10.0,6.0,10.9,9.7,12.7,9.9,반등,3.1,23.6,9.0,19.1,21.7,2025
울산,31,울주군,31710,고,남창고등학교,공립,울산광역시 울주군 온양읍,UzA3MDAwMDA4MQ==,9.3,7.0,10.3,5.5,10.1,8.4,반등,4.6,8.5,6.4,9.7,5.2,9.8,7.9,반등,4.6,13.1,8.9,14.8,41.3,2025
울산,31,울주군,31710,고,울산산업고등학교,공립,울산산업고등학교,UzA3MDAwMDcyNw==,8.9,5.2,10.8,7.8,9.0,8.3,반등,1.2,9.8,5.4,10.5,8.0,9.5,8.7,반등,1.5,8.6,18.7,7.9,25.4,2023
울산,31,울주군,31710,고,온산고등학교,공립,울산광역시 울주군 온산읍,UzA3MDAwMDczNg==,10.9,9.2,10.7,10.5,9.8,10.2,연속↓,0.7,10.2,9.0,9.4,9.4,9.3,9.5,하락,0.1,12.7,6.8,16.9,41.6,2021
울산,31,울주군,31710,고,울산미용예술고등학교,공립,울산미용예술고등학교,UzA3MDAwMDEwNQ==,9.3,8.7,18.5,2.8,9.7,9.8,반등,6.9,8.2,8.2,18.5,2.8,9.0,9.3,반등,6.3,16.3,6.0,8.7,20.7,2023
울산,31,울주군,31710,고,천상고등학교,공립,울산광역시 울주군 범서읍,UzA3MDAwMDcwMg==,10.2,6.3,8.7,6.8,8.7,8.1,반등,1.9,9.1,5.5,7.7,6.5,8.8,7.5,반등,2.4,7.4,13.7,12.1,28.4,2021
울산,31,울주군,31710,고,울산기술공업고등학교,사립,울산기술공업고등학교,UzA3MDAwMDA5Ng==,10.9,7.7,8.4,8.5,9.3,9.0,연속↑,0.9,10.1,7.0,7.7,7.8,8.7,8.3,연속↑,0.9,12.5,5.4,16.1,67.0,2021
울산,31,중구,31110,중,남외중학교,공립,울산광역시 중구 남외동,UzA3MDAwMDYyMA==,40.2,26.8,43.8,42.8,49.3,40.6,반등,6.4,39.9,26.8,43.9,42.4,48.3,40.2,반등,5.9,63.2,46.7,59.6,17.8,2025
울산,31,중구,31110,중,울산중학교,공립,울산중학교,UzA3MDAwMDcxNw==,33.8,34.4,47.4,48.4,42.2,41.2,하락,6.3,32.9,34.2,46.3,47.3,40.5,40.2,하락,6.8,50.0,32.3,60.5,33.1,2024
울산,31,중구,31110,중,유곡중학교,공립,울산광역시 중구 태화동,UzA3MDAwMDUzOA==,48.0,33.2,43.8,41.6,41.0,41.5,연속↓,0.6,47.5,32.7,42.1,41.1,39.8,40.6,연속↓,1.3,50.2,40.5,48.9,25.0,2021
울산,31,중구,31110,중,학성여자중학교,공립,울산 중구 태화동,UzA3MDAwMDM0Nw==,48.8,30.6,42.9,41.5,38.7,40.5,연속↓,2.8,47.9,30.2,43.4,41.3,37.8,40.1,연속↓,3.5,39.0,34.2,52.4,26.2,2021
울산,31,중구,31110,중,무룡중학교,공립,울산광역시 중구 약사동,UzA3MDAwMDMzNQ==,33.0,25.1,39.5,37.5,38.4,34.7,반등,0.8,33.3,24.6,39.1,36.6,37.5,34.2,반등,1.0,41.4,36.9,56.9,29.2,2023
울산,31,중구,31110,중,약사중학교,공립,울산광역시 중구 약사동,UzA3MDAwMDMzOQ==,31.6,18.4,34.5,33.1,37.1,30.9,반등,4.0,31.8,18.4,34.3,33.7,37.4,31.1,반등,3.7,42.0,50.0,44.8,30.1,2025
울산,31,중구,31110,중,울산제일중학교,공립,울산제일중학교,UzA3MDAwMDM0Mg==,30.7,24.6,36.0,36.0,36.1,32.7,상승,0.1,30.3,24.5,36.2,35.9,36.5,32.7,반등,0.5,25.0,50.3,51.6,27.9,2025
울산,31,중구,31110,중,외솔중학교,공립,울산광역시 중구 서동,UzA3MDAwMDM0MA==,35.4,24.9,34.3,36.1,35.9,33.3,하락,0.2,34.3,24.5,33.4,36.5,35.8,32.9,하락,0.6,39.8,46.3,48.5,30.0,2024
울산,31,중구,31110,중,성안중학교,공립,울산광역시 중구 성안동,UzA3MDAwMDMzNw==,31.3,24.1,41.5,35.5,34.6,33.4,연속↓,0.9,32.3,23.4,42.1,34.3,33.9,33.2,연속↓,0.4,43.7,34.5,45.0,31.0,2023
울산,31,중구,31110,중,가온중학교,공립,울산광역시 중구 반구2동,UzA3MDAwMDM0MQ==,38.0,25.2,38.3,34.8,30.8,33.4,연속↓,4.1,37.5,25.1,38.1,34.4,30.6,33.1,연속↓,3.8,40.3,33.3,38.7,29.7,2023
울산,31,중구,31110,중,다운중학교,공립,울산광역시 중구 다운동,UzA3MDAwMDY1Mw==,35.0,25.8,35.3,35.7,29.4,32.2,하락,6.3,34.5,25.0,34.6,34.1,28.0,31.3,연속↓,6.1,31.3,21.2,53.0,21.9,2023
울산,31,중구,31110,고,성신고등학교,사립,울산광역시 중구 복산동,UzA3MDAwMDA5MA==,12.3,9.0,21.0,25.3,25.9,18.7,연속↑,0.6,11.5,8.8,20.4,26.2,26.5,18.7,연속↑,0.3,34.5,35.0,28.1,7.3,2025
울산,31,중구,31110,고,다운고등학교,공립,울산광역시 중구 다운동,UzA3MDAwMDU0OA==,9.5,13.0,12.2,15.0,23.1,14.5,연속↑,8.2,9.5,12.9,11.0,14.7,22.6,14.1,연속↑,7.9,28.3,21.7,24.8,17.7,2025
울산,31,중구,31110,고,학성여자고등학교,공립,울산광역시 중구 약사동,UzA3MDAwMDExOQ==,8.4,10.9,17.7,17.1,18.4,14.5,반등,1.3,7.8,10.5,17.2,16.1,17.0,13.7,반등,0.8,26.8,9.2,25.5,27.0,2023
울산,31,중구,31110,고,함월고등학교,공립,울산 중구 유곡동,UzA3MDAwMDU0Ng==,9.0,9.3,8.5,15.9,17.0,11.9,연속↑,1.2,8.2,8.5,7.9,15.3,15.8,11.1,연속↑,0.4,16.4,8.7,37.7,29.0,2025
울산,31,중구,31110,고,울산고등학교,사립,울산고등학교,UzA3MDAwMDA5OA==,6.9,6.0,10.8,10.3,16.6,10.1,반등,6.3,6.7,5.6,10.8,10.3,15.6,9.8,반등,5.3,21.9,17.5,21.3,19.7,2025
울산,31,중구,31110,고,약사고등학교,공립,울산광역시 중구 약사동,UzA3MDAwMDcwNg==,7.3,8.0,11.1,6.0,17.1,9.9,반등,11.1,6.9,7.6,10.3,5.6,15.4,9.1,반등,9.8,36.9,7.2,18.7,11.3,2025
울산,31,중구,31110,고,울산중앙고등학교,공립,울산중앙고등학교,UzA3MDAwMDExMw==,,8.5,12.1,13.8,14.3,12.2,연속↑,0.5,,7.7,11.5,13.0,14.3,11.6,연속↑,1.4,18.2,17.5,19.5,31.8,2025
울산,31,중구,31110,고,울산애니원고등학교,공립,울산애니원고등학교,UzA3MDAwMDUzMA==,5.5,15.8,17.5,15.9,14.0,13.8,연속↓,1.9,5.1,14.5,16.2,15.3,13.7,13.0,연속↓,1.6,27.2,12.0,12.1,55.4,2023
울산,31,중구,31110,고,울산가온고등학교,공립,울산가온고등학교,UzA3MDAwMDExNA==,12.6,3.4,16.0,18.5,10.2,12.1,하락,8.2,13.4,3.2,15.7,17.2,9.3,11.8,하락,8.0,17.0,3.8,15.0,44.7,2024
울산,31,동구,31170,중,현대청운중학교,사립,울산광역시 동구 서부동,UzA3MDAwMDM0Ng==,47.0,26.9,43.9,41.6,43.7,40.6,반등,2.1,47.0,26.8,45.1,41.9,44.5,41.1,반등,2.6,54.3,66.2,58.4,18.3,2021
울산,31,동구,31170,중,현대중학교,사립,울산광역시 동구 서부동,UzA3MDAwMDM0OQ==,34.9,27.8,38.7,37.0,43.8,36.4,반등,6.7,34.9,27.4,38.4,36.3,43.3,36.0,반등,7.0,50.2,44.3,51.9,20.8,2025
울산,31,동구,31170,중,일산중학교,공립,울산광역시 동구 일산동,UzA3MDAwMDM0NA==,33.8,23.7,35.4,35.1,37.5,33.1,반등,2.4,33.6,24.1,35.2,34.8,37.3,33.0,반등,2.5,44.8,42.4,53.9,29.9,2025
울산,31,동구,31170,중,대송중학교,공립,울산광역시 동구 화정동,UzA3MDAwMDMzMw==,35.0,23.5,36.3,33.1,38.6,33.3,반등,5.6,35.4,22.6,34.7,32.0,36.2,32.2,반등,4.2,59.9,32.0,49.1,35.3,2025
울산,31,동구,31170,중,명덕여자중학교,공립,울산광역시 동구 일산동,UzA3MDAwMDMzNA==,40.0,30.1,44.1,38.4,36.0,37.7,연속↓,2.3,39.0,29.8,42.6,37.1,35.5,36.8,연속↓,1.6,42.2,45.2,56.4,28.9,2023
울산,31,동구,31170,중,화진중학교,공립,울산광역시 동구 화정동,UzA3MDAwMDM1Mg==,27.5,20.4,22.8,28.9,35.4,27.0,연속↑,6.5,27.9,19.4,22.3,28.5,35.3,26.7,연속↑,6.8,35.2,39.5,55.0,34.2,2025
울산,31,동구,31170,중,남목중학교,공립,울산광역시 동구 서부동,UzA3MDAwMDYxOQ==,28.9,23.2,30.0,30.7,33.3,29.2,연속↑,2.6,30.0,23.3,30.9,31.7,33.8,29.9,연속↑,2.0,36.6,48.3,42.1,24.7,2025
울산,31,동구,31170,중,방어진중학교,공립,울산광역시 동구 화정동,UzA3MDAwMDMzNg==,22.0,19.6,29.6,29.7,29.8,26.1,연속↑,,20.9,19.2,29.0,29.6,29.0,25.5,하락,0.6,40.4,31.1,33.5,32.0,2024
울산,31,동구,31170,중,화암중학교,공립,울산광역시 동구 방어동,UzA3MDAwMDUzOQ==,34.6,25.7,25.7,26.3,24.8,27.4,하락,1.5,34.4,24.6,24.8,25.8,24.4,26.8,하락,1.4,34.1,28.8,37.1,37.0,2021
울산,31,동구,31170,고,방어진고등학교,공립,울산광역시 동구 화정동,UzA3MDAwMDA4NQ==,15.1,10.3,12.7,18.8,30.2,17.4,연속↑,11.4,16.4,10.4,12.8,18.3,31.7,17.9,연속↑,13.4,46.7,51.1,14.5,8.2,2025
울산,31,동구,31170,고,현대청운고등학교,사립,울산광역시 동구 서부동,UzA3MDAwMDEyNA==,44.3,28.7,34.6,61.6,24.1,38.7,하락,37.5,45.5,28.8,32.8,63.3,27.1,39.5,하락,36.2,17.1,47.2,16.6,,2024
울산,31,동구,31170,고,현대고등학교,사립,울산광역시 동구 서부동,UzA3MDAwMDEyMA==,9.1,7.7,22.9,15.9,23.8,15.9,반등,7.9,8.4,7.3,24.9,14.7,22.1,15.5,반등,7.4,35.6,15.8,29.9,24.7,2023
울산,31,동구,31170,고,화암고등학교,공립,울산광역시 동구 방어동,UzA3MDAwMDEyNg==,9.3,23.1,24.0,16.7,19.2,18.4,반등,2.5,10.2,27.7,27.8,19.9,21.8,21.5,반등,1.9,10.7,42.5,13.3,3.3,2023
울산,31,동구,31170,고,현대공업고등학교,사립,울산광역시 동구 동부동,UzA3MDAwMDEyMw==,10.6,16.5,19.5,20.9,18.4,17.2,하락,2.4,10.1,16.0,20.6,19.4,16.6,16.5,연속↓,2.8,18.8,25.7,41.7,13.9,2023
울산,31,동구,31170,고,남목고등학교,공립,울산 동구 서부동,UzA3MDAwMDU1MA==,2.4,8.8,5.5,14.3,14.7,9.1,연속↑,0.5,2.4,7.7,5.0,15.4,15.6,9.2,연속↑,0.3,10.1,22.6,14.7,3.7,2025
울산,31,동구,31170,고,문현고등학교,공립,울산광역시 동구 방어동,UzA3MDAwMDYxMw==,5.2,8.7,11.9,11.4,13.5,10.1,반등,2.1,4.9,8.2,11.1,12.1,14.7,10.2,연속↑,2.6,8.5,24.2,13.8,24.3,2025
울산,31,동구,31170,고,대송고등학교,공립,울산광역시 동구 화정동,UzA3MDAwMDA4Mw==,8.1,13.9,15.7,6.3,11.0,11.0,반등,4.7,7.5,12.9,15.4,6.2,10.1,10.4,반등,3.8,23.5,6.9,10.2,42.7,2023
울산,31,동구,31170,고,울산생활과학고등학교,공립,울산생활과학고등학교,UzA3MDAwMDEwNA==,11.3,8.9,7.8,5.9,9.4,8.6,반등,3.5,11.7,8.9,8.8,5.9,9.4,8.9,반등,3.4,,9.8,,68.7,2021
울산,31,북구,31200,중,상안중학교,공립,울산광역시 북구 상안동,UzA3MDAwMDY1OA==,50.9,31.2,44.9,45.3,45.6,43.6,연속↑,0.4,51.5,30.5,45.0,44.5,45.2,43.3,반등,0.7,58.5,54.3,50.0,16.0,2021
울산,31,북구,31200,중,강동중학교,공립,울산광역시 북구 산하동,UzA3MDAwMDMzMQ==,35.3,28.3,30.7,35.3,41.1,34.1,연속↑,5.8,36.2,28.3,30.2,34.8,40.5,34.0,연속↑,5.8,42.6,46.2,55.1,18.4,2025
울산,31,북구,31200,중,화봉중학교,공립,울산광역시 북구 화봉동,UzA3MDAwMDM1MQ==,32.2,24.8,38.5,39.9,38.1,34.7,하락,1.8,32.1,24.3,38.2,40.7,39.3,34.9,하락,1.4,40.0,56.9,49.6,34.7,2024
울산,31,북구,31200,중,호계중학교,공립,울산광역시 북구 호계동,UzA3MDAwMDYxMg==,38.8,28.1,43.2,37.2,37.2,36.9,→보합,,38.5,27.8,42.6,37.6,38.2,36.9,반등,0.7,35.4,50.0,50.5,22.4,2023
울산,31,북구,31200,중,매곡중학교,공립,울산광역시 북구 매곡동,UzA3MDAwMDYyMQ==,34.6,23.9,33.1,29.4,37.4,31.7,반등,8.0,34.5,24.1,33.0,29.4,36.7,31.5,반등,7.3,36.7,36.9,50.7,32.2,2025
울산,31,북구,31200,중,천곡중학교,공립,울산 북구 천곡동,UzA3MDAwMDM0NQ==,37.8,26.9,34.5,36.6,36.1,34.4,하락,0.5,37.5,26.7,34.4,36.3,36.7,34.3,연속↑,0.4,41.1,40.7,39.2,28.9,2021
울산,31,북구,31200,중,진장중학교,공립,울산 북구 진장동,UzA3MDAwMDU1OQ==,46.5,36.3,40.9,35.4,35.7,38.9,반등,0.3,47.1,34.8,39.8,34.4,34.0,38.0,연속↓,0.4,53.6,30.6,46.4,33.0,2021
울산,31,북구,31200,중,달천중학교,공립,울산광역시 북구 달천동,UzA3MDAwMDY1Ng==,39.0,29.3,39.0,35.4,32.1,34.9,연속↓,3.4,39.3,28.4,39.5,35.8,32.4,35.1,연속↓,3.4,47.3,42.9,34.8,26.9,2023
울산,31,북구,31200,중,효정중학교,공립,울산광역시 북구 양정동,UzA3MDAwMDM1NA==,30.5,22.3,27.4,27.9,31.9,28.0,연속↑,4.1,30.5,22.5,28.2,27.4,32.4,28.2,반등,5.0,30.9,36.6,36.1,32.8,2025
울산,31,북구,31200,중,고헌중학교,공립,울산광역시 북구 박상진2로,UzA3MDAwMDc3MQ==,30.5,29.0,33.6,37.8,31.9,32.6,하락,5.9,31.3,29.3,33.6,38.3,32.2,32.9,하락,6.1,28.5,37.9,40.4,25.2,2024
울산,31,북구,31200,중,이화중학교,공립,울산광역시 북구 중산동,UzA3MDAwMDU0MA==,34.8,20.7,28.2,32.5,30.7,29.4,하락,1.8,35.8,21.1,29.5,33.2,30.2,30.0,하락,3.0,42.5,42.5,35.6,33.3,2021
울산,31,북구,31200,중,연암중학교,공립,울산광역시 북구 연암동,UzA3MDAwMDU1OA==,32.3,28.1,34.4,32.6,29.0,31.3,연속↓,3.6,30.3,28.3,33.0,30.2,27.1,29.8,연속↓,3.1,32.7,27.9,55.1,41.2,2023
울산,31,북구,31200,중,농소중학교,공립,울산광역시 북구 호계동,UzA3MDAwMDMzMg==,35.5,27.3,33.3,32.0,23.1,30.2,연속↓,8.9,35.4,27.3,32.6,30.6,22.4,29.7,연속↓,8.2,40.4,20.6,33.3,35.6,2021
울산,31,북구,31200,중,울산스포츠과학중학교,공립,울산스포츠과학중학교,UzA3MDAwMDcyOA==,13.9,14.7,11.4,9.9,6.7,11.3,연속↓,3.2,14.1,13.8,11.2,9.4,6.3,11.0,연속↓,3.1,9.7,6.5,15.6,80.8,2021
울산,31,북구,31200,고,울산외국어고등학교,공립,울산외국어고등학교,UzA3MDAwMDY3Mw==,30.2,29.8,33.1,38.4,61.2,38.5,연속↑,22.8,30.1,29.4,32.6,36.7,63.9,38.5,연속↑,27.2,64.3,94.6,,,2025
울산,31,북구,31200,고,울산에너지고등학교,공립,울산에너지고등학교,UzA3MDAwMDExNQ==,24.3,32.3,17.6,32.6,36.8,28.7,연속↑,4.3,25.2,34.6,19.8,34.5,39.4,30.7,연속↑,4.9,35.3,60.8,30.4,4.7,2025
울산,31,북구,31200,고,울산마이스터고등학교,공립,울산마이스터고등학교,UzA3MDAwMDExMA==,35.6,29.1,37.1,34.9,28.2,33.0,연속↓,6.7,35.9,30.2,38.3,33.9,27.4,33.1,연속↓,6.6,22.4,25.5,59.6,1.0,2023
울산,31,북구,31200,고,달천고등학교,공립,울산광역시 북구 달천동,UzA3MDAwMDY1OQ==,7.1,6.1,14.7,17.2,21.3,13.3,연속↑,4.1,6.7,5.5,14.4,16.8,21.0,12.9,연속↑,4.2,28.7,24.1,20.7,13.7,2025
울산,31,북구,31200,고,화봉고등학교,공립,울산광역시 북구 화봉동,UzA3MDAwMDY4OA==,6.7,7.1,6.7,8.3,19.2,9.6,연속↑,10.9,6.4,6.7,6.3,7.7,19.1,9.3,연속↑,11.4,15.0,20.9,32.4,28.4,2025
울산,31,북구,31200,고,강동고등학교,공립,울산광역시 북구 산하동,UzA3MDAwMDc1OQ==,10.3,17.6,15.8,9.3,16.7,13.9,반등,7.4,10.3,18.3,14.8,10.2,18.0,14.3,반등,7.9,17.4,42.4,14.4,22.6,2022
울산,31,북구,31200,고,매곡고등학교,공립,울산광역시 북구 매곡동,UzA3MDAwMDcwMQ==,8.2,,9.5,10.8,16.9,11.4,연속↑,6.2,8.8,,8.5,10.1,16.1,10.9,연속↑,6.1,19.6,11.8,21.0,30.6,2025
울산,31,북구,31200,고,울산동천고등학교,공립,울산동천고등학교,UzA3MDAwMDA4Mg==,14.3,6.1,14.2,10.5,17.2,12.5,반등,6.7,14.6,5.3,13.4,9.4,16.0,11.8,반등,6.5,26.4,9.4,22.5,29.3,2025
울산,31,북구,31200,고,무룡고등학교,공립,울산광역시 북구 연암동,UzA3MDAwMDA4NA==,7.0,12.2,9.7,10.4,15.2,10.9,연속↑,4.8,6.4,10.8,10.5,9.8,14.7,10.4,반등,4.9,27.1,12.6,12.4,33.8,2025
울산,31,북구,31200,고,효정고등학교,공립,울산광역시 북구 효문동,UzA3MDAwMDEyOA==,7.1,9.9,6.0,7.3,12.4,8.5,연속↑,5.1,7.2,9.1,5.9,7.3,12.5,8.4,연속↑,5.2,13.0,19.5,14.5,40.2,2025
울산,31,북구,31200,고,호계고등학교,공립,울산광역시 북구 호계동,UzA3MDAwMDYxNA==,6.1,10.1,11.1,10.3,13.5,10.2,반등,3.3,6.8,9.9,10.7,9.9,12.5,9.9,반등,2.6,17.9,7.1,19.3,44.9,2025
울산,31,북구,31200,고,울산스포츠과학고등학교,공립,울산스포츠과학고등학교,UzA3MDAwMDcwNA==,3.9,0.3,4.4,5.7,6.3,4.1,연속↑,0.6,3.6,0.3,4.6,5.4,4.9,3.7,하락,0.6,3.3,2.9,15.7,70.5,2024
세종,36,세종특별자치시,36110,중,집현중학교,공립,세종특별자치시  집현서로 42,UzA4MDAwMDIzNw==,,26.6,47.2,48.1,43.3,41.3,하락,4.8,,25.1,46.5,47.6,42.3,40.4,하락,5.2,66.4,44.7,60.2,26.7,2024
세종,36,세종특별자치시,36110,중,글벗중학교,공립,세종특별자치시 소담동,UzA4MDAwMDE4Mg==,34.1,31.8,38.8,34.9,42.0,36.3,반등,7.1,35.6,31.4,38.7,34.1,42.1,36.4,반등,8.1,58.1,49.7,45.6,24.5,2025
세종,36,세종특별자치시,36110,중,새뜸중학교,공립,세종특별자치시 새롬동,UzA4MDAwMDE2NA==,30.5,25.3,33.0,30.7,41.7,32.2,반등,11.0,29.2,24.6,32.0,30.6,41.4,31.5,반등,10.8,55.4,44.6,51.4,29.5,2025
세종,36,세종특별자치시,36110,중,양지중학교,공립,세종특별자치시 도담동,UzA4MDAwMDE0Ng==,39.6,34.7,40.9,40.2,40.5,39.2,반등,0.3,39.4,34.3,40.2,39.6,39.9,38.7,반등,0.3,66.1,49.0,45.5,23.6,2023
세종,36,세종특별자치시,36110,중,새롬중학교,공립,세종특별자치시   새롬동,UzA4MDAwMDEyMw==,44.4,34.2,38.5,41.9,37.2,39.2,하락,4.7,44.3,33.0,37.5,39.3,36.0,38.0,하락,3.3,62.6,34.8,42.9,31.9,2021
세종,36,세종특별자치시,36110,중,나성중학교,공립,세종특별자치시  갈매로 298,UzA4MDAwMDIwMg==,30.1,28.2,41.7,39.1,35.9,35.0,연속↓,3.3,30.3,27.6,40.2,37.5,35.1,34.2,연속↓,2.4,41.5,40.8,54.7,34.4,2023
세종,36,세종특별자치시,36110,중,새움중학교,공립,세종특별자치시  다정서로 12,UzA4MDAwMDE2NQ==,39.1,25.0,36.5,38.5,35.9,35.0,하락,2.6,40.1,24.6,35.3,37.2,34.0,34.2,하락,3.2,50.8,26.7,47.2,30.9,2021
세종,36,세종특별자치시,36110,중,어진중학교,공립,세종특별자치시 어진동,UzA4MDAwMDE1Mg==,37.6,29.9,36.6,29.4,32.8,33.3,반등,3.4,39.3,29.3,36.6,29.8,32.7,33.5,반등,2.8,41.8,38.0,36.3,35.8,2021
세종,36,세종특별자치시,36110,중,종촌중학교,공립,세종특별자치시  도움1로 126,UzA4MDAwMDEzOQ==,34.5,28.9,33.7,29.1,32.8,31.8,반등,3.7,34.2,28.5,32.4,27.4,31.3,30.8,반등,3.8,45.4,32.2,45.1,30.7,2021
세종,36,세종특별자치시,36110,중,다정중학교,공립,세종특별자치시 다정동,UzA4MDAwMDIwNQ==,36.6,29.6,31.1,26.7,32.8,31.3,반등,6.0,35.9,28.8,29.9,25.2,31.3,30.2,반등,6.1,32.9,36.7,54.3,39.7,2021
세종,36,세종특별자치시,36110,중,아름중학교,공립,세종특별자치시   아름동,UzA4MDAwMDEwOA==,27.3,26.0,30.7,31.9,32.0,29.6,연속↑,0.2,27.6,26.2,30.6,31.2,30.9,29.3,하락,0.3,30.3,37.6,51.7,24.1,2024
세종,36,세종특별자치시,36110,중,금호중학교,공립,세종특별자치시 대평동,UzA4MDAwMDA2MQ==,30.8,24.5,27.1,28.4,31.7,28.5,연속↑,3.3,30.7,24.1,27.5,28.4,30.7,28.3,연속↑,2.3,43.2,28.4,46.9,40.7,2025
세종,36,세종특별자치시,36110,중,보람중학교,공립,세종특별자치시 보람동,UzA4MDAwMDE4Mw==,33.8,28.3,26.4,29.8,30.0,29.7,연속↑,0.2,32.9,27.7,26.7,30.0,30.6,29.6,연속↑,0.7,31.5,37.3,39.8,23.7,2021
세종,36,세종특별자치시,36110,중,해밀중학교,공립,세종특별자치시 연기면 해밀리,UzA4MDAwMDI0MQ==,34.0,26.5,38.4,31.4,29.9,32.1,연속↓,1.5,34.8,25.9,38.2,31.4,29.7,32.0,연속↓,1.7,40.8,33.7,35.3,33.6,2023
세종,36,세종특별자치시,36110,중,고운중학교,공립,세종특별자치시 고운동,UzA4MDAwMDEzOA==,28.5,24.2,29.1,33.4,30.3,29.1,하락,3.0,28.4,23.9,29.8,33.5,29.6,29.0,하락,3.9,37.1,32.4,38.9,35.2,2024
세종,36,세종특별자치시,36110,중,반곡중학교,공립,세종특별자치시 반곡동,UzA4MDAwMDIwMw==,27.7,23.1,29.3,32.8,31.5,28.9,하락,1.3,27.3,22.0,29.2,30.9,29.5,27.8,하락,1.4,41.0,25.5,46.7,30.4,2024
세종,36,세종특별자치시,36110,중,소담중학교,공립,세종특별자치시 소담동,UzA4MDAwMDE2Mw==,25.6,23.9,29.0,28.7,29.9,27.4,반등,1.2,25.4,22.9,27.5,28.1,29.4,26.7,연속↑,1.3,35.5,30.6,40.0,35.7,2025
세종,36,세종특별자치시,36110,중,한솔중학교,공립,세종특별자치시 한솔동,UzA4MDAwMDA2Nw==,38.8,27.3,33.7,32.2,29.2,32.2,연속↓,3.1,37.1,26.9,32.9,31.4,28.7,31.4,연속↓,2.6,35.1,38.3,46.5,34.3,2021
세종,36,세종특별자치시,36110,중,부강중학교,공립,세종특별자치시  부용면 부강리,UzA4MDAwMDA3Mw==,26.9,23.1,26.7,28.0,26.8,26.3,하락,1.2,27.9,22.8,27.1,27.8,27.3,26.6,하락,0.4,37.1,36.8,31.4,40.0,2021
세종,36,세종특별자치시,36110,중,조치원중학교,공립,세종특별자치시 조치원읍 서창리,UzA4MDAwMDA2Ng==,20.0,21.1,27.1,26.4,26.2,24.2,연속↓,0.2,20.0,19.7,26.4,26.2,26.9,23.9,반등,0.7,25.0,44.0,34.9,38.9,2025
세종,36,세종특별자치시,36110,중,두루중학교,공립,세종특별자치시  만남로 211,UzA4MDAwMDE0MA==,22.8,20.2,33.1,34.6,28.3,27.8,하락,6.3,22.8,20.3,33.0,33.9,26.7,27.3,하락,7.2,33.6,27.0,48.2,37.7,2024
세종,36,세종특별자치시,36110,중,산울중학교,공립,세종특별자치시 산울동 249,UzA4MDAwMDMwOQ==,,,,,25.7,25.7,-,,,,,,25.8,25.8,-,,32.5,31.3,32.5,41.3,2025
세종,36,세종특별자치시,36110,중,도담중학교,공립,세종특별자치시 도담동,UzA4MDAwMDExOA==,40.5,27.9,31.6,25.6,25.7,30.2,반등,,39.9,27.4,31.3,26.0,25.2,30.0,연속↓,0.8,26.8,30.3,39.5,42.3,2021
세종,36,세종특별자치시,36110,중,세종중학교,공립,세종중학교,UzA4MDAwMDA2NQ==,32.3,19.3,17.0,21.1,23.8,22.7,연속↑,2.7,31.7,18.0,16.8,21.0,23.1,22.1,연속↑,2.1,51.5,28.3,29.9,62.3,2021
세종,36,세종특별자치시,36110,중,연서중학교,공립,세종특별자치시  연서면 연서로115,UzA4MDAwMDA2Mw==,20.7,19.2,22.9,22.8,20.5,21.2,연속↓,2.3,21.1,19.1,22.6,22.4,20.1,21.1,연속↓,2.2,29.7,26.3,28.9,61.8,2023
세종,36,세종특별자치시,36110,중,장기중학교,공립,세종특별자치시 장군면 하봉리,UzA4MDAwMDA2MA==,22.4,13.1,12.5,12.5,18.7,15.8,상승,6.3,23.3,12.4,11.4,11.5,17.9,15.3,연속↑,6.4,36.8,26.3,26.3,69.6,2021
세종,36,세종특별자치시,36110,중,연동중학교,공립,세종특별자치시 연동면 내판리,UzA4MDAwMDA2Mg==,29.2,29.6,33.6,28.2,19.2,27.9,연속↓,9.1,30.1,27.9,30.7,27.3,17.5,26.7,연속↓,9.8,60.0,20.0,50.0,66.7,2023
세종,36,세종특별자치시,36110,중,전의중학교,공립,세종특별자치시 전의면 읍내리,UzA4MDAwMDA2NA==,28.9,22.6,28.0,22.1,14.6,23.2,연속↓,7.6,29.6,22.5,28.2,22.5,14.0,23.3,연속↓,8.5,27.5,22.0,22.2,55.0,2021
세종,36,세종특별자치시,36110,고,세종국제고등학교,공립,세종국제고등학교,UzA4MDAwMDEyMA==,13.1,22.1,5.3,14.5,45.3,20.1,연속↑,30.8,12.4,19.3,4.7,13.2,42.6,18.4,연속↑,29.4,80.6,31.7,35.9,1.0,2025
세종,36,세종특별자치시,36110,고,양지고등학교,공립,세종특별자치시  갈매로 518,UzA4MDAwMDE1MA==,14.5,20.0,26.6,21.8,34.5,23.5,반등,12.7,13.6,19.5,25.7,20.7,33.8,22.7,반등,13.1,36.8,35.2,45.6,6.6,2025
세종,36,세종특별자치시,36110,고,세종대성고등학교,사립,세종대성고등학교,UzA4MDAwMDA2OA==,11.6,19.2,27.3,19.9,34.6,22.5,반등,14.8,10.9,18.9,29.0,20.1,32.9,22.4,반등,12.9,36.4,30.6,46.1,5.9,2025
세종,36,세종특별자치시,36110,고,새롬고등학교,공립,세종특별자치시  새롬서로 68,UzA4MDAwMDE2Mg==,12.9,12.5,11.2,11.3,29.9,15.6,연속↑,18.5,12.0,11.7,11.1,10.4,31.0,15.2,반등,20.6,23.1,46.1,32.1,17.5,2025
세종,36,세종특별자치시,36110,고,세종캠퍼스고등학교,공립,세종캠퍼스고등학교,UzA4MDAwMDMxMA==,,,,,29.4,29.4,-,,,,,,28.5,28.5,-,,40.0,23.3,43.6,15.8,2025
세종,36,세종특별자치시,36110,고,보람고등학교,공립,세종특별자치시  한누리대로 2176,UzA4MDAwMDE2MQ==,9.3,9.2,9.1,27.2,29.0,16.8,연속↑,1.8,9.5,8.9,8.0,27.4,28.4,16.4,연속↑,1.0,51.6,25.3,19.8,11.4,2025
세종,36,세종특별자치시,36110,고,세종예술고등학교,공립,세종예술고등학교,UzA4MDAwMDE0Nw==,16.4,22.7,17.1,16.3,25.2,19.5,반등,9.0,15.0,21.7,17.4,15.9,24.0,18.8,반등,8.1,36.3,20.0,27.6,38.8,2025
세종,36,세종특별자치시,36110,고,해밀고등학교,공립,세종특별자치시  해밀동,UzA4MDAwMDI0MA==,9.0,13.0,7.6,8.1,21.8,11.9,연속↑,13.7,8.7,13.2,7.6,7.7,22.8,12.0,연속↑,15.1,21.8,39.7,26.9,12.8,2025
세종,36,세종특별자치시,36110,고,종촌고등학교,공립,세종특별자치시 종촌동,UzA4MDAwMDE0NA==,6.9,12.9,10.3,13.5,23.8,13.5,연속↑,10.4,6.6,11.6,9.5,12.3,22.4,12.5,연속↑,10.1,31.1,14.1,30.1,15.9,2025
세종,36,세종특별자치시,36110,고,세종고등학교,공립,세종고등학교,UzA4MDAwMDA3Ng==,6.4,9.1,8.8,6.6,22.2,10.6,반등,15.5,6.7,9.6,8.6,6.1,21.4,10.5,반등,15.3,26.1,23.2,23.9,18.3,2025
세종,36,세종특별자치시,36110,고,반곡고등학교,공립,세종특별자치시 반곡동,UzA4MDAwMDIwMA==,6.6,6.8,11.0,10.9,20.9,11.2,반등,10.0,6.8,6.3,9.7,10.2,21.3,10.9,연속↑,11.1,16.1,27.5,33.5,16.1,2025
세종,36,세종특별자치시,36110,고,세종미래고등학교,공립,세종미래고등학교,UzA4MDAwMDA3Mg==,4.8,10.7,7.9,6.6,20.4,10.1,반등,13.8,5.0,10.6,7.7,6.5,20.7,10.1,반등,14.1,26.8,33.9,16.3,28.6,2025
세종,36,세종특별자치시,36110,고,한솔고등학교,공립,세종특별자치시  누리로 34,UzA4MDAwMDA3MQ==,13.1,14.4,10.6,9.7,20.2,13.6,반등,10.4,11.6,13.6,9.2,8.8,20.5,12.7,반등,11.7,21.3,33.8,23.8,9.0,2025
세종,36,세종특별자치시,36110,고,도담고등학교,공립,세종특별자치시 도담동,UzA4MDAwMDExOQ==,9.6,11.4,9.7,9.5,19.9,12.0,반등,10.4,9.4,10.6,9.3,8.9,20.0,11.6,반등,11.1,20.7,24.9,20.2,9.5,2025
세종,36,세종특별자치시,36110,고,소담고등학교,공립,세종특별자치시 소담동,UzA4MDAwMDE2MA==,9.6,6.9,7.7,6.9,18.5,9.9,반등,11.7,9.2,6.2,7.1,6.8,20.0,9.9,반등,13.2,6.7,33.6,24.6,20.1,2025
세종,36,세종특별자치시,36110,고,세종장영실고등학교,공립,세종장영실고등학교,UzA4MDAwMDIyMw==,7.2,7.8,11.3,11.3,19.4,11.4,상승,8.1,7.0,7.1,10.1,10.6,18.2,10.6,연속↑,7.6,16.9,16.2,36.7,4.4,2025
세종,36,세종특별자치시,36110,고,두루고등학교,공립,세종특별자치시  마음안1로 53,UzA4MDAwMDE1Ng==,18.9,12.7,14.3,9.6,19.6,15.0,반등,10.0,18.4,12.4,13.2,8.5,17.8,14.1,반등,9.2,20.6,8.5,32.4,20.2,2021
세종,36,세종특별자치시,36110,고,고운고등학교,공립,세종특별자치시  고운동,UzA4MDAwMDE0NQ==,9.1,9.9,19.9,15.1,18.0,14.4,반등,2.9,9.3,8.9,18.8,14.8,17.2,13.8,반등,2.4,21.7,14.0,28.5,32.8,2023
세종,36,세종특별자치시,36110,고,다정고등학교,공립,세종특별자치시 다정동,UzA4MDAwMDIwMQ==,8.9,7.4,8.5,12.8,16.3,10.8,연속↑,3.5,9.1,7.2,8.4,11.9,14.7,10.3,연속↑,2.9,31.8,6.4,21.8,28.5,2025
세종,36,세종특별자치시,36110,고,세종여자고등학교,공립,세종여자고등학교,UzA4MDAwMDA2OQ==,10.6,13.9,8.6,11.7,15.4,12.0,연속↑,3.7,10.2,13.3,8.0,11.2,14.6,11.5,연속↑,3.5,20.3,14.2,43.2,62.2,2025
세종,36,세종특별자치시,36110,고,아름고등학교,공립,세종특별자치시 아름동,UzA4MDAwMDEwNw==,6.9,9.5,7.2,11.3,11.9,9.4,연속↑,0.6,6.1,9.2,6.3,10.4,10.7,8.6,연속↑,0.3,20.8,6.3,18.7,20.8,2025
경기,41,과천시,41290,중,과천문원중학교,공립,경기도 과천시 코오롱로,UzA5MDAwMzAxNA==,51.2,32.4,50.7,51.4,50.9,47.3,하락,0.5,52.5,32.3,50.5,50.9,49.5,47.1,하락,1.5,60.2,49.1,60.7,18.0,2021
경기,41,과천시,41290,중,과천중학교,공립,경기도 과천시 중앙동,UzA5MDAwMzAxNg==,34.5,27.9,38.4,40.6,45.0,37.3,연속↑,4.3,33.7,28.3,38.0,40.3,44.3,36.9,연속↑,4.0,56.4,44.7,54.0,29.0,2025
경기,41,과천시,41290,중,과천율목중학교,공립,경기도 과천시 과천대로2길,UzA5MDAwNzY3OQ==,,,,37.0,43.1,40.1,상승,6.1,,,,37.6,44.0,40.8,상승,6.4,39.0,56.6,55.2,24.4,2025
경기,41,과천시,41290,고,과천외국어고등학교,사립,경기도 과천시 중앙동,UzA5MDAwMDQ3NA==,43.3,41.4,50.2,64.0,76.9,55.2,연속↑,12.9,42.0,38.9,47.5,63.5,75.3,53.4,연속↑,11.8,86.8,68.3,82.5,0.4,2025
경기,41,과천시,41290,고,과천중앙고등학교,공립,경기도 과천시 갈현동,UzA5MDAwMDQ3NQ==,24.3,18.9,11.7,15.4,25.2,19.1,연속↑,9.8,24.1,17.9,10.3,14.0,25.7,18.4,연속↑,11.7,26.7,37.2,26.9,17.0,2025
경기,41,과천시,41290,고,과천여자고등학교,사립,경기도 과천시 희망길,UzA5MDAwMDQ3Mw==,20.3,21.0,30.9,24.0,21.1,23.5,연속↓,2.9,19.0,20.8,29.8,23.2,21.3,22.8,연속↓,1.9,26.0,24.4,26.8,25.6,2023
경기,41,과천시,41290,고,과천고등학교,공립,경기도 과천시 꿈보람길,UzA5MDAwMDQ3Mg==,11.8,12.7,9.6,23.7,21.7,15.9,하락,2.0,11.1,12.3,9.2,24.5,20.5,15.5,하락,4.0,35.0,14.8,27.5,19.1,2024
경기,41,하남시,41450,중,윤슬중학교,공립,경기도 하남시 망월동,UzA5MDAwNzE1OA==,42.1,31.3,51.6,47.1,51.4,44.7,반등,4.3,42.3,31.6,51.7,46.9,51.2,44.7,반등,4.2,60.7,63.0,69.1,19.2,2023
경기,41,하남시,41450,중,미사중학교,공립,경기도 하남시 미사강변한강로334번길,UzA5MDAwNzAzNw==,36.5,31.8,52.4,50.1,49.9,44.2,연속↓,0.2,36.9,31.6,51.7,50.6,50.3,44.2,연속↓,0.2,46.2,53.7,66.4,18.5,2023
경기,41,하남시,41450,중,하남중학교,공립,경기도 하남시 창우동,UzA5MDAwMTI3Nw==,36.5,26.0,44.0,47.6,48.6,40.5,연속↑,1.0,36.9,25.9,44.9,47.7,48.8,40.8,연속↑,1.1,48.1,59.3,53.4,25.4,2025
경기,41,하남시,41450,중,은가람중학교,공립,경기도 하남시 선동,UzA5MDAwNzAzNg==,32.5,31.8,32.8,41.1,48.1,37.2,연속↑,7.0,34.4,31.4,33.8,41.1,48.4,37.8,연속↑,7.3,51.4,63.5,53.5,20.3,2025
경기,41,하남시,41450,중,위례중학교,공립,경기도 하남시 학암동,UzA5MDAwNzAzNQ==,42.1,31.9,55.1,50.8,49.0,45.8,연속↓,1.7,41.1,31.5,53.1,49.7,47.4,44.6,연속↓,2.3,62.0,51.6,63.4,20.6,2023
경기,41,하남시,41450,중,미사강변중학교,공립,경기도 하남시 선동,UzA5MDAwNjkxMg==,25.8,28.3,53.9,49.8,47.4,41.0,연속↓,2.4,25.6,27.5,53.6,49.5,47.2,40.7,연속↓,2.3,50.4,60.5,70.3,21.6,2023
경기,41,하남시,41450,중,감일백제중학교,공립,경기도 하남시 감일동,UzA5MDAwNzUxOQ==,,,34.9,36.3,44.2,38.4,연속↑,8.0,,,35.0,36.5,45.0,38.8,연속↑,8.5,44.6,55.9,47.5,21.3,2025
경기,41,하남시,41450,중,신평중학교,공립,경기도 하남시 신장동,UzA5MDAwNTM1MQ==,38.3,27.3,47.2,42.7,44.2,39.9,반등,1.5,38.2,27.0,47.3,43.0,44.1,39.9,반등,1.1,48.7,48.7,56.8,24.8,2023
경기,41,하남시,41450,중,감일중학교,공립,경기도 하남시 감일백제로,UzA5MDAwNzM3Nw==,32.7,31.9,50.7,48.0,42.8,41.2,연속↓,5.2,33.4,31.5,50.6,48.0,43.0,41.3,연속↓,5.0,57.6,52.7,47.4,17.5,2023
경기,41,하남시,41450,중,덕풍중학교,공립,경기도 하남시 덕풍3동,UzA5MDAwNTcxMw==,38.3,27.8,43.2,42.5,40.5,38.5,연속↓,2.0,38.0,28.3,43.7,41.8,40.4,38.4,연속↓,1.5,45.9,51.5,54.1,34.0,2023
경기,41,하남시,41450,중,동부중학교,공립,경기도 하남시 덕풍동,UzA5MDAwMTI3NA==,25.6,22.6,35.3,34.9,37.3,31.1,반등,2.4,25.4,22.1,35.6,35.1,37.4,31.1,반등,2.3,50.0,42.0,36.4,42.0,2025
경기,41,하남시,41450,중,남한중학교,공립,경기도 하남시 신장2동,UzA5MDAwMTI3Mw==,25.7,20.8,22.4,34.2,36.1,27.8,연속↑,1.9,25.9,20.2,22.3,34.0,35.5,27.6,연속↑,1.5,52.5,44.1,47.5,44.1,2025
경기,41,하남시,41450,중,신장중학교,공립,경기도 하남시 신장2동,UzA5MDAwMTI3NQ==,31.0,26.8,33.8,40.1,35.9,33.5,하락,4.2,31.2,26.2,34.0,39.3,35.1,33.2,하락,4.3,40.3,41.3,53.3,47.8,2024
경기,41,하남시,41450,고,하남고등학교,사립,경기도 하남시 미사강변남로,UzA5MDAwMDg0OA==,20.6,18.3,29.9,31.6,31.5,26.4,하락,0.1,19.9,18.4,29.5,30.2,34.0,26.4,연속↑,3.8,17.8,57.6,33.1,0.6,2025
경기,41,하남시,41450,고,한국애니메이션고등학교,공립,경기도 하남시 창우동,UzA5MDAwMDg1Ng==,13.2,12.7,5.8,10.4,27.3,13.9,연속↑,16.8,14.1,12.5,6.1,11.0,27.6,14.3,연속↑,16.6,24.2,31.3,40.0,26.3,2025
경기,41,하남시,41450,고,위례고등학교,공립,경기도 하남시 학암동,UzA5MDAwNzAxNA==,15.2,13.6,17.6,13.9,28.3,17.7,반등,14.3,14.4,13.0,18.0,14.2,27.4,17.4,반등,13.2,51.1,27.9,22.2,10.2,2025
경기,41,하남시,41450,고,감일고등학교,공립,경기도 하남시 감일순환로,UzA5MDAwNzQwOA==,7.4,9.9,14.5,21.7,25.0,15.7,연속↑,3.3,7.7,9.8,14.8,20.9,25.0,15.7,연속↑,4.1,31.1,37.6,33.9,6.7,2025
경기,41,하남시,41450,고,풍산고등학교,공립,경기도 하남시 덕풍동,UzA5MDAwNjU0MQ==,7.0,8.4,10.8,10.7,16.0,10.6,반등,5.3,6.6,8.0,10.3,10.2,15.8,10.2,반등,5.6,13.8,19.0,22.4,23.6,2025
경기,41,하남시,41450,고,남한고등학교,공립,경기도 하남시 덕풍1동,UzA5MDAwMDUyMA==,10.6,9.1,14.4,15.7,13.7,12.7,하락,2.0,10.9,8.1,14.2,15.0,13.2,12.3,하락,1.8,14.5,12.8,17.4,30.6,2024
경기,41,하남시,41450,고,신장고등학교,공립,경기도 하남시 신장동,UzA5MDAwNDkxNg==,8.1,8.9,9.6,9.3,13.1,9.8,반등,3.8,7.7,8.2,9.1,8.4,12.2,9.1,반등,3.8,11.1,7.8,26.3,28.6,2025
경기,41,하남시,41450,고,미사고등학교,공립,경기도 하남시 망월동,UzA5MDAwNjgxMA==,21.3,9.0,11.5,7.5,10.7,12.0,반등,3.2,23.1,8.7,12.1,7.7,10.0,12.3,반등,2.3,11.2,5.9,21.3,9.1,2021
경기,41,하남시,41450,고,하남경영고등학교,공립,경기도 하남시 창우동,UzA5MDAwMDg0OQ==,12.1,10.8,11.8,15.5,9.8,12.0,하락,5.7,12.9,12.0,12.6,15.7,9.7,12.6,하락,6.0,11.0,9.3,10.1,21.7,2024
경기,41,하남시,41450,고,미사강변고등학교,공립,경기도 하남시 미사강변한강로,UzA5MDAwNjkxOQ==,12.2,7.0,8.2,4.3,10.1,8.4,반등,5.8,13.1,7.0,7.8,4.0,9.5,8.3,반등,5.5,10.9,8.2,15.5,21.6,2021
경기,41,동탄구,41597,중,솔빛중학교,공립,경기도 화성시 반송동,UzA5MDAwNTU5Mg==,48.0,37.0,69.5,66.1,60.7,56.3,연속↓,5.4,46.5,36.5,69.7,65.3,59.8,55.5,연속↓,5.5,63.1,61.6,78.9,13.3,2023
경기,41,동탄구,41597,중,반송중학교,공립,경기도 화성시 탄요1길,UzA5MDAwNTU5MA==,33.5,34.4,55.6,59.3,56.2,47.8,하락,3.1,35.0,34.3,56.1,59.6,56.6,48.3,하락,3.0,64.0,61.8,59.8,14.4,2024
경기,41,동탄구,41597,중,예당중학교,공립,경기도 화성시 석우동,UzA5MDAwNTg3NQ==,40.4,39.6,60.3,51.2,53.7,49.1,반등,2.5,40.4,39.1,60.4,51.6,54.3,49.2,반등,2.7,62.9,60.0,53.6,14.5,2023
경기,41,동탄구,41597,중,석우중학교,공립,경기 화성시 동탄중앙로,UzA5MDAwNTQ3Mw==,30.3,30.5,50.6,54.1,48.9,42.9,하락,5.2,31.0,30.1,51.5,54.5,48.7,43.1,하락,5.8,49.4,51.9,68.6,18.2,2024
경기,41,동탄구,41597,중,청계중학교,공립,경기도 화성시 동탄대로시범길,UzA5MDAwNjkzOQ==,41.7,35.9,52.2,47.5,48.4,45.1,반등,0.9,40.8,35.8,51.9,46.9,48.0,44.7,반등,1.2,59.9,49.3,61.6,19.8,2023
경기,41,동탄구,41597,중,이산중학교,공립,경기도 화성시 동탄감배산로,UzA5MDAwNzI1Ng==,46.0,29.5,51.5,48.3,48.4,44.7,반등,0.1,46.1,29.1,50.8,47.8,47.4,44.2,연속↓,0.3,65.9,52.7,59.0,19.4,2023
경기,41,동탄구,41597,중,동탄중학교,공립,경기도 화성시 청계동,UzA5MDAwNDI2MQ==,36.1,31.2,48.0,52.5,45.6,42.7,하락,6.9,35.8,30.7,48.3,52.3,45.9,42.6,하락,6.4,53.3,58.5,49.6,15.7,2024
경기,41,동탄구,41597,중,다원중학교,공립,경기도 화성시 동탄순환대로,UzA5MDAwNzEyNw==,39.8,31.6,43.2,42.1,42.7,39.9,반등,0.6,38.7,31.5,42.9,41.8,42.7,39.5,반등,1.0,45.9,51.8,53.6,25.1,2023
경기,41,동탄구,41597,중,방교중학교,공립,경기도 화성시 동탄산척로1길,UzA5MDAwNjk0NA==,46.2,32.4,52.4,48.1,42.1,44.2,연속↓,6.0,47.3,32.1,52.5,46.8,41.5,44.0,연속↓,5.3,52.9,39.7,48.5,22.0,2023
경기,41,동탄구,41597,중,동탄목동중학교,공립,경기도 화성시 동탄순환대로20길,UzA5MDAwNzI0Mg==,39.5,28.4,43.8,39.9,41.6,38.6,반등,1.8,40.0,27.5,42.7,38.8,41.2,38.0,반등,2.4,45.2,41.3,50.7,23.1,2023
경기,41,동탄구,41597,중,청림중학교,공립,경기도 화성시 동탄산척로,UzA5MDAwNzIxOQ==,32.9,29.0,46.9,39.3,39.7,37.6,반등,0.4,32.9,28.6,46.9,39.7,39.4,37.5,연속↓,0.3,50.0,41.5,45.5,21.5,2023
경기,41,동탄구,41597,중,치동중학교,공립,경기도 화성시 동탄순환대로,UzA5MDAwNzUyMg==,,25.9,36.8,37.4,38.4,34.6,연속↑,1.0,,26.2,37.2,37.6,38.7,34.9,연속↑,1.1,43.8,58.0,44.4,26.4,2025
경기,41,동탄구,41597,중,푸른중학교,공립,경기도 화성시 능동,UzA5MDAwNTY2MQ==,33.1,28.9,49.3,44.0,38.1,38.7,연속↓,5.9,33.5,29.6,49.7,44.3,38.5,39.1,연속↓,5.8,46.4,57.3,53.3,22.7,2023
경기,41,동탄구,41597,중,한백중학교,공립,경기도 화성시 동탄면,UzA5MDAwNjkzNA==,35.4,28.9,39.7,36.2,37.8,35.6,반등,1.7,35.4,28.5,38.7,35.6,36.9,35.0,반등,1.3,43.4,39.0,50.0,29.6,2023
경기,41,동탄구,41597,중,서연중학교,공립,경기도 화성시 동탄대로4길,UzA5MDAwNzMzMg==,38.3,27.6,37.3,34.8,36.7,34.9,반등,1.9,37.4,27.3,36.4,33.8,36.5,34.3,반등,2.7,32.3,41.3,48.1,36.1,2021
경기,41,동탄구,41597,중,화성신동중학교,공립,경기도 화성시 동탄신동1길,UzA5MDAwNzkxNw==,,,,,36.0,36.0,-,,,,,,35.1,35.1,-,,50.0,35.1,52.0,42.1,2025
경기,41,동탄구,41597,중,화성세정중학교,공립,경기도 화성시 동탄순환대로12길,UzA5MDAwNzUyMQ==,,22.1,32.2,37.7,34.8,31.7,하락,2.9,,21.1,31.3,36.0,33.9,30.6,하락,2.1,45.1,36.1,48.8,28.4,2024
경기,41,동탄구,41597,고,동탄국제고등학교,공립,경기도 화성시 반송동,UzA5MDAwNjU3Nw==,13.5,13.2,18.5,18.1,38.7,20.4,반등,20.6,12.3,12.5,18.0,16.7,40.2,19.9,반등,23.5,31.5,50.7,45.3,1.5,2025
경기,41,동탄구,41597,고,이솔고등학교,공립,경기도 화성시 동탄순환대로7길,UzA5MDAwNzU2OA==,,6.6,10.6,8.0,30.0,13.8,반등,22.0,,6.4,9.5,7.1,29.6,13.2,반등,22.4,32.9,32.8,35.8,14.7,2025
경기,41,동탄구,41597,고,치동고등학교,공립,경기도 화성시 동탄순환대로,UzA5MDAwNzg2Mw==,,,,12.3,27.5,19.9,상승,15.3,,,,10.9,27.7,19.3,상승,16.8,24.0,41.4,43.3,39.4,2025
경기,41,동탄구,41597,고,예당고등학교,공립,경기도 화성시 삼성1로,UzA5MDAwNTU4MA==,12.7,13.9,19.9,13.4,24.2,16.8,반등,10.9,13.1,14.2,19.2,13.6,25.0,17.0,반등,11.4,27.9,31.8,22.0,5.8,2025
경기,41,동탄구,41597,고,능동고등학교,공립,경기도 화성시 능동,UzA5MDAwNTgwOA==,5.2,5.6,7.4,5.7,22.4,9.2,반등,16.7,5.4,5.1,7.0,5.4,22.0,9.0,반등,16.7,46.4,22.8,16.9,16.2,2025
경기,41,동탄구,41597,고,동탄중앙고등학교,공립,경기도 화성시 동탄대로시범길,UzA5MDAwNjgxMg==,3.1,8.0,18.7,9.8,22.0,12.3,반등,12.2,3.0,7.0,16.5,9.0,19.7,11.0,반등,10.7,32.9,6.8,38.2,23.9,2025
경기,41,동탄구,41597,고,서연고등학교,공립,경기도 화성시 동탄대로4가길,UzA5MDAwNzMxNg==,4.9,9.0,11.1,13.8,18.8,11.5,연속↑,5.0,4.5,8.2,10.5,13.1,18.8,11.0,연속↑,5.8,23.4,21.2,22.6,18.9,2025
경기,41,동탄구,41597,고,반송고등학교,공립,경기도 화성시 반송동,UzA5MDAwNTU3OA==,11.2,11.3,16.6,11.6,18.2,13.8,반등,6.7,10.4,10.2,15.8,10.9,17.2,12.9,반등,6.3,21.4,12.2,32.2,15.7,2025
경기,41,동탄구,41597,고,동탄고등학교,공립,경기도 화성시 동탄공원로1길,UzA5MDAwNTQ1OQ==,6.3,5.9,11.7,12.9,18.0,11.0,연속↑,5.1,5.6,6.4,11.6,12.3,16.8,10.5,연속↑,4.5,26.5,9.6,35.6,18.9,2025
경기,41,동탄구,41597,고,이산고등학교,공립,경기도 화성시 동탄기흥로353번길,UzA5MDAwNzEzMA==,6.3,7.2,10.4,7.3,17.6,9.8,반등,10.3,5.9,6.7,9.6,6.9,16.3,9.1,반등,9.4,26.6,8.9,22.8,37.2,2025
경기,41,동탄구,41597,고,신동고등학교,공립,경기도 화성시 동탄신동,UzA5MDAwNzkxNg==,,,,,14.8,14.8,-,,,,,,14.4,14.4,-,,26.5,15.4,17.1,48.8,2025
경기,41,동탄구,41597,고,정현고등학교,공립,경기도 화성시 동탄산척로,UzA5MDAwNzI0Mw==,9.8,5.3,10.2,8.1,14.5,9.6,반등,6.4,9.3,5.3,9.4,7.4,13.7,9.0,반등,6.3,20.1,13.4,14.9,24.5,2025
경기,41,동탄구,41597,고,나루고등학교,공립,경기도 화성시 반송동,UzA5MDAwNTY1NQ==,7.7,6.9,11.0,9.8,11.4,9.3,반등,1.6,7.6,7.1,10.8,10.1,11.4,9.4,반등,1.3,13.6,13.7,15.5,40.2,2025
경기,41,동탄구,41597,고,창의고등학교,공립,경기도 화성시 동탄면,UzA5MDAwNzEzMQ==,10.5,15.7,11.3,3.2,12.7,10.7,반등,9.5,10.0,15.0,10.7,3.1,11.2,10.0,반등,8.1,26.2,2.9,13.6,29.8,2022
경기,41,동탄구,41597,고,한백고등학교,공립,경기도 화성시 동탄순환대로26길,UzA5MDAwNjgxMQ==,6.7,5.6,6.0,9.9,11.4,7.9,연속↑,1.5,6.3,5.0,5.4,8.7,10.8,7.2,연속↑,2.1,12.3,8.3,16.7,24.9,2025
경기,41,가평군,41820,중,청심국제중학교,사립,경기도 가평군 설악면,UzA5MDAwNTQxOQ==,71.8,49.0,87.2,86.4,91.6,77.2,반등,5.3,70.2,48.0,84.1,83.1,90.2,75.1,반등,7.1,98.1,89.6,100.0,0.0,2025
경기,41,가평군,41820,중,청평중학교,공립,경기도 가평군 청평면,UzA5MDAwMDg4MA==,31.0,22.3,34.1,38.5,39.2,33.0,연속↑,0.6,31.3,21.1,34.3,38.5,38.9,32.8,연속↑,0.4,46.7,42.3,48.3,38.0,2025
경기,41,가평군,41820,중,가평북중학교,공립,경기도 가평군 북면,UzA5MDAwMDg3Nw==,23.7,25.4,29.7,36.4,39.8,31.0,연속↑,3.4,22.0,24.0,26.8,32.6,36.3,28.3,연속↑,3.8,88.9,33.3,55.6,53.8,2025
경기,41,가평군,41820,중,설악중학교,공립,경기도 가평군 설악면,UzA5MDAwMDg3OA==,35.2,23.3,32.8,28.1,35.2,30.9,반등,7.1,35.3,23.2,33.0,29.3,35.5,31.2,반등,6.2,36.0,45.8,41.7,35.4,2025
경기,41,가평군,41820,중,가평중학교,공립,경기도 가평군 가평읍,UzA5MDAwMDg3Ng==,34.9,25.0,34.0,35.2,35.0,32.8,하락,0.2,35.4,25.0,34.6,35.8,35.1,33.2,하락,0.7,31.9,47.0,49.7,45.1,2024
경기,41,가평군,41820,중,조종중학교,공립,경기도 가평군 조종면,UzA5MDAwMDg3OQ==,27.0,17.3,26.5,19.2,22.3,22.5,반등,3.1,27.3,16.7,26.8,19.3,22.4,22.5,반등,3.1,28.8,34.2,30.1,47.6,2021
경기,41,가평군,41820,고,청심국제고등학교,사립,경기도 가평군 설악면,UzA5MDAwNTI4Ng==,57.0,63.9,75.2,80.0,72.5,69.7,하락,7.5,54.3,61.8,73.2,78.3,68.2,67.2,하락,10.1,96.4,43.4,88.5,4.5,2024
경기,41,가평군,41820,고,설악고등학교,공립,경기도 가평군 설악면,UzA5MDAwMDYwOQ==,12.6,17.3,15.8,14.3,15.0,15.0,반등,0.7,12.7,17.6,15.7,14.6,15.0,15.1,반등,0.5,14.3,18.4,18.4,38.8,2022
경기,41,가평군,41820,고,조종고등학교,공립,경기도 가평군 하면,UzA5MDAwMDc5Ng==,10.8,20.0,11.0,21.1,19.1,16.4,하락,2.0,11.5,21.1,11.3,21.9,13.4,15.8,하락,8.5,14.3,23.5,42.9,28.6,2024
경기,41,가평군,41820,고,청평고등학교,공립,경기도 가평군 청평면,UzA5MDAwMDgxNw==,19.2,9.1,4.6,8.1,14.0,11.0,연속↑,6.0,18.7,9.4,4.3,8.4,12.1,10.6,연속↑,3.7,18.4,10.5,24.3,61.1,2021
경기,41,가평군,41820,고,가평고등학교,공립,경기도 가평군 가평읍,UzA5MDAwMDQ0NQ==,9.9,7.3,9.6,14.3,9.6,10.1,하락,4.7,9.4,8.0,9.7,14.3,10.0,10.3,하락,4.3,4.8,14.3,13.8,30.7,2024
경기,41,동안구,41173,중,귀인중학교,공립,경기도 안양시 동안구,UzA5MDAwMzAxOQ==,53.4,33.1,49.5,50.8,54.4,48.2,연속↑,3.6,53.8,33.4,49.4,50.3,53.8,48.1,연속↑,3.5,66.3,54.6,65.8,16.6,2025
경기,41,동안구,41173,중,평촌중학교,공립,경기도 안양시 동안구,UzA5MDAwMzAzOQ==,35.9,30.4,39.5,47.5,53.6,41.4,연속↑,6.1,36.1,30.0,39.3,46.9,52.7,41.0,연속↑,5.8,70.4,52.2,61.6,17.1,2025
경기,41,동안구,41173,중,범계중학교,공립,경기도 안양시 동안구,UzA5MDAwMzAyNA==,44.4,35.6,49.6,54.9,52.6,47.4,하락,2.2,43.3,34.4,49.5,54.2,52.5,46.8,하락,1.7,52.4,54.0,65.3,19.0,2024
경기,41,동안구,41173,중,대안여자중학교,공립,경기도 안양시 동안구,UzA5MDAwMzAyMQ==,56.4,35.9,51.4,47.2,48.8,47.9,반등,1.7,57.1,35.5,50.1,46.8,48.2,47.5,반등,1.4,72.6,53.0,53.3,19.3,2021
경기,41,동안구,41173,중,임곡중학교,공립,경기도 안양시 동안구,UzA5MDAwNTQwOQ==,34.4,30.3,42.6,43.5,43.2,38.8,하락,0.3,33.9,30.4,42.3,44.1,43.6,38.9,하락,0.5,44.0,53.1,52.3,19.6,2024
경기,41,동안구,41173,중,대안중학교,공립,경기도 안양시 동안구,UzA5MDAwMzAyMg==,40.8,30.2,39.9,46.3,44.6,40.3,하락,1.7,40.3,29.9,39.4,46.7,43.2,39.9,하락,3.5,55.4,43.5,63.5,18.9,2024
경기,41,동안구,41173,중,부안중학교,공립,경기도 안양시 동안구,UzA5MDAwMzAyNg==,36.3,31.3,39.8,40.2,43.2,38.1,연속↑,3.0,35.1,31.2,38.5,38.3,42.7,37.1,반등,4.4,50.7,45.1,55.3,24.2,2025
경기,41,동안구,41173,중,안양부흥중학교,공립,경기도 안양시 동안구,UzA5MDAwMzAzMw==,35.6,28.5,43.7,45.4,42.3,39.1,하락,3.0,35.7,28.0,43.9,45.1,42.4,39.0,하락,2.6,46.1,45.3,46.0,25.5,2024
경기,41,동안구,41173,중,신기중학교,공립,경기도 안양시 동안구,UzA5MDAwMzAzMA==,35.4,32.4,49.3,47.4,42.5,41.4,연속↓,4.9,36.1,31.9,49.1,46.1,42.1,41.1,연속↓,4.0,52.8,48.2,53.2,20.7,2023
경기,41,동안구,41173,중,호계중학교,공립,경기도 안양시 동안구,UzA5MDAwMzA0MQ==,28.4,30.3,42.5,40.9,39.4,36.3,연속↓,1.5,28.1,30.3,41.9,41.0,39.0,36.1,연속↓,2.0,45.3,39.0,46.6,26.2,2023
경기,41,동안구,41173,중,인덕원중학교,공립,경기도 안양시 동안구,UzA5MDAwMzAxNw==,29.6,24.5,28.3,26.6,37.7,29.3,반등,11.1,29.3,24.4,27.7,26.2,38.0,29.1,반등,11.8,41.8,50.0,45.6,28.6,2025
경기,41,동안구,41173,중,관양중학교,공립,경기도 안양시 동안구,UzA5MDAwMzAxOA==,33.3,27.4,43.0,33.9,34.1,34.3,반등,0.2,33.7,27.1,43.3,33.9,34.3,34.5,반등,0.3,26.1,48.3,51.3,33.6,2023
경기,41,동안구,41173,중,부림중학교,공립,경기도 안양시 동안구,UzA5MDAwMzAyNQ==,41.2,30.3,34.7,31.8,31.2,33.8,연속↓,0.7,41.0,30.3,34.7,31.3,31.4,33.8,반등,0.1,33.1,36.2,44.1,31.5,2021
경기,41,동안구,41173,중,호성중학교,공립,경기도 안양시 동안구,UzA5MDAwNDg2NQ==,35.4,27.1,38.2,36.4,30.7,33.6,연속↓,5.6,36.3,26.4,38.4,36.3,31.0,33.7,연속↓,5.3,42.5,43.3,37.2,30.2,2023
경기,41,동안구,41173,중,비산중학교,공립,경기 안양시 동안구,UzA5MDAwNTA0Ng==,35.8,32.7,33.7,27.6,26.8,31.3,연속↓,0.8,35.1,32.8,33.4,27.3,26.7,31.1,연속↓,0.6,27.1,28.2,38.5,34.1,2021
경기,41,동안구,41173,고,경기게임마이스터고등학교,공립,경기게임마이스터고등학교,UzA5MDAwMDQ3Ng==,21.4,16.3,18.3,30.6,27.8,22.9,하락,2.8,19.9,16.1,17.8,29.7,29.5,22.6,하락,0.2,40.9,53.0,6.1,4.2,2024
경기,41,동안구,41173,고,부흥고등학교,공립,경기도 안양시 동안구,UzA5MDAwMDU4Ng==,8.3,14.7,18.0,19.5,26.1,17.3,연속↑,6.6,8.5,13.3,17.3,18.4,25.9,16.7,연속↑,7.5,24.3,28.7,42.4,20.7,2025
경기,41,동안구,41173,고,평촌과학기술고등학교,공립,경기도 안양시 동안구,UzA5MDAwMDgzNQ==,7.1,14.1,13.4,13.3,25.6,14.7,반등,12.2,7.2,13.1,14.0,13.2,24.6,14.4,반등,11.5,40.5,20.7,29.2,29.2,2025
경기,41,동안구,41173,고,평촌고등학교,공립,경기도 안양시 동안구,UzA5MDAwMDgzNA==,7.8,20.3,12.5,14.9,24.8,16.0,연속↑,9.9,8.4,22.8,12.5,14.7,23.9,16.4,연속↑,9.2,24.4,28.1,37.2,12.4,2025
경기,41,동안구,41173,고,인덕원고등학교,공립,경기도 안양시 동안구,UzA5MDAwNDkwNQ==,10.5,7.9,11.5,9.7,20.0,11.9,반등,10.3,9.7,7.1,10.1,9.0,20.8,11.4,반등,11.8,16.5,28.8,23.6,18.7,2025
경기,41,동안구,41173,고,동안고등학교,공립,경기도 안양시 동안구,UzA5MDAwMDU0MQ==,7.6,1.8,13.6,8.6,20.3,10.4,반등,11.7,7.2,1.8,11.9,7.8,19.9,9.7,반등,12.2,20.9,18.1,24.7,10.9,2025
경기,41,동안구,41173,고,백영고등학교,사립,경기도 안양시 동안구,UzA5MDAwMDU2OA==,48.9,43.6,52.7,31.2,20.6,39.4,연속↓,10.6,48.3,41.7,53.8,30.0,19.6,38.7,연속↓,10.4,32.0,15.8,25.5,8.4,2023
경기,41,동안구,41173,고,관양고등학교,공립,경기도 안양시 동안구,UzA5MDAwMDQ3Nw==,10.9,11.8,12.8,16.1,17.3,13.8,연속↑,1.2,11.0,11.6,11.9,15.6,17.4,13.5,연속↑,1.8,29.0,19.2,21.0,22.8,2025
경기,41,동안구,41173,고,평촌경영고등학교,공립,경기도 안양시 동안구,UzA5MDAwMDgzNg==,9.5,10.5,11.7,14.9,14.2,12.1,하락,0.7,10.2,10.1,11.2,14.4,13.9,12.0,하락,0.5,19.0,13.8,14.3,21.9,2024
경기,41,수지구,41465,중,서원중학교,공립,경기도 용인시 수지구,UzA5MDAwMzQ3OA==,42.6,36.6,46.1,45.4,50.6,44.3,반등,5.2,43.5,35.7,45.5,44.8,49.5,43.8,반등,4.7,64.2,49.0,63.6,20.7,2025
경기,41,수지구,41465,중,죽전중학교,공립,경기도 용인시 수지구,UzA5MDAwMzQ5MQ==,46.9,30.0,43.9,49.0,46.3,43.2,하락,2.6,48.1,29.9,44.2,48.8,45.9,43.4,하락,2.9,59.4,52.0,59.9,20.8,2024
경기,41,수지구,41465,중,용인한빛중학교,공립,경기도 용인시 수지구,UzA5MDAwNTc0OQ==,44.0,32.4,47.1,38.9,46.8,41.8,반등,7.8,44.3,31.8,45.7,37.4,45.8,41.0,반등,8.4,61.6,51.7,61.0,33.1,2025
경기,41,수지구,41465,중,용인대덕중학교,공립,경기도 용인시 수지구,UzA5MDAwNDk3Mw==,38.8,34.0,44.1,47.8,46.2,42.2,하락,1.6,38.0,33.0,43.3,46.7,45.5,41.3,하락,1.2,54.5,47.3,51.3,19.6,2024
경기,41,수지구,41465,중,상현중학교,공립,경기도 용인시 수지구,UzA5MDAwMzQ3Nw==,42.2,27.7,44.1,43.6,45.1,40.5,반등,1.5,42.3,27.5,43.3,42.7,43.6,39.9,반등,1.0,57.0,47.6,54.5,27.2,2025
경기,41,수지구,41465,중,성복중학교,공립,경기도 용인시 수지구,UzA5MDAwMzQ3OQ==,41.4,31.9,42.5,44.0,42.3,40.4,하락,1.7,42.0,31.6,42.1,43.5,41.3,40.1,하락,2.1,63.4,41.0,60.4,24.8,2024
경기,41,수지구,41465,중,홍천중학교,공립,경기도 용인시 수지구,UzA5MDAwMzQ5NA==,37.3,32.5,42.4,40.0,41.9,38.8,반등,2.0,37.1,31.5,42.2,39.7,40.9,38.3,반등,1.2,52.9,40.9,54.0,19.8,2023
경기,41,수지구,41465,중,정평중학교,공립,경기 용인시 수지구,UzA5MDAwMzQ5MA==,38.8,32.9,47.1,40.8,41.7,40.2,반등,0.9,38.4,32.2,45.6,39.4,40.3,39.2,반등,1.0,56.9,37.3,53.4,25.6,2023
경기,41,수지구,41465,중,성서중학교,공립,경기도 용인시 수지구,UzA5MDAwNTg2OA==,48.6,30.7,44.1,41.8,41.5,41.3,연속↓,0.4,48.8,30.2,43.0,40.7,40.3,40.6,연속↓,0.3,54.5,36.9,49.8,27.8,2021
경기,41,수지구,41465,중,대지중학교,공립,경기도 용인시 수지구,UzA5MDAwMzQ3Mg==,33.2,30.5,43.2,39.8,38.7,37.1,연속↓,1.1,33.0,29.6,42.6,39.6,38.5,36.6,연속↓,1.1,42.1,40.3,51.4,29.3,2023
경기,41,수지구,41465,중,수지중학교,공립,경기도 용인시 수지구,UzA5MDAwMzQ4Mg==,34.4,28.1,39.4,43.2,39.5,36.9,하락,3.7,35.0,27.5,39.4,42.7,38.1,36.5,하락,4.6,53.0,36.2,50.8,23.5,2024
경기,41,수지구,41465,중,신봉중학교,공립,경기도 용인시 수지구,UzA5MDAwNjAzNQ==,24.9,26.7,40.5,40.3,37.7,34.0,연속↓,2.6,25.9,27.0,40.7,40.6,37.9,34.4,연속↓,2.7,44.2,44.3,40.3,27.5,2023
경기,41,수지구,41465,중,문정중학교,사립,경기 용인시 수지구,UzA5MDAwMzQ3NA==,46.0,30.7,42.6,47.4,38.0,41.0,하락,9.4,45.4,30.0,41.9,47.1,37.2,40.3,하락,9.9,50.6,43.5,49.0,30.7,2024
경기,41,수지구,41465,중,이현중학교,공립,경기 용인시 수지구,UzA5MDAwMzQ4OQ==,36.0,32.1,43.5,39.5,37.9,37.8,연속↓,1.6,35.1,31.8,43.3,39.2,36.8,37.3,연속↓,2.4,42.9,37.4,50.6,24.8,2023
경기,41,수지구,41465,중,손곡중학교,공립,경기도 용인시 수지구,UzA5MDAwNDk3NA==,30.0,25.2,30.5,32.2,37.4,31.1,연속↑,5.2,30.3,25.8,29.9,31.3,36.6,30.8,연속↑,5.3,47.4,36.0,55.9,29.3,2025
경기,41,수지구,41465,중,현암중학교,공립,경기도 용인시 수지구,UzA5MDAwNDk3MA==,34.0,28.4,34.5,28.2,30.9,31.2,반등,2.7,34.0,27.4,34.1,27.7,29.9,30.6,반등,2.2,38.3,33.1,38.3,37.2,2023
경기,41,수지구,41465,고,수지고등학교,공립,경기도 용인시 수지구,UzA5MDAwMDY1NQ==,27.0,14.8,21.9,17.4,34.7,23.1,반등,17.3,27.0,15.3,22.8,18.2,35.8,23.8,반등,17.6,26.9,51.4,40.8,2.5,2025
경기,41,수지구,41465,고,신봉고등학교,공립,경기도 용인시 수지구,UzA5MDAwNjUyNQ==,15.9,18.5,23.0,20.5,34.2,22.4,반등,13.6,14.4,17.6,21.4,18.7,33.3,21.1,반등,14.6,44.4,30.5,35.2,13.3,2025
경기,41,수지구,41465,고,용인홍천고등학교,공립,경기도 용인시 수지구,UzA5MDAwNTQxNg==,9.3,11.2,17.9,19.3,32.9,18.1,연속↑,13.6,10.0,12.4,18.6,20.5,32.4,18.8,연속↑,11.9,42.5,31.5,32.3,5.7,2025
경기,41,수지구,41465,고,상현고등학교,공립,경기도 용인시 수지구,UzA5MDAwNjUyMg==,21.8,19.0,13.7,17.3,30.8,20.5,연속↑,13.5,22.7,18.0,12.4,17.3,30.9,20.3,연속↑,13.6,26.8,37.5,40.6,15.7,2025
경기,41,수지구,41465,고,죽전고등학교,공립,경기 용인시 수지구,UzA5MDAwMDgwMQ==,34.3,13.8,11.1,6.5,26.7,18.5,반등,20.2,33.0,14.3,10.7,6.0,25.6,17.9,반등,19.6,39.8,24.5,27.7,8.9,2021
경기,41,수지구,41465,고,풍덕고등학교,공립,경기도 용인시 수지구,UzA5MDAwMDg0NA==,8.7,17.6,19.2,13.0,23.8,16.5,반등,10.8,8.9,17.7,19.0,12.9,23.9,16.5,반등,11.0,45.2,26.0,17.3,9.2,2025
경기,41,수지구,41465,고,대지고등학교,공립,경기도 용인시 수지구,UzA5MDAwNTQ1OA==,11.4,10.9,8.9,15.3,23.5,14.0,연속↑,8.2,11.2,10.4,8.5,15.0,22.6,13.6,연속↑,7.7,24.6,18.7,33.1,29.8,2025
경기,41,수지구,41465,고,현암고등학교,공립,경기도 용인시 수지구,UzA5MDAwNTQxNQ==,25.1,14.3,17.0,11.2,20.8,17.7,반등,9.6,25.4,13.9,16.1,10.8,21.5,17.5,반등,10.7,25.9,35.3,24.9,7.2,2021
경기,41,수지구,41465,고,서원고등학교,공립,경기도 용인시 수지구,UzA5MDAwNDg5Mw==,12.1,20.7,13.6,20.0,20.8,17.5,연속↑,0.8,11.9,22.8,13.1,21.5,20.3,17.9,하락,1.2,33.0,21.4,20.6,9.9,2022
경기,41,수지구,41465,고,성복고등학교,공립,경기도 용인시 수지구,UzA5MDAwNTkwNA==,11.3,8.9,13.6,8.6,18.4,12.2,반등,9.7,10.8,8.5,13.5,8.7,17.8,11.8,반등,9.1,23.6,16.6,24.7,23.3,2025
경기,41,분당구,41135,중,신백현중학교,공립,경기도 성남시 분당구,UzA5MDAwNjQzOA==,48.8,32.4,51.7,50.0,55.1,47.6,반등,5.0,47.9,31.5,50.3,48.8,53.9,46.5,반등,5.1,64.4,52.9,81.7,16.3,2025
경기,41,분당구,41135,중,서현중학교,공립,경기도 성남시 분당구,UzA5MDAwMjE4NA==,51.3,32.6,47.3,43.5,53.7,45.7,반등,10.2,50.7,31.9,47.0,42.9,53.6,45.2,반등,10.7,61.8,58.6,63.4,18.1,2025
경기,41,분당구,41135,중,낙원중학교,공립,경기도 성남시 분당구,UzA5MDAwNjQyMg==,38.0,30.1,49.1,45.8,52.6,43.1,반등,6.8,37.5,29.1,49.1,46.6,52.4,42.9,반등,5.8,57.5,58.9,60.3,16.0,2025
경기,41,분당구,41135,중,백현중학교,공립,경기도 성남시 분당구,UzA5MDAwMjE4MA==,39.3,36.7,55.3,53.5,51.3,47.2,연속↓,2.2,39.6,36.7,54.1,52.7,50.5,46.7,연속↓,2.2,59.2,54.2,71.6,23.3,2023
경기,41,분당구,41135,중,운중중학교,공립,경기도 성남시 분당구,UzA5MDAwNTcwMA==,44.3,33.5,41.9,44.9,50.0,42.9,연속↑,5.1,45.2,33.3,41.5,44.7,49.5,42.9,연속↑,4.9,58.7,58.2,56.9,20.3,2025
경기,41,분당구,41135,중,내정중학교,공립,경기도 성남시 분당구,UzA5MDAwMjE3Ng==,39.9,32.8,40.3,40.6,46.3,40.0,연속↑,5.8,39.1,32.3,39.0,39.6,45.8,39.2,연속↑,6.2,57.8,55.8,58.3,22.4,2025
경기,41,분당구,41135,중,구미중학교,공립,경기도 성남시 분당구,UzA5MDAwNDg2NA==,32.4,29.2,48.3,50.6,46.0,41.3,하락,4.6,30.9,28.6,46.7,49.6,45.4,40.2,하락,4.1,60.2,58.4,52.3,25.0,2024
경기,41,분당구,41135,중,수내중학교,공립,경기도 성남시 분당구,UzA5MDAwMjE5Mw==,30.6,30.7,38.9,38.5,45.8,36.9,반등,7.2,30.2,30.0,38.2,37.9,45.3,36.3,반등,7.4,63.5,46.9,58.3,17.7,2025
경기,41,분당구,41135,중,판교중학교,공립,경기도 성남시 분당구,UzA5MDAwNTcwMQ==,39.3,34.4,47.8,44.4,41.0,41.4,연속↓,3.4,38.5,34.4,48.4,46.1,42.6,42.0,연속↓,3.5,48.7,57.7,44.9,19.6,2023
경기,41,분당구,41135,중,이매중학교,공립,경기도 성남시 분당구,UzA5MDAwMjIwMA==,40.4,37.3,44.5,39.2,42.8,40.8,반등,3.6,41.1,36.0,44.8,37.8,42.4,40.4,반등,4.6,47.3,54.0,52.6,15.6,2023
경기,41,분당구,41135,중,판교대장중학교,공립,경기도 성남시 분당구,UzA5MDAwNzY2OQ==,31.9,35.6,39.4,42.1,42.0,38.2,하락,0.2,31.1,34.4,37.9,40.9,40.9,37.0,→보합,,49.6,40.9,53.9,27.9,2025
경기,41,분당구,41135,중,야탑중학교,공립,경기도 성남시 분당구,UzA5MDAwMjE5NQ==,33.8,25.6,35.5,39.2,41.3,35.1,연속↑,2.1,33.2,25.8,35.5,38.7,40.7,34.8,연속↑,2.0,38.1,41.1,57.7,25.3,2025
경기,41,분당구,41135,중,샛별중학교,공립,경기도 성남시 분당구,UzA5MDAwNTYyMg==,35.7,33.5,49.4,44.7,40.8,40.8,연속↓,3.9,35.3,32.9,49.0,44.0,40.1,40.3,연속↓,3.9,47.9,47.1,54.0,31.5,2023
경기,41,분당구,41135,중,삼평중학교,공립,경기도 성남시 분당구,UzA5MDAwNTgzNA==,40.4,25.4,36.2,32.7,39.0,34.8,반등,6.3,40.2,24.3,35.5,32.9,39.4,34.4,반등,6.5,45.2,47.4,42.1,29.8,2021
경기,41,분당구,41135,중,불곡중학교,공립,경기도 성남시 분당구,UzA5MDAwMjE4Mg==,37.7,29.0,45.6,41.6,41.6,39.1,→보합,,37.8,28.2,44.4,39.4,39.4,37.8,→보합,,58.5,41.6,58.4,28.8,2023
경기,41,분당구,41135,중,정자중학교,공립,경기도 성남시 분당구,UzA5MDAwMjIwMg==,42.7,29.0,39.8,44.2,40.1,39.1,하락,4.1,42.7,27.7,39.3,43.8,38.9,38.5,하락,5.0,56.6,41.3,65.6,23.3,2024
경기,41,분당구,41135,중,양영중학교,공립,경기도 성남시 분당구,UzA5MDAwMjE5Ng==,33.5,32.7,48.4,39.3,39.6,38.7,반등,0.3,34.5,32.0,49.0,39.0,38.7,38.6,연속↓,0.3,44.0,34.8,54.8,24.7,2023
경기,41,분당구,41135,중,청솔중학교,공립,경기도 성남시 분당구,UzA5MDAwMjIwNQ==,28.6,28.2,34.2,32.3,38.3,32.3,반등,6.0,28.8,27.8,34.3,32.4,38.2,32.3,반등,5.8,41.0,53.8,56.4,35.7,2025
경기,41,분당구,41135,중,늘푸른중학교,공립,경기도 성남시 분당구,UzA5MDAwNTEzNg==,45.0,36.4,53.3,46.1,38.8,43.9,연속↓,7.3,44.8,36.1,52.7,46.3,38.1,43.6,연속↓,8.2,59.5,40.6,45.9,26.5,2023
경기,41,분당구,41135,중,매송중학교,공립,경기도 성남시 분당구,UzA5MDAwMjE3OA==,46.1,28.6,34.1,40.9,37.7,37.5,하락,3.2,45.9,28.2,33.8,40.3,37.4,37.1,하락,2.8,38.7,47.2,50.6,25.0,2021
경기,41,분당구,41135,중,보평중학교,공립,경기도 성남시 분당구,UzA5MDAwNTY5OA==,48.7,30.3,40.8,46.1,37.0,40.6,하락,9.1,49.6,29.8,39.3,44.4,36.1,39.8,하락,8.4,45.0,45.6,47.2,28.9,2021
경기,41,분당구,41135,중,송림중학교,사립,경기도 성남시 분당구,UzA5MDAwMjE5Mg==,26.8,27.4,29.5,27.5,33.3,28.9,반등,5.8,26.5,26.5,29.2,27.3,32.9,28.5,반등,5.5,38.9,35.2,38.5,35.2,2025
경기,41,분당구,41135,중,분당중학교,공립,경기도 성남시 분당구,UzA5MDAwMjE4MQ==,34.1,28.1,43.6,36.2,32.1,34.8,연속↓,4.1,33.4,27.4,43.3,37.0,32.1,34.7,연속↓,4.9,38.8,41.3,38.8,27.9,2023
경기,41,분당구,41135,중,장안중학교,공립,경기도 성남시 분당구,UzA5MDAwMjIwMQ==,29.6,22.1,30.2,32.8,26.7,28.3,하락,6.1,29.5,22.1,29.3,32.5,27.1,28.1,하락,5.4,25.0,36.7,37.7,36.2,2024
경기,41,분당구,41135,중,하탑중학교,공립,경기도 성남시 분당구,UzA5MDAwMjIwOA==,27.1,28.2,31.0,22.8,23.0,26.4,반등,0.2,26.1,27.8,30.1,23.0,22.7,25.9,연속↓,0.2,26.6,27.3,33.7,39.1,2023
경기,41,분당구,41135,중,이우중학교,사립,경기도 성남시 분당구,UzA5MDAwNDk4NA==,35.7,28.1,30.2,28.8,21.8,28.9,연속↓,6.9,34.8,27.0,29.0,28.6,20.8,28.0,연속↓,7.9,50.0,30.0,32.1,46.4,2021
경기,41,분당구,41135,고,분당대진고등학교,사립,경기도 성남시 분당구,UzA5MDAwMDU4OA==,40.8,33.1,24.7,21.8,46.1,33.3,반등,24.4,38.3,30.0,23.1,21.3,46.2,31.8,반등,24.9,46.5,51.0,48.6,2.8,2025
경기,41,분당구,41135,고,수내고등학교,공립,경기도 성남시 분당구,UzA5MDAwMDYzOQ==,11.7,10.2,7.5,11.3,30.3,14.2,연속↑,19.0,13.1,9.5,7.4,11.2,30.7,14.4,연속↑,19.4,33.0,36.2,32.1,15.0,2025
경기,41,분당구,41135,고,불곡고등학교,공립,경기도 성남시 분당구,UzA5MDAwMDU5MQ==,12.9,11.3,16.5,25.8,30.5,19.4,연속↑,4.6,12.2,10.3,15.7,25.2,29.7,18.6,연속↑,4.5,40.4,26.4,33.3,11.0,2025
경기,41,분당구,41135,고,돌마고등학교,공립,경기도 성남시 분당구,UzA5MDAwNDc2OA==,15.5,12.4,11.3,13.2,30.7,16.6,연속↑,17.5,15.1,12.0,11.5,12.5,29.3,16.1,연속↑,16.9,47.7,22.8,29.8,23.7,2025
경기,41,분당구,41135,고,보평고등학교,공립,경기도 성남시 분당구,UzA5MDAwNTgzNg==,9.6,15.1,15.7,32.7,29.4,20.5,하락,3.3,10.5,15.2,15.6,30.7,28.8,20.2,하락,1.9,42.4,26.9,37.1,23.9,2024
경기,41,분당구,41135,고,낙생고등학교,사립,경기도 성남시 분당구,UzA5MDAwMDUxNQ==,7.8,8.5,11.7,12.3,29.1,13.9,연속↑,16.7,7.5,7.6,10.8,11.5,27.7,13.0,연속↑,16.2,41.2,20.0,35.3,9.8,2025
경기,41,분당구,41135,고,판교고등학교,공립,경기도 성남시 분당구,UzA5MDAwNTkwMQ==,5.1,10.3,13.2,25.0,26.4,16.0,연속↑,1.5,5.0,10.2,14.0,24.2,26.4,16.0,연속↑,2.2,25.9,30.8,34.2,17.3,2025
경기,41,분당구,41135,고,분당중앙고등학교,공립,경기도 성남시 분당구,UzA5MDAwMDU5MA==,3.0,2.9,11.9,6.9,25.5,10.0,반등,18.6,2.9,2.7,11.5,6.3,25.8,9.9,반등,19.5,47.7,36.2,25.7,7.2,2025
경기,41,분당구,41135,고,송림고등학교,사립,경기 성남시 분당구,UzA5MDAwMDYzMw==,5.9,6.4,7.7,6.3,24.6,10.2,반등,18.3,5.6,5.8,6.9,6.4,25.4,10.0,반등,19.1,23.7,37.7,26.4,16.7,2025
경기,41,분당구,41135,고,서현고등학교,공립,경기도 성남시 분당구,UzA5MDAwMDYwOA==,13.0,14.8,16.7,11.1,25.7,16.2,반등,14.5,12.0,13.4,14.9,9.9,25.0,15.0,반등,15.1,36.8,26.0,24.4,9.1,2025
경기,41,분당구,41135,고,분당영덕여자고등학교,사립,경기도 성남시 분당구,UzA5MDAwMDcyOQ==,10.6,7.9,14.2,17.5,24.9,15.0,연속↑,7.4,10.0,7.3,12.7,15.9,24.6,14.1,연속↑,8.7,40.4,24.1,27.6,2.2,2025
경기,41,분당구,41135,고,이매고등학교,공립,경기도 성남시 분당구,UzA5MDAwMDc1OQ==,21.5,22.2,14.3,21.1,23.2,20.5,연속↑,2.2,20.6,22.9,14.2,20.8,23.2,20.3,연속↑,2.3,36.6,23.8,26.8,11.9,2025
경기,41,분당구,41135,고,늘푸른고등학교,공립,경기도 성남시 분당구,UzA5MDAwNDg5Nw==,16.1,15.7,18.5,21.1,22.6,18.8,연속↑,1.5,14.9,14.7,18.0,20.6,23.1,18.3,연속↑,2.6,22.3,38.2,31.7,10.6,2025
경기,41,분당구,41135,고,성남외국어고등학교,공립,경기도 성남시 분당구,UzA5MDAwNTI4Mg==,23.4,19.1,27.9,24.4,22.2,23.4,연속↓,2.2,25.6,18.7,29.6,25.3,22.4,24.3,연속↓,3.0,48.3,43.3,14.3,1.0,2023
경기,41,분당구,41135,고,태원고등학교,사립,경기도 성남시 분당구,UzA5MDAwMDgyMw==,18.3,17.2,27.8,30.2,21.5,23.0,하락,8.7,17.5,17.3,28.0,29.9,21.5,22.8,하락,8.5,22.8,23.3,23.3,7.3,2024
경기,41,분당구,41135,고,야탑고등학교,사립,경기도 성남시 분당구,UzA5MDAwMDcwMg==,14.3,17.2,22.1,22.0,20.4,19.2,연속↓,1.6,14.6,17.4,20.9,20.3,21.1,18.9,반등,0.8,26.5,29.9,16.7,,2025
경기,41,분당구,41135,고,이우고등학교,사립,경기도 성남시 분당구,UzA5MDAwNDk0NQ==,26.6,33.0,28.7,20.3,25.5,26.8,반등,5.2,27.2,32.8,27.5,19.0,20.5,25.4,반등,1.5,35.9,24.2,33.3,41.7,2022
경기,41,분당구,41135,고,운중고등학교,공립,경기도 성남시 분당구,UzA5MDAwNTg0NA==,11.9,8.3,16.9,12.7,17.8,13.5,반등,5.1,11.5,7.7,15.7,11.5,17.7,12.8,반등,6.2,14.7,17.8,24.9,28.9,2025
경기,41,분당구,41135,고,한솔고등학교,공립,경기도 성남시 분당구,UzA5MDAwMDg1OA==,12.6,11.7,5.0,6.3,16.6,10.4,연속↑,10.3,11.5,10.5,4.8,6.8,16.3,10.0,연속↑,9.5,23.8,15.6,20.0,18.0,2025
경기,41,분당구,41135,고,양영디지털고등학교,공립,경기도 성남시 분당구,UzA5MDAwMDcwOA==,11.3,8.0,11.9,15.5,14.4,12.2,하락,1.1,11.2,7.9,11.5,15.1,14.8,12.1,하락,0.3,17.9,18.5,14.1,51.2,2024
경기,41,분당구,41135,고,분당아람고등학교,공립,경기도 성남시 분당구,UzA5MDAwMDYxMw==,10.3,17.0,14.6,16.1,15.5,14.7,하락,0.7,9.2,15.6,13.7,15.8,14.5,13.8,하락,1.3,22.2,11.1,16.9,49.3,2024
경기,41,분당구,41135,고,분당고등학교,공립,경기도 성남시 분당구,UzA5MDAwMDU4Nw==,7.9,7.1,9.8,6.2,13.5,8.9,반등,7.3,7.5,6.6,8.8,5.8,13.3,8.4,반등,7.5,8.1,13.9,20.3,35.8,2025
경기,41,분당구,41135,고,분당경영고등학교,공립,경기도 성남시 분당구,UzA5MDAwMDU4OQ==,10.3,10.2,10.4,9.1,13.3,10.7,반등,4.2,10.2,10.7,10.8,8.8,13.0,10.7,반등,4.2,14.4,12.5,18.9,60.3,2025
경기,41,분당구,41135,고,계원예술고등학교,사립,경기도 성남시 분당구,UzA5MDAwMDQ2Ng==,8.5,5.9,17.6,17.4,16.0,13.1,연속↓,1.4,8.3,5.7,17.3,16.7,12.5,12.1,연속↓,4.2,38.0,20.5,30.6,48.7,2023
경기,41,영통구,41117,중,영통중학교,공립,경기도 수원시 영통구,UzA5MDAwMjQzNA==,39.5,23.5,31.3,36.0,49.3,35.9,연속↑,13.2,39.5,22.9,31.1,34.9,49.0,35.5,연속↑,14.0,59.2,57.7,58.3,16.7,2025
경기,41,영통구,41117,중,연무중학교,공립,경기도 수원시 영통구,UzA5MDAwMjQyOQ==,39.6,30.5,47.0,51.1,47.7,43.2,하락,3.4,40.1,30.7,46.2,50.8,48.3,43.2,하락,2.5,56.3,60.2,54.6,19.3,2024
경기,41,영통구,41117,중,광교중학교,공립,경기도 수원시 영통구,UzA5MDAwNTg3OA==,39.5,29.8,44.0,46.0,48.1,41.5,연속↑,2.1,39.7,29.2,43.3,45.5,46.9,40.9,연속↑,1.4,59.9,50.0,59.1,15.5,2025
경기,41,영통구,41117,중,영동중학교,공립,경기도 수원시 영통구,UzA5MDAwNTE1Mw==,40.2,31.9,41.8,47.5,47.0,41.7,하락,0.5,39.5,31.3,41.9,47.1,45.9,41.1,하락,1.2,64.1,47.3,48.5,23.4,2024
경기,41,영통구,41117,중,잠원중학교,공립,경기도 수원시 영통구,UzA5MDAwNTQ3Nw==,29.2,36.2,47.6,47.7,46.0,41.3,하락,1.7,30.2,35.9,47.1,46.3,45.4,41.0,연속↓,0.9,48.5,54.6,55.9,24.1,2023
경기,41,영통구,41117,중,중앙기독중학교,사립,경기도 수원시 영통구,UzA5MDAwNTUyMQ==,39.3,29.7,32.1,35.2,45.0,36.3,연속↑,9.8,39.4,29.7,31.8,35.7,45.2,36.4,연속↑,9.5,62.2,52.2,64.4,20.2,2025
경기,41,영통구,41117,중,영덕중학교,공립,경기 수원시 영통구,UzA5MDAwMjQzMA==,46.7,35.4,48.5,45.0,45.6,44.2,반등,0.6,45.8,34.3,47.0,43.8,44.3,43.0,반등,0.5,62.4,47.9,54.2,23.7,2023
경기,41,영통구,41117,중,이의중학교,공립,경기도 수원시 영통구,UzA5MDAwNTg4MQ==,27.6,26.5,36.3,42.7,44.8,35.6,연속↑,2.0,27.5,25.8,36.1,42.3,44.2,35.2,연속↑,1.9,47.4,47.5,54.7,30.2,2025
경기,41,영통구,41117,중,산남중학교,공립,경기도 수원시 영통구,UzA5MDAwMjQxOQ==,28.9,29.5,42.4,40.7,42.7,36.8,반등,2.0,28.8,29.8,42.5,40.1,42.5,36.7,반등,2.4,49.6,50.2,47.8,29.4,2025
경기,41,영통구,41117,중,망포중학교,공립,경기도 수원시 영통구,UzA5MDAwNDg2MQ==,38.7,32.0,47.2,42.5,42.8,40.6,반등,0.2,37.8,31.9,47.1,41.6,41.8,40.1,반등,0.2,47.8,42.6,50.9,30.1,2023
경기,41,영통구,41117,중,태장중학교,공립,경기도 수원시 영통구,UzA5MDAwMjQ0MQ==,32.9,32.3,44.1,48.2,42.4,40.0,하락,5.8,33.0,31.5,43.8,47.0,41.4,39.3,하락,5.6,58.0,37.8,47.8,25.4,2024
경기,41,영통구,41117,중,광교호수중학교,공립,경기도 수원시 영통구,UzA5MDAwNzYwOA==,46.0,31.1,36.6,38.4,43.0,39.0,연속↑,4.6,46.2,30.4,35.4,37.5,41.3,38.2,연속↑,3.7,48.0,40.3,58.4,25.3,2021
경기,41,영통구,41117,중,수원다산중학교,공립,경기도 수원시 영통구,UzA5MDAwNjc4MQ==,42.7,35.3,51.3,44.8,40.8,43.0,연속↓,4.0,41.8,35.0,50.9,44.4,41.1,42.6,연속↓,3.3,39.2,51.6,48.6,22.0,2023
경기,41,영통구,41117,중,매탄중학교,공립,경기도 수원시 영통구,UzA5MDAwNTY5NA==,37.1,29.3,40.5,46.9,38.0,38.4,하락,9.0,37.4,28.3,41.0,47.2,38.2,38.4,하락,8.9,39.8,51.4,61.8,23.7,2024
경기,41,영통구,41117,중,영일중학교,공립,경기도 수원시 영통구,UzA5MDAwMjQzMw==,49.4,30.2,45.4,47.5,39.0,42.3,하락,8.5,48.2,29.8,45.0,47.3,38.0,41.7,하락,9.3,46.8,36.8,50.2,27.6,2021
경기,41,영통구,41117,중,청명중학교,공립,경기도 수원시 영통구,UzA5MDAwMjQ0MA==,29.8,39.0,42.7,36.8,38.2,37.3,반등,1.4,29.8,39.1,42.7,36.6,37.7,37.2,반등,1.0,46.5,42.1,51.4,32.9,2023
경기,41,영통구,41117,중,매현중학교,공립,경기도 수원시 영통구,UzA5MDAwMjQxNg==,38.2,31.5,46.1,44.1,37.1,39.4,연속↓,7.0,38.8,30.8,46.5,43.8,37.3,39.4,연속↓,6.4,40.4,53.3,54.6,27.2,2023
경기,41,영통구,41117,중,동수원중학교,공립,경기도 수원시 영통구,UzA5MDAwMjQxMw==,32.6,24.5,38.5,33.3,29.5,31.7,연속↓,3.8,32.3,24.6,38.1,32.2,28.4,31.1,연속↓,3.8,34.2,29.4,40.8,36.2,2023
경기,41,영통구,41117,중,수원원일중학교,공립,경기도 수원시 영통구,UzA5MDAwNTc2Nw==,30.0,23.0,34.5,32.4,28.0,29.6,연속↓,4.4,30.2,22.8,35.3,32.8,28.2,29.9,연속↓,4.6,35.5,33.3,38.5,38.7,2023
경기,41,영통구,41117,중,매원중학교,공립,경기도 수원시 영통구,UzA5MDAwMjQxNA==,32.2,22.6,29.3,25.7,29.2,27.8,반등,3.5,32.2,22.3,28.5,25.5,28.1,27.3,반등,2.6,42.9,30.9,39.3,49.3,2021
경기,41,영통구,41117,중,원천중학교,공립,경기도 수원시 영통구,UzA5MDAwMjQzNQ==,30.3,22.8,30.6,32.4,24.0,28.0,하락,8.4,30.9,23.1,30.8,33.5,25.0,28.6,하락,8.4,32.0,36.0,32.0,33.3,2024
경기,41,영통구,41117,고,중앙기독고등학교,사립,경기도 수원시 영통구,UzA5MDAwODAzMw==,,,,,31.7,31.7,-,,,,,,33.0,33.0,-,,43.5,43.5,18.0,11.5,2025
경기,41,영통구,41117,고,청명고등학교,공립,경기도 수원시 영통구,UzA5MDAwMDgxNQ==,13.0,15.5,15.5,13.7,26.9,16.9,반등,13.2,11.5,15.0,14.2,13.2,27.0,16.2,반등,13.8,35.0,30.4,20.4,14.5,2025
경기,41,영통구,41117,고,효원고등학교,공립,경기도 수원시 영통구,UzA5MDAwMDg3Mw==,8.5,8.9,16.1,8.8,27.5,14.0,반등,18.7,8.1,9.5,14.9,9.7,26.6,13.7,반등,16.9,36.1,31.2,39.9,9.7,2025
경기,41,영통구,41117,고,매탄고등학교,공립,경기도 수원시 영통구,UzA5MDAwNDkwMg==,10.3,10.1,8.1,10.8,25.6,13.0,연속↑,14.7,9.6,9.6,7.4,10.9,25.0,12.5,연속↑,14.1,32.8,29.4,29.7,15.6,2025
경기,41,영통구,41117,고,태장고등학교,공립,경기도 수원시 영통구,UzA5MDAwMDgyNA==,16.0,17.6,19.3,31.6,25.4,22.0,하락,6.1,15.8,17.0,19.3,31.5,25.0,21.7,하락,6.5,35.0,27.0,24.9,16.8,2024
경기,41,영통구,41117,고,광교고등학교,공립,경기도 수원시 영통구,UzA5MDAwNTk4NA==,7.3,14.6,18.9,22.7,23.3,17.4,연속↑,0.6,7.8,13.7,18.0,22.3,22.9,16.9,연속↑,0.5,20.8,21.1,32.1,15.0,2025
경기,41,영통구,41117,고,수원하이텍고등학교,공립,경기도 수원시 영통구,UzA5MDAwMDgzMw==,22.2,31.1,16.8,26.3,21.6,23.6,하락,4.7,20.8,29.8,18.0,26.5,22.4,23.5,하락,4.1,21.7,29.5,21.2,12.6,2022
경기,41,영통구,41117,고,영덕고등학교,공립,경기도 수원시 영통구,UzA5MDAwMDcyOA==,3.5,14.2,6.6,14.8,23.3,12.5,연속↑,8.5,3.4,13.0,6.1,13.8,22.3,11.7,연속↑,8.6,29.3,18.6,27.1,14.1,2025
경기,41,영통구,41117,고,이의고등학교,공립,경기도 수원시 영통구,UzA5MDAwNjgxMw==,19.5,17.2,16.8,16.3,21.3,18.2,반등,5.1,18.7,15.5,16.3,15.6,21.5,17.5,반등,5.9,16.6,25.7,28.7,17.4,2025
경기,41,영통구,41117,고,망포고등학교,공립,경기도 수원시 영통구,UzA5MDAwNTU3Ng==,6.7,12.3,13.5,11.1,19.1,12.5,반등,8.1,6.5,12.5,12.3,10.8,19.0,12.2,반등,8.2,37.5,27.3,13.4,24.7,2025
경기,41,영통구,41117,고,매원고등학교,공립,경기도 수원시 영통구,UzA5MDAwNTU3Nw==,14.7,14.4,13.1,10.0,18.5,14.1,반등,8.5,13.4,13.7,12.6,9.3,18.1,13.4,반등,8.9,21.1,16.3,23.9,30.1,2025
경기,41,영통구,41117,고,수원외국어고등학교,공립,경기도 수원시 영통구,UzA5MDAwNTI4NA==,4.7,5.8,6.9,12.1,13.2,8.5,연속↑,1.0,4.6,5.1,6.7,12.0,12.0,8.1,→보합,0.1,18.7,6.1,34.0,6.7,2025
경기,41,영통구,41117,고,수원정보과학고등학교,공립,경기도 수원시 영통구,UzA5MDAwMDY1MQ==,7.5,10.8,9.9,8.2,12.1,9.7,반등,3.9,7.0,10.0,9.7,8.7,11.2,9.3,반등,2.5,15.8,7.9,17.4,33.3,2025
경기,41,구리시,41310,중,장자중학교,공립,경기도 구리시 교문2동,UzA5MDAwMTU5NA==,28.5,31.1,41.0,38.4,45.7,36.9,반등,7.3,29.1,30.3,40.8,38.9,45.6,37.0,반등,6.7,60.5,49.5,56.8,17.0,2025
경기,41,구리시,41310,중,갈매중학교,공립,경기도 구리시 갈매동,UzA5MDAwNzE1Nw==,30.5,25.5,33.6,32.1,40.9,32.5,반등,8.8,30.7,24.5,33.3,31.9,41.1,32.3,반등,9.3,41.5,55.8,54.1,24.0,2025
경기,41,구리시,41310,중,토평중학교,공립,경기도 구리시 토평동,UzA5MDAwMTU5Ng==,33.0,26.5,31.6,32.6,40.0,32.7,연속↑,7.4,33.4,25.7,31.6,33.1,40.4,32.8,연속↑,7.2,39.9,46.8,57.6,29.4,2025
경기,41,구리시,41310,중,구리여자중학교,공립,경기도 구리시 토평동,UzA5MDAwMTU3OA==,33.3,29.2,36.7,37.1,40.6,35.4,연속↑,3.5,33.7,28.9,35.5,36.7,39.6,34.9,연속↑,3.0,51.6,39.5,51.9,42.2,2025
경기,41,구리시,41310,중,구리중학교,공립,경기도 구리시 장자대로,UzA5MDAwMTU3Nw==,28.1,31.1,39.1,32.0,38.1,33.7,반등,6.1,28.1,30.8,39.4,33.0,38.7,34.0,반등,5.7,28.6,58.1,49.2,37.3,2023
경기,41,구리시,41310,중,동구중학교,공립,경기도 구리시 동구릉로103번길,UzA5MDAwMTU4Mw==,24.3,26.6,41.1,40.9,38.6,34.3,연속↓,2.3,24.2,26.2,40.5,40.5,38.3,33.9,하락,2.2,47.5,54.4,59.9,31.3,2024
경기,41,구리시,41310,중,인창중학교,공립,경기도 구리시 인창동,UzA5MDAwMTU5Mw==,29.5,25.7,31.9,35.9,37.7,32.2,연속↑,1.8,29.3,25.1,31.8,35.8,36.6,31.7,연속↑,0.8,41.9,35.1,50.0,32.6,2025
경기,41,구리시,41310,중,교문중학교,공립,경기도 구리시 교문동,UzA5MDAwMTU3Ng==,33.1,29.4,41.7,34.0,37.1,35.1,반등,3.0,33.2,29.3,42.1,33.0,35.7,34.7,반등,2.7,42.8,34.6,60.6,42.1,2023
경기,41,구리시,41310,고,구리여자고등학교,공립,경기도 구리시 토평동,UzA5MDAwMDQ5Nw==,13.5,13.0,14.3,8.8,33.9,16.7,반등,25.2,13.7,12.4,13.6,8.7,33.1,16.3,반등,24.4,55.7,50.3,34.9,17.9,2025
경기,41,구리시,41310,고,서울삼육고등학교,사립,서울삼육고등학교,UzA5MDAwMDYwNg==,11.2,9.3,9.4,9.1,21.2,12.1,반등,12.2,10.9,8.9,9.2,9.0,20.4,11.7,반등,11.4,29.6,19.0,24.0,32.7,2025
경기,41,구리시,41310,고,갈매고등학교,공립,경기도 구리시 갈매순환로,UzA5MDAwNjkwNg==,7.9,10.9,12.2,15.2,21.5,13.5,연속↑,6.3,7.6,10.8,12.0,14.3,19.7,12.9,연속↑,5.4,37.7,9.6,33.3,34.1,2025
경기,41,구리시,41310,고,수택고등학교,공립,경기도 구리시 수택동,UzA5MDAwMDY1Ng==,11.7,15.0,7.9,11.2,19.3,13.0,연속↑,8.1,11.3,14.2,7.2,9.9,18.8,12.3,연속↑,8.9,21.3,20.3,39.8,30.4,2025
경기,41,구리시,41310,고,구리고등학교,공립,경기도 구리시 수택3동,UzA5MDAwMDQ5Ng==,6.5,9.8,13.0,9.8,19.1,11.6,반등,9.3,6.5,10.4,13.4,10.1,18.5,11.8,반등,8.4,24.3,17.1,30.0,20.4,2025
경기,41,구리시,41310,고,토평고등학교,공립,경기도 구리시 장자대로111번길,UzA5MDAwMDgyNQ==,10.1,11.1,10.1,18.8,17.4,13.5,하락,1.4,11.1,11.1,11.0,18.5,17.7,13.9,하락,0.8,18.9,20.8,16.4,34.3,2024
경기,41,구리시,41310,고,인창고등학교,공립,경기도 구리시 인창동,UzA5MDAwMDc2OQ==,20.8,21.8,22.0,15.1,15.7,19.1,반등,0.6,24.7,25.5,21.2,14.1,16.3,20.4,반등,2.3,29.6,21.7,8.0,19.7,2022
경기,41,양평군,41830,중,용문중학교,사립,경기도 양평군 용문면,UzA5MDAwMzIxMA==,26.1,22.0,56.2,59.5,59.5,44.7,→보합,,25.3,21.6,55.0,60.0,59.4,44.2,하락,0.6,68.3,69.8,68.3,18.0,2024
경기,41,양평군,41830,중,강하중학교,공립,경기도 양평군 강하면,UzA5MDAwMzE5OQ==,39.8,31.0,55.1,53.2,52.7,46.3,연속↓,0.6,40.4,32.3,55.4,53.3,52.9,46.8,연속↓,0.4,64.3,60.0,66.7,20.0,2023
경기,41,양평군,41830,중,양일중학교,사립,경기도 양평군 양평읍,UzA5MDAwMzIwNg==,31.9,34.0,47.7,43.7,48.4,41.1,반등,4.7,32.7,33.3,46.6,43.9,48.1,40.9,반등,4.2,62.0,58.2,54.2,22.2,2025
경기,41,양평군,41830,중,지평중학교,공립,경기도 양평군 지평면,UzA5MDAwMzIxMQ==,30.2,29.8,44.2,51.8,46.2,40.4,하락,5.6,30.4,29.4,43.8,51.2,44.1,39.8,하락,7.1,71.4,38.1,66.7,40.0,2024
경기,41,양평군,41830,중,양수중학교,공립,경기도 양평군 양서면,UzA5MDAwMzIwMg==,36.4,32.2,41.6,38.7,43.2,38.4,반등,4.5,36.1,32.2,40.6,37.9,43.1,38.0,반등,5.2,57.9,65.3,50.9,30.6,2025
경기,41,양평군,41830,중,서종중학교,사립,경기도 양평군 서종면,UzA5MDAwMzIwNA==,32.7,28.3,37.6,36.5,40.6,35.1,반등,4.1,32.8,27.9,37.5,36.6,40.9,35.1,반등,4.4,45.1,63.7,51.6,20.9,2025
경기,41,양평군,41830,중,양평중학교,공립,경기도 양평군 양평읍,UzA5MDAwMzIwOA==,28.1,30.1,34.0,39.3,41.0,34.5,연속↑,1.6,27.5,30.0,33.6,39.1,40.0,34.0,연속↑,0.9,53.3,37.8,47.3,28.2,2025
경기,41,양평군,41830,중,국수중학교,공립,경기도 양평군 양서면,UzA5MDAwMzIwMQ==,37.4,26.0,43.1,44.0,35.3,37.1,하락,8.7,37.0,25.9,42.0,43.0,34.5,36.5,하락,8.5,56.5,38.1,28.6,43.5,2024
경기,41,양평군,41830,중,개군중학교,사립,경기도 양평군 개군면,UzA5MDAwMzIwMA==,18.1,20.6,37.5,35.5,35.2,29.4,연속↓,0.3,17.5,19.7,36.0,33.8,33.8,28.2,→보합,0.1,48.6,31.4,45.7,45.7,2023
경기,41,양평군,41830,중,단월중학교,사립,경기도 양평군 단월면,UzA5MDAwMzIwMw==,25.3,27.2,25.4,28.1,28.6,26.9,연속↑,0.5,25.6,27.1,25.7,28.9,28.7,27.2,하락,0.2,38.2,48.0,36.0,31.3,2024
경기,41,양평군,41830,중,청운중학교,공립,경기도 양평군 청운면,UzA5MDAwMzIxMg==,21.2,41.7,34.0,25.5,27.5,30.0,반등,2.1,22.5,43.3,34.1,26.5,27.7,30.8,반등,1.2,33.3,40.0,26.7,75.0,2022
경기,41,양평군,41830,중,양동중학교,사립,경기도 양평군 양동면,UzA5MDAwMzIwNQ==,7.8,13.0,8.7,11.8,19.7,12.2,연속↑,7.9,8.7,12.9,8.4,11.3,18.3,11.9,연속↑,7.0,36.4,18.2,31.3,72.7,2025
경기,41,양평군,41830,고,양일고등학교,사립,경기도 양평군 양평읍,UzA5MDAwMDcxMQ==,19.0,19.8,16.5,15.5,27.8,19.7,반등,12.3,18.5,18.9,15.8,15.0,30.4,19.7,반등,15.4,25.0,63.4,23.1,9.7,2025
경기,41,양평군,41830,고,양평고등학교,공립,경기도 양평군 양평읍,UzA5MDAwMDcxNg==,16.7,9.0,8.3,11.2,17.0,12.4,연속↑,5.8,16.9,8.5,8.3,10.9,16.1,12.1,연속↑,5.2,19.5,13.3,42.1,28.9,2021
경기,41,양평군,41830,고,청운고등학교,공립,경기도 양평군 청운면,UzA5MDAwMDgxNg==,29.6,9.2,13.3,17.4,15.3,17.0,하락,2.1,30.6,9.2,14.1,16.7,14.5,17.0,하락,2.1,40.0,10.5,10.5,35.0,2021
경기,41,양평군,41830,고,용문고등학교,사립,경기도 양평군 용문면,UzA5MDAwMDczOQ==,8.3,7.0,14.4,20.8,14.5,13.0,하락,6.3,7.9,6.6,14.4,19.4,13.7,12.4,하락,5.8,24.2,8.7,18.0,21.7,2024
경기,41,양평군,41830,고,양서고등학교,사립,경기도 양평군 양서면,UzA5MDAwMDcwNw==,16.2,13.0,6.4,14.3,14.1,12.8,하락,0.2,15.6,12.3,5.7,13.7,13.1,12.1,하락,0.6,21.4,7.7,26.7,3.2,2021
경기,41,양평군,41830,고,양평전자과학고등학교,공립,경기도 양평군 양서면,UzA5MDAwMDcxNA==,7.2,8.9,7.1,11.6,12.6,9.5,연속↑,1.0,7.3,8.0,6.7,10.5,11.7,8.8,연속↑,1.2,25.0,7.7,11.5,62.5,2025
경기,41,양평군,41830,고,양동고등학교,사립,경기도 양평군 양동면,UzA5MDAwMDcwNA==,10.8,13.3,9.0,10.1,9.3,10.5,하락,0.8,10.9,12.7,8.7,10.1,9.3,10.3,하락,0.8,17.5,19.4,13.9,78.9,2022
경기,41,양평군,41830,고,지평고등학교,공립,경기도 양평군 지평면,UzA5MDAwMDgwNQ==,16.3,12.6,5.9,7.5,7.2,9.9,하락,0.3,15.7,12.8,6.1,7.4,5.8,9.6,하락,1.5,9.1,13.0,9.1,72.2,2021
경기,41,일산동구,41285,중,정발중학교,공립,경기도 고양시 일산동구,UzA5MDAwMDk2NQ==,42.1,28.4,43.0,42.9,49.8,41.2,반등,6.9,42.8,28.3,42.9,43.1,48.9,41.2,연속↑,5.8,61.0,46.2,67.8,18.6,2025
경기,41,일산동구,41285,중,일산양일중학교,공립,경기도 고양시 일산동구,UzA5MDAwNjQ1MA==,36.8,26.7,40.1,45.3,47.0,39.2,연속↑,1.7,36.1,26.3,39.8,44.6,46.4,38.6,연속↑,1.8,58.4,51.6,52.6,20.4,2025
경기,41,일산동구,41285,중,백신중학교,공립,경기도 고양시 일산동구,UzA5MDAwMDk1NA==,33.3,25.1,34.2,40.6,44.2,35.5,연속↑,3.6,33.6,25.0,34.1,39.8,44.1,35.3,연속↑,4.3,58.0,46.7,49.3,22.2,2025
경기,41,일산동구,41285,중,백마중학교,공립,경기도 고양시 일산동구,UzA5MDAwMDk1Mg==,30.0,28.5,39.7,43.0,42.7,36.8,하락,0.3,29.4,28.4,38.7,41.7,41.8,36.0,연속↑,0.1,50.5,42.3,51.7,25.6,2025
경기,41,일산동구,41285,중,백석중학교,공립,경기도 고양시 일산동구,UzA5MDAwMDk1Mw==,33.3,30.0,36.4,39.9,39.7,35.9,하락,0.1,33.0,29.3,36.9,39.7,39.3,35.6,하락,0.4,47.5,42.4,47.3,38.4,2024
경기,41,일산동구,41285,중,안곡중학교,공립,경기도 고양시 일산동구,UzA5MDAwNTYwOA==,35.0,28.8,36.7,31.8,36.4,33.7,반등,4.6,35.7,28.5,36.8,31.5,36.4,33.8,반등,4.9,45.3,43.5,39.6,34.2,2023
경기,41,일산동구,41285,중,풍산중학교,공립,경기도 고양시 일산동구,UzA5MDAwNTM1OA==,35.8,24.8,35.5,31.0,35.6,32.5,반등,4.6,36.3,24.1,35.5,31.4,36.0,32.7,반등,4.7,42.4,47.8,35.8,35.1,2021
경기,41,일산동구,41285,중,저동중학교,공립,경기도 고양시 일산동구,UzA5MDAwMDk2NA==,30.3,28.9,40.0,37.0,36.7,34.6,연속↓,0.3,30.7,28.4,39.3,36.4,35.9,34.1,연속↓,0.5,47.6,33.3,39.1,45.3,2023
경기,41,일산동구,41285,중,풍동중학교,공립,경기도 고양시 일산동구,UzA5MDAwNTQxMA==,28.7,26.5,36.6,40.1,34.7,33.3,하락,5.4,28.7,26.4,36.7,39.2,33.3,32.9,하락,5.9,47.9,36.3,52.6,44.1,2024
경기,41,일산동구,41285,중,중산중학교,공립,경기도 고양시 일산동구,UzA5MDAwMDk2Ng==,23.8,19.4,27.1,26.7,25.5,24.5,연속↓,1.2,23.4,18.9,26.6,25.7,24.4,23.8,연속↓,1.3,33.1,30.5,39.1,65.6,2023
경기,41,일산동구,41285,고,고양국제고등학교,공립,경기도 고양시 일산동구,UzA5MDAwNjU2MQ==,44.5,39.4,29.7,40.2,42.2,39.2,연속↑,2.1,42.1,38.0,28.6,40.3,41.3,38.1,연속↑,0.9,73.1,42.3,35.3,1.0,2021
경기,41,일산동구,41285,고,저동고등학교,공립,경기도 고양시 일산동구,UzA5MDAwMDc4Mw==,10.4,11.8,12.3,11.6,25.3,14.3,반등,13.7,9.7,11.2,11.7,10.9,24.3,13.6,반등,13.4,30.0,21.3,34.2,38.8,2025
경기,41,일산동구,41285,고,안곡고등학교,공립,경기도 고양시 일산동구,UzA5MDAwNTYwMA==,5.9,10.2,11.4,13.6,21.3,12.5,연속↑,7.7,5.4,10.6,11.4,13.1,21.3,12.4,연속↑,8.2,19.0,25.1,28.3,24.0,2025
경기,41,일산동구,41285,고,백마고등학교,공립,경기도 고양시 일산동구,UzA5MDAwMDU2Mw==,13.5,14.6,13.1,10.9,21.7,14.7,반등,10.7,14.0,14.6,13.6,10.6,20.5,14.7,반등,10.0,24.6,18.1,28.0,24.9,2025
경기,41,일산동구,41285,고,정발고등학교,공립,경기도 고양시 일산동구,UzA5MDAwMDc5MQ==,14.0,11.8,12.3,13.3,20.7,14.4,연속↑,7.4,13.4,11.3,11.7,13.0,20.0,13.9,연속↑,7.0,26.8,19.9,30.5,31.3,2025
경기,41,일산동구,41285,고,백석고등학교,공립,경기도 고양시 일산동구,UzA5MDAwMDU2NA==,9.0,10.6,15.8,14.6,19.7,13.9,반등,5.1,8.3,10.2,14.6,14.1,19.3,13.3,반등,5.2,12.0,17.5,40.0,20.0,2025
경기,41,일산동구,41285,고,저현고등학교,공립,경기도 고양시 일산동구,UzA5MDAwNjU2Mg==,9.2,17.2,13.5,9.0,18.3,13.4,반등,9.3,9.2,16.4,12.9,8.7,17.8,13.0,반등,9.1,25.5,16.3,21.3,19.8,2025
경기,41,일산동구,41285,고,풍동고등학교,공립,경기도 고양시 일산동구,UzA5MDAwNDkxMg==,20.0,10.0,9.4,7.1,16.7,12.6,반등,9.6,20.5,10.9,9.2,7.3,17.1,13.0,반등,9.7,18.5,21.6,18.6,8.4,2021
경기,41,일산동구,41285,고,백신고등학교,공립,경기도 고양시 일산동구,UzA5MDAwMDU2NQ==,11.4,13.2,11.4,16.6,16.9,13.9,연속↑,0.3,10.7,12.6,10.8,15.0,15.9,13.0,연속↑,0.8,27.2,15.0,16.1,28.7,2025
경기,41,일산동구,41285,고,세원고등학교,사립,경기도 고양시 일산동구,UzA5MDAwMDYyNw==,10.1,14.1,10.3,12.5,16.0,12.6,연속↑,3.6,10.2,14.3,9.5,11.9,15.0,12.2,연속↑,3.1,16.4,9.9,28.7,50.3,2025
경기,41,일산동구,41285,고,중산고등학교,공립,경기도 고양시 일산동구,UzA5MDAwMDgwMg==,8.2,7.7,10.4,9.6,13.5,9.9,반등,4.0,7.9,7.1,10.0,9.0,12.5,9.3,반등,3.5,18.4,8.0,18.4,49.6,2025
경기,41,일산서구,41287,중,덕이중학교,공립,경기도 고양시 일산서구,UzA5MDAwNTg1Nw==,38.6,27.5,39.7,42.6,48.0,39.3,연속↑,5.4,38.7,26.8,38.7,42.8,47.5,38.9,연속↑,4.7,52.6,55.5,51.7,28.2,2025
경기,41,일산서구,41287,중,오마중학교,공립,경기도 고양시 일산서구,UzA5MDAwMDk1OQ==,33.6,33.0,48.4,47.2,46.9,41.8,연속↓,0.4,34.7,33.2,48.8,48.1,47.3,42.4,연속↓,0.8,50.0,55.6,51.0,23.4,2023
경기,41,일산서구,41287,중,발산중학교,공립,경기도 고양시 일산서구,UzA5MDAwMDk1MQ==,34.3,27.1,37.6,42.9,44.7,37.3,연속↑,1.8,34.5,26.2,37.2,43.0,44.6,37.1,연속↑,1.6,52.7,50.9,43.5,29.3,2025
경기,41,일산서구,41287,중,신일중학교,공립,경기도 고양시 일산서구,UzA5MDAwMDk1OA==,39.0,31.9,48.7,43.6,44.6,41.6,반등,1.0,39.7,31.5,48.0,43.3,44.1,41.3,반등,0.8,52.1,45.9,48.6,23.1,2023
경기,41,일산서구,41287,중,대송중학교,공립,경기도 고양시 일산서구,UzA5MDAwNDg3MA==,34.6,31.9,47.3,41.9,43.5,39.8,반등,1.7,34.7,31.9,46.9,41.3,43.3,39.6,반등,2.0,57.4,51.1,51.8,27.0,2023
경기,41,일산서구,41287,중,고양송산중학교,공립,경기도 고양시 일산서구,UzA5MDAwNTM5MA==,32.8,23.7,35.2,35.2,40.4,33.5,상승,5.2,32.7,23.3,35.7,35.6,40.8,33.6,반등,5.2,49.3,49.3,41.4,27.3,2025
경기,41,일산서구,41287,중,한수중학교,공립,경기도 고양시 일산서구,UzA5MDAwMDk2OQ==,34.2,27.3,37.5,42.7,39.7,36.3,하락,3.0,34.1,26.9,37.7,42.0,39.3,36.0,하락,2.7,46.9,46.6,50.2,31.4,2024
경기,41,일산서구,41287,중,장성중학교,공립,경기도 고양시 일산서구,UzA5MDAwMDk2Mw==,34.2,22.9,38.2,37.2,38.1,34.1,반등,0.9,34.3,22.2,38.2,37.2,37.9,34.0,반등,0.7,42.8,41.4,42.2,43.2,2023
경기,41,일산서구,41287,중,일산중학교,공립,경기도 고양시 일산서구,UzA5MDAwMDk2Mg==,34.9,29.8,35.3,32.1,33.5,33.1,반등,1.4,36.5,29.7,35.5,31.8,33.0,33.3,반등,1.2,37.5,34.9,46.5,40.1,2021
경기,41,일산서구,41287,중,호곡중학교,공립,경기도 고양시 일산서구,UzA5MDAwMDk3MQ==,34.6,26.1,32.4,33.6,29.2,31.2,하락,4.4,36.7,27.2,33.2,34.6,30.7,32.5,하락,3.9,34.5,42.1,31.8,32.4,2021
경기,41,일산서구,41287,중,대화중학교,공립,경기도 고양시 일산서구,UzA5MDAwMDk0OA==,45.0,31.1,46.6,39.9,31.1,38.7,연속↓,8.8,44.3,31.1,45.5,38.6,30.3,38.0,연속↓,8.4,37.6,35.8,43.4,32.8,2023
경기,41,일산서구,41287,중,일산동중학교,공립,경기도 고양시 일산서구,UzA5MDAwMDk2MQ==,32.7,24.9,39.2,30.6,29.8,31.4,연속↓,0.8,32.7,24.3,40.1,29.9,29.5,31.3,연속↓,0.4,34.1,40.8,41.1,30.5,2023
경기,41,일산서구,41287,중,현산중학교,공립,경기도 고양시 일산서구,UzA5MDAwNDg3MQ==,29.0,22.7,30.7,26.7,26.0,27.0,연속↓,0.7,28.5,22.3,30.3,26.6,26.0,26.7,연속↓,0.7,21.1,30.5,43.8,41.9,2023
경기,41,일산서구,41287,고,일산대진고등학교,사립,경기도 고양시 일산구,UzA5MDAwMDc3Mg==,11.0,15.9,24.9,19.7,26.3,19.5,반등,6.6,11.3,15.5,23.2,18.5,26.1,18.9,반등,7.7,27.5,30.9,34.4,25.6,2025
경기,41,일산서구,41287,고,덕이고등학교,공립,경기도 고양시 일산서구,UzA5MDAwNjUxOA==,14.3,13.9,16.2,15.2,23.9,16.7,반등,8.7,14.0,13.6,15.6,15.2,23.4,16.4,반등,8.2,32.7,24.0,27.3,16.0,2025
경기,41,일산서구,41287,고,대화고등학교,공립,경기도 고양시 일산서구,UzA5MDAwNTkwNQ==,7.7,11.3,13.5,12.6,21.3,13.3,반등,8.6,7.5,11.2,12.9,12.5,20.1,12.8,반등,7.6,27.3,14.6,30.0,30.0,2025
경기,41,일산서구,41287,고,일산동고등학교,공립,경기도 고양시 일산서구,UzA5MDAwMDc3Mw==,5.3,9.6,10.4,12.7,19.5,11.5,연속↑,6.8,5.1,9.0,10.9,11.6,18.3,11.0,연속↑,6.7,24.4,12.5,35.8,32.8,2025
경기,41,일산서구,41287,고,가좌고등학교,공립,경기도 고양시 일산서구,UzA5MDAwNTM4MA==,6.5,8.3,10.1,17.3,18.8,12.2,연속↑,1.5,6.1,8.0,9.2,17.8,17.7,11.8,하락,0.2,27.1,11.4,24.7,34.3,2024
경기,41,일산서구,41287,고,경기영상과학고등학교,공립,경기영상과학고등학교,UzA5MDAwMDc5OA==,9.3,9.5,15.0,8.1,16.5,11.7,반등,8.4,9.1,9.4,14.2,7.9,17.0,11.5,반등,9.1,17.6,20.7,15.3,21.2,2025
경기,41,일산서구,41287,고,신일비즈니스고등학교,공립,경기도 고양시 일산서구,UzA5MDAwMDY2NQ==,4.9,10.1,9.4,10.9,12.4,9.5,연속↑,1.5,5.0,10.6,9.4,10.5,12.5,9.6,연속↑,2.0,11.0,15.5,14.5,53.0,2025
경기,41,일산서구,41287,고,일산고등학교,공립,경기도 고양시 일산구,UzA5MDAwMDc3MQ==,9.3,8.2,7.5,4.7,11.5,8.2,반등,6.8,9.2,7.4,7.6,4.6,10.8,7.9,반등,6.2,21.7,7.5,10.6,58.0,2025
경기,41,일산서구,41287,고,주엽고등학교,공립,경기도 고양시 일산서구,UzA5MDAwMDc5Nw==,5.8,7.1,9.3,11.3,10.8,8.8,하락,0.5,5.9,6.5,8.5,10.1,10.0,8.2,하락,0.1,23.1,6.6,11.5,29.5,2024
경기,41,일산서구,41287,고,일산국제컨벤션고등학교,공립,경기 고양시 일산서구,UzA5MDAwMDc3NQ==,6.5,5.7,10.8,7.9,10.3,8.2,반등,2.4,6.6,5.9,10.5,7.7,9.8,8.1,반등,2.1,16.5,7.2,12.7,38.6,2023
경기,41,일산서구,41287,고,백송고등학교,사립,경기 고양시 일산서구,UzA5MDAwMDQ2OA==,9.4,9.4,8.7,7.4,7.7,8.5,반등,0.3,8.8,9.1,7.9,6.8,7.6,8.0,반등,0.8,9.0,10.7,9.8,46.3,2022
경기,41,일산서구,41287,고,고양예술고등학교,사립,경기도 고양시 일산서구,UzA5MDAwNTQxOA==,4.3,4.8,3.8,7.0,8.5,5.7,연속↑,1.5,4.0,4.5,3.7,6.9,6.5,5.1,하락,0.4,9.8,17.1,21.4,75.0,2024
경기,41,기흥구,41463,중,용인신촌중학교,공립,경기도 용인시 기흥구,UzA5MDAwNDk3Mg==,50.1,43.2,57.0,48.4,52.4,50.2,반등,4.1,50.9,43.3,57.6,48.3,52.7,50.5,반등,4.4,66.3,63.9,53.3,14.2,2023
경기,41,기흥구,41463,중,서천중학교,공립,경기도 용인시 기흥구,UzA5MDAwNTg2Mw==,30.7,33.2,46.5,44.0,45.1,39.9,반등,1.0,30.5,33.5,47.3,44.1,45.7,40.2,반등,1.6,45.5,60.1,50.7,19.6,2023
경기,41,기흥구,41463,중,청덕중학교,공립,경기도 용인시 기흥구,UzA5MDAwNTYwOQ==,34.8,28.8,46.9,44.0,45.5,40.0,반등,1.5,33.7,28.5,47.3,44.1,45.3,39.8,반등,1.2,50.0,46.6,56.3,23.6,2023
경기,41,기흥구,41463,중,초당중학교,공립,경기도 용인시 기흥구,UzA5MDAwNTMzOA==,34.1,26.6,39.4,42.1,42.0,36.8,하락,0.1,33.8,26.3,39.0,41.3,41.8,36.4,연속↑,0.5,46.2,50.9,47.0,21.7,2025
경기,41,기흥구,41463,중,소현중학교,공립,경기도 용인시 기흥구,UzA5MDAwMzQ4MA==,47.2,29.1,39.7,39.0,41.6,39.3,반등,2.6,45.9,28.8,38.0,38.0,40.5,38.2,상승,2.6,50.2,44.9,55.8,27.5,2021
경기,41,기흥구,41463,중,어정중학교,공립,경기도 용인시 기흥구,UzA5MDAwNjc4NA==,34.3,25.1,40.6,43.1,41.2,36.9,하락,2.0,34.5,24.2,40.3,43.4,40.5,36.6,하락,2.9,52.8,44.3,50.9,28.4,2024
경기,41,기흥구,41463,중,동백중학교,공립,경기도 용인시 기흥구,UzA5MDAwNTMyOQ==,37.1,31.4,45.9,41.3,37.4,38.6,연속↓,3.9,37.4,30.9,45.6,41.7,37.6,38.6,연속↓,4.1,40.3,45.2,45.5,30.1,2023
경기,41,기흥구,41463,중,상하중학교,공립,경기도 용인시 기흥구,UzA5MDAwNTg2MQ==,28.3,24.4,31.1,29.5,37.9,30.2,반등,8.4,27.7,23.7,31.2,29.6,37.0,29.8,반등,7.4,65.8,34.9,44.5,40.9,2025
경기,41,기흥구,41463,중,구성중학교,공립,경기도 용인시 기흥구,UzA5MDAwMzQ2OA==,36.6,30.3,36.9,36.9,37.5,35.6,상승,0.7,36.1,29.9,36.9,36.2,36.9,35.2,반등,0.7,39.9,37.2,48.4,32.8,2025
경기,41,기흥구,41463,중,성지중학교,공립,경기도 용인시 기흥구,UzA5MDAwNDk3NQ==,27.1,28.2,38.7,34.5,37.1,33.1,반등,2.6,27.7,27.3,38.2,33.1,36.5,32.5,반등,3.3,54.6,34.5,48.2,30.3,2023
경기,41,기흥구,41463,중,구갈중학교,공립,경기도 용인시 기흥구,UzA5MDAwMzQ2Nw==,29.6,27.6,34.8,39.4,35.3,33.3,하락,4.0,29.3,27.4,35.1,39.4,36.0,33.4,하락,3.4,30.8,45.2,46.1,27.6,2024
경기,41,기흥구,41463,중,흥덕중학교,공립,경기도 용인시 기흥구,UzA5MDAwNTc3NQ==,39.1,30.5,38.4,38.7,35.6,36.5,하락,3.0,39.0,30.5,38.1,37.7,35.7,36.2,연속↓,2.0,39.4,40.8,47.2,30.5,2021
경기,41,기흥구,41463,중,나곡중학교,공립,경기도 용인시 기흥구,UzA5MDAwMzQ3MA==,37.7,26.5,35.4,32.9,35.1,33.5,반등,2.2,37.2,26.1,35.9,33.0,34.9,33.4,반등,1.8,37.7,42.5,44.2,31.6,2021
경기,41,기흥구,41463,중,보라중학교,공립,경기도 용인시 기흥구,UzA5MDAwNTQ3OQ==,27.3,21.5,34.8,37.1,34.9,31.1,하락,2.2,26.6,21.3,35.0,36.7,34.8,30.9,하락,1.8,48.7,42.1,37.2,33.0,2024
경기,41,기흥구,41463,중,용인백현중학교,공립,경기도 용인시 기흥구,UzA5MDAwNTMzMQ==,35.8,24.5,35.1,37.0,34.2,33.3,하락,2.8,36.1,24.0,35.0,36.2,33.9,33.0,하락,2.4,43.9,39.0,42.6,34.3,2024
경기,41,기흥구,41463,중,언동중학교,공립,경기도 용인시 기흥구,UzA5MDAwNDk3Ng==,36.7,28.2,38.2,32.6,33.5,33.8,반등,0.9,36.4,28.3,37.9,32.3,32.8,33.5,반등,0.6,39.8,34.2,43.5,30.4,2023
경기,41,기흥구,41463,중,상갈중학교,공립,경기도 용인시 기흥구,UzA5MDAwMzQ3Ng==,33.3,27.5,31.8,32.8,32.9,31.7,연속↑,0.1,32.9,27.0,32.1,32.5,32.7,31.4,연속↑,0.1,37.1,37.4,35.0,33.3,2021
경기,41,기흥구,41463,중,신갈중학교,공립,경기도 용인시 기흥구,UzA5MDAwMzQ4Mw==,25.5,24.2,28.2,25.5,31.8,27.0,반등,6.2,25.4,23.4,28.9,25.8,31.3,27.0,반등,5.5,46.4,33.8,39.8,48.2,2025
경기,41,기흥구,41463,중,용인신릉중학교,공립,경기도 용인시기흥구 신갈동,UzA5MDAwNDk3MQ==,26.8,23.7,28.9,30.9,28.0,27.6,하락,3.0,27.2,23.5,28.4,30.1,26.8,27.2,하락,3.3,34.4,26.6,53.7,25.1,2024
경기,41,기흥구,41463,고,신갈고등학교,사립,경기도 용인시 기흥구,UzA5MDAwMDY2MQ==,11.6,16.5,22.7,25.2,38.3,22.9,연속↑,13.1,11.1,15.7,21.5,23.9,38.0,22.1,연속↑,14.1,36.8,39.0,48.7,18.1,2025
경기,41,기흥구,41463,고,용인백현고등학교,공립,경기도 용인시 기흥구,UzA5MDAwNTMxOQ==,7.2,11.5,10.5,21.9,29.0,16.0,연속↑,7.1,7.0,10.7,10.2,22.3,28.4,15.7,연속↑,6.1,34.9,32.9,35.3,18.7,2025
경기,41,기흥구,41463,고,흥덕고등학교,공립,경기도 용인시 기흥구,UzA5MDAwNTY3Nw==,13.6,10.3,14.4,14.8,25.9,15.8,연속↑,11.1,12.6,9.7,13.8,15.4,26.6,15.6,연속↑,11.2,23.2,37.5,30.4,8.1,2025
경기,41,기흥구,41463,고,성지고등학교,공립,경기 용인시 기흥구,UzA5MDAwNTQxNA==,15.5,14.7,13.9,12.8,26.2,16.6,반등,13.4,16.2,14.2,13.4,12.4,26.4,16.5,반등,13.9,18.6,28.5,34.9,26.0,2025
경기,41,기흥구,41463,고,청덕고등학교,공립,경기도 용인시 기흥구,UzA5MDAwNTY2NA==,19.3,26.3,23.4,30.5,26.5,25.2,하락,4.0,20.0,25.8,22.2,30.2,26.2,24.9,하락,4.0,33.2,31.9,32.9,22.7,2024
경기,41,기흥구,41463,고,동백고등학교,공립,경기도 용인시 기흥구,UzA5MDAwNTQ4OA==,30.3,23.4,30.3,32.7,25.5,28.4,하락,7.3,28.3,23.2,28.7,31.6,25.6,27.5,하락,6.0,23.0,33.3,37.1,11.0,2024
경기,41,기흥구,41463,고,보정고등학교,공립,경기도 용인시 기흥구,UzA5MDAwNDkxOA==,14.6,15.1,17.6,22.7,26.3,19.2,연속↑,3.7,13.6,13.9,17.2,23.3,24.6,18.5,연속↑,1.4,30.7,17.3,52.4,9.5,2025
경기,41,기흥구,41463,고,보라고등학교,공립,경기도 용인시 기흥구,UzA5MDAwNTY1Ng==,7.6,6.7,9.8,9.1,24.8,11.6,반등,15.7,7.5,7.3,10.3,9.1,24.1,11.7,반등,15.1,30.7,25.4,26.4,35.0,2025
경기,41,기흥구,41463,고,초당고등학교,공립,경기도 용인시 기흥구,UzA5MDAwNTY1OA==,15.1,17.7,16.2,10.7,19.6,15.8,반등,8.9,14.8,16.0,15.6,11.7,20.0,15.6,반등,8.3,23.7,25.1,15.8,1.1,2025
경기,41,기흥구,41463,고,구성고등학교,공립,경기도 용인시 기흥구,UzA5MDAwNDkwMQ==,15.1,25.3,20.0,24.4,20.1,21.0,하락,4.3,15.3,25.3,20.2,24.3,19.6,20.9,하락,4.7,25.2,21.4,26.7,18.2,2022
경기,41,기흥구,41463,고,서천고등학교,공립,경기도 용인시 기흥구,UzA5MDAwNTkwMw==,10.6,9.5,15.1,15.4,19.0,13.9,연속↑,3.6,10.9,9.2,15.5,16.3,18.8,14.1,연속↑,2.5,20.6,20.1,24.2,20.1,2025
경기,41,기흥구,41463,고,기흥고등학교,공립,경기 용인시 기흥구,UzA5MDAwMDUwOQ==,8.1,14.1,9.9,6.2,19.2,11.5,반등,13.0,8.1,13.7,9.4,5.7,18.8,11.1,반등,13.1,24.2,19.2,18.6,14.2,2025
경기,41,병점구,41595,중,능동중학교,공립,경기 화성시 동탄원천로,UzA5MDAwNTY1NA==,33.0,26.2,46.7,48.8,46.1,40.2,하락,2.7,33.2,26.1,47.7,49.0,46.6,40.5,하락,2.4,44.8,53.6,55.5,24.2,2024
경기,41,병점구,41595,중,기산중학교,공립,경기도 화성시 기산동,UzA5MDAwNTQ3MA==,26.2,25.1,44.5,43.8,45.6,37.1,반등,1.9,26.0,24.4,45.1,44.0,46.2,37.1,반등,2.2,47.5,55.7,57.4,19.7,2025
경기,41,병점구,41595,중,안용중학교,사립,경기도 화성시 송산동,UzA5MDAwNDI3MQ==,21.7,24.4,33.3,34.5,37.3,30.2,연속↑,2.9,21.9,23.9,33.1,34.5,37.0,30.1,연속↑,2.6,43.2,43.5,38.1,36.8,2025
경기,41,병점구,41595,중,청연중학교,공립,경기도 화성시 비봉면,UzA5MDAwNzkyMQ==,,,,,37.1,37.1,-,,,,,,36.4,36.4,-,,64.0,37.0,51.9,39.3,2025
경기,41,병점구,41595,중,기안중학교,공립,경기도 화성시 기안동,UzA5MDAwNTE3NQ==,31.1,18.1,36.0,34.6,35.7,31.1,반등,1.1,31.6,18.2,36.1,35.1,35.7,31.3,반등,0.5,39.3,43.5,46.3,28.4,2023
경기,41,병점구,41595,중,비봉중학교,사립,경기도 화성시 비봉면,UzA5MDAwNDI2Ng==,19.0,17.9,14.2,20.9,19.1,18.2,하락,1.8,18.2,17.5,14.0,20.5,18.2,17.7,하락,2.3,29.5,18.2,34.0,65.1,2024
경기,41,병점구,41595,고,홍익디자인고등학교,사립,경기도 화성시 기안동,UzA5MDAwMDY0NA==,12.3,8.3,16.5,12.6,10.5,12.0,연속↓,2.1,11.6,8.5,17.1,13.2,10.5,12.2,연속↓,2.7,10.5,18.1,13.5,59.6,2023
경기,41,병점구,41595,고,비봉고등학교,사립,경기도 화성시 비봉면,UzA5MDAwMDU5NA==,2.1,2.6,8.1,6.8,12.5,6.4,반등,5.6,2.1,2.6,8.0,6.5,9.3,5.7,반등,2.8,21.7,20.4,17.9,72.7,2025
경기,41,파주시,41480,중,동패중학교,공립,경기도 파주시 동패동,UzA5MDAwNjQyNA==,27.2,22.5,46.3,54.3,50.2,40.1,하락,4.1,27.7,22.2,46.2,53.2,49.6,39.8,하락,3.6,56.8,50.0,62.2,26.8,2024
경기,41,파주시,41480,중,해솔중학교,공립,경기도 파주시 목동동,UzA5MDAwNjQ1Nw==,34.3,26.2,39.7,43.3,47.0,38.1,연속↑,3.7,34.5,26.0,39.7,44.1,47.7,38.4,연속↑,3.6,46.9,67.6,52.7,21.4,2025
경기,41,파주시,41480,중,심학중학교,공립,경기도 파주시 양지로,UzA5MDAwNzU3Nw==,,40.0,40.7,48.6,47.0,44.0,하락,1.6,,39.4,40.7,48.4,47.3,43.9,하락,1.0,56.5,63.1,56.4,17.3,2024
경기,41,파주시,41480,중,산들중학교,공립,경기도 파주시 교하읍,UzA5MDAwNjE1OQ==,,37.1,46.1,45.9,45.6,43.7,연속↓,0.3,,35.6,46.2,46.1,45.9,43.4,연속↓,0.2,44.5,53.8,57.0,29.7,2023
경기,41,파주시,41480,중,두일중학교,공립,경기 파주시 교하읍,UzA5MDAwNTM5Ng==,30.9,28.4,48.2,44.5,46.0,39.6,반등,1.5,30.4,27.6,47.9,43.8,45.7,39.1,반등,1.9,61.7,50.5,48.2,23.9,2023
경기,41,파주시,41480,중,지산중학교,공립,경기도 파주시 교하읍,UzA5MDAwMzg3MQ==,32.3,30.8,50.5,49.7,46.0,41.9,연속↓,3.7,32.3,30.2,49.4,49.0,45.3,41.2,연속↓,3.7,49.3,44.7,56.3,29.0,2023
경기,41,파주시,41480,중,한가람중학교,공립,경기도 파주시 와동동,UzA5MDAwNTg3Nw==,28.7,19.5,40.1,43.1,44.9,35.2,연속↑,1.8,28.9,19.4,40.9,42.9,44.7,35.4,연속↑,1.8,54.7,48.5,57.6,26.0,2025
경기,41,파주시,41480,중,한빛중학교,공립,경기도 파주시 야당동,UzA5MDAwNTY5MQ==,41.2,30.1,47.9,45.9,45.1,42.0,연속↓,0.8,41.3,29.7,46.9,44.2,44.2,41.3,→보합,,46.8,45.9,58.6,28.8,2023
경기,41,파주시,41480,중,문산동중학교,사립,경기도 파주시 문산읍,UzA5MDAwMzg2Mg==,22.4,25.3,33.0,26.7,41.8,29.8,반등,15.1,22.1,24.5,33.3,27.1,41.8,29.7,반등,14.7,50.0,53.3,60.3,38.7,2025
경기,41,파주시,41480,중,다율중학교,공립,경기도 파주시 다율로,UzA5MDAwNzkwNA==,,,,41.7,40.6,41.1,하락,1.0,,,,40.6,41.4,41.0,상승,0.8,40.0,68.6,45.3,29.8,2025
경기,41,파주시,41480,중,교하중학교,공립,경기도 파주시 책향기로,UzA5MDAwMzg2MQ==,32.2,31.5,48.3,44.5,42.5,39.8,연속↓,2.0,31.3,30.7,48.0,43.5,41.2,39.0,연속↓,2.3,52.3,42.2,57.8,31.9,2023
경기,41,파주시,41480,중,운정중학교,공립,경기도 파주시 교하읍,UzA5MDAwNjE2MA==,34.8,27.7,42.2,44.2,40.6,37.9,하락,3.6,34.7,27.6,42.5,43.7,40.8,37.8,하락,2.8,47.2,49.1,50.9,33.5,2024
경기,41,파주시,41480,중,산내중학교,공립,경기도 파주시 목동동,UzA5MDAwNjE1OA==,36.4,29.1,40.9,36.8,40.1,36.7,반등,3.3,36.0,29.2,40.9,37.3,39.5,36.6,반등,2.2,50.7,41.4,49.9,24.4,2023
경기,41,파주시,41480,중,금릉중학교,공립,경기도 파주시 후곡로,UzA5MDAwNDk4Mg==,32.4,27.6,42.7,38.4,39.2,36.1,반등,0.8,32.0,28.0,43.2,38.2,39.4,36.1,반등,1.2,42.9,46.8,40.7,26.4,2023
경기,41,파주시,41480,중,문산중학교,공립,경기도 파주시 평화로,UzA5MDAwMzg2NQ==,16.1,23.5,35.9,42.2,38.4,31.2,하락,3.8,16.6,23.1,36.2,42.2,38.7,31.4,하락,3.4,50.2,44.5,39.6,31.4,2024
경기,41,파주시,41480,중,법원여자중학교,공립,경기도 파주시 법원읍,UzA5MDAwMzg2Ng==,21.2,21.1,37.8,42.1,35.9,31.6,하락,6.2,20.3,20.2,36.9,42.0,34.7,30.8,하락,7.3,45.0,45.8,62.5,50.0,2024
경기,41,파주시,41480,중,봉일천중학교,공립,경기도 파주시 조리읍,UzA5MDAwMzg2Nw==,21.9,22.1,31.9,35.7,33.4,29.0,하락,2.3,22.7,22.2,32.7,36.1,34.1,29.5,하락,2.0,31.0,46.0,43.5,39.1,2024
경기,41,파주시,41480,중,문산수억중학교,사립,경기도 파주시 파주읍,UzA5MDAwMzg2NA==,36.1,25.7,38.0,34.9,33.1,33.6,연속↓,1.8,36.0,25.8,36.7,35.1,33.2,33.4,연속↓,1.9,31.7,36.7,46.0,36.1,2023
경기,41,파주시,41480,중,탄현중학교,공립,경기도 파주시 탄현면,UzA5MDAwMzg3NQ==,31.3,25.8,37.7,38.6,33.0,33.3,하락,5.7,31.9,25.1,37.3,37.9,33.2,33.1,하락,4.8,33.0,38.8,45.8,35.6,2024
경기,41,파주시,41480,중,문산북중학교,공립,경기도 파주시 문산읍,UzA5MDAwMzg2Mw==,20.5,21.7,37.5,33.6,31.0,28.8,연속↓,2.7,21.0,21.1,38.3,33.8,31.6,29.2,연속↓,2.3,40.0,44.6,27.5,52.1,2023
경기,41,파주시,41480,중,선유중학교,공립,경기도 파주시 문산읍,UzA5MDAwNTg2NQ==,21.9,18.3,26.8,29.4,31.1,25.5,연속↑,1.7,21.4,18.0,26.5,29.0,31.0,25.2,연속↑,2.0,33.2,41.1,37.6,40.7,2025
경기,41,파주시,41480,중,파평중학교,공립,경기도 파주시 파평면,UzA5MDAwMzg3NA==,23.6,32.3,38.1,30.2,27.9,30.4,연속↓,2.3,25.0,30.8,37.8,30.4,28.3,30.5,연속↓,2.1,33.3,38.5,35.7,41.7,2023
경기,41,파주시,41480,중,금촌중학교,공립,경기 파주시 금능동,UzA5MDAwNTM5MQ==,34.3,21.0,31.3,25.7,27.1,27.9,반등,1.4,34.2,20.3,31.5,25.6,26.8,27.7,반등,1.2,36.5,36.7,30.2,47.5,2021
경기,41,파주시,41480,중,어유중학교,공립,경기도 파주시 적성면,UzA5MDAwMzg2OQ==,41.7,31.5,32.0,44.7,27.0,35.4,하락,17.7,41.8,31.0,32.0,43.2,25.9,34.8,하락,17.2,41.7,33.3,50.0,50.0,2024
경기,41,파주시,41480,중,광탄중학교,사립,경기도 파주시 광탄면,UzA5MDAwMzg2MA==,17.2,13.0,19.1,25.6,22.2,19.4,하락,3.4,17.6,12.3,19.0,25.6,22.1,19.3,하락,3.5,22.2,29.2,33.3,48.6,2024
경기,41,파주시,41480,중,파주중학교,사립,경기도 파주시 파주읍,UzA5MDAwMzg3Mw==,32.2,19.0,26.7,28.6,21.3,25.6,하락,7.3,30.9,18.0,25.6,27.7,21.4,24.7,하락,6.3,23.1,25.0,29.5,45.5,2021
경기,41,파주시,41480,중,파주광일중학교,사립,경기도 파주시 월롱면,UzA5MDAwMzg3Mg==,25.5,16.4,24.6,22.0,19.0,21.5,연속↓,3.1,24.9,16.0,24.0,22.2,18.5,21.1,연속↓,3.7,33.8,29.7,26.6,57.6,2021
경기,41,파주시,41480,중,삼광중학교,사립,경기도 파주시 적성면,UzA5MDAwMzg2OA==,14.4,20.7,21.5,13.8,16.3,17.3,반등,2.5,14.4,20.3,21.7,14.2,17.4,17.6,반등,3.2,20.0,33.3,14.0,65.1,2023
경기,41,파주시,41480,중,율곡중학교,사립,경기도 파주시 법원읍,UzA5MDAwMzg3MA==,23.8,17.1,24.0,18.9,13.4,19.4,연속↓,5.5,22.9,16.5,23.3,18.2,12.7,18.7,연속↓,5.6,25.9,17.9,25.0,74.1,2023
경기,41,파주시,41480,고,한민고등학교,사립,경기도 파주시 광탄면,UzA5MDAwNjc2Mw==,82.7,78.3,77.6,87.1,83.0,81.7,하락,4.1,83.5,77.2,80.0,86.6,84.5,82.3,하락,2.1,99.5,96.8,83.1,,2024
경기,41,파주시,41480,고,운정고등학교,공립,경기도 파주시 교하읍,UzA5MDAwNTc5OQ==,9.6,17.1,19.2,31.1,51.3,25.7,연속↑,20.1,9.7,16.4,17.5,29.2,52.4,25.0,연속↑,23.2,61.2,61.4,57.1,,2025
경기,41,파주시,41480,고,봉일천고등학교,공립,경기도 파주시 조리읍,UzA5MDAwNDkyMQ==,8.8,12.9,13.4,35.0,32.0,20.4,하락,3.0,8.2,12.1,13.1,37.8,32.0,20.6,하락,5.8,32.0,32.4,34.4,2.3,2024
경기,41,파주시,41480,고,동패고등학교,공립,경기도 파주시 교하읍,UzA5MDAwNTg5OQ==,11.4,4.9,12.9,19.6,26.0,15.0,연속↑,6.4,10.5,4.9,12.6,18.5,26.2,14.5,연속↑,7.8,28.4,31.3,42.9,8.9,2025
경기,41,파주시,41480,고,심학고등학교,공립,경기도 파주시 운정중앙로,UzA5MDAwNzYyNQ==,,,,11.5,20.0,15.7,상승,8.6,,,,12.4,20.7,16.5,상승,8.3,13.5,31.6,26.7,19.9,2025
경기,41,파주시,41480,고,삼광고등학교,사립,경기도 파주시 적성면,UzA5MDAwMDU5OQ==,12.9,2.5,8.7,14.5,19.7,11.6,연속↑,5.2,11.4,2.1,8.3,14.2,20.1,11.2,연속↑,5.9,18.4,23.7,23.7,55.3,2025
경기,41,파주시,41480,고,금촌고등학교,공립,경기도 파주시 금능동,UzA5MDAwNTE2OQ==,10.3,14.6,9.3,7.4,17.8,11.9,반등,10.4,9.7,13.3,8.8,7.3,18.6,11.5,반등,11.3,16.2,24.5,20.0,23.4,2025
경기,41,파주시,41480,고,파주고등학교,사립,경기도 파주시 문산읍,UzA5MDAwMDgzMg==,19.1,7.1,15.2,13.7,17.1,14.4,반등,3.3,18.8,7.2,15.2,13.3,17.6,14.4,반등,4.3,10.8,25.4,23.8,22.3,2021
경기,41,파주시,41480,고,한빛고등학교,공립,경기도 파주시 한빛로,UzA5MDAwNjkwOA==,11.7,11.3,10.9,10.6,16.3,12.1,반등,5.7,11.5,11.8,10.6,10.7,16.4,12.2,연속↑,5.7,24.4,18.6,15.8,4.9,2025
경기,41,파주시,41480,고,문산고등학교,공립,경기도 파주시 문산읍,UzA5MDAwMDU1NA==,7.7,10.3,11.6,14.4,15.9,12.0,연속↑,1.5,7.7,9.2,11.4,14.3,15.6,11.6,연속↑,1.3,21.3,15.3,18.9,42.6,2025
경기,41,파주시,41480,고,문산수억고등학교,사립,경기도 파주시 파주읍,UzA5MDAwMDU1NQ==,9.0,13.2,6.0,7.4,15.8,10.3,연속↑,8.4,9.3,13.4,6.1,7.4,15.6,10.3,연속↑,8.2,21.7,19.3,25.8,47.8,2025
경기,41,파주시,41480,고,지산고등학교,공립,경기도 파주시 와동동,UzA5MDAwNjkwMw==,7.4,6.3,8.5,9.1,14.7,9.2,연속↑,5.6,7.2,6.2,7.9,9.0,14.3,8.9,연속↑,5.3,20.7,12.3,15.9,19.8,2025
경기,41,파주시,41480,고,문산제일고등학교,공립,경기도 파주시 야동동,UzA5MDAwMDU1Ng==,8.8,12.0,8.8,9.8,14.6,10.8,연속↑,4.8,9.4,12.0,8.8,9.5,14.1,10.8,연속↑,4.6,47.6,13.2,17.3,59.5,2025
경기,41,파주시,41480,고,교하고등학교,공립,경기도 파주시 책향기로,UzA5MDAwNDkyMg==,7.1,9.6,14.1,14.3,14.6,11.9,연속↑,0.2,6.5,9.9,14.2,13.7,13.9,11.6,반등,0.2,13.6,10.7,23.5,17.6,2023
경기,41,파주시,41480,고,율곡고등학교,사립,경기도 파주시 법원읍,UzA5MDAwMDc1MQ==,8.5,7.5,8.3,9.1,14.7,9.6,연속↑,5.5,8.6,7.5,8.0,8.9,13.9,9.4,연속↑,4.9,19.7,12.0,17.9,59.8,2025
경기,41,파주시,41480,고,광탄고등학교,사립,경기도 파주시 광탄면,UzA5MDAwMDQ5NA==,12.1,8.7,9.8,6.9,13.3,10.1,반등,6.4,12.3,8.4,9.4,6.9,10.6,9.5,반등,3.7,13.9,10.0,21.7,63.3,2021
경기,41,파주시,41480,고,파주여자고등학교,사립,경기도 파주시 월롱면,UzA5MDAwMDgzMQ==,14.2,12.3,8.6,11.7,10.7,11.5,하락,1.0,13.4,11.5,8.1,11.3,10.4,10.9,하락,0.9,10.0,9.1,25.0,61.4,2021
경기,41,파주시,41480,고,세경고등학교,사립,경기도 파주시 파주읍,UzA5MDAwMDgyOQ==,8.3,8.4,7.6,7.5,10.2,8.4,반등,2.7,8.3,7.7,7.4,7.1,9.4,8.0,반등,2.3,10.2,6.1,21.1,60.2,2025
경기,41,파주시,41480,고,적성융합고등학교,공립,경기도 파주시 적성면,UzA5MDAwMDc4NA==,12.1,5.2,1.4,2.6,5.9,5.4,연속↑,3.3,11.5,4.8,1.2,2.8,2.1,4.5,하락,0.6,,5.9,5.9,64.7,2021
경기,41,김포시,41570,중,고촌중학교,공립,경기도 김포시 고촌읍,UzA5MDAwMTQ4Nw==,34.5,28.6,47.9,51.2,49.2,42.3,하락,2.0,34.1,28.4,48.9,51.6,47.9,42.2,하락,3.7,62.9,48.3,60.6,26.5,2024
경기,41,김포시,41570,중,향산중학교,공립,경기도 김포시 고촌읍,UzA5MDAwNzYxMw==,29.2,27.2,47.1,45.0,45.9,38.9,반등,0.9,28.9,27.4,45.9,43.6,45.0,38.1,반등,1.4,50.0,47.1,61.5,23.8,2023
경기,41,김포시,41570,중,김포한가람중학교,공립,경기도 김포시 구래동,UzA5MDAwNjc4Mw==,29.8,27.0,44.4,50.4,42.2,38.8,하락,8.3,30.1,26.4,44.7,51.0,43.1,39.0,하락,7.9,51.5,56.7,36.7,23.9,2024
경기,41,김포시,41570,중,하늘빛중학교,공립,경기도 김포시 운양동,UzA5MDAwNjA0NQ==,35.6,29.4,50.3,46.8,44.3,41.3,연속↓,2.5,35.7,29.0,49.6,45.8,42.5,40.5,연속↓,3.3,59.8,38.4,59.3,31.1,2023
경기,41,김포시,41570,중,금파중학교,공립,경기도 김포시 북변동,UzA5MDAwMTQ4OQ==,36.7,31.1,43.0,37.1,43.4,38.2,반등,6.4,36.9,30.5,42.0,35.8,41.8,37.4,반등,6.0,65.6,38.1,61.4,30.7,2023
경기,41,김포시,41570,중,김포중학교,공립,경기도 김포시 봉화로,UzA5MDAwMTQ5MA==,24.0,18.5,37.6,30.0,39.3,29.9,반등,9.4,23.6,18.7,38.1,30.0,40.8,30.3,반등,10.7,45.3,52.7,35.5,31.4,2025
경기,41,김포시,41570,중,양도중학교,공립,경기도 김포시 풍무동,UzA5MDAwNjQ0Mg==,38.7,22.9,40.5,46.7,41.4,38.0,하락,5.3,37.8,22.1,38.9,45.6,40.4,37.0,하락,5.2,54.1,45.2,56.1,24.4,2024
경기,41,김포시,41570,중,김포신곡중학교,공립,경기도 김포시 고촌읍,UzA5MDAwNTY4MQ==,45.1,35.4,41.8,41.5,40.7,40.9,연속↓,0.8,44.6,35.7,40.9,40.1,39.9,40.2,연속↓,0.2,46.1,41.9,60.1,28.5,2021
경기,41,김포시,41570,중,하성중학교,공립,경기도 김포시 하성면,UzA5MDAwMTQ5Nw==,23.0,17.7,34.4,39.7,38.6,30.7,하락,1.1,23.5,17.0,34.5,39.7,38.4,30.6,하락,1.3,45.9,40.9,38.6,29.5,2024
경기,41,김포시,41570,중,장기중학교,공립,경기도 김포시 청송로,UzA5MDAwMTQ5NA==,28.4,30.1,46.3,39.5,36.9,36.2,연속↓,2.6,28.1,30.1,46.7,40.0,37.4,36.5,연속↓,2.6,38.2,46.5,49.4,23.2,2023
경기,41,김포시,41570,중,감정중학교,공립,경기도 김포시 감정동,UzA5MDAwNTM4OQ==,34.4,22.9,35.2,32.9,36.7,32.4,반등,3.8,35.1,23.5,34.4,32.5,36.9,32.5,반등,4.4,31.3,42.9,50.2,24.9,2025
경기,41,김포시,41570,중,김포여자중학교,공립,경기도 김포시 사우동,UzA5MDAwMTQ4OA==,36.5,29.9,45.7,38.1,33.8,36.8,연속↓,4.3,35.9,30.0,45.5,37.7,34.2,36.7,연속↓,3.5,37.5,44.6,39.3,30.4,2023
경기,41,김포시,41570,중,고창중학교,공립,경기도 김포시 장기동,UzA5MDAwNTYxMQ==,36.8,29.9,32.7,34.1,34.6,33.6,연속↑,0.5,37.6,29.7,31.7,32.6,33.3,33.0,연속↑,0.8,40.2,33.9,52.0,30.9,2021
경기,41,김포시,41570,중,풍무중학교,공립,경기도 김포시 풍무동,UzA5MDAwMTQ5Ng==,35.7,26.0,43.5,39.3,32.6,35.4,연속↓,6.7,36.4,26.7,44.3,39.7,33.1,36.0,연속↓,6.5,34.3,44.0,42.3,29.0,2023
경기,41,김포시,41570,중,운양중학교,공립,경기도 김포시 장기동,UzA5MDAwNTkxMQ==,34.0,28.3,37.3,38.8,33.4,34.4,하락,5.4,34.5,27.1,36.3,38.8,33.1,34.0,하락,5.7,36.2,40.8,36.7,33.2,2024
경기,41,김포시,41570,중,은여울중학교,공립,경기도 김포시 김포한강8로,UzA5MDAwNjc3OQ==,29.0,24.3,36.6,36.7,33.1,31.9,하락,3.6,28.5,23.9,36.2,36.0,32.7,31.5,연속↓,3.3,41.3,34.7,39.7,34.3,2023
경기,41,김포시,41570,중,마송중학교,공립,경기도 김포시 통진읍,UzA5MDAwNTc1Mg==,17.3,21.2,35.2,40.7,32.3,29.3,하락,8.4,17.6,20.4,34.8,40.4,32.4,29.1,하락,7.9,44.1,36.9,30.3,42.7,2024
경기,41,김포시,41570,중,나래중학교,공립,경기도 김포시 김포한강9로,UzA5MDAwNzU4MA==,,,39.2,35.4,31.4,35.3,연속↓,4.1,,,40.2,35.2,32.2,35.9,연속↓,3.1,24.5,41.9,41.9,34.8,2023
경기,41,김포시,41570,중,모담중학교,공립,경기도 김포시 운양로,UzA5MDAwNzYyNw==,,,,,31.3,31.3,-,,,,,,31.8,31.8,-,,30.3,42.4,42.4,30.3,2025
경기,41,김포시,41570,중,푸른솔중학교,공립,경기도 김포시 김포한강2로,UzA5MDAwNTg4NA==,30.1,28.1,40.1,35.4,32.0,33.1,연속↓,3.4,30.9,27.9,40.2,35.2,31.6,33.1,연속↓,3.6,40.0,32.6,44.6,29.1,2023
경기,41,김포시,41570,중,양곡중학교,사립,경기도 김포시 양촌읍,UzA5MDAwMTQ5Mw==,24.4,29.6,26.1,31.8,30.5,28.5,하락,1.3,24.6,29.4,27.1,32.1,31.4,28.9,하락,0.7,25.6,44.8,41.9,35.3,2024
경기,41,김포시,41570,중,신양중학교,공립,경기도 김포시 양촌읍,UzA5MDAwNTc0Ng==,25.5,20.5,31.2,24.3,26.6,25.6,반등,2.3,24.8,20.2,30.8,25.0,26.2,25.4,반등,1.1,46.1,32.0,28.2,38.4,2023
경기,41,김포시,41570,중,대곶중학교,공립,경기도 김포시 대곶면,UzA5MDAwMTQ5MQ==,31.6,28.4,26.2,25.6,27.1,27.8,반등,1.5,31.3,27.9,25.1,23.8,26.1,26.8,반등,2.3,37.8,27.1,35.4,47.9,2021
경기,41,김포시,41570,중,통진중학교,사립,경기도 김포시 통진읍,UzA5MDAwMTQ5NQ==,21.4,18.4,26.2,28.5,25.2,23.9,하락,3.3,21.4,18.5,26.7,28.6,25.9,24.2,하락,2.7,32.7,42.9,26.1,38.9,2024
경기,41,김포시,41570,중,분진중학교,사립,경기도 김포시 월곶면,UzA5MDAwMTQ5Mg==,32.2,19.7,25.2,23.4,20.6,24.2,연속↓,2.8,31.9,18.6,24.7,23.1,20.0,23.7,연속↓,3.1,50.0,20.0,20.0,63.2,2021
경기,41,김포시,41570,고,김포외국어고등학교,사립,경기도 김포시 월곶면,UzA5MDAwNTI5Mg==,48.1,57.1,77.0,84.2,77.8,68.8,하락,6.4,48.6,58.8,75.5,83.6,75.1,68.3,하락,8.5,97.1,61.1,100.0,,2024
경기,41,김포시,41570,고,운양고등학교,공립,경기도 김포시 운양동,UzA5MDAwNjcxNw==,5.7,10.0,8.4,7.7,38.0,13.9,반등,30.4,5.9,10.0,8.2,7.6,38.4,14.0,반등,30.7,58.6,48.9,26.9,6.3,2025
경기,41,김포시,41570,고,김포고등학교,공립,경기도 김포시 봉화로,UzA5MDAwMDUxMA==,3.4,4.5,10.5,13.6,27.9,12.0,연속↑,14.4,3.3,4.4,9.6,12.0,27.1,11.3,연속↑,15.2,21.9,26.5,48.7,2.9,2025
경기,41,김포시,41570,고,양곡고등학교,사립,경기도 김포시 양촌읍,UzA5MDAwMDcwMw==,28.9,24.5,25.3,32.3,23.4,26.9,하락,8.9,28.7,27.0,25.9,34.8,24.6,28.2,하락,10.2,21.8,42.9,22.2,1.9,2024
경기,41,김포시,41570,고,하성고등학교,공립,경기도 김포시 하성면,UzA5MDAwMDg1MA==,25.9,20.1,22.9,19.0,23.8,22.3,반등,4.8,28.0,22.2,24.5,18.8,23.1,23.3,반등,4.3,30.9,22.2,28.4,35.8,2021
경기,41,김포시,41570,고,운유고등학교,공립,경기도 김포시 김포한강2로,UzA5MDAwNzg2OQ==,,,,11.6,22.5,17.0,상승,10.9,,,,11.7,23.0,17.3,상승,11.3,21.9,25.9,21.4,24.2,2025
경기,41,김포시,41570,고,통진고등학교,사립,경기도 김포시 통진읍,UzA5MDAwMDgyNg==,6.9,5.2,6.8,13.3,22.8,11.0,연속↑,9.4,6.8,4.9,7.1,14.3,22.2,11.0,연속↑,7.9,32.2,32.0,40.4,18.0,2025
경기,41,김포시,41570,고,마송고등학교,공립,경기도 김포시 통진읍,UzA5MDAwNTgxMQ==,9.4,7.4,16.6,9.5,19.8,12.6,반등,10.3,8.8,6.8,16.9,9.7,18.9,12.2,반등,9.3,30.6,14.6,22.3,24.7,2025
경기,41,김포시,41570,고,풍무고등학교,공립,경기도 김포시 풍무로93번길,UzA5MDAwNDkxOQ==,7.3,6.3,13.4,6.2,17.9,10.2,반등,11.7,6.7,6.0,13.2,6.0,18.1,10.0,반등,12.1,13.6,22.4,23.5,19.8,2025
경기,41,김포시,41570,고,김포제일고등학교,공립,경기도 김포시 김포한강11로,UzA5MDAwNjgxNA==,8.7,12.6,19.5,14.8,19.3,15.0,반등,4.5,8.4,12.1,19.2,14.1,17.9,14.4,반등,3.8,26.5,12.3,24.9,22.6,2023
경기,41,김포시,41570,고,사우고등학교,공립,경기도 김포시 사우동,UzA5MDAwMDU5Ng==,3.0,6.8,8.6,11.3,16.4,9.2,연속↑,5.1,3.5,6.7,9.2,11.3,16.5,9.4,연속↑,5.2,13.1,18.7,27.8,8.1,2025
경기,41,김포시,41570,고,장기고등학교,공립,경기 김포시 장기동,UzA5MDAwNTY3Mw==,13.2,14.5,15.4,15.4,15.9,14.9,상승,0.5,13.1,14.5,14.4,14.4,16.1,14.5,상승,1.7,14.1,24.4,19.1,11.9,2025
경기,41,김포시,41570,고,김포호수고등학교,공립,경기도 김포시 김포한강4로420번길,UzA5MDAwNzkyMg==,,,,,16.0,16.0,-,,,,,,16.0,16.0,-,,19.1,16.6,15.3,54.4,2025
경기,41,김포시,41570,고,고촌고등학교,공립,경기도 김포시 고촌읍,UzA5MDAwNzMxNA==,11.4,13.4,12.1,14.2,11.7,12.5,하락,2.5,11.1,12.7,11.5,13.1,11.8,12.0,하락,1.4,17.8,17.5,11.1,24.4,2024
경기,41,김포시,41570,고,솔터고등학교,공립,경기도 김포시 마산동,UzA5MDAwNjUyMw==,11.4,11.3,14.4,16.2,9.5,12.6,하락,6.8,11.5,11.7,15.9,17.9,9.9,13.4,하락,8.0,6.4,18.3,11.7,17.1,2024
경기,41,김포시,41570,고,김포과학기술고등학교,공립,경기도 김포시 북변동,UzA5MDAwMDUxMQ==,12.9,8.0,8.2,9.0,8.8,9.4,하락,0.2,13.1,8.4,8.9,9.1,8.5,9.6,하락,0.6,8.4,6.7,16.4,21.4,2021
경기,41,덕양구,41281,중,덕은한강중학교,공립,경기도 고양시 덕양구,UzA5MDAwNzYyNg==,,27.7,41.5,45.7,49.1,41.0,연속↑,3.4,,28.2,41.3,43.8,48.1,40.3,연속↑,4.3,53.4,47.3,78.4,21.1,2025
경기,41,덕양구,41281,중,신원중학교,공립,경기도 고양시 덕양구,UzA5MDAwNjc4MA==,32.0,28.9,47.0,45.4,46.1,39.9,반등,0.7,31.8,28.5,46.8,45.4,45.4,39.6,→보합,,47.8,46.3,63.2,26.6,2023
경기,41,덕양구,41281,중,화정중학교,공립,경기도 고양시 덕양구,UzA5MDAwMDk3Mw==,38.9,27.0,42.5,49.3,45.2,40.6,하락,4.1,38.3,26.2,41.9,49.0,45.3,40.1,하락,3.7,65.3,60.8,47.3,18.2,2024
경기,41,덕양구,41281,중,성사중학교,공립,경기도 고양시 덕양구,UzA5MDAwNTcwNw==,35.1,27.0,31.4,34.1,41.8,33.9,연속↑,7.7,35.8,26.9,31.2,34.7,42.5,34.2,연속↑,7.8,45.5,51.4,45.8,28.4,2025
경기,41,덕양구,41281,중,무원중학교,공립,경기도 고양시 덕양구,UzA5MDAwMDk1MA==,31.3,28.8,41.3,37.6,42.8,36.4,반등,5.2,31.1,28.0,40.1,36.5,41.9,35.5,반등,5.4,61.5,52.4,42.2,27.9,2025
경기,41,덕양구,41281,중,향동중학교,공립,경기도 고양시 덕양구,UzA5MDAwNzM3Ng==,35.9,25.4,39.9,44.3,39.8,37.1,하락,4.5,33.8,24.7,38.5,43.2,39.3,35.9,하락,3.8,43.0,45.6,49.8,24.7,2024
경기,41,덕양구,41281,중,지도중학교,공립,경기도 고양시 덕양구,UzA5MDAwMDk2Nw==,39.1,25.8,42.2,37.7,38.9,36.7,반등,1.2,39.2,25.3,41.2,35.7,37.1,35.7,반등,1.4,53.1,35.0,53.1,29.6,2023
경기,41,덕양구,41281,중,지축중학교,공립,경기도 고양시 덕양구,UzA5MDAwNzQ0MA==,42.0,22.0,37.7,37.7,35.9,35.1,하락,1.8,40.3,21.4,37.1,37.5,35.3,34.3,하락,2.2,44.7,34.4,43.1,31.3,2021
경기,41,덕양구,41281,중,화수중학교,공립,경기도 고양시 덕양구,UzA5MDAwMDk3Mg==,34.8,23.5,34.6,41.7,36.0,34.1,하락,5.7,35.7,23.5,34.2,42.0,35.3,34.2,하락,6.8,41.0,45.4,47.0,39.9,2024
경기,41,덕양구,41281,중,목암중학교,공립,경기도 고양시 덕양구,UzA5MDAwNTAzNQ==,28.1,21.7,35.2,29.4,34.4,29.7,반등,5.0,28.0,20.9,34.9,28.9,34.1,29.4,반등,5.1,40.9,40.1,47.8,35.9,2023
경기,41,덕양구,41281,중,서정중학교,공립,경기도 고양시 덕양구,UzA5MDAwNTM2MA==,35.2,28.2,35.4,39.1,34.2,34.4,하락,4.9,35.9,27.9,35.2,38.7,34.0,34.3,하락,4.7,42.5,47.9,42.1,32.7,2024
경기,41,덕양구,41281,중,고양중학교,공립,경기도 고양시 덕양구,UzA5MDAwMDk0Ng==,31.2,28.6,36.4,38.2,34.1,33.7,하락,4.1,31.3,28.2,36.6,37.5,33.9,33.5,하락,3.6,34.6,39.4,51.1,35.3,2024
경기,41,덕양구,41281,중,백양중학교,공립,경기도 고양시 덕양구,UzA5MDAwMDk1NQ==,35.7,26.1,30.3,31.3,33.4,31.4,연속↑,2.1,34.9,25.6,29.7,30.7,33.0,30.8,연속↑,2.3,29.1,40.0,57.6,37.8,2021
경기,41,덕양구,41281,중,원흥중학교,공립,경기도 고양시 덕양구,UzA5MDAwNjA4OQ==,,,,,32.7,32.7,-,,,,,,32.2,32.2,-,,35.3,41.2,47.1,47.1,2025
경기,41,덕양구,41281,중,도래울중학교,공립,경기도 고양시 덕양구,UzA5MDAwNjk1Mw==,38.9,23.7,30.4,32.3,32.5,31.5,연속↑,0.1,39.4,23.9,29.4,32.0,31.6,31.3,하락,0.4,42.4,31.8,37.9,37.7,2021
경기,41,덕양구,41281,중,가람중학교,공립,경기도 고양시 덕양구,UzA5MDAwMDk0NA==,23.6,19.6,24.9,26.3,30.5,25.0,연속↑,4.2,23.2,18.8,25.1,25.4,31.1,24.7,연속↑,5.7,33.8,44.2,44.9,42.2,2025
경기,41,덕양구,41281,중,행신중학교,공립,경기도 고양시 덕양구,UzA5MDAwMDk3MA==,34.5,27.0,38.1,39.2,31.4,34.0,하락,7.8,34.0,27.4,37.1,38.0,31.1,33.5,하락,6.9,37.1,37.1,41.7,35.5,2024
경기,41,덕양구,41281,중,덕양중학교,공립,경기도 고양시 덕양구,UzA5MDAwMDk0OQ==,40.7,28.9,40.9,38.4,31.1,36.0,연속↓,7.4,40.7,28.0,40.3,36.8,30.2,35.2,연속↓,6.5,45.5,34.5,43.6,40.4,2021
경기,41,덕양구,41281,중,신능중학교,공립,경기도 고양시 덕양구,UzA5MDAwMDk1Nw==,28.3,24.2,28.4,24.9,29.1,27.0,반등,4.2,28.5,23.9,28.5,24.7,28.7,26.9,반등,4.0,36.7,30.8,40.4,35.2,2025
경기,41,덕양구,41281,중,원당중학교,공립,경기도 고양시 덕양구,UzA5MDAwMDk2MA==,24.3,20.0,25.0,27.5,27.8,24.9,연속↑,0.3,25.2,19.0,25.8,28.0,28.4,25.3,연속↑,0.4,34.5,42.9,39.3,49.2,2025
경기,41,덕양구,41281,중,고양제일중학교,사립,경기도 고양시 덕양구,UzA5MDAwMDk1Ng==,32.4,19.1,28.4,26.6,27.4,26.8,반등,0.8,32.6,18.9,27.7,26.0,26.7,26.4,반등,0.6,32.3,31.3,36.0,50.0,2021
경기,41,덕양구,41281,중,능곡중학교,공립,경기도 고양시 덕양구,UzA5MDAwMDk0Nw==,23.2,21.6,22.0,24.7,25.8,23.5,연속↑,1.1,23.7,21.2,22.0,24.1,26.0,23.4,연속↑,1.9,27.8,35.8,35.6,42.0,2025
경기,41,덕양구,41281,고,고양외국어고등학교,사립,경기도 고양시 덕양구,UzA5MDAwMDQ2OQ==,45.8,44.4,27.9,35.2,39.3,38.5,연속↑,4.1,44.4,42.0,26.1,31.8,36.4,36.2,연속↑,4.6,61.2,19.7,45.6,,2021
경기,41,덕양구,41281,고,도래울고등학교,공립,경기도 고양시 덕양구,UzA5MDAwNjc2NA==,6.2,10.0,14.3,22.0,28.8,16.2,연속↑,6.9,6.4,9.7,13.9,21.8,27.9,15.9,연속↑,6.2,46.8,24.4,32.7,8.5,2025
경기,41,덕양구,41281,고,고양일고등학교,공립,경기도 고양시 덕양구,UzA5MDAwNTU5OQ==,6.2,10.9,9.0,14.0,25.9,13.2,연속↑,12.0,6.8,11.1,9.1,14.4,25.3,13.3,연속↑,10.9,32.8,22.2,30.7,11.1,2025
경기,41,덕양구,41281,고,신원고등학교,공립,경기도 고양시 덕양구,UzA5MDAwNzQ0NA==,8.8,9.4,18.2,9.3,23.7,13.9,반등,14.4,8.4,9.0,18.0,9.1,24.9,13.9,반등,15.8,19.2,43.9,24.8,31.0,2025
경기,41,덕양구,41281,고,능곡고등학교,공립,경기도 고양시 덕양구,UzA5MDAwMDUyMQ==,13.1,16.0,16.9,25.6,23.7,19.1,하락,1.9,12.9,15.1,16.5,26.7,23.2,18.9,하락,3.5,40.0,23.6,24.5,15.6,2024
경기,41,덕양구,41281,고,화수고등학교,공립,경기도 고양시 덕양구,UzA5MDAwMDg2OA==,10.3,13.4,14.6,17.2,22.3,15.6,연속↑,5.1,9.3,12.3,13.5,18.6,22.5,15.2,연속↑,3.9,21.4,24.9,28.4,8.8,2025
경기,41,덕양구,41281,고,백양고등학교,공립,경기도 고양시 덕양구,UzA5MDAwMDU2Nw==,7.8,8.3,17.4,13.5,24.2,14.2,반등,10.7,7.3,7.7,16.4,12.7,22.3,13.3,반등,9.6,35.9,11.1,35.1,26.7,2025
경기,41,덕양구,41281,고,행신고등학교,공립,경기도 고양시 덕양구,UzA5MDAwMDg2Mw==,11.7,12.4,19.4,16.8,23.0,16.7,반등,6.2,11.3,11.2,18.8,15.6,21.3,15.6,반등,5.7,32.7,12.4,30.4,22.3,2025
경기,41,덕양구,41281,고,향동고등학교,공립,경기도 고양시 덕양구,UzA5MDAwNzQ0NQ==,13.7,14.1,20.6,16.9,20.9,17.2,반등,4.0,12.9,13.5,21.1,16.7,20.4,16.9,반등,3.7,21.1,17.3,30.3,28.1,2023
경기,41,덕양구,41281,고,성사고등학교,공립,경기도 고양시 덕양구,UzA5MDAwNTQxMw==,9.8,12.2,13.2,23.7,18.4,15.4,하락,5.3,9.7,11.4,13.6,24.2,19.1,15.6,하락,5.1,15.6,26.4,17.3,19.0,2024
경기,41,덕양구,41281,고,화정고등학교,공립,경기도 고양시 덕양구,UzA5MDAwMDg2OQ==,17.5,12.1,13.8,13.0,19.6,15.2,반등,6.6,17.0,11.4,12.8,12.0,19.0,14.4,반등,7.0,27.7,18.8,32.5,28.1,2025
경기,41,덕양구,41281,고,서정고등학교,공립,경기도 고양시 덕양구,UzA5MDAwNTc5Nw==,10.6,7.0,8.2,9.2,20.8,11.1,연속↑,11.6,10.3,6.8,8.4,8.8,18.8,10.6,연속↑,10.0,33.8,7.6,25.6,33.6,2025
경기,41,덕양구,41281,고,무원고등학교,공립,경기도 고양시 덕양구,UzA5MDAwMDU1Mw==,8.0,6.3,13.8,14.7,19.4,12.4,연속↑,4.8,7.7,5.7,14.4,13.4,18.1,11.8,반등,4.7,21.4,10.7,32.5,18.9,2025
경기,41,덕양구,41281,고,고양동산고등학교,공립,경기도 고양시 덕양구,UzA5MDAwNjYyNA==,8.0,10.9,11.9,13.7,11.3,11.2,하락,2.4,8.4,10.5,11.0,13.3,11.1,10.8,하락,2.3,14.9,11.1,13.2,38.3,2024
경기,41,덕양구,41281,고,고양고등학교,공립,경기도 고양시 덕양구,UzA5MDAwMDQ3MA==,7.7,6.1,7.5,6.8,7.4,7.1,반등,0.7,8.3,6.1,7.4,6.6,7.0,7.1,반등,0.4,14.0,11.6,20.0,84.4,2021
경기,41,남양주시,41360,중,와부중학교,공립,경기도 남양주시 와부읍,UzA5MDAwMTU5MQ==,43.4,35.3,51.5,51.1,50.4,46.3,연속↓,0.7,43.7,34.5,51.3,52.2,51.3,46.6,하락,0.9,39.1,68.0,65.8,21.1,2024
경기,41,남양주시,41360,중,예봉중학교,공립,경기도 남양주시 와부읍,UzA5MDAwNTY4Mw==,39.1,34.8,46.4,43.0,47.7,42.2,반등,4.7,39.4,34.1,46.5,43.1,46.8,42.0,반등,3.8,57.7,47.1,65.3,24.0,2025
경기,41,남양주시,41360,중,다산한강중학교,공립,경기도 남양주시 다산지금로145번길,UzA5MDAwNzMxOQ==,23.4,32.9,49.6,46.4,43.2,39.1,연속↓,3.3,21.9,33.3,49.5,46.5,44.4,39.1,연속↓,2.1,38.8,57.6,45.3,16.8,2023
경기,41,남양주시,41360,중,하랑중학교,공립,경기도 남양주시 백봉로,UzA5MDAwNzY1NA==,32.7,20.3,38.6,43.8,43.0,35.7,하락,0.8,31.8,19.2,38.2,44.8,43.3,35.5,하락,1.5,58.8,57.5,50.7,28.9,2024
경기,41,남양주시,41360,중,가운중학교,공립,경기도 남양주시 가운로2길,UzA5MDAwNTcwNA==,30.9,29.4,44.3,39.7,41.5,37.2,반등,1.8,31.5,28.6,45.0,40.3,42.9,37.6,반등,2.6,32.4,57.1,52.1,22.5,2023
경기,41,남양주시,41360,중,화접중학교,공립,경기도 남양주시 별내동,UzA5MDAwNTc4Mw==,,,,39.5,42.6,41.1,상승,3.1,,,,40.5,42.6,41.6,상승,2.2,46.3,49.6,48.7,33.3,2025
경기,41,남양주시,41360,중,남양주다산중학교,공립,경기도 남양주시 다산중앙로172번길,UzA5MDAwNzIzOA==,32.8,29.7,41.1,44.2,41.5,37.9,하락,2.8,31.6,29.4,40.3,43.5,41.7,37.3,하락,1.8,39.1,51.3,52.1,20.0,2024
경기,41,남양주시,41360,중,다산새봄중학교,공립,경기도 남양주시 다산순환로,UzA5MDAwNzUxOA==,,25.1,43.7,44.6,41.3,38.7,하락,3.4,,24.8,42.0,42.3,40.8,37.5,하락,1.5,48.6,55.5,63.6,21.0,2024
경기,41,남양주시,41360,중,덕소중학교,공립,경기도 남양주시 와부읍,UzA5MDAwMTU4MQ==,44.0,31.3,50.4,50.6,40.1,43.3,하락,10.6,44.0,30.5,50.7,50.8,40.6,43.3,하락,10.2,43.6,62.8,44.0,28.3,2024
경기,41,남양주시,41360,중,별내중학교,공립,경기도 남양주시 별내면,UzA5MDAwMTU4Nw==,32.8,25.1,23.8,27.4,41.6,30.2,연속↑,14.2,33.4,25.2,23.3,26.5,40.2,29.7,연속↑,13.7,41.5,40.5,66.9,32.7,2025
경기,41,남양주시,41360,중,도농중학교,공립,경기도 남양주시 미금로,UzA5MDAwMTU4Mg==,36.1,29.5,40.7,46.3,40.1,38.5,하락,6.2,36.9,29.8,41.2,46.8,39.8,38.9,하락,7.0,50.3,47.3,43.6,27.3,2024
경기,41,남양주시,41360,중,풍양중학교,공립,경기도 남양주시 진접읍,UzA5MDAwNTcwOQ==,21.7,27.3,35.3,31.1,39.1,30.9,반등,7.9,22.0,26.6,35.4,31.1,39.0,30.8,반등,7.9,43.8,41.6,46.6,29.7,2025
경기,41,남양주시,41360,중,평내중학교,공립,경기 남양주시 평내동,UzA5MDAwNTE2Mg==,34.6,29.1,38.2,31.6,36.8,34.1,반등,5.2,34.1,29.1,37.2,31.0,36.6,33.6,반등,5.6,38.8,37.2,48.9,27.9,2023
경기,41,남양주시,41360,중,판곡중학교,공립,경기도 남양주시 호평동,UzA5MDAwNTM1Ng==,32.8,25.5,46.1,44.7,36.8,37.2,연속↓,7.9,32.6,25.1,45.8,44.5,36.5,36.9,연속↓,8.0,45.6,43.6,49.2,33.0,2023
경기,41,남양주시,41360,중,동화중학교,사립,경기도 남양주시 경춘로,UzA5MDAwMTU4NA==,37.8,29.1,42.8,40.7,37.1,37.5,연속↓,3.7,38.7,28.4,43.7,40.6,36.4,37.6,연속↓,4.1,47.6,43.6,42.2,37.2,2023
경기,41,남양주시,41360,중,마석중학교,공립,경기도 남양주시 화도읍,UzA5MDAwMTU4NQ==,29.5,22.9,32.6,30.4,36.3,30.3,반등,5.9,30.1,21.9,32.0,29.3,36.1,29.9,반등,6.8,40.7,44.4,43.7,36.6,2025
경기,41,남양주시,41360,중,퇴계원중학교,공립,경기도 남양주시 퇴계원면,UzA5MDAwMTU5Nw==,27.1,26.9,32.8,36.2,36.3,31.9,연속↑,0.1,27.8,26.6,32.5,36.3,36.1,31.8,하락,0.2,36.4,45.2,44.8,35.4,2024
경기,41,남양주시,41360,중,미금중학교,공립,경기도 남양주시 지금동,UzA5MDAwMTU4Ng==,38.9,29.5,46.6,46.3,35.6,39.4,연속↓,10.8,38.1,29.5,45.9,47.0,36.1,39.3,하락,10.9,36.5,45.5,40.7,29.6,2024
경기,41,남양주시,41360,중,호평중학교,공립,경기도 남양주시 호평동,UzA5MDAwMTU5OA==,31.2,29.9,39.5,42.8,35.2,35.7,하락,7.6,31.9,30.1,40.5,43.5,35.4,36.3,하락,8.1,40.3,44.1,46.9,40.6,2024
경기,41,남양주시,41360,중,송라중학교,공립,경기도 남양주시 화도읍,UzA5MDAwNTAzMw==,32.3,25.7,29.6,27.6,34.7,30.0,반등,7.1,33.0,25.6,29.0,27.6,34.1,29.9,반등,6.6,44.1,37.3,45.2,41.8,2025
경기,41,남양주시,41360,중,화광중학교,공립,경기도 남양주시 화도읍,UzA5MDAwMTU5OQ==,26.6,25.9,44.4,34.8,33.8,33.1,연속↓,1.1,26.5,25.2,44.8,34.7,33.7,33.0,연속↓,1.0,38.8,36.6,59.8,37.4,2023
경기,41,남양주시,41360,중,주곡중학교,공립,경기도 남양주시 진접읍,UzA5MDAwNjQ1MQ==,28.1,25.0,30.9,28.3,32.4,28.9,반등,4.2,27.5,24.0,29.7,27.9,33.0,28.4,반등,5.0,34.2,38.0,38.0,35.9,2025
경기,41,남양주시,41360,중,오남중학교,공립,경기도 남양주시 오남읍,UzA5MDAwMTU5MA==,27.0,23.0,33.8,36.3,33.4,30.7,하락,3.0,26.4,22.7,34.3,36.5,32.8,30.5,하락,3.7,38.3,41.9,44.5,33.8,2024
경기,41,남양주시,41360,중,광동중학교,사립,경기도 남양주시 진접읍,UzA5MDAwMTU3NQ==,32.1,27.4,32.6,35.9,32.3,32.1,하락,3.6,32.8,27.0,33.0,36.8,32.8,32.5,하락,4.0,41.5,47.7,34.3,37.0,2024
경기,41,남양주시,41360,중,별가람중학교,공립,경기도 남양주시 별내3로,UzA5MDAwNTc3OQ==,33.3,25.8,44.5,40.1,33.0,35.4,연속↓,7.1,32.6,25.5,43.5,40.6,32.3,34.9,연속↓,8.3,45.9,32.8,43.2,35.1,2023
경기,41,남양주시,41360,중,심석중학교,사립,경기도 남양주시 화도읍,UzA5MDAwMTU4OQ==,25.1,30.2,38.6,36.3,33.4,32.7,연속↓,3.0,24.2,29.5,38.1,35.1,31.6,31.7,연속↓,3.4,43.2,36.3,50.6,30.9,2023
경기,41,남양주시,41360,중,장내중학교,공립,경기도 남양주시 평내동,UzA5MDAwNTAzNA==,33.1,28.7,37.4,31.5,32.2,32.6,반등,0.8,32.2,27.5,37.0,31.6,31.6,32.0,→보합,,35.1,35.5,51.2,31.9,2023
경기,41,남양주시,41360,중,금곡중학교,공립,경기도 남양주시 금곡동,UzA5MDAwMTU3OQ==,25.8,24.4,29.3,24.4,31.3,27.0,반등,6.8,26.5,24.4,29.8,25.0,31.5,27.4,반등,6.5,38.5,41.5,38.8,38.8,2025
경기,41,남양주시,41360,중,어람중학교,공립,경기도 남양주시 오남읍,UzA5MDAwNTQ3NQ==,28.4,25.3,33.7,31.1,29.6,29.6,연속↓,1.6,28.3,24.8,34.1,31.8,30.5,29.9,연속↓,1.3,24.7,52.1,43.8,43.5,2023
경기,41,남양주시,41360,중,수동중학교,사립,경기도 남양주시 수동면,UzA5MDAwMTU4OA==,18.4,14.9,19.9,40.1,29.6,24.6,하락,10.5,18.0,14.5,20.1,39.2,28.8,24.1,하락,10.3,34.9,31.8,46.9,55.9,2024
경기,41,남양주시,41360,중,진접중학교,공립,경기도 남양주시 진접읍,UzA5MDAwNDg2OQ==,25.8,21.3,30.2,26.8,27.8,26.4,반등,1.0,26.0,21.6,30.6,27.3,28.7,26.8,반등,1.4,16.1,42.8,43.5,26.0,2023
경기,41,남양주시,41360,중,진건중학교,공립,경기도 남양주시 진건읍,UzA5MDAwMTU5NQ==,27.3,23.4,28.7,28.8,29.0,27.5,연속↑,0.2,28.6,23.0,28.6,28.7,28.6,27.5,하락,0.1,41.8,42.1,37.6,45.6,2024
경기,41,남양주시,41360,중,한별중학교,공립,경기도 남양주시 별내동,UzA5MDAwNjk2Ng==,32.9,24.6,38.3,25.1,27.7,29.7,반등,2.7,33.4,24.7,38.1,25.2,28.1,29.9,반등,2.8,27.2,34.0,36.2,32.9,2023
경기,41,남양주시,41360,중,양오중학교,공립,경기도 남양주시 오남읍,UzA5MDAwNTM1Mg==,28.3,21.5,36.5,33.1,27.8,29.5,연속↓,5.3,27.9,20.7,36.3,33.2,27.4,29.1,연속↓,5.7,32.5,29.4,47.5,37.8,2023
경기,41,남양주시,41360,중,광릉중학교,공립,경기도 남양주시 진접읍,UzA5MDAwNTY3OQ==,20.3,22.4,29.2,30.1,25.8,25.6,하락,4.3,20.3,21.9,29.6,30.9,26.2,25.8,하락,4.7,32.9,33.3,31.8,58.5,2024
경기,41,남양주시,41360,중,천마중학교,공립,경기도 남양주시 화도읍,UzA5MDAwNjgwMA==,26.7,22.1,34.2,29.0,24.4,27.3,연속↓,4.5,26.1,21.2,33.5,28.9,23.4,26.6,연속↓,5.5,27.1,23.9,38.5,50.3,2023
경기,41,남양주시,41360,중,연세중학교,사립,경기도 남양주시 조안면,UzA5MDAwMTU5Mg==,11.1,14.9,18.8,16.3,9.7,14.1,연속↓,6.6,12.5,14.9,19.6,17.6,10.7,15.0,연속↓,6.9,4.5,27.3,18.2,54.5,2023
경기,41,남양주시,41360,고,와부고등학교,공립,경기도 남양주시 와부읍,UzA5MDAwNTYwMQ==,2.3,4.6,6.2,6.8,45.4,13.0,연속↑,38.7,2.2,3.9,5.4,5.8,48.4,13.2,연속↑,42.5,48.6,80.4,43.5,3.6,2025
경기,41,남양주시,41360,고,동화고등학교,사립,경기도 남양주시 도농동,UzA5MDAwMDU0NQ==,11.0,8.7,10.5,36.3,29.7,19.2,하락,6.6,11.3,8.0,10.3,36.3,30.7,19.3,하락,5.6,35.8,41.8,33.4,1.3,2024
경기,41,남양주시,41360,고,가운고등학교,공립,경기도 남양주시 가운동,UzA5MDAwNTg5OA==,18.7,17.4,15.5,16.3,23.7,18.3,연속↑,7.5,18.1,17.1,15.6,15.9,23.3,18.0,연속↑,7.4,35.3,24.0,21.9,30.2,2025
경기,41,남양주시,41360,고,오남고등학교,공립,경기도 남양주시 오남읍,UzA5MDAwNTY3MA==,17.8,5.4,11.7,23.7,25.3,16.7,연속↑,1.6,19.2,5.0,11.1,23.5,23.3,16.4,하락,0.2,54.2,12.4,34.9,16.7,2024
경기,41,남양주시,41360,고,심석고등학교,사립,경기도 남양주시 화도읍,UzA5MDAwMDY2OQ==,15.8,10.5,9.8,9.7,21.0,13.3,반등,11.4,14.9,10.5,9.0,9.2,22.4,13.2,연속↑,13.2,18.0,42.1,19.5,18.8,2025
경기,41,남양주시,41360,고,마석고등학교,공립,경기도 남양주시 화도읍,UzA5MDAwNTgwMA==,12.7,8.6,11.0,17.7,22.4,14.5,연속↑,4.7,12.2,7.8,10.4,17.9,22.1,14.1,연속↑,4.2,21.3,26.9,27.7,9.0,2025
경기,41,남양주시,41360,고,도농고등학교,공립,경기도 남양주시 다산순환로,UzA5MDAwNDkxNA==,8.6,13.0,9.2,10.2,20.3,12.3,연속↑,10.1,8.5,13.1,8.8,9.7,19.8,12.0,연속↑,10.1,31.7,22.5,23.2,17.7,2025
경기,41,남양주시,41360,고,판곡고등학교,공립,경기도 남양주시 호평동,UzA5MDAwNTkxMA==,7.2,10.0,11.3,10.1,17.7,11.3,반등,7.6,7.2,9.3,10.9,9.3,19.8,11.3,반등,10.4,3.6,38.5,25.0,9.6,2025
경기,41,남양주시,41360,고,별내고등학교,공립,경기도 남양주시 별내동,UzA5MDAwNjUyMA==,13.0,8.8,10.8,9.2,19.0,12.2,반등,9.8,12.5,9.1,10.2,8.3,19.4,11.9,반등,11.1,19.0,26.8,22.8,28.7,2025
경기,41,남양주시,41360,고,광동고등학교,사립,경기도 남양주시 진접읍,UzA5MDAwMDQ3OQ==,15.5,13.6,19.1,14.0,19.7,16.4,반등,5.7,15.0,12.6,18.7,13.5,19.3,15.8,반등,5.8,28.2,17.2,24.8,9.9,2025
경기,41,남양주시,41360,고,진건고등학교,공립,경기도 남양주시 진건읍,UzA5MDAwMDgwNg==,11.8,11.1,18.2,18.5,18.9,15.7,연속↑,0.4,11.9,11.3,19.6,18.7,19.0,16.1,반등,0.3,17.1,25.1,28.7,18.3,2023
경기,41,남양주시,41360,고,호평고등학교,공립,경기도 남양주시 호평로,UzA5MDAwNTI5MQ==,11.9,11.7,14.4,7.9,18.9,13.0,반등,11.0,11.2,10.8,13.9,7.5,18.4,12.3,반등,10.9,22.4,16.8,21.9,34.4,2025
경기,41,남양주시,41360,고,퇴계원고등학교,공립,경기도 남양주시 퇴계원읍,UzA5MDAwMDgyNw==,10.9,14.9,13.8,19.5,17.7,15.3,하락,1.8,10.0,14.0,13.3,18.9,17.7,14.8,하락,1.2,22.6,19.7,22.0,30.9,2024
경기,41,남양주시,41360,고,덕소고등학교,사립,경기도 남양주시 와부읍,UzA5MDAwMDUyOQ==,10.8,13.3,18.9,15.7,17.7,15.3,반등,2.0,10.5,12.4,17.5,14.3,16.8,14.3,반등,2.4,27.9,11.1,19.1,21.2,2023
경기,41,남양주시,41360,고,평내고등학교,공립,경기도 남양주시 평내로,UzA5MDAwNDkxNQ==,13.0,6.4,11.1,15.1,18.0,12.7,연속↑,3.0,11.8,6.3,10.3,15.3,16.0,11.9,연속↑,0.8,24.7,6.3,36.2,27.2,2025
경기,41,남양주시,41360,고,진접고등학교,공립,경기도 남양주시 진접읍,UzA5MDAwNTgwMw==,7.2,9.6,11.6,10.8,15.5,10.9,반등,4.7,6.7,9.6,11.6,10.3,14.3,10.5,반등,4.1,22.7,9.9,26.7,16.8,2025
경기,41,남양주시,41360,고,청학고등학교,공립,경기도 남양주시 별내면,UzA5MDAwMDgxOA==,20.0,10.4,11.6,10.1,10.7,12.6,반등,0.7,21.7,11.3,11.4,10.6,10.3,13.1,연속↓,0.3,10.1,8.7,16.3,26.3,2021
경기,41,남양주시,41360,고,별가람고등학교,공립,경기도 남양주시 순화궁로,UzA5MDAwNjkwNQ==,7.8,4.8,6.6,22.2,10.4,10.4,하락,11.8,7.6,4.5,6.3,22.8,10.0,10.2,하락,12.8,9.4,9.4,22.9,37.7,2024
경기,41,남양주시,41360,고,남양주다산고등학교,공립,경기도 남양주시 다산중앙로146번길,UzA5MDAwNzMxNw==,7.2,11.8,14.3,12.3,9.2,10.9,연속↓,3.2,6.8,11.1,14.1,11.7,8.7,10.5,연속↓,3.0,6.4,7.1,18.8,14.5,2023
경기,41,남양주시,41360,고,금곡고등학교,공립,경기도 남양주시 금곡동,UzA5MDAwMDUwOA==,6.2,5.8,5.3,5.2,5.9,5.7,반등,0.8,6.4,6.1,5.3,5.5,5.7,5.8,연속↑,0.3,4.4,13.3,9.2,64.4,2021
경기,41,남양주시,41360,고,남양주고등학교,공립,경기도 남양주시 화도읍,UzA5MDAwMDUxOQ==,13.2,12.5,7.2,7.1,5.2,9.0,연속↓,1.9,14.2,12.8,6.8,6.9,4.9,9.1,하락,2.1,9.7,2.9,8.0,78.1,2021
경기,41,수정구,41131,중,위례중앙중학교,공립,경기도 성남시 수정구,UzA5MDAwNjEwNQ==,25.8,25.7,37.1,39.7,44.8,34.6,연속↑,5.0,25.4,25.7,36.1,38.9,45.0,34.2,연속↑,6.1,54.2,53.1,53.1,26.1,2025
경기,41,수정구,41131,중,위례한빛중학교,공립,경기도 성남시 수정구,UzA5MDAwNjEwNg==,42.4,33.3,45.1,45.7,45.1,42.3,하락,0.6,42.2,32.0,44.6,44.5,43.8,41.4,연속↓,0.7,52.3,41.7,59.3,26.3,2023
경기,41,수정구,41131,중,태평중학교,공립,경기도 성남시 수정구,UzA5MDAwMjIwNg==,31.9,24.5,28.3,37.9,39.4,32.4,연속↑,1.6,32.9,24.5,29.3,37.6,39.3,32.7,연속↑,1.7,38.0,44.4,54.5,38.1,2025
경기,41,수정구,41131,중,성남여자중학교,공립,경기도 성남시 수정구,UzA5MDAwMjE4OA==,25.6,20.7,35.6,34.0,35.8,30.3,반등,1.8,26.1,20.5,35.6,33.4,35.3,30.2,반등,1.9,44.9,35.6,42.2,38.4,2023
경기,41,수정구,41131,중,성남서중학교,공립,경기도 성남시 수정구,UzA5MDAwMjE4Nw==,31.6,23.8,34.5,33.6,32.4,31.2,연속↓,1.1,32.3,23.3,34.5,34.2,33.2,31.5,연속↓,1.0,30.1,51.3,39.0,40.3,2023
경기,41,수정구,41131,중,성남문원중학교,공립,경기도 성남시 수정구,UzA5MDAwMjE4Ng==,26.6,23.1,25.5,27.4,32.1,26.9,연속↑,4.8,28.0,23.4,25.5,28.1,32.4,27.5,연속↑,4.3,33.3,36.5,38.7,39.0,2025
경기,41,수정구,41131,중,수진중학교,공립,경기도 성남시 수정구,UzA5MDAwNTYyMw==,27.3,27.4,32.0,36.8,32.2,31.1,하락,4.6,27.7,27.0,31.8,36.3,31.4,30.9,하락,5.0,43.3,35.4,43.3,41.8,2024
경기,41,수정구,41131,중,창성중학교,공립,경기도 성남시 수정구,UzA5MDAwNzI1NA==,25.9,25.3,31.4,31.5,30.1,28.8,하락,1.4,25.9,24.2,30.5,30.3,29.6,28.1,연속↓,0.7,52.0,32.1,25.3,35.8,2023
경기,41,수정구,41131,중,상원여자중학교,공립,경기도 성남시 수정구,UzA5MDAwMjE4Mw==,38.1,20.9,33.3,29.1,27.4,29.8,연속↓,1.7,38.3,20.9,33.3,28.6,27.7,29.8,연속↓,0.9,27.3,42.0,41.4,36.8,2021
경기,41,수정구,41131,중,풍생중학교,사립,경기도 성남시 수정구,UzA5MDAwMjIwNw==,25.5,22.0,29.5,26.2,20.8,24.8,연속↓,5.5,26.0,22.5,29.9,27.0,20.6,25.2,연속↓,6.5,22.6,32.8,27.8,69.0,2023
경기,41,수정구,41131,고,복정고등학교,공립,경기도 성남시 수정구,UzA5MDAwNTY1OQ==,21.1,26.7,21.1,27.8,26.0,24.5,하락,1.9,21.6,26.8,21.3,27.0,25.7,24.5,하락,1.3,38.8,28.9,30.0,20.6,2024
경기,41,수정구,41131,고,풍생고등학교,사립,경기도 성남시 수정구,UzA5MDAwMDg0Nw==,16.8,14.7,15.5,21.1,24.0,18.4,연속↑,3.0,16.6,15.7,16.0,20.8,24.8,18.8,연속↑,4.1,13.4,31.7,33.0,29.5,2025
경기,41,수정구,41131,고,위례한빛고등학교,공립,경기도 성남시 수정구,UzA5MDAwNzAxNg==,18.5,33.8,29.9,28.8,25.4,27.3,연속↓,3.4,18.2,33.6,29.7,26.9,24.6,26.6,연속↓,2.3,36.0,23.6,39.5,4.9,2022
경기,41,수정구,41131,고,효성고등학교,사립,경기도 성남시 수정구,UzA5MDAwMDg3Mg==,15.8,14.4,23.1,14.0,18.6,17.2,반등,4.6,15.0,13.6,22.9,13.2,17.4,16.4,반등,4.2,22.3,10.9,25.4,28.0,2023
경기,41,수정구,41131,고,성보경영고등학교,사립,경기도 성남시수정구 단대동,UzA5MDAwMDYxNw==,8.3,8.8,10.1,14.0,13.4,10.9,하락,0.6,8.5,9.1,10.4,14.9,14.1,11.4,하락,0.8,11.0,21.2,13.8,32.0,2024
경기,41,오산시,41370,중,세마중학교,공립,경기도 오산시 세교동,UzA5MDAwNTc2MA==,41.6,27.8,45.5,40.2,44.2,39.9,반등,4.0,40.8,26.7,45.8,40.2,43.8,39.5,반등,3.6,47.2,47.9,52.4,32.5,2023
경기,41,오산시,41370,중,매홀중학교,공립,경기도 오산시 내삼미로48번길,UzA5MDAwNDI3Mw==,31.0,23.9,37.9,37.4,42.7,34.6,반등,5.3,29.6,23.6,38.0,37.4,42.2,34.2,반등,4.8,53.2,43.9,56.8,27.7,2025
경기,41,오산시,41370,중,문시중학교,공립,경기도 오산시 금암동,UzA5MDAwNTgzMg==,32.9,22.0,34.0,37.3,37.3,32.7,→보합,,33.0,22.0,33.7,37.7,37.0,32.7,하락,0.7,39.2,40.4,44.4,38.2,2024
경기,41,오산시,41370,중,운천중학교,공립,경기도 오산시 오산동,UzA5MDAwNDI3Ng==,35.9,28.3,37.1,35.6,37.3,34.8,반등,1.7,36.1,27.9,37.8,36.1,36.1,34.8,→보합,0.1,51.7,35.5,46.4,35.4,2023
경기,41,오산시,41370,중,오산원일중학교,공립,경기도 오산시 원동,UzA5MDAwNTQ2Mg==,32.3,29.4,38.3,38.4,34.9,34.6,하락,3.6,32.2,28.6,38.4,37.9,34.1,34.3,연속↓,3.8,30.3,38.5,56.6,37.6,2023
경기,41,오산시,41370,중,운암중학교,공립,경기도 오산시 원동,UzA5MDAwNDI3NQ==,24.3,25.4,43.3,35.6,30.1,31.7,연속↓,5.4,24.7,25.3,43.2,34.8,29.9,31.6,연속↓,4.9,29.3,35.9,42.2,33.9,2023
경기,41,오산시,41370,중,대호중학교,공립,경기도 오산시 궐리사로29번길,UzA5MDAwNTAyMQ==,31.4,23.4,34.3,31.3,30.1,30.1,연속↓,1.3,32.4,23.3,34.9,31.1,29.9,30.3,연속↓,1.2,36.7,33.6,40.5,38.6,2023
경기,41,오산시,41370,중,가수중학교,공립,경기도 오산시 가수1로,UzA5MDAwNzg2Ng==,,,,,28.8,28.8,-,,,,,,28.3,28.3,-,,38.5,31.5,40.7,53.8,2025
경기,41,오산시,41370,중,오산중학교,사립,경기도 오산시 청학동,UzA5MDAwNDI3NA==,24.0,25.6,30.1,31.3,28.8,27.9,하락,2.5,23.5,25.2,29.3,29.9,28.1,27.2,하락,1.8,38.9,28.5,39.6,40.0,2024
경기,41,오산시,41370,중,성호중학교,공립,경기도 오산시 원동,UzA5MDAwNDI2OQ==,29.7,28.4,41.6,39.3,24.4,32.7,연속↓,14.9,29.4,28.2,42.0,39.3,24.2,32.6,연속↓,15.1,40.4,34.4,32.2,37.4,2023
경기,41,오산시,41370,고,성호고등학교,공립,경기도 오산시 동부대로436번길,UzA5MDAwMDYyNg==,10.6,10.2,14.4,13.5,23.8,14.5,반등,10.3,10.0,10.2,13.8,12.3,24.8,14.2,반등,12.4,18.5,33.9,25.5,13.5,2025
경기,41,오산시,41370,고,세교고등학교,공립,경기도 오산시 금암동,UzA5MDAwNTkwMg==,12.4,9.8,11.1,14.1,19.9,13.5,연속↑,5.8,11.7,10.5,10.0,13.6,20.7,13.3,연속↑,7.1,15.0,29.6,24.4,9.9,2025
경기,41,오산시,41370,고,세마고등학교,공립,경기도 오산시 금암동,UzA5MDAwNTgwNg==,8.3,10.0,12.0,4.8,18.6,10.7,반등,13.9,7.7,9.9,11.5,4.3,17.2,10.1,반등,12.9,14.2,13.3,40.9,9.3,2025
경기,41,오산시,41370,고,운천고등학교,공립,경기도 오산시 운천로,UzA5MDAwNDgzNQ==,8.9,6.1,4.6,8.4,15.1,8.6,연속↑,6.7,8.5,5.7,4.1,8.0,14.8,8.2,연속↑,6.9,14.1,17.9,22.4,44.1,2025
경기,41,오산시,41370,고,매홀고등학교,공립,경기도 오산시 수청동,UzA5MDAwNjcwMQ==,6.3,6.7,7.7,14.7,14.4,9.9,하락,0.3,6.4,6.7,7.8,14.1,13.7,9.8,하락,0.4,16.9,12.5,18.5,17.5,2024
경기,41,오산시,41370,고,운암고등학교,공립,경기 오산시 원동,UzA5MDAwNTQ2MQ==,16.1,20.4,16.4,16.0,11.8,16.1,연속↓,4.3,15.4,19.7,16.3,15.4,11.5,15.7,연속↓,3.9,14.1,15.6,18.6,21.9,2022
경기,41,오산시,41370,고,오산고등학교,사립,경기도 오산시 청학동,UzA5MDAwMDczNg==,14.3,7.6,4.3,9.8,10.1,9.2,연속↑,0.3,13.8,7.0,3.9,9.0,9.6,8.6,연속↑,0.6,11.6,8.4,17.4,50.8,2021
경기,41,오산시,41370,고,오산정보고등학교,공립,경기도 오산시 청학동,UzA5MDAwMDczNw==,9.3,10.4,11.4,12.8,10.0,10.8,하락,2.8,8.5,10.0,10.9,11.8,7.7,9.8,하락,4.1,14.9,6.7,10.4,27.3,2024
경기,41,만세구,41591,중,수현중학교,공립,경기도 화성시 봉담읍,UzA5MDAwNzM5NQ==,19.7,23.9,34.8,32.5,40.0,30.2,반등,7.5,19.4,23.3,34.5,32.9,41.0,30.2,반등,8.1,39.6,55.6,49.5,30.5,2025
경기,41,만세구,41591,중,화성동화중학교,공립,경기도 화성시 봉담읍,UzA5MDAwNTU4Nw==,33.2,27.8,38.8,35.6,40.1,35.1,반등,4.5,33.8,27.3,38.8,35.4,39.3,34.9,반등,3.9,55.7,45.7,41.7,32.0,2025
경기,41,만세구,41591,중,화담중학교,공립,경기도 화성시 봉담읍,UzA5MDAwNzg3OQ==,,,,,36.2,36.2,-,,,,,,36.5,36.5,-,,52.0,44.0,38.0,40.0,2025
경기,41,만세구,41591,중,와우중학교,공립,경기도 화성시 봉담읍,UzA5MDAwNTY1Nw==,32.3,25.2,33.9,35.5,35.0,32.4,하락,0.5,31.3,24.7,33.5,34.8,34.5,31.8,하락,0.3,34.7,41.0,48.8,30.9,2024
경기,41,만세구,41591,중,발안중학교,공립,경기도 화성시 향남읍,UzA5MDAwNDI2Mw==,28.1,22.0,30.9,34.2,32.0,29.4,하락,2.2,28.9,21.8,30.6,34.3,32.2,29.6,하락,2.2,31.6,36.9,41.3,41.8,2024
경기,41,만세구,41591,중,화성중학교,사립,경기도 화성시 향남읍,UzA5MDAwNDI4MQ==,26.9,26.9,40.6,33.4,31.9,31.9,연속↓,1.5,26.5,25.6,38.7,32.9,31.2,31.0,연속↓,1.7,43.2,28.6,35.5,44.4,2023
경기,41,만세구,41591,중,봉담중학교,공립,경기도 화성시 봉담읍,UzA5MDAwNDI2NQ==,27.7,24.5,35.7,33.9,30.7,30.5,연속↓,3.2,27.4,24.1,36.8,34.4,31.0,30.7,연속↓,3.5,37.9,41.1,40.8,38.4,2023
경기,41,만세구,41591,중,향남중학교,공립,경기도 화성시 향남읍,UzA5MDAwNTY2Mg==,26.6,25.7,36.8,29.2,30.7,29.8,반등,1.5,26.5,25.6,36.3,28.7,30.5,29.5,반등,1.8,38.9,42.0,40.9,31.9,2023
경기,41,만세구,41591,중,하길중학교,공립,경기도 화성시 향남읍,UzA5MDAwNjE1NQ==,24.7,24.1,34.0,31.8,28.8,28.7,연속↓,3.0,24.2,23.8,34.3,32.0,28.5,28.6,연속↓,3.5,39.6,30.7,32.5,39.9,2023
경기,41,만세구,41591,중,화성상신중학교,공립,경기도 화성시 향남읍,UzA5MDAwNzg3OA==,,,,,22.6,22.6,-,,,,,,22.4,22.4,-,,32.0,28.0,44.0,68.0,2025
경기,41,만세구,41591,고,화성고등학교,사립,경기도 화성시 향남읍,UzA5MDAwMDg2Nw==,9.6,14.5,16.9,11.9,24.5,15.5,반등,12.6,10.0,13.3,17.4,12.1,24.0,15.4,반등,11.9,20.8,24.7,43.2,4.0,2025
경기,41,만세구,41591,고,와우고등학교,공립,경기도 화성시 봉담읍,UzA5MDAwNzI3OA==,,,12.3,10.6,19.5,14.1,반등,8.9,,,12.2,10.3,18.7,13.7,반등,8.4,24.8,19.6,30.6,21.1,2025
경기,41,만세구,41591,고,봉담고등학교,공립,경기도 화성시 봉담읍,UzA5MDAwNTU3OQ==,3.6,7.0,17.0,9.5,17.7,10.9,반등,8.3,3.2,6.6,15.8,8.9,16.4,10.2,반등,7.6,29.8,11.6,22.8,24.6,2025
경기,41,만세구,41591,고,향남고등학교,공립,경기도 화성시 향남읍,UzA5MDAwNTY2Mw==,11.2,12.2,14.8,17.4,15.1,14.1,하락,2.3,10.3,11.9,15.3,17.6,16.2,14.3,하락,1.4,10.8,25.0,15.0,10.1,2024
경기,41,만세구,41591,고,화담고등학교,공립,경기도 화성시 봉담읍,UzA5MDAwNzkwNw==,,,,,12.4,12.4,-,,,,,,12.7,12.7,-,,13.5,15.4,14.6,29.4,2025
경기,41,만세구,41591,고,하길고등학교,공립,경기도 화성시 향남읍,UzA5MDAwNzAxNQ==,8.3,5.8,10.0,10.0,9.6,8.7,하락,0.5,7.6,5.4,9.4,8.8,8.8,8.0,→보합,,12.9,7.1,14.8,51.7,2023
경기,41,만세구,41591,고,향일고등학교,공립,경기도 화성시 향남읍,UzA5MDAwNTkwOQ==,7.0,7.7,7.1,11.6,8.7,8.4,하락,2.9,6.6,7.1,6.7,11.6,8.0,8.0,하락,3.6,11.4,3.9,18.6,27.0,2024
경기,41,만세구,41591,고,발안바이오과학고등학교,공립,경기도 화성시 향남읍,UzA5MDAwMDU1OQ==,7.7,13.6,2.8,3.0,6.2,6.7,연속↑,3.2,6.9,12.4,2.6,3.0,6.8,6.3,연속↑,3.8,5.6,10.6,9.7,45.5,2022
경기,41,원미구,41192,중,상일중학교,공립,경기도 부천시 원미구,UzA5MDAwMTg5OA==,38.2,31.9,41.5,48.4,50.0,42.0,연속↑,1.6,38.3,32.0,40.5,47.1,48.0,41.2,연속↑,0.9,55.9,43.8,65.6,32.2,2025
경기,41,원미구,41192,중,부명중학교,공립,경기도 부천시 조마루로,UzA5MDAwMTg4Mg==,37.5,30.6,49.0,41.8,42.7,40.3,반등,0.9,37.3,30.3,48.9,40.4,42.0,39.8,반등,1.6,43.8,48.2,65.2,24.9,2023
경기,41,원미구,41192,중,석천중학교,공립,경기도 부천시 원미구,UzA5MDAwMTg5OQ==,39.6,36.2,49.3,42.6,40.6,41.7,연속↓,2.1,39.5,36.1,48.2,42.2,40.8,41.4,연속↓,1.4,46.9,48.0,55.3,22.9,2023
경기,41,원미구,41192,중,중흥중학교,공립,경기도 부천시 원미구,UzA5MDAwMTkxMg==,38.7,29.7,32.7,33.7,40.2,35.0,연속↑,6.5,39.9,30.2,33.4,34.0,40.2,35.5,연속↑,6.2,41.0,51.6,49.8,25.5,2025
경기,41,원미구,41192,중,중원중학교,공립,경기도 부천시 원미구,UzA5MDAwMTkxMQ==,30.1,19.4,25.6,36.7,37.1,29.8,연속↑,0.4,30.6,19.2,26.8,36.2,36.9,30.0,연속↑,0.7,36.4,38.0,43.9,34.1,2025
경기,41,원미구,41192,중,부천중학교,공립,경기도 부천시 원미구,UzA5MDAwMTg5NA==,29.5,27.5,34.2,35.5,36.6,32.6,연속↑,1.1,30.1,26.8,34.0,35.1,35.8,32.3,연속↑,0.7,39.6,38.5,45.9,42.4,2025
경기,41,원미구,41192,중,계남중학교,공립,경기도 부천시 원미구,UzA5MDAwMTg3Mw==,30.9,29.3,36.4,33.0,36.2,33.2,반등,3.2,31.0,28.6,36.3,32.1,35.2,32.7,반등,3.1,41.9,36.3,45.8,35.3,2023
경기,41,원미구,41192,중,상동중학교,공립,경기도 부천시 원미구,UzA5MDAwMTg5Nw==,25.9,24.8,39.7,38.8,32.4,32.3,연속↓,6.4,26.1,24.1,41.1,39.1,33.4,32.8,연속↓,5.6,42.6,51.3,47.8,26.6,2023
경기,41,원미구,41192,중,부인중학교,공립,경기도 부천시 원미구,UzA5MDAwMTg4Mw==,36.4,32.3,39.6,31.2,32.2,34.3,반등,1.0,36.6,32.2,39.5,31.1,31.6,34.2,반등,0.5,32.9,30.3,48.5,28.9,2023
경기,41,원미구,41192,중,부천부곡중학교,공립,경기도 부천시 원미구,UzA5MDAwMTg4OA==,19.6,17.7,21.0,27.0,31.1,23.3,연속↑,4.0,20.6,17.9,21.7,27.4,31.2,23.8,연속↑,3.9,33.8,38.2,33.8,42.4,2025
경기,41,원미구,41192,중,소명여자중학교,사립,경기도 부천시 원미구,UzA5MDAwMTkwMg==,33.3,24.3,28.2,33.1,30.7,29.9,하락,2.5,32.1,23.7,27.6,33.5,30.6,29.5,하락,2.8,48.5,33.9,32.4,43.7,2024
경기,41,원미구,41192,중,상도중학교,공립,경기도 부천시 원미구,UzA5MDAwMTg5Ng==,35.0,26.1,35.8,30.4,28.6,31.2,연속↓,1.7,36.0,25.4,36.3,30.9,28.7,31.5,연속↓,2.3,35.6,43.6,28.9,43.0,2023
경기,41,원미구,41192,중,역곡중학교,공립,경기도 부천시 원미구,UzA5MDAwMTkwNg==,34.4,27.6,28.3,29.1,26.4,29.2,하락,2.7,34.2,27.4,28.3,29.4,26.3,29.1,하락,3.2,39.6,32.0,39.1,40.3,2021
경기,41,원미구,41192,중,심원중학교,공립,경기도 부천시 원미구,UzA5MDAwMTkwNQ==,35.0,27.6,36.6,29.3,25.7,30.8,연속↓,3.6,34.8,27.1,35.8,29.4,25.6,30.6,연속↓,3.8,27.5,29.0,35.2,38.3,2023
경기,41,원미구,41192,중,도당중학교,공립,경기도 부천시 평천로849번길,UzA5MDAwNzMxMQ==,22.0,20.2,23.9,21.9,25.8,22.7,반등,3.8,23.0,20.3,24.1,21.2,24.9,22.7,반등,3.8,37.1,30.3,32.6,45.2,2025
경기,41,원미구,41192,중,부천부흥중학교,공립,경기도 부천시 원미구,UzA5MDAwMTg4OQ==,20.3,19.3,25.8,27.3,24.2,23.4,하락,3.1,20.2,19.2,25.5,26.8,23.6,23.1,하락,3.3,38.5,24.6,41.7,48.4,2024
경기,41,원미구,41192,중,원미중학교,공립,경기도 부천시 원미구,UzA5MDAwNTYwNQ==,33.7,20.2,25.7,19.7,20.6,24.0,반등,1.0,33.3,19.6,26.3,18.7,20.6,23.7,반등,1.9,33.6,30.8,20.6,59.8,2021
경기,41,원미구,41192,고,상원고등학교,공립,경기도 부천시 원미구,UzA5MDAwNTM5OQ==,15.2,17.0,10.9,14.0,25.4,16.5,연속↑,11.4,14.7,16.5,10.8,13.0,24.1,15.8,연속↑,11.0,44.0,20.8,25.4,23.6,2025
경기,41,원미구,41192,고,상동고등학교,공립,경기도 부천시 원미구,UzA5MDAwMDU3OA==,8.0,12.1,12.3,11.7,23.0,13.4,반등,11.2,7.7,12.1,11.8,11.3,23.1,13.2,반등,11.9,28.3,44.8,20.8,24.1,2025
경기,41,원미구,41192,고,계남고등학교,공립,경기도 부천시 원미구,UzA5MDAwMDQ2Mw==,15.7,13.1,13.8,14.8,23.8,16.2,연속↑,9.0,14.5,12.9,13.2,14.5,22.9,15.6,연속↑,8.3,35.6,17.6,29.2,45.8,2025
경기,41,원미구,41192,고,상일고등학교,공립,경기도 부천시 원미구,UzA5MDAwNDg5OQ==,16.6,11.0,17.5,21.0,21.3,17.5,연속↑,0.3,16.3,10.6,16.8,22.3,22.4,17.7,연속↑,0.1,12.2,29.2,34.1,23.6,2025
경기,41,원미구,41192,고,원미고등학교,공립,경기도 부천시 원미구,UzA5MDAwMDc0OA==,9.5,8.4,14.6,13.7,22.2,13.7,반등,8.5,9.0,8.0,15.6,13.8,22.2,13.7,반등,8.4,25.6,24.7,23.3,28.4,2025
경기,41,원미구,41192,고,중흥고등학교,공립,경기도 부천시 원미구,UzA5MDAwMDgwNA==,13.0,18.1,13.0,13.0,21.5,15.7,상승,8.5,12.7,17.7,14.0,11.7,21.2,15.5,반등,9.5,25.5,21.4,27.3,20.5,2025
경기,41,원미구,41192,고,도당고등학교,공립,경기도 부천시 원미구,UzA5MDAwMDUzMw==,12.3,9.1,10.2,16.8,20.8,13.8,연속↑,4.0,11.8,9.4,10.9,17.5,20.8,14.1,연속↑,3.3,20.8,21.7,22.5,23.1,2025
경기,41,원미구,41192,고,심원고등학교,공립,경기도 부천시 원미구,UzA5MDAwMDY3MQ==,10.6,12.2,11.0,11.9,21.6,13.4,연속↑,9.7,10.4,11.8,10.2,10.8,20.0,12.6,연속↑,9.2,30.3,12.8,28.6,38.2,2025
경기,41,원미구,41192,고,소명여자고등학교,사립,경기도 부천시 원미구,UzA5MDAwMDYzMA==,12.2,16.3,24.5,29.1,19.7,20.3,하락,9.4,11.4,15.8,25.7,29.2,19.4,20.3,하락,9.8,20.4,22.4,24.8,9.1,2024
경기,41,원미구,41192,고,중원고등학교,공립,경기도 부천시 원미구,UzA5MDAwMDgwMw==,17.7,13.0,15.2,13.5,19.6,15.8,반등,6.1,17.4,12.6,14.6,12.8,19.0,15.3,반등,6.2,15.8,22.8,28.8,16.2,2025
경기,41,원미구,41192,고,부천여자고등학교,공립,경기도 부천시 원미구,UzA5MDAwMDU4NA==,12.7,7.0,11.8,8.2,16.9,11.3,반등,8.7,12.4,6.8,11.1,8.0,16.3,10.9,반등,8.3,18.9,13.5,27.0,39.2,2025
경기,41,원미구,41192,고,부명고등학교,공립,경기도 부천시 원미구,UzA5MDAwMDU3Ng==,11.3,14.3,17.3,11.8,14.7,13.9,반등,2.9,12.4,14.4,17.2,11.6,14.5,14.0,반등,2.9,14.4,18.3,27.9,35.4,2023
경기,41,원미구,41192,고,부천북고등학교,공립,경기도 부천시 원미구,UzA5MDAwMDU4MQ==,7.5,9.0,10.2,11.5,14.3,10.5,연속↑,2.8,7.1,8.1,10.1,11.9,14.3,10.3,연속↑,2.4,13.0,20.9,17.9,31.2,2025
경기,41,원미구,41192,고,경기예술고등학교,공립,경기예술고등학교,UzA5MDAwNDgzMg==,5.2,13.9,7.6,9.2,12.9,9.8,연속↑,3.6,5.4,13.9,8.3,9.0,12.6,9.8,연속↑,3.6,18.7,20.0,25.6,32.9,2022
경기,41,원미구,41192,고,부천정보산업고등학교,공립,경기도 부천시 신상로,UzA5MDAwMDU4NQ==,9.1,12.7,8.0,10.0,12.6,10.5,연속↑,2.7,9.4,12.0,7.5,9.0,12.5,10.1,연속↑,3.5,15.8,17.1,14.9,44.0,2025
경기,41,원미구,41192,고,역곡고등학교,공립,경기도 부천시 원미구,UzA5MDAwNTkwMA==,12.8,5.8,7.8,7.6,10.1,8.8,반등,2.5,11.7,5.8,8.0,8.0,9.4,8.6,상승,1.4,8.1,8.1,18.5,45.2,2021
경기,41,원미구,41192,고,경기국제통상고등학교,공립,경기국제통상고등학교,UzA5MDAwMDU3Nw==,9.1,5.8,10.2,13.1,9.0,9.4,하락,4.2,9.2,5.6,9.8,13.0,8.7,9.3,하락,4.3,6.6,8.4,17.4,46.6,2024
경기,41,광주시,41610,중,태전중학교,공립,경기도 광주시 태성로,UzA5MDAwNzQwNg==,,,,45.4,46.2,45.8,상승,0.9,,,,44.9,46.4,45.7,상승,1.4,47.3,54.9,56.0,19.2,2025
경기,41,광주시,41610,중,광주광남중학교,공립,광주광남중학교,UzA5MDAwNTM0Mg==,31.0,30.8,47.8,42.8,43.8,39.2,반등,1.0,30.3,30.6,48.4,43.4,43.9,39.3,반등,0.5,53.9,64.6,52.2,23.2,2023
경기,41,광주시,41610,중,경화여자중학교,사립,경기도 광주시 송정동,UzA5MDAwMTI2OA==,39.5,29.0,39.8,39.4,38.3,37.2,연속↓,1.0,39.5,29.0,38.9,38.6,38.0,36.8,연속↓,0.6,49.8,44.2,41.6,27.5,2021
경기,41,광주시,41610,중,광수중학교,공립,경기도 광주시 퇴촌면,UzA5MDAwMTI2OQ==,27.8,21.4,39.0,32.1,33.2,30.7,반등,1.1,28.0,21.5,39.3,32.0,33.2,30.8,반등,1.1,43.1,43.1,39.2,43.1,2023
경기,41,광주시,41610,중,초월중학교,공립,경기도 광주시 초월읍,UzA5MDAwNTg4OQ==,29.1,26.2,38.6,36.4,33.1,32.7,연속↓,3.3,29.8,26.8,38.5,36.4,32.8,32.8,연속↓,3.6,39.0,36.4,36.4,34.3,2023
경기,41,광주시,41610,중,경안중학교,공립,경기도 광주시 장지동,UzA5MDAwMTI2Nw==,27.9,22.7,32.0,35.9,32.3,30.2,하락,3.6,27.8,22.4,32.1,35.5,32.4,30.0,하락,3.1,38.0,37.1,36.3,39.7,2024
경기,41,광주시,41610,중,곤지암중학교,공립,경기도 광주시 곤지암읍,UzA5MDAwMTI3MQ==,25.8,23.9,41.0,32.7,32.1,31.1,연속↓,0.7,26.6,24.4,42.1,32.4,32.1,31.5,연속↓,0.3,45.6,39.2,34.4,34.8,2023
경기,41,광주시,41610,중,탄벌중학교,공립,경기도 광주시 포돌이로,UzA5MDAwMTI3Ng==,30.1,23.6,30.7,30.2,31.2,29.1,반등,1.0,29.8,22.7,30.2,29.7,30.7,28.6,반등,1.0,34.4,28.4,36.4,40.5,2025
경기,41,광주시,41610,중,광주중학교,공립,광주중학교,UzA5MDAwMTI3Mg==,25.6,16.5,27.9,28.1,29.7,25.6,연속↑,1.6,25.6,16.1,27.7,28.4,29.5,25.4,연속↑,1.1,33.0,36.9,41.1,44.8,2025
경기,41,광주시,41610,중,신현중학교,공립,경기도 광주시 오포읍,UzA5MDAwNTg3Ng==,26.5,24.2,28.8,30.6,27.6,27.5,하락,3.0,26.5,23.6,28.6,30.2,27.3,27.2,하락,2.9,28.8,29.4,35.6,40.8,2024
경기,41,광주시,41610,중,매양중학교,공립,경기도 광주시 오포읍,UzA5MDAwNzI1Mw==,30.5,25.0,27.4,22.0,23.0,25.6,반등,1.0,30.6,24.3,27.6,21.5,23.2,25.4,반등,1.6,29.9,27.9,31.3,44.3,2021
경기,41,광주시,41610,중,광일중학교,공립,경기도 광주시 도척면,UzA5MDAwMTI3MA==,34.5,27.5,26.6,30.0,20.6,27.8,하락,9.4,34.3,26.8,27.2,30.4,21.2,28.0,하락,9.2,20.5,43.6,35.9,55.0,2021
경기,41,광주시,41610,고,태전고등학교,공립,경기도 광주시 태전동,UzA5MDAwNjkyMA==,11.2,11.3,12.6,13.5,32.5,16.2,연속↑,19.0,10.1,10.6,11.9,12.3,32.5,15.5,연속↑,20.2,37.5,48.6,48.9,15.6,2025
경기,41,광주시,41610,고,광주고등학교,공립,광주고등학교,UzA5MDAwMDQ5MA==,8.6,11.5,8.2,12.1,20.6,12.2,연속↑,8.5,8.3,11.1,7.8,12.1,20.3,11.9,연속↑,8.2,26.0,20.8,20.9,10.9,2025
경기,41,광주시,41610,고,경화여자고등학교,사립,경기도 광주시 송정동,UzA5MDAwMDQ2MA==,13.1,24.0,18.9,27.6,21.4,21.0,하락,6.2,14.1,23.5,18.6,26.3,19.8,20.5,하락,6.5,39.5,14.4,24.0,27.0,2024
경기,41,광주시,41610,고,초월고등학교,공립,경기도 광주시 초월읍,UzA5MDAwNTkwOA==,11.3,11.7,10.9,9.9,18.4,12.4,반등,8.5,11.2,12.0,10.4,9.4,18.0,12.2,반등,8.6,16.3,16.5,30.3,18.6,2025
경기,41,광주시,41610,고,광주중앙고등학교,공립,광주중앙고등학교,UzA5MDAwMDQ5Mw==,6.8,9.4,12.1,7.9,15.2,10.3,반등,7.3,6.7,9.0,12.5,7.7,15.8,10.3,반등,8.1,25.2,30.9,14.9,19.6,2025
경기,41,광주시,41610,고,곤지암고등학교,공립,경기도 광주시 곤지암읍,UzA5MDAwMDQ5Mg==,9.5,8.1,13.5,9.5,13.6,10.8,반등,4.1,9.0,7.7,13.7,9.2,13.1,10.5,반등,3.9,25.0,18.5,23.6,60.9,2023
경기,41,광주시,41610,고,경화여자English Business고등학교,사립,경기 광주시 송정동,UzA5MDAwNTgyMA==,23.3,18.9,17.2,14.4,13.6,17.5,연속↓,0.8,22.2,17.8,16.3,13.4,13.0,16.6,연속↓,0.4,19.7,9.4,19.7,23.9,2021
경기,41,광주시,41610,고,광남고등학교,공립,경기도 광주시 장지동,UzA5MDAwNTY3NQ==,7.0,8.9,9.9,13.4,13.5,10.5,연속↑,0.2,6.8,9.2,9.4,13.4,12.9,10.3,하락,0.5,9.4,10.9,25.8,28.6,2024
경기,41,의왕시,41430,중,고천중학교,공립,경기도 의왕시 오전동,UzA5MDAwMTM2Ng==,29.3,29.3,40.4,43.2,41.7,36.8,하락,1.5,28.3,29.2,39.2,43.1,42.2,36.4,하락,0.9,36.8,54.4,61.3,33.3,2024
경기,41,의왕시,41430,중,갈뫼중학교,공립,경기도 의왕시 내손동,UzA5MDAwMTM2NQ==,41.9,28.5,41.6,42.8,40.7,39.1,하락,2.1,41.8,27.6,41.0,42.0,40.2,38.5,하락,1.8,57.5,47.5,43.0,30.4,2024
경기,41,의왕시,41430,중,덕장중학교,공립,경기도 의왕시 청계동,UzA5MDAwNjQyMw==,40.5,21.6,38.6,36.5,36.2,34.7,연속↓,0.3,40.9,21.5,38.8,35.9,35.7,34.5,연속↓,0.2,46.0,43.7,42.5,37.9,2021
경기,41,의왕시,41430,중,의왕부곡중학교,공립,경기도 의왕시 월암동,UzA5MDAwMTM3Nw==,30.7,26.3,34.7,32.3,34.5,31.7,반등,2.2,31.3,26.0,34.8,33.0,34.1,31.8,반등,1.2,62.2,47.9,25.6,39.9,2023
경기,41,의왕시,41430,중,백운중학교,공립,경기도 의왕시 포일동,UzA5MDAwMTM3Mg==,26.1,24.6,33.4,30.6,32.5,29.4,반등,1.8,25.8,23.4,32.8,30.3,32.7,29.0,반등,2.4,29.3,36.4,39.1,34.5,2023
경기,41,의왕시,41430,중,모락중학교,공립,경기도 의왕시 오전동,UzA5MDAwNTYxNg==,30.3,26.8,36.3,34.9,29.5,31.6,연속↓,5.4,30.7,26.7,36.7,35.2,28.9,31.6,연속↓,6.3,31.4,34.3,36.0,33.7,2023
경기,41,의왕시,41430,중,의왕중학교,공립,경기 의왕시 오전동,UzA5MDAwMTM3OA==,34.4,22.1,29.7,34.8,23.6,28.9,하락,11.2,34.9,21.0,30.6,35.3,23.6,29.1,하락,11.7,40.0,43.2,30.0,50.0,2024
경기,41,의왕시,41430,중,내손중학교,공립,경기도 의왕시 내손순환로,UzA5MDAwNzg3NQ==,,,,,22.9,22.9,-,,,,,,21.3,21.3,-,,43.8,15.6,48.1,55.9,2025
경기,41,의왕시,41430,고,경기외국어고등학교,사립,경기외국어고등학교,UzA5MDAwNTA0MA==,43.4,29.3,35.2,24.7,40.9,34.7,반등,16.2,40.8,28.9,31.8,23.6,39.6,33.0,반등,16.0,73.5,46.9,62.3,3.8,2021
경기,41,의왕시,41430,고,모락고등학교,공립,경기도 의왕시 모락로,UzA5MDAwNTgxNQ==,13.6,11.1,15.9,31.3,23.2,19.0,하락,8.1,13.3,10.8,15.4,30.6,22.9,18.6,하락,7.6,20.6,21.9,32.8,15.3,2024
경기,41,의왕시,41430,고,백운고등학교,공립,경기도 의왕시 내손순환로,UzA5MDAwMDU2OQ==,9.0,9.9,11.7,18.7,21.6,14.2,연속↑,3.0,8.6,9.6,11.7,17.7,22.8,14.1,연속↑,5.2,28.5,40.9,13.8,2.8,2025
경기,41,의왕시,41430,고,내손고등학교,공립,경기도 의왕시 내손동,UzA5MDAwODAyNg==,,,,,22.0,22.0,-,,,,,,22.1,22.1,-,,18.2,31.6,31.8,15.8,2025
경기,41,의왕시,41430,고,의왕고등학교,공립,경기도 의왕시 삼동,UzA5MDAwNTY3MQ==,23.1,18.1,16.2,20.8,18.3,19.3,하락,2.5,22.9,17.8,16.3,20.0,19.2,19.2,하락,0.8,14.7,27.2,17.9,11.8,2021
경기,41,의왕시,41430,고,우성고등학교,사립,경기도 의왕시 오전로,UzA5MDAwMDc0Ng==,13.2,12.9,12.2,10.9,11.0,12.0,반등,0.1,14.8,13.9,12.7,12.0,11.0,12.9,연속↓,1.0,9.0,13.5,18.0,32.6,2021
경기,41,군포시,41410,중,궁내중학교,공립,경기도 군포시 산본동,UzA5MDAwMTM2OQ==,43.3,31.4,41.2,41.4,44.1,40.3,연속↑,2.6,42.5,31.5,41.2,41.0,44.0,40.1,반등,3.0,47.7,51.0,51.3,16.3,2025
경기,41,군포시,41410,중,당정중학교,공립,경기도 군포시 당정동,UzA5MDAwNTMyMw==,43.3,27.3,34.4,35.4,39.0,35.9,연속↑,3.6,43.7,26.8,34.5,35.5,38.8,35.9,연속↑,3.4,50.0,51.7,49.1,38.9,2021
경기,41,군포시,41410,중,당동중학교,공립,경기도 군포시 당동,UzA5MDAwNTAwMg==,29.4,26.5,34.6,34.5,38.7,32.7,반등,4.3,28.7,26.7,35.6,34.6,38.8,32.9,반등,4.2,47.9,57.4,48.3,30.3,2025
경기,41,군포시,41410,중,용호중학교,공립,경기도 군포시 당동,UzA5MDAwMTM3Ng==,34.3,23.1,31.5,28.8,36.6,30.9,반등,7.8,34.0,23.1,31.3,28.7,36.2,30.7,반등,7.4,45.9,42.4,48.8,33.7,2025
경기,41,군포시,41410,중,산본중학교,공립,경기도 군포시 산본동,UzA5MDAwMTM3NA==,38.2,30.9,43.2,36.2,37.6,37.2,반등,1.4,37.0,30.2,43.0,35.6,36.0,36.4,반등,0.4,55.8,39.4,56.8,27.3,2023
경기,41,군포시,41410,중,도장중학교,공립,경기도 군포시 산본동,UzA5MDAwMTM3MQ==,34.6,28.3,33.2,35.1,34.3,33.1,하락,0.9,34.3,28.2,33.6,35.4,35.0,33.3,하락,0.4,43.9,43.6,33.7,27.7,2024
경기,41,군포시,41410,중,부곡중앙중학교,공립,경기도 군포시 부곡동,UzA5MDAwNjQzMA==,30.5,26.1,30.8,34.6,33.2,31.0,하락,1.4,31.0,25.3,30.4,34.7,32.4,30.8,하락,2.2,40.6,34.9,47.7,40.2,2024
경기,41,군포시,41410,중,흥진중학교,공립,경기도 군포시 금정동,UzA5MDAwMTM3OQ==,26.8,25.6,31.0,32.0,32.2,29.5,연속↑,0.2,27.1,25.5,30.9,31.5,31.8,29.4,연속↑,0.2,34.8,31.1,45.5,34.6,2025
경기,41,군포시,41410,중,수리중학교,공립,경기도 군포시 산본동,UzA5MDAwMTM3NQ==,35.3,26.5,37.9,30.2,31.1,32.2,반등,1.0,34.7,25.9,37.3,30.4,30.9,31.8,반등,0.5,40.2,45.8,37.4,35.9,2023
경기,41,군포시,41410,중,곡란중학교,공립,경기도 군포시 곡란로,UzA5MDAwMTM2Nw==,27.9,26.3,32.0,26.9,25.9,27.8,연속↓,0.9,27.4,25.8,32.0,26.1,25.2,27.3,연속↓,0.9,40.0,33.3,33.8,49.4,2023
경기,41,군포시,41410,중,금정중학교,공립,경기도 군포시 금정동,UzA5MDAwMTM3MA==,37.2,23.8,26.9,19.8,21.6,25.9,반등,1.8,37.8,23.1,26.6,19.4,21.7,25.7,반등,2.3,28.7,27.3,28.7,47.4,2021
경기,41,군포시,41410,중,군포중학교,공립,경기도 군포시 당동,UzA5MDAwMTM2OA==,24.9,17.9,19.3,17.3,16.5,19.2,연속↓,0.8,24.2,17.2,18.7,16.7,15.3,18.4,연속↓,1.4,36.7,15.6,25.5,64.6,2021
경기,41,군포시,41410,고,산본고등학교,공립,경기도 군포시 산본동,UzA5MDAwMDU5Nw==,11.3,9.5,14.6,37.0,34.7,21.4,하락,2.3,10.6,9.5,14.2,38.4,33.6,21.3,하락,4.9,64.0,37.5,36.7,14.1,2024
경기,41,군포시,41410,고,군포중앙고등학교,공립,경기도 군포시 부곡동,UzA5MDAwNjUyMQ==,20.7,22.3,27.7,27.8,30.2,25.7,연속↑,2.4,20.7,22.6,28.0,29.7,30.4,26.3,연속↑,0.7,27.6,44.8,42.5,24.9,2025
경기,41,군포시,41410,고,흥진고등학교,공립,경기도 군포시 오금로,UzA5MDAwMDg3NA==,15.2,17.8,26.6,35.9,29.3,24.9,하락,6.6,15.3,18.8,25.9,35.4,29.2,24.9,하락,6.3,35.6,30.8,32.9,5.4,2024
경기,41,군포시,41410,고,용호고등학교,공립,경기도 군포시 당동,UzA5MDAwMDc0NQ==,21.3,21.0,15.5,21.7,26.8,21.2,연속↑,5.2,21.8,21.8,16.1,21.9,26.1,21.5,연속↑,4.2,32.8,24.9,40.8,9.2,2025
경기,41,군포시,41410,고,수리고등학교,공립,경기도 군포시 산본동,UzA5MDAwMDY0MA==,15.6,15.3,28.7,20.9,19.9,20.1,연속↓,1.0,17.1,15.6,27.3,19.7,20.1,20.0,반등,0.4,21.3,29.2,25.1,7.4,2023
경기,41,군포시,41410,고,군포고등학교,사립,경기도 군포시 금정동,UzA5MDAwMDUwMg==,29.7,22.1,31.2,29.1,17.8,26.0,연속↓,11.3,30.1,22.4,31.7,28.2,16.8,25.8,연속↓,11.4,14.2,12.1,54.8,12.6,2023
경기,41,군포시,41410,고,군포e비즈니스고등학교,공립,경기도 군포시 산본동,UzA5MDAwMDUwNA==,14.0,7.0,8.4,16.9,17.5,12.8,연속↑,0.7,14.1,6.9,8.3,16.3,16.7,12.5,연속↑,0.3,20.1,14.4,24.5,46.2,2025
경기,41,군포시,41410,고,경기폴리텍고등학교,공립,경기폴리텍고등학교,UzA5MDAwMDU5OA==,7.8,10.7,8.3,4.6,5.6,7.4,반등,1.1,7.9,10.3,7.7,4.1,5.6,7.1,반등,1.4,7.3,7.3,11.0,77.8,2022
경기,41,화성시,41590,중,화성반월중학교,공립,경기도 화성시 반월동,UzA5MDAwNjY1Mg==,33.3,31.6,51.0,46.5,45.3,41.5,연속↓,1.2,32.4,30.6,50.3,45.8,45.1,40.9,연속↓,0.7,47.8,55.9,57.1,24.8,2023
경기,41,화성시,41590,중,정남중학교,공립,경기 화성시 정남면,UzA5MDAwNDI3OA==,34.9,25.9,46.8,38.3,44.2,38.0,반등,5.9,34.9,27.0,46.9,39.2,45.0,38.6,반등,5.8,54.2,60.9,47.9,30.4,2023
경기,41,화성시,41590,중,진안중학교,공립,경기도 화성시 진안동,UzA5MDAwNDI3OQ==,24.3,30.2,41.5,44.3,40.2,36.1,하락,4.1,23.9,29.5,41.8,44.7,40.6,36.1,하락,4.1,42.2,50.8,57.8,26.8,2024
경기,41,화성시,41590,중,병점중학교,공립,경기도 화성시 병점동,UzA5MDAwNTE2NA==,38.9,29.5,36.0,35.8,38.0,35.6,반등,2.2,38.8,29.1,36.4,35.9,38.5,35.7,반등,2.6,39.3,54.1,49.0,31.0,2021
경기,41,화성시,41590,중,동학중학교,공립,경기도 화성시 반월동,UzA5MDAwNDI2MA==,34.8,26.5,38.0,40.7,37.3,35.5,하락,3.5,35.3,26.4,37.6,40.4,37.3,35.4,하락,3.1,41.7,41.1,52.3,24.6,2024
경기,41,화성시,41590,중,신백중학교,공립,경기도 화성시 남양읍,UzA5MDAwNzMzMA==,26.7,21.8,40.2,35.9,32.9,31.5,연속↓,3.0,25.7,22.0,39.7,35.8,31.9,31.0,연속↓,3.8,38.9,33.2,45.8,31.9,2023
경기,41,화성시,41590,중,송린중학교,공립,경기도 화성시 수노을2로,UzA5MDAwNzE4OQ==,28.8,25.0,31.7,31.3,30.7,29.5,연속↓,0.5,28.8,25.0,31.9,31.4,31.2,29.7,연속↓,0.3,28.8,50.6,38.7,34.4,2023
경기,41,화성시,41590,중,안화중학교,공립,경기도 화성시 병점동,UzA5MDAwNTAyMA==,25.5,28.1,35.6,30.6,29.8,29.9,연속↓,0.8,26.1,27.2,35.4,30.0,29.3,29.6,연속↓,0.8,40.0,35.3,40.0,40.4,2023
경기,41,화성시,41590,중,화도중학교,사립,경기도 화성시 마도면,UzA5MDAwNDI4MA==,30.7,20.9,20.8,20.2,30.2,24.6,반등,10.1,30.8,20.6,21.6,19.7,29.2,24.4,반등,9.5,42.9,33.9,41.1,16.1,2021
경기,41,화성시,41590,중,남양중학교,공립,경기도 화성시 남양동,UzA5MDAwNDI1OQ==,30.3,19.1,44.1,35.0,28.1,31.3,연속↓,6.8,29.8,18.2,43.9,34.6,28.3,30.9,연속↓,6.3,45.4,32.4,28.7,44.6,2023
경기,41,화성시,41590,중,송산중학교,사립,경기도 화성시 송산면,UzA5MDAwNDI3MA==,19.4,17.5,32.3,32.1,26.5,25.6,연속↓,5.6,19.3,17.0,32.5,32.1,27.5,25.7,연속↓,4.6,25.3,39.7,39.7,53.8,2023
경기,41,화성시,41590,중,양감중학교,공립,경기도 화성시 양감면,UzA5MDAwNDI3Mg==,20.4,24.1,33.3,35.0,26.2,27.8,하락,8.8,19.2,22.9,31.8,32.8,25.8,26.5,하락,7.0,42.9,28.6,35.7,28.6,2024
경기,41,화성시,41590,중,서신중학교,사립,경기도 화성시 서신면,UzA5MDAwNDI2OA==,23.4,16.9,24.9,25.9,21.0,22.4,하락,4.9,23.5,16.6,24.1,25.7,21.2,22.2,하락,4.5,25.0,37.5,25.0,61.9,2024
경기,41,화성시,41590,중,장안여자중학교,사립,경기도 화성시 장안면,UzA5MDAwNDI3Nw==,15.7,25.1,30.6,27.5,20.5,23.9,연속↓,7.1,15.1,24.3,29.3,26.2,20.0,23.0,연속↓,6.2,30.0,22.5,20.4,47.8,2023
경기,41,화성시,41590,고,병점고등학교,공립,경기도 화성시 병점동,UzA5MDAwNDkyMA==,5.6,5.8,15.9,10.0,23.7,12.2,반등,13.7,5.6,5.8,14.2,9.8,24.7,12.0,반등,15.0,27.5,33.8,21.4,3.5,2025
경기,41,화성시,41590,고,새솔고등학교,공립,경기도 화성시 큰나래3길,UzA5MDAwNzMxNQ==,16.5,22.3,16.2,12.4,22.1,17.9,반등,9.8,15.7,24.8,15.9,11.7,21.5,17.9,반등,9.8,27.2,24.9,22.4,28.4,2022
경기,41,화성시,41590,고,화성반월고등학교,공립,경기도 화성시 반월동,UzA5MDAwNjcwMA==,5.0,7.2,7.8,12.0,17.2,9.8,연속↑,5.2,4.5,6.7,7.0,11.8,17.2,9.4,연속↑,5.4,16.8,18.3,19.3,21.6,2025
경기,41,화성시,41590,고,송산고등학교,사립,경기도 화성시 송산면,UzA5MDAwMDYzNA==,8.6,14.0,12.7,13.4,15.2,12.8,연속↑,1.8,8.0,12.5,12.0,12.3,14.4,11.8,연속↑,2.1,18.3,10.9,26.6,47.7,2025
경기,41,화성시,41590,고,남양고등학교,공립,경기도 화성시 남양동,UzA5MDAwMDUxOA==,11.2,10.5,11.5,8.5,12.4,10.8,반등,3.9,11.4,10.2,11.1,8.3,11.5,10.5,반등,3.2,17.7,13.2,32.7,32.1,2025
경기,41,화성시,41590,고,안화고등학교,공립,경기도 화성시 병점동,UzA5MDAwNTQ2MA==,15.4,9.1,13.0,10.3,10.2,11.6,연속↓,0.1,16.3,9.7,12.9,10.4,10.4,12.0,→보합,0.1,9.5,19.8,13.8,10.9,2021
경기,41,의정부시,41150,중,동암중학교,공립,경기도 의정부시 장암동,UzA5MDAwNTEzMg==,33.5,32.8,47.4,43.0,43.0,39.9,→보합,,33.4,32.3,46.7,42.9,41.3,39.3,연속↓,1.6,55.9,42.0,51.8,30.5,2023
경기,41,의정부시,41150,중,민락중학교,공립,경기도 의정부시 민락동,UzA5MDAwMzY0Mg==,27.6,26.0,31.6,36.6,39.5,32.3,연속↑,2.9,28.0,25.5,31.8,36.1,39.1,32.1,연속↑,3.1,50.2,38.4,45.6,32.8,2025
경기,41,의정부시,41150,중,효자중학교,공립,경기도 의정부시 신곡동,UzA5MDAwMzY1NQ==,26.0,25.5,32.0,34.2,37.6,31.1,연속↑,3.4,26.1,25.0,31.5,33.9,37.0,30.7,연속↑,3.1,46.2,38.9,46.6,38.3,2025
경기,41,의정부시,41150,중,호원중학교,공립,경기도 의정부시 호원동,UzA5MDAwMzY1Mw==,38.8,30.3,36.8,34.8,36.4,35.4,반등,1.6,39.6,30.3,38.1,35.5,36.9,36.1,반등,1.4,31.9,52.0,47.5,33.2,2021
경기,41,의정부시,41150,중,훈민중학교,공립,경기도 의정부시 고산동,UzA5MDAwNzkxMw==,,,29.6,27.7,35.3,30.8,반등,7.6,,,30.4,28.7,35.8,31.6,반등,7.1,40.2,47.2,36.7,35.0,2025
경기,41,의정부시,41150,중,회룡중학교,공립,경기도 의정부시 호원동,UzA5MDAwMzY1NA==,31.8,27.0,32.5,40.2,36.0,33.5,하락,4.2,32.5,27.0,33.2,39.8,35.3,33.6,하락,4.5,44.2,40.9,48.2,40.7,2024
경기,41,의정부시,41150,중,녹양중학교,공립,경기 의정부시 녹양동,UzA5MDAwNTQ4OQ==,26.0,23.0,24.7,27.2,36.2,27.4,연속↑,9.0,25.3,22.5,24.7,27.7,35.1,27.1,연속↑,7.5,46.3,36.6,45.9,38.1,2025
경기,41,의정부시,41150,중,발곡중학교,공립,경기도 의정부시 신곡동,UzA5MDAwMzY0Mw==,30.1,23.1,36.3,36.1,34.3,32.0,연속↓,1.8,30.5,23.4,35.4,35.7,34.0,31.8,하락,1.7,42.7,45.5,45.0,41.2,2024
경기,41,의정부시,41150,중,송양중학교,공립,경기도 의정부시 낙양동,UzA5MDAwNjU2MA==,27.1,21.8,27.0,34.1,34.3,28.9,연속↑,0.2,26.7,21.6,26.1,32.9,33.8,28.2,연속↑,0.9,52.6,43.3,47.0,38.1,2025
경기,41,의정부시,41150,중,부용중학교,공립,경기도 의정부시 민락동,UzA5MDAwMzY0NQ==,31.9,28.1,34.0,33.5,33.7,32.2,반등,0.2,31.5,27.0,33.6,33.1,33.1,31.7,→보합,,48.5,33.3,45.0,40.9,2023
경기,41,의정부시,41150,중,금오중학교,공립,경기도 의정부시 금오동,UzA5MDAwMzY0MQ==,24.3,24.0,36.1,34.4,33.8,30.5,연속↓,0.7,22.9,23.1,34.9,33.7,33.0,29.5,연속↓,0.7,39.6,47.4,46.9,53.1,2023
경기,41,의정부시,41150,중,천보중학교,공립,경기도 의정부시 금오동,UzA5MDAwMzY1MQ==,40.4,27.4,41.9,38.6,33.6,36.4,연속↓,5.1,39.7,26.7,41.8,38.8,32.6,35.9,연속↓,6.1,44.8,39.3,40.2,41.9,2023
경기,41,의정부시,41150,중,신곡중학교,공립,경기도 의정부시 신곡2동,UzA5MDAwMzY0Ng==,26.5,22.0,35.2,33.5,32.3,29.9,연속↓,1.2,27.0,22.1,34.8,33.3,32.0,29.8,연속↓,1.3,37.8,38.5,36.4,42.5,2023
경기,41,의정부시,41150,중,경민여자중학교,사립,경기도 의정부시 가능3동,UzA5MDAwMzYzOQ==,43.6,24.8,40.0,39.8,31.6,36.0,연속↓,8.1,41.8,24.4,39.5,39.0,31.6,35.2,연속↓,7.4,31.1,36.4,44.4,47.6,2021
경기,41,의정부시,41150,중,충의중학교,공립,경기도 의정부시 민락동,UzA5MDAwMzY1Mg==,25.3,21.6,24.4,27.1,29.6,25.6,연속↑,2.5,26.3,22.4,23.9,27.4,30.0,26.0,연속↑,2.6,39.2,45.0,40.2,35.7,2025
경기,41,의정부시,41150,중,솔뫼중학교,공립,경기도 의정부시 용현동,UzA5MDAwNTQ5MA==,24.3,19.1,29.7,27.0,28.6,25.7,반등,1.6,24.2,18.8,29.3,27.4,29.2,25.8,반등,1.7,25.2,40.8,36.4,48.6,2023
경기,41,의정부시,41150,중,의정부중학교,공립,경기도 의정부시 가능동,UzA5MDAwMzY1MA==,24.3,21.1,32.5,29.1,26.3,26.6,연속↓,2.9,25.3,20.4,32.1,28.6,26.4,26.6,연속↓,2.2,29.6,35.2,44.1,49.3,2023
경기,41,의정부시,41150,중,경민중학교,사립,경기도 의정부시 가능동,UzA5MDAwMzY0MA==,19.4,13.4,20.9,22.8,24.4,20.2,연속↑,1.6,19.8,13.8,20.5,23.2,24.1,20.3,연속↑,0.9,33.1,24.0,28.0,53.6,2025
경기,41,의정부시,41150,중,의정부여자중학교,공립,경기도 의정부시 가능동,UzA5MDAwMzY0OQ==,30.2,21.6,33.1,29.3,22.6,27.3,연속↓,6.7,29.4,20.9,31.9,29.3,22.4,26.8,연속↓,6.9,37.8,28.8,23.4,53.2,2023
경기,41,의정부시,41150,중,다온중학교,공립,경기도 의정부시 가능동,UzA5MDAwMzY0OA==,25.6,16.4,22.3,22.8,18.9,21.2,하락,3.9,25.8,16.3,22.9,23.0,18.6,21.3,하락,4.4,14.9,22.7,34.5,54.2,2021
경기,41,의정부시,41150,고,경기북과학고등학교,공립,경기북과학고등학교,UzA5MDAwNTE2Nw==,56.3,73.2,69.6,76.0,56.4,66.3,하락,19.7,55.1,70.5,68.2,75.4,61.9,66.2,하락,13.5,60.6,100.0,43.4,,2024
경기,41,의정부시,41150,고,상우고등학교,사립,경기도 의정부시 의정부2동,UzA5MDAwNDkyMw==,13.4,13.1,12.7,16.7,38.4,18.9,연속↑,21.7,12.6,12.2,11.7,15.4,38.3,18.0,연속↑,22.9,39.5,52.2,44.5,6.8,2025
경기,41,의정부시,41150,고,의정부여자고등학교,공립,경기도 의정부시 가능1동,UzA5MDAwMDc1OA==,12.1,10.9,9.0,18.2,30.8,16.2,연속↑,12.6,11.4,10.5,8.9,18.7,31.3,16.2,연속↑,12.6,28.7,42.6,39.7,10.7,2025
경기,41,의정부시,41150,고,경민비즈니스고등학교,사립,경기도 의정부시 가능3동,UzA5MDAwMDQ1Mw==,17.3,17.2,14.0,7.8,30.0,17.2,반등,22.1,16.6,15.6,13.9,7.7,29.9,16.7,반등,22.2,55.4,33.1,30.3,6.9,2025
경기,41,의정부시,41150,고,경민IT고등학교,사립,경기도 의정부시 가능3동,UzA5MDAwMDQ1NQ==,15.0,14.3,15.7,18.0,28.3,18.3,연속↑,10.3,13.9,13.3,15.9,17.2,29.6,18.0,연속↑,12.4,41.0,45.7,15.2,0.6,2025
경기,41,의정부시,41150,고,경민고등학교,사립,경기도 의정부시 가능3동,UzA5MDAwMDQ1MQ==,20.6,13.5,13.6,21.4,27.6,19.3,연속↑,6.2,20.6,13.6,13.2,22.5,28.0,19.6,연속↑,5.5,29.5,36.5,30.4,16.2,2025
경기,41,의정부시,41150,고,송양고등학교,공립,경기도 의정부시 낙양동,UzA5MDAwNjUxOQ==,21.9,11.6,12.8,13.2,21.8,16.2,연속↑,8.7,22.2,10.9,12.1,12.4,22.3,16.0,연속↑,9.9,19.6,25.8,21.3,27.2,2025
경기,41,의정부시,41150,고,의정부광동고등학교,사립,경기도 의정부시 서부로,UzA5MDAwMDQ4MA==,19.8,16.3,11.4,11.4,22.9,16.4,상승,11.5,19.3,15.1,11.5,10.8,22.0,15.7,반등,11.2,32.7,18.4,31.5,42.2,2025
경기,41,의정부시,41150,고,송현고등학교,공립,경기도 의정부시 민락동,UzA5MDAwMDYzOA==,12.5,10.8,9.9,14.3,21.2,13.7,연속↑,6.9,11.5,9.9,10.0,13.9,20.7,13.2,연속↑,6.8,31.1,20.1,16.7,35.8,2025
경기,41,의정부시,41150,고,부용고등학교,공립,경기도 의정부시 민락동,UzA5MDAwNDgzMQ==,10.2,11.0,12.3,11.6,19.3,12.9,반등,7.7,9.6,11.1,12.7,11.6,18.6,12.7,반등,7.0,21.8,24.5,24.6,28.0,2025
경기,41,의정부시,41150,고,의정부고등학교,공립,경기도 의정부시 가능1동,UzA5MDAwMDc1Ng==,10.5,7.7,12.0,17.5,18.6,13.2,연속↑,1.1,10.5,7.5,11.4,17.5,18.5,13.1,연속↑,1.0,18.3,23.4,24.6,8.5,2025
경기,41,의정부시,41150,고,호원고등학교,공립,경기도 의정부시 호원동,UzA5MDAwMDg2NQ==,13.0,16.0,8.6,13.3,18.0,13.8,연속↑,4.7,13.3,15.7,8.6,13.6,17.8,13.8,연속↑,4.2,12.2,21.6,27.6,20.3,2025
경기,41,의정부시,41150,고,발곡고등학교,공립,경기도 의정부시 신곡동,UzA5MDAwNTY2Nw==,14.3,6.5,14.6,15.7,17.4,13.7,연속↑,1.7,13.9,6.4,13.7,15.2,17.3,13.3,연속↑,2.2,22.2,18.1,20.6,13.6,2025
경기,41,의정부시,41150,고,동국대학교사범대학부속영석고등학교,사립,경기도 의정부시 용현동,UzA5MDAwMDczMw==,11.1,8.7,14.2,14.0,13.1,12.2,연속↓,0.9,10.6,8.3,13.8,13.7,11.8,11.6,연속↓,1.9,24.4,4.0,19.4,31.4,2023
경기,41,의정부시,41150,고,효자고등학교,공립,경기도 의정부시 신곡동,UzA5MDAwNTQxNw==,8.8,8.8,8.7,12.8,18.0,11.4,연속↑,5.2,8.6,8.5,8.7,12.5,8.9,9.4,하락,3.6,15.7,16.9,21.3,16.4,2024
경기,41,의정부시,41150,고,의정부공업고등학교,공립,경기도 의정부시 가능동,UzA5MDAwMDc1Nw==,5.4,6.7,4.1,5.9,4.7,5.4,하락,1.3,5.5,7.0,4.2,5.9,4.5,5.4,하락,1.4,6.5,5.4,5.1,65.5,2022
경기,41,중원구,41133,중,영성중학교,공립,경기도 성남시 중원구,UzA5MDAwMjE5OA==,38.9,29.3,34.3,29.1,35.8,33.5,반등,6.7,38.7,28.8,34.1,29.6,36.8,33.6,반등,7.2,35.7,52.2,44.7,32.9,2021
경기,41,중원구,41133,중,성남중학교,공립,경기도 성남시 중원구,UzA5MDAwMjE4OQ==,35.1,24.1,41.5,40.0,35.6,35.2,연속↓,4.4,35.4,24.0,41.1,38.6,35.2,34.9,연속↓,3.4,44.2,40.4,43.4,39.7,2023
경기,41,중원구,41133,중,숭신여자중학교,사립,경기도 성남시 중원구,UzA5MDAwMjE5NA==,29.0,28.9,35.9,36.2,33.1,32.6,하락,3.0,28.7,27.7,35.1,34.8,33.3,31.9,연속↓,1.5,38.7,45.9,42.6,33.9,2023
경기,41,중원구,41133,중,은행중학교,공립,경기도 성남시 중원구,UzA5MDAwMjE5OQ==,32.8,23.3,27.8,27.3,32.7,28.8,반등,5.5,33.3,23.4,29.0,27.2,32.8,29.1,반등,5.6,41.2,36.6,37.7,38.9,2021
경기,41,중원구,41133,중,성남동중학교,공립,경기도 성남시 중원구,UzA5MDAwMjE4NQ==,35.9,25.6,37.1,32.6,31.9,32.6,연속↓,0.7,34.1,25.0,36.4,31.9,31.6,31.8,연속↓,0.3,37.7,35.7,42.7,34.7,2023
경기,41,중원구,41133,중,성일중학교,사립,경기도 성남시 중원구,UzA5MDAwMjE5MQ==,22.7,18.2,23.2,24.2,29.6,23.6,연속↑,5.3,23.4,18.3,24.2,24.7,30.5,24.2,연속↑,5.8,29.1,44.4,41.6,29.0,2025
경기,41,중원구,41133,중,동광중학교,사립,경기도 성남시 중원구,UzA5MDAwMjE5MA==,21.1,18.0,21.3,22.8,30.2,22.7,연속↑,7.4,20.1,17.9,20.8,21.4,28.7,21.8,연속↑,7.3,47.7,23.1,38.0,56.9,2025
경기,41,중원구,41133,중,도촌중학교,공립,경기도 성남시 중원구,UzA5MDAwNTYyMA==,29.7,22.5,30.4,33.0,28.8,28.9,하락,4.2,29.6,22.1,30.2,32.4,28.1,28.5,하락,4.3,31.3,34.0,39.8,36.8,2024
경기,41,중원구,41133,중,금광중학교,공립,경기도 성남시 중원구,UzA5MDAwMjE3NA==,23.8,21.0,29.7,29.5,28.1,26.4,연속↓,1.4,24.8,20.7,30.0,29.9,28.0,26.7,연속↓,1.9,38.3,29.9,33.9,35.4,2023
경기,41,중원구,41133,중,대원중학교,공립,경기도 성남시 중원구,UzA5MDAwMjE3Nw==,20.0,17.6,22.3,24.7,27.8,22.5,연속↑,3.1,19.6,16.5,22.2,23.4,26.5,21.7,연속↑,3.1,36.7,26.7,40.9,61.9,2025
경기,41,중원구,41133,고,동광고등학교,사립,경기도 성남시 중원구,UzA5MDAwMDYyMg==,12.1,23.1,22.3,27.1,39.6,24.9,연속↑,12.5,11.6,22.1,22.3,26.4,37.7,24.0,연속↑,11.4,46.4,30.2,55.6,7.4,2025
경기,41,중원구,41133,고,성남고등학교,공립,경기도 성남시 중원구,UzA5MDAwMDYxMQ==,9.3,8.2,7.2,16.9,23.5,13.0,연속↑,6.6,9.0,7.9,6.3,16.6,24.3,12.8,연속↑,7.7,33.9,30.5,21.1,13.0,2025
경기,41,중원구,41133,고,숭신여자고등학교,사립,경기도 성남시 중원구,UzA5MDAwMDY1OA==,40.7,48.2,40.3,36.3,24.2,37.9,연속↓,12.0,39.1,48.7,37.6,34.9,24.2,36.9,연속↓,10.7,40.1,32.5,25.3,6.1,2022
경기,41,중원구,41133,고,성일고등학교,사립,경기도 성남시 중원구,UzA5MDAwMDYyMA==,11.3,17.3,17.6,21.0,16.6,16.8,하락,4.5,11.2,17.4,19.6,23.2,16.6,17.6,하락,6.5,14.5,19.3,25.0,11.0,2024
경기,41,중원구,41133,고,성남여자고등학교,공립,경기도 성남시 중원구,UzA5MDAwMDYxMg==,11.8,7.3,10.6,13.4,14.9,11.6,연속↑,1.5,12.3,7.1,9.4,12.7,15.1,11.3,연속↑,2.4,16.2,16.8,23.0,8.9,2025
경기,41,중원구,41133,고,성일정보고등학교,사립,경기도 성남시 중원구,UzA5MDAwMDYyNA==,15.5,18.6,14.6,15.6,11.8,15.2,하락,3.8,15.4,19.2,13.9,15.3,11.2,15.0,하락,4.1,16.3,8.4,14.3,50.2,2022
경기,41,중원구,41133,고,성남테크노과학고등학교,공립,경기도 성남시 중원구,UzA5MDAwMDYxMA==,4.0,5.1,7.9,6.6,9.3,6.6,반등,2.7,4.2,5.0,8.7,6.7,6.5,6.2,연속↓,0.3,,9.1,11.3,56.6,2023
경기,41,동두천시,41250,중,동두천여자중학교,사립,경기도 동두천시 생연1동,UzA5MDAwMTc3NQ==,21.0,24.1,36.4,33.8,36.1,30.3,반등,2.3,21.2,23.9,35.9,33.3,35.4,29.9,반등,2.1,52.6,44.3,39.1,36.5,2023
경기,41,동두천시,41250,중,송내중앙중학교,공립,경기도 동두천시 송내동,UzA5MDAwNTMzNQ==,27.3,23.6,36.9,31.3,34.0,30.6,반등,2.7,27.6,23.5,36.9,30.7,32.8,30.3,반등,2.1,42.2,35.1,45.0,36.4,2023
경기,41,동두천시,41250,중,신흥중학교,사립,경기도 동두천시 안흥동,UzA5MDAwMTc3OQ==,24.3,21.1,28.4,30.8,33.0,27.5,연속↑,2.3,25.2,20.9,28.4,30.0,32.1,27.3,연속↑,2.1,44.1,38.6,44.1,49.1,2025
경기,41,동두천시,41250,중,동두천중학교,사립,경기도 동두천시 생연1동,UzA5MDAwMTc3Nw==,21.5,15.8,20.9,21.0,29.9,21.8,연속↑,8.9,21.8,16.0,20.7,20.9,30.5,22.0,연속↑,9.6,38.5,39.6,33.0,44.6,2025
경기,41,동두천시,41250,중,한빛누리중학교,사립,경기도 동두천시 생연1동,UzA5MDAwMTc3OA==,27.4,21.8,29.2,31.8,30.9,28.2,하락,1.0,26.1,20.8,28.5,31.0,29.5,27.2,하락,1.5,44.7,32.2,52.1,50.8,2024
경기,41,동두천시,41250,중,생연중학교,공립,경기도 동두천시 생연2동,UzA5MDAwNDk0OA==,34.7,21.8,24.8,25.7,26.6,26.7,연속↑,0.9,33.8,21.9,25.9,26.0,27.0,26.9,연속↑,1.0,30.9,33.1,33.1,42.5,2021
경기,41,동두천시,41250,고,동두천외국어고등학교,공립,경기도 동두천시 지행동,UzA5MDAwNTE2OA==,13.5,11.1,14.9,19.7,32.9,18.4,연속↑,13.2,12.9,12.8,15.6,20.7,34.7,19.3,연속↑,14.0,22.4,50.5,51.1,0.5,2025
경기,41,동두천시,41250,고,한빛누리고등학교,사립,경기도 동두천시 생연1동,UzA5MDAwMDU3Mg==,11.7,10.1,8.4,5.1,25.7,12.2,반등,20.6,12.5,9.5,7.6,4.6,26.1,12.1,반등,21.5,20.4,36.6,36.6,3.2,2025
경기,41,동두천시,41250,고,신흥고등학교,사립,경기도 동두천시 안흥동,UzA5MDAwMDY2Nw==,9.5,12.2,10.1,8.2,16.6,11.3,반등,8.5,8.5,12.0,9.6,8.2,16.3,10.9,반등,8.1,20.6,15.7,20.6,17.6,2025
경기,41,동두천시,41250,고,동두천고등학교,사립,경기도 동두천시 생연1동,UzA5MDAwMDUzNg==,10.4,8.0,14.2,11.1,15.2,11.8,반등,4.1,10.0,7.9,14.3,10.8,15.9,11.8,반등,5.1,10.0,20.9,21.7,,2025
경기,41,동두천시,41250,고,동두천중앙고등학교,공립,경기도 동두천시 지행동,UzA5MDAwMDUzOQ==,8.3,11.0,14.8,9.5,11.5,11.0,반등,2.0,7.9,10.0,13.4,8.8,11.1,10.2,반등,2.2,19.5,11.3,16.5,78.0,2023
경기,41,동두천시,41250,고,한국문화영상고등학교,사립,경기도 동두천시 생연동,UzA5MDAwMDUzOA==,6.6,4.2,21.0,5.8,7.2,9.0,반등,1.5,6.4,4.0,19.3,5.4,6.7,8.4,반등,1.3,13.7,4.6,6.9,63.8,2023
경기,41,시흥시,41390,중,시흥은행중학교,공립,경기도 시흥시 은행동,UzA5MDAwMjcwMQ==,30.0,24.4,41.5,41.5,45.9,36.7,상승,4.3,30.3,24.1,42.1,41.8,45.5,36.7,반등,3.7,53.9,50.5,48.5,23.1,2025
경기,41,시흥시,41390,중,배곧해솔중학교,공립,경기도 시흥시 정왕동,UzA5MDAwNzMyNA==,38.4,28.1,34.5,37.1,40.9,35.8,연속↑,3.8,37.4,27.9,33.7,37.1,41.4,35.5,연속↑,4.3,45.5,65.6,52.9,26.1,2025
경기,41,시흥시,41390,중,한국글로벌중학교,사립,경기도 시흥시 금오로,UzA5MDAwMjY5NQ==,20.8,20.8,32.8,34.1,40.0,29.7,연속↑,6.0,21.3,19.8,31.4,32.2,39.9,28.9,연속↑,7.7,55.6,48.1,56.7,45.0,2025
경기,41,시흥시,41390,중,연성중학교,공립,경기도 시흥시 하상동,UzA5MDAwMjcwNw==,34.6,24.7,41.9,37.0,38.7,35.4,반등,1.7,35.4,24.4,41.0,36.4,38.9,35.2,반등,2.5,42.9,47.4,46.8,32.0,2023
경기,41,시흥시,41390,중,배곧라라중학교,공립,경기도 시흥시 서울대학로,UzA5MDAwNzk0MQ==,,,,41.5,36.2,38.9,하락,5.3,,,,42.1,36.6,39.4,하락,5.4,40.7,44.4,44.2,27.8,2024
경기,41,시흥시,41390,중,응곡중학교,공립,경기도 시흥시 장곡동,UzA5MDAwNTYxNA==,34.5,30.8,40.4,34.0,37.3,35.4,반등,3.3,33.8,29.8,39.3,32.6,36.5,34.4,반등,3.9,47.6,40.1,57.0,30.5,2023
경기,41,시흥시,41390,중,월곶중학교,공립,경기도 시흥시 월곶동,UzA5MDAwNTM1Mw==,25.9,26.0,30.3,30.3,34.2,29.3,상승,3.9,25.4,27.3,30.3,30.8,33.7,29.5,연속↑,3.0,40.5,40.9,41.3,36.1,2025
경기,41,시흥시,41390,중,배곧중학교,공립,경기도 시흥시 정왕동,UzA5MDAwNjExOQ==,35.6,24.8,43.4,41.3,33.3,35.7,연속↓,8.0,34.8,23.9,42.2,40.6,32.9,34.9,연속↓,7.6,42.4,36.4,42.9,27.3,2023
경기,41,시흥시,41390,중,함현중학교,공립,경기도 시흥시 정왕동,UzA5MDAwMjcxNA==,25.4,22.6,23.3,24.2,33.1,25.7,연속↑,8.9,25.7,22.3,23.0,24.5,32.3,25.6,연속↑,7.8,42.6,37.4,50.3,38.3,2025
경기,41,시흥시,41390,중,시흥가온중학교,공립,경기도 시흥시 장현동,UzA5MDAwNjE0OA==,31.4,31.4,37.1,34.4,31.6,33.2,연속↓,2.8,31.9,30.8,37.8,35.2,31.7,33.5,연속↓,3.5,32.4,36.2,46.7,28.4,2023
경기,41,시흥시,41390,중,장곡중학교,공립,경기도 시흥시 장곡동,UzA5MDAwMjcxMQ==,32.3,22.9,23.1,29.0,31.5,27.8,연속↑,2.6,32.1,22.1,22.4,28.5,31.5,27.3,연속↑,3.0,31.2,36.8,38.3,48.6,2021
경기,41,시흥시,41390,중,송운중학교,공립,경기도 시흥시 정왕동,UzA5MDAwMjY5OA==,34.7,24.5,33.9,37.0,30.4,32.1,하락,6.6,34.6,23.7,34.2,36.7,30.5,31.9,하락,6.2,41.9,43.5,36.3,48.4,2024
경기,41,시흥시,41390,중,은계중학교,공립,경기도 시흥시 계수동,UzA5MDAwNTYxOQ==,36.5,26.2,32.7,25.7,28.9,30.0,반등,3.2,37.4,25.5,33.1,26.4,29.9,30.5,반등,3.5,29.2,42.9,34.8,28.0,2021
경기,41,시흥시,41390,중,대흥중학교,공립,경기도 시흥시 대야동,UzA5MDAwMjY4Nw==,24.4,25.7,27.2,28.4,29.8,27.1,연속↑,1.4,23.6,24.9,27.0,28.6,29.8,26.8,연속↑,1.2,27.1,35.7,45.7,45.0,2025
경기,41,시흥시,41390,중,조남중학교,공립,경기도 시흥시 목감둘레로,UzA5MDAwNzA2NQ==,29.2,25.1,34.6,32.4,28.8,30.0,연속↓,3.6,28.0,24.9,33.9,32.5,29.5,29.8,연속↓,3.0,33.8,38.1,35.9,23.5,2023
경기,41,시흥시,41390,중,시흥능곡중학교,공립,경기도 시흥시 능곡동,UzA5MDAwNTYxMw==,33.2,27.6,35.2,32.5,30.3,31.7,연속↓,2.2,32.5,27.0,33.8,31.3,29.2,30.8,연속↓,2.1,47.9,42.1,40.2,39.2,2023
경기,41,시흥시,41390,중,정왕중학교,공립,경기도 시흥시 정왕동,UzA5MDAwMjcxMg==,27.6,20.5,21.4,25.2,29.4,24.8,연속↑,4.2,28.8,20.8,22.2,25.7,29.0,25.3,연속↑,3.2,46.3,36.4,33.5,34.2,2025
경기,41,시흥시,41390,중,군자중학교,공립,경기도 시흥시 거모동,UzA5MDAwMjY4NQ==,20.9,19.3,33.0,30.3,31.0,26.9,반등,0.7,20.9,19.2,32.4,29.7,28.8,26.2,연속↓,1.0,45.4,17.4,41.1,53.5,2023
경기,41,시흥시,41390,중,소래중학교,공립,경기도 시흥시 은행동,UzA5MDAwMjY5Nw==,28.2,22.1,26.3,28.9,28.0,26.7,하락,0.9,29.0,22.1,26.5,28.9,28.4,27.0,하락,0.5,33.1,31.9,31.9,44.8,2021
경기,41,시흥시,41390,중,시흥중학교,공립,경기도 시흥시 옥구천동로374번길,UzA5MDAwMjcwMg==,26.7,20.7,34.4,31.9,27.4,28.2,연속↓,4.5,27.6,20.2,35.0,32.2,27.8,28.6,연속↓,4.4,25.6,44.4,35.2,41.1,2023
경기,41,시흥시,41390,중,서해중학교,공립,경기도 시흥시 정왕동,UzA5MDAwMjY5Mg==,24.8,25.8,33.1,30.1,27.8,28.3,연속↓,2.4,24.4,25.8,33.5,29.9,27.0,28.1,연속↓,2.9,61.1,26.9,29.9,50.7,2023
경기,41,시흥시,41390,중,시화나래중학교,공립,경기도 시흥시 거북섬남로,UzA5MDAwNzkyOA==,,,35.2,31.1,27.4,31.2,연속↓,3.7,,,35.5,30.4,26.9,30.9,연속↓,3.5,29.4,30.6,33.8,51.0,2023
경기,41,시흥시,41390,중,시흥매화중학교,공립,경기도 시흥시 매화동,UzA5MDAwNTYxNQ==,24.2,23.9,28.4,32.2,27.3,27.2,하락,4.9,25.0,23.4,28.5,31.9,26.8,27.1,하락,5.0,39.0,32.5,29.9,42.2,2024
경기,41,시흥시,41390,중,논곡중학교,공립,경기도 시흥시 논곡동,UzA5MDAwNTM5Mg==,25.5,18.9,29.0,26.4,24.3,24.8,연속↓,2.1,25.3,18.0,30.0,26.0,25.4,24.9,연속↓,0.6,19.0,36.7,31.7,54.0,2023
경기,41,시흥시,41390,중,신천중학교,공립,경기도 시흥시 신천동,UzA5MDAwMjcwMw==,22.8,23.3,29.9,32.3,24.6,26.6,하락,7.7,23.4,22.6,29.6,32.0,24.4,26.4,하락,7.7,42.6,35.3,36.8,41.6,2024
경기,41,시흥시,41390,중,시화중학교,공립,경기도 시흥시 정왕동,UzA5MDAwNTM4Nw==,18.9,14.0,15.5,16.9,14.9,16.0,하락,2.0,18.4,14.2,15.5,17.5,15.4,16.2,하락,2.1,19.0,24.2,22.2,51.0,2021
경기,41,시흥시,41390,고,은행고등학교,공립,경기도 시흥시 은행동,UzA5MDAwMDc1NA==,6.1,8.3,7.3,12.4,26.8,12.2,연속↑,14.4,5.9,8.2,7.1,11.4,26.9,11.9,연속↑,15.4,28.9,30.9,25.6,12.5,2025
경기,41,시흥시,41390,고,시흥매화고등학교,공립,경기도 시흥시 매화동,UzA5MDAwNTY2Ng==,15.7,17.9,13.8,23.1,26.6,19.4,연속↑,3.5,14.8,17.5,12.2,22.2,26.5,18.6,연속↑,4.3,33.1,32.9,25.6,19.3,2025
경기,41,시흥시,41390,고,시흥고등학교,공립,경기도 시흥시 하상동,UzA5MDAwNDgzNA==,6.6,8.6,11.2,12.0,23.5,12.4,연속↑,11.5,6.2,8.0,10.8,11.3,24.6,12.2,연속↑,13.3,23.5,43.7,21.2,14.0,2025
경기,41,시흥시,41390,고,장곡고등학교,공립,경기도 시흥시 장곡동,UzA5MDAwMDc3OA==,8.5,8.6,7.4,8.8,21.1,10.9,연속↑,12.3,8.4,8.0,7.1,8.5,23.3,11.1,연속↑,14.8,9.2,41.9,19.9,9.9,2025
경기,41,시흥시,41390,고,함현고등학교,공립,경기도 시흥시 정왕동,UzA5MDAwMDg2Mg==,10.3,20.4,15.7,12.9,21.9,16.2,반등,9.0,9.8,19.9,14.9,11.9,21.8,15.6,반등,10.0,21.5,21.8,25.1,27.4,2025
경기,41,시흥시,41390,고,소래고등학교,공립,경기도 시흥시 은행동,UzA5MDAwMDYyOA==,18.3,17.5,18.8,19.0,21.8,19.1,연속↑,2.9,18.8,17.4,18.6,18.9,21.6,19.0,연속↑,2.7,29.3,24.9,24.0,28.5,2025
경기,41,시흥시,41390,고,시흥능곡고등학교,공립,경기도 시흥시 승지로,UzA5MDAwNTY2NQ==,11.5,11.1,16.1,17.2,19.7,15.1,연속↑,2.5,10.8,10.3,15.4,16.1,19.6,14.4,연속↑,3.4,24.9,20.0,16.0,13.2,2025
경기,41,시흥시,41390,고,서해고등학교,공립,경기도 시흥시 정왕동,UzA5MDAwMDYwNw==,3.7,9.9,8.4,14.4,17.1,10.7,연속↑,2.7,3.3,9.0,7.7,13.6,19.2,10.5,연속↑,5.6,11.4,41.0,14.4,7.1,2025
경기,41,시흥시,41390,고,신천고등학교,공립,경기도 시흥시 신천동,UzA5MDAwNTY2OA==,20.4,20.5,17.6,17.9,18.5,19.0,연속↑,0.6,19.9,20.5,18.2,17.3,18.4,18.9,반등,1.1,23.5,18.9,28.9,26.6,2022
경기,41,시흥시,41390,고,배곧고등학교,공립,경기도 시흥시 정왕동,UzA5MDAwNjkyNQ==,8.6,12.3,11.1,14.0,16.3,12.5,연속↑,2.3,7.9,11.9,10.3,14.2,16.8,12.2,연속↑,2.6,15.1,24.5,23.6,17.5,2025
경기,41,시흥시,41390,고,목감고등학교,공립,경기도 시흥시 조남동,UzA5MDAwNzMxOA==,23.4,16.0,12.8,14.6,15.1,16.4,연속↑,0.6,23.2,15.6,12.7,14.5,14.7,16.1,연속↑,0.2,21.3,17.3,19.2,25.7,2021
경기,41,시흥시,41390,고,군서고등학교,공립,경기도 시흥시 정왕동,UzA5MDAwNDkxMA==,4.4,7.0,8.5,10.5,13.1,8.7,연속↑,2.6,3.9,6.8,8.4,10.2,12.9,8.5,연속↑,2.7,19.1,14.0,13.8,40.7,2025
경기,41,시흥시,41390,고,경기자동차과학고등학교,사립,경기자동차과학고등학교,UzA5MDAwMDg1OQ==,8.6,9.7,5.4,9.1,12.7,9.1,연속↑,3.6,8.8,9.5,5.7,8.9,12.2,9.0,연속↑,3.3,12.0,9.8,20.2,32.3,2025
경기,41,시흥시,41390,고,경기스마트고등학교,공립,경기스마트고등학교,UzA5MDAwMDY2MA==,3.6,5.9,9.8,10.0,12.0,8.3,연속↑,2.1,3.7,5.4,9.0,8.8,11.0,7.6,반등,2.2,17.8,4.6,13.7,48.6,2025
경기,41,시흥시,41390,고,군자디지털과학고등학교,공립,경기도 시흥시 거모동,UzA5MDAwMDQ5OQ==,11.6,8.7,8.0,5.0,9.6,8.6,반등,4.6,11.0,8.5,7.8,5.2,9.0,8.3,반등,3.7,9.8,5.3,17.1,72.0,2021
경기,41,시흥시,41390,고,한국조리과학고등학교,사립,경기도 시흥시 금오로,UzA5MDAwMDg1Nw==,8.1,5.9,9.8,10.3,7.9,8.4,하락,2.4,8.0,6.0,9.8,10.3,8.0,8.4,하락,2.2,11.7,10.3,6.6,44.1,2024
경기,41,시흥시,41390,고,정왕고등학교,공립,경기도 시흥시 정왕1동,UzA5MDAwMDc5Mg==,8.4,9.1,6.8,12.6,8.4,9.0,하락,4.2,8.7,8.7,6.0,11.5,7.7,8.5,하락,3.8,14.0,3.7,12.0,44.9,2024
경기,41,장안구,41111,중,명인중학교,공립,경기도 수원시 장안구,UzA5MDAwMjQxNw==,37.4,26.7,42.9,45.5,46.2,39.8,연속↑,0.7,38.6,26.3,43.0,45.9,46.5,40.0,연속↑,0.6,49.0,53.3,52.9,30.7,2025
경기,41,장안구,41111,중,천천중학교,공립,경기 수원시 장안구,UzA5MDAwMjQzOQ==,43.2,28.3,39.6,40.3,40.8,38.5,연속↑,0.5,43.6,28.5,40.2,40.6,41.2,38.8,연속↑,0.6,32.9,54.4,61.8,26.4,2021
경기,41,장안구,41111,중,이목중학교,공립,경기 수원시 장안구,UzA5MDAwMjQzOA==,35.5,28.7,40.1,37.7,34.8,35.3,연속↓,2.8,35.5,28.1,40.1,37.1,35.2,35.2,연속↓,1.9,36.6,46.8,56.5,26.3,2023
경기,41,장안구,41111,중,수일여자중학교,공립,경기도 수원시 장안구,UzA5MDAwMjQyNg==,34.1,22.4,43.2,36.6,34.2,34.1,연속↓,2.4,34.0,21.9,42.1,36.3,34.0,33.7,연속↓,2.3,59.8,40.9,38.7,33.0,2023
경기,41,장안구,41111,중,수성중학교,공립,경기도 수원시 장안구,UzA5MDAwMjQyMg==,33.5,28.4,34.9,27.5,33.3,31.5,반등,5.8,34.2,28.1,33.6,27.4,33.2,31.3,반등,5.7,47.5,38.7,37.8,35.6,2021
경기,41,장안구,41111,중,조원중학교,공립,경기도 수원시 장안구,UzA5MDAwNTE3Mg==,32.6,27.3,35.4,35.7,33.2,32.8,하락,2.5,33.4,27.6,36.2,34.0,32.4,32.7,연속↓,1.7,44.2,34.6,45.6,35.3,2023
경기,41,장안구,41111,중,대평중학교,공립,경기도 수원시 장안구,UzA5MDAwMjQxMQ==,34.2,27.9,30.9,31.4,32.9,31.5,연속↑,1.5,34.7,27.7,31.6,31.1,32.2,31.5,반등,1.1,42.5,35.3,43.0,25.4,2021
경기,41,장안구,41111,중,수원북중학교,공립,경기도 수원시 장안구,UzA5MDAwMjQyMw==,20.2,18.8,24.2,28.2,29.5,24.2,연속↑,1.3,20.2,18.2,23.5,27.6,29.8,23.8,연속↑,2.2,24.0,38.7,46.1,52.0,2025
경기,41,장안구,41111,중,율전중학교,공립,경기도 수원시 장안구,UzA5MDAwMjQzNg==,22.8,24.0,32.8,28.3,25.5,26.7,연속↓,2.8,23.0,24.1,33.2,28.4,26.4,27.0,연속↓,2.1,30.0,37.0,29.3,44.0,2023
경기,41,장안구,41111,중,창용중학교,공립,경기도 수원시 장안구,UzA5MDAwMjQyMQ==,21.9,21.0,24.0,18.2,27.3,22.5,반등,9.1,21.3,21.2,23.0,17.2,26.2,21.8,반등,9.0,61.9,23.8,38.1,57.1,2025
경기,41,장안구,41111,중,수일중학교,공립,경기도 수원시 장안구,UzA5MDAwMjQyNw==,37.2,23.1,31.9,27.5,25.1,29.0,연속↓,2.4,38.5,22.9,32.3,28.4,25.7,29.6,연속↓,2.6,23.4,45.3,34.1,47.7,2021
경기,41,장안구,41111,중,송원중학교,공립,경기도 수원시 장안구,UzA5MDAwMjQxOA==,27.8,24.3,32.5,24.6,25.5,26.9,반등,0.9,29.1,24.4,32.3,24.1,24.8,27.0,반등,0.7,37.1,21.8,34.1,56.7,2023
경기,41,장안구,41111,중,경기체육중학교,공립,경기체육중학교,UzA5MDAwNjU3Ng==,24.6,23.7,17.1,17.0,15.1,19.5,연속↓,1.8,23.8,22.9,17.8,17.6,15.8,19.6,연속↓,1.8,22.7,27.3,16.7,41.7,2021
경기,41,장안구,41111,고,동원동우고등학교,사립,경기도 수원시 장안구,UzA5MDAwMDU0Mw==,29.5,22.9,20.1,24.5,31.7,25.7,연속↑,7.2,27.9,22.9,19.3,23.8,32.3,25.2,연속↑,8.5,21.6,38.5,49.4,7.3,2025
경기,41,장안구,41111,고,영생고등학교,사립,경기도 수원시 장안구,UzA5MDAwMDczMg==,10.0,11.8,20.4,11.1,30.8,16.8,반등,19.7,9.8,10.9,18.8,11.0,31.1,16.3,반등,20.1,47.1,39.2,26.6,31.7,2025
경기,41,장안구,41111,고,동우여자고등학교,사립,경기도 수원시 장안구,UzA5MDAwMDU0Mg==,32.0,22.5,24.3,28.5,,26.8,-,,31.1,20.3,22.8,30.7,,26.2,-,,,,,,2021
경기,41,장안구,41111,고,대평고등학교,공립,경기도 수원시 장안구,UzA5MDAwMDUyNw==,17.0,24.6,31.3,31.3,27.1,26.3,하락,4.2,17.0,23.4,30.2,32.3,25.4,25.6,하락,6.9,42.6,15.5,26.6,6.7,2024
경기,41,장안구,41111,고,조원고등학교,공립,경기도 수원시 장안구,UzA5MDAwNDg5Ng==,18.2,17.0,19.2,20.0,21.5,19.2,연속↑,1.5,18.0,18.0,20.3,20.0,20.3,19.3,반등,0.4,24.2,15.7,37.1,26.7,2025
경기,41,장안구,41111,고,경기체육고등학교,공립,경기체육고등학교,UzA5MDAwMDQ0OQ==,18.2,18.9,16.0,13.9,19.3,17.3,반등,5.4,18.1,18.8,16.4,13.6,19.6,17.3,반등,6.0,5.1,27.5,32.5,12.5,2025
경기,41,장안구,41111,고,장안고등학교,공립,경기도 수원시 장안구,UzA5MDAwMDc3OQ==,16.1,21.8,18.8,18.6,16.8,18.4,연속↓,1.8,16.2,24.2,20.0,20.7,18.0,19.8,하락,2.7,12.5,28.3,19.0,8.5,2022
경기,41,장안구,41111,고,수일고등학교,공립,경기도 수원시 장안구,UzA5MDAwMDY1NA==,11.9,18.2,17.6,25.9,17.1,18.1,하락,8.8,11.6,16.9,16.5,26.1,17.6,17.8,하락,8.5,13.0,21.8,17.5,17.1,2024
경기,41,장안구,41111,고,천천고등학교,공립,경기도 수원시 장안구,UzA5MDAwNDg5NQ==,14.6,20.8,16.5,19.6,16.8,17.7,하락,2.8,13.7,19.8,15.7,17.4,16.3,16.6,하락,1.1,15.7,19.0,29.8,27.7,2022
경기,41,장안구,41111,고,수원농생명과학고등학교,공립,경기도 수원시 장안구,UzA5MDAwMDY0OA==,10.4,12.1,10.9,11.6,18.4,12.7,연속↑,6.8,10.1,11.6,10.2,10.8,15.6,11.6,연속↑,4.9,30.4,30.4,33.3,65.9,2025
경기,41,장안구,41111,고,수성고등학교,공립,경기도 수원시 장안구,UzA5MDAwMDY0MQ==,11.3,10.5,11.0,10.9,14.6,11.6,반등,3.7,10.9,10.2,10.3,9.6,14.3,11.1,반등,4.7,13.5,17.5,21.5,28.5,2025
경기,41,소사구,41194,중,옥길새길중학교,공립,경기도 부천시 소사구,UzA5MDAwNzg2Nw==,,,,,41.9,41.9,-,,,,,,40.3,40.3,-,,51.0,38.8,49.0,21.4,2025
경기,41,소사구,41194,중,성주중학교,공립,경기도 부천시 성주로,UzA5MDAwMTkwMQ==,32.6,25.6,37.6,34.6,39.9,34.1,반등,5.3,32.0,24.8,36.4,33.4,39.4,33.2,반등,6.0,47.1,50.7,55.7,34.6,2025
경기,41,소사구,41194,중,부천일신중학교,공립,경기도 부천시 소사구,UzA5MDAwNDg2Ng==,35.4,25.0,35.3,37.6,39.6,34.6,연속↑,2.0,35.9,24.4,35.1,37.1,38.9,34.3,연속↑,1.8,43.8,48.8,46.8,29.9,2025
경기,41,소사구,41194,중,범박중학교,공립,경기도 부천시 양지남로,UzA5MDAwNzU4Mg==,,,28.7,34.0,36.0,32.9,연속↑,1.9,,,28.6,33.5,35.8,32.7,연속↑,2.3,44.0,43.2,47.3,22.7,2025
경기,41,소사구,41194,중,부천여자중학교,공립,경기도 부천시 소사구,UzA5MDAwMTg5Mw==,24.8,20.1,27.1,33.9,35.0,28.2,연속↑,1.1,25.2,19.6,27.7,34.6,35.1,28.4,연속↑,0.5,48.3,45.4,41.1,37.7,2025
경기,41,소사구,41194,중,옥길중학교,공립,경기도 부천시 양지로,UzA5MDAwNzExNQ==,40.0,27.6,38.9,37.2,32.6,35.2,연속↓,4.6,39.9,27.7,38.6,36.7,33.1,35.2,연속↓,3.6,36.9,42.7,36.2,27.6,2021
경기,41,소사구,41194,중,소사중학교,공립,경기도 부천시 소사구,UzA5MDAwMTkwMw==,31.6,26.3,32.0,25.9,28.2,28.8,반등,2.3,31.7,25.8,31.9,26.0,29.0,28.9,반등,2.9,27.9,43.5,35.4,48.9,2023
경기,41,소사구,41194,중,부천동중학교,공립,경기도 부천시 소사구,UzA5MDAwMTg4Nw==,25.7,24.6,19.7,21.7,24.1,23.2,연속↑,2.5,26.6,24.2,20.4,21.4,23.8,23.3,연속↑,2.4,31.3,36.3,52.5,48.1,2021
경기,41,소사구,41194,중,부천동여자중학교,공립,경기도 부천시 소사구,UzA5MDAwMTg4Ng==,33.7,24.5,32.6,31.3,23.3,29.1,연속↓,8.0,32.2,22.9,32.1,29.9,22.4,27.9,연속↓,7.5,50.0,22.7,27.0,56.3,2021
경기,41,소사구,41194,중,부일중학교,공립,경기도 부천시 소사구,UzA5MDAwMTg4NA==,23.1,24.3,23.2,23.5,21.5,23.1,하락,2.1,23.5,23.5,22.2,23.1,21.1,22.7,하락,2.0,20.0,31.4,35.7,51.9,2022
경기,41,소사구,41194,중,부천남중학교,공립,경기도 부천시 소사구,UzA5MDAwMTg4NQ==,23.3,20.7,22.9,24.6,21.5,22.6,하락,3.0,23.6,20.5,23.0,24.8,21.1,22.6,하락,3.7,28.7,23.4,26.7,47.1,2024
경기,41,소사구,41194,고,정명고등학교,사립,경기도 부천시 소사구,UzA5MDAwMDc4OA==,15.9,17.8,17.3,17.1,19.8,17.6,반등,2.7,15.0,16.1,16.3,16.1,18.4,16.4,반등,2.3,29.6,10.3,24.7,26.9,2025
경기,41,소사구,41194,고,시온고등학교,사립,경기 부천시 소사구,UzA5MDAwMDY1OQ==,6.7,13.5,9.1,12.5,18.2,12.0,연속↑,5.7,6.4,13.0,8.7,12.6,18.0,11.7,연속↑,5.4,23.2,19.9,17.1,37.4,2025
경기,41,소사구,41194,고,범박고등학교,공립,경기 부천시 소사구,UzA5MDAwNDkwNg==,12.9,8.8,10.9,14.5,18.3,13.1,연속↑,3.8,12.0,8.1,10.8,14.7,17.0,12.5,연속↑,2.3,19.6,10.8,36.5,32.3,2025
경기,41,소사구,41194,고,송내고등학교,공립,경기도 부천시 소사구,UzA5MDAwNDkwMA==,10.3,15.4,17.1,19.5,15.2,15.5,하락,4.3,10.2,14.8,16.7,19.5,14.9,15.2,하락,4.6,19.4,14.7,15.3,11.5,2024
경기,41,소사구,41194,고,부천고등학교,공립,경기도 부천시 경인로92번길,UzA5MDAwMDU3OQ==,12.7,10.8,10.2,9.9,12.9,11.3,반등,3.0,12.4,10.1,9.8,9.8,12.5,10.9,상승,2.7,4.7,17.3,30.7,27.3,2025
경기,41,소사구,41194,고,경기경영고등학교,사립,경기경영고등학교,UzA5MDAwMDc5MA==,5.8,6.3,8.4,14.3,12.9,9.5,하락,1.5,5.7,5.9,7.8,13.9,12.3,9.1,하락,1.6,19.7,9.9,11.0,41.0,2024
경기,41,소사구,41194,고,소사고등학교,공립,경기도 부천시 소사구,UzA5MDAwMDYzMQ==,14.9,8.7,10.0,12.1,10.9,11.3,하락,1.2,14.7,8.8,10.0,11.5,10.8,11.1,하락,0.7,7.9,14.7,15.0,38.3,2021
경기,41,소사구,41194,고,부천공업고등학교,공립,경기도 부천시 경인로120번길,UzA5MDAwMDU4MA==,7.9,13.5,12.6,12.8,11.8,11.7,하락,1.0,8.2,12.9,12.1,12.4,10.6,11.2,하락,1.9,19.5,4.2,25.4,59.3,2022
경기,41,광명시,41210,중,빛가온중학교,공립,경기도 광명시 오리로84번길,UzA5MDAwNzMzOQ==,40.7,27.0,37.4,36.5,41.5,36.6,반등,4.9,40.6,26.0,35.6,35.7,41.1,35.8,연속↑,5.4,54.4,46.9,48.1,20.6,2025
경기,41,광명시,41210,중,소하중학교,공립,경기도 광명시 소하동,UzA5MDAwMTE5NA==,35.2,24.1,36.3,35.1,37.7,33.7,반등,2.6,35.2,23.5,35.6,33.8,36.5,32.9,반등,2.7,40.3,34.5,58.0,31.8,2025
경기,41,광명시,41210,중,안서중학교,공립,경기도 광명시 기아로13번안길,UzA5MDAwMTE5NQ==,23.9,23.8,36.9,33.3,34.7,30.5,반등,1.4,25.0,23.9,38.4,34.2,36.2,31.5,반등,2.0,43.2,50.0,39.0,24.5,2023
경기,41,광명시,41210,중,광명북중학교,공립,경기도 광명시 철산1동,UzA5MDAwMTE5MA==,24.3,28.7,37.5,35.9,34.9,32.3,연속↓,0.9,23.5,28.5,36.9,36.0,34.6,31.9,연속↓,1.5,44.4,40.8,52.4,31.7,2023
경기,41,광명시,41210,중,철산중학교,공립,경기도 광명시 철산3동,UzA5MDAwMTE5Ng==,32.2,25.6,36.5,36.5,34.9,33.1,하락,1.6,31.6,24.5,36.4,35.5,33.4,32.3,연속↓,2.1,41.8,33.5,52.0,25.2,2023
경기,41,광명시,41210,중,하안북중학교,공립,경기도 광명시 하안1동,UzA5MDAwMTE5MQ==,35.1,27.6,31.0,31.8,31.5,31.4,하락,0.3,35.7,27.4,31.3,32.4,32.3,31.8,하락,0.2,37.6,44.2,33.9,27.5,2021
경기,41,광명시,41210,중,하안중학교,공립,경기도 광명시 하안4동,UzA5MDAwMTE5OA==,27.9,23.9,30.4,28.6,32.1,28.6,반등,3.5,27.4,23.4,30.5,28.5,31.5,28.3,반등,3.0,42.2,31.9,43.2,38.2,2025
경기,41,광명시,41210,중,가림중학교,공립,경기도 광명시 하안3동,UzA5MDAwMTE4OA==,30.9,27.0,35.0,24.5,28.1,29.1,반등,3.6,29.6,26.9,33.9,22.7,26.7,28.0,반등,4.0,29.7,21.9,49.0,43.9,2023
경기,41,광명시,41210,중,광문중학교,공립,경기도 광명시 광명7동,UzA5MDAwNDY5OQ==,26.2,26.3,28.3,27.1,26.6,26.9,연속↓,0.5,26.3,25.2,29.5,27.2,26.3,26.9,연속↓,0.9,27.6,28.6,34.1,40.2,2023
경기,41,광명시,41210,중,광남중학교,공립,경기도 광명시 광명6동,UzA5MDAwMTE4OQ==,26.8,23.5,31.6,27.9,26.2,27.2,연속↓,1.7,26.5,23.0,32.0,27.6,26.1,27.0,연속↓,1.5,33.9,32.4,27.1,43.0,2023
경기,41,광명시,41210,중,광명중학교,공립,경기도 광명시 철산3동,UzA5MDAwMTE5Mg==,28.8,21.4,24.9,23.7,25.0,24.7,반등,1.3,29.1,21.0,25.2,23.3,24.4,24.6,반등,1.1,33.9,27.0,35.0,41.7,2021
경기,41,광명시,41210,중,충현중학교,공립,경기도 광명시 소하2동,UzA5MDAwNTc2NA==,38.2,26.7,32.0,26.2,22.2,29.0,연속↓,4.0,38.2,26.7,32.3,25.7,20.9,28.7,연속↓,4.9,51.4,19.6,25.4,40.7,2021
경기,41,광명시,41210,고,진성고등학교,사립,경기도 광명시 철망산로,UzA5MDAwMDgwNw==,28.3,40.5,51.8,26.9,43.4,38.2,반등,16.5,28.3,41.2,51.2,25.2,41.9,37.6,반등,16.7,69.6,46.6,62.8,2.7,2023
경기,41,광명시,41210,고,광휘고등학교,공립,경기도 광명시 소하동,UzA5MDAwNjY0NQ==,18.6,13.3,14.0,10.1,36.6,18.5,반등,26.6,18.3,12.3,13.3,9.9,36.0,18.0,반등,26.1,50.0,32.6,42.2,14.7,2025
경기,41,광명시,41210,고,창의경영고등학교,공립,경기도 광명시 소하2동,UzA5MDAwMDQ4OA==,13.7,7.9,16.2,14.9,22.5,15.0,반등,7.6,14.0,8.1,16.6,15.6,22.8,15.4,반등,7.2,32.2,26.4,20.7,19.5,2025
경기,41,광명시,41210,고,소하고등학교,공립,경기도 광명시 소하1동,UzA5MDAwMDYzMg==,7.7,11.6,11.5,12.2,22.1,13.0,연속↑,9.9,7.3,11.6,11.1,11.7,22.4,12.8,연속↑,10.7,21.0,34.2,26.8,12.9,2025
경기,41,광명시,41210,고,운산고등학교,공립,경기도 광명시 소하동,UzA5MDAwNTc5OA==,8.8,13.3,15.2,13.6,19.8,14.1,반등,6.3,8.5,12.0,14.7,14.0,20.0,13.8,반등,6.0,17.9,27.2,23.7,19.8,2025
경기,41,광명시,41210,고,광명고등학교,공립,경기도 광명시 철산3동,UzA5MDAwMDQ4Mg==,12.9,7.3,8.0,9.2,20.5,11.6,연속↑,11.3,11.3,7.0,7.5,9.1,19.8,11.0,연속↑,10.7,32.5,20.8,19.1,25.1,2025
경기,41,광명시,41210,고,명문고등학교,공립,경기도 광명시 광명6동,UzA5MDAwMDQ4Nw==,11.4,13.1,17.7,17.2,18.8,15.6,반등,1.6,11.4,13.9,17.9,16.1,18.8,15.6,반등,2.7,20.1,21.8,21.8,29.9,2025
경기,41,광명시,41210,고,광명북고등학교,공립,경기도 광명시 시청로,UzA5MDAwMDQ4NA==,15.7,13.9,21.2,9.3,18.0,15.6,반등,8.6,15.1,13.4,21.4,9.6,18.3,15.5,반등,8.7,15.3,24.7,26.4,20.2,2023
경기,41,광명시,41210,고,충현고등학교,공립,경기도 광명시 오리로348번길,UzA5MDAwMDgyMA==,21.4,13.9,10.5,8.4,16.1,14.0,반등,7.7,23.5,14.0,9.7,8.0,16.1,14.3,반등,8.1,19.4,21.0,30.9,18.3,2021
경기,41,광명시,41210,고,광문고등학교,공립,경기도 광명시 광명동,UzA5MDAwMDQ4OQ==,12.4,9.8,12.6,13.2,13.7,12.3,연속↑,0.5,11.8,9.0,12.1,12.3,12.8,11.6,연속↑,0.4,17.6,9.2,19.8,42.9,2025
경기,41,광명시,41210,고,경기항공고등학교,사립,경기항공고등학교,UzA5MDAwMDQ4Mw==,13.8,9.9,9.2,4.4,6.0,8.6,반등,1.6,13.5,10.0,9.2,4.5,5.6,8.5,반등,1.1,5.5,4.1,11.0,59.0,2021
경기,41,여주시,41670,중,여주여자중학교,공립,경기도 여주시 상동,UzA5MDAwMzMyMA==,25.4,29.1,44.6,47.9,45.3,38.4,하락,2.7,25.0,27.7,44.4,47.2,44.4,37.7,하락,2.7,58.2,46.9,56.0,33.3,2024
경기,41,여주시,41670,중,여주중학교,공립,경기도 여주시 능서면,UzA5MDAwMzMyMQ==,24.9,24.9,35.3,46.8,45.4,35.5,하락,1.4,25.1,24.5,34.2,45.4,44.2,34.7,하락,1.2,80.8,48.7,55.1,34.4,2024
경기,41,여주시,41670,중,강천중학교,공립,경기도 여주군 강천면,UzA5MDAwMzMxNA==,29.8,28.6,44.0,39.8,41.2,36.7,반등,1.4,28.7,28.8,43.7,39.7,40.6,36.3,반등,0.9,42.1,41.7,58.3,47.4,2023
경기,41,여주시,41670,중,세종중학교,공립,세종중학교,UzA5MDAwNTM1MA==,30.1,20.8,31.2,31.9,32.4,29.3,연속↑,0.6,29.8,20.3,30.1,31.3,31.2,28.5,하락,0.2,48.2,33.1,40.8,44.4,2024
경기,41,여주시,41670,중,창명여자중학교,사립,경기도 여주시 대신면,UzA5MDAwMzMyNA==,25.9,29.4,37.5,29.5,32.7,31.0,반등,3.2,25.4,28.5,35.6,28.6,30.8,29.8,반등,2.3,46.7,33.3,50.0,33.3,2023
경기,41,여주시,41670,중,상품중학교,공립,경기도 여주시 산북면,UzA5MDAwMzMxNg==,35.2,31.4,37.7,32.6,30.5,33.5,연속↓,2.1,35.1,31.4,39.0,34.3,30.5,34.1,연속↓,3.9,33.3,41.7,50.0,42.3,2023
경기,41,여주시,41670,중,대신중학교,사립,경기도 여주시 대신면,UzA5MDAwMzMxNQ==,24.8,22.1,32.3,34.4,28.7,28.5,하락,5.7,24.5,21.1,30.6,32.8,29.7,27.7,하락,3.2,50.0,47.1,20.0,38.5,2024
경기,41,여주시,41670,중,이포중학교,공립,경기도 여주시 흥천면,UzA5MDAwMzMyMg==,31.2,27.0,32.8,30.2,28.5,29.9,연속↓,1.7,30.5,26.3,32.9,31.1,28.3,29.8,연속↓,2.8,45.5,45.5,36.4,45.5,2023
경기,41,여주시,41670,중,흥천중학교,공립,경기도 여주시 흥천면,UzA5MDAwMzMyNQ==,31.2,39.2,52.7,33.4,29.6,37.2,연속↓,3.8,31.5,38.3,50.8,32.4,27.8,36.2,연속↓,4.6,46.2,33.3,40.0,60.0,2023
경기,41,여주시,41670,중,세정중학교,사립,경기도 여주시 능서면,UzA5MDAwMzMxNw==,24.0,33.3,33.7,28.7,27.3,29.4,연속↓,1.4,24.8,34.1,35.8,30.3,27.0,30.4,연속↓,3.2,54.5,50.0,36.4,47.6,2023
경기,41,여주시,41670,중,점동중학교,공립,경기도 여주시 점동면,UzA5MDAwMzMyMw==,30.9,21.7,40.8,36.5,25.8,31.1,연속↓,10.8,31.0,21.6,40.1,36.1,25.6,30.9,연속↓,10.5,36.8,38.5,30.8,42.1,2023
경기,41,여주시,41670,중,여강중학교,사립,경기도 여주시 북내면,UzA5MDAwMzMxOA==,27.8,19.0,30.3,27.0,25.5,25.9,연속↓,1.5,27.4,18.6,30.2,26.3,25.1,25.5,연속↓,1.2,33.8,29.7,33.8,52.1,2023
경기,41,여주시,41670,중,여주제일중학교,사립,경기도 여주시 가남읍,UzA5MDAwMzMxOQ==,21.5,17.4,20.6,13.6,15.0,17.6,반등,1.3,22.0,17.1,21.0,13.5,15.2,17.8,반등,1.7,29.2,24.8,21.3,58.6,2021
경기,41,여주시,41670,고,세종고등학교,공립,세종고등학교,UzA5MDAwMDcyMA==,8.2,8.7,13.8,18.1,23.1,14.4,연속↑,4.9,7.8,8.5,13.5,17.0,22.5,13.9,연속↑,5.5,29.6,34.0,41.4,25.9,2025
경기,41,여주시,41670,고,대신고등학교,사립,경기도 여주군 대신면,UzA5MDAwMDUyNQ==,8.1,5.2,7.8,10.7,21.7,10.7,연속↑,11.0,7.5,5.0,7.8,10.5,22.3,10.6,연속↑,11.8,21.5,26.6,20.3,32.1,2025
경기,41,여주시,41670,고,이포고등학교,공립,경기도 여주군 흥천면,UzA5MDAwMDc2Nw==,1.3,9.6,4.7,5.5,20.8,8.4,연속↑,15.3,1.1,9.6,4.5,5.4,20.7,8.3,연속↑,15.3,23.1,23.1,23.1,11.1,2025
경기,41,여주시,41670,고,여주고등학교,사립,경기도 여주군 여주읍,UzA5MDAwMDcxOA==,9.8,8.2,15.9,14.1,20.0,13.6,반등,5.9,8.9,7.6,14.3,14.2,19.9,13.0,반등,5.7,16.9,23.4,29.3,24.0,2025
경기,41,여주시,41670,고,점동고등학교,공립,경기도 여주군 점동면,UzA5MDAwMDc4Nw==,15.0,10.0,12.7,14.8,17.0,13.9,연속↑,2.2,14.2,9.9,13.1,16.0,17.7,14.2,연속↑,1.7,16.7,25.0,21.4,23.8,2025
경기,41,여주시,41670,고,경기관광고등학교,사립,경기관광고등학교,UzA5MDAwMDgxMQ==,7.5,8.0,14.1,10.7,15.5,11.1,반등,4.8,7.0,7.3,13.5,10.1,14.9,10.5,반등,4.8,17.2,13.8,21.2,65.9,2025
경기,41,여주시,41670,고,여강고등학교,사립,경기도 여주시 북내면,UzA5MDAwMDcxNw==,16.3,13.5,6.5,4.8,15.4,11.3,반등,10.6,16.6,13.6,6.3,5.1,14.8,11.3,반등,9.7,23.8,14.1,16.3,38.8,2021
경기,41,여주시,41670,고,여주자영농업고등학교,공립,경기도 여주시 능서면,UzA5MDAwMDcyMg==,18.0,11.9,17.2,20.3,15.9,16.6,하락,4.4,18.0,10.8,16.2,20.1,14.6,15.9,하락,5.5,23.1,7.6,24.4,13.2,2024
경기,41,여주시,41670,고,여주제일고등학교,사립,경기도 여주시 가남읍,UzA5MDAwMDcyMw==,15.2,8.9,11.5,9.3,12.1,11.4,반등,2.8,14.5,8.3,11.2,8.3,11.6,10.8,반등,3.3,26.1,11.4,19.3,74.4,2021
경기,41,권선구,41113,중,화홍중학교,공립,경기도 수원시 권선구,UzA5MDAwMjQ0Mw==,39.4,28.3,38.6,44.1,40.0,38.1,하락,4.0,38.8,27.8,37.4,42.8,39.3,37.2,하락,3.5,41.8,43.4,48.5,30.1,2024
경기,41,권선구,41113,중,상촌중학교,공립,경기도 수원시 권선구,UzA5MDAwNTQ2OQ==,32.2,30.6,39.3,40.1,38.5,36.1,하락,1.6,32.5,29.7,39.5,40.4,38.2,36.1,하락,2.2,40.3,39.3,46.1,27.4,2024
경기,41,권선구,41113,중,곡반중학교,공립,경기도 수원시 권선구,UzA5MDAwNDg2MA==,30.0,19.9,30.5,37.3,37.1,31.0,하락,0.2,30.3,19.2,29.6,37.2,37.1,30.7,하락,0.1,41.5,44.8,53.1,29.6,2024
경기,41,권선구,41113,중,남수원중학교,공립,경기도 수원시 권선구,UzA5MDAwMjQxMA==,32.1,26.5,41.3,37.7,35.5,34.6,연속↓,2.2,31.5,26.2,40.8,37.2,34.7,34.1,연속↓,2.5,41.3,33.6,51.3,39.1,2023
경기,41,권선구,41113,중,능실중학교,공립,경기도 수원시 권선구,UzA5MDAwNjc4Mg==,28.5,20.5,39.5,32.3,34.8,31.1,반등,2.5,28.8,20.0,40.0,32.0,34.7,31.1,반등,2.7,35.2,45.5,53.5,34.3,2023
경기,41,권선구,41113,중,칠보중학교,공립,경기도 수원시 권선구,UzA5MDAwNDg2Mw==,,25.2,40.6,33.8,34.4,33.5,반등,0.6,,25.0,39.6,33.0,33.7,32.8,반등,0.7,37.7,33.3,49.4,47.1,2023
경기,41,권선구,41113,중,호매실중학교,공립,경기도 수원시 권선구,UzA5MDAwMjQ0Mg==,30.7,27.8,30.4,33.8,34.2,31.4,연속↑,0.4,31.2,27.6,30.8,33.8,33.6,31.4,하락,0.2,32.3,38.7,47.1,27.4,2024
경기,41,권선구,41113,중,곡선중학교,공립,경기도 수원시 권선구,UzA5MDAwMjQwNw==,31.7,18.9,23.8,25.2,31.2,26.2,연속↑,6.0,31.8,19.3,24.3,25.4,31.3,26.4,연속↑,5.9,34.1,35.8,36.4,43.9,2021
경기,41,권선구,41113,중,영신중학교,사립,경기도 수원시 권선구,UzA5MDAwMjQzMg==,27.4,24.6,36.7,25.5,32.0,29.3,반등,6.5,26.8,23.3,35.3,25.0,31.3,28.3,반등,6.3,47.5,38.2,39.0,36.0,2023
경기,41,권선구,41113,중,세류중학교,공립,경기도 수원시 권선구,UzA5MDAwNTE3Mw==,24.0,15.2,23.6,28.4,27.2,23.7,하락,1.2,24.2,15.4,23.7,28.2,26.9,23.7,하락,1.3,25.7,28.6,45.1,47.3,2024
경기,41,권선구,41113,중,고색중학교,공립,경기도 수원시 권선구,UzA5MDAwMjQwNg==,30.0,25.1,34.7,26.4,25.4,28.3,연속↓,1.0,30.5,25.0,35.0,27.4,26.1,28.8,연속↓,1.3,28.7,41.5,32.8,55.7,2023
경기,41,권선구,41113,중,권선중학교,공립,경기도 수원시 권선구,UzA5MDAwMjQwOQ==,20.2,21.1,30.4,29.6,25.8,25.4,연속↓,3.8,19.6,21.3,30.4,29.7,25.7,25.3,연속↓,4.0,33.0,28.4,34.1,44.7,2023
경기,41,권선구,41113,중,서호중학교,공립,경기도 수원시 권선구,UzA5MDAwNTQwMA==,22.7,21.9,27.8,22.7,18.8,22.8,연속↓,4.0,22.8,22.0,28.0,22.8,19.0,22.9,연속↓,3.7,24.0,30.7,22.1,44.6,2023
경기,41,권선구,41113,중,구운중학교,공립,경기도 수원시 권선구,UzA5MDAwMjQwOA==,23.9,18.8,19.9,18.0,17.2,19.6,연속↓,0.8,23.8,18.1,19.4,17.2,17.5,19.2,반등,0.3,19.7,25.5,22.5,55.4,2021
경기,41,권선구,41113,고,영신여자고등학교,사립,경기도 수원시 권선구,UzA5MDAwMDczNA==,5.4,7.3,7.6,8.9,27.2,11.3,연속↑,18.3,5.1,7.1,7.4,8.3,25.4,10.7,연속↑,17.2,31.4,16.3,38.6,15.8,2025
경기,41,권선구,41113,고,수원칠보고등학교,공립,경기도 수원시 권선구,UzA5MDAwNjcwMg==,10.0,14.1,18.1,16.9,23.8,16.6,반등,6.9,9.3,13.7,16.8,16.3,22.4,15.7,반등,6.0,16.5,19.3,42.9,14.3,2025
경기,41,권선구,41113,고,권선고등학교,공립,경기도 수원시 권선구,UzA5MDAwMDUwNQ==,12.2,13.5,14.7,16.6,23.2,16.0,연속↑,6.6,11.5,12.4,13.6,15.4,22.4,15.0,연속↑,7.0,40.6,18.5,29.2,11.4,2025
경기,41,권선구,41113,고,곡정고등학교,공립,경기도 수원시 권선구,UzA5MDAwNjcwMw==,9.4,12.2,11.5,25.6,22.5,16.2,하락,3.1,9.5,11.8,11.1,24.9,21.7,15.8,하락,3.2,34.3,20.0,30.2,32.5,2024
경기,41,권선구,41113,고,경기대명고등학교,공립,경기대명고등학교,UzA5MDAwMDQ0OA==,21.7,23.2,34.0,23.7,21.3,24.8,연속↓,2.4,21.4,22.9,33.6,22.9,20.6,24.3,연속↓,2.2,34.8,21.7,17.4,11.5,2023
경기,41,권선구,41113,고,고색고등학교,공립,경기도 수원시 권선구,UzA5MDAwNTY1Mw==,14.7,12.2,12.1,10.5,19.9,13.9,반등,9.4,14.3,11.6,11.0,10.2,20.3,13.5,반등,10.1,5.4,24.9,35.7,8.6,2025
경기,41,권선구,41113,고,화홍고등학교,공립,경기도 수원시 권선구,UzA5MDAwMDg3MA==,14.3,12.6,12.6,11.2,18.1,13.8,반등,6.9,13.4,12.0,12.5,11.6,18.4,13.6,반등,6.8,31.4,24.5,11.6,27.9,2025
경기,41,권선구,41113,고,호매실고등학교,공립,경기도 수원시 권선구,UzA5MDAwNjU0Mg==,7.7,12.7,14.8,14.3,16.9,13.3,반등,2.7,7.6,12.6,15.4,13.8,17.0,13.3,반등,3.1,17.5,19.0,19.0,17.0,2025
경기,41,권선구,41113,고,한봄고등학교,사립,경기 수원시 권선구,UzA5MDAwMDY1Mw==,7.9,11.7,10.8,8.7,11.5,10.1,반등,2.8,7.7,11.5,10.7,8.8,11.3,10.0,반등,2.5,12.9,13.3,14.6,50.9,2022
경기,41,이천시,41500,중,증포중학교,공립,경기도 이천시 증포동,UzA5MDAwNTExMQ==,43.7,28.8,43.7,40.3,40.7,39.5,반등,0.4,43.6,28.6,43.0,39.9,39.0,38.8,연속↓,0.8,64.0,41.3,52.9,36.7,2021
경기,41,이천시,41500,중,이천양정여자중학교,사립,경기도 이천시 관고동,UzA5MDAwMzc1MQ==,34.4,26.5,38.8,28.5,37.0,33.0,반등,8.5,35.3,26.4,39.2,29.4,37.0,33.5,반등,7.6,29.4,49.2,52.7,32.5,2023
경기,41,이천시,41500,중,효양중학교,공립,경기도 이천시 부발읍,UzA5MDAwMzc1Ng==,28.5,25.9,36.4,39.9,36.4,33.4,하락,3.4,28.8,25.8,37.1,39.9,36.4,33.6,하락,3.5,49.8,47.5,43.4,33.6,2024
경기,41,이천시,41500,중,이천사동중학교,공립,경기도 이천시 대월면,UzA5MDAwNjQ0OA==,32.6,28.2,42.8,33.6,34.9,34.4,반등,1.3,32.8,28.1,43.1,33.6,34.8,34.5,반등,1.2,52.2,44.2,46.9,32.0,2023
경기,41,이천시,41500,중,이천중학교,공립,경기도 이천시 안흥동,UzA5MDAwMzc1Mg==,20.9,21.3,37.2,37.7,35.3,30.5,하락,2.4,21.3,21.4,37.6,37.4,34.5,30.4,연속↓,2.8,52.7,38.7,35.9,30.9,2023
경기,41,이천시,41500,중,백사중학교,공립,경기도 이천시 백사면,UzA5MDAwMzc0NQ==,40.9,28.5,31.5,33.3,35.6,34.0,연속↑,2.3,41.4,28.5,30.2,31.9,34.1,33.2,연속↑,2.1,66.0,33.9,37.5,33.9,2021
경기,41,이천시,41500,중,부발중학교,공립,경기도 이천시 부발읍,UzA5MDAwMzc0Ng==,27.9,22.4,34.3,40.1,32.4,31.4,하락,7.7,28.8,21.9,35.1,40.7,31.9,31.7,하락,8.8,45.3,32.9,47.6,39.5,2024
경기,41,이천시,41500,중,마장중학교,공립,경기도 이천시 마장면,UzA5MDAwMzc0Mg==,22.5,23.4,23.2,27.2,30.7,25.4,연속↑,3.5,23.2,22.5,21.9,25.7,29.9,24.6,연속↑,4.1,39.2,50.0,42.5,43.4,2025
경기,41,이천시,41500,중,장호원중학교,공립,경기도 이천시 장호원읍,UzA5MDAwMzc1NA==,35.5,24.0,33.6,38.8,31.8,32.7,하락,6.9,36.4,24.0,33.2,37.5,29.6,32.1,하락,8.0,58.1,24.4,48.8,48.5,2024
경기,41,이천시,41500,중,이천송정중학교,공립,경기도 이천시 송정동,UzA5MDAwMzc1MA==,28.2,24.6,37.1,31.8,29.6,30.3,연속↓,2.2,27.4,23.9,35.9,31.2,29.6,29.6,연속↓,1.6,50.6,37.2,34.6,31.0,2023
경기,41,이천시,41500,중,이천경남중학교,공립,경남중학교,UzA5MDAwMzc0MA==,26.3,21.3,26.3,19.8,25.7,23.9,반등,5.9,25.8,21.9,26.6,20.5,28.8,24.7,반등,8.2,14.3,57.1,35.7,28.6,2025
경기,41,이천시,41500,중,율면중학교,공립,경기도 이천시 율면,UzA5MDAwMzc0OQ==,18.1,27.3,42.3,32.7,28.0,29.7,연속↓,4.7,17.6,27.6,41.6,29.5,26.6,28.6,연속↓,2.9,33.3,28.6,64.3,60.0,2023
경기,41,이천시,41500,중,설봉중학교,공립,경기도 이천시 창전동,UzA5MDAwMzc0Nw==,25.0,25.0,35.4,28.2,26.2,28.0,연속↓,1.9,25.0,24.4,34.7,26.9,24.9,27.2,연속↓,2.1,37.6,21.7,38.0,45.6,2023
경기,41,이천시,41500,중,대월중학교,공립,경기도 이천시 대월면,UzA5MDAwMzc0MQ==,29.5,33.2,28.3,24.5,23.2,27.7,연속↓,1.3,29.8,32.3,29.3,24.0,22.7,27.6,연속↓,1.3,22.7,36.4,36.4,47.8,2022
경기,41,이천시,41500,중,모가중학교,공립,경기도 이천시 모가면,UzA5MDAwMzc0Mw==,13.0,21.3,20.8,14.9,17.6,17.5,반등,2.7,12.8,19.5,20.5,15.1,18.3,17.2,반등,3.2,15.8,28.6,31.8,40.9,2023
경기,41,이천시,41500,고,이현고등학교,공립,경기도 이천시 갈산동,UzA5MDAwNTkwNg==,26.3,28.1,23.0,16.6,33.6,25.5,반등,17.0,26.1,26.5,22.4,17.2,32.2,24.9,반등,14.9,42.0,29.2,41.9,16.3,2025
경기,41,이천시,41500,고,율면고등학교,공립,경기도 이천시 율면,UzA5MDAwMDc1Mw==,10.7,39.3,17.3,43.3,21.9,26.5,하락,21.3,11.0,37.8,17.4,41.7,21.8,26.0,하락,19.9,25.0,22.2,22.2,25.0,2024
경기,41,이천시,41500,고,이천고등학교,공립,경기도 이천시 증포동,UzA5MDAwMDc2MA==,9.3,7.1,6.1,8.9,20.1,10.3,연속↑,11.1,8.4,7.1,5.7,8.5,19.8,9.9,연속↑,11.3,20.0,23.1,27.8,12.5,2025
경기,41,이천시,41500,고,한국도예고등학교,공립,경기도 이천시 신둔면,UzA5MDAwMDg1NA==,7.1,14.4,9.5,23.2,18.5,14.5,하락,4.7,6.9,15.0,10.8,23.3,19.3,15.1,하락,4.0,12.9,26.2,30.6,18.5,2024
경기,41,이천시,41500,고,장호원고등학교,공립,경기도 이천시 장호원읍,UzA5MDAwMDc4MQ==,15.6,23.2,14.0,12.5,16.0,16.3,반등,3.5,15.9,26.8,16.0,13.6,16.9,17.9,반등,3.3,12.7,22.9,17.9,19.6,2022
경기,41,이천시,41500,고,이천양정여자고등학교,사립,경기도 이천시 영창로,UzA5MDAwMDc2Mw==,6.5,5.4,11.4,10.2,17.7,10.3,반등,7.5,6.1,5.1,10.8,9.7,16.9,9.7,반등,7.2,18.7,12.4,28.7,7.6,2025
경기,41,이천시,41500,고,이천세무고등학교,공립,경기도 이천시 설성면,UzA5MDAwMDQ1MA==,12.8,12.9,22.5,10.6,12.2,14.2,반등,1.7,14.0,13.7,23.5,11.3,11.5,14.8,반등,0.2,5.9,8.8,27.0,75.7,2023
경기,41,이천시,41500,고,이천제일고등학교,공립,경기도 이천시 안흥동,UzA5MDAwMDc2Mg==,6.2,4.7,5.9,5.2,13.4,7.1,반등,8.2,6.6,4.9,5.4,5.2,11.2,6.7,반등,6.0,50.0,22.7,27.3,78.8,2025
경기,41,이천시,41500,고,다산고등학교,사립,경기도 이천시 사음동,UzA5MDAwMDc2NQ==,7.1,6.1,7.4,13.2,10.1,8.8,하락,3.1,6.7,6.1,7.4,14.1,10.8,9.0,하락,3.4,11.9,22.7,13.6,42.9,2024
경기,41,이천시,41500,고,마장고등학교,공립,경기도 이천시 마장면,UzA5MDAwMDU0OA==,6.8,14.4,8.1,8.6,17.9,11.2,연속↑,9.3,7.1,14.7,8.0,8.3,9.0,9.4,연속↑,0.7,17.7,20.7,19.5,17.1,2022
경기,41,이천시,41500,고,부원고등학교,사립,경기도 이천시 장호원읍,UzA5MDAwMDc4MA==,6.5,10.5,13.0,10.3,7.8,9.6,연속↓,2.5,6.2,9.7,12.0,10.1,7.3,9.1,연속↓,2.8,17.6,3.8,7.5,32.5,2023
경기,41,이천시,41500,고,효양고등학교,공립,경기도 이천시 부발읍,UzA5MDAwNDkxNw==,8.5,7.1,25.8,24.6,7.4,14.7,연속↓,17.2,7.7,6.6,25.8,22.6,7.3,14.0,연속↓,15.3,8.2,8.2,15.2,3.9,2023
경기,41,연천군,41800,중,대광중학교,공립,경기도 연천군 신서면,UzA5MDAwMzQwNw==,34.6,37.7,54.1,48.0,44.2,43.7,연속↓,3.8,34.2,37.5,54.1,48.1,43.4,43.5,연속↓,4.8,71.4,42.9,57.1,42.9,2023
경기,41,연천군,41800,중,청산중학교,공립,경기도 연천군 청산면,UzA5MDAwMzQxMQ==,24.5,30.0,31.6,30.1,34.9,30.2,반등,4.8,23.7,28.0,31.6,31.5,35.6,30.1,반등,4.1,33.3,50.0,50.0,40.0,2025
경기,41,연천군,41800,중,군남중학교,공립,경기도 연천군 군남면,UzA5MDAwMzQwNg==,24.2,25.7,19.2,25.7,28.5,24.6,연속↑,2.8,22.8,23.2,17.7,25.0,28.8,23.5,연속↑,3.8,40.0,54.5,45.5,60.0,2025
경기,41,연천군,41800,중,전곡중학교,공립,경기도 연천군 전곡읍,UzA5MDAwMzQxMA==,28.3,18.0,23.5,33.3,27.2,26.1,하락,6.1,26.9,17.4,23.4,33.5,27.5,25.7,하락,6.0,27.6,36.5,35.0,35.7,2024
경기,41,연천군,41800,중,백학중학교,공립,경기도 연천군 백학면,UzA5MDAwMzQwOA==,18.3,17.0,12.1,18.1,26.0,18.3,연속↑,7.8,17.8,16.2,12.2,17.9,25.1,17.9,연속↑,7.2,35.3,35.3,52.9,72.2,2025
경기,41,연천군,41800,중,연천중학교,공립,경기도 연천군 연천읍,UzA5MDAwMzQwOQ==,32.4,24.6,35.4,27.2,18.2,27.6,연속↓,9.0,31.8,23.4,34.3,26.9,17.4,26.7,연속↓,9.5,35.3,25.0,38.2,61.8,2023
경기,41,연천군,41800,고,전곡고등학교,공립,경기도 연천군 전곡읍,UzA5MDAwMDc4Ng==,8.3,14.0,12.1,7.4,12.9,10.9,반등,5.5,7.8,13.5,11.6,7.1,12.4,10.5,반등,5.2,21.7,14.3,19.0,47.1,2022
경기,41,연천군,41800,고,연천고등학교,공립,경기도 연천군 연천읍,UzA5MDAwMDcyNg==,4.9,4.1,4.9,13.2,7.5,6.9,하락,5.7,4.8,3.6,4.6,13.2,7.0,6.6,하락,6.3,14.0,4.9,9.3,69.8,2024
경기,41,처인구,41461,중,고진중학교,공립,경기도 용인시 처인구,UzA5MDAwNjAyNw==,,,,27.1,44.6,35.9,상승,17.5,,,,27.7,44.5,36.1,상승,16.8,39.3,46.4,62.3,23.2,2025
경기,41,처인구,41461,중,용신중학교,공립,경기도 용인시 처인구,UzA5MDAwNDk3Nw==,29.3,22.1,32.3,40.5,40.4,32.9,하락,,29.5,22.0,32.4,40.4,40.3,32.9,하락,0.1,38.0,45.3,60.6,25.5,2024
경기,41,처인구,41461,중,한숲중학교,공립,경기도 용인시 처인구,UzA5MDAwNjAzNg==,38.5,24.2,37.2,35.9,37.4,34.7,반등,1.5,39.1,24.0,38.1,36.2,37.5,35.0,반등,1.4,53.6,42.2,47.0,26.2,2021
경기,41,처인구,41461,중,고림중학교,공립,경기도 용인시 처인구,UzA5MDAwNTQ2OA==,25.5,23.6,30.5,34.5,32.0,29.2,하락,2.5,25.7,23.6,30.7,35.1,32.7,29.6,하락,2.4,40.6,47.2,31.5,42.3,2024
경기,41,처인구,41461,중,남사중학교,사립,경기도 용인시 처인구,UzA5MDAwMzQ3MQ==,30.1,19.9,21.9,30.2,29.9,26.4,하락,0.3,29.5,19.5,22.8,29.4,29.4,26.1,→보합,,44.4,35.3,55.6,65.4,2021
경기,41,처인구,41461,중,용동중학교,사립,경기도 용인시 처인구,UzA5MDAwMzQ4NQ==,35.6,27.7,35.5,32.3,29.6,32.1,연속↓,2.7,35.5,28.2,35.5,33.3,29.2,32.3,연속↓,4.1,29.7,31.1,37.4,41.4,2023
경기,41,처인구,41461,중,용인중학교,공립,경기도 용인시 처인구,UzA5MDAwMzQ4Nw==,30.4,20.9,34.0,35.8,28.3,29.9,하락,7.6,30.9,20.8,34.3,36.5,28.5,30.2,하락,8.0,29.0,39.7,36.8,44.3,2024
경기,41,처인구,41461,중,영문중학교,공립,경기도 용인시처인구 포곡읍,UzA5MDAwMzQ4NA==,23.7,25.4,28.3,30.7,27.9,27.2,하락,2.8,24.1,25.8,28.6,31.5,28.4,27.7,하락,3.1,33.9,33.1,28.5,41.2,2024
경기,41,처인구,41461,중,도현중학교,공립,경기도 용인시 처인구,UzA5MDAwODAyMw==,,,,,27.9,27.9,-,,,,,,28.1,28.1,-,,27.3,33.3,38.6,39.4,2025
경기,41,처인구,41461,중,용천중학교,공립,경기도 용인시 처인구,UzA5MDAwNTQwNw==,29.3,22.7,34.5,27.6,28.6,28.6,반등,0.9,28.5,22.1,34.2,27.6,28.0,28.1,반등,0.4,44.7,30.8,32.7,38.9,2023
경기,41,처인구,41461,중,원삼중학교,공립,경기도 용인시 처인구,UzA5MDAwMzQ4OA==,27.1,14.2,15.1,17.3,28.7,20.5,연속↑,11.3,27.8,14.1,15.1,16.7,27.8,20.3,연속↑,11.1,41.4,31.0,38.7,51.6,2025
경기,41,처인구,41461,중,모현중학교,공립,경기도 용인시 처인구,UzA5MDAwMzQ3Mw==,28.3,25.5,35.8,33.3,26.9,30.0,연속↓,6.4,27.9,25.0,35.8,33.5,27.2,29.9,연속↓,6.3,34.8,36.9,35.4,39.8,2023
경기,41,처인구,41461,중,헌산중학교,사립,경기도 용인시 처인구,UzA5MDAwNDg5NA==,30.7,28.2,35.5,34.3,27.4,31.2,연속↓,7.0,30.3,27.8,35.4,33.1,26.3,30.6,연속↓,6.7,39.1,26.1,41.7,40.7,2023
경기,41,처인구,41461,중,백암중학교,공립,경기도 용인시 처인구,UzA5MDAwMzQ3NQ==,11.3,14.2,22.2,27.7,26.1,20.3,하락,1.6,11.4,13.6,21.8,27.2,24.8,19.8,하락,2.4,57.7,34.3,33.3,57.7,2024
경기,41,처인구,41461,중,포곡중학교,공립,경기도 용인시 처인구,UzA5MDAwMzQ5Mw==,20.0,18.6,25.5,22.9,23.9,22.2,반등,1.0,19.4,18.0,25.1,22.7,24.4,21.9,반등,1.7,20.9,31.6,30.2,45.7,2023
경기,41,처인구,41461,중,태성중학교,사립,경기도 용인시 처인구,UzA5MDAwMzQ5Mg==,16.7,14.6,20.5,24.0,22.6,19.7,하락,1.5,16.7,14.4,20.5,24.1,22.5,19.7,하락,1.6,18.2,27.3,33.0,60.0,2024
경기,41,처인구,41461,중,송전중학교,공립,경기도 용인시 처인구,UzA5MDAwMzQ4MQ==,28.8,21.6,27.1,26.8,20.3,24.9,연속↓,6.5,28.3,22.0,26.4,26.7,19.5,24.6,하락,7.3,28.9,17.2,28.9,58.0,2021
경기,41,처인구,41461,고,용인한국외국어대학교부설고등학교,사립,경기도 용인시 처인구,UzA5MDAwNTE3MA==,71.9,73.2,60.7,75.8,82.5,72.8,연속↑,6.7,70.3,75.9,59.5,74.0,81.2,72.2,연속↑,7.2,90.8,73.6,86.1,,2025
경기,41,처인구,41461,고,태성고등학교,사립,경기도 용인시 처인구,UzA5MDAwMDgyMg==,12.4,11.8,13.3,25.5,32.3,19.1,연속↑,6.8,12.5,12.8,13.9,27.2,33.4,20.0,연속↑,6.2,37.3,40.5,27.9,11.9,2025
경기,41,처인구,41461,고,용인삼계고등학교,공립,경기도 용인시 처인구,UzA5MDAwNjkyMQ==,17.2,12.3,11.5,17.9,24.0,16.6,연속↑,6.1,15.9,12.6,11.1,19.2,22.4,16.2,연속↑,3.2,35.7,16.1,28.6,12.5,2025
경기,41,처인구,41461,고,포곡고등학교,공립,경기도 용인시 처인구,UzA5MDAwNTY2MA==,20.8,18.2,24.7,25.6,21.7,22.2,하락,3.8,21.7,18.8,24.2,27.0,22.2,22.8,하락,4.8,18.1,32.8,24.3,9.7,2024
경기,41,처인구,41461,고,용인고등학교,공립,경기도 용인시 처인구,UzA5MDAwMDc0MA==,10.6,12.5,15.4,8.5,15.6,12.5,반등,7.1,11.3,13.5,16.2,9.0,17.2,13.4,반등,8.2,13.0,28.1,12.9,8.7,2025
경기,41,처인구,41461,고,처인고등학교,공립,경기도 용인시 처인구,UzA5MDAwNzQzOQ==,9.2,12.2,12.0,11.5,17.4,12.5,반등,5.9,8.4,11.2,10.7,10.5,16.9,11.5,반등,6.4,16.6,18.7,23.5,33.2,2025
경기,41,처인구,41461,고,백암고등학교,공립,경기도 용인시 처인구,UzA5MDAwMDU2Ng==,3.6,14.7,18.0,13.2,14.5,12.8,반등,1.3,3.5,15.3,18.2,13.3,14.6,13.0,반등,1.3,21.3,18.0,14.8,49.2,2023
경기,41,처인구,41461,고,고림고등학교,공립,경기도 용인시 처인구,UzA5MDAwNjkyNA==,11.2,7.1,13.8,11.8,14.5,11.7,반등,2.7,10.4,6.3,13.1,11.4,14.0,11.0,반등,2.7,16.6,12.7,18.3,27.0,2025
경기,41,처인구,41461,고,덕영고등학교,사립,경기도 용인시 처인구,UzA5MDAwMDc0NA==,7.2,8.1,7.5,10.3,11.5,8.9,연속↑,1.3,6.9,7.8,6.7,10.1,11.1,8.5,연속↑,1.0,14.6,8.6,12.8,41.3,2025
경기,41,처인구,41461,고,용인바이오고등학교,공립,경기도 용인시 처인구,UzA5MDAwMDc0MQ==,11.2,14.4,6.2,11.9,8.2,10.4,하락,3.7,10.5,14.2,6.0,10.8,7.3,9.8,하락,3.5,6.7,1.7,21.0,45.0,2022
경기,41,평택시,41220,중,배다리중학교,공립,경기도 평택시 죽백4로,UzA5MDAwNzkzMA==,,,,48.9,51.0,49.9,상승,2.1,,,,49.3,50.9,50.1,상승,1.5,59.9,54.9,54.2,27.5,2025
경기,41,평택시,41220,중,포승중학교,공립,경기도 평택시 포승읍,UzA5MDAwNDAwNA==,32.3,32.2,43.2,33.9,43.6,37.0,반등,9.7,32.5,32.0,43.4,34.0,43.3,37.1,반등,9.4,42.6,61.7,55.3,29.5,2023
경기,41,평택시,41220,중,용이중학교,공립,경기도 평택시 용이동,UzA5MDAwNzIzNw==,30.4,29.5,37.2,35.9,40.5,34.7,반등,4.5,30.8,29.2,37.7,36.5,40.9,35.0,반등,4.4,38.3,47.4,56.0,23.1,2025
경기,41,평택시,41220,중,안일중학교,공립,경기도 평택시 안중읍,UzA5MDAwMzk5Mw==,34.8,27.7,36.6,36.9,39.3,35.1,연속↑,2.3,34.9,27.6,36.5,37.2,39.8,35.2,연속↑,2.6,43.5,49.0,43.3,33.9,2025
경기,41,평택시,41220,중,해창중학교,공립,경기도 평택시 고덕국제5로,UzA5MDAwNzg4Mw==,,,,36.3,38.2,37.2,상승,2.0,,,,38.3,38.3,38.3,→보합,,42.0,46.2,52.7,38.4,2025
경기,41,평택시,41220,중,비전중학교,공립,경기도 평택시 비전동,UzA5MDAwNTE3NA==,37.2,30.6,37.2,36.6,38.3,36.0,반등,1.7,37.9,30.0,37.0,36.6,37.3,35.8,반등,0.8,51.8,43.2,40.8,33.3,2021
경기,41,평택시,41220,중,평택여자중학교,공립,경기도 평택시 비전2동,UzA5MDAwNDAwMg==,35.4,28.1,40.8,35.2,36.7,35.2,반등,1.5,35.5,27.8,41.1,35.7,36.9,35.4,반등,1.2,37.4,44.7,40.9,27.5,2023
경기,41,평택시,41220,중,한광중학교,사립,경기도 평택시 비전동,UzA5MDAwNDAwNg==,40.7,26.1,34.3,35.8,35.2,34.4,하락,0.6,40.6,26.0,34.4,35.5,34.9,34.3,하락,0.6,46.6,42.2,49.0,22.2,2021
경기,41,평택시,41220,중,세교중학교,공립,경기도 평택시 세교동,UzA5MDAwMzk4OA==,31.4,23.2,35.4,32.1,34.5,31.3,반등,2.4,31.6,22.7,35.2,32.0,34.1,31.1,반등,2.2,41.8,39.0,41.5,40.2,2023
경기,41,평택시,41220,중,신한중학교,사립,경기도 평택시 비전동,UzA5MDAwMzk5Mg==,25.3,23.6,30.4,27.7,32.9,28.0,반등,5.2,24.4,23.8,31.2,28.7,33.2,28.3,반등,4.5,36.0,47.4,40.3,37.4,2025
경기,41,평택시,41220,중,민세중학교,공립,경기도 평택시 고덕동,UzA5MDAwNzU3Mg==,,,30.7,31.4,33.2,31.8,연속↑,1.7,,,31.3,31.3,32.9,31.8,상승,1.6,37.2,45.3,47.4,31.8,2025
경기,41,평택시,41220,중,장당중학교,공립,경기도 평택시 장당길,UzA5MDAwNTE2MQ==,46.9,30.5,46.3,37.5,33.5,38.9,연속↓,4.0,46.3,30.4,45.7,36.9,32.8,38.4,연속↓,4.1,41.2,35.5,42.6,47.2,2021
경기,41,평택시,41220,중,동삭중학교,공립,경기도 평택시 동삭동,UzA5MDAwNzYyOA==,,,,27.2,32.5,29.8,상승,5.3,,,,26.6,32.3,29.5,상승,5.7,33.2,32.7,46.2,31.1,2025
경기,41,평택시,41220,중,현화중학교,공립,경기도 평택시 안중읍,UzA5MDAwNDAwNw==,32.3,26.9,32.8,31.5,29.9,30.7,연속↓,1.6,32.3,26.8,32.5,31.2,28.7,30.3,연속↓,2.5,33.5,32.2,44.1,43.7,2023
경기,41,평택시,41220,중,안중중학교,사립,경기도 평택시 안중읍,UzA5MDAwMzk5NA==,20.9,18.5,27.2,26.4,27.3,24.0,반등,0.8,21.6,18.7,28.6,27.2,28.6,25.0,반등,1.4,23.0,45.8,33.9,48.5,2025
경기,41,평택시,41220,중,청옥중학교,공립,경기도 평택시 청북읍,UzA5MDAwNTg4Nw==,24.2,27.7,32.1,28.0,27.7,27.9,연속↓,0.3,23.0,27.2,30.8,28.4,27.9,27.5,연속↓,0.5,26.5,32.5,37.6,35.8,2023
경기,41,평택시,41220,중,평택중학교,공립,경기도 평택시 용죽2로,UzA5MDAwNDAwMw==,36.8,26.3,29.6,32.8,28.8,30.9,하락,4.0,36.5,25.4,29.3,31.7,27.7,30.1,하락,3.9,43.9,32.1,41.0,34.1,2021
경기,41,평택시,41220,중,도곡중학교,공립,경기도 평택시 포승읍,UzA5MDAwNTM0NQ==,27.6,20.2,27.8,29.3,27.2,26.4,하락,2.1,27.5,20.0,27.6,29.5,26.7,26.2,하락,2.9,58.4,39.1,32.1,61.2,2024
경기,41,평택시,41220,중,진위중학교,사립,경기도 평택시 진위면,UzA5MDAwMzk5Nw==,29.2,24.1,29.5,29.0,26.4,27.7,연속↓,2.6,29.0,23.8,29.7,29.0,26.5,27.6,연속↓,2.5,35.8,28.1,28.1,35.5,2023
경기,41,평택시,41220,중,한광여자중학교,사립,경기도 평택시 비전2동,UzA5MDAwNDAwNQ==,31.7,29.1,47.1,33.9,27.6,33.9,연속↓,6.3,30.9,28.5,46.4,32.1,26.2,32.8,연속↓,5.9,32.3,23.3,42.9,60.9,2023
경기,41,평택시,41220,중,이충중학교,공립,경기도 평택시 이충동,UzA5MDAwNTM1NA==,33.2,22.7,33.5,28.2,25.0,28.5,연속↓,3.2,32.7,21.6,32.0,27.5,24.5,27.7,연속↓,3.0,24.8,25.5,40.4,49.1,2021
경기,41,평택시,41220,중,청담중학교,사립,경기도 평택시 팽성읍,UzA5MDAwMzk5OA==,21.2,21.9,27.3,22.8,23.5,23.3,반등,0.7,20.7,21.1,26.0,22.1,22.8,22.5,반등,0.7,36.7,24.8,31.7,61.7,2023
경기,41,평택시,41220,중,청북중학교,공립,경기도 평택시 청북면,UzA5MDAwMzk5OQ==,18.4,24.2,24.5,21.1,22.3,22.1,반등,1.2,18.5,24.2,25.0,21.5,22.7,22.4,반등,1.2,37.0,29.6,33.3,41.7,2023
경기,41,평택시,41220,중,효명중학교,사립,경기도 평택시 장당동,UzA5MDAwNDAwOA==,29.1,20.8,31.2,26.4,21.3,25.8,연속↓,5.1,29.1,20.1,31.5,26.1,21.0,25.6,연속↓,5.1,32.5,25.8,23.9,65.1,2023
경기,41,평택시,41220,중,태광중학교,사립,경기도 평택시 신장동,UzA5MDAwNDAwMA==,19.2,18.2,19.3,20.8,21.2,19.7,연속↑,0.4,19.9,17.4,18.8,19.8,20.3,19.2,연속↑,0.4,36.3,17.9,30.7,54.7,2025
경기,41,평택시,41220,중,평택화양중학교,공립,경기도 평택시 현덕면,UzA5MDAwODA2NA==,,,,,21.3,21.3,-,,,,,,19.0,19.0,-,,33.3,11.1,33.3,50.0,2025
경기,41,평택시,41220,중,오성중학교,사립,경기도 평택시 오성면,UzA5MDAwMzk5NQ==,22.5,17.1,27.9,22.3,18.3,21.6,연속↓,4.0,22.0,16.6,27.4,21.8,18.1,21.2,연속↓,3.6,27.9,32.3,25.6,55.8,2023
경기,41,평택시,41220,중,송탄중학교,공립,경기도 평택시 지산동,UzA5MDAwMzk5MA==,27.3,16.6,22.5,19.0,17.3,20.6,연속↓,1.7,28.6,16.7,22.7,19.0,17.4,20.9,연속↓,1.6,19.2,23.3,29.5,63.7,2021
경기,41,평택시,41220,중,라온중학교,사립,경기도 평택시 서정동,UzA5MDAwMzk4OQ==,21.5,17.3,19.2,17.3,17.6,18.6,반등,0.2,21.6,17.6,19.9,17.5,17.3,18.8,연속↓,0.2,20.7,25.0,27.6,54.9,2021
경기,41,평택시,41220,중,은혜중학교,사립,경기 평택시 장안웃길,UzA5MDAwMzk5Ng==,21.1,20.1,17.9,19.1,15.9,18.8,하락,3.2,20.9,19.8,17.9,18.4,15.2,18.4,하락,3.1,21.7,13.3,25.2,56.1,2021
경기,41,평택시,41220,고,태광고등학교,사립,경기도 평택시 신장동,UzA5MDAwMDgyMQ==,10.1,6.1,25.8,19.7,25.7,17.5,반등,6.0,9.3,5.5,25.9,19.6,24.9,17.0,반등,5.3,21.6,20.0,38.7,26.6,2023
경기,41,평택시,41220,고,평택마이스터고등학교,공립,경기도 평택시 비전동,UzA5MDAwMDgzOA==,18.5,25.8,19.0,16.0,19.4,19.7,반등,3.4,19.4,24.3,17.5,15.6,18.6,19.1,반등,3.0,36.7,14.4,24.2,25.5,2022
경기,41,평택시,41220,고,한광고등학교,사립,경기도 평택시 비전동,UzA5MDAwMDg1MQ==,10.5,5.4,12.8,16.8,15.9,12.3,하락,0.9,10.0,5.0,11.8,16.7,17.7,12.3,연속↑,1.0,7.6,29.1,12.5,5.7,2025
경기,41,평택시,41220,고,라온고등학교,사립,경기도 평택시 서정동,UzA5MDAwMDYzNw==,8.8,7.3,8.8,7.2,17.6,9.9,반등,10.4,8.0,6.6,7.8,6.4,17.4,9.2,반등,11.1,28.8,17.6,15.9,48.1,2025
경기,41,평택시,41220,고,효명고등학교,사립,경기도 평택시 장당동,UzA5MDAwMDg3MQ==,8.5,9.7,15.1,15.9,17.1,13.3,연속↑,1.1,7.8,8.4,14.5,14.5,17.4,12.5,상승,2.9,11.5,22.5,21.7,25.0,2025
경기,41,평택시,41220,고,이충고등학교,공립,경기도 평택시 이충동,UzA5MDAwNTY3Mg==,6.7,7.7,5.9,17.4,16.6,10.9,하락,0.8,6.4,7.4,5.7,18.0,16.0,10.7,하락,2.0,20.4,15.7,20.4,40.1,2024
경기,41,평택시,41220,고,한광여자고등학교,사립,경기도 평택시 비전2동,UzA5MDAwMDg1Mg==,23.8,19.0,23.8,18.9,15.3,20.1,연속↓,3.5,23.9,19.2,24.7,18.3,15.4,20.3,연속↓,2.8,19.0,18.4,16.7,5.8,2023
경기,41,평택시,41220,고,송탄고등학교,공립,경기도 평택시 이충동,UzA5MDAwMDYzNg==,7.1,4.6,7.1,7.3,14.7,8.2,연속↑,7.4,7.2,4.2,7.2,6.9,14.8,8.0,반등,7.9,17.3,16.9,17.5,11.3,2025
경기,41,평택시,41220,고,신한고등학교,사립,경기도 평택시 비전2동,UzA5MDAwMDY2Ng==,26.8,16.5,21.4,7.4,12.8,17.0,반등,5.4,28.0,19.1,22.8,6.4,12.1,17.7,반등,5.7,19.3,8.4,12.7,20.2,2021
경기,41,평택시,41220,고,비전고등학교,공립,경기도 평택시 비전동,UzA5MDAwNjUzOQ==,2.8,3.9,8.5,3.5,11.8,6.1,반등,8.3,2.5,4.0,8.2,3.5,11.6,6.0,반등,8.2,10.0,12.4,18.7,18.1,2025
경기,41,평택시,41220,고,한국관광고등학교,사립,경기도 평택시 고덕면,UzA5MDAwMDg1Mw==,13.1,9.8,2.7,10.8,11.1,9.5,연속↑,0.3,12.9,9.5,2.7,10.7,11.0,9.4,연속↑,0.3,15.7,12.9,17.1,45.7,2021
경기,41,평택시,41220,고,현화고등학교,공립,경기도 평택시 안중읍,UzA5MDAwNTI5MA==,7.3,7.4,10.5,13.8,11.5,10.1,하락,2.3,6.8,6.9,10.2,12.7,10.4,9.4,하락,2.3,20.0,3.7,14.9,24.3,2024
경기,41,평택시,41220,고,은혜고등학교,사립,경기도 평택시 장안웃길,UzA5MDAwMDc1NQ==,7.2,7.0,9.9,13.7,11.2,9.8,하락,2.5,7.3,6.6,9.7,13.1,10.2,9.4,하락,2.9,14.1,5.8,16.7,58.2,2024
경기,41,평택시,41220,고,청북고등학교,공립,경기도 평택시 청북읍,UzA5MDAwNTgwNA==,6.2,9.3,9.8,11.0,10.5,9.4,하락,0.5,5.5,8.6,9.0,10.3,10.2,8.7,하락,0.1,18.2,8.5,9.2,37.1,2024
경기,41,평택시,41220,고,평택고등학교,공립,경기도 평택시 비전동,UzA5MDAwMDgzNw==,10.4,4.2,11.3,12.6,10.8,9.9,하락,1.8,9.3,3.7,10.5,12.2,9.7,9.1,하락,2.5,11.0,4.6,23.8,30.0,2024
경기,41,평택시,41220,고,진위고등학교,사립,경기도 평택시 진위면,UzA5MDAwMDgxMA==,8.5,8.5,9.3,8.7,10.0,9.0,반등,1.4,8.9,8.4,9.0,8.9,9.6,9.0,반등,0.7,18.9,13.7,17.9,71.2,2025
경기,41,평택시,41220,고,동일공업고등학교,사립,경기도 평택시 비전동,UzA5MDAwMDU0NA==,7.3,9.4,6.8,5.1,8.8,7.5,반등,3.7,7.3,9.2,7.0,5.5,9.5,7.7,반등,4.0,3.9,14.5,12.3,35.6,2025
경기,41,평택시,41220,고,평택여자고등학교,공립,경기도 평택시 영신로,UzA5MDAwMDg0MA==,5.5,4.5,4.6,6.6,8.6,6.0,연속↑,2.0,5.9,4.2,4.1,7.2,9.1,6.1,연속↑,2.0,11.0,23.1,9.1,59.9,2025
경기,41,평택시,41220,고,청담고등학교,사립,경기도 평택시 팽성읍,UzA5MDAwMDgxMw==,10.1,7.3,9.8,12.0,9.0,9.6,하락,3.0,10.2,6.7,9.3,11.8,8.5,9.3,하락,3.3,15.2,5.8,9.8,69.1,2024
경기,41,평택시,41220,고,경기물류고등학교,공립,경기물류고등학교,UzA5MDAwMDY5OQ==,11.4,9.2,10.9,4.4,7.7,8.7,반등,3.3,11.7,9.1,10.5,4.4,7.5,8.7,반등,3.0,15.9,9.3,7.3,69.9,2021
경기,41,평택시,41220,고,안중고등학교,사립,경기도 평택시 안중읍,UzA5MDAwMDcwMQ==,7.8,5.1,5.4,5.8,7.5,6.3,연속↑,1.7,7.2,5.0,4.9,5.5,5.3,5.6,하락,0.3,11.4,3.6,14.3,86.0,2021
경기,41,양주시,41630,중,고암중학교,공립,경기도 양주시 덕정동,UzA5MDAwMTc3MQ==,32.6,30.6,41.2,34.8,38.5,35.5,반등,3.7,32.2,29.7,41.0,34.6,39.6,35.4,반등,5.1,40.1,58.0,43.3,27.6,2023
경기,41,양주시,41630,중,옥정중학교,공립,경기도 양주시 옥정동,UzA5MDAwNjgwNQ==,25.5,25.4,30.8,33.4,33.1,29.6,하락,0.4,25.7,24.9,32.0,34.8,34.4,30.3,하락,0.5,35.8,56.7,35.1,25.8,2024
경기,41,양주시,41630,중,덕정중학교,공립,경기도 양주시 화합로,UzA5MDAwMTc3NA==,31.1,24.4,34.8,30.5,34.4,31.0,반등,3.9,30.3,23.6,33.3,29.2,33.8,30.1,반등,4.6,55.8,38.0,34.1,46.4,2025
경기,41,양주시,41630,중,남문중학교,사립,경기도 양주시 남면,UzA5MDAwMTc3Mg==,26.8,17.2,28.3,34.3,31.5,27.6,하락,2.8,26.2,16.8,28.4,34.1,31.1,27.3,하락,3.1,41.1,34.3,40.9,33.3,2024
경기,41,양주시,41630,중,삼숭중학교,공립,경기도 양주시 삼숭로38번길,UzA5MDAwNTE1OQ==,29.8,24.0,34.9,35.9,31.0,31.1,하락,4.9,30.3,23.6,35.1,35.1,29.8,30.8,하락,5.3,40.5,30.2,38.8,44.8,2024
경기,41,양주시,41630,중,옥빛중학교,공립,경기도 양주시 옥정동,UzA5MDAwNjA2MA==,31.2,22.6,32.4,29.4,28.8,28.9,연속↓,0.6,31.0,22.2,32.0,29.1,29.2,28.7,반등,0.1,32.5,37.5,33.9,38.5,2023
경기,41,양주시,41630,중,덕현중학교,공립,경기도 양주시 고읍동,UzA5MDAwNTEzMw==,25.8,27.1,36.0,27.0,30.2,29.2,반등,3.2,26.2,27.2,34.7,26.3,29.1,28.7,반등,2.8,48.2,29.9,39.5,47.5,2023
경기,41,양주시,41630,중,덕계중학교,공립,경기도 양주시 덕계동,UzA5MDAwMTc3Mw==,25.5,20.8,31.5,27.3,28.7,26.7,반등,1.4,25.2,19.8,30.5,26.8,27.8,26.0,반등,1.0,34.6,27.5,43.0,45.8,2023
경기,41,양주시,41630,중,양주백석중학교,공립,경기도 양주시 백석읍,UzA5MDAwMTc4MA==,28.9,22.7,29.1,20.4,27.4,25.7,반등,7.1,28.7,21.9,28.4,19.8,25.9,24.9,반등,6.1,48.2,20.5,35.8,58.0,2021
경기,41,양주시,41630,중,회천중학교,공립,경기도 양주시 고암동,UzA5MDAwNTM2Mg==,26.1,16.7,27.6,33.7,25.7,25.9,하락,7.9,25.9,16.5,26.9,34.3,25.8,25.9,하락,8.5,40.1,34.8,39.4,40.9,2024
경기,41,양주시,41630,중,조양중학교,사립,경기도 양주시 광적면,UzA5MDAwMTc4MQ==,21.3,17.2,27.0,24.8,26.9,23.4,반등,2.1,20.5,16.2,26.8,24.3,25.8,22.7,반등,1.5,35.4,22.8,43.0,51.9,2023
경기,41,양주시,41630,중,율정중학교,공립,경기도 양주시 옥정동,UzA5MDAwNjA1Ng==,,,,25.8,17.1,21.5,하락,8.7,,,,25.9,17.9,21.9,하락,8.1,10.3,23.7,33.0,44.6,2024
경기,41,양주시,41630,고,덕정고등학교,공립,경기도 양주시 고암동,UzA5MDAwMDUzMg==,5.9,7.1,11.4,9.3,36.6,14.0,반등,27.3,5.2,7.0,11.1,9.6,36.5,13.9,반등,27.0,47.1,38.0,40.1,13.6,2025
경기,41,양주시,41630,고,덕계고등학교,공립,경기도 양주시 덕계동,UzA5MDAwNDkwOA==,8.7,11.5,10.0,9.7,30.3,14.0,반등,20.6,7.8,11.1,9.4,9.8,28.7,13.3,연속↑,18.9,42.7,19.9,31.4,12.3,2025
경기,41,양주시,41630,고,옥빛고등학교,공립,경기도 양주시 옥정로4길,UzA5MDAwNzQwOQ==,11.7,12.8,9.1,8.3,20.7,12.5,반등,12.5,11.9,12.4,9.1,8.3,20.1,12.4,반등,11.7,19.9,18.6,28.5,39.5,2025
경기,41,양주시,41630,고,옥정고등학교,공립,경기도 양주시 옥정동,UzA5MDAwNjc2NQ==,11.6,13.0,10.7,9.7,20.0,13.0,반등,10.3,11.3,11.9,10.2,9.0,19.4,12.3,반등,10.4,17.1,20.9,30.5,21.6,2025
경기,41,양주시,41630,고,한국외식과학고등학교,사립,경기도 양주시 남면,UzA5MDAwMDUxNw==,13.1,13.2,20.5,14.9,18.9,16.1,반등,4.1,12.7,14.2,20.9,15.4,19.0,16.4,반등,3.6,10.2,20.8,33.0,29.9,2023
경기,41,양주시,41630,고,양주고등학교,공립,경기도 양주시 삼숭동,UzA5MDAwNTM4MQ==,11.0,16.3,13.7,10.0,19.6,14.1,반등,9.6,10.9,16.6,13.6,9.6,18.8,13.9,반등,9.2,17.0,16.1,29.0,35.0,2025
경기,41,양주시,41630,고,덕현고등학교,공립,경기도 양주시 고읍북로,UzA5MDAwNTc5Ng==,9.4,17.5,17.0,17.5,15.5,15.4,하락,2.0,9.3,16.6,16.5,16.7,16.6,15.1,하락,,6.5,25.9,21.5,16.1,2024
경기,41,양주시,41630,고,양주백석고등학교,공립,경기도 양주시 백석읍,UzA5MDAwNTI4MA==,7.8,13.5,14.9,11.9,13.5,12.3,반등,1.6,7.4,13.2,14.6,11.2,12.1,11.7,반등,0.9,19.4,4.8,22.7,33.5,2023
경기,41,팔달구,41115,중,정천중학교,공립,경기도 수원시 팔달구,UzA5MDAwNDg2Mg==,35.7,33.2,40.5,41.0,37.8,37.6,하락,3.2,37.8,32.4,39.6,41.1,37.9,37.8,하락,3.2,40.4,40.0,43.8,30.6,2024
경기,41,팔달구,41115,중,영복여자중학교,사립,경기도 수원시 팔달구,UzA5MDAwMjQzMQ==,31.5,28.5,41.9,38.8,35.9,35.3,연속↓,2.9,31.3,28.2,40.8,37.9,36.3,34.9,연속↓,1.7,36.7,45.0,43.6,34.3,2023
경기,41,팔달구,41115,중,수원중학교,사립,경기도 수원시 팔달구,UzA5MDAwMjQyNQ==,25.7,21.7,32.5,30.9,29.4,28.0,연속↓,1.4,26.6,21.8,33.6,31.2,29.4,28.5,연속↓,1.8,38.8,37.3,38.3,46.8,2023
경기,41,팔달구,41115,중,율현중학교,공립,경기도 수원시 팔달구,UzA5MDAwMjQzNw==,34.7,27.1,31.5,33.4,30.0,31.3,하락,3.4,35.1,26.6,32.2,33.4,29.0,31.3,하락,4.4,37.0,34.8,44.0,33.6,2021
경기,41,팔달구,41115,중,동성중학교,공립,경기도 수원시 팔달구,UzA5MDAwMjQxMg==,33.8,20.4,31.8,27.5,28.2,28.4,반등,0.7,33.3,20.1,30.6,26.7,27.4,27.6,반등,0.7,37.2,29.4,34.0,35.1,2021
경기,41,팔달구,41115,중,매향중학교,사립,경기도 수원시 팔달구,UzA5MDAwMjQxNQ==,18.6,16.5,17.3,24.6,27.3,20.8,연속↑,2.7,18.5,16.2,17.5,24.1,27.2,20.7,연속↑,3.1,32.0,28.8,31.4,48.1,2025
경기,41,팔달구,41115,중,숙지중학교,공립,경기도 수원시 팔달구,UzA5MDAwMjQyOA==,33.9,25.3,34.4,36.3,26.3,31.2,하락,10.0,34.9,25.4,35.3,37.3,25.0,31.6,하락,12.4,33.2,19.3,36.1,48.0,2024
경기,41,팔달구,41115,중,수원제일중학교,공립,경기도 수원시 팔달구,UzA5MDAwMjQyNA==,20.3,15.8,22.7,24.5,23.0,21.3,하락,1.4,21.6,15.6,23.1,25.6,23.4,21.9,하락,2.2,29.8,28.6,26.9,46.2,2024
경기,41,팔달구,41115,중,삼일중학교,사립,경기도 수원시 팔달구,UzA5MDAwMjQyMA==,19.0,16.4,14.6,17.0,18.8,17.1,연속↑,1.8,18.7,16.1,14.2,16.9,18.6,16.9,연속↑,1.7,30.4,20.0,27.5,53.2,2021
경기,41,팔달구,41115,고,영복여자고등학교,사립,경기도 수원시 팔달구,UzA5MDAwMDczMA==,29.2,33.2,35.1,36.4,42.3,35.2,연속↑,5.9,29.0,32.2,36.0,36.8,41.2,35.1,연속↑,4.4,45.4,43.3,55.7,5.8,2025
경기,41,팔달구,41115,고,유신고등학교,사립,경기도 수원시 팔달구,UzA5MDAwMDc1MA==,12.2,25.1,28.2,26.3,29.0,24.2,반등,2.8,12.2,23.7,26.5,26.8,27.7,23.4,연속↑,0.9,46.0,22.1,33.3,16.1,2025
경기,41,팔달구,41115,고,매향여자정보고등학교,사립,경기도 수원시 팔달구,UzA5MDAwMDU1Mg==,15.0,20.6,14.5,14.5,20.2,17.0,상승,5.6,14.9,21.0,14.8,14.6,19.7,17.0,반등,5.1,29.5,17.3,24.5,51.5,2022
경기,41,팔달구,41115,고,삼일고등학교,사립,경기도 수원시 팔달구,UzA5MDAwMDYwMw==,15.3,20.6,20.8,18.1,19.6,18.9,반등,1.5,14.9,19.3,20.1,17.0,19.3,18.1,반등,2.3,21.7,17.7,22.1,41.2,2023
경기,41,팔달구,41115,고,수원여자고등학교,공립,경기도 수원시 팔달구,UzA5MDAwMDY0OQ==,16.4,14.9,17.2,16.1,19.0,16.7,반등,2.9,16.4,14.6,17.4,16.1,18.6,16.6,반등,2.5,21.8,16.7,28.4,37.7,2025
경기,41,팔달구,41115,고,수원고등학교,사립,경기도 수원시 팔달구,UzA5MDAwMDY0NQ==,8.6,18.3,12.0,9.5,17.8,13.2,반등,8.3,7.9,16.7,11.7,9.4,16.4,12.4,반등,7.0,27.8,8.5,22.5,24.5,2022
경기,41,팔달구,41115,고,창현고등학교,사립,경기도 수원시 팔달구,UzA5MDAwMDgxMg==,22.6,14.2,26.6,11.6,17.8,18.6,반등,6.2,21.0,13.1,24.4,10.7,16.2,17.1,반등,5.5,28.3,11.5,23.9,18.0,2023
경기,41,팔달구,41115,고,숙지고등학교,공립,경기도 수원시 팔달구,UzA5MDAwMDY1Nw==,14.4,15.5,14.9,13.4,16.8,15.0,반등,3.4,13.7,15.6,14.0,13.5,15.9,14.5,반등,2.4,23.0,12.0,24.5,40.6,2025
경기,41,팔달구,41115,고,율천고등학교,공립,경기도 수원시 팔달구,UzA5MDAwNjUxNA==,9.8,13.5,12.6,10.5,15.9,12.5,반등,5.4,9.8,12.9,12.8,10.2,15.8,12.3,반등,5.6,19.1,15.4,18.4,43.4,2025
경기,41,팔달구,41115,고,삼일공업고등학교,사립,경기 수원시 팔달구,UzA5MDAwMDYwMg==,15.1,13.0,9.7,9.5,13.6,12.2,반등,4.2,14.9,13.0,10.0,9.8,14.0,12.4,반등,4.2,31.8,36.4,27.3,55.8,2021
경기,41,팔달구,41115,고,수원공업고등학교,사립,경기도 수원시 팔달구,UzA5MDAwMDY0Ng==,10.9,15.7,10.7,10.9,13.5,12.3,연속↑,2.5,11.0,15.7,10.3,10.8,13.2,12.2,연속↑,2.4,20.5,42.9,47.6,86.4,2022
경기,41,효행구,41593,중,두레자연중학교,사립,경기도 화성시 우정읍,UzA5MDAwNTAyMg==,25.0,20.8,26.7,33.3,35.3,28.2,연속↑,1.9,25.2,20.7,27.5,33.6,35.1,28.4,연속↑,1.5,50.0,50.0,50.0,25.0,2025
경기,41,효행구,41593,중,삼괴중학교,사립,경기도 화성시 우정읍,UzA5MDAwNDI2Nw==,18.2,14.8,19.7,23.0,20.5,19.2,하락,2.5,17.2,14.9,19.3,23.7,20.5,19.1,하락,3.2,22.9,25.0,35.7,57.0,2024
경기,41,효행구,41593,고,삼괴고등학교,사립,경기도 화성시 우정읍,UzA5MDAwMDYwMA==,7.6,14.0,17.8,24.9,21.2,17.1,하락,3.7,7.5,12.8,16.9,24.0,20.4,16.3,하락,3.6,29.2,21.0,28.8,11.4,2024
경기,41,효행구,41593,고,두레자연고등학교,사립,경기도 화성시 우정읍,UzA5MDAwMDU0Ng==,7.2,2.1,6.7,5.0,14.8,7.2,반등,9.8,6.9,2.3,7.7,5.2,13.4,7.1,반등,8.3,26.3,5.3,19.5,52.6,2025
경기,41,만안구,41171,중,연현중학교,공립,경기도 안양시 만안구,UzA5MDAwMzAzOA==,35.9,29.1,45.0,36.9,38.9,37.2,반등,2.0,35.6,29.3,45.5,36.3,38.4,37.0,반등,2.1,54.3,38.1,44.6,31.5,2023
경기,41,만안구,41171,중,안양여자중학교,사립,경기도 안양시 만안구,UzA5MDAwMzAzNg==,32.3,27.0,38.4,39.7,35.7,34.6,하락,3.9,32.8,27.2,38.6,39.7,35.4,34.7,하락,4.3,52.6,45.2,40.7,28.1,2024
경기,41,만안구,41171,중,박달중학교,공립,경기도 안양시 만안구,UzA5MDAwNzEyNA==,33.0,23.5,30.1,34.1,29.7,30.1,하락,4.4,32.7,23.3,31.0,34.1,30.6,30.4,하락,3.5,24.8,44.0,37.9,33.7,2024
경기,41,만안구,41171,중,안양중학교,공립,경기도 안양시 만안구,UzA5MDAwMzAzNw==,24.7,20.2,30.9,31.5,28.4,27.1,하락,3.1,25.4,20.0,30.6,30.3,28.2,26.9,연속↓,2.1,29.9,33.8,34.6,43.3,2023
경기,41,만안구,41171,중,신성중학교,사립,경기도 안양시 만안구,UzA5MDAwMzAzMQ==,32.4,21.2,26.8,23.3,26.1,26.0,반등,2.8,32.7,20.6,26.0,22.6,25.6,25.5,반등,3.0,17.8,26.5,44.3,50.0,2021
경기,41,만안구,41171,중,안양서중학교,공립,경기도 안양시 만안구,UzA5MDAwMzAzNQ==,28.7,27.3,27.8,30.0,24.2,27.6,하락,5.8,29.9,26.5,27.5,29.6,23.5,27.4,하락,6.1,37.3,32.2,39.0,53.6,2021
경기,41,만안구,41171,중,근명중학교,사립,경기도 안양시 만안구,UzA5MDAwMzAyMA==,27.8,21.6,30.5,25.5,24.1,25.9,연속↓,1.4,27.4,20.4,29.8,24.2,23.0,25.0,연속↓,1.2,36.4,24.4,28.2,45.9,2023
경기,41,만안구,41171,중,신안중학교,공립,경기도 안양시 만안구,UzA5MDAwMzAzMg==,27.0,27.3,32.9,25.4,23.5,27.2,연속↓,2.0,28.3,27.2,32.5,24.7,22.4,27.0,연속↓,2.3,28.4,22.7,32.4,56.8,2023
경기,41,만안구,41171,중,성문중학교,사립,경기도 안양시 만안구,UzA5MDAwMzAyOQ==,28.8,20.7,30.3,27.7,19.7,25.4,연속↓,8.0,28.9,20.9,30.5,27.6,19.1,25.4,연속↓,8.5,35.7,18.7,20.0,60.5,2023
경기,41,만안구,41171,고,안양외국어고등학교,사립,경기도 안양시 만안구,UzA5MDAwMDY5Nw==,87.5,81.6,77.7,74.4,81.1,80.5,반등,6.7,86.2,80.1,76.1,74.4,80.4,79.5,반등,6.0,98.4,80.9,79.1,,2021
경기,41,만안구,41171,고,신성고등학교,사립,경기도 안양시 만안구,UzA5MDAwMDY2Mg==,49.4,71.4,61.6,59.8,53.7,59.2,연속↓,6.1,49.0,70.2,62.1,57.8,53.8,58.6,연속↓,4.1,95.7,75.8,73.9,1.9,2022
경기,41,만안구,41171,고,성문고등학교,사립,경기도 안양시 만안구,UzA5MDAwMDYxNA==,10.8,9.6,17.8,22.5,40.7,20.3,연속↑,18.2,10.6,9.1,17.2,24.4,40.8,20.4,연속↑,16.4,42.7,66.1,44.6,18.3,2025
경기,41,만안구,41171,고,충훈고등학교,공립,경기도 안양시 만안구,UzA5MDAwNDg5OA==,12.8,24.8,34.2,35.8,30.8,27.7,하락,5.0,12.9,25.5,36.1,35.5,31.4,28.3,연속↓,4.1,37.9,38.4,21.9,16.5,2023
경기,41,만안구,41171,고,안양예술고등학교,사립,경기도 안양시 만안구,UzA5MDAwMDY5Ng==,16.0,24.4,15.6,21.4,30.1,21.5,연속↑,8.7,15.0,22.3,14.9,19.6,29.3,20.2,연속↑,9.7,80.0,45.0,60.0,,2025
경기,41,만안구,41171,고,안양여자고등학교,사립,경기 안양시 만안구,UzA5MDAwMDY5Mw==,12.8,16.4,16.6,17.0,28.5,18.3,연속↑,11.5,12.1,15.8,15.9,15.4,29.0,17.6,반등,13.6,31.4,33.1,28.0,0.5,2025
경기,41,만안구,41171,고,안양고등학교,공립,경기도 안양시 만안구,UzA5MDAwMDY5MA==,20.3,22.1,16.6,17.1,23.0,19.8,연속↑,5.9,19.7,21.5,16.9,18.2,22.6,19.8,연속↑,4.3,36.2,23.5,26.0,12.2,2025
경기,41,만안구,41171,고,양명여자고등학교,사립,경기도 안양시 만안구,UzA5MDAwMDcwNg==,10.2,12.0,16.9,12.2,21.1,14.5,반등,8.9,10.1,11.4,16.5,11.4,19.7,13.8,반등,8.3,32.5,12.4,27.4,22.2,2025
경기,41,만안구,41171,고,안양문화고등학교,사립,경기도 안양시 만안구,UzA5MDAwMDY5NA==,15.9,15.6,14.2,14.6,18.6,15.8,연속↑,4.1,15.9,15.1,13.9,14.3,18.9,15.6,연속↑,4.7,19.9,22.1,22.7,0.6,2025
경기,41,만안구,41171,고,안양공업고등학교,공립,경기도 안양시 만안구,UzA5MDAwMDY5MQ==,11.0,12.8,14.7,10.7,15.9,13.0,반등,5.2,10.9,12.2,13.7,11.4,16.3,12.9,반등,4.9,13.1,19.0,19.4,33.3,2025
경기,41,만안구,41171,고,양명고등학교,사립,경기도 안양시 만안구,UzA5MDAwMDcwNQ==,14.8,18.2,15.9,16.3,16.4,16.3,연속↑,0.1,15.0,18.0,16.0,16.7,15.5,16.2,하락,1.2,21.1,13.8,25.6,23.7,2022
경기,41,만안구,41171,고,근명고등학교,사립,경기도 안양시 만안구,UzA5MDAwMDUwNw==,12.8,17.1,18.9,14.2,11.9,15.0,연속↓,2.2,12.2,16.1,17.7,13.2,11.6,14.2,연속↓,1.6,14.9,11.3,13.4,60.4,2023
경기,41,오정구,41196,중,까치울중학교,공립,경기도 부천시 오정구,UzA5MDAwNTYwNg==,27.7,26.1,31.9,36.0,39.3,32.2,연속↑,3.3,27.1,25.8,31.0,34.3,38.1,31.2,연속↑,3.9,56.7,37.0,43.8,33.5,2025
경기,41,오정구,41196,중,덕산중학교,공립,경기도 부천시 오정구,UzA5MDAwMTg3OA==,30.1,28.0,35.9,35.6,30.0,31.9,연속↓,5.6,30.9,27.9,36.6,35.8,29.7,32.2,연속↓,6.1,36.1,38.8,40.4,40.5,2023
경기,41,오정구,41196,중,수주중학교,공립,경기도 부천시 오정구,UzA5MDAwNTYwNA==,29.9,22.2,24.9,25.4,26.8,25.8,연속↑,1.4,28.8,21.5,24.8,25.1,26.4,25.3,연속↑,1.3,29.6,31.1,37.9,47.4,2021
경기,41,오정구,41196,중,부천여월중학교,공립,경기도 부천시 오정구,UzA5MDAwMTg5Mg==,28.2,22.0,24.5,26.4,25.8,25.4,하락,0.6,28.8,21.9,23.9,26.0,25.4,25.2,하락,0.6,38.0,28.4,38.0,42.5,2021
경기,41,오정구,41196,중,성곡중학교,공립,경기도 부천시 오정구,UzA5MDAwMTkwMA==,26.2,18.2,22.7,23.8,22.4,22.6,하락,1.4,25.9,17.6,22.4,23.9,22.8,22.5,하락,1.1,29.5,32.5,29.3,46.7,2021
경기,41,오정구,41196,중,내동중학교,공립,경기도 부천시 오정구,UzA5MDAwMTg3NA==,25.9,23.2,22.3,21.1,22.3,23.0,반등,1.3,26.6,22.5,22.7,20.7,21.9,22.9,반등,1.2,37.3,28.3,22.0,60.4,2021
경기,41,오정구,41196,고,수주고등학교,공립,경기도 부천시 오정구,UzA5MDAwNTU4MQ==,9.7,10.8,11.3,22.3,20.3,14.9,하락,2.1,9.0,10.0,10.4,21.9,20.8,14.4,하락,1.1,23.0,24.1,18.2,38.0,2024
경기,41,오정구,41196,고,원종고등학교,공립,경기도 부천시 오정구,UzA5MDAwMDc0OQ==,15.9,15.5,11.4,14.0,14.8,14.3,연속↑,0.8,14.8,14.5,10.5,13.2,13.6,13.3,연속↑,0.5,25.5,7.3,17.3,45.0,2021
경기,41,오정구,41196,고,덕산고등학교,공립,경기도 부천시 오정구,UzA5MDAwMDUyOA==,12.0,13.5,17.4,9.4,6.9,11.8,연속↓,2.6,11.2,13.9,17.2,9.4,6.8,11.7,연속↓,2.6,12.8,8.0,5.6,20.8,2023
경기,41,안성시,41550,중,양진중학교,공립,경기도 안성시 공도읍,UzA5MDAwNTY4NA==,32.6,22.0,32.4,34.4,33.5,31.0,하락,0.9,33.2,22.4,33.1,34.5,34.0,31.4,하락,0.5,42.5,42.2,34.5,33.6,2024
경기,41,안성시,41550,중,명륜여자중학교,사립,경기도 안성시 낙원동,UzA5MDAwMjkxOA==,50.6,32.4,44.8,35.1,32.9,39.2,연속↓,2.3,50.7,31.2,43.6,35.3,33.3,38.8,연속↓,2.0,45.1,48.9,43.3,27.5,2021
경기,41,안성시,41550,중,안청중학교,사립,경기도 안성시 당왕동,UzA5MDAwMjkyMg==,19.8,25.1,25.3,30.8,34.4,27.1,연속↑,3.6,19.0,25.0,24.5,30.1,33.1,26.4,연속↑,3.0,38.8,38.1,52.4,38.6,2025
경기,41,안성시,41550,중,공도중학교,공립,경기도 안성시 공도읍,UzA5MDAwMjkxNw==,34.1,23.1,32.9,30.2,31.8,30.4,반등,1.7,34.6,23.0,33.2,30.2,31.5,30.5,반등,1.3,38.0,43.9,35.5,39.8,2021
경기,41,안성시,41550,중,만정중학교,공립,경기도 안성시 공도읍,UzA5MDAwNTg1OQ==,36.0,29.7,36.8,31.3,29.9,32.8,연속↓,1.4,35.9,28.8,35.9,30.7,29.9,32.2,연속↓,0.8,36.9,42.6,40.4,39.3,2023
경기,41,안성시,41550,중,안성여자중학교,공립,경기도 안성시 봉남동,UzA5MDAwMjkyMA==,37.8,24.6,39.1,31.5,29.2,32.4,연속↓,2.3,37.8,23.5,39.2,31.7,28.9,32.2,연속↓,2.7,35.2,33.2,38.7,29.9,2023
경기,41,안성시,41550,중,양성중학교,공립,경기도 안성시 양성면,UzA5MDAwMjkyMw==,33.8,33.8,42.0,30.8,30.8,34.2,→보합,0.1,33.2,33.1,41.1,29.6,28.5,33.1,연속↓,1.1,43.8,18.8,50.0,43.8,2023
경기,41,안성시,41550,중,죽산중학교,공립,경기도 안성시 죽산면,UzA5MDAwMjkyNQ==,24.9,21.6,26.0,23.0,26.9,24.5,반등,3.9,23.7,20.8,25.0,22.8,26.9,23.8,반등,4.1,35.0,35.7,37.5,45.0,2025
경기,41,안성시,41550,중,비룡중학교,공립,경기도 안성시 당왕동,UzA5MDAwNTM5OA==,20.1,21.5,22.5,19.3,24.7,21.6,반등,5.3,20.1,21.7,22.5,19.1,24.8,21.6,반등,5.7,23.7,28.8,38.1,48.9,2025
경기,41,안성시,41550,중,일죽중학교,공립,경기도 안성시 일죽면,UzA5MDAwMjkyNA==,35.6,23.3,26.7,18.5,23.8,25.6,반등,5.3,34.7,23.0,26.2,19.0,24.5,25.5,반등,5.5,19.2,38.5,42.3,35.7,2021
경기,41,안성시,41550,중,안성중학교,공립,경기도 안성시 금산동,UzA5MDAwMjkyMQ==,19.2,18.0,27.8,25.2,23.9,22.8,연속↓,1.3,19.5,17.8,28.2,25.5,24.2,23.1,연속↓,1.3,29.3,30.7,26.1,49.0,2023
경기,41,안성시,41550,중,서운중학교,공립,경기도 안성시 서운면,UzA5MDAwMjkxOQ==,21.6,24.2,28.5,24.0,18.3,23.3,연속↓,5.7,22.5,24.3,29.2,25.0,19.6,24.1,연속↓,5.4,22.7,40.9,13.6,53.3,2023
경기,41,안성시,41550,중,한겨레중학교,사립,경기도 안성시 죽산면,UzA5MDAwNTMyMQ==,9.8,15.3,8.9,8.9,9.3,10.4,상승,0.4,9.9,14.8,8.3,8.7,8.2,10.0,하락,0.5,25.0,5.9,17.6,75.0,2022
경기,41,안성시,41550,고,안성여자고등학교,공립,경기도 안성시 신소현동,UzA5MDAwMDY4Ng==,12.4,9.3,8.5,4.2,15.6,10.0,반등,11.4,11.6,8.5,8.5,4.6,16.8,10.0,반등,12.2,9.8,29.9,20.1,28.7,2025
경기,41,안성시,41550,고,가온고등학교,사립,경기도 안성시 발화동,UzA5MDAwMDY4OQ==,9.0,17.2,26.0,21.7,16.7,18.1,연속↓,5.0,9.2,17.6,28.1,23.2,16.4,18.9,연속↓,6.9,33.3,28.3,33.9,21.7,2023
경기,41,안성시,41550,고,안법고등학교,사립,경기도 안성시 구포동,UzA5MDAwMDY3Mg==,17.3,17.6,31.9,29.1,13.1,21.8,연속↓,16.0,17.1,18.3,29.3,28.9,12.7,21.3,연속↓,16.1,23.5,11.3,14.8,25.1,2023
경기,41,안성시,41550,고,안성고등학교,공립,경기도 안성시 금산동,UzA5MDAwMDY4NA==,6.5,4.3,5.5,6.6,12.9,7.2,연속↑,6.2,6.4,4.6,5.5,6.2,12.1,6.9,연속↑,5.9,14.0,11.5,24.8,32.1,2025
경기,41,안성시,41550,고,죽산고등학교,공립,경기도 안성시 죽산면,UzA5MDAwMDgwMA==,11.2,12.7,11.3,9.6,12.0,11.3,반등,2.4,11.7,11.6,11.2,9.4,10.8,10.9,반등,1.4,26.0,6.8,13.7,60.0,2021
경기,41,안성시,41550,고,일죽고등학교,공립,경기도 안성시 일죽면,UzA5MDAwMDc3Nw==,10.2,5.5,6.4,8.2,9.5,7.9,연속↑,1.2,10.7,5.6,6.1,7.6,9.2,7.9,연속↑,1.6,10.5,7.9,15.8,52.6,2021
경기,41,안성시,41550,고,두원공업고등학교,사립,경기도 안성시 미양면,UzA5MDAwMDY4NQ==,6.7,5.2,8.2,10.9,9.1,8.0,하락,1.8,7.0,5.3,8.5,10.4,8.9,8.0,하락,1.4,8.9,9.9,14.1,53.1,2024
경기,41,안성시,41550,고,경기창조고등학교,공립,경기창조고등학교,UzA5MDAwNTgzMQ==,4.3,6.9,10.0,4.8,7.9,6.8,반등,3.1,3.9,6.3,8.8,4.3,7.5,6.1,반등,3.1,14.2,5.9,12.1,37.1,2023
경기,41,안성시,41550,고,한겨레고등학교,사립,경기도 안성시 죽산면,UzA5MDAwNTMyMA==,13.0,12.7,11.2,6.3,7.2,10.1,반등,0.9,11.7,12.1,10.5,6.5,5.4,9.2,연속↓,1.0,16.7,4.2,4.2,37.5,2022
경기,41,단원구,41273,중,양지중학교,공립,경기도 안산시 단원구,UzA5MDAwMjcwNg==,38.6,27.7,33.9,32.0,37.2,33.9,반등,5.2,37.6,27.1,33.1,31.5,38.3,33.5,반등,6.7,50.5,55.6,38.9,23.4,2025
경기,41,단원구,41273,중,중앙중학교,공립,경기도 안산시 단원구,UzA5MDAwMjcxMw==,43.8,26.4,36.4,38.4,34.5,35.9,하락,3.9,43.8,26.6,36.4,38.4,34.7,36.0,하락,3.7,39.9,42.5,45.1,36.1,2021
경기,41,단원구,41273,중,송호중학교,공립,경기도 안산시 단원구,UzA5MDAwMjY5OQ==,26.8,21.1,29.4,36.2,33.2,29.4,하락,3.0,28.0,21.1,29.8,36.6,33.3,29.8,하락,3.4,38.8,47.9,39.9,32.0,2024
경기,41,단원구,41273,중,초지중학교,공립,경기도 안산시 단원구,UzA5MDAwNDk3OQ==,35.8,24.7,39.7,36.5,32.6,33.8,연속↓,3.9,34.8,24.2,38.4,34.6,32.0,32.8,연속↓,2.6,28.8,43.9,49.2,35.6,2023
경기,41,단원구,41273,중,별망중학교,공립,경기도 안산시 단원구,UzA5MDAwMjY4OQ==,32.8,23.6,26.9,26.9,30.0,28.1,상승,3.1,32.8,22.8,25.2,25.2,29.6,27.1,상승,4.3,31.5,32.1,46.7,41.0,2021
경기,41,단원구,41273,중,와동중학교,공립,경기도 안산시 단원구,UzA5MDAwMjcwOA==,25.4,23.7,32.9,31.9,28.3,28.4,연속↓,3.6,25.2,23.4,32.4,30.2,27.6,27.8,연속↓,2.6,55.9,29.7,33.3,48.9,2023
경기,41,단원구,41273,중,대부중학교,공립,경기도 안산시 단원구,UzA5MDAwMjY4Ng==,26.1,13.5,21.8,23.2,27.0,22.3,연속↑,3.8,24.7,13.1,22.2,23.2,26.3,21.9,연속↑,3.1,37.5,35.0,55.0,56.0,2025
경기,41,단원구,41273,중,신길중학교,공립,경기도 안산시 단원구,UzA5MDAwNTY4OQ==,25.9,23.1,26.9,27.4,26.7,26.0,하락,0.7,24.8,22.8,25.8,26.9,25.8,25.2,하락,1.1,41.1,27.4,34.7,44.7,2024
경기,41,단원구,41273,중,원곡중학교,공립,경기도 안산시 단원구,UzA5MDAwMjcwOQ==,28.3,23.4,28.2,25.1,24.6,25.9,연속↓,0.5,27.3,23.3,28.0,25.7,25.0,25.9,연속↓,0.7,31.9,33.0,28.9,39.5,2023
경기,41,단원구,41273,중,단원중학교,공립,경기 안산시 단원구,UzA5MDAwNTM5NA==,29.9,21.8,30.2,26.7,25.7,26.8,연속↓,1.0,29.4,21.4,28.8,24.7,24.9,25.8,반등,0.2,28.6,28.6,40.2,49.7,2021
경기,41,단원구,41273,중,관산중학교,공립,경기도 안산시 단원구,UzA5MDAwMjY4NA==,18.2,14.1,20.5,20.0,25.4,19.7,반등,5.4,18.3,13.1,20.2,19.6,24.5,19.1,반등,4.9,37.2,24.4,32.1,67.2,2025
경기,41,단원구,41273,중,원일중학교,공립,경기도 안산시 단원구,UzA5MDAwMjcxMA==,30.7,20.0,21.0,23.3,23.9,23.8,연속↑,0.5,30.5,19.8,20.9,22.3,23.6,23.4,연속↑,1.3,42.4,32.6,35.9,48.9,2021
경기,41,단원구,41273,중,선부중학교,공립,경기 안산시 단원구,UzA5MDAwMjY5Mw==,21.4,13.7,24.0,20.7,22.5,20.5,반등,1.7,22.0,14.0,24.2,21.0,22.2,20.7,반등,1.3,28.2,22.9,30.3,51.1,2023
경기,41,단원구,41273,중,석수중학교,공립,경기도 안산시 단원구,UzA5MDAwNTQwMQ==,25.1,25.3,25.7,14.3,15.7,21.2,반등,1.4,25.3,25.0,25.5,14.0,15.3,21.0,반등,1.4,19.4,16.4,25.5,59.6,2023
경기,41,단원구,41273,중,선일중학교,공립,경기도 안산시 단원구,UzA5MDAwNDg2Nw==,16.6,13.8,16.5,11.6,11.5,14.0,연속↓,0.1,16.3,13.3,15.5,11.0,11.3,13.5,반등,0.4,20.4,14.5,16.5,79.6,2021
경기,41,단원구,41273,고,한국디지털미디어고등학교,사립,경기도 안산시 단원구,UzA5MDAwMDg1NQ==,21.8,19.0,29.4,33.4,39.0,28.5,연속↑,5.5,19.7,18.3,27.5,31.3,36.9,26.7,연속↑,5.5,53.6,25.1,48.6,9.3,2025
경기,41,단원구,41273,고,안산강서고등학교,사립,경기도 안산시 단원구,UzA5MDAwMDY3Mw==,23.9,22.2,16.6,20.2,30.0,22.6,연속↑,9.8,22.9,20.8,16.7,19.8,31.3,22.3,연속↑,11.4,21.9,47.2,33.1,4.8,2025
경기,41,단원구,41273,고,고잔고등학교,공립,경기도 안산시 단원구,UzA5MDAwMDQ3MQ==,30.5,39.0,30.0,35.6,29.8,33.0,하락,5.9,32.1,37.1,28.6,34.0,28.8,32.1,하락,5.3,30.2,28.0,43.9,10.2,2022
경기,41,단원구,41273,고,대부고등학교,공립,경기도 안산시 단원구,UzA5MDAwMDUyNA==,8.8,5.6,14.6,17.4,28.4,15.0,연속↑,11.0,8.7,5.2,13.2,15.7,26.3,13.8,연속↑,10.6,28.6,19.0,61.9,34.8,2025
경기,41,단원구,41273,고,양지고등학교,공립,경기도 안산시 단원구,UzA5MDAwMDcxMw==,12.1,21.6,27.9,25.8,24.2,22.3,연속↓,1.6,11.8,20.5,27.4,25.8,23.3,21.8,연속↓,2.5,32.9,20.4,26.7,29.6,2023
경기,41,단원구,41273,고,초지고등학교,공립,경기도 안산시 단원구,UzA5MDAwMDgxOQ==,20.7,19.1,24.0,12.7,23.7,20.1,반등,11.0,19.5,17.2,23.0,12.0,22.8,18.9,반등,10.8,29.0,26.7,36.9,9.7,2023
경기,41,단원구,41273,고,원곡고등학교,공립,경기도 안산시 단원구,UzA5MDAwMDc0Nw==,14.7,13.2,12.9,8.8,22.0,14.3,반등,13.3,13.2,11.7,12.3,8.7,22.5,13.7,반등,13.7,22.9,27.3,19.9,23.2,2025
경기,41,단원구,41273,고,선부고등학교,공립,경기 안산시 단원구,UzA5MDAwNTY2OQ==,7.1,8.5,9.4,13.1,21.5,11.9,연속↑,8.4,6.7,7.6,9.4,12.5,21.1,11.4,연속↑,8.6,30.1,19.6,23.3,35.0,2025
경기,41,단원구,41273,고,신길고등학교,공립,경기도 안산시 단원구,UzA5MDAwNTY3NA==,5.1,5.8,12.0,10.5,21.5,11.0,반등,11.0,5.0,5.2,11.4,9.9,20.5,10.4,반등,10.6,21.7,16.5,31.1,28.5,2025
경기,41,단원구,41273,고,경안고등학교,사립,경기도 안산시 단원구,UzA5MDAwMDQ1Nw==,17.2,9.8,10.8,14.8,21.8,14.9,연속↑,7.0,17.1,10.0,10.9,14.6,20.5,14.6,연속↑,5.8,41.4,15.8,22.4,25.6,2025
경기,41,단원구,41273,고,경일관광경영고등학교,사립,경기도 안산시 단원구,UzA5MDAwMDQ1OA==,18.2,15.2,10.1,15.9,17.9,15.4,연속↑,2.0,18.2,15.2,10.4,15.2,18.1,15.4,연속↑,2.8,23.1,23.5,21.4,21.4,2021
경기,41,단원구,41273,고,단원고등학교,공립,경기도 안산시 단원구,UzA5MDAwNDkwOQ==,5.2,5.4,10.0,13.1,12.0,9.1,하락,1.1,5.1,5.6,10.6,14.0,12.9,9.6,하락,1.1,8.7,20.0,13.5,35.7,2024
경기,41,상록구,41271,중,안산해양중학교,공립,경기도 안산시 상록구,UzA5MDAwNTQyMA==,42.3,28.8,42.7,38.5,36.8,37.8,연속↓,1.7,42.9,28.1,42.9,38.4,37.0,37.8,연속↓,1.4,27.1,47.6,57.7,26.0,2023
경기,41,상록구,41271,중,반월중학교,공립,경기도 안산시 상록구,UzA5MDAwMjY4OA==,32.4,30.2,39.5,36.4,31.9,34.1,연속↓,4.5,32.9,29.8,39.4,35.8,32.3,34.0,연속↓,3.5,34.4,44.8,36.5,37.5,2023
경기,41,상록구,41271,중,시곡중학교,공립,경기도 안산시 상록구,UzA5MDAwMjcwMA==,35.3,27.8,31.7,31.4,30.8,31.4,연속↓,0.6,35.9,27.8,31.4,31.3,30.6,31.4,연속↓,0.7,37.9,31.9,41.1,37.1,2021
경기,41,상록구,41271,중,상록중학교,공립,경기도 안산시 상록구,UzA5MDAwMjY5MQ==,27.3,21.7,23.6,23.6,28.6,25.0,상승,5.0,27.4,21.3,23.8,23.2,29.1,24.9,반등,5.9,39.9,39.6,31.8,40.9,2025
경기,41,상록구,41271,중,안산중학교,사립,경기 안산시 상록구,UzA5MDAwMjcwNQ==,26.5,17.5,19.0,27.8,28.6,23.9,연속↑,0.8,26.9,17.5,19.0,27.9,29.1,24.1,연속↑,1.2,34.9,39.7,38.7,42.9,2025
경기,41,상록구,41271,중,안산해솔중학교,공립,경기도 안산시 상록구,UzA5MDAwNzQ0Mg==,35.2,26.0,29.0,28.8,28.8,29.6,→보합,,35.1,26.2,29.0,29.0,27.9,29.4,하락,1.1,35.0,30.1,43.1,34.1,2021
경기,41,상록구,41271,중,성안중학교,공립,경기도 안산시 상록구,UzA5MDAwMjY5NA==,31.2,23.0,27.8,24.0,26.9,26.6,반등,2.9,30.8,22.9,28.0,24.7,26.5,26.6,반등,1.8,36.1,24.9,35.8,51.6,2021
경기,41,상록구,41271,중,본오중학교,공립,경기도 안산시 상록구,UzA5MDAwMjY5MA==,25.3,16.7,30.2,28.7,24.1,25.0,연속↓,4.6,24.5,16.0,29.7,29.0,25.1,24.9,연속↓,3.9,18.9,41.8,27.3,49.7,2023
경기,41,상록구,41271,중,이호중학교,공립,경기도 안산시 상록구,UzA5MDAwNTc1NQ==,30.7,20.9,22.0,25.0,24.3,24.6,하락,0.7,30.5,20.9,22.9,24.9,24.5,24.7,하락,0.5,26.0,28.5,32.8,44.9,2021
경기,41,상록구,41271,중,안산부곡중학교,공립,경기도 안산시 상록구,UzA5MDAwMjcwNA==,23.9,26.2,31.6,25.3,24.0,26.2,연속↓,1.3,23.8,26.2,32.3,25.6,24.3,26.4,연속↓,1.3,33.1,33.3,30.0,58.8,2023
경기,41,상록구,41271,중,경수중학교,공립,경기도 안산시 상록구,UzA5MDAwMjY4Mw==,31.0,24.3,24.8,22.5,22.9,25.1,반등,0.4,30.6,23.6,23.9,21.7,22.9,24.5,반등,1.2,32.9,32.2,30.3,43.9,2021
경기,41,상록구,41271,중,광덕중학교,공립,경기도 안산시 상록구,UzA5MDAwNTI2OA==,24.1,26.0,26.1,18.9,21.4,23.3,반등,2.5,22.7,24.9,26.2,19.6,21.8,23.1,반등,2.2,36.0,28.8,30.5,62.0,2023
경기,41,상록구,41271,중,안산성호중학교,공립,경기도 안산시 상록구,UzA5MDAwNTQwNQ==,31.1,19.6,23.8,23.3,18.4,23.2,연속↓,4.9,30.7,19.2,23.1,22.8,18.3,22.8,연속↓,4.4,17.2,37.1,24.5,54.2,2021
경기,41,상록구,41271,중,성포중학교,공립,경기도 안산시 상록구,UzA5MDAwMjY5Ng==,20.8,19.4,22.5,23.4,18.7,21.0,하락,4.7,20.6,19.0,22.0,22.2,18.1,20.4,하락,4.1,28.3,15.3,27.2,51.2,2024
경기,41,상록구,41271,중,석호중학교,공립,경기도 안산시 상록구,UzA5MDAwNTI2Ng==,27.3,20.2,23.8,17.3,17.2,21.2,연속↓,0.2,27.1,19.3,23.4,17.1,17.4,20.9,반등,0.3,18.8,26.2,20.0,71.3,2021
경기,41,상록구,41271,고,안산동산고등학교,사립,경기도 안산시 상록구,UzA5MDAwMDY3Nw==,17.8,27.6,23.1,28.8,36.6,26.8,연속↑,7.8,15.6,24.3,22.9,28.3,35.3,25.3,연속↑,7.0,40.8,31.0,47.8,8.9,2025
경기,41,상록구,41271,고,성포고등학교,공립,경기도 안산시 상록구,UzA5MDAwNTI4Mw==,19.7,19.8,14.5,13.9,32.0,20.0,반등,18.1,20.5,20.6,13.2,12.6,30.7,19.5,반등,18.1,49.1,24.1,32.6,28.8,2025
경기,41,상록구,41271,고,상록고등학교,공립,경기도 안산시 상록구,UzA5MDAwNTgwMQ==,10.7,10.1,10.0,15.9,30.5,15.4,연속↑,14.7,10.2,9.3,9.3,16.7,30.0,15.1,연속↑,13.3,39.3,32.6,33.3,24.7,2025
경기,41,상록구,41271,고,성안고등학교,공립,경기도 안산시 상록구,UzA5MDAwMDYxOA==,12.0,6.7,13.6,20.8,27.2,16.0,연속↑,6.5,12.2,6.7,13.7,21.1,26.8,16.1,연속↑,5.7,47.0,26.9,22.1,25.1,2025
경기,41,상록구,41271,고,안산고등학교,사립,경기도 안산시 상록구,UzA5MDAwMDY3NQ==,9.2,15.7,8.1,11.2,27.0,14.2,연속↑,15.8,9.0,16.1,7.8,10.4,26.4,14.0,연속↑,16.0,22.4,35.5,50.4,13.0,2025
경기,41,상록구,41271,고,부곡고등학교,공립,경기도 안산시 상록구,UzA5MDAwNjU0MA==,20.5,24.2,10.8,27.4,22.9,21.1,하락,4.5,21.8,26.1,11.5,27.1,23.8,22.1,하락,3.3,31.9,29.8,17.4,29.6,2024
경기,41,상록구,41271,고,송호고등학교,공립,경기도 안산시 상록구,UzA5MDAwNDgzMw==,13.0,14.3,9.0,10.0,21.4,13.5,연속↑,11.4,14.6,14.5,9.5,10.2,20.5,13.9,연속↑,10.3,26.9,17.1,29.8,24.7,2025
경기,41,상록구,41271,고,안산공업고등학교,사립,경기도 안산시 상록구,UzA5MDAwMDY3Ng==,18.2,20.1,15.8,17.4,18.6,18.0,연속↑,1.1,17.7,18.9,15.2,16.4,17.7,17.2,연속↑,1.3,22.4,12.6,25.9,55.0,2022
경기,41,상록구,41271,고,광덕고등학교,공립,경기도 안산시 상록구,UzA5MDAwNTY3Ng==,11.1,8.5,12.2,9.8,15.4,11.4,반등,5.6,10.6,8.3,11.7,9.3,14.2,10.8,반등,4.9,24.5,8.0,18.6,27.3,2025
경기,41,상록구,41271,고,안산디자인문화고등학교,사립,경기도 안산시 상록구,UzA5MDAwMDY4MA==,6.0,8.4,9.5,15.3,13.9,10.6,하락,1.4,5.9,8.9,9.6,15.2,13.3,10.6,하락,1.9,13.3,11.0,19.7,53.2,2024
경기,41,상록구,41271,고,안산국제비즈니스고등학교,사립,경기도 안산시 상록구,UzA5MDAwMDY3NA==,11.4,13.2,9.5,7.3,9.2,10.1,반등,1.9,11.6,13.2,9.9,7.4,9.5,10.3,반등,2.1,10.2,13.5,8.5,67.4,2022
경기,41,상록구,41271,고,경기모바일과학고등학교,공립,경기모바일과학고등학교,UzA5MDAwMDU1OA==,12.1,12.2,9.7,11.9,8.3,10.8,하락,3.6,12.7,12.3,9.4,11.8,8.4,10.9,하락,3.4,8.8,8.8,7.8,29.8,2021
경기,41,포천시,41650,중,내촌중학교,공립,경기도 포천시 내촌면,UzA5MDAwNDE2Nw==,21.6,12.0,25.3,29.1,31.3,23.9,연속↑,2.2,21.0,11.5,25.2,28.4,30.2,23.3,연속↑,1.8,36.4,36.4,45.5,53.3,2025
경기,41,포천시,41650,중,이동중학교,공립,경기도 포천시 이동면,UzA5MDAwNDE3Mg==,31.3,15.7,28.7,29.9,29.9,27.1,→보합,,30.1,15.6,27.6,28.7,28.9,26.2,연속↑,0.2,39.1,39.1,43.5,52.2,2021
경기,41,포천시,41650,중,포천여자중학교,공립,경기도 포천시 신북면,UzA5MDAwNDE3NA==,26.1,26.1,35.9,32.4,25.2,29.1,연속↓,7.3,25.3,25.7,35.4,31.9,24.9,28.6,연속↓,7.0,25.8,29.8,36.6,46.6,2023
경기,41,포천시,41650,중,일동중학교,공립,경기도 포천시 일동면,UzA5MDAwNDE3Mw==,19.5,18.4,21.3,28.7,25.1,22.6,하락,3.5,19.9,18.2,22.0,28.6,24.4,22.6,하락,4.2,26.9,26.8,39.2,57.0,2024
경기,41,포천시,41650,중,대경중학교,공립,경기도 포천시 소흘읍,UzA5MDAwNDk5OQ==,33.8,28.6,28.9,29.4,24.2,29.0,하락,5.3,33.7,27.4,28.7,29.3,24.2,28.7,하락,5.1,43.2,32.4,29.8,52.6,2021
경기,41,포천시,41650,중,동남중학교,사립,경기도 포천시 소흘읍,UzA5MDAwNDE2OA==,17.4,20.1,31.7,28.8,22.8,24.2,연속↓,5.9,18.1,20.1,31.6,29.2,23.3,24.5,연속↓,5.9,30.1,31.6,24.8,58.1,2023
경기,41,포천시,41650,중,영북중학교,공립,경기도 포천군 영북면,UzA5MDAwNDE3MA==,16.1,22.3,26.6,25.7,21.7,22.5,연속↓,3.9,16.1,22.2,27.8,26.1,22.9,23.0,연속↓,3.2,23.3,50.0,26.7,52.5,2023
경기,41,포천시,41650,중,송우중학교,공립,경기도 포천시 소흘읍,UzA5MDAwNTI4Nw==,24.1,20.8,24.9,23.3,24.1,23.4,반등,0.8,23.3,19.5,22.8,21.6,22.4,21.9,반등,0.7,26.4,23.3,42.9,56.1,2021
경기,41,포천시,41650,중,영중중학교,공립,경기도 포천시 영중면,UzA5MDAwNDE3MQ==,28.1,20.2,34.8,28.1,18.6,26.0,연속↓,9.5,27.9,20.4,34.5,28.2,19.1,26.0,연속↓,9.0,25.0,35.0,24.1,55.0,2023
경기,41,포천시,41650,중,갈월중학교,공립,경기도 포천시 소흘읍,UzA5MDAwNDE2NA==,19.9,23.3,29.1,25.3,20.6,23.6,연속↓,4.7,19.9,23.4,28.3,23.8,19.1,22.9,연속↓,4.7,34.1,18.3,28.0,58.5,2023
경기,41,포천시,41650,중,포천중학교,공립,경기도 포천시 신북면,UzA5MDAwNDE3NQ==,20.2,19.9,20.0,21.2,17.0,19.7,하락,4.2,19.2,19.7,20.6,21.5,17.1,19.6,하락,4.4,14.9,25.2,28.6,58.8,2024
경기,41,포천시,41650,중,관인중학교,공립,경기도 포천시 관인면,UzA5MDAwNDE2Ng==,18.7,13.5,22.2,18.3,15.2,17.6,연속↓,3.1,19.6,14.5,22.6,19.3,15.3,18.3,연속↓,4.0,23.1,23.1,23.1,69.2,2023
경기,41,포천시,41650,중,삼성중학교,공립,경기도 포천시 신북면,UzA5MDAwNDE2OQ==,23.9,13.9,24.7,22.0,13.0,19.5,연속↓,9.0,24.2,13.4,23.3,21.8,12.5,19.0,연속↓,9.3,25.0,25.0,43.8,80.0,2021
경기,41,포천시,41650,중,경북중학교,공립,경북중학교,UzA5MDAwNDE2NQ==,27.1,13.3,20.5,17.0,13.3,18.2,연속↓,3.7,27.6,12.7,20.0,16.2,12.1,17.7,연속↓,4.1,32.0,12.0,22.2,72.0,2021
경기,41,포천시,41650,고,포천고등학교,공립,경기 포천시 신읍동,UzA5MDAwMDg0MQ==,7.6,10.2,4.8,9.2,16.7,9.7,연속↑,7.5,6.7,9.5,4.9,9.5,16.6,9.5,연속↑,7.1,22.5,17.3,12.6,33.3,2025
경기,41,포천시,41650,고,송우고등학교,공립,경기도 포천시 소흘읍,UzA5MDAwNTM4Mg==,6.3,11.2,4.6,4.9,15.3,8.4,연속↑,10.4,6.3,11.0,4.6,4.7,14.8,8.3,연속↑,10.1,21.4,12.7,16.4,36.8,2025
경기,41,포천시,41650,고,관인고등학교,공립,경기도 포천시 관인면,UzA5MDAwMDQ3OA==,11.6,9.5,21.8,18.1,13.2,14.8,연속↓,4.9,11.4,8.6,22.3,19.1,13.7,15.0,연속↓,5.4,23.1,19.2,15.4,3.8,2023
경기,41,포천시,41650,고,동남고등학교,사립,경기도 포천시 소흘읍,UzA5MDAwMDUzNA==,2.1,7.6,10.2,10.5,14.0,8.9,연속↑,3.5,2.5,7.7,10.0,10.1,13.6,8.8,연속↑,3.5,24.5,13.5,12.1,22.7,2025
경기,41,포천시,41650,고,영북고등학교,공립,경기도 포천시 영북면,UzA5MDAwMDczMQ==,16.0,9.1,5.8,6.6,15.2,10.5,연속↑,8.6,15.8,9.1,5.4,6.5,11.3,9.6,연속↑,4.7,,24.2,12.2,19.5,2021
경기,41,포천시,41650,고,포천일고등학교,공립,경기도 포천시 군내면,UzA5MDAwMDg0Mw==,8.0,10.7,9.4,8.0,9.8,9.2,반등,1.8,7.7,10.7,8.5,7.2,7.9,8.4,반등,0.7,20.3,11.1,17.3,83.8,2022
경기,41,포천시,41650,고,일동고등학교,공립,경기도 포천시 일동면,UzA5MDAwMDc3MA==,16.0,12.1,8.6,9.5,6.8,10.6,하락,2.7,15.5,12.1,7.9,8.6,4.2,9.6,하락,4.3,16.1,3.8,9.7,77.4,2021
충북,43,서원구,43112,중,현도중학교,공립,,UzExMDAwMDgwNw==,26.6,14.4,16.8,11.6,35.1,20.9,반등,23.5,25.6,13.7,17.3,12.6,38.2,21.5,반등,25.6,50.0,75.0,25.0,28.6,2025
충북,43,서원구,43112,중,산남중학교,공립,,UzExMDAwMTg4MA==,32.2,26.0,32.9,29.8,31.5,30.5,반등,1.7,31.6,25.4,33.0,29.6,31.0,30.1,반등,1.4,27.9,34.4,48.2,28.8,2023
충북,43,서원구,43112,중,청주여자중학교,공립,,UzExMDAwMDkxOQ==,31.5,25.2,34.0,32.4,29.9,30.6,연속↓,2.6,31.4,24.1,33.0,31.6,29.7,30.0,연속↓,1.9,29.7,34.9,43.2,42.4,2023
충북,43,서원구,43112,중,세광중학교,사립,,UzExMDAwMDkwMg==,29.8,26.0,29.7,35.3,29.9,30.1,하락,5.5,28.6,25.7,29.2,34.5,29.1,29.4,하락,5.4,43.8,30.6,45.6,30.1,2024
충북,43,서원구,43112,중,원평중학교,공립,,UzExMDAwMTg0Ng==,26.5,26.3,24.5,22.8,24.3,24.9,반등,1.6,25.5,25.5,24.0,23.2,24.3,24.5,반등,1.1,30.4,27.0,30.8,36.0,2022
충북,43,서원구,43112,중,청주남중학교,공립,,UzExMDAwMDkxNA==,23.3,20.0,21.0,22.9,24.2,22.3,연속↑,1.3,23.3,19.8,20.6,23.4,24.2,22.2,연속↑,0.9,33.9,35.7,35.7,59.3,2025
충북,43,서원구,43112,중,충북여자중학교,사립,충북여자중학교,UzExMDAwMDkyMw==,31.0,19.4,25.7,20.5,23.6,24.1,반등,3.2,30.8,19.6,25.5,20.1,23.2,23.8,반등,3.1,38.8,25.5,26.3,46.8,2021
충북,43,서원구,43112,중,수곡중학교,공립,,UzExMDAwMDkwMw==,23.8,21.3,28.6,22.8,23.3,24.0,반등,0.5,24.4,20.7,27.8,22.4,23.0,23.7,반등,0.6,38.0,31.9,24.7,46.2,2023
충북,43,서원구,43112,중,운호중학교,사립,,UzExMDAwMDkwNg==,17.1,19.2,19.2,21.0,23.6,20.0,연속↑,2.7,17.2,19.2,18.6,20.4,22.7,19.6,연속↑,2.2,38.8,23.9,26.5,49.6,2025
충북,43,서원구,43112,중,남성중학교,공립,,UzExMDAwMDg5NA==,23.1,21.4,22.8,26.8,22.3,23.2,하락,4.5,23.5,21.6,22.8,26.9,22.2,23.4,하락,4.6,30.6,26.0,27.5,42.0,2024
충북,43,서원구,43112,중,성화중학교,공립,,UzExMDAwMTg4MQ==,27.9,21.1,24.7,20.3,21.8,23.1,반등,1.5,27.9,20.6,23.8,19.3,21.8,22.7,반등,2.4,25.0,27.4,31.9,43.1,2021
충북,43,서원구,43112,고,청주IT과학고등학교,사립,,UzExMDAwMDI1Nw==,16.7,16.2,18.8,13.2,30.3,19.0,반등,17.1,16.2,14.9,19.2,14.1,31.2,19.1,반등,17.1,,45.3,36.8,25.2,2025
충북,43,서원구,43112,고,세광고등학교,사립,,UzExMDAwMDE2MQ==,14.7,10.2,11.0,31.4,25.0,18.5,하락,6.4,14.6,9.4,10.2,31.0,24.9,18.0,하락,6.1,42.7,27.4,22.4,12.9,2024
충북,43,서원구,43112,고,충북고등학교,공립,충북고등학교,UzExMDAwMDIzMQ==,16.2,13.5,17.7,27.6,22.4,19.5,하락,5.2,15.8,13.1,18.2,29.2,23.1,19.9,하락,6.2,17.8,30.6,22.8,14.9,2024
충북,43,서원구,43112,고,충북여자고등학교,사립,충북여자고등학교,UzExMDAwMDIzNQ==,8.2,13.1,13.3,15.9,22.3,14.5,연속↑,6.4,7.6,12.2,12.9,14.7,22.5,14.0,연속↑,7.8,15.2,33.6,39.6,0.8,2025
충북,43,서원구,43112,고,청주중앙여자고등학교,공립,,UzExMDAwMDIyNg==,16.3,14.7,17.2,24.8,20.6,18.7,하락,4.2,17.9,15.0,17.9,26.0,19.6,19.3,하락,6.3,27.2,14.0,27.6,20.2,2024
충북,43,서원구,43112,고,산남고등학교,공립,충북 청주시 흥덕구,UzExMDAwMTkxNg==,11.8,11.5,14.4,14.2,19.5,14.3,반등,5.3,11.3,10.2,13.8,13.7,19.2,13.6,반등,5.6,17.8,20.2,29.6,23.1,2025
충북,43,서원구,43112,고,운호고등학교,사립,,UzExMDAwMDE4MQ==,18.8,13.3,12.2,9.8,19.0,14.6,반등,9.2,19.4,12.8,11.4,9.1,17.9,14.1,반등,8.9,27.2,12.2,26.8,20.5,2021
충북,43,서원구,43112,고,청주하이텍고등학교,공립,,UzExMDAwMDIzOA==,11.5,6.3,3.6,5.8,13.8,8.2,연속↑,8.0,11.8,7.1,3.6,6.5,15.3,8.8,연속↑,8.8,4.0,24.2,15.3,23.4,2025
충북,43,서원구,43112,고,청주여자상업고등학교,사립,,UzExMDAwMDIyMw==,13.0,13.5,7.1,5.8,6.1,9.1,반등,0.3,13.0,12.4,6.6,5.5,5.5,8.6,→보합,,8.4,2.6,12.3,68.8,2021
충북,43,흥덕구,43113,중,솔밭중학교,공립,,UzExMDAwMTk1Nw==,29.9,24.8,34.6,35.0,35.1,31.9,연속↑,0.1,29.6,23.6,34.3,34.4,34.7,31.3,연속↑,0.3,40.9,35.1,43.1,32.4,2025
충북,43,흥덕구,43113,중,한국교원대학교부설미호중학교,국립,,UzAwMDAwMzUzNQ==,24.8,19.6,26.5,29.9,33.7,26.9,연속↑,3.8,24.4,19.0,25.2,29.3,33.9,26.4,연속↑,4.6,44.8,44.0,43.4,35.5,2025
충북,43,흥덕구,43113,중,복대중학교,공립,,UzExMDAwMDg5OA==,20.8,19.6,24.4,26.0,29.8,24.2,연속↑,3.8,20.4,18.9,24.4,26.2,29.9,23.9,연속↑,3.7,31.8,41.8,49.5,37.5,2025
충북,43,흥덕구,43113,중,서현중학교,공립,,UzExMDAwMTk1NA==,27.5,24.0,24.1,27.8,30.4,26.8,연속↑,2.6,27.2,23.8,23.9,27.4,29.4,26.4,연속↑,2.0,40.9,29.6,41.3,34.2,2025
충북,43,흥덕구,43113,중,경덕중학교,공립,,UzExMDAwMDg5Mw==,27.1,19.8,29.1,29.6,28.1,26.7,하락,1.6,26.6,19.4,28.4,30.0,28.7,26.6,하락,1.3,31.6,45.4,30.1,29.1,2024
충북,43,흥덕구,43113,중,서경중학교,공립,,UzExMDAwMTg0Nw==,31.0,22.4,26.6,24.6,28.8,26.7,반등,4.2,30.6,21.4,26.5,24.2,28.1,26.2,반등,3.9,37.3,30.0,40.1,38.8,2021
충북,43,흥덕구,43113,중,송절중학교,공립,,UzExMDAwMTg3Nw==,28.8,24.1,29.3,31.5,28.3,28.4,하락,3.2,28.8,23.9,29.6,31.5,27.9,28.3,하락,3.6,24.4,28.1,43.3,39.9,2024
충북,43,흥덕구,43113,중,충북대학교사범대학부설중학교,국립,충북대학교사범대학부설중학교,UzAwMDAwMzU3MA==,28.7,20.1,24.3,25.3,27.1,25.1,연속↑,1.8,27.6,19.7,24.4,24.5,27.7,24.8,연속↑,3.2,31.9,33.2,25.7,37.7,2025
충북,43,흥덕구,43113,중,오송중학교,공립,,UzExMDAwMTkxOA==,31.1,21.6,28.1,26.3,28.2,27.0,반등,1.9,31.2,21.4,27.3,26.0,27.0,26.6,반등,1.0,32.5,25.3,45.7,42.9,2021
충북,43,흥덕구,43113,중,서원중학교,공립,,UzExMDAwMDkwMQ==,27.0,23.1,23.6,23.5,25.6,24.6,반등,2.1,27.4,22.7,23.9,23.7,25.6,24.7,반등,1.9,20.0,29.9,39.6,37.6,2021
충북,43,흥덕구,43113,중,가경중학교,공립,,UzExMDAwMDg5Mg==,31.7,19.2,18.9,20.5,20.8,22.2,연속↑,0.3,32.0,19.1,19.4,21.4,21.3,22.6,하락,0.1,19.4,35.4,28.8,51.4,2021
충북,43,흥덕구,43113,중,대성중학교,사립,,UzExMDAwMDg5Ng==,25.7,19.0,23.6,24.9,21.3,22.9,하락,3.6,26.2,18.9,23.7,25.1,21.1,23.0,하락,4.0,30.8,31.4,31.0,52.1,2021
충북,43,흥덕구,43113,중,봉명중학교,공립,,UzExMDAwMDg5OQ==,17.6,17.2,19.1,13.8,19.7,17.5,반등,5.9,17.5,16.8,18.4,13.8,19.8,17.3,반등,6.0,22.7,25.3,23.9,53.8,2025
충북,43,흥덕구,43113,중,솔강중학교,공립,,UzExMDAwMjMzMw==,,,,,19.7,19.7,-,,,,,,19.5,19.5,-,,24.2,30.1,40.3,53.2,2025
충북,43,흥덕구,43113,중,옥산중학교,공립,,UzExMDAwMDgwNg==,18.5,19.5,20.6,19.0,17.4,19.0,연속↓,1.6,18.7,19.4,20.4,18.6,17.3,18.9,연속↓,1.3,20.3,31.3,26.7,45.9,2023
충북,43,흥덕구,43113,고,봉명고등학교,공립,,UzExMDAwMTkxNw==,11.9,13.3,20.1,22.4,28.4,19.2,연속↑,6.0,11.2,12.6,19.8,23.2,27.3,18.8,연속↑,4.1,26.7,25.2,44.9,28.4,2025
충북,43,흥덕구,43113,고,서원고등학교,공립,,UzExMDAwMTg0MA==,9.9,21.7,14.1,20.5,24.7,18.2,연속↑,4.3,10.1,24.7,15.4,23.8,25.6,19.9,연속↑,1.9,23.1,33.8,42.3,16.5,2025
충북,43,흥덕구,43113,고,충북외국어고등학교,공립,충북외국어고등학교,UzExMDAwMDIyNA==,11.5,17.3,22.2,23.0,20.7,18.9,하락,2.3,11.3,16.9,21.3,24.6,22.7,19.4,하락,2.0,11.0,35.0,23.9,4.3,2024
충북,43,흥덕구,43113,고,오송고등학교,공립,,UzExMDAwMjAwNA==,8.5,17.4,18.6,12.7,21.5,15.7,반등,8.8,8.4,17.4,18.3,14.1,21.3,15.9,반등,7.2,20.6,27.9,31.3,6.4,2025
충북,43,흥덕구,43113,고,흥덕고등학교,공립,,UzExMDAwMTgzOQ==,29.7,29.5,28.8,12.1,19.8,24.0,반등,7.8,31.8,28.9,28.9,11.8,20.5,24.4,반등,8.8,24.7,31.8,19.8,7.1,2021
충북,43,흥덕구,43113,고,한국교원대학교부설고등학교,국립,충북 청주시 흥덕구,UzAwMDAwMzUzMw==,9.6,19.1,9.1,5.9,19.6,12.7,반등,13.7,8.6,17.9,8.4,5.5,18.0,11.7,반등,12.5,24.8,10.5,39.8,10.6,2025
충북,43,흥덕구,43113,고,충북공업고등학교,공립,충북공업고등학교,UzExMDAwMDIzMg==,4.4,3.6,17.7,9.5,14.3,9.9,반등,4.8,4.4,3.6,17.7,9.5,14.3,9.9,반등,4.8,35.6,,32.2,,2023
충북,43,흥덕구,43113,고,충북대학교사범대학부설고등학교,국립,충북대학교사범대학부설고등학교,UzAwMDAwMzU2OQ==,17.2,18.6,11.1,11.5,11.3,13.9,하락,0.2,15.7,16.9,10.4,11.5,12.1,13.3,연속↑,0.6,11.1,17.0,13.5,10.5,2022
충북,43,흥덕구,43113,고,양업고등학교,사립,,UzExMDAwMDE2Nw==,16.7,12.2,9.2,9.2,13.8,12.2,상승,4.6,18.2,12.2,9.1,8.6,10.0,11.6,반등,1.5,19.5,2.5,24.4,39.0,2021
충북,43,흥덕구,43113,고,청주고등학교,공립,,UzExMDAwMDIxMg==,12.1,19.3,16.8,9.7,9.9,13.6,반등,0.2,11.4,19.8,19.3,9.7,8.7,13.8,연속↓,0.9,18.5,1.4,12.8,37.4,2022
충북,43,흥덕구,43113,고,충북예술고등학교,공립,충북예술고등학교,UzExMDAwMDIzNg==,5.3,15.1,6.6,10.2,13.8,10.2,연속↑,3.7,5.4,14.4,6.9,10.2,8.7,9.1,하락,1.5,14.6,6.5,31.0,56.7,2022
충북,43,상당구,43111,중,미원중학교,공립,,UzExMDAwMDgwMQ==,24.8,26.3,23.3,18.3,35.5,25.6,반등,17.2,25.2,26.2,23.5,18.7,34.3,25.6,반등,15.7,60.0,40.0,42.9,60.0,2025
충북,43,상당구,43111,중,문의중학교,공립,,UzExMDAwMDgwMA==,23.6,30.4,49.2,54.6,32.9,38.1,하락,21.7,22.2,29.6,48.3,53.2,33.0,37.3,하락,20.2,44.4,50.0,38.9,27.3,2024
충북,43,상당구,43111,중,운동중학교,공립,,UzExMDAwMTg3NQ==,26.5,19.8,31.0,28.2,28.9,26.9,반등,0.7,26.1,18.9,31.2,27.6,29.1,26.6,반등,1.5,39.0,34.7,35.4,36.5,2023
충북,43,상당구,43111,중,용성중학교,공립,,UzExMDAwMTg3Ng==,20.4,21.7,24.1,25.6,29.0,24.1,연속↑,3.4,20.7,22.2,23.5,25.5,28.3,24.0,연속↑,2.7,25.7,28.9,42.0,41.1,2025
충북,43,상당구,43111,중,용암중학교,공립,충북 청주시 상당구,UzExMDAwMDkwNQ==,25.5,24.4,31.8,25.7,26.6,26.8,반등,0.9,25.1,23.8,31.7,26.1,27.1,26.7,반등,1.0,26.5,36.9,34.6,41.4,2023
충북,43,상당구,43111,중,대성여자중학교,사립,,UzExMDAwMDg5NQ==,24.7,17.9,26.7,27.5,26.9,24.7,하락,0.6,25.1,18.3,27.9,29.0,26.0,25.3,하락,3.0,33.6,31.2,49.5,39.4,2024
충북,43,상당구,43111,중,청주중학교,공립,,UzExMDAwMDkyMg==,25.9,19.1,24.6,29.0,26.1,24.9,하락,2.9,25.8,18.3,24.7,28.8,25.9,24.7,하락,2.9,26.7,34.0,36.0,39.8,2024
충북,43,상당구,43111,중,금천중학교,공립,충북 청주시 상당구,UzExMDAwMTg3Mw==,25.5,20.7,25.5,27.8,23.0,24.5,하락,4.8,25.7,20.3,24.3,26.3,23.3,24.0,하락,3.1,20.8,34.0,28.7,47.6,2024
충북,43,상당구,43111,중,청운중학교,공립,,UzExMDAwMDkxMg==,21.3,14.4,13.1,20.2,23.0,18.4,연속↑,2.8,20.7,14.4,13.9,20.5,22.5,18.4,연속↑,1.9,25.7,22.6,31.4,48.6,2025
충북,43,상당구,43111,중,청주동중학교,공립,충북 청주시 상당구,UzExMDAwMDkxNQ==,21.0,16.2,22.3,19.3,22.0,20.1,반등,2.7,21.4,15.8,21.7,18.4,22.3,19.9,반등,3.9,21.7,32.1,29.0,47.0,2025
충북,43,상당구,43111,중,일신여자중학교,사립,,UzExMDAwMDkwOQ==,28.0,28.0,26.4,24.4,21.6,25.7,연속↓,2.8,28.8,27.0,26.0,25.1,21.8,25.8,연속↓,3.4,13.6,28.8,37.4,37.6,2021
충북,43,상당구,43111,중,원봉중학교,공립,,UzExMDAwMDkwNw==,19.7,21.3,24.2,22.5,19.0,21.3,연속↓,3.5,19.4,21.0,23.8,21.7,18.7,20.9,연속↓,3.0,26.1,23.3,27.1,45.0,2023
충북,43,상당구,43111,중,가덕중학교,공립,,UzExMDAwMDc5OA==,22.5,28.4,22.6,15.3,19.0,21.6,반등,3.8,22.4,28.5,21.6,14.5,18.6,21.1,반등,4.0,33.3,23.5,17.6,72.2,2022
충북,43,상당구,43111,고,충북과학고등학교,공립,충북과학고등학교,UzExMDAwMDIzMw==,84.5,70.3,76.7,72.5,62.0,73.2,연속↓,10.4,82.8,69.8,76.0,71.1,58.6,71.7,연속↓,12.5,75.9,57.4,77.8,1.9,2021
충북,43,상당구,43111,고,금천고등학교,공립,,UzExMDAwMDEzNg==,9.4,51.3,17.9,21.6,28.7,25.8,연속↑,7.1,9.0,52.0,17.5,20.5,29.3,25.7,연속↑,8.7,31.1,34.6,31.7,15.2,2022
충북,43,상당구,43111,고,청석고등학교,사립,,UzExMDAwMDIxMQ==,9.1,20.5,6.0,13.3,27.5,15.3,연속↑,14.2,9.3,20.5,6.4,12.2,27.3,15.1,연속↑,15.1,32.4,26.5,38.4,4.7,2025
충북,43,상당구,43111,고,주성고등학교,공립,,UzExMDAwMTg0MQ==,8.7,8.7,17.8,26.0,19.7,16.2,하락,6.3,8.6,8.0,17.5,26.9,20.5,16.3,하락,6.4,19.7,27.1,21.7,18.9,2024
충북,43,상당구,43111,고,일신여자고등학교,사립,,UzExMDAwMDE4Nw==,15.2,20.8,17.1,16.4,20.1,17.9,반등,3.6,15.0,20.7,17.2,16.0,20.0,17.8,반등,4.0,39.0,20.6,14.2,10.7,2022
충북,43,상당구,43111,고,상당고등학교,공립,,UzExMDAwMDE1OQ==,11.5,9.3,8.8,12.8,16.0,11.7,연속↑,3.3,11.1,9.3,8.7,12.8,15.9,11.6,연속↑,3.1,11.8,21.4,27.1,16.0,2025
충북,43,상당구,43111,고,청주공업고등학교,공립,,UzExMDAwMDIxNQ==,7.7,7.1,13.2,12.8,13.6,10.9,반등,0.8,7.9,6.8,12.5,12.7,12.5,10.5,하락,0.3,43.9,28.6,33.3,66.7,2024
충북,43,상당구,43111,고,충북에너지고등학교,공립,충북에너지고등학교,UzExMDAwMDE1MA==,19.5,11.7,9.6,5.7,12.9,11.9,반등,7.1,19.7,11.9,9.2,5.1,12.1,11.6,반등,7.0,14.8,12.9,28.1,45.2,2021
충북,43,상당구,43111,고,대성여자상업고등학교,사립,,UzExMDAwMDE0MQ==,10.7,12.2,5.7,6.9,11.9,9.5,연속↑,5.0,10.8,12.2,5.9,7.1,12.0,9.6,연속↑,4.9,5.9,13.4,22.6,52.7,2022
충북,43,청원구,43114,중,각리중학교,공립,,UzExMDAwMTg4NQ==,24.1,23.1,34.9,31.8,31.7,29.1,연속↓,,23.6,23.0,32.8,30.5,30.7,28.1,반등,0.1,30.6,35.0,51.9,36.9,2023
충북,43,청원구,43114,중,생명중학교,공립,,UzExMDAwMjMwNg==,20.6,21.6,29.1,30.1,30.8,26.4,연속↑,0.7,20.9,21.1,28.5,29.9,29.9,26.1,→보합,0.1,50.5,28.0,33.6,32.4,2025
충북,43,청원구,43114,중,청주중앙여자중학교,공립,충북 청주시 상당구,UzExMDAwMDkyMA==,32.1,20.0,30.7,27.1,29.4,27.9,반등,2.4,30.8,19.6,30.4,26.7,28.7,27.3,반등,2.1,30.3,26.2,42.5,44.8,2021
충북,43,청원구,43114,중,양청중학교,공립,충북 청원군 오창읍,UzExMDAwMjAwMg==,25.6,22.1,23.1,27.4,28.2,25.3,연속↑,0.8,25.8,22.3,22.9,27.0,27.0,25.0,→보합,,29.1,26.0,53.6,34.0,2025
충북,43,청원구,43114,중,주성중학교,공립,,UzExMDAwMDkxMA==,29.2,21.0,28.6,27.0,26.2,26.4,연속↓,0.7,28.4,20.8,27.3,26.5,25.8,25.8,연속↓,0.6,29.7,29.0,47.0,41.4,2021
충북,43,청원구,43114,중,오창중학교,공립,,UzExMDAwMDgwNA==,29.2,20.2,31.1,28.6,25.6,27.0,연속↓,3.0,28.5,19.4,31.0,28.6,25.2,26.5,연속↓,3.4,28.4,36.1,42.1,41.5,2023
충북,43,청원구,43114,중,청주중앙중학교,공립,,UzExMDAwMDkyMQ==,26.2,25.4,26.9,21.6,20.5,24.1,연속↓,1.1,27.3,25.2,27.4,22.1,21.1,24.6,연속↓,1.0,27.7,35.5,23.2,45.8,2023
충북,43,청원구,43114,중,율량중학교,공립,충북 청주시 청원구,UzExMDAwMDkwOA==,19.0,19.0,20.7,22.8,19.8,20.3,하락,3.0,18.4,18.4,20.0,23.2,19.8,19.9,하락,3.4,23.5,26.0,22.8,46.0,2024
충북,43,청원구,43114,중,내수중학교,공립,,UzExMDAwMDc5OQ==,22.5,20.5,24.0,19.2,14.5,20.1,연속↓,4.6,22.5,20.7,24.5,18.8,13.5,20.0,연속↓,5.3,15.8,11.0,31.6,60.6,2023
충북,43,청원구,43114,고,청원고등학교,공립,,UzExMDAwMTkxNQ==,15.8,22.5,37.4,29.3,35.8,28.1,반등,6.5,16.4,21.6,35.2,28.9,34.5,27.3,반등,5.6,45.3,31.8,56.0,1.5,2023
충북,43,청원구,43114,고,청주여자고등학교,공립,,UzExMDAwMDIyMA==,18.7,22.1,17.7,32.3,27.6,23.7,하락,4.7,19.1,24.6,18.9,36.3,29.7,25.7,하락,6.6,21.9,56.7,24.1,7.2,2024
충북,43,청원구,43114,고,양청고등학교,공립,,UzExMDAwMTg4OA==,11.1,7.8,11.8,20.8,22.2,14.7,연속↑,1.4,11.3,8.3,12.1,21.1,21.3,14.8,연속↑,0.2,17.0,18.1,36.9,8.5,2025
충북,43,청원구,43114,고,청주신흥고등학교,사립,,UzExMDAwMDE2NA==,13.5,8.9,16.5,15.8,18.3,14.6,반등,2.4,12.6,8.5,15.7,15.0,17.3,13.8,반등,2.4,18.9,12.0,32.8,25.9,2025
충북,43,청원구,43114,고,청주대성고등학교,사립,,UzExMDAwMDIxNw==,12.2,11.7,12.7,8.5,16.9,12.4,반등,8.5,11.7,11.5,12.9,8.9,16.8,12.4,반등,7.9,14.6,21.5,24.4,41.1,2025
충북,43,청원구,43114,고,충북상업정보고등학교,공립,충북상업정보고등학교,UzExMDAwMDIzNw==,9.8,9.1,4.2,3.1,10.8,7.4,반등,7.7,9.2,9.4,3.8,3.0,9.9,7.1,반등,6.9,6.2,6.4,38.9,73.3,2025
충북,43,청원구,43114,고,오창고등학교,공립,,UzExMDAwMDE3Ng==,6.1,6.3,6.2,9.1,8.1,7.2,하락,1.1,6.2,6.1,5.9,8.7,8.5,7.1,하락,0.2,5.9,13.4,11.0,34.7,2024
충북,43,청원구,43114,고,청주농업고등학교,공립,,UzExMDAwMDIxNg==,6.1,5.5,6.1,8.0,6.0,6.3,하락,1.9,6.6,6.0,6.4,8.0,5.3,6.4,하락,2.8,10.0,7.8,5.4,43.1,2024
충북,43,증평군,43745,중,증평여자중학교,공립,,UzExMDAwMDI3MQ==,24.0,22.7,31.8,25.6,27.5,26.3,반등,1.9,24.6,22.4,31.6,25.2,26.8,26.1,반등,1.6,34.2,31.6,37.5,59.0,2023
충북,43,증평군,43745,중,형석중학교,사립,,UzExMDAwMDI3Nw==,20.3,19.3,16.8,20.0,23.5,20.0,연속↑,3.5,20.9,19.0,15.9,19.8,23.5,19.8,연속↑,3.6,25.0,27.1,30.1,44.6,2025
충북,43,증평군,43745,중,증평중학교,공립,,UzExMDAwMDI3Mg==,27.7,19.3,23.4,25.7,22.3,23.7,하락,3.5,27.7,19.2,23.2,25.7,22.1,23.6,하락,3.6,27.3,27.2,38.4,47.8,2021
충북,43,증평군,43745,고,충북비즈니스고등학교,공립,충북비즈니스고등학교,UzExMDAwMDIwMw==,10.9,3.4,13.7,14.8,16.2,11.8,연속↑,1.4,10.6,3.2,13.2,14.1,14.8,11.2,연속↑,0.7,18.8,8.9,24.7,41.2,2025
충북,43,증평군,43745,고,증평공업고등학교,공립,,UzExMDAwMDIwMA==,8.8,3.7,7.0,8.6,11.3,7.9,연속↑,2.7,8.5,3.6,6.8,8.3,10.0,7.5,연속↑,1.7,2.0,20.0,18.0,50.0,2025
충북,43,증평군,43745,고,형석고등학교,사립,,UzExMDAwMDI1OA==,13.0,12.7,9.2,6.1,9.9,10.2,반등,3.8,12.7,11.4,9.6,6.1,9.7,9.9,반등,3.7,8.1,12.6,14.3,24.4,2021
충북,43,음성군,43770,중,매괴여자중학교,사립,,UzExMDAwMDYxNw==,36.1,27.6,32.8,27.3,35.8,31.9,반등,8.5,34.8,26.8,33.4,27.4,35.7,31.6,반등,8.3,44.4,40.9,55.6,45.5,2025
충북,43,음성군,43770,중,음성여자중학교,공립,,UzExMDAwMDYyMQ==,31.2,21.6,26.9,31.8,28.6,28.0,하락,3.2,31.1,21.5,27.8,31.7,28.1,28.0,하락,3.7,32.3,31.6,50.9,43.5,2024
충북,43,음성군,43770,중,동성중학교,공립,,UzExMDAwMTk5Nw==,29.0,23.8,31.8,28.0,23.4,27.2,연속↓,4.7,29.7,24.4,32.8,28.6,23.8,27.9,연속↓,4.8,29.3,34.5,40.4,30.7,2023
충북,43,음성군,43770,중,무극중학교,공립,,UzExMDAwMDYxOA==,26.8,20.7,26.5,24.6,23.8,24.5,연속↓,0.8,26.8,20.2,26.7,24.4,23.0,24.2,연속↓,1.5,27.0,24.1,37.7,52.2,2021
충북,43,음성군,43770,중,감곡중학교,공립,,UzExMDAwMDYxNA==,20.7,20.2,23.2,15.5,22.3,20.4,반등,6.8,20.1,19.0,23.3,15.3,22.3,20.0,반등,7.0,23.1,33.3,32.1,61.5,2023
충북,43,음성군,43770,중,대소중학교,공립,,UzExMDAwMDYxNg==,20.2,16.6,23.7,19.4,22.2,20.4,반등,2.9,20.1,16.3,23.9,18.9,21.5,20.1,반등,2.6,44.8,20.8,28.4,53.7,2023
충북,43,음성군,43770,중,삼성중학교,공립,,UzExMDAwMDYxOQ==,28.3,15.3,14.6,21.0,20.4,19.9,하락,0.5,27.6,14.7,14.7,20.9,20.5,19.7,하락,0.5,28.0,31.3,28.0,60.0,2021
충북,43,음성군,43770,중,음성중학교,공립,,UzExMDAwMDYyMg==,17.3,16.4,17.2,16.9,18.5,17.3,반등,1.7,17.8,16.6,17.5,18.1,19.4,17.9,연속↑,1.3,21.9,32.4,21.9,63.9,2025
충북,43,음성군,43770,중,생극중학교,사립,,UzExMDAwMDYyMA==,16.2,20.4,22.8,25.2,18.9,20.7,하락,6.3,16.7,20.7,22.4,25.8,19.0,20.9,하락,6.8,20.7,21.4,27.6,62.1,2024
충북,43,음성군,43770,중,한일중학교,사립,,UzExMDAwMDYyMw==,22.3,15.7,14.9,19.2,16.5,17.7,하락,2.6,22.6,15.6,15.0,18.4,16.1,17.5,하락,2.3,24.1,24.1,31.0,42.9,2021
충북,43,음성군,43770,고,동성고등학교,공립,,UzExMDAwMjMwNQ==,,,,15.8,36.3,26.0,상승,20.6,,,,17.2,40.0,28.6,상승,22.9,44.0,68.5,18.9,,2025
충북,43,음성군,43770,고,대금고등학교,공립,,UzExMDAwMjA4MQ==,9.2,14.4,20.9,27.1,24.6,19.2,하락,2.5,8.6,14.9,22.4,28.9,25.8,20.1,하락,3.1,20.4,37.0,28.3,13.2,2024
충북,43,음성군,43770,고,충북반도체고등학교,공립,충북반도체고등학교,UzExMDAwMDEzNA==,19.8,19.8,18.1,22.6,22.2,20.5,하락,0.4,19.4,19.4,18.1,22.1,21.7,20.1,하락,0.4,37.2,21.4,33.0,18.4,2024
충북,43,음성군,43770,고,음성고등학교,공립,,UzExMDAwMDE4Mw==,15.4,15.4,13.6,6.0,11.5,12.4,반등,5.5,16.5,16.3,13.0,5.6,10.5,12.4,반등,4.9,16.1,6.8,18.6,26.7,2021
충북,43,음성군,43770,고,매괴고등학교,사립,,UzExMDAwMDE0NA==,12.1,13.2,13.1,13.1,10.2,12.3,하락,2.9,12.4,13.8,13.4,13.9,10.3,12.8,하락,3.6,17.0,15.2,9.8,54.4,2024
충북,43,보은군,43720,중,보은여자중학교,공립,,UzExMDAwMDQxNw==,35.6,23.6,34.3,26.5,33.1,30.6,반등,6.6,35.2,23.1,33.9,26.4,32.8,30.3,반등,6.4,40.4,33.3,52.2,46.8,2021
충북,43,보은군,43720,중,보덕중학교,공립,,UzExMDAwMDQxNg==,29.2,23.5,38.3,41.3,27.6,32.0,하락,13.6,28.8,22.4,37.5,41.9,28.0,31.7,하락,13.9,33.3,33.3,41.7,58.8,2024
충북,43,보은군,43720,중,보은중학교,공립,,UzExMDAwMDQxOA==,25.4,20.4,21.6,17.6,19.6,20.9,반등,2.0,24.7,20.5,22.0,18.0,20.2,21.1,반등,2.2,15.5,43.6,25.4,46.5,2021
충북,43,보은군,43720,중,속리산중학교,공립,,UzExMDAwMDQyMA==,28.6,25.9,33.0,22.3,20.7,26.1,연속↓,1.7,27.9,24.8,32.3,21.6,19.4,25.2,연속↓,2.2,30.0,15.0,35.0,63.3,2023
충북,43,보은군,43720,중,회인중학교,공립,,UzExMDAwMDQyMQ==,12.5,23.0,23.0,13.3,13.5,17.1,반등,0.2,12.5,22.8,22.2,12.9,13.1,16.7,반등,0.2,20.0,20.0,30.0,60.0,2022
충북,43,보은군,43720,고,보은여자고등학교,공립,,UzExMDAwMDE1NQ==,13.3,18.5,19.9,21.4,24.2,19.5,연속↑,2.7,12.7,17.2,19.5,21.6,24.1,19.0,연속↑,2.5,20.0,25.0,30.0,25.0,2025
충북,43,보은군,43720,고,보은고등학교,사립,,UzExMDAwMDE1MQ==,12.7,12.7,18.7,22.9,21.6,17.7,하락,1.3,11.7,12.5,17.3,24.8,21.6,17.6,하락,3.3,29.6,32.1,19.8,24.1,2024
충북,43,보은군,43720,고,충북생명산업고등학교,공립,충북생명산업고등학교,UzExMDAwMDE1Ng==,7.3,10.0,11.5,11.5,7.3,9.5,하락,4.2,7.6,10.3,11.7,12.6,7.2,9.9,하락,5.3,12.3,12.3,8.2,20.7,2024
충북,43,옥천군,43730,중,안내중학교,공립,,UzExMDAwMDU2MA==,16.2,17.4,27.8,21.4,36.6,23.9,반등,15.2,15.7,17.0,28.6,22.0,34.0,23.5,반등,12.0,66.7,60.0,83.3,57.1,2025
충북,43,옥천군,43730,중,옥천여자중학교,공립,,UzExMDAwMDU2MQ==,29.6,23.6,31.7,25.9,31.2,28.4,반등,5.2,29.7,22.9,31.0,25.6,30.7,28.0,반등,5.1,41.7,32.6,36.9,48.6,2023
충북,43,옥천군,43730,중,옥천중학교,공립,,UzExMDAwMDU2Mg==,25.9,19.6,24.1,22.4,19.6,22.3,연속↓,2.9,25.9,19.4,24.0,22.2,19.6,22.2,연속↓,2.6,15.3,28.1,38.1,54.0,2021
충북,43,옥천군,43730,중,이원중학교,공립,,UzExMDAwMDU2Mw==,23.5,13.5,21.9,13.8,19.2,18.4,반등,5.4,25.0,13.1,21.8,12.5,17.5,18.0,반등,5.0,35.7,16.7,33.3,85.7,2021
충북,43,옥천군,43730,중,청산중학교,공립,,UzExMDAwMDU2NQ==,20.6,18.1,14.7,7.2,10.3,14.2,반등,3.1,20.8,18.7,15.5,7.3,10.4,14.6,반등,3.2,16.7,27.3,9.1,63.6,2021
충북,43,옥천군,43730,고,옥천고등학교,공립,,UzExMDAwMDE3Nw==,9.5,9.5,10.7,16.3,15.5,12.3,하락,0.9,8.6,8.4,10.7,17.5,16.4,12.3,하락,1.1,10.4,26.2,18.8,6.5,2024
충북,43,옥천군,43730,고,충북산업과학고등학교,공립,충북산업과학고등학교,UzExMDAwMDE3OQ==,5.6,10.6,9.1,6.2,12.1,8.7,반등,5.9,5.7,10.3,8.3,5.5,10.8,8.1,반등,5.3,30.9,4.9,17.3,47.0,2025
충북,43,옥천군,43730,고,청산고등학교,공립,,UzExMDAwMDIwOQ==,10.8,17.0,15.6,6.3,6.3,11.2,→보합,0.1,9.8,17.7,15.5,7.8,4.6,11.1,연속↓,3.1,,10.0,5.0,60.0,2022
충북,43,충주시,43130,중,충주미덕중학교,사립,,UzExMDAwMDk4MQ==,40.0,28.4,36.0,29.5,30.6,32.9,반등,1.1,39.2,28.5,35.7,29.4,29.7,32.5,반등,0.4,42.1,33.3,56.1,19.9,2021
충북,43,충주시,43130,중,앙성중학교,공립,,UzExMDAwMDk4Ng==,28.1,29.4,39.0,29.8,27.5,30.7,연속↓,2.3,28.4,27.0,37.5,30.4,27.7,30.2,연속↓,2.7,33.3,33.3,44.4,37.5,2023
충북,43,충주시,43130,중,수안보중학교,공립,충북 충주시 수안보면,UzExMDAwMDk4Mw==,31.6,24.3,29.9,28.8,27.5,28.4,연속↓,1.2,29.3,25.2,30.6,28.8,27.0,28.2,연속↓,1.7,40.0,40.0,40.0,80.0,2023
충북,43,충주시,43130,중,신니중학교,공립,,UzExMDAwMDk4NA==,13.8,22.3,24.1,24.2,24.4,21.7,연속↑,0.3,13.1,20.9,22.4,23.7,25.3,21.1,연속↑,1.7,50.0,50.0,50.0,87.5,2025
충북,43,충주시,43130,중,노은중학교,공립,충북 충주시 노은면,UzExMDAwMDk4MA==,22.8,28.9,15.2,15.5,24.4,21.4,연속↑,8.8,21.2,28.4,14.8,16.0,25.0,21.1,연속↑,9.1,33.3,37.5,37.5,25.0,2022
충북,43,충주시,43130,중,충주예성여자중학교,공립,,UzExMDAwMDk5Mw==,25.1,19.1,26.3,28.1,25.1,24.7,하락,3.1,25.8,20.1,25.8,27.2,25.0,24.8,하락,2.2,27.6,29.2,34.0,42.1,2024
충북,43,충주시,43130,중,충주여자중학교,공립,,UzExMDAwMDk5Mg==,30.8,22.5,36.3,30.1,25.0,28.9,연속↓,5.1,29.9,22.3,35.5,30.0,24.5,28.4,연속↓,5.5,41.1,28.7,34.4,62.2,2023
충북,43,충주시,43130,중,충주북여자중학교,사립,,UzExMDAwMDk5MQ==,24.0,24.5,26.4,25.6,23.9,24.9,연속↓,1.8,24.3,24.3,25.3,25.2,23.5,24.5,연속↓,1.7,24.8,26.9,34.3,38.1,2023
충북,43,충주시,43130,중,충일중학교,공립,,UzExMDAwMDk5MA==,24.7,25.0,25.5,26.4,23.0,24.9,하락,3.4,25.6,24.7,25.0,25.5,23.3,24.8,하락,2.2,12.5,40.1,39.4,42.2,2021
충북,43,충주시,43130,중,중원중학교,공립,대전리,UzExMDAwMDk4OQ==,21.9,21.3,18.2,22.4,22.1,21.2,하락,0.3,22.7,21.1,17.6,23.0,22.4,21.3,하락,0.6,36.4,31.8,27.3,37.5,2024
충북,43,충주시,43130,중,중앙탑중학교,공립,,UzExMDAwMjIxMg==,28.0,24.8,31.2,32.4,22.4,27.7,하락,10.0,28.4,24.6,31.9,31.6,22.3,27.8,연속↓,9.3,29.6,25.2,25.9,34.8,2023
충북,43,충주시,43130,중,탄금중학교,공립,,UzExMDAwMTg0Mw==,30.9,22.4,24.3,29.0,22.9,25.9,하락,6.1,31.1,21.4,24.3,30.1,22.0,25.8,하락,8.0,32.1,21.2,31.9,46.9,2021
충북,43,충주시,43130,중,산척중학교,공립,,UzExMDAwMDk4Mg==,22.1,13.0,28.3,27.8,21.8,22.6,연속↓,5.9,22.1,12.4,28.1,29.0,22.0,22.7,하락,7.1,33.3,28.6,16.7,57.1,2024
충북,43,충주시,43130,중,충주중학교,공립,,UzExMDAwMDk5Ng==,20.4,16.6,17.6,22.1,20.8,19.5,하락,1.3,21.2,16.8,18.1,22.8,21.7,20.1,하락,1.1,22.6,34.4,20.6,41.5,2024
충북,43,충주시,43130,중,충주대소원중학교,공립,,UzExMDAwMjI5Mw==,20.1,19.2,23.4,23.2,21.4,21.4,연속↓,1.8,21.3,19.5,23.9,23.3,21.0,21.8,연속↓,2.2,29.2,25.0,30.4,62.2,2023
충북,43,충주시,43130,중,칠금중학교,공립,,UzExMDAwMTg0Mg==,26.3,22.2,21.4,19.2,17.0,21.2,연속↓,2.2,25.9,21.6,21.0,19.0,16.4,20.8,연속↓,2.7,25.9,17.7,35.4,53.7,2021
충북,43,충주시,43130,중,주덕중학교,공립,,UzExMDAwMDk4OA==,19.6,14.4,13.8,18.7,16.1,16.5,하락,2.6,20.2,14.6,13.2,17.7,16.1,16.4,하락,1.6,21.1,27.3,23.1,57.9,2021
충북,43,충주시,43130,중,신명중학교,사립,,UzExMDAwMDk4NQ==,12.0,25.6,18.2,14.7,12.9,16.7,연속↓,1.9,13.0,25.0,18.3,14.9,12.6,16.8,연속↓,2.3,26.1,15.8,10.5,60.0,2022
충북,43,충주시,43130,중,충주중앙중학교,공립,,UzExMDAwMDk5NA==,24.9,18.0,26.3,16.7,10.6,19.3,연속↓,6.2,24.9,17.7,25.3,16.4,9.9,18.8,연속↓,6.6,15.0,6.4,18.8,65.6,2023
충북,43,충주시,43130,고,중앙탑고등학교,공립,,UzExMDAwMjMwMA==,,,31.0,24.1,29.2,28.1,반등,5.1,,,32.3,25.8,28.9,29.0,반등,3.1,48.0,28.4,26.4,17.6,2023
충북,43,충주시,43130,고,충주고등학교,공립,,UzExMDAwMDI0Mg==,12.4,13.1,16.1,26.6,22.5,18.1,하락,4.1,12.1,13.5,14.9,25.7,22.5,17.7,하락,3.2,43.9,25.1,19.3,6.4,2024
충북,43,충주시,43130,고,충주여자고등학교,공립,,UzExMDAwMDI0OA==,32.3,34.3,23.0,29.9,21.5,28.2,하락,8.5,31.8,32.5,21.2,27.0,22.1,26.9,하락,4.9,18.3,31.4,25.7,14.7,2022
충북,43,충주시,43130,고,충원고등학교,사립,,UzExMDAwMDI0MQ==,18.3,13.2,19.6,15.8,22.7,17.9,반등,7.0,18.1,12.7,18.2,15.4,21.8,17.3,반등,6.4,33.3,17.5,28.6,24.6,2025
충북,43,충주시,43130,고,한림디자인고등학교,사립,,UzExMDAwMDI0OQ==,29.5,21.3,31.2,34.1,17.8,26.8,하락,16.3,29.0,21.3,29.6,33.3,18.9,26.4,하락,14.4,18.2,36.4,16.2,19.0,2024
충북,43,충주시,43130,고,충주중산고등학교,사립,,UzExMDAwMDE5OA==,20.2,30.2,48.2,46.7,18.6,32.8,연속↓,28.1,22.3,29.9,46.0,46.5,18.2,32.6,하락,28.3,14.5,18.3,29.8,5.3,2024
충북,43,충주시,43130,고,국원고등학교,공립,,UzExMDAwMDI0NQ==,15.9,13.2,19.5,24.6,14.0,17.4,하락,10.6,17.9,13.2,21.7,23.0,15.0,18.1,하락,8.0,11.6,40.8,12.9,48.6,2024
충북,43,충주시,43130,고,충주대원고등학교,사립,,UzExMDAwMDE0Mw==,13.1,20.7,15.7,29.0,14.7,18.6,하락,14.3,12.4,20.5,14.3,28.3,15.0,18.1,하락,13.3,23.8,18.8,11.0,15.5,2024
충북,43,충주시,43130,고,충주예성여자고등학교,공립,,UzExMDAwMDI1MA==,23.3,13.8,10.0,15.0,22.0,16.8,연속↑,7.0,21.6,14.0,10.3,14.6,14.9,15.1,연속↑,0.3,21.2,14.5,36.4,54.5,2021
충북,43,충주시,43130,고,충주상업고등학교,사립,,UzExMDAwMDI0Ng==,18.4,11.7,13.4,12.3,14.0,13.9,반등,1.8,18.2,11.3,12.9,11.5,12.6,13.3,반등,1.1,17.5,4.9,32.2,36.6,2021
충북,43,충주시,43130,고,충주공업고등학교,공립,,UzExMDAwMDI0NA==,9.5,9.0,9.0,9.3,6.7,8.7,하락,2.6,9.2,9.9,9.3,10.5,7.4,9.2,하락,3.0,4.0,12.7,6.3,47.6,2024
충북,43,제천시,43150,중,한송중학교,공립,,UzExMDAwMDY3OA==,24.3,45.5,22.2,11.1,37.5,28.1,반등,26.4,24.7,43.6,22.0,11.9,37.5,27.9,반등,25.6,50.0,50.0,25.0,0.0,2022
충북,43,제천시,43150,중,대제중학교,사립,,UzExMDAwMDY2NQ==,25.1,25.4,25.5,26.1,26.8,25.8,연속↑,0.6,26.1,25.7,26.0,26.7,28.0,26.5,연속↑,1.4,27.4,45.7,26.7,36.4,2025
충북,43,제천시,43150,중,청풍중학교,공립,,UzExMDAwMDY3Ng==,27.8,32.5,41.7,22.2,24.6,29.7,반등,2.4,29.1,32.3,41.7,23.6,26.0,30.5,반등,2.5,66.7,57.1,14.3,33.3,2023
충북,43,제천시,43150,중,송학중학교,공립,,UzExMDAwMDY2OA==,0.0,50.0,,31.3,25.2,26.6,하락,6.0,0.0,50.0,,32.3,24.7,26.7,하락,7.7,30.8,40.0,40.0,46.2,2022
충북,43,제천시,43150,중,제천여자중학교,공립,,UzExMDAwMDY3NA==,28.5,25.1,27.1,22.5,23.7,25.4,반등,1.2,28.6,25.3,26.9,22.0,22.7,25.1,반등,0.8,44.4,22.9,31.7,35.8,2021
충북,43,제천시,43150,중,제천덕산중학교,공립,,UzExMDAwMDY3Mg==,19.7,22.3,24.9,23.6,22.1,22.5,연속↓,1.5,18.3,19.7,23.4,23.2,22.1,21.3,연속↓,1.1,50.0,25.0,40.0,40.0,2023
충북,43,제천시,43150,중,제천동중학교,공립,,UzExMDAwMDY3Mw==,25.8,19.3,23.2,21.9,20.2,22.1,연속↓,1.7,25.7,19.2,22.4,21.5,20.2,21.8,연속↓,1.3,20.9,28.1,30.2,51.2,2021
충북,43,제천시,43150,중,의림여자중학교,공립,,UzExMDAwMDY3MQ==,29.5,25.1,31.4,25.9,20.2,26.4,연속↓,5.7,30.0,24.4,31.1,26.0,19.8,26.3,연속↓,6.2,37.2,26.1,21.8,48.6,2023
충북,43,제천시,43150,중,수산중학교,공립,,UzExMDAwMDY2OQ==,50.0,25.8,50.4,39.6,16.7,36.5,연속↓,22.9,50.7,25.0,48.8,38.4,17.9,36.1,연속↓,20.5,0.0,25.0,50.0,50.0,2021
충북,43,제천시,43150,중,내토중학교,공립,,UzExMDAwMTg0NA==,15.7,15.7,17.3,17.8,18.1,16.9,연속↑,0.3,16.7,15.4,17.3,17.2,17.6,16.8,반등,0.4,23.7,20.4,25.7,48.2,2025
충북,43,제천시,43150,중,제천중학교,공립,,UzExMDAwMDY3NQ==,22.8,18.2,19.9,21.7,18.1,20.1,하락,3.6,23.1,18.3,19.7,21.4,17.2,19.9,하락,4.2,32.3,16.5,33.5,51.6,2021
충북,43,제천시,43150,중,봉양중학교,공립,,UzExMDAwMDY2Nw==,24.8,20.8,30.7,27.5,16.0,23.9,연속↓,11.5,25.6,19.0,28.4,26.3,15.5,22.9,연속↓,10.8,28.6,14.3,25.0,58.3,2023
충북,43,제천시,43150,중,백운중학교,공립,,UzExMDAwMDY2Ng==,27.9,18.5,17.9,23.3,15.9,20.7,하락,7.4,29.4,19.2,19.3,23.3,14.7,21.2,하락,8.6,15.4,23.1,38.5,69.2,2021
충북,43,제천시,43150,고,제천여자고등학교,공립,,UzExMDAwMDE5NQ==,16.5,16.5,18.8,12.1,17.0,16.2,반등,4.9,15.7,15.9,17.7,11.0,16.9,15.4,반등,5.8,19.9,18.7,22.9,19.3,2023
충북,43,제천시,43150,고,제천산업고등학교,공립,,UzExMDAwMDE4Ng==,3.2,5.0,4.9,4.2,16.8,6.8,반등,12.6,2.7,4.7,4.5,3.9,16.3,6.4,반등,12.5,33.3,14.1,13.3,62.0,2025
충북,43,제천시,43150,고,제천고등학교,공립,,UzExMDAwMDE5MQ==,14.0,12.4,6.7,11.0,17.0,12.2,연속↑,6.1,12.4,12.4,6.4,9.7,16.1,11.4,연속↑,6.4,18.5,15.7,25.9,37.3,2025
충북,43,제천시,43150,고,세명고등학교,사립,,UzExMDAwMDE2Mg==,8.6,14.2,19.7,15.3,13.6,14.3,연속↓,1.7,10.1,15.2,21.8,16.1,14.1,15.4,연속↓,2.0,11.9,18.9,14.7,10.7,2023
충북,43,제천시,43150,고,제천제일고등학교,공립,,UzExMDAwMDE5Mw==,8.5,20.5,9.5,10.8,12.3,12.3,연속↑,1.5,8.7,22.9,9.4,9.6,11.3,12.4,연속↑,1.7,32.3,6.3,9.9,43.1,2022
충북,43,제천시,43150,고,제천디지털전자고등학교,공립,,UzExMDAwMDE5Mg==,4.4,6.1,10.4,8.4,,7.3,-,,4.5,6.3,8.9,8.4,,7.0,-,,,,,,2023
충북,43,제천시,43150,고,제천상업고등학교,공립,,UzExMDAwMDE5NA==,4.5,4.8,8.6,9.4,4.3,6.3,하락,5.2,4.4,5.5,8.8,9.3,3.5,6.3,하락,5.8,3.3,4.9,8.9,50.8,2024
충북,43,영동군,43740,중,영신중학교,사립,,UzExMDAwMDQ4Nw==,25.6,19.7,29.1,29.2,28.7,26.5,하락,0.5,25.9,19.4,28.4,28.7,27.6,26.0,하락,1.1,32.9,26.4,57.1,33.3,2024
충북,43,영동군,43740,중,심천중학교,사립,,UzExMDAwMDQ4Mw==,23.1,6.6,11.6,24.5,25.6,18.3,연속↑,1.0,22.8,5.9,10.7,23.9,23.5,17.4,하락,0.4,50.0,25.0,50.0,77.8,2024
충북,43,영동군,43740,중,학산중학교,공립,,UzExMDAwMDQ5MQ==,23.6,19.5,15.7,12.8,23.6,19.0,반등,10.8,24.4,19.7,16.8,11.6,23.0,19.1,반등,11.4,50.0,40.0,40.0,40.0,2021
충북,43,영동군,43740,중,정수중학교,사립,,UzExMDAwMDQ4OQ==,22.6,10.4,7.6,17.8,21.4,16.0,연속↑,3.6,23.0,9.4,7.2,16.2,20.4,15.2,연속↑,4.2,41.7,25.0,33.3,60.0,2021
충북,43,영동군,43740,중,영동중학교,공립,,UzExMDAwMDQ4NQ==,26.3,19.5,20.4,21.6,21.3,21.8,하락,0.2,25.8,19.5,20.9,21.3,20.2,21.5,하락,1.1,25.2,17.1,33.0,47.9,2021
충북,43,영동군,43740,중,새너울중학교,공립,,UzExMDAwMjE2MQ==,26.2,17.8,27.8,18.7,18.6,21.8,연속↓,0.1,26.9,17.2,27.1,17.8,18.2,21.4,반등,0.4,19.0,23.8,31.0,65.4,2023
충북,43,영동군,43740,중,추풍령중학교,사립,,UzExMDAwMDQ5MA==,19.7,23.5,28.2,20.9,15.0,21.5,연속↓,5.8,19.2,22.0,27.9,20.0,14.4,20.7,연속↓,5.5,40.0,26.1,17.4,60.0,2023
충북,43,영동군,43740,고,영동고등학교,공립,,UzExMDAwMDE2OA==,15.4,11.6,13.3,11.6,18.4,14.1,반등,6.9,15.9,11.3,13.5,12.3,18.1,14.2,반등,5.8,13.4,16.4,28.4,3.4,2025
충북,43,영동군,43740,고,영동산업과학고등학교,공립,,UzExMDAwMDE2OQ==,14.0,8.7,3.0,2.9,12.9,8.3,반등,9.9,14.0,9.4,3.6,3.4,13.1,8.7,반등,9.7,5.4,16.2,28.9,68.4,2021
충북,43,영동군,43740,고,학산고등학교,공립,,UzExMDAwMDI1NA==,16.1,7.0,18.2,14.3,15.1,14.1,반등,0.8,14.7,6.9,18.3,14.3,8.7,12.6,연속↓,5.6,14.3,16.7,,66.7,2023
충북,43,영동군,43740,고,황간고등학교,공립,,UzExMDAwMDI1OQ==,15.1,11.7,4.2,18.0,11.9,12.2,하락,6.1,15.0,12.2,4.2,17.8,8.5,11.5,하락,9.3,9.5,14.3,14.3,38.1,2024
충북,43,영동군,43740,고,영동미래고등학교,사립,,UzExMDAwMDE3Mw==,15.5,12.5,11.4,15.4,9.8,12.9,하락,5.6,14.7,12.4,10.9,15.6,7.4,12.2,하락,8.2,15.8,11.8,21.1,80.0,2024
충북,43,진천군,43750,중,이월중학교,공립,,UzExMDAwMDc2Ng==,16.9,18.5,22.8,16.8,28.1,20.6,반등,11.3,18.2,18.4,22.9,16.6,27.7,20.7,반등,11.2,46.4,28.6,35.7,48.1,2025
충북,43,진천군,43750,중,진천여자중학교,공립,,UzExMDAwMDc2Nw==,30.9,26.4,29.0,25.8,24.0,27.2,연속↓,1.8,30.9,26.6,29.5,25.2,23.6,27.1,연속↓,1.7,34.5,22.6,31.1,42.5,2021
충북,43,진천군,43750,중,광혜원중학교,공립,,UzExMDAwMDc2Mw==,21.9,19.5,23.3,19.7,23.4,21.5,반등,3.7,21.8,19.7,23.9,19.4,23.3,21.6,반등,3.9,29.8,23.6,32.0,47.6,2023
충북,43,진천군,43750,중,서전중학교,공립,,UzExMDAwMjE3Mg==,30.7,21.0,29.3,23.8,22.5,25.5,연속↓,1.4,29.9,19.7,28.6,22.9,21.8,24.6,연속↓,1.1,24.9,24.7,36.3,48.1,2021
충북,43,진천군,43750,중,진천중학교,공립,,UzExMDAwMDc2OA==,20.5,18.2,20.1,21.0,20.5,20.0,하락,0.5,21.2,18.4,20.7,21.6,20.6,20.5,하락,1.0,19.6,27.4,28.5,46.9,2024
충북,43,진천군,43750,중,덕산중학교,공립,,UzExMDAwMDc2NA==,14.7,16.4,17.0,15.1,13.8,15.4,연속↓,1.3,15.1,17.0,17.3,15.6,13.5,15.7,연속↓,2.1,18.4,18.2,21.2,69.4,2023
충북,43,진천군,43750,중,충북체육중학교,공립,충북체육중학교,UzExMDAwMjMxOA==,,,,,9.8,9.8,-,,,,,,9.8,9.8,-,,15.0,15.0,14.3,71.4,2025
충북,43,진천군,43750,고,광혜원고등학교,공립,,UzExMDAwMDEyOQ==,10.8,12.9,16.9,7.7,21.3,13.9,반등,13.6,10.2,12.1,15.8,7.8,22.2,13.6,반등,14.4,25.9,30.6,17.6,9.4,2025
충북,43,진천군,43750,고,진천고등학교,공립,,UzExMDAwMDIwNA==,19.8,12.9,10.6,10.2,19.9,14.7,반등,9.6,18.2,12.0,9.8,10.3,21.7,14.4,연속↑,11.4,16.8,33.0,19.7,0.6,2025
충북,43,진천군,43750,고,서전고등학교,공립,,UzExMDAwMjE3MQ==,20.9,22.4,17.0,14.9,21.4,19.3,반등,6.5,20.6,22.0,15.9,14.3,20.8,18.7,반등,6.5,24.4,23.9,27.7,36.3,2022
충북,43,진천군,43750,고,충북체육고등학교,공립,충북체육고등학교,UzExMDAwMDI0MA==,6.8,7.5,7.6,35.1,21.6,15.7,하락,13.5,7.7,8.6,8.3,33.0,20.4,15.6,하락,12.5,30.0,16.4,30.6,7.2,2024
충북,43,진천군,43750,고,진천상업고등학교,공립,,UzExMDAwMDIwNw==,6.0,3.2,5.1,10.3,12.3,7.4,연속↑,2.0,6.2,3.3,4.9,9.2,11.3,7.0,연속↑,2.1,29.8,6.0,13.1,31.0,2025
충북,43,진천군,43750,고,한국바이오마이스터고등학교,공립,,UzExMDAwMDIwNQ==,18.7,18.2,12.2,8.9,10.4,13.7,반등,1.6,18.2,18.7,12.0,8.3,10.5,13.5,반등,2.2,8.6,16.2,16.1,41.9,2022
충북,43,괴산군,43760,중,연풍중학교,공립,,UzExMDAwMDI2OQ==,52.2,35.5,2.8,8.3,29.8,25.7,연속↑,21.4,53.2,33.1,2.4,8.3,29.4,25.3,연속↑,21.1,33.3,33.3,42.9,14.3,2021
충북,43,괴산군,43760,중,괴산북중학교,공립,,UzExMDAwMDI2MQ==,27.1,22.4,31.2,23.6,26.4,26.1,반등,2.8,26.2,22.1,31.0,23.6,25.4,25.7,반등,1.7,46.9,22.4,34.7,57.1,2023
충북,43,괴산군,43760,중,청천중학교,공립,,UzExMDAwMDI3NA==,20.8,21.8,26.6,25.2,20.3,22.9,연속↓,5.0,21.4,20.6,27.1,24.0,20.2,22.7,연속↓,3.8,28.6,28.6,28.6,62.5,2023
충북,43,괴산군,43760,중,괴산중학교,공립,,UzExMDAwMDI2Mw==,24.3,17.9,27.5,23.2,18.6,22.3,연속↓,4.6,26.5,18.0,27.5,21.9,18.4,22.5,연속↓,3.4,25.9,27.8,27.8,55.2,2023
충북,43,괴산군,43760,중,칠성중학교,공립,,UzExMDAwMDI3NQ==,27.6,16.2,13.6,23.3,16.7,19.5,하락,6.6,27.5,16.0,13.3,24.3,16.5,19.5,하락,7.7,37.5,37.5,37.5,40.0,2021
충북,43,괴산군,43760,중,괴산오성중학교,공립,,UzExMDAwMjEzMQ==,21.5,15.5,21.1,19.7,16.8,18.9,연속↓,3.0,21.2,15.4,20.4,19.8,16.4,18.7,연속↓,3.5,24.1,20.7,21.9,51.7,2021
충북,43,괴산군,43760,중,송면중학교,공립,,UzExMDAwMDI2Nw==,44.8,37.9,27.1,23.0,15.5,29.7,연속↓,7.5,43.5,37.5,25.3,20.8,14.8,28.4,연속↓,6.0,28.6,14.3,42.9,71.4,2021
충북,43,괴산군,43760,중,청안중학교,사립,,UzExMDAwMDI3Mw==,8.2,5.9,4.2,8.8,12.2,7.8,연속↑,3.4,7.1,5.1,4.2,9.6,12.2,7.6,연속↑,2.5,12.5,25.0,25.0,87.5,2025
충북,43,괴산군,43760,고,괴산고등학교,공립,,UzExMDAwMDEzMA==,18.2,21.4,22.3,21.3,27.4,22.1,반등,6.1,18.1,21.3,21.7,21.8,27.2,22.0,연속↑,5.4,42.4,39.4,26.5,8.8,2025
충북,43,단양군,43800,중,단양중학교,공립,,UzExMDAwMDM1Mw==,30.5,20.8,29.6,24.1,26.7,26.3,반등,2.6,30.7,20.4,28.4,23.0,25.5,25.6,반등,2.5,53.9,20.3,32.9,39.4,2021
충북,43,단양군,43800,중,매포중학교,공립,,UzExMDAwMDM1NA==,23.5,21.3,30.3,18.7,23.0,23.4,반등,4.3,23.2,21.7,29.9,18.3,22.1,23.0,반등,3.9,35.7,21.4,32.1,50.0,2023
충북,43,단양군,43800,중,단성중학교,공립,,UzExMDAwMDM1MQ==,24.6,29.1,26.4,19.5,15.5,23.0,연속↓,3.9,24.8,27.1,26.0,19.1,14.9,22.3,연속↓,4.2,35.7,25.0,14.3,52.9,2022
충북,43,단양군,43800,중,단양소백산중학교,공립,,UzExMDAwMjE3MA==,19.7,15.8,24.4,18.9,14.2,18.6,연속↓,4.7,20.7,16.5,25.1,19.6,14.2,19.2,연속↓,5.4,30.0,22.2,16.7,50.0,2023
충북,43,단양군,43800,중,영춘중학교,공립,,UzExMDAwMDM1Ng==,30.2,21.7,25.0,11.5,12.5,20.2,반등,1.0,31.3,21.2,26.5,11.2,12.1,20.4,반등,0.9,25.0,25.0,25.0,75.0,2021
충북,43,단양군,43800,고,단양고등학교,공립,충북 단양군 단양읍,UzExMDAwMDEzOA==,7.3,13.9,15.0,5.9,15.3,11.5,반등,9.4,6.4,12.4,13.5,5.3,14.5,10.4,반등,9.2,27.7,10.9,22.4,28.0,2025
충북,43,단양군,43800,고,한국호텔관광고등학교,공립,,UzExMDAwMDEzOQ==,10.7,5.3,4.0,4.2,6.7,6.2,연속↑,2.5,11.2,5.7,4.1,4.1,6.9,6.4,상승,2.8,5.5,12.7,9.1,69.1,2021
충남,44,서북구,44133,중,천안불당중학교,공립,,UzEyMDAwMjUwOA==,58.9,39.5,61.1,47.0,45.5,50.4,연속↓,1.5,57.8,38.7,59.9,46.2,45.2,49.5,연속↓,0.9,52.4,53.5,56.0,22.2,2023
충남,44,서북구,44133,중,천안불무중학교,공립,,UzEyMDAwMjg5MQ==,40.6,31.0,44.1,41.1,46.0,40.6,반등,4.9,40.0,30.3,43.2,40.1,44.8,39.7,반등,4.8,58.0,45.3,65.4,22.2,2025
충남,44,서북구,44133,중,환서중학교,공립,,UzEyMDAwMjcxNA==,34.4,21.8,29.8,26.3,34.9,29.4,반등,8.6,34.3,21.8,29.4,26.7,35.8,29.6,반등,9.1,33.1,44.9,42.3,25.5,2025
충남,44,서북구,44133,중,입장중학교,공립,,UzEyMDAwMDc0Mw==,25.8,25.3,26.9,34.8,36.0,29.8,연속↑,1.2,25.4,25.0,27.0,34.5,35.4,29.5,연속↑,0.9,50.0,34.1,49.0,45.1,2025
충남,44,서북구,44133,중,천안월봉중학교,공립,,UzEyMDAwMjUxMA==,40.8,29.4,36.1,36.7,36.3,35.9,하락,0.4,41.1,29.1,35.6,35.5,35.3,35.3,연속↓,0.3,45.5,40.3,45.4,42.5,2021
충남,44,서북구,44133,중,천안쌍용중학교,공립,,UzEyMDAwMDc1Mw==,39.5,25.0,35.8,26.9,33.5,32.1,반등,6.6,40.0,24.5,35.5,27.4,33.9,32.3,반등,6.6,45.0,42.4,42.3,40.7,2021
충남,44,서북구,44133,중,천안백석중학교,공립,,UzEyMDAwMjQ2MQ==,36.9,23.5,31.2,24.2,34.4,30.0,반등,10.2,36.4,22.4,30.2,24.1,33.9,29.4,반등,9.8,31.0,38.3,58.1,37.7,2021
충남,44,서북구,44133,중,천안가람중학교,공립,,UzEyMDAwMjk3NQ==,,,,,34.2,34.2,-,,,,,,32.5,32.5,-,,67.4,33.8,52.6,38.5,2025
충남,44,서북구,44133,중,천안두정중학교,공립,,UzEyMDAwMDc0Nw==,39.8,24.7,30.1,25.1,31.4,30.2,반등,6.3,39.8,24.5,30.1,25.8,31.8,30.4,반등,6.1,33.8,53.3,38.6,40.1,2021
충남,44,서북구,44133,중,천안성정중학교,공립,,UzEyMDAwMDc1Mg==,23.4,23.3,30.1,28.6,31.5,27.4,반등,2.9,23.0,23.2,29.8,28.2,31.5,27.1,반등,3.3,34.2,42.0,42.0,41.7,2025
충남,44,서북구,44133,중,천안성성중학교,공립,,UzEyMDAwMjQ2MA==,30.7,25.5,28.2,26.4,26.8,27.5,반등,0.3,31.5,25.7,28.2,26.8,26.6,27.7,연속↓,0.2,26.7,32.0,41.2,41.5,2021
충남,44,서북구,44133,중,천안동성중학교,사립,,UzEyMDAwMDczNw==,32.6,19.3,31.2,30.5,28.1,28.3,연속↓,2.4,31.9,18.1,29.3,29.4,26.3,27.0,하락,3.0,39.1,18.2,39.0,47.3,2021
충남,44,서북구,44133,중,천안봉서중학교,공립,,UzEyMDAwMDc0OA==,,26.1,28.6,27.6,27.2,27.4,연속↓,0.4,,25.5,28.3,27.1,26.1,26.8,연속↓,1.0,35.2,20.8,37.6,57.7,2023
충남,44,서북구,44133,중,성환중학교,공립,,UzEyMDAwMDc0MQ==,21.2,19.4,27.1,23.2,23.9,22.9,반등,0.7,21.4,19.0,27.7,23.6,24.7,23.3,반등,1.2,31.0,35.9,22.3,54.3,2023
충남,44,서북구,44133,중,천안오성중학교,공립,,UzEyMDAwMjQ1OQ==,32.4,27.7,29.7,28.2,24.0,28.4,연속↓,4.2,32.9,27.1,29.8,28.5,23.1,28.3,연속↓,5.3,20.6,26.8,43.0,41.5,2021
충남,44,서북구,44133,중,천안부성중학교,공립,,UzEyMDAwMDc0OQ==,30.9,20.2,27.9,21.0,20.2,24.1,연속↓,0.8,31.7,20.0,27.6,20.8,20.2,24.1,연속↓,0.6,17.3,22.7,33.5,51.1,2021
충남,44,서북구,44133,고,천안두정고등학교,공립,,UzEyMDAwMjQ2Mw==,15.6,12.1,18.9,16.1,25.2,17.6,반등,9.1,15.0,11.6,18.1,16.3,27.1,17.6,반등,10.8,22.2,54.9,26.4,11.8,2025
충남,44,서북구,44133,고,천안신당고등학교,공립,,UzEyMDAwMjUzMQ==,8.8,5.3,8.7,10.0,23.8,11.3,연속↑,13.8,8.8,4.8,9.2,10.4,23.2,11.3,연속↑,12.8,34.1,25.6,28.4,29.0,2025
충남,44,서북구,44133,고,충남예술고등학교,공립,충남예술고등학교,UzEyMDAwMDI1NQ==,6.4,12.4,13.2,6.2,22.3,12.1,반등,16.1,7.4,12.5,12.3,6.8,21.2,12.0,반등,14.4,37.5,28.6,57.1,67.9,2025
충남,44,서북구,44133,고,천안월봉고등학교,공립,,UzEyMDAwMjQ2NA==,9.4,3.9,10.7,10.1,21.0,11.0,반등,10.9,8.6,3.7,10.7,9.9,20.1,10.6,반등,10.2,26.3,16.9,25.0,14.9,2025
충남,44,서북구,44133,고,천안쌍용고등학교,공립,,UzEyMDAwMjUxMQ==,7.4,8.5,9.1,7.4,18.7,10.2,반등,11.4,6.7,8.3,8.1,7.4,17.6,9.6,반등,10.2,27.3,11.3,21.8,22.0,2025
충남,44,서북구,44133,고,천안불당고등학교,공립,,UzEyMDAwMjg5Mg==,6.7,10.5,16.4,6.0,18.1,11.5,반등,12.2,6.5,10.2,15.9,5.5,17.0,11.0,반등,11.5,35.2,14.7,19.9,35.7,2025
충남,44,서북구,44133,고,천안상업고등학교,사립,,UzEyMDAwMDIzNw==,12.1,8.8,9.2,12.7,13.8,11.3,연속↑,1.1,12.0,8.1,8.6,11.4,12.9,10.6,연속↑,1.4,12.7,8.2,25.1,68.7,2025
충남,44,서북구,44133,고,천안업성고등학교,공립,,UzEyMDAwMjU1Mg==,13.9,8.1,11.4,9.5,10.7,10.7,반등,1.2,13.8,7.4,10.1,8.4,10.4,10.0,반등,2.0,16.2,9.9,9.3,33.7,2021
충남,44,서북구,44133,고,성환고등학교,공립,,UzEyMDAwMDE4OQ==,7.6,9.9,6.6,6.9,6.8,7.6,하락,0.1,7.4,9.9,6.1,6.6,7.0,7.4,연속↑,0.4,10.2,13.0,6.3,46.2,2022
충남,44,서북구,44133,고,천안오성고등학교,공립,,UzEyMDAwMjU1Mw==,8.5,5.8,11.1,7.5,7.4,8.1,연속↓,0.1,7.6,5.8,10.9,7.5,6.7,7.7,연속↓,0.7,7.1,3.7,12.9,59.9,2023
충남,44,보령시,44180,중,주산중학교,공립,,UzEyMDAwMTA2Mg==,30.0,37.5,61.6,75.0,70.8,55.0,하락,4.2,30.7,37.1,60.4,73.0,70.2,54.3,하락,2.8,100.0,83.3,75.0,0.0,2024
충남,44,보령시,44180,중,미산중학교,공립,,UzEyMDAwMTA1OA==,33.1,21.8,42.6,42.2,38.0,35.5,연속↓,4.3,31.6,21.8,40.7,42.9,39.5,35.3,하락,3.4,26.7,66.7,50.0,20.0,2024
충남,44,보령시,44180,중,천북중학교,공립,,UzEyMDAwMTA2Mw==,45.4,14.7,16.2,22.1,38.5,27.4,연속↑,16.5,43.6,14.8,16.5,22.7,37.5,27.0,연속↑,14.8,50.0,50.0,50.0,37.5,2021
충남,44,보령시,44180,중,한내여자중학교,공립,,UzEyMDAwMTA2Ng==,39.3,23.1,30.6,28.5,36.3,31.6,반등,7.7,39.2,23.0,30.9,28.8,35.1,31.4,반등,6.3,47.6,29.9,57.4,34.8,2021
충남,44,보령시,44180,중,남포중학교,공립,,UzEyMDAwMTA1Mw==,31.5,30.4,31.9,23.9,29.4,29.4,반등,5.5,30.1,28.6,30.3,23.0,29.0,28.2,반등,6.0,60.0,40.0,40.0,57.1,2023
충남,44,보령시,44180,중,보령중학교,공립,,UzEyMDAwMTA1OQ==,22.7,16.1,26.2,26.2,24.3,23.1,하락,1.8,22.8,16.4,26.8,26.1,25.2,23.5,연속↓,0.9,26.7,46.7,33.3,46.7,2023
충남,44,보령시,44180,중,대천서중학교,공립,,UzEyMDAwMTA1NQ==,22.1,21.4,23.0,19.5,24.4,22.1,반등,4.9,21.7,21.4,23.5,18.6,24.3,21.9,반등,5.7,35.0,35.0,45.0,45.5,2025
충남,44,보령시,44180,중,대천중학교,공립,,UzEyMDAwMTA1Nw==,23.3,18.7,22.4,22.0,24.1,22.1,반등,2.0,22.8,18.8,22.8,22.4,24.0,22.2,반등,1.6,37.6,29.3,29.3,54.5,2025
충남,44,보령시,44180,중,대명중학교,사립,,UzEyMDAwMTA1NA==,24.0,,25.3,25.4,24.1,24.7,하락,1.4,22.9,,24.0,25.4,23.6,23.9,하락,1.8,23.1,27.4,43.6,38.5,2024
충남,44,보령시,44180,중,웅천중학교,공립,,UzEyMDAwMTA2MA==,22.9,19.4,30.0,25.6,22.0,24.0,연속↓,3.7,21.2,19.6,29.0,24.4,20.4,22.9,연속↓,4.0,38.5,20.0,46.2,53.8,2023
충남,44,보령시,44180,중,청라중학교,공립,,UzEyMDAwMTA2NA==,33.6,22.3,23.9,20.0,17.3,23.4,연속↓,2.8,33.0,21.5,23.8,20.7,17.5,23.3,연속↓,3.3,25.0,24.4,25.6,65.9,2021
충남,44,보령시,44180,중,대천여자중학교,공립,,UzEyMDAwMTA1Ng==,27.9,27.0,26.3,25.4,15.2,24.3,연속↓,10.2,28.5,26.1,25.6,25.2,15.8,24.2,연속↓,9.4,15.9,29.7,21.7,54.1,2021
충남,44,보령시,44180,고,대천고등학교,공립,,UzEyMDAwMDE1OA==,30.1,29.5,26.3,13.5,20.7,24.0,반등,7.2,31.0,30.6,25.6,14.9,19.5,24.3,반등,4.6,47.4,15.4,37.2,20.6,2021
충남,44,보령시,44180,고,대천여자상업고등학교,공립,,UzEyMDAwMDE2MQ==,9.7,6.2,3.5,7.6,21.2,9.6,연속↑,13.6,9.3,6.4,3.5,7.6,17.6,8.9,연속↑,10.1,38.2,,23.5,,2025
충남,44,보령시,44180,고,웅천고등학교,공립,,UzEyMDAwMDIyMQ==,9.1,10.7,15.2,23.4,17.5,15.2,하락,5.9,9.3,10.1,16.1,25.3,17.5,15.7,하락,7.8,18.3,25.0,21.7,15.0,2024
충남,44,보령시,44180,고,주산산업고등학교,공립,,UzEyMDAwMDIzMw==,21.9,19.0,11.2,12.4,21.0,17.1,연속↑,8.5,20.7,18.2,11.3,12.0,11.8,14.8,하락,0.2,40.0,17.6,23.5,50.0,2021
충남,44,보령시,44180,고,대천여자고등학교,공립,,UzEyMDAwMDE2MA==,11.1,13.0,15.1,13.4,10.3,12.6,연속↓,3.1,10.4,13.9,16.0,13.3,9.7,12.7,연속↓,3.6,11.3,7.0,19.0,18.2,2023
충남,44,보령시,44180,고,충남해양과학고등학교,공립,충남해양과학고등학교,UzEyMDAwMDI1OA==,9.6,2.4,9.2,12.3,7.3,8.1,하락,4.9,9.7,2.6,9.5,11.4,4.3,7.5,하락,7.2,11.1,11.8,5.6,70.6,2024
충남,44,계룡시,44250,중,용남중학교,공립,,UzEyMDAwMDQzOQ==,44.6,31.6,41.3,31.5,33.5,36.5,반등,2.0,44.5,31.9,41.7,32.3,33.9,36.9,반등,1.6,39.4,52.0,38.8,27.5,2021
충남,44,계룡시,44250,중,엄사중학교,공립,,UzEyMDAwMDQzNA==,34.3,22.9,30.1,30.3,29.4,29.4,하락,0.8,34.6,23.2,30.2,31.0,30.0,29.8,하락,1.1,38.2,46.5,33.7,43.5,2021
충남,44,계룡시,44250,중,계룡중학교,공립,,UzEyMDAwMjU0NQ==,38.4,27.0,27.7,29.6,24.0,29.3,하락,5.6,37.8,26.7,27.1,28.9,23.8,28.9,하락,5.1,33.0,28.9,25.0,34.7,2021
충남,44,계룡시,44250,고,용남고등학교,공립,,UzEyMDAwMDIxOA==,16.9,12.4,5.3,8.7,19.3,12.5,연속↑,10.6,16.0,13.2,5.2,8.3,18.7,12.3,연속↑,10.5,30.5,16.7,24.2,28.3,2025
충남,44,계룡시,44250,고,계룡고등학교,공립,,UzEyMDAwMjU0Ng==,7.5,5.9,5.3,8.2,16.3,8.6,연속↑,8.1,7.1,5.2,5.0,7.4,15.3,8.0,연속↑,7.9,21.3,16.9,20.8,31.1,2025
충남,44,동남구,44131,중,천안서여자중학교,사립,,UzEyMDAwMDc1MQ==,26.3,19.1,28.6,30.3,38.3,28.5,연속↑,8.0,25.5,18.5,27.9,29.5,37.6,27.8,연속↑,8.1,50.7,39.6,51.9,38.3,2025
충남,44,동남구,44131,중,복자여자중학교,사립,,UzEyMDAwMDc0MA==,37.5,21.8,45.7,37.8,37.2,36.0,연속↓,0.6,37.5,21.4,45.4,36.7,37.0,35.6,반등,0.3,48.7,44.2,46.2,37.4,2023
충남,44,동남구,44131,중,천안용곡중학교,공립,,UzEyMDAwMjUwOQ==,41.0,28.2,38.2,35.0,34.9,35.5,연속↓,0.1,41.4,27.9,38.8,35.3,35.3,35.7,→보합,0.1,32.4,45.3,43.6,35.5,2021
충남,44,동남구,44131,중,천성중학교,사립,,UzEyMDAwMDc0NQ==,39.3,23.1,30.8,35.5,33.1,32.4,하락,2.4,40.5,22.8,31.6,36.2,33.6,32.9,하락,2.6,30.8,41.8,43.0,34.8,2021
충남,44,동남구,44131,중,천남중학교,공립,,UzEyMDAwMDc0NA==,28.2,23.4,33.0,34.9,34.4,30.8,하락,0.5,28.8,23.4,32.4,33.2,33.3,30.2,연속↑,0.2,35.7,33.3,50.0,55.6,2025
충남,44,동남구,44131,중,천안계광중학교,사립,충남 천안시 동남구,UzEyMDAwMDczNQ==,22.0,19.0,31.1,32.6,32.2,27.4,하락,0.3,21.0,18.4,30.0,31.9,31.8,26.6,하락,0.2,34.8,31.8,47.8,45.3,2024
충남,44,동남구,44131,중,천안가온중학교,공립,,UzEyMDAwMjY3NA==,36.9,24.0,33.5,27.0,28.4,29.9,반등,1.4,37.4,24.3,33.7,26.7,28.4,30.1,반등,1.6,27.4,35.8,46.3,44.7,2021
충남,44,동남구,44131,중,천안여자중학교,공립,,UzEyMDAwMDc1NA==,35.5,22.2,31.3,34.0,28.4,30.3,하락,5.6,35.5,21.7,30.9,33.7,28.3,30.0,하락,5.4,29.2,38.0,46.6,35.9,2021
충남,44,동남구,44131,중,천안신방중학교,공립,,UzEyMDAwMjQ2Mg==,39.3,26.1,33.9,32.6,28.0,32.0,연속↓,4.6,39.4,25.7,33.6,32.3,28.2,31.8,연속↓,4.1,36.3,37.7,32.5,39.8,2021
충남,44,동남구,44131,중,천안새샘중학교,공립,,UzEyMDAwMjY2NA==,38.8,28.0,35.6,28.5,28.0,31.8,연속↓,0.6,38.4,28.0,35.3,28.6,27.9,31.7,연속↓,0.7,33.8,33.8,34.5,39.7,2021
충남,44,동남구,44131,중,천안중학교,공립,,UzEyMDAwMDc1NQ==,27.1,25.1,25.1,24.6,25.8,25.5,반등,1.2,27.9,24.6,25.6,24.7,25.9,25.7,반등,1.2,32.0,40.3,30.2,49.3,2021
충남,44,동남구,44131,중,목천중학교,공립,,UzEyMDAwMDczOA==,26.2,19.5,22.5,24.5,22.6,23.1,하락,1.9,26.3,19.4,23.4,24.8,22.5,23.3,하락,2.3,18.1,31.0,36.1,62.5,2021
충남,44,동남구,44131,중,천안동중학교,공립,,UzEyMDAwMDc0Ng==,33.4,18.9,22.0,19.4,23.2,23.4,반등,3.8,34.2,19.7,21.6,18.6,22.4,23.3,반등,3.8,46.9,22.4,29.8,55.7,2021
충남,44,동남구,44131,중,광풍중학교,사립,,UzEyMDAwMDczNg==,20.1,15.7,20.3,13.4,19.9,17.9,반등,6.5,20.3,15.0,19.7,13.1,19.0,17.4,반등,6.0,33.3,16.9,28.8,48.3,2021
충남,44,동남구,44131,중,천안북중학교,공립,,UzEyMDAwMDc1MA==,23.7,19.5,21.2,22.2,17.8,20.9,하락,4.4,23.8,19.5,21.0,22.3,17.4,20.8,하락,4.9,30.5,18.7,23.9,65.9,2021
충남,44,동남구,44131,중,병천중학교,공립,,UzEyMDAwMDczOQ==,21.3,15.0,18.7,16.0,17.6,17.7,반등,1.6,21.7,14.5,18.2,15.4,16.6,17.3,반등,1.2,30.0,16.1,22.6,71.8,2021
충남,44,동남구,44131,고,북일여자고등학교,사립,,UzEyMDAwMDI0Mg==,18.8,22.2,39.4,24.7,28.7,26.8,반등,4.0,21.4,23.7,42.7,26.7,26.6,28.2,연속↓,0.2,48.6,16.2,36.5,5.0,2023
충남,44,동남구,44131,고,복자여자고등학교,사립,,UzEyMDAwMDE2OA==,16.9,15.0,22.7,17.1,27.4,19.8,반등,10.3,16.3,14.2,21.2,15.9,26.0,18.7,반등,10.0,37.2,21.7,36.3,18.5,2025
충남,44,동남구,44131,고,북일고등학교,사립,,UzEyMDAwMDI0MQ==,13.7,16.8,10.8,13.0,25.7,16.0,연속↑,12.7,12.2,14.7,10.2,12.9,24.0,14.8,연속↑,11.1,47.7,17.3,17.5,6.5,2025
충남,44,동남구,44131,고,천안중앙고등학교,공립,,UzEyMDAwMDI0Ng==,7.8,6.5,12.3,9.5,20.4,11.3,반등,10.9,7.4,6.6,11.8,10.6,20.5,11.4,반등,9.9,16.0,25.6,29.5,14.1,2025
충남,44,동남구,44131,고,천안여자고등학교,공립,,UzEyMDAwMDI0NA==,8.5,8.8,11.1,7.8,20.0,11.2,반등,12.2,8.7,8.3,11.8,7.8,19.7,11.2,반등,11.9,28.0,21.6,21.9,27.0,2025
충남,44,동남구,44131,고,천안고등학교,사립,,UzEyMDAwMDIzOA==,9.0,8.2,16.6,16.0,17.5,13.4,반등,1.5,8.4,7.5,16.1,15.1,17.5,12.9,반등,2.5,24.1,21.2,19.7,11.0,2025
충남,44,동남구,44131,고,천안공업고등학교,공립,,UzEyMDAwMDIzOQ==,7.3,5.3,10.1,7.1,17.9,9.5,반등,10.8,7.0,5.1,9.4,6.8,14.9,8.6,반등,8.0,51.9,30.8,57.7,54.3,2025
충남,44,동남구,44131,고,천안청수고등학교,공립,,UzEyMDAwMjU0Nw==,7.2,4.9,6.7,12.8,13.0,8.9,연속↑,0.2,6.5,4.5,6.3,11.8,13.0,8.4,연속↑,1.2,10.0,15.0,18.9,31.3,2025
충남,44,동남구,44131,고,목천고등학교,공립,,UzEyMDAwMDE2Ng==,13.2,11.1,4.5,6.2,13.6,9.7,연속↑,7.4,13.2,10.5,4.0,6.2,12.7,9.3,연속↑,6.6,19.4,11.8,17.2,71.9,2021
충남,44,동남구,44131,고,병천고등학교,공립,,UzEyMDAwMDE2Nw==,13.3,10.1,6.6,7.1,14.0,10.2,연속↑,6.9,13.3,9.6,6.8,6.7,12.7,9.8,반등,6.0,19.1,9.9,32.4,38.0,2021
충남,44,동남구,44131,고,천안여자상업고등학교,사립,,UzEyMDAwMDI0NQ==,13.3,12.0,16.9,18.0,12.4,14.5,하락,5.6,13.5,11.7,15.9,17.2,11.9,14.0,하락,5.4,13.9,10.0,17.2,43.0,2024
충남,44,동남구,44131,고,천안제일고등학교,공립,,UzEyMDAwMDI0MA==,5.5,4.9,6.7,11.0,12.4,8.1,연속↑,1.4,5.0,4.6,6.6,10.9,9.8,7.4,하락,1.1,36.0,4.3,20.0,83.0,2024
충남,44,아산시,44200,중,한들물빛중학교,공립,,UzEyMDAwMjkzNw==,,23.9,35.3,39.6,42.6,35.3,연속↑,3.0,,24.0,35.5,39.3,42.2,35.2,연속↑,2.9,46.4,46.2,48.2,30.2,2025
충남,44,아산시,44200,중,설화중학교,공립,,UzEyMDAwMjY3Mw==,39.6,32.4,39.6,42.9,42.0,39.3,하락,0.9,39.0,31.4,38.5,42.1,40.9,38.4,하락,1.2,54.6,39.6,48.2,38.8,2024
충남,44,아산시,44200,중,온양여자중학교,공립,,UzEyMDAwMDU4OA==,40.3,24.4,31.6,36.5,36.4,33.8,하락,0.1,40.2,23.5,31.7,36.4,36.3,33.6,하락,0.1,33.9,43.9,51.1,32.9,2021
충남,44,아산시,44200,중,아산갈산중학교,공립,,UzEyMDAwMjk5NQ==,,,,,37.6,37.6,-,,,,,,36.3,36.3,-,,75.0,50.0,46.4,37.5,2025
충남,44,아산시,44200,중,모산중학교,공립,,UzEyMDAwMjg4Ng==,37.5,25.5,38.6,34.5,34.9,34.2,반등,0.4,37.1,24.9,38.5,33.8,35.1,33.9,반등,1.3,32.4,44.6,48.8,34.9,2023
충남,44,아산시,44200,중,탕정중학교,공립,,UzEyMDAwMjY3MA==,42.6,30.2,42.8,35.7,36.2,37.5,반등,0.6,42.1,29.6,41.6,33.9,34.7,36.4,반등,0.7,42.2,35.2,46.2,35.9,2021
충남,44,아산시,44200,중,송남중학교,공립,,UzEyMDAwMDU4Mw==,37.6,27.8,32.7,40.0,33.7,34.4,하락,6.3,37.8,27.6,33.2,40.9,33.1,34.5,하락,7.8,31.3,37.5,57.1,44.4,2024
충남,44,아산시,44200,중,아산배방중학교,공립,,UzEyMDAwMjYwMQ==,39.7,25.4,37.9,32.0,28.4,32.7,연속↓,3.6,40.0,25.6,37.8,31.8,29.2,32.9,연속↓,2.7,40.2,43.0,33.1,36.3,2021
충남,44,아산시,44200,중,아산세교중학교,공립,,UzEyMDAwMjk5Mg==,,,,,28.2,28.2,-,,,,,,28.3,28.3,-,,48.2,50.8,37.3,46.3,2025
충남,44,아산시,44200,중,아산중학교,사립,,UzEyMDAwMDU4NQ==,24.1,21.0,26.4,28.6,27.4,25.5,하락,1.2,24.6,20.7,26.7,28.8,28.2,25.8,하락,0.7,30.4,41.9,33.7,38.9,2024
충남,44,아산시,44200,중,모종중학교,공립,,UzEyMDAwMjk4NA==,,,,,28.6,28.6,-,,,,,,27.8,27.8,-,,33.3,31.0,37.9,58.1,2025
충남,44,아산시,44200,중,음봉중학교,공립,,UzEyMDAwMDU5MQ==,36.8,22.4,29.8,29.8,28.0,29.3,하락,1.7,36.4,22.3,30.0,29.2,27.8,29.1,연속↓,1.4,34.0,34.5,34.0,35.9,2021
충남,44,아산시,44200,중,영인중학교,공립,,UzEyMDAwMDU4Nw==,24.4,18.6,24.1,32.3,25.3,24.9,하락,7.0,25.1,19.4,25.2,30.7,25.8,25.2,하락,4.9,26.3,42.1,36.8,47.6,2024
충남,44,아산시,44200,중,도고중학교,공립,,UzEyMDAwMDU3OQ==,41.4,23.8,40.0,20.8,26.4,30.5,반등,5.7,41.0,24.8,39.2,20.1,25.5,30.1,반등,5.4,45.5,30.8,38.5,55.6,2021
충남,44,아산시,44200,중,온양용화중학교,공립,,UzEyMDAwMjUyMw==,26.4,22.4,30.6,27.0,25.6,26.4,연속↓,1.4,26.0,21.8,30.9,27.2,25.5,26.3,연속↓,1.7,29.7,32.9,36.0,52.2,2023
충남,44,아산시,44200,중,선도중학교,공립,,UzEyMDAwMDU4Mg==,41.7,23.3,22.8,25.9,25.5,27.8,하락,0.5,39.6,23.0,22.8,25.0,24.2,27.0,하락,0.8,33.3,28.6,50.0,33.3,2021
충남,44,아산시,44200,중,한올중학교,사립,,UzEyMDAwMDU5MA==,29.8,18.2,27.0,30.3,24.4,25.9,하락,5.9,29.2,17.0,25.1,29.0,23.8,24.8,하락,5.2,23.5,26.4,49.1,54.9,2021
충남,44,아산시,44200,중,인주중학교,공립,,UzEyMDAwMDU5Mg==,19.4,18.3,29.1,31.2,24.3,24.5,하락,6.9,18.8,16.9,28.5,30.7,23.7,23.7,하락,7.0,43.8,31.3,28.1,46.9,2024
충남,44,아산시,44200,중,아산테크노중학교,공립,,UzEyMDAwMjg4NQ==,27.5,19.2,20.9,18.4,18.5,20.9,반등,0.1,27.1,18.6,20.4,18.3,18.9,20.6,반등,0.6,17.5,29.1,22.9,53.6,2021
충남,44,아산시,44200,중,온양신정중학교,공립,,UzEyMDAwMjU1Ng==,29.8,18.2,23.5,21.6,17.0,22.0,연속↓,4.6,30.0,17.9,24.0,21.7,17.7,22.3,연속↓,4.1,18.5,27.2,34.6,56.0,2021
충남,44,아산시,44200,중,온양중학교,공립,,UzEyMDAwMDU4OQ==,31.8,20.5,23.5,24.6,17.2,23.5,하락,7.4,31.7,20.8,23.0,24.3,16.9,23.4,하락,7.4,25.9,19.5,31.5,57.9,2021
충남,44,아산시,44200,중,둔포중학교,사립,,UzEyMDAwMDU4MA==,21.4,15.3,12.2,13.0,16.4,15.6,연속↑,3.3,20.9,14.8,12.1,12.5,16.0,15.3,연속↑,3.5,19.2,16.0,23.3,68.0,2021
충남,44,아산시,44200,중,신창중학교,공립,,UzEyMDAwMDU4NA==,17.2,13.3,15.6,17.7,12.0,15.2,하락,5.8,17.0,13.0,15.5,17.2,11.5,14.8,하락,5.7,17.6,14.3,17.6,75.3,2024
충남,44,아산시,44200,고,충남삼성고등학교,사립,충남삼성고등학교,UzEyMDAwMjg3MA==,14.6,13.3,25.2,24.1,40.5,23.5,반등,16.4,12.8,11.9,22.3,21.3,40.1,21.7,반등,18.8,48.4,41.8,37.8,,2025
충남,44,아산시,44200,고,충남외국어고등학교,공립,충남외국어고등학교,UzEyMDAwMjUzMg==,12.7,8.5,21.4,17.7,34.7,19.0,반등,17.0,13.3,8.2,21.1,17.4,34.7,18.9,반등,17.3,38.7,35.8,42.3,14.6,2025
충남,44,아산시,44200,고,이순신고등학교,공립,,UzEyMDAwMjk2NQ==,,,11.4,25.1,30.3,22.2,연속↑,5.2,,,11.6,25.0,30.5,22.4,연속↑,5.5,31.6,32.5,28.7,12.4,2025
충남,44,아산시,44200,고,설화고등학교,공립,,UzEyMDAwMjY2Nw==,8.3,13.2,15.9,16.7,29.9,16.8,연속↑,13.2,8.3,12.2,14.5,15.4,27.6,15.6,연속↑,12.2,46.0,14.3,34.3,10.4,2025
충남,44,아산시,44200,고,온양용화고등학교,공립,,UzEyMDAwMjQ2OA==,8.9,7.2,10.6,5.7,22.3,10.9,반등,16.6,8.0,7.0,10.5,5.6,21.3,10.5,반등,15.7,30.8,15.3,31.5,28.6,2025
충남,44,아산시,44200,고,아산스마트팩토리마이스터고등학교,공립,,UzEyMDAwMDE2NA==,18.9,9.7,11.2,11.4,19.0,14.0,연속↑,7.6,17.7,8.6,10.8,10.9,16.8,12.9,연속↑,5.9,33.3,5.0,28.2,37.5,2021
충남,44,아산시,44200,고,한올고등학교,사립,,UzEyMDAwMDIxNw==,7.4,7.2,8.6,13.0,16.3,10.5,연속↑,3.3,7.3,6.7,8.2,12.3,15.7,10.1,연속↑,3.5,27.7,23.4,31.9,48.0,2025
충남,44,아산시,44200,고,온양여자고등학교,공립,,UzEyMDAwMDIxNA==,9.9,11.1,12.5,11.0,14.5,11.8,반등,3.5,9.2,10.0,12.7,10.2,13.6,11.1,반등,3.4,26.4,14.9,25.0,60.0,2025
충남,44,아산시,44200,고,배방고등학교,공립,,UzEyMDAwMjgzNA==,14.8,7.6,9.9,12.3,12.6,11.5,연속↑,0.4,13.6,7.9,10.0,12.6,12.1,11.2,하락,0.5,19.2,11.2,15.7,39.5,2021
충남,44,아산시,44200,고,아산충무고등학교,공립,,UzEyMDAwMzAwMA==,,,,,11.9,11.9,-,,,,,,11.1,11.1,-,,19.6,8.0,12.4,45.4,2025
충남,44,아산시,44200,고,온양고등학교,공립,,UzEyMDAwMDIxMw==,5.5,4.4,7.0,6.5,10.9,6.9,반등,4.5,5.6,4.2,6.4,5.8,10.9,6.6,반등,5.0,14.1,17.2,17.6,34.1,2025
충남,44,아산시,44200,고,아산고등학교,사립,,UzEyMDAwMDE5NA==,7.2,5.4,19.4,11.3,10.9,10.8,연속↓,0.4,6.8,4.9,18.8,11.1,10.6,10.4,연속↓,0.5,12.0,11.4,17.2,35.7,2023
충남,44,공주시,44150,중,사곡중학교,공립,,UzEyMDAwMDI4NA==,23.1,32.9,35.2,32.7,41.0,33.0,반등,8.2,23.9,31.3,36.0,33.6,40.1,33.0,반등,6.5,77.8,55.6,55.6,41.7,2025
충남,44,공주시,44150,중,봉황중학교,공립,,UzEyMDAwMDI4Mw==,31.6,23.2,26.1,25.7,30.5,27.4,반등,4.8,32.6,22.8,26.3,26.2,30.8,27.8,반등,4.6,26.0,36.5,44.8,45.8,2021
충남,44,공주시,44150,중,공주여자중학교,공립,,UzEyMDAwMDI3OQ==,40.8,28.2,37.1,35.4,30.4,34.4,연속↓,5.0,40.9,28.0,36.1,35.7,30.3,34.2,연속↓,5.5,43.6,37.8,45.0,40.9,2021
충남,44,공주시,44150,중,경천중학교,사립,,UzEyMDAwMDI3Nw==,21.4,11.2,14.8,18.4,26.9,18.5,연속↑,8.5,21.6,12.1,16.0,19.2,28.7,19.5,연속↑,9.5,14.3,50.0,37.5,20.0,2025
충남,44,공주시,44150,중,국립공주대학교사범대학부설중학교,국립,,UzAwMDAwMzUwMQ==,36.1,25.6,38.0,33.9,28.5,32.4,연속↓,5.3,36.0,24.2,38.1,34.5,28.2,32.2,연속↓,6.3,47.1,36.8,31.6,47.4,2023
충남,44,공주시,44150,중,우성중학교,공립,,UzEyMDAwMDI4Ng==,27.2,26.3,28.2,26.4,28.3,27.3,반등,1.9,27.3,25.1,27.6,27.1,27.6,26.9,반등,0.4,44.0,26.9,34.8,60.9,2025
충남,44,공주시,44150,중,공주중학교,공립,,UzEyMDAwMDI4MQ==,20.2,23.8,28.8,26.5,26.1,25.1,연속↓,0.3,19.8,23.6,29.2,26.5,25.7,24.9,연속↓,0.8,28.6,28.3,33.9,54.1,2023
충남,44,공주시,44150,중,공주북중학교,사립,,UzEyMDAwMDI3OA==,34.2,20.9,30.2,29.3,26.7,28.3,연속↓,2.6,33.6,20.6,30.4,28.4,25.4,27.7,연속↓,3.0,33.8,27.7,50.0,54.5,2021
충남,44,공주시,44150,중,유구중학교,공립,,UzEyMDAwMDI4Nw==,27.3,25.9,36.8,27.8,25.0,28.6,연속↓,2.8,27.3,25.6,36.1,28.3,24.9,28.4,연속↓,3.4,42.9,42.9,22.0,42.9,2023
충남,44,공주시,44150,중,반포중학교,공립,,UzEyMDAwMDI4Mg==,47.7,28.3,36.7,26.6,22.6,32.4,연속↓,4.0,47.1,28.3,36.6,28.4,23.4,32.7,연속↓,5.0,31.6,29.4,21.1,47.1,2021
충남,44,공주시,44150,중,공주영명중학교,사립,,UzEyMDAwMDI4MA==,37.2,30.9,31.0,25.6,21.3,29.2,연속↓,4.3,37.1,29.8,30.3,25.7,20.8,28.7,연속↓,4.9,33.3,25.5,31.1,55.8,2021
충남,44,공주시,44150,중,이인중학교,공립,,UzEyMDAwMDI4OA==,19.8,15.6,14.6,20.8,22.0,18.6,연속↑,1.2,20.1,15.6,17.0,22.1,20.3,19.0,하락,1.8,45.5,11.1,30.0,55.6,2024
충남,44,공주시,44150,중,정안중학교,공립,,UzEyMDAwMDI5MA==,40.0,24.0,25.0,24.1,18.9,26.4,연속↓,5.3,38.4,22.6,24.8,24.4,18.2,25.7,연속↓,6.2,40.0,20.0,20.0,53.3,2021
충남,44,공주시,44150,중,탄천중학교,공립,,UzEyMDAwMDI5MQ==,20.7,19.6,21.4,31.9,15.6,21.8,하락,16.3,21.4,19.8,21.1,32.7,17.0,22.4,하락,15.8,25.0,50.0,25.0,50.0,2024
충남,44,공주시,44150,고,충남과학고등학교,공립,충남과학고등학교,UzEyMDAwMDI1NA==,76.4,46.7,72.4,86.3,77.2,71.8,하락,9.2,73.6,46.0,73.2,84.0,74.3,70.2,하락,9.8,91.9,60.8,88.9,,2024
충남,44,공주시,44150,고,국립공주대학교사범대학부설고등학교,국립,,UzAwMDAwMzQ5Ng==,35.8,20.9,25.5,30.0,55.1,33.5,연속↑,25.1,38.9,24.5,27.4,32.6,55.2,35.7,연속↑,22.7,59.5,58.1,62.2,0.7,2025
충남,44,공주시,44150,고,한일고등학교,사립,,UzEyMDAwMDI2NA==,27.6,12.9,32.0,21.6,33.1,25.5,반등,11.5,27.1,12.6,30.0,19.9,33.6,24.6,반등,13.7,25.4,100.0,42.9,3.2,2025
충남,44,공주시,44150,고,공주금성여자고등학교,사립,,UzEyMDAwMDEzMw==,13.9,13.3,12.7,16.1,24.7,16.1,연속↑,8.6,12.8,13.2,12.2,16.1,23.5,15.6,연속↑,7.4,55.9,19.5,20.3,4.2,2025
충남,44,공주시,44150,고,공주여자고등학교,공립,,UzEyMDAwMDEzNQ==,14.8,17.9,15.2,12.3,20.9,16.2,반등,8.6,13.9,17.1,14.4,11.6,21.3,15.7,반등,9.6,11.0,33.9,34.6,19.1,2025
충남,44,공주시,44150,고,공주생명과학고등학교,공립,,UzEyMDAwMDEzNA==,3.3,5.6,12.5,7.3,22.5,10.2,반등,15.2,3.6,5.8,11.9,6.8,21.1,9.8,반등,14.3,41.7,31.6,44.4,37.5,2025
충남,44,공주시,44150,고,공주고등학교,공립,,UzEyMDAwMDEzMQ==,9.7,8.6,11.9,3.0,15.2,9.7,반등,12.3,8.9,8.4,10.7,2.9,14.7,9.1,반등,11.8,23.1,13.8,15.0,17.5,2025
충남,44,공주시,44150,고,공주마이스터고등학교,공립,충남 공주시 유구읍,UzEyMDAwMDEzMg==,12.4,2.4,18.3,14.7,12.5,12.1,연속↓,2.2,12.5,2.1,19.5,13.3,11.7,11.8,연속↓,1.7,,10.6,19.7,21.2,2023
충남,44,공주시,44150,고,공주정보고등학교,사립,,UzEyMDAwMDEzOA==,21.3,7.9,11.0,14.7,12.6,13.5,하락,2.1,21.5,8.3,10.6,14.7,10.7,13.1,하락,4.1,11.8,17.6,33.3,84.2,2021
충남,44,공주시,44150,고,공주영명고등학교,사립,,UzEyMDAwMDEzNw==,7.1,5.3,7.3,10.2,10.2,8.0,→보합,0.1,6.7,5.8,7.4,9.9,10.3,8.0,연속↑,0.4,7.1,15.2,17.0,25.9,2025
충남,44,서천군,44770,중,서림여자중학교,사립,,UzEyMDAwMTAwMA==,39.6,18.5,27.1,21.4,33.5,28.0,반등,12.1,39.2,18.3,27.5,20.0,33.4,27.7,반등,13.4,42.1,47.4,57.9,36.0,2021
충남,44,서천군,44770,중,한산중학교,공립,,UzEyMDAwMTAwOQ==,30.0,23.0,21.7,13.1,32.5,24.0,반등,19.5,29.9,22.2,21.3,12.4,32.4,23.6,반등,20.0,50.0,50.0,62.5,50.0,2025
충남,44,서천군,44770,중,장항중학교,공립,,UzEyMDAwMTAwNg==,29.3,26.3,30.3,24.3,27.7,27.6,반등,3.4,28.9,25.7,30.0,23.3,26.8,26.9,반등,3.5,39.1,28.6,34.5,51.7,2023
충남,44,서천군,44770,중,서천중학교,공립,,UzEyMDAwMTAwMw==,25.7,20.9,22.0,20.0,26.8,23.1,반등,6.8,26.9,20.1,22.4,20.6,26.6,23.3,반등,6.0,27.8,31.5,35.3,42.6,2021
충남,44,서천군,44770,중,서면중학교,공립,,UzEyMDAwMTAwMQ==,24.8,23.4,26.0,35.0,25.9,27.0,하락,9.0,24.9,23.9,26.1,35.1,24.4,26.9,하락,10.7,42.9,28.6,52.9,70.6,2024
충남,44,서천군,44770,중,판교중학교,사립,,UzEyMDAwMTAwOA==,20.6,20.4,15.4,22.1,26.1,20.9,연속↑,4.1,19.5,20.1,14.3,20.6,24.4,19.8,연속↑,3.7,40.0,33.3,53.3,77.8,2025
충남,44,서천군,44770,중,동강중학교,사립,,UzEyMDAwMDk5OA==,22.5,21.1,17.5,19.9,24.8,21.2,연속↑,4.9,24.2,21.4,17.3,19.0,23.7,21.1,연속↑,4.7,31.4,25.7,41.7,50.0,2021
충남,44,서천군,44770,중,서천여자중학교,공립,,UzEyMDAwMTAwMg==,38.5,22.7,29.8,20.1,23.4,26.9,반등,3.3,38.8,22.5,30.1,19.8,22.8,26.8,반등,3.0,22.4,34.9,45.1,45.5,2021
충남,44,서천군,44770,중,비인중학교,공립,,UzEyMDAwMDk5OQ==,53.4,18.4,28.9,28.2,15.3,28.8,연속↓,12.9,53.7,19.1,28.9,27.6,14.9,28.8,연속↓,12.7,16.7,33.3,33.3,50.0,2021
충남,44,서천군,44770,고,서천여자고등학교,공립,,UzEyMDAwMDE4NA==,10.5,16.2,16.1,21.1,21.5,17.1,연속↑,0.4,10.5,14.8,15.9,21.6,20.2,16.6,하락,1.4,27.3,18.2,38.2,32.7,2024
충남,44,서천군,44770,고,장항공업고등학교,공립,,UzEyMDAwMDIyNw==,5.7,8.3,6.0,13.2,22.3,11.1,연속↑,9.1,6.0,9.5,6.0,13.2,20.1,11.0,연속↑,6.9,33.3,33.3,40.0,76.9,2025
충남,44,서천군,44770,고,장항고등학교,사립,,UzEyMDAwMDIyNg==,9.1,5.9,8.5,5.1,20.9,9.9,반등,15.8,8.4,5.3,7.7,5.0,20.0,9.3,반등,15.0,25.5,16.4,32.7,34.5,2025
충남,44,서천군,44770,고,비전고등학교,사립,,UzEyMDAwMjUyOA==,11.0,7.1,10.2,17.6,18.4,12.8,연속↑,0.8,10.5,7.0,10.3,16.2,17.2,12.2,연속↑,1.0,26.5,14.3,26.5,32.4,2025
충남,44,서천군,44770,고,서천고등학교,공립,,UzEyMDAwMDE4Mw==,18.8,12.3,11.3,9.1,15.3,13.4,반등,6.3,18.1,10.8,11.5,8.7,14.8,12.8,반등,6.2,21.3,12.5,20.3,18.8,2021
충남,44,서천군,44770,고,충남디자인예술고등학교,공립,충남디자인예술고등학교,UzEyMDAwMDI2Mg==,6.9,3.8,9.5,12.2,16.7,9.8,연속↑,4.5,6.7,3.8,10.0,11.3,14.8,9.3,연속↑,3.5,35.6,3.4,14.8,13.6,2025
충남,44,서천군,44770,고,서천여자정보고등학교,사립,,UzEyMDAwMDE4Ng==,7.1,12.6,10.8,8.1,11.0,9.9,반등,2.9,6.8,12.2,11.1,8.6,12.5,10.2,반등,3.9,5.9,21.8,9.1,27.3,2025
충남,44,논산시,44230,중,가야곡중학교,공립,,UzEyMDAwMDQyMA==,17.9,6.3,15.0,21.2,32.2,18.5,연속↑,11.0,17.7,6.3,14.2,20.3,33.9,18.5,연속↑,13.6,16.7,66.7,66.7,50.0,2025
충남,44,논산시,44230,중,노성중학교,공립,,UzEyMDAwMDQyNg==,26.6,20.6,18.2,20.2,33.7,23.8,연속↑,13.5,27.1,21.2,19.3,20.6,33.4,24.3,연속↑,12.8,36.8,42.1,50.0,47.4,2025
충남,44,논산시,44230,중,강경여자중학교,공립,,UzEyMDAwMDQyMQ==,30.2,20.3,21.0,24.2,33.5,25.8,연속↑,9.3,30.6,19.4,20.5,24.0,32.9,25.5,연속↑,8.9,46.2,46.2,47.1,45.2,2025
충남,44,논산시,44230,중,논산여자중학교,공립,,UzEyMDAwMDQyOA==,35.5,23.0,33.6,27.1,32.1,30.3,반등,5.0,36.3,22.9,33.7,26.9,31.5,30.3,반등,4.6,43.0,32.5,32.7,45.1,2021
충남,44,논산시,44230,중,쌘뽈여자중학교,사립,,UzEyMDAwMDQzMg==,29.0,22.5,33.4,34.5,30.4,30.0,하락,4.1,30.3,21.9,32.8,33.7,30.2,29.8,하락,3.6,37.6,30.4,50.0,40.9,2024
충남,44,논산시,44230,중,강경중학교,공립,,UzEyMDAwMDQyMg==,26.7,23.8,29.8,21.5,27.3,25.8,반등,5.8,26.2,23.5,29.5,22.4,27.2,25.8,반등,4.8,25.0,37.5,41.7,43.5,2023
충남,44,논산시,44230,중,논산대건중학교,사립,,UzEyMDAwMDQyNw==,31.6,23.8,29.7,27.4,25.9,27.7,연속↓,1.5,32.4,23.5,30.8,28.5,27.1,28.5,연속↓,1.4,31.7,45.5,31.3,37.5,2021
충남,44,논산시,44230,중,기민중학교,사립,,UzEyMDAwMDQyNQ==,25.3,18.8,18.5,25.7,26.5,23.0,연속↑,0.8,25.0,19.0,19.3,26.1,25.6,23.0,하락,0.6,36.7,24.1,34.4,51.3,2024
충남,44,논산시,44230,중,건양대학교병설건양중학교,사립,,UzEyMDAwMDQyMw==,36.2,16.9,16.4,24.7,24.3,23.7,하락,0.4,36.0,17.0,17.8,25.3,23.4,23.9,하락,1.8,32.3,22.6,48.4,65.6,2021
충남,44,논산시,44230,중,연산중학교,공립,,UzEyMDAwMDQzOA==,35.4,19.0,26.6,26.9,22.4,26.0,하락,4.6,35.8,18.5,26.3,26.6,22.1,25.9,하락,4.5,25.8,22.6,31.3,59.4,2021
충남,44,논산시,44230,중,연무중학교,공립,,UzEyMDAwMDQzNw==,19.0,17.4,22.0,20.7,21.4,20.1,반등,0.7,19.4,17.0,20.8,20.7,21.4,19.9,반등,0.7,20.5,30.0,35.0,59.1,2025
충남,44,논산시,44230,중,논산중학교,공립,,UzEyMDAwMDQyOQ==,24.9,19.4,22.0,20.4,18.7,21.1,연속↓,1.8,25.3,19.3,22.3,20.6,18.8,21.3,연속↓,1.8,22.1,25.7,23.9,61.1,2021
충남,44,논산시,44230,중,광석중학교,공립,,UzEyMDAwMDQyNA==,18.6,11.7,17.1,18.2,16.6,16.4,하락,1.6,19.2,11.7,17.2,19.4,16.0,16.7,하락,3.3,26.7,20.0,20.0,77.8,2024
충남,44,논산시,44230,중,연무여자중학교,사립,,UzEyMDAwMDQzNg==,15.8,15.2,13.4,3.9,7.7,11.2,반등,3.8,16.6,15.3,12.6,3.8,7.7,11.2,반등,3.9,6.3,12.5,15.2,58.1,2021
충남,44,논산시,44230,고,논산대건고등학교,사립,,UzEyMDAwMDE1MQ==,17.0,15.3,8.0,7.2,29.4,15.4,반등,22.2,15.1,16.1,7.3,7.2,29.3,15.0,반등,22.1,51.3,45.5,53.2,2.5,2025
충남,44,논산시,44230,고,논산여자고등학교,공립,,UzEyMDAwMDE1Mg==,14.4,10.8,12.1,7.5,15.7,12.1,반등,8.2,12.9,10.4,10.8,7.1,14.9,11.2,반등,7.8,29.6,15.5,23.2,42.0,2025
충남,44,논산시,44230,고,강경상업고등학교,공립,,UzEyMDAwMDEyNg==,7.7,12.2,4.1,7.1,14.3,9.1,연속↑,7.2,6.7,11.5,3.6,7.3,13.5,8.5,연속↑,6.3,13.1,9.6,26.0,13.7,2025
충남,44,논산시,44230,고,쌘뽈여자고등학교,사립,,UzEyMDAwMDE5Mw==,16.0,8.6,9.5,11.4,12.7,11.6,연속↑,1.4,15.4,8.4,8.8,12.1,13.3,11.6,연속↑,1.1,6.0,24.8,17.1,16.7,2021
충남,44,논산시,44230,고,연무고등학교,사립,,UzEyMDAwMDE5Nw==,15.1,8.4,9.0,9.6,11.8,10.8,연속↑,2.2,14.2,7.5,8.5,8.5,10.8,9.9,상승,2.3,14.9,6.7,20.7,25.2,2021
충남,44,논산시,44230,고,국방항공고등학교,공립,,UzEyMDAwMDE1MA==,10.5,2.8,9.2,11.4,14.8,9.7,연속↑,3.3,10.0,2.9,9.5,11.1,10.6,8.8,하락,0.4,40.0,25.0,20.0,33.3,2024
충남,44,논산시,44230,고,충남체육고등학교,공립,충남체육고등학교,UzEyMDAwMDI1Nw==,4.8,4.8,11.6,10.3,10.6,8.4,반등,0.3,5.2,5.2,11.1,9.9,10.3,8.3,반등,0.4,20.3,8.9,8.9,67.9,2023
충남,44,논산시,44230,고,연무마이스터고등학교,공립,,UzEyMDAwMDE5OQ==,3.8,5.2,8.6,13.5,12.8,8.8,하락,0.7,3.8,6.1,8.7,12.7,9.3,8.1,하락,3.4,3.3,32.3,19.4,60.0,2024
충남,44,논산시,44230,고,건양대학교병설건양고등학교,사립,,UzEyMDAwMDEyOA==,10.0,8.3,11.0,6.4,9.3,9.0,반등,2.8,9.6,8.4,10.9,6.2,8.7,8.7,반등,2.5,12.2,8.3,22.0,48.8,2023
충남,44,논산시,44230,고,논산여자상업고등학교,사립,,UzEyMDAwMDE1Mw==,7.4,4.2,8.8,13.4,8.7,8.5,하락,4.7,6.7,3.9,8.3,12.9,8.7,8.1,하락,4.2,12.4,9.5,7.5,65.7,2024
충남,44,논산시,44230,고,논산고등학교,공립,,UzEyMDAwMDE0OQ==,8.3,4.4,4.8,9.0,8.8,7.0,하락,0.2,8.6,4.5,4.2,9.3,7.6,6.9,하락,1.7,6.3,11.3,17.5,42.5,2024
충남,44,논산시,44230,고,강경고등학교,공립,,UzEyMDAwMDEyNA==,19.8,12.2,6.1,2.7,8.3,9.8,반등,5.7,19.5,12.3,6.2,2.5,6.9,9.5,반등,4.4,5.7,8.6,16.2,60.0,2021
충남,44,논산시,44230,고,충남인터넷고등학교,공립,충남인터넷고등학교,UzEyMDAwMDI1Ng==,12.7,12.4,5.4,6.4,3.6,8.1,하락,2.8,11.9,11.7,4.8,5.8,1.5,7.2,하락,4.3,5.6,,2.8,80.6,2021
충남,44,금산군,44710,중,복수중학교,공립,,UzEyMDAwMDM3MQ==,27.1,22.5,31.5,22.0,42.6,29.1,반등,20.6,26.6,21.8,31.9,22.0,42.7,29.0,반등,20.7,66.7,66.7,66.7,25.0,2025
충남,44,금산군,44710,중,제원중학교,공립,,UzEyMDAwMDM3Mw==,22.7,19.2,21.4,36.4,28.2,25.6,하락,8.3,23.0,18.3,22.2,38.3,29.2,26.2,하락,9.1,44.4,47.4,21.1,36.4,2024
충남,44,금산군,44710,중,추부중학교,공립,,UzEyMDAwMDM3NQ==,28.9,26.3,29.8,22.7,24.2,26.4,반등,1.5,27.9,26.4,30.4,23.3,24.7,26.5,반등,1.4,31.7,34.1,22.0,45.0,2023
충남,44,금산군,44710,중,금산여자중학교,공립,,UzEyMDAwMDM2OA==,30.4,23.6,27.9,26.2,25.0,26.6,연속↓,1.2,30.3,23.3,27.8,25.8,24.5,26.3,연속↓,1.3,35.4,27.6,34.5,46.0,2021
충남,44,금산군,44710,중,부리중학교,공립,,UzEyMDAwMDM3Mg==,15.5,26.5,33.9,18.9,21.1,23.2,반등,2.2,14.3,25.0,33.4,20.1,22.1,23.0,반등,2.0,26.7,40.0,26.7,66.7,2023
충남,44,금산군,44710,중,금산동중학교,공립,,UzEyMDAwMDM2Nw==,27.4,18.1,24.5,20.9,21.2,22.4,반등,0.3,28.6,18.5,25.2,19.9,21.1,22.6,반등,1.2,39.6,31.8,24.7,52.9,2021
충남,44,금산군,44710,중,금산중학교,공립,,UzEyMDAwMDM2OQ==,18.0,19.4,20.7,21.2,19.8,19.8,하락,1.4,18.2,19.9,21.0,21.2,19.7,20.0,하락,1.5,35.5,25.0,21.2,48.1,2024
충남,44,금산군,44710,중,진산중학교,공립,,UzEyMDAwMDM3NA==,41.5,28.7,26.1,17.6,14.9,25.8,연속↓,2.8,40.5,27.2,26.4,18.3,15.8,25.6,연속↓,2.4,12.5,25.0,18.8,37.5,2021
충남,44,금산군,44710,고,금산하이텍고등학교,공립,,UzEyMDAwMDIzNg==,9.0,7.3,6.7,12.1,14.3,9.9,연속↑,2.2,8.4,6.6,6.3,10.6,12.6,8.9,연속↑,2.0,34.1,2.3,16.0,54.5,2025
충남,44,금산군,44710,고,금산산업고등학교,공립,,UzEyMDAwMDE0Ng==,4.0,2.9,2.7,2.3,15.9,5.5,반등,13.6,4.0,2.8,2.7,1.9,11.9,4.7,반등,10.0,18.8,,43.8,,2025
충남,44,금산군,44710,고,금산고등학교,공립,,UzEyMDAwMDE0NA==,9.4,5.8,8.5,11.0,10.6,9.0,하락,0.4,8.6,5.3,7.9,10.4,11.2,8.7,연속↑,0.8,6.4,21.1,16.5,45.1,2025
충남,44,금산군,44710,고,금산여자고등학교,공립,,UzEyMDAwMDE0Nw==,8.8,9.3,4.7,9.3,8.3,8.1,하락,1.0,7.9,8.9,4.6,8.5,7.7,7.5,하락,0.8,8.1,5.9,16.2,23.2,2022
충남,44,홍성군,44800,중,홍성여자중학교,공립,,UzEyMDAwMTIwNg==,37.6,27.4,34.5,32.2,30.6,32.4,연속↓,1.6,38.2,27.6,35.4,32.8,31.2,33.0,연속↓,1.6,23.9,42.5,42.6,34.3,2021
충남,44,홍성군,44800,중,홍동중학교,공립,,UzEyMDAwMTIwNA==,28.7,21.3,29.7,35.2,29.7,28.9,하락,5.5,28.1,20.6,28.7,34.7,29.8,28.4,하락,4.9,44.4,37.8,25.0,42.9,2024
충남,44,홍성군,44800,중,홍주중학교,사립,,UzEyMDAwMTIwOA==,28.9,18.1,24.2,20.1,26.7,23.6,반등,6.7,29.5,18.0,23.2,18.6,26.4,23.2,반등,7.8,38.9,43.0,40.7,46.3,2021
충남,44,홍성군,44800,중,갈산중학교,공립,,UzEyMDAwMTE5NQ==,32.4,24.0,32.6,23.4,26.3,27.7,반등,2.9,32.6,22.9,32.5,23.2,26.2,27.5,반등,3.0,40.0,40.0,40.0,53.8,2021
충남,44,홍성군,44800,중,내포중학교,공립,,UzEyMDAwMjczMw==,34.0,27.6,31.9,34.8,26.8,31.0,하락,8.0,34.3,27.5,30.6,33.7,26.1,30.4,하락,7.5,35.5,29.3,38.5,38.0,2021
충남,44,홍성군,44800,중,홍북중학교,공립,,UzEyMDAwMjk4Mw==,,,,,27.2,27.2,-,,,,,,25.9,25.9,-,,37.8,23.7,45.9,52.1,2025
충남,44,홍성군,44800,중,서해삼육중학교,사립,,UzEyMDAwMTIwMg==,25.9,22.7,33.9,29.2,26.1,27.6,연속↓,3.1,25.4,23.1,34.0,28.0,25.9,27.3,연속↓,2.1,28.6,35.7,39.3,50.0,2023
충남,44,홍성군,44800,중,홍성중학교,공립,,UzEyMDAwMTIwNw==,32.3,26.7,26.2,22.8,26.0,26.8,반등,3.2,32.8,27.2,27.2,22.9,25.7,27.1,반등,2.8,38.5,35.4,32.6,45.3,2021
충남,44,홍성군,44800,중,홍성서부중학교,공립,,UzEyMDAwMTIwNQ==,30.7,20.9,19.7,17.9,25.6,22.9,반등,7.7,31.5,22.6,20.2,17.5,25.5,23.5,반등,7.9,37.5,38.5,37.5,38.5,2021
충남,44,홍성군,44800,중,광천중학교,공립,,UzEyMDAwMTE5OA==,17.7,15.8,17.8,11.8,14.4,15.5,반등,2.6,17.2,15.9,17.0,11.5,14.4,15.2,반등,2.9,24.4,27.0,16.2,52.4,2021
충남,44,홍성군,44800,중,금마중학교,공립,,UzEyMDAwMTIwMQ==,31.4,20.6,16.1,19.3,14.3,20.3,하락,5.0,30.5,20.0,16.2,18.7,13.9,19.9,하락,4.8,27.8,22.2,16.7,60.0,2021
충남,44,홍성군,44800,고,서해삼육고등학교,사립,,UzEyMDAwMDE4Nw==,12.1,11.5,13.7,34.3,25.7,19.4,하락,8.7,11.8,11.2,13.2,36.0,24.2,19.3,하락,11.8,44.4,15.9,28.3,36.7,2024
충남,44,홍성군,44800,고,홍성여자고등학교,공립,,UzEyMDAwMDI3NA==,9.0,10.2,9.6,13.6,20.2,12.5,연속↑,6.6,8.0,9.7,8.7,12.8,20.2,11.9,연속↑,7.5,27.5,21.3,21.3,19.1,2025
충남,44,홍성군,44800,고,홍성고등학교,공립,,UzEyMDAwMDI3Mg==,16.0,11.9,12.8,9.2,19.7,13.9,반등,10.6,16.1,11.4,12.9,9.7,18.7,13.8,반등,9.1,28.4,13.2,20.4,19.6,2025
충남,44,홍성군,44800,고,갈산고등학교,공립,,UzEyMDAwMDEyMw==,10.8,11.5,23.5,15.5,10.0,14.3,연속↓,5.5,11.0,11.5,22.7,16.2,10.2,14.3,연속↓,5.9,10.0,15.0,11.7,13.3,2023
충남,44,홍성군,44800,고,홍성공업고등학교,공립,,UzEyMDAwMDEzMA==,6.4,10.6,18.9,10.8,14.6,12.2,반등,3.8,6.3,10.1,17.4,10.3,9.2,10.6,연속↓,1.1,23.3,13.3,30.0,62.5,2023
충남,44,홍성군,44800,고,홍주고등학교,사립,,UzEyMDAwMDI3Ng==,7.3,4.4,7.4,6.6,8.2,6.8,반등,1.6,6.9,3.9,7.2,6.4,7.5,6.4,반등,1.1,15.5,6.4,9.1,45.5,2025
충남,44,홍성군,44800,고,충남드론항공고등학교,공립,충남드론항공고등학교,UzEyMDAwMDE0Mw==,6.2,7.2,10.6,8.3,8.1,8.0,연속↓,0.2,6.6,7.1,10.2,7.4,7.4,7.8,→보합,,11.9,4.8,11.9,57.1,2023
충남,44,홍성군,44800,고,한국K-POP고등학교,사립,,UzEyMDAwMDEzOQ==,8.1,5.0,7.7,10.4,9.0,8.0,하락,1.5,7.5,5.1,7.4,11.0,7.1,7.6,하락,3.9,5.6,13.9,2.8,51.4,2024
충남,44,당진시,44270,중,당진중학교대호지분교장,공립,,UzEyMDAwMDg3MQ==,18.5,22.6,32.8,20.8,37.5,26.4,반등,16.7,18.8,22.8,31.9,19.1,33.9,25.3,반등,14.9,100.0,50.0,50.0,33.3,2025
충남,44,당진시,44270,중,송산중학교,공립,,UzEyMDAwMDg3Ng==,35.6,18.7,30.8,29.1,32.3,29.3,반등,3.2,34.9,18.7,31.3,29.3,32.8,29.4,반등,3.5,40.0,42.9,33.8,47.9,2021
충남,44,당진시,44270,중,합덕중학교,공립,,UzEyMDAwMDg4MQ==,29.6,18.5,21.9,23.6,30.8,24.9,연속↑,7.2,28.8,17.5,21.0,24.2,30.6,24.4,연속↑,6.4,33.3,33.3,44.4,68.4,2025
충남,44,당진시,44270,중,원당중학교,공립,,UzEyMDAwMjY2MA==,35.2,19.0,30.4,27.1,30.9,28.5,반등,3.8,34.7,18.1,29.5,27.2,29.7,27.8,반등,2.6,42.6,35.4,45.2,46.9,2021
충남,44,당진시,44270,중,면천중학교,공립,,UzEyMDAwMDg3Mg==,13.6,12.9,33.2,26.7,29.2,23.1,반등,2.5,13.7,14.4,34.4,28.0,29.3,24.0,반등,1.3,42.9,31.8,42.9,42.9,2023
충남,44,당진시,44270,중,수청중학교,공립,,UzEyMDAwMjk2OQ==,,,,25.9,25.7,25.8,하락,0.2,,,,26.9,25.4,26.1,하락,1.5,36.7,31.0,37.8,51.7,2024
충남,44,당진시,44270,중,호서중학교,사립,,UzEyMDAwMDg4Mg==,24.6,21.4,26.5,20.9,25.1,23.7,반등,4.2,24.3,21.6,26.5,20.5,24.5,23.5,반등,4.1,37.0,30.6,37.6,61.3,2023
충남,44,당진시,44270,중,합덕여자중학교,공립,,UzEyMDAwMDg4MA==,26.3,22.2,26.8,20.9,24.3,24.1,반등,3.4,26.7,21.8,27.4,21.8,24.3,24.4,반등,2.6,25.0,27.8,40.0,55.6,2023
충남,44,당진시,44270,중,순성중학교,공립,,UzEyMDAwMDg3OA==,38.2,28.8,27.4,22.8,22.8,28.0,→보합,0.1,38.8,28.5,27.1,21.5,21.8,27.5,반등,0.3,35.7,28.6,30.8,70.6,2021
충남,44,당진시,44270,중,고대중학교,공립,,UzEyMDAwMDg2OA==,20.0,16.0,16.2,18.8,19.7,18.2,연속↑,0.8,20.1,15.4,15.8,19.7,20.0,18.2,연속↑,0.4,16.7,26.1,26.1,47.8,2021
충남,44,당진시,44270,중,송악중학교,사립,,UzEyMDAwMDg3Nw==,22.0,18.4,25.7,25.7,20.0,22.4,하락,5.7,22.6,18.1,26.8,26.0,19.4,22.6,연속↓,6.7,17.9,24.2,42.7,42.4,2023
충남,44,당진시,44270,중,신평중학교,사립,,UzEyMDAwMDg3OQ==,23.3,15.7,18.2,19.3,20.0,19.3,연속↑,0.7,23.1,14.8,16.9,17.6,18.8,18.2,연속↑,1.2,24.7,14.1,29.4,58.1,2021
충남,44,당진시,44270,중,당진중학교,공립,,UzEyMDAwMDg3MA==,28.9,23.3,21.7,22.1,18.3,22.9,하락,3.8,28.4,22.7,21.5,21.7,17.9,22.5,하락,3.8,26.0,21.5,34.1,54.0,2021
충남,44,당진시,44270,중,서야중학교,사립,,UzEyMDAwMDg3NA==,17.7,14.7,15.8,11.6,14.1,14.8,반등,2.5,17.0,14.4,15.1,10.9,12.9,14.1,반등,2.0,18.4,10.5,28.9,75.6,2021
충남,44,당진시,44270,중,석문중학교,사립,,UzEyMDAwMDg3NQ==,24.0,18.1,24.9,14.7,13.0,18.9,연속↓,1.7,24.8,17.6,24.9,13.9,12.4,18.7,연속↓,1.5,21.6,17.6,21.6,65.7,2023
충남,44,당진시,44270,고,당진고등학교,공립,,UzEyMDAwMDE1NA==,13.1,6.3,9.8,11.9,24.8,13.2,연속↑,12.9,12.4,5.9,9.7,10.9,27.2,13.2,연속↑,16.3,12.1,50.4,26.1,17.1,2025
충남,44,당진시,44270,고,합덕제철고등학교,공립,,UzEyMDAwMDI2NQ==,14.4,10.9,10.2,26.6,22.4,16.9,하락,4.1,15.3,9.7,10.2,25.8,21.1,16.4,하락,4.7,27.5,13.4,28.8,10.0,2024
충남,44,당진시,44270,고,신평고등학교,사립,,UzEyMDAwMDE5MQ==,12.7,3.6,7.4,8.0,13.9,9.1,연속↑,5.9,11.8,3.2,6.8,7.9,13.2,8.6,연속↑,5.3,22.3,14.0,20.5,9.3,2025
충남,44,당진시,44270,고,송악고등학교,사립,,UzEyMDAwMDE5MA==,5.9,8.6,8.0,11.7,12.5,9.4,연속↑,0.8,6.0,8.2,7.3,10.4,11.6,8.7,연속↑,1.2,13.7,6.4,18.9,48.3,2025
충남,44,당진시,44270,고,호서고등학교,사립,,UzEyMDAwMDI2OQ==,8.3,12.2,16.0,5.9,11.6,10.8,반등,5.7,7.6,12.5,17.1,5.5,11.5,10.8,반등,5.9,15.7,15.5,11.0,40.9,2023
충남,44,당진시,44270,고,합덕고등학교,공립,,UzEyMDAwMDI2Nw==,11.8,8.3,14.2,6.5,11.1,10.4,반등,4.6,12.6,8.4,13.7,6.3,11.1,10.4,반등,4.8,12.5,12.5,12.9,37.5,2023
충남,44,당진시,44270,고,서야고등학교,사립,,UzEyMDAwMDE4MQ==,5.0,7.6,5.5,8.9,10.8,7.6,연속↑,1.8,4.5,7.2,5.2,9.5,10.9,7.5,연속↑,1.4,12.2,12.9,12.9,65.9,2025
충남,44,당진시,44270,고,당진정보고등학교,공립,,UzEyMDAwMDE1Nw==,5.2,4.6,3.8,7.2,6.6,5.5,하락,0.6,5.4,4.1,3.8,7.2,6.6,5.4,하락,0.6,7.8,7.8,8.7,37.3,2024
충남,44,부여군,44760,중,양화중학교,공립,,UzEyMDAwMDUxMA==,38.2,41.7,43.3,37.1,40.8,40.2,반등,3.8,38.7,40.2,42.4,35.7,39.6,39.3,반등,3.9,75.0,40.0,40.0,25.0,2023
충남,44,부여군,44760,중,홍산중학교,공립,,UzEyMDAwMDUxNg==,42.1,27.3,42.0,50.8,33.5,39.2,하락,17.3,41.8,27.3,43.3,51.7,34.6,39.8,하락,17.1,50.0,50.0,57.1,21.4,2024
충남,44,부여군,44760,중,은산중학교,공립,,UzEyMDAwMDUxMw==,24.1,28.9,31.1,26.5,28.5,27.8,반등,2.0,24.4,27.7,31.1,28.1,30.0,28.3,반등,1.9,55.6,44.4,37.5,35.0,2023
충남,44,부여군,44760,중,부여여자중학교,공립,,UzEyMDAwMDUwNg==,43.3,26.7,31.7,25.7,30.0,31.5,반등,4.3,44.0,26.4,32.3,25.0,29.5,31.4,반등,4.5,34.2,37.0,41.1,41.4,2021
충남,44,부여군,44760,중,부여중학교,공립,,UzEyMDAwMDUwNw==,26.2,18.5,26.7,21.2,22.5,23.0,반등,1.3,27.6,18.7,27.6,22.0,23.4,23.9,반등,1.4,22.8,36.6,30.4,44.9,2023
충남,44,부여군,44760,중,용강중학교,사립,,UzEyMDAwMDUxMg==,23.0,17.5,23.7,26.6,22.2,22.6,하락,4.4,23.7,17.3,24.2,25.7,22.3,22.6,하락,3.3,33.3,33.3,50.0,57.9,2024
충남,44,부여군,44760,중,백제중학교,사립,,UzEyMDAwMDUwNQ==,29.7,21.5,25.9,21.7,20.8,23.9,연속↓,1.0,30.0,20.7,25.4,21.8,20.8,23.8,연속↓,1.1,24.7,25.8,25.6,49.5,2021
충남,44,부여군,44760,중,세도중학교,공립,,UzEyMDAwMDUwOQ==,21.9,13.1,22.8,21.0,20.4,19.8,연속↓,0.5,22.4,12.9,23.8,21.9,20.7,20.3,연속↓,1.2,31.3,43.8,31.3,54.5,2023
충남,44,부여군,44760,중,석성중학교,공립,,UzEyMDAwMDUwOA==,19.8,18.9,22.7,17.5,20.2,19.8,반등,2.6,20.1,17.7,21.6,17.0,19.3,19.1,반등,2.3,33.3,20.0,30.4,73.9,2023
충남,44,부여군,44760,중,임천중학교,공립,,UzEyMDAwMDUxNA==,19.1,26.8,36.5,13.5,11.3,21.4,연속↓,2.2,19.7,26.2,35.9,13.2,10.7,21.2,연속↓,2.5,50.0,21.4,14.3,42.9,2023
충남,44,부여군,44760,중,외산중학교,사립,,UzEyMDAwMDUxMQ==,12.0,7.9,11.6,4.9,1.3,7.5,연속↓,3.6,12.2,8.5,11.5,5.1,1.5,7.8,연속↓,3.6,6.7,9.1,0.0,81.8,2021
충남,44,부여군,44760,고,부여전자고등학교,공립,,UzEyMDAwMDE3Mw==,20.3,9.2,10.6,9.1,21.9,14.2,반등,12.8,20.6,8.3,10.6,9.1,19.9,13.7,반등,10.8,15.0,11.1,50.0,22.2,2021
충남,44,부여군,44760,고,부여정보고등학교,공립,,UzEyMDAwMDE3NA==,6.8,6.7,6.5,4.6,17.2,8.3,반등,12.6,6.2,5.9,5.9,3.9,17.2,7.8,반등,13.3,28.1,18.8,12.5,40.6,2025
충남,44,부여군,44760,고,한국식품마이스터고등학교,공립,,UzEyMDAwMDI3MA==,12.2,9.4,9.0,15.6,15.7,12.4,연속↑,0.2,12.3,9.4,8.5,15.1,11.4,11.3,하락,3.6,6.8,,29.5,54.5,2024
충남,44,부여군,44760,고,부여고등학교,공립,,UzEyMDAwMDE3MA==,10.4,8.3,5.3,17.6,11.5,10.6,하락,6.1,11.0,7.8,4.7,16.0,11.1,10.1,하락,4.9,16.1,10.2,13.9,30.7,2024
충남,44,부여군,44760,고,부여여자고등학교,공립,,UzEyMDAwMDE3Mg==,14.3,11.9,9.8,9.8,9.9,11.2,상승,0.1,15.2,10.9,8.8,10.7,9.1,10.9,하락,1.6,11.9,5.0,16.8,20.8,2021
충남,44,서산시,44210,중,서산여자중학교,공립,,UzEyMDAwMDkzNQ==,37.1,24.8,33.7,33.9,33.0,32.5,하락,0.9,37.0,24.5,33.9,33.7,33.4,32.5,연속↓,0.3,32.3,40.5,37.7,36.8,2021
충남,44,서산시,44210,중,대산중학교,사립,,UzEyMDAwMDkzMA==,25.5,18.6,29.9,28.1,31.3,26.7,반등,3.2,25.3,18.5,29.2,28.0,30.5,26.3,반등,2.5,28.1,29.8,51.8,33.3,2025
충남,44,서산시,44210,중,서산명지중학교,공립,,UzEyMDAwMjUyNQ==,33.5,25.6,32.1,26.1,31.7,29.8,반등,5.6,33.0,24.9,31.8,26.0,30.0,29.1,반등,4.0,50.0,29.4,66.7,58.3,2021
충남,44,서산시,44210,중,서령중학교,사립,,UzEyMDAwMDkzMw==,34.1,24.9,28.1,29.9,29.4,29.3,하락,0.5,34.1,24.3,28.1,31.0,29.4,29.4,하락,1.6,34.7,38.6,37.0,39.0,2021
충남,44,서산시,44210,중,해미중학교,공립,,UzEyMDAwMDk0NA==,37.6,22.8,25.8,32.4,30.6,29.8,하락,1.7,36.9,23.4,25.3,32.2,29.2,29.4,하락,3.0,47.8,30.4,38.1,52.2,2021
충남,44,서산시,44210,중,인지중학교,공립,,UzEyMDAwMDk0MQ==,26.2,19.7,32.5,24.3,26.6,25.8,반등,2.3,26.5,20.2,32.0,23.8,25.8,25.7,반등,2.0,29.0,33.3,46.7,33.9,2023
충남,44,서산시,44210,중,대철중학교,사립,,UzEyMDAwMDkzMQ==,31.5,17.0,26.7,31.6,24.6,26.3,하락,7.0,31.2,15.9,24.9,31.2,23.7,25.4,하락,7.5,35.9,28.2,35.9,57.9,2024
충남,44,서산시,44210,중,서산부춘중학교,공립,,UzEyMDAwMDkzNA==,29.9,22.4,29.1,22.9,21.8,25.2,연속↓,1.2,30.2,21.8,28.4,22.6,21.0,24.8,연속↓,1.7,34.0,23.1,29.9,50.3,2021
충남,44,서산시,44210,중,서산석림중학교,공립,,UzEyMDAwMjUyNA==,36.6,25.3,29.1,23.7,21.2,27.1,연속↓,2.5,36.1,23.9,28.8,23.3,20.4,26.5,연속↓,2.9,25.9,23.4,34.5,45.7,2021
충남,44,서산시,44210,중,성연중학교,공립,,UzEyMDAwMDkzOQ==,30.2,20.7,27.5,27.9,19.8,25.2,하락,8.1,30.7,20.4,27.4,27.8,20.0,25.3,하락,7.9,28.0,21.8,24.7,46.7,2021
충남,44,서산시,44210,중,서일중학교,사립,,UzEyMDAwMDkzOA==,22.9,16.4,21.4,19.3,18.9,19.8,연속↓,0.5,23.1,16.8,22.6,19.3,19.2,20.2,연속↓,0.1,16.1,37.9,30.3,51.1,2021
충남,44,서산시,44210,중,부석중학교,공립,,UzEyMDAwMDkzMg==,18.0,25.5,13.4,14.0,18.9,18.0,연속↑,4.9,17.8,26.1,13.3,13.3,18.8,17.8,상승,5.5,46.2,35.3,17.6,70.6,2022
충남,44,서산시,44210,중,고북중학교,공립,충남 서산시 고북면,UzEyMDAwMDkyOQ==,15.8,20.0,16.1,11.9,19.9,16.7,반등,8.0,16.9,18.9,16.5,12.2,18.8,16.7,반등,6.6,35.3,18.8,22.2,52.9,2022
충남,44,서산시,44210,중,서산중학교,공립,,UzEyMDAwMDkzNw==,26.1,21.4,18.6,17.0,16.6,19.9,연속↓,0.4,25.0,20.9,18.0,17.2,17.0,19.6,연속↓,0.3,24.3,28.3,17.6,40.8,2021
충남,44,서산시,44210,중,음암중학교,공립,,UzEyMDAwMDk0MA==,33.0,17.4,27.8,30.8,15.0,24.8,하락,15.7,33.5,16.9,26.4,29.7,15.1,24.3,하락,14.6,15.7,21.6,23.5,60.8,2021
충남,44,서산시,44210,중,팔봉중학교,사립,,UzEyMDAwMDk0Mw==,29.1,25.3,35.6,23.8,14.0,25.5,연속↓,9.8,28.4,23.9,34.4,24.1,14.2,25.0,연속↓,9.9,18.4,20.4,24.1,50.0,2023
충남,44,서산시,44210,고,서일고등학교,사립,,UzEyMDAwMDE4Mg==,4.5,5.6,12.9,21.7,32.9,15.5,연속↑,11.2,4.2,5.0,12.7,22.3,32.4,15.3,연속↑,10.2,44.4,45.1,34.6,2.5,2025
충남,44,서산시,44210,고,서령고등학교,사립,,UzEyMDAwMDE3Ng==,7.4,7.4,7.6,14.1,21.9,11.7,연속↑,7.9,7.3,7.2,7.2,14.7,21.7,11.6,연속↑,7.0,31.2,25.2,24.0,33.8,2025
충남,44,서산시,44210,고,대산고등학교,공립,,UzEyMDAwMjYwMA==,12.3,7.7,6.7,9.6,19.6,11.2,연속↑,10.0,11.2,6.9,6.4,9.1,20.1,10.7,연속↑,11.1,20.4,41.9,20.1,19.3,2025
충남,44,서산시,44210,고,서산여자고등학교,공립,,UzEyMDAwMDE4MA==,20.6,10.9,10.4,16.5,18.3,15.3,연속↑,1.8,18.2,10.2,9.9,16.0,17.9,14.4,연속↑,1.9,21.5,22.0,25.5,15.9,2021
충남,44,서산시,44210,고,서산중앙고등학교,공립,,UzEyMDAwMDE3OA==,10.4,11.3,13.3,8.0,15.1,11.6,반등,7.0,10.0,10.8,12.4,8.5,12.7,10.9,반등,4.2,51.1,13.0,29.8,69.6,2025
충남,44,서산시,44210,고,부석고등학교,공립,,UzEyMDAwMDE2OQ==,8.6,7.2,5.5,15.5,10.3,9.4,하락,5.2,8.2,6.9,4.8,15.8,10.7,9.3,하락,5.1,16.2,16.2,6.7,42.5,2024
충남,44,서산시,44210,고,서산고등학교,공립,,UzEyMDAwMDE3Nw==,10.5,7.6,8.8,6.3,10.3,8.7,반등,4.0,10.2,7.4,8.4,6.0,10.0,8.4,반등,4.0,6.7,10.1,22.9,36.4,2021
충남,44,서산시,44210,고,서산공업고등학교,공립,,UzEyMDAwMDIyMA==,12.3,9.9,9.8,7.3,9.4,9.7,반등,2.2,11.3,9.3,8.6,7.0,7.2,8.7,반등,0.1,16.0,20.0,10.5,75.0,2021
충남,44,예산군,44810,중,신암중학교,공립,,UzEyMDAwMDY4OA==,30.6,25.4,27.1,32.7,32.9,29.7,연속↑,0.2,29.6,24.9,25.6,31.2,30.9,28.5,하락,0.3,37.5,26.7,62.5,77.8,2024
충남,44,예산군,44810,중,신양중학교,사립,,UzEyMDAwMDY4OQ==,18.2,24.7,28.6,14.4,26.5,22.5,반등,12.1,18.2,23.1,28.5,14.8,26.7,22.3,반등,11.9,33.3,38.1,38.1,52.4,2023
충남,44,예산군,44810,중,임성중학교,사립,,UzEyMDAwMDY5Mg==,23.2,12.0,18.7,27.5,27.5,21.8,→보합,0.1,23.2,11.9,19.1,26.8,26.7,21.5,하락,0.1,55.0,25.0,33.3,46.2,2024
충남,44,예산군,44810,중,덕산중학교,공립,,UzEyMDAwMDY4Ng==,31.9,22.4,25.6,25.2,26.4,26.3,반등,1.1,31.4,21.3,25.6,24.7,25.7,25.8,반등,1.0,28.4,26.6,41.1,39.9,2021
충남,44,예산군,44810,중,광시중학교,사립,,UzEyMDAwMDY4Mw==,33.4,15.9,11.3,15.3,23.0,19.8,연속↑,7.7,30.0,14.1,11.4,15.2,23.7,18.9,연속↑,8.5,33.3,42.9,28.6,66.7,2021
충남,44,예산군,44810,중,고덕중학교,공립,,UzEyMDAwMDY4Mg==,31.8,22.2,26.6,24.5,25.0,26.0,반등,0.5,31.3,21.7,26.4,23.1,23.3,25.2,반등,0.3,41.7,16.7,42.9,52.4,2021
충남,44,예산군,44810,중,예산여자중학교,공립,,UzEyMDAwMDY5MA==,32.7,28.5,35.8,28.5,23.7,29.9,연속↓,4.8,32.3,27.1,35.3,26.7,22.5,28.8,연속↓,4.2,27.3,20.7,48.8,45.5,2023
충남,44,예산군,44810,중,삽교중학교,공립,,UzEyMDAwMDY4Nw==,44.2,22.7,28.0,20.0,20.1,27.0,반등,0.1,45.8,22.5,28.8,20.7,20.6,27.7,연속↓,0.1,17.4,33.3,39.1,56.5,2021
충남,44,예산군,44810,중,예산중학교,공립,,UzEyMDAwMDY5MQ==,22.3,19.4,27.8,18.5,18.6,21.3,반등,0.1,22.8,19.4,27.6,19.1,18.6,21.5,연속↓,0.5,21.7,21.0,24.2,52.6,2023
충남,44,예산군,44810,중,대술중학교,공립,,UzEyMDAwMDY4NA==,38.2,30.3,25.0,32.8,16.9,28.6,하락,15.9,39.0,31.8,21.4,29.3,15.5,27.4,하락,13.8,33.3,14.3,33.3,57.1,2021
충남,44,예산군,44810,중,대흥중학교,사립,,UzEyMDAwMDY4NQ==,25.1,16.3,16.9,19.0,14.8,18.4,하락,4.2,24.4,15.4,16.3,19.2,14.4,17.9,하락,4.8,21.4,16.2,18.9,68.4,2021
충남,44,예산군,44810,고,대흥고등학교,사립,,UzEyMDAwMDE2Mg==,17.4,13.6,18.4,21.1,31.7,20.4,연속↑,10.6,16.9,13.0,17.9,20.3,30.8,19.8,연속↑,10.5,39.0,26.8,34.1,19.5,2025
충남,44,예산군,44810,고,예산여자고등학교,공립,,UzEyMDAwMDIwOA==,16.7,13.4,13.4,19.7,21.5,16.9,연속↑,1.7,17.5,13.2,13.7,19.8,21.7,17.2,연속↑,1.9,16.2,24.2,29.3,23.2,2025
충남,44,예산군,44810,고,예산예화여자고등학교,사립,,UzEyMDAwMDIwOQ==,8.7,5.0,7.1,31.9,22.0,14.9,하락,9.9,8.3,4.6,6.8,30.1,21.4,14.2,하락,8.7,66.7,35.0,33.3,33.3,2024
충남,44,예산군,44810,고,예산고등학교,사립,,UzEyMDAwMDIwNg==,37.4,20.4,33.4,22.4,19.1,26.5,연속↓,3.3,36.9,18.6,31.7,20.7,19.5,25.5,연속↓,1.2,19.3,30.1,17.5,9.0,2021
충남,44,예산군,44810,고,삽교고등학교,사립,,UzEyMDAwMDE3NQ==,7.7,7.9,6.6,10.8,21.4,10.9,연속↑,10.6,7.8,7.8,6.6,11.0,18.3,10.3,연속↑,7.3,10.3,39.1,36.8,52.6,2025
충남,44,예산군,44810,고,덕산고등학교,공립,,UzEyMDAwMDE2Mw==,6.7,14.4,11.5,29.7,15.0,15.5,하락,14.7,7.1,17.1,12.1,29.7,14.5,16.1,하락,15.3,21.3,14.6,15.2,15.5,2024
충남,44,예산군,44810,고,충남반도체마이스터고등학교,공립,충남반도체마이스터고등학교,UzEyMDAwMDIxMA==,15.2,10.7,6.9,4.2,7.9,9.0,반등,3.7,15.2,11.1,6.8,4.4,8.4,9.2,반등,4.0,6.3,14.6,8.3,18.8,2021
충남,44,태안군,44825,중,창기중학교,공립,,UzEyMDAwMTEzMQ==,25.0,17.2,25.0,33.3,33.3,26.8,→보합,,25.0,16.4,24.2,32.7,32.7,26.2,→보합,,50.0,33.3,33.3,33.3,2025
충남,44,태안군,44825,중,태안여자중학교,공립,,UzEyMDAwMTEzMg==,34.3,27.4,31.1,25.4,29.9,29.6,반등,4.5,34.5,27.1,30.9,24.8,30.9,29.6,반등,6.0,25.0,45.8,39.7,33.3,2021
충남,44,태안군,44825,중,근흥중학교,공립,,UzEyMDAwMTEyNA==,16.7,22.7,14.6,12.0,25.4,18.3,반등,13.4,16.1,21.5,14.6,13.1,25.2,18.1,반등,12.1,27.3,50.0,27.3,54.5,2025
충남,44,태안군,44825,중,만리포중학교,공립,,UzEyMDAwMTEyNQ==,29.6,8.7,12.5,18.7,25.0,18.9,연속↑,6.3,29.0,8.8,12.4,18.1,23.2,18.3,연속↑,5.1,50.0,25.0,50.0,75.0,2021
충남,44,태안군,44825,중,태안중학교,공립,,UzEyMDAwMTEzMw==,24.7,21.5,25.4,21.5,23.5,23.3,반등,2.0,25.7,21.6,24.3,21.5,22.6,23.1,반등,1.1,28.8,19.5,33.3,44.1,2021
충남,44,태안군,44825,중,원이중학교,공립,,UzEyMDAwMTEyOQ==,20.7,17.9,13.8,23.0,19.7,19.0,하락,3.3,20.5,17.1,13.5,22.4,18.4,18.4,하락,3.9,38.3,14.1,28.3,65.2,2024
충남,44,태안군,44825,중,남면중학교,공립,,UzEyMDAwMTEyNg==,33.7,21.4,10.8,6.3,14.4,17.3,반등,8.2,33.1,19.9,10.8,6.4,14.0,16.9,반등,7.6,25.0,15.4,22.2,61.5,2021
충남,44,태안군,44825,중,안면중학교,공립,,UzEyMDAwMTEyOA==,26.9,20.8,16.8,16.7,9.5,18.1,연속↓,7.2,26.2,19.9,16.6,15.7,8.9,17.5,연속↓,6.8,15.8,12.5,15.8,64.1,2021
충남,44,태안군,44825,고,만리포고등학교,공립,,UzEyMDAwMDE2NQ==,29.4,19.3,6.5,10.1,20.6,17.2,연속↑,10.5,28.2,21.2,7.8,10.8,22.4,18.1,연속↑,11.6,13.8,34.5,17.2,10.3,2021
충남,44,태안군,44825,고,안면고등학교,공립,,UzEyMDAwMDE5NQ==,22.2,18.2,22.9,27.3,15.7,21.3,하락,11.6,23.8,18.6,21.9,27.4,16.1,21.6,하락,11.3,11.5,22.2,19.2,33.3,2024
충남,44,태안군,44825,고,태안여자고등학교,사립,,UzEyMDAwMDI2MA==,14.1,10.2,12.1,18.5,11.2,13.2,하락,7.3,14.5,10.1,12.2,17.7,10.6,13.0,하락,7.1,11.4,10.1,45.1,26.5,2024
충남,44,태안군,44825,고,태안고등학교,공립,,UzEyMDAwMDI1OQ==,16.9,12.3,15.0,15.2,9.6,13.8,하락,5.6,15.1,10.8,13.3,13.1,6.9,11.9,연속↓,6.2,19.5,0.8,13.0,53.7,2021
충남,44,청양군,44790,중,화성중학교,공립,,UzEyMDAwMDgyOA==,31.4,20.7,30.6,27.3,30.2,28.0,반등,2.9,30.1,19.1,27.7,24.6,27.3,25.7,반등,2.7,56.3,18.8,56.3,56.3,2021
충남,44,청양군,44790,중,청신여자중학교,사립,,UzEyMDAwMDgyNg==,47.2,23.9,25.3,19.2,25.1,28.1,반등,5.9,49.8,23.6,24.1,18.2,23.8,27.9,반등,5.6,63.6,25.0,36.4,61.5,2021
충남,44,청양군,44790,중,정산중학교,공립,,UzEyMDAwMDgyNA==,20.8,20.3,19.3,22.3,21.7,20.9,하락,0.6,21.1,20.0,20.2,22.8,21.9,21.2,하락,0.8,19.6,25.0,38.6,45.5,2024
충남,44,청양군,44790,중,청양중학교,공립,,UzEyMDAwMDgyNw==,26.4,16.3,23.0,21.7,15.5,20.6,연속↓,6.3,26.8,15.7,22.4,21.2,15.6,20.3,연속↓,5.6,10.7,25.5,27.2,60.8,2021
충남,44,청양군,44790,중,동영중학교,사립,,UzEyMDAwMDgyMg==,46.7,14.2,25.7,13.6,14.6,22.9,반등,1.0,46.4,14.5,27.7,15.4,14.3,23.7,연속↓,1.1,50.0,50.0,25.0,75.0,2021
충남,44,청양군,44790,고,정산고등학교,공립,,UzEyMDAwMDI1Mg==,13.4,7.6,10.5,16.7,14.9,12.6,하락,1.8,13.3,6.9,9.9,15.9,13.7,11.9,하락,2.3,21.4,7.4,22.2,48.2,2024
충남,44,청양군,44790,고,청양고등학교,공립,,UzEyMDAwMjcyNw==,9.5,10.8,11.3,11.8,12.0,11.1,연속↑,0.2,8.9,10.3,11.1,11.4,9.6,10.2,하락,1.8,28.0,15.4,17.1,63.3,2024
전남,46,구례군,46730,중,구례여자중학교,공립,,UzE0MDAwMDYzOA==,37.7,24.3,29.7,31.1,34.0,31.4,연속↑,3.0,37.3,23.5,30.4,30.7,34.4,31.2,연속↑,3.7,46.6,41.1,37.0,30.0,2021
전남,46,구례군,46730,중,구례동중학교,공립,,UzE0MDAwMDYzNQ==,30.9,21.6,29.4,42.4,29.9,30.8,하락,12.5,32.5,21.5,30.1,43.1,30.7,31.6,하락,12.5,25.0,50.0,50.0,33.3,2024
전남,46,구례군,46730,중,구례중학교,공립,,UzE0MDAwMDYzOQ==,31.5,18.4,28.3,25.8,28.2,26.4,반등,2.4,31.3,18.6,29.3,26.8,29.3,27.1,반등,2.5,25.0,40.4,31.0,50.0,2021
전남,46,구례군,46730,중,구례북중학교,공립,,UzE0MDAwMDYzNg==,37.6,22.1,22.7,15.8,29.2,25.5,반등,13.3,36.9,21.7,23.1,17.1,28.9,25.5,반등,11.8,66.7,33.3,30.0,40.0,2021
전남,46,구례군,46730,중,구례산동중학교,공립,,UzE0MDAwMDYzNw==,20.0,17.9,13.5,19.5,24.1,19.0,연속↑,4.5,21.1,17.3,14.8,19.5,23.8,19.3,연속↑,4.3,40.0,33.3,30.0,45.5,2025
전남,46,구례군,46730,고,전남자연과학고등학교,공립,전남자연과학고등학교,UzE0MDAwMzQ3Mg==,9.7,11.1,12.8,13.5,21.3,13.7,연속↑,7.8,10.6,11.0,13.2,13.1,20.4,13.7,반등,7.2,41.7,16.7,13.3,37.5,2025
전남,46,구례군,46730,고,구례고등학교,공립,,UzE0MDAwMDE3OA==,10.9,30.4,22.0,28.8,12.4,20.9,하락,16.3,11.5,32.8,22.4,29.1,12.6,21.7,하락,16.5,15.9,15.9,12.7,7.9,2022
전남,46,함평군,46860,중,함평신광중학교,공립,,UzE0MDAwMjA5Nw==,58.3,22.9,60.4,45.8,43.1,46.1,연속↓,2.8,53.6,23.2,63.1,48.8,42.9,46.3,연속↓,5.9,50.0,66.7,66.7,0.0,2023
전남,46,함평군,46860,중,함평손불중학교,공립,대전리,UzE0MDAwMjA5Ng==,22.6,13.1,19.4,28.6,38.7,24.5,연속↑,10.1,23.4,13.3,18.8,26.3,38.5,24.1,연속↑,12.2,30.8,46.2,88.9,30.8,2025
전남,46,함평군,46860,중,함평월야중학교,공립,,UzE0MDAwMjA5OQ==,35.4,25.9,29.4,29.5,28.2,29.7,하락,1.3,35.0,25.3,29.7,30.1,28.9,29.8,하락,1.2,23.5,38.5,41.2,41.2,2021
전남,46,함평군,46860,중,함평여자중학교,공립,,UzE0MDAwMjA5OA==,36.2,21.5,22.8,23.7,28.2,26.5,연속↑,4.4,36.0,20.4,24.5,24.8,28.8,26.9,연속↑,4.0,31.6,45.0,45.0,25.0,2021
전남,46,함평군,46860,중,함평중학교,공립,,UzE0MDAwMjEwMA==,23.0,18.3,25.5,23.7,24.9,23.1,반등,1.2,22.6,18.0,25.6,24.2,24.5,23.0,반등,0.3,20.0,25.0,44.2,50.0,2023
전남,46,함평군,46860,중,나산실용예술중학교,공립,,UzE0MDAwNTU3OA==,23.4,12.9,14.2,17.3,21.2,17.8,연속↑,3.9,22.7,12.0,14.6,16.7,19.6,17.1,연속↑,2.9,43.5,20.0,36.4,60.7,2021
전남,46,함평군,46860,중,함평해보중학교,공립,,UzE0MDAwMjEwMQ==,33.9,17.1,15.8,14.7,20.4,20.4,반등,5.7,33.5,16.9,14.7,14.4,19.2,19.7,반등,4.8,42.9,14.3,28.6,75.0,2021
전남,46,함평군,46860,고,함평학다리고등학교,공립,,UzE0MDAwMDMyMA==,11.4,11.4,20.9,18.9,30.2,18.6,반등,11.3,12.1,12.3,20.6,18.9,30.0,18.8,반등,11.1,36.7,30.5,32.6,15.8,2025
전남,46,함평군,46860,고,함평고등학교,사립,,UzE0MDAwMDMyMw==,23.6,20.4,20.2,20.6,20.7,21.1,연속↑,,24.5,20.4,19.8,20.6,19.8,21.0,하락,0.8,23.8,20.0,27.5,2.5,2021
전남,46,함평군,46860,고,함평골프고등학교,공립,,UzE0MDAwMDMyNA==,4.2,11.4,8.4,17.1,20.0,12.2,연속↑,2.9,4.1,11.4,8.7,16.4,19.7,12.0,연속↑,3.3,31.4,20.0,20.0,45.5,2025
전남,46,함평군,46860,고,전남보건고등학교,공립,전남보건고등학교,UzE0MDAwMDMyNw==,6.9,10.0,9.2,11.2,12.7,10.0,연속↑,1.5,7.3,11.6,9.9,12.1,7.0,9.6,하락,5.2,20.0,8.6,22.9,43.8,2024
전남,46,장성군,46880,중,장성남중학교,공립,,UzE0MDAwMTkxMw==,26.5,25.4,24.9,23.4,33.3,26.7,반등,9.9,27.5,25.9,26.5,25.3,33.8,27.8,반등,8.5,43.2,48.9,31.8,29.6,2025
전남,46,장성군,46880,중,장성삼서중학교,공립,,UzE0MDAwMTkxNQ==,23.7,26.6,22.3,28.6,31.8,26.6,연속↑,3.2,25.3,25.1,23.2,30.6,32.0,27.3,연속↑,1.4,50.0,50.0,44.4,36.4,2025
전남,46,장성군,46880,중,삼계중학교,공립,,UzE0MDAwMTkxMQ==,33.2,24.3,31.1,29.0,32.4,30.0,반등,3.3,34.1,24.7,32.2,29.3,31.7,30.4,반등,2.4,30.4,38.5,48.7,38.5,2021
전남,46,장성군,46880,중,장성중학교,공립,,UzE0MDAwMTkxOA==,20.3,18.3,21.6,21.9,25.4,21.5,연속↑,3.5,21.2,18.2,22.7,22.3,25.9,22.0,반등,3.6,27.9,30.4,36.8,56.5,2025
전남,46,장성군,46880,중,장성여자중학교,공립,전남 장성군 장성읍,UzE0MDAwMTkxNw==,24.3,24.9,27.4,29.6,25.3,26.3,하락,4.4,26.1,25.2,27.6,31.1,25.4,27.1,하락,5.7,28.6,38.6,37.3,35.6,2024
전남,46,장성군,46880,중,장성황룡중학교,공립,,UzE0MDAwMTkxOQ==,25.4,21.9,29.3,27.8,24.3,25.7,연속↓,3.5,25.4,21.6,28.8,27.1,24.8,25.6,연속↓,2.3,29.4,29.4,29.4,52.9,2023
전남,46,장성군,46880,중,장성백암중학교,공립,,UzE0MDAwMTkxNA==,17.9,19.2,14.9,15.6,23.6,18.2,연속↑,8.0,17.7,18.5,14.7,15.3,24.1,18.1,연속↑,8.8,21.1,28.9,28.9,53.8,2025
전남,46,장성군,46880,고,장성하이텍고등학교,공립,,UzE0MDAwMDI5Nw==,3.9,14.1,8.0,5.7,43.3,15.0,반등,37.7,3.3,12.6,7.2,5.5,45.2,14.8,반등,39.7,52.9,64.7,52.9,23.1,2025
전남,46,장성군,46880,고,문향고등학교,공립,,UzE0MDAwMDI5Ng==,7.8,14.0,35.6,61.2,26.8,29.1,하락,34.4,8.5,14.5,33.3,59.6,26.7,28.5,하락,32.9,23.8,31.0,45.9,9.5,2024
전남,46,장성군,46880,고,장성고등학교,사립,,UzE0MDAwMDI5NQ==,21.6,22.4,52.9,51.7,22.4,34.2,연속↓,29.3,20.7,22.8,50.7,50.4,22.3,33.4,연속↓,28.2,24.4,22.9,25.0,5.1,2023
전남,46,장성군,46880,고,삼계부사관고등학교,공립,,UzE0MDAwMDIzMw==,13.3,7.4,3.9,2.1,8.1,7.0,반등,6.1,12.7,8.0,3.9,2.0,6.9,6.7,반등,4.9,8.8,8.6,8.8,28.6,2021
전남,46,보성군,46780,중,용정중학교,사립,전남 보성군 미력면,UzE0MDAwNDg4Mw==,48.5,41.1,53.8,47.3,51.0,48.3,반등,3.8,47.8,41.1,53.1,48.3,50.9,48.2,반등,2.6,78.9,61.4,60.5,2.3,2023
전남,46,보성군,46780,중,조성중학교,공립,,UzE0MDAwMTAxNA==,30.7,19.4,27.2,20.8,41.7,28.0,반등,20.8,30.4,18.2,26.0,21.3,39.9,27.1,반등,18.6,50.0,50.0,50.0,25.0,2025
전남,46,보성군,46780,중,벌교여자중학교,공립,,UzE0MDAwMDk5OQ==,34.1,21.7,23.4,24.5,31.7,27.1,연속↑,7.2,33.7,21.4,23.3,24.7,31.5,26.9,연속↑,6.9,35.0,35.0,57.5,40.0,2021
전남,46,보성군,46780,중,보성중학교,공립,,UzE0MDAwMTAwNw==,25.1,18.0,14.7,24.3,30.3,22.5,연속↑,6.0,25.8,17.6,14.6,24.8,29.7,22.5,연속↑,5.0,37.0,32.4,39.1,54.3,2025
전남,46,보성군,46780,중,보성회천중학교,공립,,UzE0MDAwMTAxMA==,37.4,24.6,31.4,30.8,29.2,30.7,연속↓,1.6,36.8,24.2,30.3,31.1,27.4,30.0,하락,3.7,66.7,22.2,33.3,33.3,2021
전남,46,보성군,46780,중,예당중학교,사립,,UzE0MDAwMTAxMw==,14.9,17.5,18.8,16.7,23.4,18.3,반등,6.8,14.1,17.3,19.4,16.9,24.7,18.5,반등,7.9,12.5,43.8,33.3,46.7,2025
전남,46,보성군,46780,중,삼광중학교,사립,,UzE0MDAwMTAxMQ==,29.9,16.5,18.6,19.2,18.7,20.6,하락,0.6,30.7,16.2,19.5,18.4,19.5,20.8,반등,1.1,14.3,38.1,23.8,52.9,2021
전남,46,보성군,46780,중,보성여자중학교,공립,,UzE0MDAwMTAwNA==,31.4,21.5,30.3,24.5,19.3,25.4,연속↓,5.2,29.8,20.3,28.4,24.0,18.1,24.1,연속↓,6.0,22.5,22.5,40.0,40.0,2021
전남,46,보성군,46780,중,벌교중학교,공립,,UzE0MDAwMTAwMA==,22.8,17.8,23.5,21.1,13.5,19.8,연속↓,7.6,22.9,18.3,25.6,22.3,14.7,20.8,연속↓,7.6,17.6,26.3,15.8,36.8,2023
전남,46,보성군,46780,중,보성복내중학교,공립,,UzE0MDAwMTAwMg==,23.7,17.9,21.9,26.3,12.4,20.4,하락,13.9,23.7,17.4,21.9,26.4,13.2,20.5,하락,13.1,17.4,21.7,17.4,47.8,2024
전남,46,보성군,46780,중,득량중학교,사립,,UzE0MDAwMDk5OA==,24.1,21.5,14.1,5.8,11.7,15.4,반등,5.8,24.3,21.6,13.6,5.0,11.4,15.2,반등,6.4,20.0,20.0,40.0,60.0,2021
전남,46,보성군,46780,고,벌교상업고등학교,공립,,UzE0MDAwMDIyMA==,6.9,20.2,24.6,22.6,37.8,22.4,반등,15.3,6.7,20.1,24.9,21.5,36.7,22.0,반등,15.2,67.6,32.4,29.7,5.6,2025
전남,46,보성군,46780,고,벌교고등학교,사립,,UzE0MDAwMDIxOQ==,36.1,27.2,15.5,7.9,37.8,24.9,반등,29.9,34.4,28.2,14.8,7.9,36.2,24.3,반등,28.2,62.2,30.3,70.8,17.8,2025
전남,46,보성군,46780,고,보성고등학교,공립,,UzE0MDAwMDIyNA==,34.1,22.6,17.5,15.1,20.7,22.0,반등,5.5,33.0,23.8,16.7,15.2,21.3,22.0,반등,6.1,24.0,28.0,24.0,26.0,2021
전남,46,보성군,46780,고,벌교여자고등학교,사립,,UzE0MDAwMDIyMQ==,12.5,,24.6,3.0,20.0,15.0,반등,17.0,13.7,,25.7,3.3,20.0,15.7,반등,16.8,20.0,20.0,20.0,40.0,2023
전남,46,보성군,46780,고,예당고등학교,사립,,UzE0MDAwMDI4OQ==,46.0,18.5,24.4,30.2,16.2,27.0,하락,14.0,44.4,17.9,23.8,30.7,16.5,26.7,하락,14.2,19.2,19.2,17.0,34.6,2021
전남,46,보성군,46780,고,다향고등학교,공립,,UzE0MDAwMDIyNg==,7.4,4.5,6.5,9.1,17.4,9.0,연속↑,8.3,7.9,5.1,6.1,7.8,11.4,7.7,연속↑,3.6,40.0,6.7,26.7,64.7,2025
전남,46,곡성군,46720,중,석곡중학교,공립,,UzE0MDAwMDUwMg==,38.5,24.7,38.3,31.7,33.1,33.3,반등,1.4,37.7,24.1,38.8,31.5,32.9,33.0,반등,1.4,66.7,42.9,14.3,14.3,2023
전남,46,곡성군,46720,중,옥과중학교,공립,전남 곡성군 옥과면,UzE0MDAwMDUwMw==,32.5,25.6,32.1,29.0,25.2,28.9,연속↓,3.8,33.1,26.0,32.3,30.0,24.6,29.2,연속↓,5.4,23.7,28.1,40.4,40.4,2021
전남,46,곡성군,46720,중,곡성중학교,공립,,UzE0MDAwMDQ5OQ==,32.9,22.9,26.0,23.9,17.1,24.6,연속↓,6.8,33.5,22.2,26.2,23.9,16.8,24.5,연속↓,7.1,23.3,24.4,24.4,48.9,2021
전남,46,곡성군,46720,고,한울고등학교,공립,,UzE0MDAwNTQ2NA==,5.0,10.1,23.6,11.7,26.7,15.4,반등,15.0,6.0,8.9,24.1,10.8,24.7,14.9,반등,13.8,100.0,17.4,21.7,37.5,2025
전남,46,곡성군,46720,고,옥과고등학교,사립,,UzE0MDAwMDI5MA==,24.3,15.2,24.6,32.6,25.8,24.5,하락,6.7,23.5,15.0,24.8,31.7,24.7,23.9,하락,7.0,27.5,21.5,36.7,34.2,2024
전남,46,곡성군,46720,고,곡성고등학교,공립,,UzE0MDAwMzkzMg==,25.3,25.8,22.6,20.7,23.6,23.6,반등,2.9,25.2,25.9,23.2,21.2,24.4,24.0,반등,3.2,28.4,34.4,31.3,4.5,2022
전남,46,곡성군,46720,고,전남조리과학고등학교,공립,전남조리과학고등학교,UzE0MDAwMDE3MQ==,8.2,18.0,32.2,25.6,10.8,18.9,연속↓,14.8,8.0,16.7,30.6,25.0,10.8,18.2,연속↓,14.2,3.3,12.9,15.0,23.3,2023
전남,46,담양군,46710,중,담양수북중학교,공립,,UzE0MDAwMDc3OA==,30.6,31.3,35.2,29.5,36.3,32.6,반등,6.7,31.0,31.1,34.8,29.5,35.6,32.4,반등,6.1,56.8,40.5,40.5,35.1,2025
전남,46,담양군,46710,중,창평중학교,공립,,UzE0MDAwMDc4MQ==,34.1,22.9,30.8,43.9,33.3,33.0,하락,10.6,34.2,22.8,31.2,43.0,32.1,32.6,하락,11.0,37.5,33.3,60.0,31.8,2024
전남,46,담양군,46710,중,담양여자중학교,공립,,UzE0MDAwMDc3OQ==,25.6,20.6,33.3,24.0,25.7,25.8,반등,1.8,25.3,20.4,33.4,23.9,25.1,25.6,반등,1.2,33.9,24.3,40.3,51.4,2023
전남,46,담양군,46710,중,한재중학교,공립,대전면 대치리,UzE0MDAwMDc4Mg==,30.5,23.1,33.9,26.6,20.9,27.0,연속↓,5.7,29.9,22.4,34.5,26.5,21.9,27.0,연속↓,4.6,22.2,40.7,35.7,50.0,2023
전남,46,담양군,46710,중,담양중학교,공립,,UzE0MDAwMDc4MA==,18.7,19.6,17.9,21.6,22.0,20.0,연속↑,0.5,19.5,19.7,17.9,21.3,21.8,20.0,연속↑,0.5,36.1,25.0,29.6,47.6,2025
전남,46,담양군,46710,중,담양고서중학교,공립,,UzE0MDAwMDc3Ng==,33.0,24.4,27.4,20.0,20.6,25.1,반등,0.6,32.3,23.5,27.0,19.7,21.1,24.7,반등,1.3,18.8,31.3,37.5,31.3,2021
전남,46,담양군,46710,중,담양금성중학교,공립,,UzE0MDAwMDc3Nw==,34.1,18.7,25.1,13.8,13.9,21.1,반등,0.1,33.9,19.8,26.0,14.8,12.8,21.5,연속↓,2.0,66.7,25.0,25.0,0.0,2021
전남,46,담양군,46710,고,창평고등학교,사립,,UzE0MDAwMDMxNw==,44.0,17.8,45.2,38.1,34.5,35.9,연속↓,3.6,41.9,19.5,45.2,38.8,33.2,35.7,연속↓,5.6,51.1,28.2,52.7,0.5,2023
전남,46,담양군,46710,고,담양고등학교,공립,,UzE0MDAwMDE4OQ==,17.7,10.8,14.7,36.4,18.6,19.6,하락,17.8,18.6,11.6,13.6,35.3,19.0,19.6,하락,16.2,22.1,22.1,20.0,9.5,2024
전남,46,담양군,46710,고,담양공업고등학교,공립,,UzE0MDAwMDE5MA==,11.2,8.1,10.6,18.9,16.3,13.0,하락,2.6,11.1,8.1,10.9,18.0,15.5,12.7,하락,2.5,35.0,35.0,21.4,45.0,2024
전남,46,담양군,46710,고,한빛고등학교,사립,대전면,UzE0MDAwMDMyMQ==,12.5,11.7,17.2,11.4,9.7,12.5,연속↓,1.7,11.3,10.8,16.9,11.6,8.9,11.9,연속↓,2.6,17.9,5.4,14.3,37.9,2023
전남,46,영광군,46870,중,영광홍농중학교,공립,,UzE0MDAwMTY2Mg==,40.8,38.0,48.1,38.0,37.0,40.4,연속↓,1.0,40.6,36.6,47.1,38.7,37.6,40.1,연속↓,1.1,37.7,46.3,51.7,26.8,2023
전남,46,영광군,46870,중,영광백수중학교,공립,,UzE0MDAwMTY1NQ==,32.2,13.2,13.1,25.2,30.9,22.9,연속↑,5.7,34.2,14.4,13.1,25.3,31.2,23.6,연속↑,5.9,54.5,37.5,36.4,25.0,2021
전남,46,영광군,46870,중,영광염산중학교,공립,,UzE0MDAwMTY1OQ==,22.4,25.1,17.2,21.0,27.5,22.6,연속↑,6.5,22.6,23.7,17.3,21.4,26.8,22.3,연속↑,5.4,50.0,25.0,40.0,50.0,2025
전남,46,영광군,46870,중,영광군남중학교,공립,,UzE0MDAwMTY1Mg==,21.1,27.4,27.6,24.3,26.4,25.4,반등,2.1,21.4,28.0,27.8,25.3,26.0,25.7,반등,0.7,56.3,31.3,31.3,46.7,2022
전남,46,영광군,46870,중,해룡중학교,사립,,UzE0MDAwMTY2Mw==,27.2,17.8,16.9,18.7,23.0,20.7,연속↑,4.4,27.1,17.4,17.1,18.5,22.9,20.6,연속↑,4.4,22.2,25.4,33.3,52.4,2021
전남,46,영광군,46870,중,영광옥당중학교,공립,,UzE0MDAwMTY1OA==,27.3,24.3,30.1,24.5,21.3,25.5,연속↓,3.2,27.9,24.8,30.8,24.0,21.5,25.8,연속↓,2.5,19.5,27.6,32.4,48.7,2023
전남,46,영광군,46870,중,성지송학중학교,사립,,UzE0MDAwMTY1MQ==,27.2,15.9,23.1,15.8,21.4,20.7,반등,5.7,27.5,16.2,23.0,15.7,21.5,20.8,반등,5.8,40.0,30.0,40.0,46.2,2021
전남,46,영광군,46870,중,법성중학교,공립,,UzE0MDAwMTY0OQ==,27.0,19.9,19.0,20.2,20.0,21.2,하락,0.2,25.0,19.0,18.6,18.8,20.0,20.3,연속↑,1.2,35.7,26.7,26.7,75.0,2021
전남,46,영광군,46870,중,영광중학교,공립,,UzE0MDAwMTY2MQ==,25.5,16.6,15.7,14.2,17.1,17.8,반등,2.8,25.6,16.9,15.0,13.2,17.0,17.5,반등,3.8,22.7,26.9,27.3,54.5,2021
전남,46,영광군,46870,중,영광대마중학교,공립,,UzE0MDAwMTY1Mw==,26.0,33.0,6.8,10.2,14.5,18.1,연속↑,4.2,26.6,33.4,7.3,10.6,14.8,18.6,연속↑,4.2,26.7,26.7,26.7,54.5,2022
전남,46,영광군,46870,고,영광전자고등학교,공립,,UzE0MDAwMDI3OA==,15.8,13.9,19.5,26.4,33.3,21.8,연속↑,6.9,15.4,14.9,18.7,25.6,32.1,21.3,연속↑,6.5,21.4,35.7,57.1,21.4,2025
전남,46,영광군,46870,고,해룡고등학교,사립,,UzE0MDAwMDMzMA==,4.7,3.1,33.6,8.0,32.0,16.3,반등,23.9,4.1,2.8,37.1,7.8,30.4,16.4,반등,22.6,48.7,35.1,34.6,6.0,2023
전남,46,영광군,46870,고,영광고등학교,공립,,UzE0MDAwMDI3NQ==,16.1,9.8,18.8,24.9,18.7,17.7,하락,6.2,16.9,10.4,19.7,24.2,19.4,18.1,하락,4.7,20.2,38.1,17.2,11.3,2024
전남,46,영광군,46870,고,영산성지고등학교,사립,,UzE0MDAwMDI4MA==,5.9,11.1,4.6,12.4,19.5,10.7,연속↑,7.1,6.1,11.0,4.8,12.4,19.2,10.7,연속↑,6.9,23.8,19.0,23.8,72.2,2025
전남,46,영광군,46870,고,영광공업고등학교,공립,,UzE0MDAwMDI3Nw==,9.7,14.4,1.4,8.4,22.1,11.2,연속↑,13.7,10.4,13.9,1.4,8.4,17.3,10.3,연속↑,8.9,57.1,25.0,33.3,60.0,2025
전남,46,영광군,46870,고,법성고등학교,공립,,UzE0MDAwMDIyMg==,14.2,20.4,7.9,8.4,16.1,13.4,연속↑,7.6,13.4,19.4,6.9,9.1,15.7,12.9,연속↑,6.6,28.0,18.5,16.0,70.4,2022
전남,46,장흥군,46800,중,대덕중학교,공립,,UzE0MDAwMTk1OA==,34.4,15.0,9.9,27.5,35.3,24.4,연속↑,7.8,34.9,14.0,8.7,27.9,35.8,24.3,연속↑,7.9,28.6,57.1,57.1,40.0,2025
전남,46,장흥군,46800,중,장흥용산중학교,공립,,UzE0MDAwMTk2Mg==,24.6,19.4,26.8,21.0,34.7,25.3,반등,13.8,24.6,18.5,27.0,19.7,34.7,24.9,반등,15.0,50.0,50.0,55.6,44.4,2025
전남,46,장흥군,46800,중,장흥장평중학교,공립,,UzE0MDAwMTk2NA==,16.0,23.5,24.3,21.6,27.2,22.5,반등,5.5,16.4,23.4,24.6,21.4,26.4,22.4,반등,5.0,50.0,38.5,30.8,62.5,2025
전남,46,장흥군,46800,중,장흥관산중학교,공립,,UzE0MDAwMTk1OQ==,18.1,20.8,21.7,17.2,21.7,19.9,반등,4.5,19.9,21.4,21.2,17.0,22.5,20.4,반등,5.5,43.8,37.5,14.3,50.0,2025
전남,46,장흥군,46800,중,장흥안양중학교,공립,,UzE0MDAwMTk2MA==,30.8,14.1,19.8,13.6,21.9,20.0,반등,8.3,29.5,14.7,21.4,14.2,22.1,20.4,반등,7.9,40.0,40.0,26.7,50.0,2021
전남,46,장흥군,46800,중,장흥회덕중학교,공립,,UzE0MDAwMTk2Ng==,21.1,18.8,29.8,34.9,21.7,25.2,하락,13.2,20.2,18.4,30.2,34.1,20.7,24.7,하락,13.4,40.0,36.4,33.3,60.0,2024
전남,46,장흥군,46800,중,장흥중학교,공립,,UzE0MDAwMTk2NQ==,26.2,20.7,20.3,20.1,20.3,21.5,반등,0.2,26.3,20.2,20.7,19.7,18.8,21.1,연속↓,0.9,31.4,21.6,40.0,61.1,2021
전남,46,장흥군,46800,중,장흥향원중학교,공립,,UzE0MDAwMTk2MQ==,24.9,20.0,37.9,28.3,19.1,26.0,연속↓,9.2,23.9,19.3,38.6,28.1,18.1,25.6,연속↓,10.0,38.7,19.4,35.8,53.3,2023
전남,46,장흥군,46800,중,장흥유치중학교,공립,,UzE0MDAwMTk2Mw==,18.5,21.7,28.0,25.2,14.6,21.6,연속↓,10.6,17.1,20.1,27.0,24.6,15.2,20.8,연속↓,9.4,37.5,25.0,12.5,50.0,2023
전남,46,장흥군,46800,고,장흥고등학교,공립,,UzE0MDAwMDI5OQ==,41.5,28.4,28.3,47.9,32.9,35.8,하락,15.0,43.5,29.2,28.0,48.1,36.1,37.0,하락,12.0,10.4,60.9,34.8,10.5,2024
전남,46,장흥군,46800,고,전남미래자동차고등학교,공립,전남미래자동차고등학교,UzE0MDAwMDMwMQ==,5.3,4.3,10.4,23.1,32.8,15.2,연속↑,9.8,5.5,4.2,10.6,23.4,32.7,15.3,연속↑,9.3,45.2,35.5,32.3,,2025
전남,46,장흥군,46800,고,장흥관산고등학교,공립,,UzE0MDAwMDMwMA==,15.0,11.1,9.0,14.5,12.5,12.4,하락,2.0,14.4,11.3,9.5,14.7,13.1,12.6,하락,1.6,8.3,16.7,16.7,33.3,2024
전남,46,장흥군,46800,고,한국말산업고등학교,공립,,UzE0MDAwMDE5Mw==,8.4,11.4,18.8,2.4,10.5,10.3,반등,8.1,7.8,13.2,19.6,2.0,10.7,10.7,반등,8.7,8.3,16.7,16.7,50.0,2023
전남,46,화순군,46790,중,화순북면중학교,공립,,UzE0MDAwMjI2Mg==,24.4,45.8,45.8,33.3,41.7,38.2,반등,8.3,23.9,45.5,47.3,35.7,44.0,39.3,반등,8.3,50.0,100.0,50.0,16.7,2023
전남,46,화순군,46790,중,화순도곡중학교,공립,,UzE0MDAwMjI1Nw==,28.4,23.6,30.1,28.2,30.4,28.1,반등,2.3,26.9,22.5,28.1,26.8,29.1,26.7,반등,2.3,75.0,45.0,40.0,47.1,2025
전남,46,화순군,46790,중,화순중학교,공립,,UzE0MDAwMjI2Nw==,26.2,23.4,23.7,23.4,26.1,24.6,반등,2.6,26.3,23.2,24.2,23.7,26.4,24.8,반등,2.6,16.8,41.3,43.3,52.2,2025
전남,46,화순군,46790,중,화순동복중학교,공립,,UzE0MDAwMjI2MQ==,30.6,23.7,18.3,23.5,27.4,24.7,연속↑,3.9,31.3,23.5,17.1,21.9,26.4,24.0,연속↑,4.5,33.3,33.3,33.3,57.1,2021
전남,46,화순군,46790,중,화순사평중학교,공립,,UzE0MDAwMjI2Mw==,44.1,23.3,20.8,20.2,24.0,26.5,반등,3.8,40.6,23.4,19.6,17.9,24.0,25.1,반등,6.1,33.3,33.3,42.9,57.1,2021
전남,46,화순군,46790,중,능주중학교,사립,,UzE0MDAwMjI1NQ==,25.4,22.5,26.2,25.2,22.8,24.4,연속↓,2.3,26.0,22.4,26.1,25.1,22.1,24.3,연속↓,3.0,24.1,20.8,35.5,40.7,2023
전남,46,화순군,46790,중,화순동면중학교,공립,,UzE0MDAwMjI1OQ==,25.3,31.7,23.7,10.2,21.8,22.5,반등,11.6,26.5,31.6,25.4,10.1,21.8,23.1,반등,11.7,41.7,41.7,33.3,66.7,2022
전남,46,화순군,46790,중,화순제일중학교,공립,,UzE0MDAwMjI2Ng==,26.4,23.0,23.9,25.5,21.8,24.1,하락,3.7,27.4,22.6,23.7,26.1,21.6,24.3,하락,4.5,34.2,26.5,19.7,45.2,2021
전남,46,화순군,46790,중,화순이양중학교,공립,,UzE0MDAwMjI2NQ==,38.9,9.1,13.3,10.0,14.6,17.2,반등,4.6,33.3,11.5,13.6,11.7,14.3,16.9,반등,2.6,25.0,50.0,50.0,33.3,2021
전남,46,화순군,46790,중,화순도암중학교,공립,,UzE0MDAwMjI1OA==,29.0,33.3,18.9,2.8,6.3,18.1,반등,3.5,27.7,29.8,19.3,3.6,7.1,17.5,반등,3.6,0.0,25.0,25.0,50.0,2022
전남,46,화순군,46790,고,능주고등학교,사립,,UzE0MDAwMDE4OA==,62.1,33.7,30.2,55.0,45.6,45.3,하락,9.4,59.3,34.5,29.2,55.9,44.5,44.7,하락,11.4,51.6,59.7,63.7,1.9,2021
전남,46,화순군,46790,고,화순이양고등학교,공립,,UzE0MDAwMDMzNg==,13.3,9.1,4.4,19.0,27.8,14.7,연속↑,8.8,13.8,7.8,4.8,17.3,25.8,13.9,연속↑,8.5,24.2,18.2,69.7,3.0,2025
전남,46,화순군,46790,고,화순고등학교,공립,,UzE0MDAwMDMzNA==,11.0,15.3,14.7,17.0,18.4,15.3,연속↑,1.4,12.6,15.3,13.9,16.4,18.3,15.3,연속↑,1.8,25.0,18.5,19.5,4.5,2025
전남,46,화순군,46790,고,전남기술과학고등학교,공립,전남기술과학고등학교,UzE0MDAwMDMzNQ==,13.8,10.1,10.2,8.4,20.0,12.5,반등,11.6,14.0,11.1,11.1,8.1,13.8,11.6,반등,5.8,37.5,29.6,18.8,52.9,2021
전남,46,순천시,46150,중,순천주암중학교,공립,,UzE0MDAwMTA5Ng==,35.0,25.3,29.4,38.9,36.8,33.1,하락,2.1,35.9,26.1,30.6,36.9,34.5,32.8,하락,2.4,66.7,50.0,83.3,50.0,2024
전남,46,순천시,46150,중,순천별량중학교,공립,,UzE0MDAwMTA4NQ==,35.1,27.2,33.8,21.5,30.3,29.6,반등,8.8,35.5,27.0,33.9,21.3,30.5,29.6,반등,9.2,43.2,40.6,35.1,21.9,2021
전남,46,순천시,46150,중,순천동산중학교,공립,,UzE0MDAwMTA4Mw==,28.6,22.4,29.8,34.9,28.6,28.9,하락,6.3,28.5,22.0,29.9,35.9,28.6,29.0,하락,7.3,32.7,40.4,31.6,33.3,2024
전남,46,순천시,46150,중,순천금당중학교,공립,,UzE0MDAwMTA4MA==,30.3,21.9,25.1,27.6,27.3,26.4,하락,0.3,29.8,21.5,26.1,28.1,27.8,26.7,하락,0.3,36.4,35.0,33.1,35.0,2021
전남,46,순천시,46150,중,순천승평중학교,공립,,UzE0MDAwMTA4OQ==,31.6,25.7,35.4,27.2,27.4,29.5,반등,0.2,31.1,25.5,35.1,28.1,27.5,29.5,연속↓,0.6,24.3,45.3,36.2,40.9,2023
전남,46,순천시,46150,중,순천왕운중학교,공립,,UzE0MDAwNTQ1MQ==,30.3,26.7,31.6,28.0,26.5,28.6,연속↓,1.5,30.8,26.3,32.3,29.4,27.4,29.2,연속↓,2.0,35.8,40.1,31.2,24.2,2023
전남,46,순천시,46150,중,순천삼산중학교,공립,,UzE0MDAwMTA4Ng==,31.0,24.8,23.8,28.9,27.5,27.2,하락,1.5,30.9,24.1,23.1,28.6,27.3,26.8,하락,1.3,36.9,30.0,31.2,33.7,2021
전남,46,순천시,46150,중,순천세빛중학교,공립,,UzE0MDAwMTA5MQ==,29.0,27.7,31.8,39.0,26.7,30.8,하락,12.2,30.3,28.0,31.2,38.2,26.6,30.9,하락,11.6,21.9,26.8,47.7,44.6,2024
전남,46,순천시,46150,중,순천연향중학교,공립,,UzE0MDAwMTA5Mg==,22.9,22.8,22.0,24.2,26.3,23.6,연속↑,2.1,22.8,23.0,22.4,24.6,26.4,23.8,연속↑,1.7,30.2,33.5,32.9,53.0,2025
전남,46,순천시,46150,중,순천팔마중학교,공립,,UzE0MDAwMTA5Nw==,27.3,19.8,23.1,24.4,25.4,24.0,연속↑,1.0,28.1,19.7,23.0,24.1,25.4,24.0,연속↑,1.3,27.8,31.9,35.4,42.6,2021
전남,46,순천시,46150,중,순천풍덕중학교,공립,전남 순천시 풍덕동,UzE0MDAwNDg5Mg==,24.3,19.7,24.9,31.2,25.2,25.1,하락,6.0,24.3,19.8,23.6,30.9,25.1,24.7,하락,5.8,27.4,27.0,40.0,55.0,2024
전남,46,순천시,46150,중,순천신흥중학교,공립,,UzE0MDAwMTA5MA==,20.9,17.2,24.9,26.2,25.0,22.8,하락,1.2,20.8,17.8,25.0,26.1,24.8,22.9,하락,1.3,25.3,27.7,41.7,36.8,2024
전남,46,순천시,46150,중,순천승주중학교,공립,,UzE0MDAwMTA4OA==,28.6,34.2,33.5,18.6,22.7,27.5,반등,4.1,27.3,33.5,32.6,19.7,23.0,27.2,반등,3.4,22.2,33.3,50.0,55.6,2022
전남,46,순천시,46150,중,순천매산중학교,사립,,UzE0MDAwMTA4NA==,24.0,22.5,26.1,24.7,22.5,23.9,연속↓,2.3,24.1,22.4,27.0,25.7,22.3,24.3,연속↓,3.4,28.7,24.6,33.3,52.7,2023
전남,46,순천시,46150,중,순천향림중학교,공립,,UzE0MDAwNDg5Mw==,26.4,23.2,25.1,25.6,20.4,24.1,하락,5.2,26.7,23.3,25.4,25.9,21.0,24.5,하락,4.9,21.0,34.6,27.5,39.3,2021
전남,46,순천시,46150,중,순천남산중학교,공립,,UzE0MDAwMTA4Mg==,20.9,19.6,19.1,20.6,20.5,20.1,하락,,20.5,19.2,18.3,20.4,20.0,19.7,하락,0.4,22.2,21.6,30.5,49.6,2021
전남,46,순천시,46150,중,순천왕의중학교,공립,,UzE0MDAwNTMxNw==,34.2,25.8,28.2,18.8,17.4,24.9,연속↓,1.4,34.0,25.2,28.2,18.0,17.4,24.5,연속↓,0.6,20.2,26.9,26.8,41.9,2021
전남,46,순천시,46150,중,순천월전중학교,공립,,UzE0MDAwMTA5NA==,21.3,16.3,25.9,18.7,16.9,19.8,연속↓,1.9,23.3,16.4,25.9,19.1,17.1,20.3,연속↓,2.0,27.3,33.3,18.2,63.6,2023
전남,46,순천시,46150,중,순천낙안중학교,공립,,UzE0MDAwMTA4MQ==,26.8,25.4,19.1,19.0,17.2,21.5,연속↓,1.7,27.7,25.3,21.0,19.8,16.7,22.1,연속↓,3.1,30.0,20.0,33.3,46.7,2021
전남,46,순천시,46150,중,순천승남중학교,공립,,UzE0MDAwMTA4Nw==,23.8,24.0,26.0,20.0,14.6,21.7,연속↓,5.4,22.9,23.7,27.4,20.0,15.2,21.8,연속↓,4.8,37.5,25.0,0.0,75.0,2023
전남,46,순천시,46150,중,순천이수중학교,공립,,UzE0MDAwMTA5NQ==,21.6,18.7,22.0,22.9,13.3,19.7,하락,9.6,22.2,18.0,22.3,22.7,12.5,19.6,하락,10.2,27.9,11.6,23.3,77.5,2024
전남,46,순천시,46150,중,한국바둑중학교,공립,,UzE0MDAwNTU2NA==,33.6,25.3,18.1,15.6,7.7,20.0,연속↓,7.8,33.3,26.1,16.7,14.5,7.3,19.5,연속↓,7.2,31.3,6.3,18.8,41.2,2021
전남,46,순천시,46150,고,순천매산여자고등학교,사립,,UzE0MDAwMDI0Nw==,22.2,32.9,49.8,37.4,37.7,36.0,반등,0.3,21.4,32.0,48.3,35.7,35.9,34.6,반등,0.2,50.3,27.7,57.1,3.2,2023
전남,46,순천시,46150,고,순천금당고등학교,사립,,UzE0MDAwMDI0NQ==,15.7,23.4,27.7,36.3,30.6,26.7,하락,5.7,14.5,22.5,28.8,38.2,31.4,27.1,하락,6.8,39.2,38.2,21.7,4.1,2024
전남,46,순천시,46150,고,순천팔마고등학교,공립,,UzE0MDAwNTM0Nw==,14.0,18.5,33.5,16.8,30.3,22.6,반등,13.5,13.9,18.7,32.7,16.6,30.0,22.4,반등,13.4,31.5,31.5,39.3,9.0,2023
전남,46,순천시,46150,고,순천복성고등학교,공립,,UzE0MDAwNTQ1MA==,18.5,17.8,15.5,16.9,29.0,19.6,연속↑,12.0,18.3,18.1,15.1,18.7,29.7,20.0,연속↑,11.1,32.8,42.1,29.0,8.2,2025
전남,46,순천시,46150,고,순천고등학교,공립,,UzE0MDAwMDI0Mg==,21.4,11.3,19.8,20.7,29.5,20.5,연속↑,8.8,22.1,11.3,19.2,21.7,28.5,20.6,연속↑,6.8,37.6,31.6,31.6,17.0,2025
전남,46,순천시,46150,고,순천효천고등학교,사립,,UzE0MDAwMDI1NQ==,42.9,34.4,31.6,21.8,25.1,31.2,반등,3.3,45.7,33.1,29.9,21.2,24.4,30.9,반등,3.2,32.2,21.5,26.8,13.7,2021
전남,46,순천시,46150,고,순천효산고등학교,사립,,UzE0MDAwMDI1NA==,25.0,15.6,7.8,14.5,25.4,17.7,연속↑,10.9,26.8,16.8,8.1,14.5,23.4,17.9,연속↑,8.9,57.9,52.6,68.4,45.0,2021
전남,46,순천시,46150,고,순천청암고등학교,사립,,UzE0MDAwMDI1Mw==,41.3,39.3,28.0,25.4,23.6,31.5,연속↓,1.8,41.4,38.8,27.3,25.0,23.1,31.1,연속↓,1.9,34.2,35.0,56.1,9.8,2021
전남,46,순천시,46150,고,순천매산고등학교,사립,,UzE0MDAwMDI0Ng==,19.8,20.9,30.5,35.1,20.9,25.4,하락,14.2,20.9,22.2,29.5,34.1,20.7,25.5,하락,13.4,25.7,20.1,21.0,10.2,2024
전남,46,순천시,46150,고,순천제일고등학교,공립,,UzE0MDAwMDI1Mg==,5.8,11.4,24.0,25.0,19.2,17.1,하락,5.8,6.2,10.6,24.2,25.3,19.3,17.1,하락,6.0,16.7,22.0,23.0,6.9,2024
전남,46,순천시,46150,고,순천강남여자고등학교,사립,,UzE0MDAwMDI0MQ==,11.9,9.9,11.6,14.8,17.2,13.1,연속↑,2.4,11.7,9.2,11.7,15.6,17.2,13.1,연속↑,1.6,21.5,19.0,18.8,17.4,2025
전남,46,순천시,46150,고,순천여자고등학교,공립,,UzE0MDAwMDI0OQ==,10.7,13.8,16.7,24.2,15.1,16.1,하락,9.1,10.4,13.3,16.4,24.2,14.9,15.8,하락,9.3,27.0,13.5,17.0,14.0,2024
전남,46,순천시,46150,고,순천미래과학고등학교,공립,,UzE0MDAwMDI1MQ==,7.8,5.4,12.5,6.6,13.5,9.2,반등,6.9,7.2,5.6,11.7,6.1,12.1,8.5,반등,6.0,36.4,21.2,12.9,75.0,2025
전남,46,순천시,46150,고,순천공업고등학교,공립,,UzE0MDAwMDI0NA==,10.9,4.4,5.1,11.2,13.0,8.9,연속↑,1.8,11.4,4.7,5.1,10.7,11.8,8.7,연속↑,1.2,27.5,15.9,36.7,52.6,2025
전남,46,순천시,46150,고,한국바둑고등학교,공립,,UzE0MDAwMDMxMA==,5.0,8.2,6.5,10.8,9.3,8.0,하락,1.5,5.3,7.5,5.6,10.3,8.6,7.5,하락,1.6,14.3,4.8,18.2,42.9,2024
전남,46,무안군,46840,중,해제중학교,사립,,UzE0MDAwMDkzMw==,21.2,23.2,41.6,37.9,31.7,31.1,연속↓,6.3,21.5,22.7,40.8,37.1,30.8,30.6,연속↓,6.2,40.0,40.0,60.0,60.0,2023
전남,46,무안군,46840,중,무안행복중학교,공립,,UzE0MDAwNTU4Ng==,29.4,26.7,30.2,30.8,29.9,29.4,하락,0.9,29.5,26.0,29.3,29.4,29.4,28.7,→보합,,30.9,31.3,46.2,27.1,2021
전남,46,무안군,46840,중,망운중학교,사립,,UzE0MDAwMDkyNQ==,24.3,19.0,21.7,24.2,27.7,23.4,연속↑,3.5,24.6,19.0,21.0,23.6,28.4,23.3,연속↑,4.8,28.6,35.7,28.6,35.7,2025
전남,46,무안군,46840,중,오룡중학교,공립,,UzE0MDAwNTQ3Mw==,34.1,26.1,22.0,24.3,28.5,27.0,연속↑,4.3,33.3,25.0,20.9,23.1,26.7,25.8,연속↑,3.6,44.8,22.7,38.9,40.5,2021
전남,46,무안군,46840,중,남악중학교,공립,전남 무안군 삼향면,UzE0MDAwNTM0NQ==,37.1,19.3,25.0,25.4,23.8,26.1,하락,1.5,36.9,19.1,24.3,24.9,23.4,25.7,하락,1.5,39.1,28.5,25.9,38.9,2021
전남,46,무안군,46840,중,무안청계중학교,공립,,UzE0MDAwMDkzMA==,27.7,12.9,14.1,17.2,22.3,18.8,연속↑,5.1,28.1,13.0,14.3,16.8,22.8,19.0,연속↑,6.0,21.9,40.6,21.4,45.2,2021
전남,46,무안군,46840,중,무안현경중학교,공립,,UzE0MDAwMDkzMQ==,15.9,22.3,25.3,21.4,21.9,21.4,반등,0.5,16.7,23.3,26.8,22.3,22.1,22.2,연속↓,0.3,35.3,35.3,23.5,60.0,2023
전남,46,무안군,46840,중,무안북중학교,공립,,UzE0MDAwMDkyNw==,25.7,20.3,29.2,21.9,20.9,23.6,연속↓,1.1,25.9,20.1,30.4,23.5,21.7,24.3,연속↓,1.7,11.8,32.3,33.3,37.8,2023
전남,46,무안군,46840,중,무안몽탄중학교,공립,,UzE0MDAwMDkyNg==,30.0,12.6,12.3,20.7,21.0,19.3,연속↑,0.3,31.3,12.6,12.5,20.3,20.4,19.4,연속↑,0.1,37.5,25.0,25.0,57.1,2021
전남,46,무안군,46840,중,전남체육중학교,공립,전남체육중학교,UzE0MDAwMDkzMg==,14.6,12.3,13.5,8.3,12.8,12.3,반등,4.5,14.0,12.4,13.6,8.5,13.1,12.3,반등,4.6,20.5,18.2,23.4,69.6,2021
전남,46,무안군,46840,중,무안중학교,공립,,UzE0MDAwMDkyOQ==,26.4,14.2,21.0,20.4,13.6,19.1,연속↓,6.8,26.9,14.4,21.8,21.3,12.9,19.5,연속↓,8.4,26.3,18.9,18.4,60.5,2021
전남,46,무안군,46840,고,전남예술고등학교,사립,전남예술고등학교,UzE0MDAwMDMwMw==,7.8,12.3,11.3,19.4,23.2,14.8,연속↑,3.8,7.3,11.2,11.6,21.9,23.9,15.2,연속↑,2.1,46.4,39.3,17.9,15.1,2025
전남,46,무안군,46840,고,전남체육고등학교,공립,전남체육고등학교,UzE0MDAwNDg4Mg==,2.1,2.4,7.0,8.0,24.4,8.7,연속↑,16.4,1.9,2.7,6.4,9.1,23.4,8.7,연속↑,14.3,39.3,18.0,26.2,18.6,2025
전남,46,무안군,46840,고,남악고등학교,공립,,UzE0MDAwNTMyNQ==,22.0,20.6,16.8,16.5,20.2,19.2,반등,3.7,21.1,20.2,16.3,15.5,19.6,18.5,반등,4.1,15.3,18.9,36.9,3.2,2021
전남,46,무안군,46840,고,백제고등학교,사립,,UzE0MDAwMDIxNw==,18.4,21.8,8.3,13.7,15.8,15.6,연속↑,2.1,18.3,21.7,8.9,13.1,15.6,15.5,연속↑,2.6,24.8,22.6,14.3,3.0,2022
전남,46,무안군,46840,고,무안고등학교,공립,,UzE0MDAwMDIxMw==,13.9,24.4,14.2,5.4,6.5,12.9,반등,1.2,13.6,24.3,14.4,5.0,6.0,12.7,반등,1.0,11.2,3.6,10.7,37.1,2022
전남,46,강진군,46810,중,강진작천중학교,공립,,UzE0MDAwMDM0Mg==,9.8,28.7,44.7,44.5,36.3,32.8,연속↓,8.2,9.2,26.7,44.2,43.5,36.3,32.0,연속↓,7.1,60.0,55.6,70.0,22.2,2023
전남,46,강진군,46810,중,강진대구중학교,공립,대구중학교,UzE0MDAwMDM0MA==,19.4,16.7,16.7,17.7,35.4,21.2,연속↑,17.7,18.2,15.4,15.7,16.1,34.7,20.0,연속↑,18.7,40.0,40.0,50.0,50.0,2025
전남,46,강진군,46810,중,도암중학교,공립,,UzE0MDAwMDM0NQ==,25.7,24.5,19.1,19.6,30.5,23.9,연속↑,10.9,26.2,23.4,19.2,21.3,30.1,24.0,연속↑,8.8,36.8,31.6,36.8,57.9,2025
전남,46,강진군,46810,중,강진중학교,공립,,UzE0MDAwMDM0Mw==,19.9,19.3,31.9,25.2,23.8,24.0,연속↓,1.4,18.5,19.5,32.0,25.3,23.8,23.8,연속↓,1.5,28.4,30.9,34.5,46.4,2023
전남,46,강진군,46810,중,청람중학교,공립,,UzE0MDAwNTQ5Ng==,25.2,17.6,22.7,20.7,22.9,21.8,반등,2.2,26.3,17.5,23.0,20.8,21.7,21.9,반등,0.9,43.2,30.8,29.7,48.5,2021
전남,46,강진군,46810,중,강진여자중학교,공립,,UzE0MDAwMDM0MQ==,28.4,25.8,35.6,27.0,21.6,27.7,연속↓,5.4,28.3,25.0,35.6,26.9,21.3,27.4,연속↓,5.6,29.6,24.6,39.5,41.9,2023
전남,46,강진군,46810,중,성전중학교,공립,,UzE0MDAwMDM0Nw==,26.8,19.0,20.8,21.6,15.3,20.7,하락,6.3,28.2,18.5,22.2,20.7,14.8,20.9,연속↓,5.9,25.0,25.0,37.5,83.3,2021
전남,46,강진군,46810,중,강진칠량중학교,공립,,UzE0MDAwMDM0NA==,25.6,13.3,20.8,18.3,13.7,18.4,연속↓,4.6,25.1,13.6,22.0,17.3,13.3,18.3,연속↓,3.9,22.2,22.2,33.3,60.0,2021
전남,46,강진군,46810,중,병영중학교,공립,,UzE0MDAwMDM0Ng==,8.6,7.9,5.4,6.3,8.0,7.2,연속↑,1.7,7.7,8.0,5.1,7.0,7.2,7.0,연속↑,0.2,20.0,10.0,25.0,50.0,2022
전남,46,강진군,46810,고,전남생명과학고등학교,공립,전남생명과학고등학교,UzE0MDAwMDE2Mw==,19.7,17.5,26.5,14.7,23.9,20.5,반등,9.2,18.9,16.4,25.0,16.3,25.4,20.4,반등,9.1,,36.8,33.3,12.5,2025
전남,46,강진군,46810,고,성전고등학교,공립,,UzE0MDAwMDIzOA==,7.0,7.0,23.8,32.1,23.6,18.7,하락,8.5,7.2,7.1,21.4,30.9,23.0,17.9,하락,7.9,23.8,25.0,33.3,4.8,2024
전남,46,강진군,46810,고,강진고등학교,공립,,UzE0MDAwMDE2Mg==,24.3,15.1,23.3,19.0,18.7,20.0,연속↓,0.3,27.3,15.9,23.1,17.6,17.8,20.3,반등,0.2,42.2,17.3,19.1,11.8,2021
전남,46,강진군,46810,고,병영상업고등학교,공립,,UzE0MDAwMDIyMw==,8.3,11.1,11.4,14.3,14.0,11.8,하락,0.2,7.9,11.0,10.5,13.2,14.2,11.3,연속↑,0.9,11.8,17.6,23.5,68.8,2025
전남,46,광양시,46230,중,광양골약중학교,공립,전남 광양시 성황동,UzE0MDAwMDU0Mg==,,31.3,36.1,29.4,30.2,31.7,반등,0.8,,28.6,35.0,29.6,30.6,30.9,반등,1.0,32.9,41.5,39.0,45.2,2023
전남,46,광양시,46230,중,광양용강중학교,공립,,UzE0MDAwNTUyNw==,27.7,27.5,27.6,26.3,27.1,27.2,반등,0.7,28.6,27.5,27.2,26.4,27.1,27.4,반등,0.8,29.9,33.3,33.5,32.6,2021
전남,46,광양시,46230,중,희양중학교,공립,,UzE0MDAwMDU0NA==,30.6,21.8,26.3,26.4,26.1,26.2,하락,0.3,30.2,21.3,26.3,25.8,26.5,26.0,반등,0.7,27.3,37.5,37.5,32.8,2021
전남,46,광양시,46230,중,옥곡중학교,공립,,UzE0MDAwMDU1NQ==,41.2,21.9,19.6,16.3,24.5,24.7,반등,8.2,39.3,21.3,19.5,16.6,25.0,24.3,반등,8.4,40.0,33.3,33.3,54.5,2021
전남,46,광양시,46230,중,광양제철중학교,사립,전남 광양시 금호동,UzE0MDAwMDU0Ng==,36.0,25.4,34.5,32.3,25.1,30.7,연속↓,7.2,36.2,25.7,35.0,32.7,25.0,30.9,연속↓,7.8,25.4,30.7,39.2,32.8,2021
전남,46,광양시,46230,중,광영중학교,공립,,UzE0MDAwMDU1Mw==,21.2,17.9,26.6,25.8,24.5,23.2,연속↓,1.3,21.4,18.0,27.1,25.8,24.7,23.4,연속↓,1.2,38.3,30.4,28.0,54.5,2023
전남,46,광양시,46230,중,광양진월중학교,공립,,UzE0MDAwMDU1MQ==,36.8,12.0,21.3,13.9,23.9,21.6,반등,10.0,34.5,12.1,19.4,13.6,23.3,20.6,반등,9.6,30.0,27.3,36.4,63.6,2021
전남,46,광양시,46230,중,광양중학교,공립,,UzE0MDAwMDU0OA==,26.7,24.1,20.2,21.6,22.9,23.1,연속↑,1.2,27.6,24.4,20.7,21.7,23.2,23.5,연속↑,1.5,17.8,26.4,35.0,47.1,2021
전남,46,광양시,46230,중,광양마동중학교,공립,,UzE0MDAwNTUxNg==,31.7,22.9,21.7,22.1,22.0,24.1,하락,0.1,31.9,22.3,21.0,20.8,21.3,23.5,반등,0.5,30.3,26.9,37.9,51.5,2021
전남,46,광양시,46230,중,광양중동중학교,공립,,UzE0MDAwMDU0Nw==,23.2,19.2,21.0,18.0,20.6,20.4,반등,2.7,23.1,19.2,20.9,17.8,21.2,20.4,반등,3.4,20.4,38.2,26.1,53.3,2021
전남,46,광양시,46230,중,광양백운중학교,공립,,UzE0MDAwNTMzNg==,32.6,19.5,22.0,21.1,20.2,23.1,연속↓,0.9,32.4,19.6,22.3,21.6,21.1,23.4,연속↓,0.5,26.7,35.2,22.5,42.6,2021
전남,46,광양시,46230,중,광양다압중학교,공립,,UzE0MDAwMDU0Mw==,29.2,26.4,22.0,24.2,21.9,24.7,하락,2.3,28.3,25.3,20.3,22.8,20.8,23.5,하락,1.9,37.5,33.3,50.0,75.0,2021
전남,46,광양시,46230,중,동광양중학교,공립,,UzE0MDAwMDU1NA==,29.8,25.0,24.8,27.5,20.2,25.5,하락,7.3,30.1,24.6,25.4,27.5,20.4,25.6,하락,7.1,23.3,25.0,29.4,42.4,2021
전남,46,광양시,46230,중,한국창의예술중학교,공립,,UzE0MDAwNTY1MQ==,,,,,14.2,14.2,-,,,,,,14.0,14.0,-,,16.1,19.4,22.6,35.5,2025
전남,46,광양시,46230,중,진상중학교,공립,,UzE0MDAwMDU1Ng==,30.9,8.3,16.2,9.1,13.6,15.6,반등,4.5,30.3,7.5,17.0,9.1,13.1,15.4,반등,4.0,50.0,26.7,13.3,50.0,2021
전남,46,광양시,46230,고,광양제철고등학교,사립,,UzE0MDAwMDE3Nw==,27.4,29.2,25.6,30.8,45.0,31.6,연속↑,14.2,27.3,28.6,25.0,29.1,44.8,31.0,연속↑,15.6,69.9,51.8,39.3,1.7,2025
전남,46,광양시,46230,고,광양하이텍고등학교,공립,,UzE0MDAwMDE3NQ==,25.4,22.7,31.5,39.9,38.1,31.5,하락,1.8,24.3,22.1,30.9,38.9,35.7,30.4,하락,3.3,70.6,54.5,,30.0,2024
전남,46,광양시,46230,고,광양고등학교,공립,,UzE0MDAwMDE3NA==,12.3,31.9,22.0,20.6,27.9,22.9,반등,7.3,11.9,31.8,23.3,20.6,27.4,23.0,반등,6.8,30.9,27.6,34.5,8.0,2022
전남,46,광양시,46230,고,광양백운고등학교,공립,,UzE0MDAwMDE5NQ==,21.3,26.1,48.2,34.4,26.1,31.2,연속↓,8.3,21.7,26.2,47.4,33.6,26.4,31.1,연속↓,7.3,29.3,36.7,23.1,3.0,2023
전남,46,광양시,46230,고,광양여자고등학교,공립,,UzE0MDAwMDE3Ng==,10.2,10.4,26.0,25.8,26.2,19.7,반등,0.4,10.3,10.5,25.6,26.0,25.3,19.5,하락,0.7,29.0,23.9,43.9,6.3,2024
전남,46,광양시,46230,고,중마고등학교,공립,,UzE0MDAwNTMyNw==,16.8,17.8,17.3,27.0,23.2,20.4,하락,3.8,17.8,18.9,17.7,27.4,24.4,21.2,하락,3.1,22.6,35.9,21.5,1.0,2024
전남,46,광양시,46230,고,광영고등학교,공립,,UzE0MDAwNTM3OQ==,17.7,18.1,12.5,18.2,17.8,16.9,하락,0.4,19.2,18.1,12.4,17.7,17.8,17.0,연속↑,0.1,26.2,22.5,14.8,16.4,2021
전남,46,광양시,46230,고,한국항만물류고등학교,공립,전남 광양시 진상면,UzE0MDAwMDMxNA==,27.2,16.9,12.8,16.1,16.5,17.9,연속↑,0.4,26.5,17.3,12.6,16.5,16.7,17.9,연속↑,0.2,32.0,28.3,16.7,27.8,2021
전남,46,광양시,46230,고,한국창의예술고등학교,공립,,UzE0MDAwNTU2Mw==,14.1,23.8,15.3,18.7,15.7,17.5,하락,3.0,15.9,23.6,14.4,17.6,15.7,17.4,하락,1.9,11.1,,28.9,,2022
전남,46,나주시,46170,중,매성중학교,공립,,UzE0MDAwNTU3Mw==,28.0,27.1,29.2,31.1,31.5,29.4,연속↑,0.5,27.5,27.1,27.9,30.5,30.9,28.8,연속↑,0.4,39.8,41.3,43.3,37.2,2025
전남,46,나주시,46170,중,빛가람중학교,공립,,UzE0MDAwNTQ1Nw==,36.0,29.7,32.2,28.8,30.0,31.4,반등,1.3,36.1,29.1,32.0,28.4,30.0,31.1,반등,1.6,47.0,32.8,32.7,29.9,2021
전남,46,나주시,46170,중,노안중학교,공립,,UzE0MDAwMDY4NQ==,39.7,16.5,20.8,23.3,29.9,26.0,연속↑,6.5,39.7,16.1,20.7,22.1,29.3,25.6,연속↑,7.2,44.4,30.8,40.0,50.0,2021
전남,46,나주시,46170,중,남평중학교,공립,,UzE0MDAwMDY4Mw==,27.5,20.7,26.8,27.7,28.1,26.1,연속↑,0.4,27.9,20.8,26.4,26.9,27.9,26.0,연속↑,1.1,28.3,32.6,38.9,47.4,2025
전남,46,나주시,46170,중,나주다시중학교,공립,,UzE0MDAwMDY3NQ==,16.3,,24.4,30.4,24.9,24.0,하락,5.5,17.1,,25.1,30.8,25.4,24.6,하락,5.5,33.3,55.6,40.0,66.7,2024
전남,46,나주시,46170,중,영산포여자중학교,공립,,UzE0MDAwMDY4OA==,26.8,19.0,21.1,23.3,24.7,23.0,연속↑,1.4,26.6,18.4,20.2,23.1,23.8,22.4,연속↑,0.8,29.2,22.7,41.9,50.0,2021
전남,46,나주시,46170,중,금성중학교,사립,,UzE0MDAwMDY3MQ==,31.1,21.8,31.9,18.0,23.5,25.3,반등,5.5,30.1,21.6,32.2,17.7,23.6,25.0,반등,6.0,40.9,30.2,27.3,51.2,2023
전남,46,나주시,46170,중,영산중학교,사립,,UzE0MDAwMDY4OQ==,7.5,16.9,21.8,22.5,22.9,18.3,연속↑,0.4,8.2,17.2,22.3,22.1,23.4,18.6,반등,1.2,35.9,29.4,25.6,51.6,2025
전남,46,나주시,46170,중,나주동강중학교,공립,전남 나주시 동강면,UzE0MDAwMDY3Ng==,22.2,24.2,26.9,23.3,23.1,23.9,연속↓,0.2,19.0,23.9,26.3,22.5,23.3,23.0,반등,0.8,33.3,33.3,33.3,62.5,2023
전남,46,나주시,46170,중,나주문평중학교,공립,,UzE0MDAwMDY3Nw==,28.3,18.6,15.7,18.3,22.2,20.6,연속↑,3.9,29.3,18.6,16.9,18.8,21.8,21.1,연속↑,3.1,33.3,33.3,33.3,33.3,2021
전남,46,나주시,46170,중,나주반남중학교,공립,,UzE0MDAwMDY3OA==,37.4,16.6,28.5,21.6,20.5,24.9,연속↓,1.2,36.7,16.8,29.6,23.2,21.3,25.5,연속↓,1.9,18.2,36.4,33.3,36.4,2021
전남,46,나주시,46170,중,나주중학교,공립,,UzE0MDAwMDY4Mg==,29.5,19.5,16.8,17.8,20.4,20.8,연속↑,2.6,29.7,18.7,16.5,17.5,20.1,20.5,연속↑,2.6,25.2,28.7,27.0,46.2,2021
전남,46,나주시,46170,중,나주금천중학교,공립,,UzE0MDAwMDY3NA==,28.4,23.4,29.8,22.9,19.7,24.8,연속↓,3.2,28.9,22.7,29.5,22.7,19.4,24.6,연속↓,3.3,21.9,21.6,30.8,38.6,2023
전남,46,나주시,46170,중,세지중학교,사립,,UzE0MDAwMDY4Nw==,9.0,14.2,18.2,12.0,17.3,14.1,반등,5.2,9.0,14.4,17.4,11.8,16.8,13.9,반등,5.0,20.8,22.2,32.1,32.7,2023
전남,46,나주시,46170,중,나주공산중학교,공립,,UzE0MDAwMDY3Mg==,19.5,20.1,17.3,15.6,15.0,17.5,연속↓,0.6,20.2,20.6,18.5,15.6,15.7,18.1,반등,0.2,28.6,28.6,18.2,70.0,2022
전남,46,나주시,46170,중,남평중학교다도분교장,공립,,UzE0MDAwMzQ3NQ==,33.1,19.5,12.0,16.5,14.8,19.2,하락,1.6,32.4,18.7,11.6,15.7,14.4,18.5,하락,1.4,36.4,18.2,18.2,80.0,2021
전남,46,나주시,46170,중,나주봉황중학교,공립,,UzE0MDAwMDY3OQ==,34.9,20.8,17.1,16.8,9.0,19.7,연속↓,7.7,34.9,20.7,18.0,18.0,8.6,20.1,하락,9.4,25.0,12.5,25.0,75.0,2021
전남,46,나주시,46170,고,나주공업고등학교,사립,,UzE0MDAwMDE4NQ==,26.3,20.9,38.6,32.5,48.8,33.4,반등,16.4,26.3,20.9,38.6,30.9,47.9,32.9,반등,17.0,71.7,38.3,36.7,,2025
전남,46,나주시,46170,고,전남과학고등학교,공립,전남과학고등학교,UzE0MDAwMDMwMg==,45.9,52.2,43.3,35.8,36.8,42.8,반등,1.0,45.2,50.7,41.5,35.6,36.4,41.9,반등,0.9,42.0,38.3,42.0,3.7,2022
전남,46,나주시,46170,고,전남외국어고등학교,공립,전남외국어고등학교,UzE0MDAwMDMwNA==,30.2,50.6,52.3,49.5,34.3,43.4,연속↓,15.2,28.3,48.4,51.3,48.6,35.3,42.4,연속↓,13.3,30.7,56.9,44.6,3.0,2023
전남,46,나주시,46170,고,광남고등학교,사립,,UzE0MDAwMDE3Mw==,3.0,4.8,15.4,11.3,26.5,12.2,반등,15.3,2.9,5.1,15.0,11.1,25.8,12.0,반등,14.7,48.5,25.0,21.2,33.3,2025
전남,46,나주시,46170,고,금성고등학교,사립,,UzE0MDAwMDE4Mg==,33.6,26.3,28.1,25.2,26.1,27.9,반등,1.0,34.5,25.9,27.2,24.7,25.2,27.5,반등,0.4,28.9,28.6,33.1,14.3,2021
전남,46,나주시,46170,고,영산고등학교,사립,,UzE0MDAwMDI4Mg==,11.1,26.9,17.5,24.7,23.1,20.7,하락,1.6,11.3,27.6,15.9,24.1,22.9,20.4,하락,1.2,27.6,22.9,25.7,10.6,2022
전남,46,나주시,46170,고,봉황고등학교,공립,,UzE0MDAwMDIyOA==,12.1,15.7,18.1,15.8,21.9,16.7,반등,6.1,12.5,16.9,16.6,15.5,22.4,16.8,반등,6.9,23.3,26.5,24.5,14.1,2025
전남,46,나주시,46170,고,매성고등학교,공립,,UzE0MDAwNTU3NA==,16.2,37.4,25.3,26.0,21.1,25.2,하락,4.9,15.6,35.2,25.3,23.6,20.0,23.9,연속↓,3.5,26.1,14.8,31.5,16.6,2022
전남,46,나주시,46170,고,호남원예고등학교,공립,,UzE0MDAwMDMzMw==,10.7,12.4,10.1,13.0,19.3,13.1,연속↑,6.3,10.7,12.4,10.1,13.0,19.3,13.1,연속↑,6.3,25.0,,,,2025
전남,46,나주시,46170,고,나주고등학교,공립,,UzE0MDAwMDE4NA==,19.9,23.8,26.7,35.6,16.3,24.5,하락,19.2,19.5,24.7,25.0,35.9,16.2,24.3,하락,19.7,21.3,16.4,16.5,10.7,2024
전남,46,나주시,46170,고,전남미용고등학교,공립,전남미용고등학교,UzE0MDAwMDI4Mw==,21.7,15.2,14.8,16.3,13.0,16.2,하락,3.3,23.7,17.6,17.3,19.1,12.6,18.0,하락,6.6,14.1,10.3,21.8,12.0,2021
전남,46,나주시,46170,고,나주상업고등학교,공립,,UzE0MDAwMDE4Ng==,18.0,17.4,20.5,10.6,14.7,16.2,반등,4.1,17.8,17.4,21.2,10.4,12.5,15.8,반등,2.1,18.9,17.0,14.0,38.6,2023
전남,46,여수시,46130,중,거문중학교,공립,,UzE0MDAwMzI0Ng==,15.3,33.9,17.1,27.1,35.0,25.7,연속↑,7.9,17.0,35.9,19.1,27.4,35.4,27.0,연속↑,8.0,20.0,57.1,60.0,0.0,2022
전남,46,여수시,46130,중,여수진남중학교,공립,,UzE0MDAwMTM4Mg==,27.6,21.5,29.9,33.3,31.7,28.8,하락,1.5,26.5,21.2,29.3,32.2,31.6,28.2,하락,0.6,33.6,44.0,45.7,36.4,2024
전남,46,여수시,46130,중,여수중앙중학교,사립,,UzE0MDAwMTM3Nw==,32.5,24.0,35.0,29.8,26.9,29.6,연속↓,3.0,31.3,22.4,33.4,29.1,26.6,28.6,연속↓,2.5,32.9,32.9,32.6,46.8,2023
전남,46,여수시,46130,중,여수종고중학교,사립,,UzE0MDAwMTM3Ng==,40.7,26.0,29.7,27.8,26.7,30.2,연속↓,1.1,40.5,25.9,29.5,26.6,26.5,29.8,연속↓,0.1,37.2,31.9,35.3,23.9,2021
전남,46,여수시,46130,중,여수진성중학교,사립,,UzE0MDAwMTM4Mw==,32.5,25.4,27.3,28.9,26.4,28.1,하락,2.5,32.2,25.4,27.3,28.7,26.2,27.9,하락,2.5,37.5,31.3,31.1,52.4,2021
전남,46,여수시,46130,중,무선중학교,공립,,UzE0MDAwMTM2Nw==,13.0,17.2,26.7,28.1,24.7,22.0,하락,3.4,13.6,17.6,27.1,28.2,24.4,22.1,하락,3.8,25.7,24.6,37.3,38.1,2024
전남,46,여수시,46130,중,안산중학교,공립,,UzE0MDAwNTMxNQ==,28.9,26.0,28.2,24.1,24.6,26.4,반등,0.5,28.7,25.6,27.3,23.7,24.0,25.9,반등,0.3,25.1,28.6,40.7,42.8,2021
전남,46,여수시,46130,중,돌산중앙중학교,공립,,UzE0MDAwMTM2NQ==,27.1,17.4,15.3,16.7,22.6,19.8,연속↑,5.9,29.9,15.7,14.9,17.6,23.7,20.4,연속↑,6.1,25.0,50.0,50.0,37.5,2021
전남,46,여수시,46130,중,화양중학교화양남분교장,공립,,UzE0MDAwMzk0MQ==,19.1,18.3,36.1,41.3,22.9,27.5,하락,18.3,19.4,17.8,36.0,38.2,23.2,26.9,하락,15.0,33.3,33.3,33.3,75.0,2024
전남,46,여수시,46130,중,여수문수중학교,공립,,UzE0MDAwMTM3NA==,25.7,20.9,25.6,20.8,23.5,23.3,반등,2.7,25.5,20.5,25.4,20.4,23.0,23.0,반등,2.6,30.6,40.5,30.6,40.2,2021
전남,46,여수시,46130,중,여천중학교,공립,,UzE0MDAwMzk0OA==,28.2,22.7,26.2,25.1,22.4,24.9,연속↓,2.7,27.2,22.5,25.9,24.6,21.8,24.4,연속↓,2.8,32.0,21.0,32.2,42.5,2021
전남,46,여수시,46130,중,여수웅천중학교,공립,,UzE0MDAwNTUyOA==,19.8,25.1,20.5,20.3,22.4,21.6,반등,2.0,20.4,24.4,19.4,20.0,21.7,21.2,연속↑,1.8,34.2,22.5,31.8,41.0,2022
전남,46,여수시,46130,중,율촌중학교,공립,,UzE0MDAwMTM4MQ==,20.2,19.3,28.3,24.3,21.7,22.8,연속↓,2.6,20.4,18.9,29.0,24.7,21.3,22.9,연속↓,3.4,35.3,22.2,29.2,61.1,2023
전남,46,여수시,46130,중,여도중학교,사립,,UzE0MDAwMTU2MQ==,23.7,23.8,22.2,20.4,20.8,22.2,반등,0.4,24.3,23.9,22.3,20.4,21.2,22.4,반등,0.9,26.2,28.6,23.2,34.8,2021
전남,46,여수시,46130,중,여수아리울중학교,공립,,UzE0MDAwMTM3NQ==,26.4,19.9,25.6,24.9,21.1,23.6,연속↓,3.9,26.5,19.5,25.8,25.3,21.1,23.6,연속↓,4.2,23.2,28.7,30.4,45.5,2021
전남,46,여수시,46130,중,충덕중학교,공립,,UzE0MDAwMTM4NA==,22.3,22.8,18.0,15.4,19.1,19.5,반등,3.7,21.6,22.7,17.4,14.8,18.4,19.0,반등,3.6,20.2,21.8,32.9,44.8,2022
전남,46,여수시,46130,중,여수중학교,공립,,UzE0MDAwMTM3OA==,21.1,22.2,16.8,17.9,18.0,19.2,연속↑,0.1,21.1,22.3,17.1,17.8,18.0,19.3,연속↑,0.2,24.8,25.7,20.0,69.6,2022
전남,46,여수시,46130,중,여수구봉중학교,공립,,UzE0MDAwMTM3Mw==,18.9,17.0,18.5,21.8,17.5,18.7,하락,4.3,19.2,16.6,17.4,21.5,17.7,18.5,하락,3.8,25.6,27.8,18.9,59.0,2024
전남,46,여수시,46130,중,여양중학교,사립,,UzE0MDAwMTU2Mg==,29.1,11.5,17.1,31.4,16.3,21.1,하락,15.0,30.7,11.8,17.9,31.1,17.4,21.8,하락,13.7,16.7,31.6,26.3,42.1,2024
전남,46,여수시,46130,중,돌산중학교,공립,,UzE0MDAwMzkzNw==,14.4,26.4,9.7,18.3,18.6,17.5,연속↑,0.2,12.8,27.7,9.5,17.1,17.4,16.9,연속↑,0.2,40.0,40.0,60.0,42.9,2022
전남,46,여수시,46130,중,여선중학교,공립,,UzE0MDAwMTM3MQ==,26.9,19.7,23.1,17.1,16.9,20.7,연속↓,0.2,27.1,19.4,22.6,17.7,16.8,20.7,연속↓,0.9,21.8,29.9,23.4,57.3,2021
전남,46,여수시,46130,중,여수삼일중학교,공립,,UzE0MDAwNTQ2Ng==,22.0,19.1,24.6,19.1,16.2,20.2,연속↓,3.0,22.4,18.4,24.4,19.8,16.5,20.3,연속↓,3.3,19.5,29.4,17.3,46.5,2023
전남,46,여수시,46130,중,화양중학교,공립,,UzE0MDAwMTM4NQ==,25.4,20.4,26.3,19.7,15.5,21.4,연속↓,4.2,25.2,19.5,28.1,19.3,14.8,21.4,연속↓,4.4,23.3,17.9,27.6,62.5,2023
전남,46,여수시,46130,중,여수개도중학교,공립,,UzE0MDAwMTM3Mg==,27.8,29.2,41.7,25.9,13.9,27.7,연속↓,12.0,26.8,30.4,36.9,25.4,14.3,26.7,연속↓,11.1,22.2,33.3,33.3,44.4,2023
전남,46,여수시,46130,중,여남중학교,공립,,UzE0MDAwMzk0MA==,11.5,34.5,23.8,13.7,9.4,18.6,연속↓,4.3,13.5,34.4,25.3,14.6,10.0,19.6,연속↓,4.6,20.0,33.3,20.0,60.0,2022
전남,46,여수시,46130,고,한영고등학교,사립,,UzE0MDAwMDMyMg==,26.0,31.0,31.7,33.2,28.2,30.0,하락,5.0,26.8,32.0,31.8,33.8,29.1,30.7,하락,4.6,29.5,44.8,24.7,10.8,2024
전남,46,여수시,46130,고,여수고등학교,공립,,UzE0MDAwMDI2Mg==,23.1,39.1,30.2,18.7,28.4,27.9,반등,9.7,23.1,39.1,29.2,17.8,28.4,27.5,반등,10.6,29.7,30.6,34.9,2.9,2022
전남,46,여수시,46130,고,여수여자고등학교,공립,,UzE0MDAwMDI2NQ==,23.5,15.5,22.8,20.3,27.5,21.9,반등,7.2,22.2,14.5,20.8,19.4,28.0,21.0,반등,8.6,28.6,33.1,27.0,6.7,2025
전남,46,여수시,46130,고,여수충무고등학교,공립,,UzE0MDAwNTMxOA==,18.5,19.2,1.8,4.0,27.8,14.3,연속↑,23.8,17.8,18.1,1.9,4.2,26.5,13.7,연속↑,22.2,30.5,23.2,47.5,23.7,2025
전남,46,여수시,46130,고,여남고등학교,공립,,UzE0MDAwMDI2MQ==,8.3,22.8,4.9,29.4,26.2,18.3,하락,3.2,8.1,23.0,5.6,27.3,25.5,17.9,하락,1.8,28.6,28.6,28.6,28.6,2024
전남,46,여수시,46130,고,부영여자고등학교,공립,,UzE0MDAwMDIyOQ==,12.7,16.4,11.7,15.8,24.0,16.1,연속↑,8.2,13.9,17.5,11.8,15.3,24.3,16.6,연속↑,9.0,24.3,32.8,28.2,4.9,2025
전남,46,여수시,46130,고,여수화양고등학교,공립,,UzE0MDAwMDI2OQ==,22.8,19.7,18.4,23.6,23.0,21.5,하락,0.7,22.1,20.2,17.7,23.6,23.2,21.4,하락,0.4,32.5,27.7,21.7,23.8,2024
전남,46,여수시,46130,고,여수공업고등학교,사립,,UzE0MDAwMDI2Mw==,14.2,15.8,17.3,15.8,21.4,16.9,반등,5.6,13.8,15.4,16.7,16.7,21.2,16.8,상승,4.5,31.7,33.9,40.0,74.4,2025
전남,46,여수시,46130,고,여천고등학교,공립,,UzE0MDAwMDI3MQ==,14.4,17.8,12.8,27.0,20.3,18.4,하락,6.7,16.0,19.2,12.9,31.0,20.6,19.9,하락,10.4,35.5,23.3,12.4,14.2,2024
전남,46,여수시,46130,고,여양고등학교,사립,,UzE0MDAwMDI3MA==,12.4,14.8,11.9,10.6,18.3,13.6,반등,7.8,12.1,13.7,12.9,10.3,19.0,13.6,반등,8.7,13.1,25.0,24.6,11.5,2025
전남,46,여수시,46130,고,여수정보과학고등학교,사립,,UzE0MDAwMDI2Nw==,23.1,24.8,20.4,15.9,18.7,20.6,반등,2.8,23.6,25.2,20.8,16.9,18.9,21.1,반등,2.0,25.9,21.4,14.7,23.4,2022
전남,46,여수시,46130,고,진성여자고등학교,사립,,UzE0MDAwMDMxNg==,20.9,22.6,19.9,21.8,16.9,20.4,하락,4.9,20.4,22.7,19.5,21.4,17.0,20.2,하락,4.4,27.0,21.4,11.9,46.3,2022
전남,46,여수시,46130,고,여수중앙여자고등학교,사립,전남 여수시 덕충동,UzE0MDAwMDI2OA==,18.8,16.9,15.2,19.8,15.5,17.2,하락,4.2,17.4,16.4,14.4,19.3,15.4,16.6,하락,3.9,17.2,15.3,18.4,11.7,2024
전남,46,여수시,46130,고,여수석유화학고등학교,공립,,UzE0MDAwMDI2Ng==,11.4,12.6,12.5,12.3,13.7,12.5,반등,1.4,12.8,14.6,14.9,13.3,10.7,13.3,연속↓,2.6,11.7,33.3,11.7,28.3,2023
전남,46,여수시,46130,고,여수해양과학고등학교,공립,,UzE0MDAwMDI3Mg==,1.7,9.9,45.1,16.7,17.4,18.1,반등,0.7,1.4,9.4,45.1,17.3,7.5,16.1,연속↓,9.8,10.0,,22.2,33.3,2023
전남,46,진도군,46900,중,의신중학교,사립,,UzE0MDAwMjAxNg==,23.4,26.8,35.8,32.1,38.5,31.3,반등,6.5,24.2,26.2,34.6,33.1,38.8,31.4,반등,5.7,62.5,50.0,50.0,62.5,2025
전남,46,진도군,46900,중,진도군내중학교,공립,,UzE0MDAwMjAxOQ==,23.0,24.7,35.8,37.0,30.8,30.2,하락,6.3,23.4,24.6,36.3,38.1,32.6,31.0,하락,5.5,20.0,57.1,60.0,28.6,2024
전남,46,진도군,46900,중,고성중학교,공립,,UzE0MDAwMjAxNA==,27.5,21.5,25.4,22.5,18.7,23.1,연속↓,3.8,29.8,22.8,25.0,24.1,19.3,24.2,연속↓,4.9,20.0,36.7,20.0,50.0,2021
전남,46,진도군,46900,중,석교중학교,공립,,UzE0MDAwMjAxNQ==,20.4,10.8,11.4,17.0,19.6,15.8,연속↑,2.6,19.2,10.5,12.3,17.3,18.6,15.5,연속↑,1.3,30.8,15.4,30.8,69.2,2021
전남,46,진도군,46900,중,진도중학교,사립,,UzE0MDAwMjAyMA==,27.9,22.8,21.1,23.1,17.2,22.4,하락,6.0,27.3,22.2,20.0,22.5,15.9,21.6,하락,6.6,36.0,12.0,28.0,46.0,2021
전남,46,진도군,46900,중,진도지산중학교,사립,,UzE0MDAwMjAyMQ==,17.7,20.6,23.4,14.3,12.9,17.8,연속↓,1.3,20.1,20.6,23.9,14.6,13.7,18.6,연속↓,0.9,11.1,23.1,25.0,46.2,2023
전남,46,진도군,46900,중,조도중학교,공립,,UzE0MDAwMjAxNw==,18.9,17.3,14.3,15.3,9.5,15.1,하락,5.8,18.6,16.8,13.5,14.0,8.7,14.3,하락,5.3,28.6,14.3,14.3,85.7,2021
전남,46,진도군,46900,고,진도실업고등학교,공립,,UzE0MDAwMDMxMw==,14.8,5.2,30.7,23.7,31.7,21.2,반등,8.0,16.3,5.5,27.5,22.5,30.9,20.5,반등,8.3,21.7,26.1,68.2,13.0,2025
전남,46,진도군,46900,고,조도고등학교,공립,,UzE0MDAwMDMwNw==,33.3,36.1,25.8,38.9,28.6,32.5,하락,10.3,35.7,33.3,25.4,40.5,27.1,32.4,하락,13.4,28.6,28.6,42.9,7.1,2024
전남,46,진도군,46900,고,진도고등학교,사립,,UzE0MDAwMDMxMg==,21.5,19.5,40.4,29.0,28.1,27.7,연속↓,0.9,22.8,21.8,40.7,31.1,26.8,28.6,연속↓,4.3,36.8,21.3,38.7,20.0,2023
전남,46,진도군,46900,고,진도국악고등학교,공립,,UzE0MDAwMDIzNQ==,13.2,14.5,13.9,11.1,22.8,15.1,반등,11.7,11.7,13.4,12.7,10.8,18.4,13.4,반등,7.6,17.6,17.6,41.2,43.8,2025
전남,46,완도군,46890,중,군외중학교,공립,,UzE0MDAwMTgwMQ==,28.6,16.9,22.7,28.3,41.7,27.6,연속↑,13.3,31.3,17.1,21.5,27.1,37.5,26.9,연속↑,10.4,100.0,25.0,50.0,62.5,2025
전남,46,완도군,46890,중,완도신지중학교,공립,,UzE0MDAwMTgxMA==,23.1,16.1,21.1,15.7,26.3,20.4,반등,10.6,22.5,15.8,20.1,15.1,25.1,19.7,반등,10.0,57.1,42.9,57.1,50.0,2025
전남,46,완도군,46890,중,금일중학교생일분교장,공립,,UzE0MDAwMzY5MA==,27.1,12.5,0.0,8.3,25.0,14.6,연속↑,16.7,28.6,11.6,0.0,9.8,25.0,15.0,연속↑,15.2,50.0,25.0,25.0,50.0,2021
전남,46,완도군,46890,중,고금중학교,공립,,UzE0MDAwMTgwMA==,30.5,13.9,18.8,24.4,23.4,22.2,하락,1.0,30.3,14.4,19.1,25.8,23.6,22.6,하락,2.2,40.0,31.3,37.5,58.8,2021
전남,46,완도군,46890,중,약산중학교,공립,,UzE0MDAwMTgwOA==,26.1,24.3,17.1,16.9,23.7,21.6,반등,6.9,26.2,24.9,16.3,17.3,22.5,21.4,연속↑,5.2,57.1,22.2,33.3,57.1,2021
전남,46,완도군,46890,중,완도보길중학교,공립,,UzE0MDAwMTgwOQ==,22.2,16.9,21.4,24.4,22.6,21.5,하락,1.8,22.6,16.6,22.0,24.4,22.5,21.6,하락,1.9,29.4,35.3,35.3,47.1,2024
전남,46,완도군,46890,중,금당중학교,공립,,UzE0MDAwMTgwMg==,16.7,21.9,19.8,8.3,25.0,18.3,반등,16.7,15.1,19.6,18.8,7.1,21.4,16.4,반등,14.3,50.0,0.0,25.0,50.0,2025
전남,46,완도군,46890,중,완도중학교,공립,,UzE0MDAwMTgxMg==,26.7,26.1,29.1,25.1,21.7,25.7,연속↓,3.4,26.7,25.7,28.9,24.0,20.6,25.2,연속↓,3.5,38.9,21.3,33.7,35.8,2023
전남,46,완도군,46890,중,완도여자중학교,공립,,UzE0MDAwMTgxMQ==,39.2,28.0,20.3,10.1,21.3,23.8,반등,11.2,38.0,28.1,19.5,9.5,19.9,23.0,반등,10.5,36.3,15.4,29.1,36.3,2021
전남,46,완도군,46890,중,노화중학교,공립,,UzE0MDAwMTgwNQ==,27.3,12.1,15.6,26.2,20.0,20.2,하락,6.2,26.4,12.0,14.2,26.3,19.3,19.6,하락,6.9,22.0,16.7,26.8,58.3,2021
전남,46,완도군,46890,중,금일중학교,공립,,UzE0MDAwMTgwMw==,19.9,27.2,20.0,12.4,19.6,19.8,반등,7.1,22.1,27.4,21.2,12.8,19.3,20.5,반등,6.5,25.0,20.8,33.3,70.8,2022
전남,46,완도군,46890,중,청산중학교,공립,,UzE0MDAwMTgxMw==,24.2,11.5,20.6,27.4,19.5,20.6,하락,8.0,24.8,11.6,20.3,27.7,18.0,20.5,하락,9.7,40.0,20.0,40.0,66.7,2024
전남,46,완도군,46890,중,소안중학교,공립,,UzE0MDAwMTgwNw==,20.7,14.7,9.0,10.3,15.6,14.1,연속↑,5.3,21.3,15.2,9.2,10.7,15.9,14.5,연속↑,5.2,23.1,23.1,30.8,56.3,2021
전남,46,완도군,46890,중,넙도초등학교노화중학교넙도분교장,공립,,UzE0MDAwMTg0MQ==,54.2,29.2,29.2,0.0,0.0,22.5,→보합,,53.6,28.6,28.6,0.0,0.0,22.1,→보합,,0.0,0.0,0.0,100.0,2021
전남,46,완도군,46890,고,완도금일고등학교,공립,,UzE0MDAwMDI5Mg==,25.0,36.4,30.6,52.4,48.6,38.6,하락,3.8,24.4,35.1,29.8,51.0,47.6,37.6,하락,3.4,58.3,41.7,58.3,,2024
전남,46,완도군,46890,고,노화고등학교,공립,,UzE0MDAwMDE4Nw==,15.4,7.8,12.7,20.1,30.0,17.2,연속↑,9.8,15.4,7.7,12.8,18.7,29.4,16.8,연속↑,10.7,48.1,33.3,40.7,33.3,2025
전남,46,완도군,46890,고,완도수산고등학교,공립,,UzE0MDAwMDI5Mw==,13.2,24.3,26.3,24.4,30.5,23.7,반등,6.1,12.6,22.9,23.7,22.5,28.4,22.0,반등,6.0,50.0,30.0,47.6,10.5,2025
전남,46,완도군,46890,고,고금고등학교,공립,,UzE0MDAwMDE2NA==,13.7,22.5,23.6,14.1,26.9,20.2,반등,12.9,12.8,21.9,22.3,14.3,25.3,19.3,반등,11.1,66.7,23.1,25.0,7.7,2025
전남,46,완도군,46890,고,약산고등학교,공립,,UzE0MDAwMDI2MA==,9.5,8.6,21.6,20.8,26.7,17.4,반등,5.9,9.2,8.1,21.4,21.4,25.2,17.1,상승,3.8,33.3,16.7,33.3,25.0,2025
전남,46,완도군,46890,고,완도고등학교,공립,,UzE0MDAwMDI5MQ==,16.9,20.1,15.5,22.1,18.1,18.5,하락,4.1,17.2,20.3,14.6,21.4,17.1,18.1,하락,4.3,32.8,13.3,18.0,9.4,2024
전남,46,신안군,46910,중,안좌중학교,공립,,UzE0MDAwMTIzMw==,42.5,25.9,21.7,14.6,32.6,27.5,반등,18.0,42.0,25.7,21.7,15.2,31.1,27.1,반등,15.9,45.5,28.6,57.1,28.6,2021
전남,46,신안군,46910,중,하의중학교,공립,,UzE0MDAwMTI0MA==,16.4,6.9,29.6,29.8,29.8,22.5,→보합,,15.4,8.1,29.6,27.1,29.0,21.8,반등,2.0,44.4,42.9,33.3,55.6,2023
전남,46,신안군,46910,중,신안증도중학교,공립,,UzE0MDAwMTIyOQ==,27.1,15.3,44.4,34.2,27.1,29.6,연속↓,7.1,25.0,14.9,44.2,33.4,27.9,29.1,연속↓,5.5,20.0,40.0,60.0,25.0,2023
전남,46,신안군,46910,중,신안흑산중학교,공립,,UzE0MDAwMTIzMg==,28.5,16.0,11.1,18.3,25.3,19.9,연속↑,6.9,27.2,15.1,11.9,20.2,25.9,20.1,연속↑,5.7,33.3,66.7,33.3,33.3,2021
전남,46,신안군,46910,중,지명중학교,공립,,UzE0MDAwMTIzOQ==,28.8,18.5,18.2,26.8,24.6,23.4,하락,2.2,29.8,18.8,18.3,27.3,24.1,23.7,하락,3.2,30.8,38.5,38.5,63.2,2021
전남,46,신안군,46910,중,장산중학교,공립,,UzE0MDAwMTIzOA==,22.2,29.6,30.5,25.0,22.2,25.9,연속↓,2.8,20.8,27.0,30.3,22.9,22.4,24.7,연속↓,0.5,42.9,33.3,33.3,33.3,2023
전남,46,신안군,46910,중,암태중학교,공립,,UzE0MDAwMTIzNA==,27.1,24.3,29.2,9.1,19.5,21.8,반등,10.4,27.7,22.9,30.2,9.5,20.2,22.1,반등,10.7,20.0,28.6,20.0,71.4,2023
전남,46,신안군,46910,중,임자중학교,공립,,UzE0MDAwMTIzNg==,13.5,19.7,22.0,21.9,20.6,19.5,연속↓,1.3,14.3,20.0,21.9,22.4,19.6,19.6,하락,2.7,27.3,27.3,41.7,42.3,2024
전남,46,신안군,46910,중,자은중학교,공립,,UzE0MDAwMTIzNw==,23.6,28.1,22.6,23.1,17.5,23.0,하락,5.6,22.8,27.9,23.6,22.1,17.9,22.8,연속↓,4.2,20.0,40.0,50.0,60.0,2022
전남,46,신안군,46910,중,가거도초등학교신안흑산중학교가거도분교장,공립,,UzE0MDAwMzkzNA==,29.2,8.3,16.7,,16.7,17.7,-,,25.0,7.1,14.3,,14.3,15.2,-,,0.0,0.0,100.0,0.0,2021
전남,46,신안군,46910,중,압해중학교,공립,,UzE0MDAwMTIzNQ==,15.5,21.2,21.2,18.2,12.9,17.8,연속↓,5.3,15.3,19.6,19.7,17.7,12.6,17.0,연속↓,5.1,19.2,13.8,15.4,76.9,2023
전남,46,신안군,46910,중,신안신의중학교,공립,,UzE0MDAwMTIyOA==,18.5,15.8,37.2,12.9,10.2,18.9,연속↓,2.7,19.8,16.4,33.4,14.1,11.8,19.1,연속↓,2.3,12.5,40.0,25.0,25.0,2023
전남,46,신안군,46910,중,비금중학교,공립,,UzE0MDAwMTIyNw==,15.7,15.6,20.8,18.7,8.4,15.8,연속↓,10.2,15.4,15.2,21.2,19.0,8.9,15.9,연속↓,10.1,10.3,24.1,6.9,53.1,2023
전남,46,신안군,46910,고,지명고등학교,공립,,UzE0MDAwMDMxMQ==,18.9,5.1,10.5,37.6,37.0,21.8,하락,0.6,18.1,5.7,9.9,38.8,37.5,22.0,하락,1.3,52.6,42.1,44.4,11.1,2024
전남,46,신안군,46910,고,신안해양과학고등학교,공립,,UzE0MDAwMDI1OQ==,8.9,2.5,12.8,29.0,32.4,17.1,연속↑,3.4,10.0,2.7,13.0,29.8,31.9,17.5,연속↑,2.1,40.5,30.6,38.9,29.7,2025
전남,46,신안군,46910,고,도초고등학교,공립,,UzE0MDAwMDE5NA==,20.3,16.2,14.3,21.0,32.1,20.8,연속↑,11.1,21.9,15.9,14.7,21.1,31.8,21.1,연속↑,10.7,43.1,30.2,32.1,3.9,2025
전남,46,신안군,46910,고,임자고등학교,공립,,UzE0MDAwMDI5NA==,12.2,33.3,18.3,30.4,23.1,23.5,하락,7.3,13.3,36.5,18.6,30.0,21.5,24.0,하락,8.6,30.8,15.4,38.5,7.7,2022
전남,46,신안군,46910,고,안좌고등학교,공립,,UzE0MDAwMDI1OA==,3.2,8.2,19.3,47.7,22.6,20.2,하락,25.1,3.4,8.1,18.3,48.6,20.8,19.8,하락,27.7,33.3,14.3,31.3,20.0,2024
전남,46,신안군,46910,고,하의고등학교,공립,,UzE0MDAwMDMxOA==,27.2,16.7,10.0,3.7,33.3,18.2,반등,29.6,28.6,16.7,10.0,4.8,9.5,13.9,반등,4.8,33.3,,33.3,33.3,2021
전남,46,고흥군,46770,중,고흥점암중앙중학교,공립,,UzE0MDAwMDM5NA==,27.9,23.1,33.4,41.0,40.3,33.1,하락,0.7,29.1,23.7,33.4,40.6,39.1,33.2,하락,1.5,66.7,50.0,50.0,16.7,2024
전남,46,고흥군,46770,중,고흥여자중학교,공립,,UzE0MDAwMDM5Mg==,25.7,24.7,29.7,17.9,27.4,25.1,반등,9.5,26.2,23.9,28.5,18.6,27.6,25.0,반등,9.0,39.6,32.8,37.7,43.1,2023
전남,46,고흥군,46770,중,고흥중학교,공립,,UzE0MDAwMDM5NQ==,28.8,23.5,23.0,23.0,25.1,24.7,상승,2.1,28.6,23.1,23.0,23.4,24.6,24.5,연속↑,1.2,29.9,32.9,32.9,42.9,2021
전남,46,고흥군,46770,중,녹동중학교,공립,,UzE0MDAwMDQwMA==,33.6,20.9,22.5,19.1,23.8,24.0,반등,4.7,32.4,21.4,22.6,18.6,23.3,23.6,반등,4.7,34.8,29.0,33.3,39.1,2021
전남,46,고흥군,46770,중,고흥과역중학교,공립,,UzE0MDAwMDM4NA==,41.7,12.3,16.7,18.5,23.1,22.4,연속↑,4.6,42.5,12.6,15.6,16.3,22.3,21.9,연속↑,6.0,62.5,25.0,20.0,60.0,2021
전남,46,고흥군,46770,중,고흥풍양중학교,공립,,UzE0MDAwMDM5Nw==,15.6,14.0,11.7,14.1,19.7,15.0,연속↑,5.5,15.5,13.8,11.3,12.1,19.0,14.3,연속↑,6.9,42.9,28.6,42.9,66.7,2025
전남,46,고흥군,46770,중,고흥대서중학교,사립,,UzE0MDAwMDM4Ng==,14.1,25.7,7.0,11.2,19.1,15.4,연속↑,7.8,14.0,25.0,6.2,11.0,18.6,14.9,연속↑,7.6,22.2,18.8,41.7,77.8,2022
전남,46,고흥군,46770,중,동강중학교,사립,,UzE0MDAwMDQwMQ==,26.8,18.1,8.8,10.2,17.8,16.3,연속↑,7.6,27.8,17.6,8.5,10.4,17.9,16.4,연속↑,7.5,35.3,43.8,17.6,66.7,2021
전남,46,고흥군,46770,중,포두중학교,공립,,UzE0MDAwMDQwNQ==,18.8,17.4,23.5,17.9,17.1,18.9,연속↓,0.7,17.9,17.9,23.6,18.8,16.7,19.0,연속↓,2.1,20.0,33.3,27.8,33.3,2023
전남,46,고흥군,46770,중,고흥남양중학교,공립,,UzE0MDAwMDM4NQ==,42.5,31.3,13.3,15.0,15.8,23.6,연속↑,0.8,42.1,29.5,12.3,14.0,15.9,22.8,연속↑,1.9,50.0,40.0,25.0,50.0,2021
전남,46,고흥군,46770,중,고흥도덕중학교,공립,,UzE0MDAwMDM4Nw==,27.8,24.0,16.2,19.2,13.5,20.2,하락,5.6,27.3,23.9,17.0,18.0,14.7,20.2,하락,3.3,37.5,25.0,12.5,50.0,2021
전남,46,고흥군,46770,중,고흥백양중학교,공립,,UzE0MDAwMDM5MQ==,29.3,35.4,19.2,12.5,14.6,22.2,반등,2.1,27.2,35.7,19.8,11.9,14.3,21.8,반등,2.4,0.0,25.0,50.0,75.0,2022
전남,46,고흥군,46770,중,고흥도화중학교,공립,,UzE0MDAwMDM4OA==,10.8,5.9,16.8,28.5,14.2,15.2,하락,14.3,10.3,5.6,16.8,29.2,13.6,15.1,하락,15.5,50.0,25.0,25.0,60.0,2024
전남,46,고흥군,46770,중,금산중학교,공립,,UzE0MDAwMDM5OQ==,16.3,14.9,30.5,25.0,10.7,19.5,연속↓,14.4,16.8,14.2,31.0,25.5,10.4,19.6,연속↓,15.0,18.2,18.2,17.6,52.9,2023
전남,46,고흥군,46770,중,봉래중학교,공립,,UzE0MDAwMDQwMg==,24.6,27.8,29.2,20.2,8.3,22.0,연속↓,11.8,22.9,26.2,28.6,20.8,8.6,21.4,연속↓,12.3,20.0,20.0,40.0,40.0,2023
전남,46,고흥군,46770,고,녹동고등학교,공립,,UzE0MDAwMDE2Ng==,30.1,31.0,18.5,34.3,25.2,27.8,하락,9.1,28.9,30.3,19.0,34.1,24.2,27.3,하락,9.9,40.4,18.6,35.6,18.6,2024
전남,46,고흥군,46770,고,고흥고등학교,공립,,UzE0MDAwMDE2NQ==,25.4,21.8,21.8,32.4,22.1,24.7,하락,10.2,26.5,23.5,21.6,32.2,22.6,25.3,하락,9.6,22.1,26.2,27.0,4.1,2024
전남,46,고흥군,46770,고,고흥도화고등학교,공립,,UzE0MDAwMDE2Nw==,10.8,13.8,8.8,5.8,20.6,12.0,반등,14.7,10.5,12.3,7.6,5.0,11.7,9.4,반등,6.7,42.9,,14.3,57.1,2022
전남,46,고흥군,46770,고,고흥산업과학고등학교,공립,,UzE0MDAwMDE2OQ==,25.3,14.2,17.4,17.2,14.5,17.7,연속↓,2.8,25.3,14.5,18.2,20.5,5.0,16.7,하락,15.5,,18.2,17.6,72.7,2021
전남,46,목포시,46110,중,목포항도여자중학교,공립,,UzE0MDAwMDgzOA==,39.6,28.6,29.8,27.7,32.9,31.7,반등,5.2,40.2,28.5,30.3,27.3,32.3,31.7,반등,5.0,47.0,44.6,47.0,47.2,2021
전남,46,목포시,46110,중,목포중앙여자중학교,공립,,UzE0MDAwMDgzNg==,31.4,21.3,30.2,23.8,33.8,28.1,반등,10.0,30.8,20.6,28.9,22.2,32.0,26.9,반등,9.8,37.1,28.9,57.3,32.8,2025
전남,46,목포시,46110,중,목포애향중학교,공립,,UzE0MDAwNTQzNw==,33.1,23.7,26.9,23.8,28.0,27.1,반등,4.3,32.1,23.5,26.6,23.5,27.4,26.6,반등,3.9,42.6,29.5,47.1,31.1,2021
전남,46,목포시,46110,중,목포제일중학교,공립,,UzE0MDAwMDgzNQ==,22.2,20.9,21.4,24.9,27.1,23.3,연속↑,2.2,22.2,20.5,20.8,24.2,26.1,22.8,연속↑,1.9,33.3,29.7,40.9,45.2,2025
전남,46,목포시,46110,중,목포옥암중학교,공립,전남 목포시 옥암동,UzE0MDAwNTM0Mw==,24.0,21.8,25.4,19.9,23.3,22.9,반등,3.4,24.1,21.5,25.4,19.4,22.7,22.6,반등,3.2,31.1,27.0,39.6,37.6,2023
전남,46,목포시,46110,중,목포청호중학교,공립,,UzE0MDAwMDgzNw==,25.2,18.6,22.8,20.8,19.8,21.4,연속↓,1.0,24.0,18.1,22.7,21.0,20.0,21.1,연속↓,1.0,22.3,25.0,25.9,61.1,2021
전남,46,목포시,46110,중,목포유달중학교,공립,전남 목포시 산정동,UzE0MDAwMDgzMg==,19.1,16.0,18.0,15.5,16.5,17.0,반등,1.0,18.8,15.9,17.7,15.7,17.1,17.0,반등,1.4,13.3,23.9,21.2,61.5,2021
전남,46,목포시,46110,중,영흥중학교,사립,,UzE0MDAwMDg0Mw==,29.9,25.1,27.0,23.4,17.5,24.6,연속↓,5.9,28.7,23.8,25.1,22.1,16.5,23.3,연속↓,5.7,18.9,15.9,35.8,41.1,2021
전남,46,목포시,46110,중,목포혜인여자중학교,사립,,UzE0MDAwMDgzOQ==,13.1,23.5,19.9,18.3,17.5,18.5,연속↓,0.8,11.9,22.9,19.2,17.4,16.4,17.6,연속↓,1.0,21.2,16.4,28.1,39.7,2022
전남,46,목포시,46110,중,목포여자중학교,공립,,UzE0MDAwMDgyOQ==,23.9,23.4,19.7,17.0,15.1,19.8,연속↓,1.8,23.7,22.9,19.2,16.4,14.6,19.4,연속↓,1.8,18.0,13.2,28.6,68.4,2021
전남,46,목포시,46110,중,목포영화중학교,사립,,UzE0MDAwMDgzMA==,24.1,15.5,13.8,12.4,14.6,16.1,반등,2.3,24.8,16.1,14.2,12.9,14.6,16.5,반등,1.7,10.3,20.2,26.3,51.7,2021
전남,46,목포시,46110,중,목포홍일중학교,사립,,UzE0MDAwMDg0MQ==,17.5,16.9,16.4,14.8,14.0,15.9,연속↓,0.8,16.6,16.5,16.1,14.0,14.5,15.6,반등,0.5,15.6,25.7,22.5,35.8,2021
전남,46,목포시,46110,중,목포정명여자중학교,사립,,UzE0MDAwMDgzMw==,12.5,14.2,15.0,13.6,14.5,14.0,반등,0.9,11.6,13.4,14.7,13.2,13.7,13.3,반등,0.5,26.2,12.8,23.9,63.9,2023
전남,46,목포시,46110,중,목포덕인중학교,사립,,UzE0MDAwMDgyNw==,22.2,18.0,9.7,15.2,14.0,15.8,하락,1.2,21.8,18.0,8.8,14.5,13.0,15.2,하락,1.5,17.4,11.8,31.5,47.2,2021
전남,46,목포시,46110,중,목포하당중학교,공립,,UzE0MDAwNTMxMg==,26.3,21.1,20.6,19.0,13.0,20.0,연속↓,6.0,26.7,20.4,20.6,18.5,12.1,19.7,연속↓,6.4,22.0,11.0,24.1,70.1,2021
전남,46,목포시,46110,중,문태중학교,사립,,UzE0MDAwMDg0Mg==,16.4,16.0,13.1,9.9,10.4,13.1,반등,0.5,16.7,16.1,13.5,9.7,10.0,13.2,반등,0.4,12.8,12.8,19.1,60.8,2021
전남,46,목포시,46110,고,목포마리아회고등학교,사립,,UzE0MDAwMDIwMA==,10.1,10.5,6.7,23.9,30.8,16.4,연속↑,6.9,9.3,9.8,5.9,22.2,30.6,15.6,연속↑,8.5,27.3,34.4,36.4,13.6,2025
전남,46,목포시,46110,고,영흥고등학교,사립,,UzE0MDAwMDI4OA==,2.8,6.8,9.9,42.2,27.3,17.8,하락,14.9,2.7,6.9,9.6,40.5,28.3,17.6,하락,12.3,17.0,44.3,35.8,0.6,2024
전남,46,목포시,46110,고,목포고등학교,공립,,UzE0MDAwMDE5Ng==,12.3,17.4,15.8,21.7,26.5,18.7,연속↑,4.8,12.4,17.2,16.5,21.7,27.8,19.1,연속↑,6.1,22.9,46.9,25.5,12.7,2025
전남,46,목포시,46110,고,문태고등학교,사립,,UzE0MDAwMDIxNQ==,26.7,51.7,44.3,25.8,24.7,34.6,연속↓,1.1,28.3,52.8,43.9,25.5,25.0,35.1,연속↓,0.5,21.5,27.2,30.4,25.3,2022
전남,46,목포시,46110,고,목포혜인여자고등학교,사립,,UzE0MDAwMDIxMQ==,10.9,11.8,27.6,14.6,23.6,17.7,반등,9.0,11.0,11.6,27.3,14.8,23.8,17.7,반등,9.1,28.5,25.2,22.8,10.8,2023
전남,46,목포시,46110,고,목포제일여자고등학교,공립,,UzE0MDAwMDIwOQ==,5.2,6.8,22.5,12.3,24.2,14.2,반등,12.0,5.3,6.7,23.4,12.3,23.6,14.3,반등,11.3,35.5,25.0,28.4,22.0,2025
전남,46,목포시,46110,고,목포홍일고등학교,사립,,UzE0MDAwMDIxMg==,22.1,25.0,26.7,16.5,23.1,22.6,반등,6.6,21.4,26.5,24.5,17.2,22.3,22.4,반등,5.2,26.1,21.0,30.7,19.6,2022
전남,46,목포시,46110,고,목포정명여자고등학교,사립,,UzE0MDAwMDIwOA==,25.1,23.8,24.7,24.6,21.8,24.0,연속↓,2.9,25.6,24.4,24.1,24.6,22.3,24.2,하락,2.3,17.8,30.8,24.9,3.4,2021
전남,46,목포시,46110,고,목포여자상업고등학교,사립,,UzE0MDAwMDIwNg==,17.2,14.5,23.3,22.8,19.2,19.4,연속↓,3.6,17.5,14.1,23.2,23.2,17.7,19.2,하락,5.5,24.4,24.4,29.8,29.3,2024
전남,46,목포시,46110,고,목상고등학교,공립,,UzE0MDAwMDMwNQ==,24.3,10.0,16.9,15.8,17.7,16.9,반등,2.0,24.1,9.8,16.8,15.6,17.4,16.7,반등,1.9,21.2,17.6,18.2,10.0,2021
전남,46,목포시,46110,고,목포중앙고등학교,사립,,UzE0MDAwMDIwNA==,14.5,14.5,17.8,27.6,17.9,18.5,하락,9.8,14.6,13.6,18.0,26.5,17.0,17.9,하락,9.5,34.9,12.4,16.0,20.2,2024
전남,46,목포시,46110,고,목포여자고등학교,공립,,UzE0MDAwMDIwNQ==,10.6,10.8,10.2,13.2,16.3,12.2,연속↑,3.2,11.6,12.0,10.8,13.6,16.0,12.8,연속↑,2.4,15.2,17.3,25.6,3.3,2025
전남,46,목포시,46110,고,목포공업고등학교,공립,,UzE0MDAwMDE5OA==,7.7,8.6,8.5,4.6,16.9,9.3,반등,12.4,8.1,8.7,8.7,4.6,15.5,9.1,반등,10.9,11.4,43.9,22.7,16.9,2025
전남,46,목포시,46110,고,목포덕인고등학교,사립,,UzE0MDAwMDE5OQ==,17.2,24.0,35.8,21.0,15.1,22.6,연속↓,5.9,15.7,22.4,33.7,21.2,14.9,21.6,연속↓,6.2,18.1,14.8,13.5,9.0,2023
전남,46,목포시,46110,고,목포성신고등학교,사립,전남 목포시 상동,UzE0MDAwMDIwMg==,12.7,5.9,10.1,7.6,11.6,9.6,반등,4.0,14.3,6.7,11.8,8.9,11.6,10.6,반등,2.6,15.9,11.1,7.9,4.8,2021
전남,46,해남군,46820,중,북평중학교,공립,,UzE0MDAwMjE0NA==,34.0,15.1,10.1,20.9,26.7,21.4,연속↑,5.8,33.2,14.5,10.7,21.6,27.8,21.6,연속↑,6.3,25.0,50.0,37.5,50.0,2021
전남,46,해남군,46820,중,해남중학교,공립,,UzE0MDAwMjE1Mw==,14.5,19.6,14.6,20.9,23.4,18.6,연속↑,2.5,14.5,20.0,13.5,20.4,23.4,18.4,연속↑,3.0,36.9,29.6,26.8,53.5,2025
전남,46,해남군,46820,중,두륜중학교,공립,,UzE0MDAwMjE0Mw==,52.3,12.8,25.2,20.4,24.8,27.1,반등,4.4,52.0,12.4,22.9,19.9,23.0,26.0,반등,3.2,35.7,42.9,66.7,50.0,2021
전남,46,해남군,46820,중,산이중학교,공립,,UzE0MDAwMjE0NQ==,29.6,16.3,23.8,15.7,23.1,21.7,반등,7.4,29.0,15.9,23.2,15.5,22.5,21.2,반등,7.0,58.3,25.0,20.0,45.0,2021
전남,46,해남군,46820,중,화산중학교,공립,,UzE0MDAwMjE1NQ==,18.2,14.6,20.8,32.3,19.2,21.0,하락,13.1,16.5,13.4,17.9,31.5,19.1,19.7,하락,12.4,37.5,37.5,25.0,71.4,2024
전남,46,해남군,46820,중,우수영중학교,공립,,UzE0MDAwMjE0OA==,36.7,19.4,36.0,26.9,17.6,27.3,연속↓,9.3,35.8,19.9,35.5,24.4,18.2,26.7,연속↓,6.2,18.2,35.7,28.6,36.4,2021
전남,46,해남군,46820,중,해남제일중학교,공립,,UzE0MDAwMjE1MQ==,25.7,21.5,16.7,15.4,17.9,19.4,반등,2.5,24.7,20.9,16.0,15.1,17.3,18.8,반등,2.2,26.9,15.2,32.5,46.0,2021
전남,46,해남군,46820,중,현산중학교,공립,,UzE0MDAwMjE1NA==,20.9,21.2,27.1,28.1,16.9,22.8,하락,11.2,21.0,21.3,26.3,27.7,17.0,22.7,하락,10.7,25.0,33.3,50.0,62.5,2024
전남,46,해남군,46820,중,송지중학교,공립,,UzE0MDAwMjE0Ng==,16.7,14.8,12.6,12.9,15.9,14.6,연속↑,3.0,15.8,14.3,12.7,12.8,15.2,14.2,연속↑,2.4,40.9,27.3,39.1,47.8,2021
전남,46,해남군,46820,중,황산중학교,공립,,UzE0MDAwMjE1Nw==,28.5,12.3,9.3,15.5,13.0,15.7,하락,2.5,28.7,12.4,11.0,15.4,14.0,16.3,하락,1.4,17.6,28.6,17.6,50.0,2021
전남,46,해남군,46820,중,화원중학교,사립,,UzE0MDAwMjE1Ng==,15.5,10.5,21.9,12.5,9.4,13.9,연속↓,3.2,16.5,9.7,20.5,12.1,10.4,13.8,연속↓,1.7,11.1,33.3,11.8,47.1,2023
전남,46,해남군,46820,고,해남고등학교,공립,,UzE0MDAwMDMyOA==,19.1,12.7,22.5,19.3,29.4,20.6,반등,10.1,19.0,12.5,24.1,19.8,29.3,20.9,반등,9.5,33.1,31.5,29.8,0.6,2025
전남,46,해남군,46820,고,화원고등학교,사립,,UzE0MDAwMDMzNw==,1.3,3.3,2.5,10.0,15.5,6.5,연속↑,5.5,1.1,3.3,2.9,10.5,15.5,6.7,연속↑,5.0,14.6,17.1,19.5,2.4,2025
전남,46,해남군,46820,고,송지고등학교,공립,,UzE0MDAwMDI0MA==,3.0,4.9,6.5,18.3,16.3,9.8,하락,2.0,3.1,4.7,6.0,16.1,13.6,8.7,하락,2.5,42.9,35.7,14.3,62.5,2024
전남,46,해남군,46820,고,해남공업고등학교,공립,,UzE0MDAwMDMyOQ==,9.9,9.6,9.7,7.0,11.4,9.5,반등,4.4,10.6,9.8,9.3,7.4,8.5,9.1,반등,1.1,12.0,11.1,33.3,47.4,2021
전남,46,영암군,46830,중,시종중학교,사립,,UzE0MDAwMTczNQ==,24.3,26.2,35.4,35.0,33.3,30.9,연속↓,1.7,22.0,23.7,34.2,32.3,32.1,28.9,연속↓,0.2,50.0,50.0,50.0,50.0,2023
전남,46,영암군,46830,중,영암서호중학교,공립,,UzE0MDAwMTc0MQ==,33.3,21.7,31.6,26.7,30.8,28.8,반등,4.2,32.9,22.0,30.3,26.0,29.1,28.0,반등,3.0,60.0,20.0,66.7,33.3,2021
전남,46,영암군,46830,중,영암낭주중학교,공립,,UzE0MDAwMTczOA==,17.6,18.6,21.7,21.3,22.4,20.3,반등,1.1,17.8,18.8,22.5,21.1,22.4,20.5,반등,1.3,33.3,28.6,28.6,52.4,2023
전남,46,영암군,46830,중,영암중학교,공립,,UzE0MDAwMTc0Mw==,35.5,21.9,29.5,30.0,21.0,27.6,하락,9.1,35.0,21.9,29.5,30.4,21.2,27.6,하락,9.2,29.4,35.3,25.5,47.5,2021
전남,46,영암군,46830,중,영암도포중학교,공립,,UzE0MDAwMTczOQ==,26.0,28.1,33.3,25.0,20.0,26.5,연속↓,5.0,25.6,27.4,33.3,24.8,18.9,26.0,연속↓,5.9,50.0,33.3,16.7,42.9,2023
전남,46,영암군,46830,중,영암여자중학교,사립,,UzE0MDAwMTc0Mg==,22.7,18.6,23.7,24.7,16.9,21.3,하락,7.8,23.5,18.8,23.7,23.9,17.0,21.4,하락,6.9,35.7,33.3,20.4,51.2,2024
전남,46,영암군,46830,중,신북중학교,공립,,UzE0MDAwMTczNg==,14.4,29.8,24.1,18.7,16.6,20.7,연속↓,2.1,15.1,30.9,25.2,19.0,16.3,21.3,연속↓,2.7,38.5,18.2,21.4,54.5,2022
전남,46,영암군,46830,중,삼호중학교,공립,,UzE0MDAwMTczNA==,,14.5,14.6,14.2,16.0,14.8,반등,1.7,,14.4,15.3,14.6,15.7,15.0,반등,1.0,15.8,17.8,29.9,49.3,2025
전남,46,영암군,46830,중,삼호서중학교,공립,,UzE0MDAwMTczMw==,28.4,15.6,25.6,13.3,11.4,18.9,연속↓,2.0,29.3,15.6,25.9,12.9,11.4,19.0,연속↓,1.6,22.4,19.1,16.9,50.8,2021
전남,46,영암군,46830,중,영암금정중학교,공립,,UzE0MDAwMTczNw==,22.9,12.5,10.4,19.7,8.3,14.8,하락,11.4,23.8,11.6,9.8,21.6,7.1,14.8,하락,14.5,25.0,0.0,50.0,66.7,2021
전남,46,영암군,46830,중,구림중학교,공립,,UzE0MDAwMTczMg==,17.4,29.2,38.3,20.9,6.7,22.5,연속↓,14.2,16.9,30.4,39.5,19.1,6.4,22.5,연속↓,12.6,20.0,20.0,20.0,66.7,2023
전남,46,영암군,46830,중,영암미암중학교,공립,,UzE0MDAwMTc0MA==,16.7,16.7,11.1,1.8,,11.5,-,,15.5,15.5,9.5,1.7,,10.5,-,,,,,,2022
전남,46,영암군,46830,고,영암고등학교,공립,,UzE0MDAwMDI4NQ==,12.5,23.9,41.0,36.0,33.7,29.4,연속↓,2.3,14.9,22.8,41.1,32.8,33.3,29.0,반등,0.5,40.0,33.3,42.2,11.1,2023
전남,46,영암군,46830,고,전남에너지고등학교,공립,전남에너지고등학교,UzE0MDAwMDI1Ng==,11.8,16.9,7.4,7.0,28.5,14.3,반등,21.5,11.8,16.6,7.3,8.0,29.4,14.6,연속↑,21.5,34.4,35.3,40.6,5.9,2025
전남,46,영암군,46830,고,삼호고등학교,공립,,UzE0MDAwNTQxMA==,16.4,15.1,20.1,23.1,22.3,19.4,하락,0.8,17.0,15.8,20.3,23.6,22.3,19.8,하락,1.3,25.2,35.0,25.9,4.9,2024
전남,46,영암군,46830,고,영암여자고등학교,사립,,UzE0MDAwMDI4Nw==,17.0,16.1,19.9,31.3,21.0,21.1,하락,10.4,16.2,17.2,19.1,30.2,21.0,20.8,하락,9.3,27.4,25.8,19.4,3.2,2024
전남,46,영암군,46830,고,구림공업고등학교,공립,,UzE0MDAwMDE4MA==,28.1,29.0,11.4,15.0,18.0,20.3,연속↑,3.0,27.2,28.9,12.0,16.4,15.5,20.0,하락,1.0,17.6,21.6,19.4,24.3,2022
전남,46,영암군,46830,고,영암낭주고등학교,공립,,UzE0MDAwMDI4Ng==,37.6,10.8,14.4,18.4,12.7,18.8,하락,5.7,41.7,10.0,14.2,19.8,12.5,19.6,하락,7.3,23.1,15.0,5.1,28.2,2021
경북,47,봉화군,47920,중,춘양중학교서벽분교장,공립,,UzE1MDAwMTkxOA==,19.9,29.2,29.2,59.2,74.3,42.3,연속↑,15.1,21.4,26.2,28.6,59.6,73.8,41.9,연속↑,14.2,100.0,100.0,75.0,0.0,2025
경북,47,봉화군,47920,중,춘양중학교,공립,경북 봉화군 춘양면,UzE1MDAwMTkxNw==,12.3,25.8,29.5,22.1,33.9,24.7,반등,11.8,12.3,24.9,28.0,21.6,33.9,24.1,반등,12.2,50.0,60.0,66.7,42.9,2025
경북,47,봉화군,47920,중,물야중학교,공립,,UzE1MDAwMTkwNg==,25.0,26.4,48.6,33.3,29.2,32.5,연속↓,4.2,23.8,25.6,47.6,33.9,32.1,32.6,연속↓,1.8,25.0,50.0,50.0,25.0,2023
경북,47,봉화군,47920,중,석포중학교,공립,경북 봉화군 석포면,UzE1MDAwMTkxMw==,27.3,21.2,36.4,24.9,30.6,28.1,반등,5.7,27.6,21.2,37.2,25.7,30.8,28.5,반등,5.1,40.9,50.0,40.0,35.0,2023
경북,47,봉화군,47920,중,봉화중학교,공립,,UzE1MDAwMTkwOQ==,25.1,25.8,24.2,18.3,20.1,22.7,반등,1.8,24.3,25.7,24.4,17.9,20.0,22.5,반등,2.1,24.7,27.8,27.8,55.4,2022
경북,47,봉화군,47920,중,청량중학교,공립,,UzE1MDAwNjQ5NQ==,21.9,20.5,19.5,13.4,11.8,17.4,연속↓,1.6,22.4,19.8,19.4,13.6,12.1,17.4,연속↓,1.6,4.2,15.4,20.8,48.0,2021
경북,47,봉화군,47920,중,소천중학교,공립,,UzE1MDAwMTkxNA==,25.9,6.4,19.4,33.3,8.3,18.7,하락,25.0,26.2,5.4,19.0,32.1,8.9,18.3,하락,23.2,0.0,50.0,50.0,40.0,2024
경북,47,봉화군,47920,고,봉화고등학교,공립,,UzE1MDAwMDgyMw==,17.6,17.9,26.2,14.4,33.2,21.8,반등,18.8,17.4,18.8,27.8,15.0,33.3,22.4,반등,18.4,41.4,42.4,34.1,14.9,2025
경북,47,봉화군,47920,고,한국산림과학고등학교,공립,경북 봉화군 춘양면,UzE1MDAwMDk3Mg==,5.8,7.4,7.0,10.9,19.4,10.1,연속↑,8.5,5.6,6.5,6.0,9.9,19.4,9.5,연속↑,9.5,25.6,20.9,25.6,46.5,2025
경북,47,봉화군,47920,고,한국펫고등학교,사립,,UzE1MDAwMDcyMg==,8.4,4.9,14.3,15.1,19.6,12.5,연속↑,4.5,8.2,4.5,13.5,14.5,18.8,11.9,연속↑,4.3,39.5,16.3,18.6,38.6,2025
경북,47,문경시,47280,중,산북중학교,공립,,UzE1MDAwMTc4Ng==,24.3,27.4,36.5,37.5,41.7,33.5,연속↑,4.2,25.3,25.8,36.5,35.3,40.6,32.7,반등,5.4,75.0,50.0,75.0,25.0,2025
경북,47,문경시,47280,중,점촌중학교,사립,경북 문경시 모전동,UzE1MDAwMTc4OQ==,26.9,22.2,26.0,29.4,34.9,27.9,연속↑,5.5,26.8,21.4,24.7,29.1,33.9,27.2,연속↑,4.8,38.9,29.6,47.2,40.0,2025
경북,47,문경시,47280,중,산양중학교,공립,,UzE1MDAwMTc4Nw==,26.7,29.6,50.4,37.2,33.0,35.4,연속↓,4.2,26.8,28.7,52.9,38.1,32.4,35.8,연속↓,5.8,23.1,38.5,60.0,55.6,2023
경북,47,문경시,47280,중,문경중학교,공립,경북 문경시 흥덕동,UzE1MDAwMTc4NQ==,27.4,23.6,23.1,25.5,30.4,26.0,연속↑,4.8,27.6,22.7,22.7,25.8,30.9,26.0,연속↑,5.1,39.8,42.9,31.5,43.3,2025
경북,47,문경시,47280,중,문경서중학교,공립,,UzE1MDAwMTc4Mw==,15.9,11.3,25.4,35.9,30.6,23.8,하락,5.3,15.6,10.8,25.2,36.2,30.6,23.7,하락,5.6,32.3,51.6,45.2,42.3,2024
경북,47,문경시,47280,중,문경여자중학교,공립,경북 문경시 모전동,UzE1MDAwMTc4NA==,20.9,18.5,25.6,28.3,27.6,24.2,하락,0.7,21.1,18.3,26.2,27.9,28.1,24.3,연속↑,0.2,23.8,44.2,35.4,45.0,2025
경북,47,문경시,47280,중,가은중학교,공립,,UzE1MDAwMTc4MA==,29.7,17.2,22.6,21.2,27.0,23.5,반등,5.8,29.6,16.7,22.8,21.2,26.4,23.3,반등,5.2,38.5,30.8,34.6,42.3,2021
경북,47,문경시,47280,중,동로중학교,공립,,UzE1MDAwMTc4MQ==,16.0,20.8,15.8,12.6,19.2,16.9,반등,6.6,16.7,20.5,16.4,15.0,19.0,17.5,반등,4.0,57.1,42.9,20.0,57.1,2022
경북,47,문경시,47280,중,마성중학교,공립,,UzE1MDAwMTc4Mg==,23.5,27.4,19.9,11.7,16.5,19.8,반등,4.8,24.5,25.4,20.6,12.0,15.2,19.6,반등,3.2,33.3,20.0,40.0,60.0,2022
경북,47,문경시,47280,고,경북조리과학고등학교,공립,경북조리과학고등학교,UzE1MDAwNTk1MA==,6.2,8.5,15.9,22.2,33.7,17.3,연속↑,11.5,6.0,8.5,14.7,20.6,33.5,16.6,연속↑,12.9,39.3,41.5,52.3,6.2,2025
경북,47,문경시,47280,고,문창고등학교,사립,경북 문경시 흥덕동,UzE1MDAwMDgxOQ==,17.9,21.7,20.8,24.4,22.6,21.5,하락,1.9,18.8,21.3,21.2,24.2,23.3,21.8,하락,0.8,19.7,33.3,24.4,32.8,2024
경북,47,문경시,47280,고,문경여자고등학교,사립,경북 문경시 점촌동,UzE1MDAwMDgxNg==,14.2,12.8,22.8,14.3,20.2,16.8,반등,5.8,14.5,12.9,22.4,13.0,20.3,16.6,반등,7.3,24.2,22.2,17.7,20.8,2023
경북,47,문경시,47280,고,점촌고등학교,공립,경북 문경시 모전동,UzE1MDAwMDk1NA==,7.4,14.0,12.6,13.1,14.0,12.2,연속↑,1.0,8.0,16.2,11.5,13.7,15.4,13.0,연속↑,1.7,9.2,26.5,18.4,24.5,2022
경북,47,문경시,47280,고,가은고등학교,공립,경북 문경시 가은읍,UzE1MDAwMDcxMg==,30.6,11.2,9.1,11.1,8.9,14.2,하락,2.2,30.4,11.2,8.7,11.9,9.5,14.3,하락,2.4,6.7,13.3,6.7,60.0,2021
경북,47,문경시,47280,고,문경공업고등학교,공립,,UzE1MDAwMDgxNQ==,7.6,,,,6.9,7.2,-,,7.6,,,,6.9,7.2,-,,,,9.3,,2021
경북,47,북구,47113,중,서포중학교,사립,,UzE1MDAwMzUzNw==,29.2,36.3,55.2,56.3,100.0,55.4,연속↑,43.8,26.4,34.6,54.5,56.3,100.0,54.4,연속↑,43.8,100.0,100.0,100.0,0.0,2025
경북,47,북구,47113,중,기계중학교기북분교장,공립,,UzE1MDAwMzUxNA==,40.5,14.6,50.0,68.8,41.0,43.0,하락,27.8,42.1,14.3,50.9,70.2,40.5,43.6,하락,29.8,66.7,66.7,66.7,75.0,2024
경북,47,북구,47113,중,환호여자중학교,공립,경북 포항시 북구,UzE1MDAwMzU0Nw==,28.4,21.3,34.1,37.6,38.3,32.0,연속↑,0.7,28.4,21.4,33.2,36.3,36.5,31.2,연속↑,0.2,54.1,29.3,50.2,42.4,2025
경북,47,북구,47113,중,포항여자중학교,공립,,UzE1MDAwMzU0MQ==,29.8,23.3,26.5,24.6,32.3,27.3,반등,7.7,29.5,23.5,26.0,23.9,32.2,27.0,반등,8.4,48.0,38.4,40.1,38.9,2025
경북,47,북구,47113,중,양덕중학교,공립,,UzE1MDAwNjUxOA==,28.4,24.5,31.2,30.0,31.7,29.2,반등,1.7,28.6,24.2,31.3,30.1,31.7,29.2,반등,1.6,31.0,38.6,47.4,36.7,2025
경북,47,북구,47113,중,장흥중학교,공립,,UzE1MDAwNjMyMQ==,30.0,22.5,22.6,22.6,28.8,25.3,상승,6.2,30.2,22.0,22.6,21.6,28.2,24.9,반등,6.6,33.5,32.2,39.8,47.1,2021
경북,47,북구,47113,중,창포중학교,공립,,UzE1MDAwMzUzOA==,30.7,22.4,32.5,28.7,28.9,28.6,반등,0.3,30.8,21.7,31.9,27.9,27.6,28.0,연속↓,0.3,40.5,25.4,36.2,40.1,2023
경북,47,북구,47113,중,대도중학교,공립,,UzE1MDAwMzUxOA==,29.3,21.3,30.0,29.9,28.2,27.7,연속↓,1.6,29.1,21.9,29.4,28.8,26.6,27.2,연속↓,2.2,30.6,25.1,43.9,48.2,2023
경북,47,북구,47113,중,포항중학교,공립,,UzE1MDAwMzU0NA==,23.5,22.6,25.8,27.2,27.1,25.2,하락,0.2,24.1,22.4,25.8,27.3,26.5,25.2,하락,0.7,42.7,33.1,41.6,44.6,2024
경북,47,북구,47113,중,대동중학교,사립,,UzE1MDAwMzUxOQ==,26.3,22.8,20.9,22.6,26.0,23.7,연속↑,3.4,26.1,22.9,20.2,22.4,26.2,23.6,연속↑,3.8,26.2,32.8,40.0,40.8,2025
경북,47,북구,47113,중,대흥중학교,공립,,UzE1MDAwMzUyMg==,29.5,24.5,32.4,19.5,24.4,26.1,반등,4.9,29.5,24.6,32.6,19.7,24.7,26.2,반등,5.0,27.7,36.1,27.7,38.8,2023
경북,47,북구,47113,중,포항영신중학교,사립,,UzE1MDAwMzU0Mg==,26.7,18.9,17.9,19.4,25.3,21.6,연속↑,5.9,25.5,18.9,18.4,19.6,24.5,21.4,연속↑,4.9,35.8,26.1,39.8,45.8,2021
경북,47,북구,47113,중,기계중학교,공립,,UzE1MDAwMzUxMw==,33.8,18.1,29.3,22.1,24.7,25.6,반등,2.6,34.1,17.8,29.2,20.6,24.0,25.1,반등,3.4,57.1,28.6,28.6,66.7,2021
경북,47,북구,47113,중,청하중학교,사립,경북 포항시 북구,UzE1MDAwMzUzOQ==,30.2,24.1,32.7,24.4,20.6,26.4,연속↓,3.8,29.9,23.7,31.9,23.3,19.8,25.7,연속↓,3.5,26.7,18.3,23.3,39.3,2023
경북,47,북구,47113,중,양학중학교,공립,경북 포항시 북구,UzE1MDAwMzUzMg==,26.8,21.7,25.0,19.8,19.2,22.5,연속↓,0.6,26.9,21.4,24.1,20.0,19.7,22.4,연속↓,0.4,25.0,31.0,24.0,42.5,2021
경북,47,북구,47113,중,신광중학교,공립,,UzE1MDAwMzUyOQ==,,26.2,30.2,23.8,18.6,24.7,연속↓,5.2,,25.8,30.6,23.8,19.6,24.9,연속↓,4.2,33.3,42.9,28.6,44.4,2023
경북,47,북구,47113,중,동지중학교,사립,,UzE1MDAwMzUyNA==,14.4,16.6,16.6,13.5,18.8,16.0,반등,5.3,14.5,16.8,16.1,12.7,18.7,15.8,반등,6.0,14.6,25.0,36.8,66.2,2025
경북,47,북구,47113,중,포항항도중학교,공립,,UzE1MDAwMzU0Ng==,15.4,14.6,22.5,24.7,18.3,19.1,하락,6.3,15.7,14.4,22.7,24.3,17.8,19.0,하락,6.5,28.6,20.3,31.4,62.7,2024
경북,47,북구,47113,중,흥해중학교,사립,,UzE1MDAwMzU0OA==,23.3,23.0,17.9,18.0,18.5,20.1,연속↑,0.5,23.1,23.3,17.7,17.8,17.3,19.9,하락,0.5,26.1,13.0,31.9,53.5,2022
경북,47,북구,47113,중,동지여자중학교,사립,,UzE1MDAwMzUyMw==,19.3,18.8,17.5,18.7,16.0,18.1,하락,2.7,19.7,18.1,18.0,18.6,16.7,18.2,하락,1.9,27.3,28.6,16.9,59.3,2021
경북,47,북구,47113,중,송라중학교,공립,,UzE1MDAwMzUyOA==,13.9,15.6,18.8,18.7,13.0,16.0,연속↓,5.8,14.4,16.4,20.9,19.3,15.1,17.2,연속↓,4.3,0.0,33.3,33.3,75.0,2023
경북,47,북구,47113,고,동지여자고등학교,사립,경북 포항시 북구,UzE1MDAwMDgwNg==,38.4,38.8,38.0,39.8,36.4,38.3,하락,3.3,36.3,37.9,37.0,38.4,37.2,37.3,하락,1.2,38.9,41.6,35.8,14.1,2024
경북,47,북구,47113,고,대동고등학교,사립,경북 포항시 북구,UzE1MDAwMDc5Mw==,13.2,30.1,35.0,22.8,30.5,26.3,반등,7.8,12.3,29.7,36.1,23.3,33.2,26.9,반등,9.9,38.0,83.1,8.9,8.3,2023
경북,47,북구,47113,고,포항영신고등학교,사립,경북 포항시 북구,UzE1MDAwMDk4OQ==,24.4,24.3,42.0,26.5,27.7,29.0,반등,1.1,24.5,23.4,45.9,27.0,27.6,29.7,반등,0.7,42.0,27.8,19.4,4.9,2023
경북,47,북구,47113,고,포항여자고등학교,공립,,UzE1MDAwMDk4Ng==,16.0,12.0,22.5,33.3,25.7,21.9,하락,7.7,15.2,12.6,22.2,35.0,26.5,22.3,하락,8.5,23.4,37.0,34.6,21.3,2024
경북,47,북구,47113,고,세화고등학교,사립,경북 포항시 북구,UzE1MDAwMDg2OA==,16.8,15.4,6.9,12.9,24.0,15.2,연속↑,11.1,16.2,15.0,6.7,11.6,24.5,14.8,연속↑,12.9,21.8,29.5,26.3,10.5,2025
경북,47,북구,47113,고,포항보건고등학교,사립,,UzE1MDAwMDk1Ng==,6.4,4.8,15.0,20.6,24.9,14.3,연속↑,4.3,5.5,4.4,14.0,20.3,24.1,13.7,연속↑,3.8,35.7,25.0,28.6,51.4,2025
경북,47,북구,47113,고,포항장성고등학교,공립,,UzE1MDAwNjEzOA==,17.6,11.2,11.6,9.3,23.5,14.6,반등,14.2,18.7,12.3,11.7,8.2,23.6,14.9,반등,15.4,23.5,25.1,27.0,16.3,2025
경북,47,북구,47113,고,동지고등학교,사립,,UzE1MDAwMDgwNQ==,13.2,16.6,30.7,27.6,22.0,22.0,연속↓,5.6,13.0,16.2,30.3,26.3,21.8,21.5,연속↓,4.5,24.0,22.7,28.6,24.3,2023
경북,47,북구,47113,고,포항중앙여자고등학교,사립,경북 포항시 북구,UzE1MDAwMDk5NQ==,32.4,23.5,36.0,30.1,20.9,28.6,연속↓,9.3,31.5,23.2,35.4,30.2,21.6,28.4,연속↓,8.6,17.6,30.0,20.0,2.8,2023
경북,47,북구,47113,고,포항중앙고등학교,사립,경북 포항시 북구,UzE1MDAwMDk5NA==,21.4,34.1,45.3,27.7,21.6,30.0,연속↓,6.1,21.6,33.3,44.8,29.1,19.9,29.7,연속↓,9.2,42.5,16.0,21.5,40.3,2023
경북,47,북구,47113,고,두호고등학교,공립,,UzE1MDAwNjEzNw==,7.4,7.2,12.3,12.8,19.8,11.9,연속↑,7.1,7.4,7.7,13.3,14.3,19.5,12.4,연속↑,5.2,35.2,18.3,21.5,28.5,2025
경북,47,북구,47113,고,한국해양마이스터고등학교,공립,,UzE1MDAwNTQzNA==,6.5,9.5,14.0,15.4,18.1,12.7,연속↑,2.7,6.0,9.3,13.8,15.8,18.9,12.7,연속↑,3.1,16.4,24.6,16.4,32.8,2025
경북,47,북구,47113,고,경북세무고등학교,공립,경북세무고등학교,UzE1MDAwMDc3NQ==,9.9,8.4,6.8,10.8,20.3,11.2,연속↑,9.5,9.7,7.8,6.1,10.8,18.6,10.6,연속↑,7.8,33.3,13.3,24.1,65.5,2025
경북,47,북구,47113,고,포항고등학교,공립,경북 포항시 북구,UzE1MDAwMDk4Mg==,12.6,8.8,24.9,32.8,19.7,19.8,하락,13.1,12.4,8.7,26.2,32.4,18.4,19.7,하락,14.0,25.7,16.0,32.6,24.6,2024
경북,47,북구,47113,고,포항예술고등학교,사립,경북 포항시 북구,UzE1MDAwMDk5MA==,22.6,25.7,23.5,17.2,16.8,21.2,연속↓,0.4,22.1,25.4,23.7,17.1,16.2,20.9,연속↓,0.9,32.6,26.1,30.4,27.3,2022
경북,47,북구,47113,고,유성여자고등학교,사립,경북 포항시 북구,UzE1MDAwMDk0MQ==,23.2,30.8,31.5,25.5,15.2,25.2,연속↓,10.4,22.8,30.9,30.8,24.5,14.9,24.8,연속↓,9.6,21.5,14.0,17.7,10.5,2022
경북,47,북구,47113,고,포항흥해공업고등학교,공립,,UzE1MDAwMTAxOA==,5.3,6.9,16.3,19.8,13.7,12.4,하락,6.0,5.0,7.9,16.9,19.3,14.4,12.7,하락,4.9,2.9,21.4,21.2,16.4,2024
경북,47,북구,47113,고,포항여자전자고등학교,공립,경북 포항시 북구,UzE1MDAwMDk4OA==,11.9,14.0,16.7,21.6,14.6,15.8,하락,7.0,11.9,14.0,16.1,20.8,13.7,15.3,하락,7.0,31.8,13.3,10.9,65.0,2024
경북,47,안동시,47170,중,북후중학교,공립,,UzE1MDAwMjI3OA==,28.3,13.3,13.5,29.4,44.2,25.7,연속↑,14.8,27.5,13.4,14.3,30.6,44.6,26.1,연속↑,14.0,44.4,57.1,57.1,33.3,2025
경북,47,안동시,47170,중,경안여자중학교,사립,,UzE1MDAwMjI3MA==,31.0,24.7,39.0,35.7,34.7,33.0,연속↓,1.0,30.3,24.1,39.4,35.4,34.5,32.8,연속↓,0.9,45.3,45.9,38.1,29.1,2023
경북,47,안동시,47170,중,안동여자중학교,공립,경북 안동시 법상동,UzE1MDAwMjI4MA==,33.6,23.1,39.5,36.5,35.0,33.6,연속↓,1.5,33.4,23.0,37.6,35.5,33.8,32.6,연속↓,1.7,48.3,29.9,48.3,35.9,2023
경북,47,안동시,47170,중,복주여자중학교,공립,경북 안동시 당북동,UzE1MDAwMjI3Nw==,30.7,26.2,37.1,35.3,32.7,32.4,연속↓,2.6,29.9,25.5,36.2,35.5,32.9,32.0,연속↓,2.6,43.8,38.5,48.6,35.3,2023
경북,47,안동시,47170,중,풍산중학교,사립,경북 안동시 풍산읍,UzE1MDAwMjI5MA==,29.3,24.3,31.7,30.9,31.6,29.6,반등,0.7,29.2,23.9,31.3,30.4,30.7,29.1,반등,0.3,40.5,33.3,48.6,40.5,2023
경북,47,안동시,47170,중,경덕중학교,사립,,UzE1MDAwMjI2OQ==,26.0,21.1,24.9,24.6,29.5,25.2,반등,5.0,26.1,20.5,25.2,24.4,28.9,25.0,반등,4.5,41.9,36.5,36.1,44.2,2025
경북,47,안동시,47170,중,길안중학교,공립,,UzE1MDAwMjI3Mg==,31.5,16.6,21.2,30.1,27.8,25.4,하락,2.4,31.7,15.5,22.0,31.1,27.6,25.6,하락,3.5,33.3,40.0,66.7,0.0,2021
경북,47,안동시,47170,중,안동중학교,공립,경북 안동시 태화동,UzE1MDAwMjI4MQ==,26.4,18.4,22.9,27.6,24.8,24.0,하락,2.8,26.5,18.0,23.1,27.3,24.3,23.8,하락,3.1,38.3,26.1,31.7,45.7,2024
경북,47,안동시,47170,중,경안중학교,사립,경북 안동시 송현동,UzE1MDAwMjI3MQ==,24.4,24.1,28.6,26.6,23.4,25.4,연속↓,3.1,24.1,24.0,29.2,27.6,24.0,25.8,연속↓,3.5,23.6,37.8,28.0,32.5,2023
경북,47,안동시,47170,중,풍천중학교,공립,,UzE1MDAwMjI5MQ==,34.0,24.9,36.2,25.8,24.7,29.1,연속↓,1.1,34.0,23.9,35.7,24.7,23.5,28.4,연속↓,1.2,43.5,21.6,31.4,43.3,2023
경북,47,안동시,47170,중,일직중학교,사립,경북 안동시 일직면,UzE1MDAwMjI4Nw==,11.3,9.5,25.1,19.3,19.7,17.0,반등,0.3,11.0,9.9,26.1,19.3,18.5,17.0,연속↓,0.9,44.4,14.3,25.0,71.4,2023
경북,47,안동시,47170,중,웅부중학교,공립,,UzE1MDAwNjQ5Ng==,20.2,18.6,23.1,16.8,18.4,19.4,반등,1.6,20.6,18.1,23.0,17.5,18.3,19.5,반등,0.9,26.1,31.3,30.4,56.3,2023
경북,47,안동시,47170,중,길주중학교,공립,,UzE1MDAwMjI3Mw==,31.7,23.7,28.6,21.3,17.9,24.6,연속↓,3.5,30.9,24.0,28.4,21.3,18.0,24.5,연속↓,3.3,20.0,31.6,32.0,45.0,2021
경북,47,안동시,47170,고,풍산고등학교,사립,,UzE1MDAwMDk5OQ==,55.4,82.1,77.4,71.9,40.2,65.4,연속↓,31.7,56.6,83.6,78.4,69.6,40.6,65.8,연속↓,29.1,85.3,45.1,47.1,1.0,2022
경북,47,안동시,47170,고,안동여자고등학교,공립,,UzE1MDAwMDg5Ng==,31.7,19.4,22.7,17.9,36.5,25.7,반등,18.6,30.0,18.4,21.4,18.2,36.4,24.9,반등,18.3,31.9,48.8,58.0,6.6,2025
경북,47,안동시,47170,고,경안고등학교,사립,경북 안동시 금곡동,UzE1MDAwMDczMA==,8.1,21.1,14.8,17.4,30.8,18.4,연속↑,13.4,8.1,20.9,14.8,17.2,31.0,18.4,연속↑,13.8,47.7,53.1,48.5,7.5,2025
경북,47,안동시,47170,고,길원여자고등학교,사립,,UzE1MDAwMDc3Ng==,36.8,32.2,36.9,53.0,27.6,37.3,하락,25.4,37.5,30.5,36.9,53.0,28.2,37.2,하락,24.9,30.3,48.0,24.6,4.1,2024
경북,47,안동시,47170,고,예일메디텍고등학교,사립,,UzE1MDAwMDkwNw==,8.5,21.7,26.9,20.1,26.2,20.7,반등,6.2,8.4,20.5,26.7,18.3,24.2,19.6,반등,5.9,25.4,13.4,57.1,20.9,2023
경북,47,안동시,47170,고,안동중앙고등학교,사립,경북 안동시 태화동,UzE1MDAwMDg5Nw==,17.0,16.1,25.6,16.5,23.3,19.7,반등,6.8,17.7,17.5,26.0,16.7,23.3,20.2,반등,6.6,26.7,23.6,25.2,6.3,2023
경북,47,안동시,47170,고,경안여자고등학교,사립,경북 안동시 송현동,UzE1MDAwMDczMg==,10.6,7.1,9.2,16.3,18.0,12.2,연속↑,1.7,10.2,6.5,8.5,15.5,19.3,12.0,연속↑,3.8,14.7,37.6,25.7,28.2,2025
경북,47,안동시,47170,고,경북하이텍고등학교,사립,경북하이텍고등학교,UzE1MDAwMDg5Mw==,9.2,11.4,16.1,18.1,16.9,14.3,하락,1.2,8.9,11.2,15.7,16.9,16.2,13.8,하락,0.7,18.9,17.9,26.8,63.0,2024
경북,47,안동시,47170,고,경일고등학교,사립,경북 안동시 신안동,UzE1MDAwMDczMw==,9.0,12.8,8.4,26.7,16.2,14.6,하락,10.4,9.1,12.8,8.4,24.3,16.1,14.1,하락,8.2,17.3,15.4,21.2,64.2,2024
경북,47,안동시,47170,고,성창여자고등학교,사립,,UzE1MDAwMDg2NQ==,8.1,5.1,6.1,3.9,14.8,7.6,반등,10.9,9.0,5.5,6.4,3.9,14.7,7.9,반등,10.8,22.2,22.2,11.1,77.8,2025
경북,47,안동시,47170,고,안동고등학교,공립,,UzE1MDAwMDg5MQ==,9.0,13.7,20.0,13.5,14.2,14.1,반등,0.7,8.6,13.4,18.0,13.5,14.3,13.5,반등,0.8,11.4,25.8,35.6,16.8,2023
경북,47,안동시,47170,고,성희여자고등학교,사립,경북 안동시 정하동,UzE1MDAwMDg2Ng==,14.4,11.4,29.7,22.2,11.7,17.9,연속↓,10.5,15.4,11.2,28.2,21.0,10.7,17.3,연속↓,10.4,19.6,8.0,16.7,40.0,2023
경북,47,안동시,47170,고,한국생명과학고등학교,공립,경북 안동시 옥동,UzE1MDAwMDg5NQ==,6.4,7.0,7.3,11.7,10.8,8.6,하락,0.9,6.5,6.8,7.5,11.0,10.2,8.4,하락,0.8,26.8,8.7,8.7,33.6,2024
경북,47,청송군,47750,중,안덕중학교,공립,,UzE1MDAwMzM3MQ==,27.6,25.6,32.3,33.9,37.7,31.4,연속↑,3.8,27.4,24.6,32.4,34.8,39.3,31.7,연속↑,4.5,31.3,71.4,71.4,31.3,2025
경북,47,청송군,47750,중,구천중학교,공립,,UzE1MDAwMzM2OA==,28.3,18.1,17.5,17.9,36.7,23.7,연속↑,18.8,30.2,17.6,18.4,18.6,38.6,24.7,연속↑,20.0,40.0,60.0,40.0,40.0,2025
경북,47,청송군,47750,중,청송여자중학교,사립,,UzE1MDAwMzM3NA==,26.3,27.1,23.8,29.9,33.5,28.1,연속↑,3.6,26.0,27.0,22.9,30.6,34.4,28.2,연속↑,3.8,32.0,56.0,48.0,50.0,2025
경북,47,청송군,47750,중,현동중학교,사립,경북 청송군 현동면,UzE1MDAwMzM3Nw==,46.9,39.8,35.4,37.3,32.3,38.3,하락,5.0,48.2,39.1,33.9,37.1,32.2,38.1,하락,4.9,54.5,37.5,37.5,62.5,2021
경북,47,청송군,47750,중,현서중학교,공립,,UzE1MDAwMzM3OA==,33.3,22.6,34.4,21.6,25.9,27.6,반등,4.3,33.2,22.0,33.6,20.6,25.8,27.0,반등,5.1,33.3,33.3,33.3,66.7,2023
경북,47,청송군,47750,중,진성중학교,사립,,UzE1MDAwMzM3Mw==,19.2,20.7,16.5,14.8,22.4,18.7,반등,7.7,19.6,20.3,16.4,13.7,23.2,18.6,반등,9.5,30.8,30.8,30.8,73.7,2025
경북,47,청송군,47750,중,진보중학교,공립,경북 청송군 진보면,UzE1MDAwNjIzMw==,23.4,27.2,41.7,16.4,24.3,26.6,반등,8.0,23.9,28.1,43.0,14.7,23.1,26.6,반등,8.4,25.0,18.8,43.8,61.5,2023
경북,47,청송군,47750,중,청송중학교,공립,,UzE1MDAwMzM3NQ==,21.6,24.3,35.0,20.4,22.7,24.8,반등,2.3,22.7,24.4,35.5,19.4,22.6,24.9,반등,3.2,28.6,28.6,40.0,52.4,2023
경북,47,청송군,47750,중,청송중학교부동분교장,공립,,UzE1MDAwMzM3Ng==,25.0,37.5,25.0,8.3,8.3,20.8,→보합,,21.4,35.7,23.8,8.3,8.3,19.5,→보합,,33.3,33.3,0.0,100.0,2022
경북,47,청송군,47750,고,현서고등학교,공립,경북 청송군 현서면,UzE1MDAwMTAwNw==,19.5,0.0,16.7,15.8,28.8,16.1,반등,12.9,18.3,0.0,14.3,14.7,22.8,14.0,연속↑,8.1,50.0,18.8,37.5,25.0,2025
경북,47,청송군,47750,고,경북골프경영고등학교,사립,경북골프경영고등학교,UzE1MDAwMDk2OA==,0.0,29.2,5.2,0.0,23.2,11.5,반등,23.2,0.0,25.0,6.0,0.0,15.5,9.3,반등,15.5,33.3,16.7,,85.7,2022
경북,47,청송군,47750,고,청송고등학교,공립,,UzE1MDAwMDk2Nw==,19.5,12.5,12.7,20.5,16.7,16.4,하락,3.8,19.1,11.8,13.3,20.1,15.5,15.9,하락,4.6,16.7,8.3,25.0,58.3,2024
경북,47,청송군,47750,고,진보고등학교,공립,,UzE1MDAwMDk2Mg==,14.5,9.8,17.5,16.1,16.7,14.9,반등,0.6,13.7,10.1,16.7,15.8,13.5,13.9,연속↓,2.3,,38.9,5.6,33.3,2023
경북,47,청송군,47750,고,청송여자고등학교,사립,,UzE1MDAwMDk2OQ==,10.9,13.5,8.6,12.4,13.3,11.7,연속↑,1.0,11.6,12.8,8.1,11.2,12.0,11.1,연속↑,0.9,12.0,4.0,28.0,68.0,2022
경북,47,영양군,47760,중,영양중학교,공립,경북 영양군 영양읍,UzE1MDAwMjU4Mg==,27.8,21.0,23.8,30.5,34.2,27.5,연속↑,3.7,27.2,21.2,23.5,30.8,35.5,27.7,연속↑,4.7,37.8,45.9,32.4,44.4,2025
경북,47,영양군,47760,중,석보중학교,공립,,UzE1MDAwMjU3OQ==,11.1,41.7,35.7,19.1,26.7,26.9,반등,7.6,10.7,40.5,36.8,19.1,26.8,26.8,반등,7.7,50.0,40.0,50.0,40.0,2022
경북,47,영양군,47760,중,수비중학교,공립,,UzE1MDAwMjU4MA==,15.0,29.0,33.7,20.6,30.6,25.8,반등,10.0,15.5,28.8,33.9,19.0,26.2,24.7,반등,7.1,100.0,0.0,100.0,66.7,2023
경북,47,영양군,47760,중,영양여자중학교,사립,,UzE1MDAwMjU4MQ==,27.9,21.7,31.1,16.9,18.5,23.2,반등,1.6,27.1,20.8,32.1,17.0,18.8,23.2,반등,1.8,14.6,26.1,29.3,53.7,2023
경북,47,영양군,47760,고,영양여자고등학교,사립,경북 영양군 영양읍,UzE1MDAwMDkwOQ==,16.7,8.9,9.6,21.9,25.5,16.5,연속↑,3.6,17.3,8.9,8.7,22.1,26.2,16.6,연속↑,4.1,27.8,36.1,27.8,25.0,2025
경북,47,영양군,47760,고,영양고등학교,공립,경북 영양군 영양읍,UzE1MDAwMDkwOA==,8.3,15.6,20.9,32.1,23.0,20.0,하락,9.0,8.0,15.0,19.1,31.9,19.3,18.7,하락,12.5,10.3,26.7,33.3,40.0,2024
경북,47,영양군,47760,고,수비고등학교,공립,,UzE1MDAwMDg3MA==,22.9,9.3,15.6,26.7,25.0,19.9,하락,1.7,21.4,8.7,14.8,27.1,7.1,15.8,하락,20.0,25.0,,25.0,75.0,2024
경북,47,영덕군,47770,중,남정중학교,공립,,UzE1MDAwMjQ3NQ==,23.3,58.3,66.7,44.4,35.6,45.7,연속↓,8.9,23.4,59.8,66.1,44.6,36.2,46.0,연속↓,8.4,40.0,66.7,66.7,20.0,2023
경북,47,영덕군,47770,중,지품중학교,공립,,UzE1MDAwMjQ4Mw==,35.3,5.0,23.3,26.7,37.5,25.6,연속↑,10.8,33.5,5.0,22.3,29.3,35.3,25.1,연속↑,6.0,100.0,50.0,100.0,25.0,2025
경북,47,영덕군,47770,중,영덕여자중학교,사립,,UzE1MDAwMjQ3OA==,22.1,24.6,23.4,25.6,34.2,26.0,연속↑,8.6,22.1,24.7,22.1,23.1,31.2,24.6,연속↑,8.1,53.5,16.7,58.1,43.8,2025
경북,47,영덕군,47770,중,영덕중학교,공립,,UzE1MDAwMjQ3OQ==,24.6,23.7,29.9,26.1,29.9,26.8,반등,3.8,24.9,24.1,30.4,27.3,29.5,27.2,반등,2.2,40.9,34.6,48.8,44.2,2023
경북,47,영덕군,47770,중,병곡중학교,공립,,UzE1MDAwMjQ3Nw==,4.2,18.5,26.8,20.3,27.2,19.4,반등,6.9,3.6,17.5,28.6,17.9,26.8,18.8,반등,8.9,42.9,28.6,40.0,60.0,2023
경북,47,영덕군,47770,중,영해중학교,공립,,UzE1MDAwMjQ4Mg==,25.4,22.5,26.4,19.6,23.4,23.5,반등,3.8,25.6,21.8,25.6,19.5,23.2,23.2,반등,3.7,32.1,32.7,35.4,48.9,2023
경북,47,영덕군,47770,중,축산중학교,공립,,UzE1MDAwMjQ4NQ==,67.8,42.9,16.7,37.5,22.9,37.6,하락,14.6,67.1,43.0,17.9,38.6,22.9,37.9,하락,15.7,50.0,33.3,33.3,80.0,2021
경북,47,영덕군,47770,중,강구중학교,공립,,UzE1MDAwMjQ3NA==,20.7,12.2,15.2,17.2,7.9,14.6,하락,9.2,21.1,12.2,15.1,17.2,8.0,14.7,하락,9.2,15.2,12.1,15.2,79.4,2021
경북,47,영덕군,47770,고,영해고등학교,공립,,UzE1MDAwMDkyNA==,20.1,22.6,21.8,25.2,35.6,25.0,연속↑,10.4,18.1,22.8,22.6,25.5,34.3,24.7,연속↑,8.7,53.8,30.8,44.4,27.8,2025
경북,47,영덕군,47770,고,영덕여자고등학교,사립,,UzE1MDAwMDkwNA==,19.3,34.1,15.0,13.6,26.7,21.7,반등,13.2,20.5,34.9,16.8,14.1,28.2,22.9,반등,14.1,18.4,39.5,28.9,28.9,2022
경북,47,영덕군,47770,고,영덕고등학교,공립,,UzE1MDAwMDkwNQ==,15.9,20.7,14.7,12.3,19.8,16.7,반등,7.5,16.3,21.5,14.7,12.1,20.3,17.0,반등,8.2,20.4,24.5,26.5,53.1,2022
경북,47,영덕군,47770,고,강구정보고등학교,공립,,UzE1MDAwMDcxNg==,25.8,22.8,23.6,10.0,13.3,19.1,반등,3.4,26.7,24.0,23.8,12.8,12.9,20.0,반등,,30.0,10.0,10.0,50.0,2021
경북,47,울진군,47930,중,후포중학교,공립,,UzE1MDAwMzAzNQ==,26.2,25.3,21.4,19.9,32.6,25.1,반등,12.7,26.9,25.2,20.8,18.8,32.7,24.9,반등,13.9,31.8,45.5,51.0,47.1,2025
경북,47,울진군,47930,중,부구중학교,공립,경북 울진군 북면,UzE1MDAwMzAyNg==,35.3,29.4,27.0,30.1,33.2,31.0,연속↑,3.0,35.4,29.0,26.3,29.9,31.9,30.5,연속↑,1.9,51.4,33.3,41.7,53.2,2021
경북,47,울진군,47930,중,울진중학교,공립,경북 울진군 울진읍,UzE1MDAwMzAyOQ==,26.6,22.1,26.5,27.1,28.6,26.2,연속↑,1.4,27.1,21.8,26.8,27.1,28.8,26.3,연속↑,1.7,21.0,38.7,48.4,32.4,2025
경북,47,울진군,47930,중,기성중학교,공립,경북 울진군 기성면,UzE1MDAwMzAyNA==,38.1,36.4,21.4,20.6,29.3,29.2,반등,8.7,34.7,32.2,19.6,18.8,27.0,26.5,반등,8.2,57.1,40.0,40.0,80.0,2021
경북,47,울진군,47930,중,죽변중학교,공립,경북 울진군 죽변면,UzE1MDAwMzAzMg==,20.6,25.1,30.0,22.8,24.1,24.5,반등,1.3,20.2,25.1,30.6,22.7,22.9,24.3,반등,0.2,36.0,26.9,40.0,52.0,2023
경북,47,울진군,47930,중,매화중학교,공립,,UzE1MDAwMzAyNQ==,30.6,41.7,33.3,20.5,24.5,30.1,반등,4.0,31.0,41.7,30.1,19.6,22.7,29.0,반등,3.1,50.0,33.3,50.0,80.0,2022
경북,47,울진군,47930,중,평해중학교,공립,경북 울진군 평해읍,UzE1MDAwMzAzNA==,33.0,19.3,12.2,12.3,20.5,19.5,연속↑,8.2,32.1,17.3,11.0,11.7,19.6,18.4,연속↑,7.9,66.7,33.3,33.3,75.0,2021
경북,47,울진군,47930,중,온정중학교,공립,,UzE1MDAwMzAyNw==,47.9,20.9,17.0,11.7,18.8,23.3,반등,7.1,47.3,22.0,16.4,11.4,18.3,23.1,반등,6.9,50.0,50.0,37.5,100.0,2021
경북,47,울진군,47930,고,한국원자력마이스터고등학교,공립,,UzE1MDAwMDk3OA==,31.4,38.5,35.5,29.8,26.6,32.4,연속↓,3.2,29.0,37.9,36.1,30.6,26.9,32.1,연속↓,3.7,31.7,36.7,38.3,5.0,2022
경북,47,울진군,47930,고,후포고등학교,공립,,UzE1MDAwMTAxNg==,7.5,10.2,16.7,28.1,25.4,17.6,하락,2.7,7.4,10.6,17.1,27.5,26.5,17.8,하락,1.0,25.4,33.9,22.0,15.3,2024
경북,47,울진군,47930,고,울진고등학교,공립,경북 울진군 울진읍,UzE1MDAwMDkzOA==,1.6,4.7,33.1,28.9,18.6,17.4,연속↓,10.4,1.5,4.8,39.9,32.2,20.6,19.8,연속↓,11.6,13.4,41.0,12.4,6.6,2023
경북,47,울진군,47930,고,죽변고등학교,공립,,UzE1MDAwMDk1NQ==,7.5,17.2,8.3,8.1,18.4,11.9,반등,10.3,6.8,17.7,7.6,7.3,18.5,11.6,반등,11.2,24.6,20.6,16.2,36.8,2025
경북,47,울진군,47930,고,경북관광비즈니스고등학교,공립,경북관광비즈니스고등학교,UzE1MDAwMDk4MA==,8.0,8.6,1.2,5.7,11.8,7.1,연속↑,6.1,7.9,8.1,1.0,4.9,8.8,6.2,연속↑,4.0,11.8,5.9,17.6,88.2,2025
경북,47,의성군,47730,중,옥산중학교,공립,경북 의성군 옥산면,UzE1MDAwMzE0OA==,50.6,11.1,66.7,39.6,45.8,42.8,반등,6.3,52.4,11.9,57.1,36.6,44.0,40.4,반등,7.4,100.0,50.0,37.5,37.5,2023
경북,47,의성군,47730,중,안계중학교,공립,,UzE1MDAwMzE0NA==,28.6,14.5,20.0,27.1,29.3,23.9,연속↑,2.2,27.9,15.3,20.6,28.0,30.2,24.4,연속↑,2.2,23.8,38.5,42.9,53.8,2025
경북,47,의성군,47730,중,의성여자중학교,공립,경북 의성군 의성읍,UzE1MDAwMzE0OQ==,26.5,25.6,33.5,26.6,27.4,27.9,반등,0.8,25.9,25.4,33.4,25.6,27.2,27.5,반등,1.7,28.3,48.7,38.5,58.7,2023
경북,47,의성군,47730,중,경북중부중학교,공립,경북중부중학교,UzE1MDAwNjQ3OA==,15.3,25.5,21.0,20.0,26.2,21.6,반등,6.3,15.5,25.1,19.8,20.2,26.0,21.3,연속↑,5.9,42.9,28.6,28.6,57.1,2025
경북,47,의성군,47730,중,의성중학교,공립,경북 의성군 의성읍,UzE1MDAwMzE1MA==,27.0,21.0,27.8,28.2,24.8,25.7,하락,3.4,26.5,21.1,27.3,28.1,24.5,25.5,하락,3.5,33.9,27.4,30.6,56.1,2024
경북,47,의성군,47730,중,금성중학교,공립,,UzE1MDAwMzEzNQ==,23.6,24.1,26.0,19.2,23.6,23.3,반등,4.4,23.5,23.5,28.1,18.5,24.4,23.6,반등,5.9,28.6,40.0,20.0,42.9,2023
경북,47,의성군,47730,중,삼성중학교,사립,,UzE1MDAwMzE0MQ==,33.7,14.1,18.8,19.9,24.7,22.2,연속↑,4.8,34.1,14.5,18.6,19.4,24.2,22.2,연속↑,4.8,30.8,38.5,46.2,56.3,2021
경북,47,의성군,47730,중,다인중학교,공립,,UzE1MDAwMzEzNg==,31.9,16.7,31.8,38.9,26.4,29.1,하락,12.5,32.1,16.0,29.9,39.1,23.8,28.2,하락,15.3,100.0,16.7,33.3,50.0,2024
경북,47,의성군,47730,중,탑리여자중학교,사립,,UzE1MDAwMzE1NQ==,17.1,19.3,41.5,31.9,18.7,25.7,연속↓,13.2,16.6,18.8,42.5,30.9,19.0,25.6,연속↓,11.9,33.3,50.0,33.3,75.0,2023
경북,47,의성군,47730,중,봉양중학교,공립,,UzE1MDAwMzEzOA==,8.3,14.4,15.3,15.7,11.8,13.1,하락,3.9,7.1,13.5,14.9,14.8,11.9,12.4,연속↓,2.9,50.0,25.0,0.0,75.0,2023
경북,47,의성군,47730,고,의성여자고등학교,공립,경북 의성군 의성읍,UzE1MDAwMDk0Ng==,11.1,9.4,27.6,18.2,29.2,19.1,반등,11.0,10.5,9.0,25.7,18.2,29.6,18.6,반등,11.5,32.5,32.5,32.5,15.0,2025
경북,47,의성군,47730,고,의성고등학교,사립,경북 의성군 의성읍,UzE1MDAwMDk0NA==,4.5,5.8,12.1,15.4,26.9,12.9,연속↑,11.5,4.2,5.7,12.0,16.2,27.2,13.0,연속↑,11.0,33.3,31.6,33.3,21.1,2025
경북,47,의성군,47730,고,안계고등학교,공립,,UzE1MDAwNTY3OA==,12.5,11.9,11.5,9.7,23.5,13.8,반등,13.8,13.0,12.3,12.4,10.0,24.4,14.4,반등,14.3,29.4,35.3,23.5,58.8,2025
경북,47,의성군,47730,고,금성고등학교,공립,,UzE1MDAwMDc2NQ==,11.3,11.8,0.0,9.5,20.8,10.7,연속↑,11.3,11.3,11.8,0.0,8.6,19.6,10.2,연속↑,11.1,33.3,16.7,25.0,58.3,2025
경북,47,의성군,47730,고,경북소프트웨어마이스터고등학교,공립,경북소프트웨어마이스터고등학교,UzE1MDAwMDgyMg==,8.4,10.4,11.5,6.6,11.5,9.7,반등,4.9,8.6,10.1,11.5,6.3,11.6,9.6,반등,5.4,10.9,20.3,15.3,43.8,2025
경북,47,의성군,47730,고,의성유니텍고등학교,공립,경북 의성군 의성읍,UzE1MDAwMDk0NQ==,5.1,1.5,5.0,2.3,11.9,5.2,반등,9.6,5.4,1.8,5.3,2.1,8.8,4.7,반등,6.7,13.3,4.7,20.9,9.3,2025
경북,47,구미시,47190,중,봉곡중학교,공립,,UzE1MDAwNjAzMw==,24.1,22.0,37.0,31.1,34.5,29.7,반등,3.4,23.6,21.8,37.1,31.8,34.1,29.7,반등,2.3,33.1,44.0,49.4,34.6,2023
경북,47,구미시,47190,중,구미여자중학교,공립,,UzE1MDAwMTM5NA==,36.5,27.3,36.5,35.4,33.7,33.9,연속↓,1.6,36.1,27.2,36.7,34.6,33.4,33.6,연속↓,1.3,37.8,34.2,49.6,26.1,2023
경북,47,구미시,47190,중,선주중학교,공립,,UzE1MDAwNjE1MA==,22.7,26.6,33.6,28.4,32.9,28.9,반등,4.5,22.5,26.6,33.4,28.5,32.3,28.7,반등,3.8,40.3,37.7,38.5,33.3,2023
경북,47,구미시,47190,중,구미인덕중학교,공립,,UzE1MDAwNjQ5MQ==,29.6,26.1,32.9,30.5,31.2,30.1,반등,0.7,29.9,26.8,33.4,31.2,31.7,30.6,반등,0.5,30.6,50.6,38.0,29.7,2023
경북,47,구미시,47190,중,선산중학교,공립,,UzE1MDAwMTQwMw==,24.0,23.3,24.8,29.2,31.7,26.6,연속↑,2.4,23.6,22.8,24.8,29.2,31.6,26.4,연속↑,2.4,37.4,42.5,37.4,32.1,2025
경북,47,구미시,47190,중,해마루중학교,공립,,UzE1MDAwNjQ3OQ==,30.2,24.9,28.4,31.5,30.2,29.0,하락,1.3,31.2,25.2,28.6,32.2,30.3,29.5,하락,2.0,40.6,51.4,47.0,23.4,2024
경북,47,구미시,47190,중,금오중학교,공립,경북 구미시 임은동,UzE1MDAwMTM5Ng==,25.2,23.7,29.8,31.5,30.1,28.0,하락,1.4,25.7,23.7,29.6,30.4,29.3,27.7,하락,1.1,35.4,38.0,45.7,43.8,2024
경북,47,구미시,47190,중,형곡중학교,공립,,UzE1MDAwMTQxMQ==,35.3,27.0,37.0,30.2,28.5,31.6,연속↓,1.6,35.6,26.6,37.6,30.1,28.4,31.7,연속↓,1.7,36.9,32.8,39.2,39.8,2023
경북,47,구미시,47190,중,현일중학교,사립,,UzE1MDAwMTQxMA==,33.1,18.5,23.8,26.8,28.5,26.1,연속↑,1.7,33.2,18.2,23.1,26.6,28.4,25.9,연속↑,1.8,30.9,39.5,44.7,38.6,2021
경북,47,구미시,47190,중,천생중학교,공립,경북 구미시 구평동,UzE1MDAwNjI3Ng==,29.5,23.5,27.4,26.0,28.0,26.9,반등,1.9,29.0,22.9,26.5,25.7,27.6,26.3,반등,1.9,41.0,30.4,41.0,41.8,2021
경북,47,구미시,47190,중,옥계동부중학교,공립,,UzE1MDAwNjMxOQ==,39.0,28.4,34.3,32.0,27.8,32.3,연속↓,4.2,38.4,28.2,33.5,30.8,27.2,31.6,연속↓,3.7,30.0,33.2,44.4,40.1,2021
경북,47,구미시,47190,중,경구중학교,사립,,UzE1MDAwMTM5MQ==,24.4,18.9,24.8,32.3,26.3,25.3,하락,6.0,25.3,18.7,25.1,32.5,27.1,25.7,하락,5.4,35.5,35.5,31.7,41.5,2024
경북,47,구미시,47190,중,무을중학교,공립,경북 구미시 무을면,UzE1MDAwMTM5OQ==,16.7,41.7,33.3,22.9,26.3,28.2,반등,3.4,17.9,42.9,31.3,24.1,26.4,28.5,반등,2.3,27.3,36.4,45.5,75.0,2022
경북,47,구미시,47190,중,도송중학교,공립,경북 구미시 도량2동,UzE1MDAwMTM5OA==,36.1,20.9,30.9,25.6,25.3,27.7,연속↓,0.3,35.5,20.9,31.2,25.6,25.6,27.8,→보합,0.1,24.4,30.2,36.8,42.1,2021
경북,47,구미시,47190,중,오태중학교,공립,경북 구미시 오태동,UzE1MDAwNjI3Nw==,23.6,20.9,20.7,16.0,24.5,21.1,반등,8.5,24.3,20.9,21.4,16.5,25.4,21.7,반등,8.9,21.9,46.5,32.5,41.7,2025
경북,47,구미시,47190,중,구미중학교,공립,,UzE1MDAwMTM5NQ==,28.2,20.7,27.7,24.1,25.7,25.3,반등,1.7,28.9,20.6,27.3,23.7,25.3,25.2,반등,1.7,36.4,25.0,34.4,39.6,2021
경북,47,구미시,47190,중,산동중학교,공립,경북 구미시 산동면,UzE1MDAwMTQwMA==,36.6,26.1,35.5,28.4,25.1,30.3,연속↓,3.3,36.2,24.9,35.3,27.3,25.2,29.8,연속↓,2.0,30.4,33.3,43.5,60.0,2021
경북,47,구미시,47190,중,구미신평중학교,공립,,UzE1MDAwMTM5Mw==,24.6,18.2,26.1,26.7,25.4,24.2,하락,1.3,24.6,18.4,25.8,26.6,25.1,24.1,하락,1.5,19.3,36.8,50.0,34.9,2024
경북,47,구미시,47190,중,송정여자중학교,공립,경북 구미시 송정동,UzE1MDAwMTQwNA==,37.8,28.6,25.1,23.1,25.4,28.0,반등,2.3,38.0,28.2,25.2,24.0,24.5,28.0,반등,0.6,33.0,28.1,39.3,36.5,2021
경북,47,구미시,47190,중,형남중학교,공립,,UzE1MDAwMTQxMg==,33.0,27.4,31.2,24.9,24.0,28.1,연속↓,1.0,32.7,27.3,31.5,25.2,23.8,28.1,연속↓,1.4,28.1,25.8,38.3,42.3,2021
경북,47,구미시,47190,중,상모중학교,공립,,UzE1MDAwNTMyNg==,27.0,15.7,18.1,22.5,21.8,21.0,하락,0.7,27.0,15.2,18.3,21.8,21.6,20.8,하락,0.2,24.5,31.7,29.8,48.3,2021
경북,47,구미시,47190,중,옥계중학교,공립,경북 구미시 거의동,UzE1MDAwMTQwNg==,26.0,18.5,26.4,20.0,20.8,22.4,반등,0.8,26.7,17.8,25.8,18.7,21.2,22.0,반등,2.5,21.3,26.5,28.1,50.3,2021
경북,47,구미시,47190,중,광평중학교,공립,,UzE1MDAwNjI2NQ==,19.5,20.5,23.2,19.2,21.3,20.7,반등,2.1,20.0,20.2,22.9,18.5,21.2,20.6,반등,2.7,29.2,25.0,40.3,56.8,2023
경북,47,구미시,47190,중,인동중학교,공립,,UzE1MDAwMTQwNw==,24.8,19.8,20.2,23.5,21.2,21.9,하락,2.3,24.3,19.3,19.3,22.8,20.6,21.2,하락,2.2,21.7,21.7,31.1,57.0,2021
경북,47,구미시,47190,중,해평중학교,공립,,UzE1MDAwMTQwOQ==,43.5,35.5,38.6,14.4,19.2,30.3,반등,4.8,43.5,35.3,39.1,14.6,19.3,30.4,반등,4.7,30.0,40.0,50.0,60.0,2021
경북,47,구미시,47190,중,진평중학교,공립,경북 구미시 진평동,UzE1MDAwMTQwOA==,16.9,20.8,31.8,25.6,18.8,22.8,연속↓,6.8,16.1,19.8,31.7,25.7,18.5,22.4,연속↓,7.1,12.9,21.8,32.6,54.4,2023
경북,47,구미시,47190,중,오상중학교,사립,,UzE1MDAwMTQwNQ==,18.5,15.7,19.7,12.2,14.1,16.0,반등,1.9,19.0,14.9,18.9,11.6,13.3,15.5,반등,1.7,36.7,16.3,20.4,86.7,2021
경북,47,구미시,47190,중,도개중학교,사립,경북 구미시 도개면,UzE1MDAwMTM5Nw==,8.8,8.1,12.8,15.9,13.2,11.8,하락,2.7,9.3,8.2,13.5,16.2,12.9,12.0,하락,3.3,23.5,17.6,15.4,57.7,2024
경북,47,구미시,47190,고,구미고등학교,공립,,UzE1MDAwMDc1Mw==,6.0,12.1,4.0,4.1,37.7,12.7,연속↑,33.6,5.5,10.6,3.5,3.7,37.0,12.1,연속↑,33.2,46.0,40.4,45.1,18.8,2025
경북,47,구미시,47190,고,오상고등학교,사립,,UzE1MDAwMDkzMQ==,12.0,15.8,20.7,15.0,35.8,19.8,반등,20.9,11.4,15.3,19.3,14.2,36.0,19.2,반등,21.8,43.6,38.4,45.6,1.5,2025
경북,47,구미시,47190,고,경구고등학교,사립,경북 구미시 봉곡동,UzE1MDAwMDcxOA==,18.6,24.2,25.5,25.2,26.3,24.0,반등,1.1,18.2,24.5,24.7,25.6,27.1,24.0,연속↑,1.5,22.0,37.4,30.8,5.9,2025
경북,47,구미시,47190,고,금오공업고등학교,공립,,UzE1MDAwMDc2OQ==,22.5,19.1,28.4,38.7,26.2,27.0,하락,12.4,21.6,18.9,28.1,37.8,26.6,26.6,하락,11.2,41.0,33.3,52.5,30.5,2024
경북,47,구미시,47190,고,현일고등학교,사립,경북 구미시 고아읍,UzE1MDAwMTAwOA==,36.0,29.6,34.1,56.4,26.4,36.5,하락,30.0,36.0,29.3,34.4,59.1,26.2,37.0,하락,32.9,41.5,29.0,32.9,6.1,2024
경북,47,구미시,47190,고,경북외국어고등학교,공립,경북외국어고등학교,UzE1MDAwMDcyMQ==,1.8,8.4,10.0,7.9,23.8,10.4,반등,15.9,1.8,7.3,9.5,7.1,24.7,10.1,반등,17.6,27.9,32.4,26.1,5.4,2025
경북,47,구미시,47190,고,구미전자공업고등학교,국립,,UzAwMDAwMzUzOQ==,15.6,16.3,25.2,21.3,22.1,20.1,반등,0.8,16.6,17.1,26.9,23.0,21.7,21.1,연속↓,1.3,11.6,19.5,45.5,13.7,2023
경북,47,구미시,47190,고,형곡고등학교,공립,경북 구미시 형곡동,UzE1MDAwNjI5MQ==,3.7,8.2,5.7,7.2,19.4,8.8,연속↑,12.2,3.8,7.5,5.2,6.9,21.1,8.9,연속↑,14.2,11.1,35.5,17.5,6.9,2025
경북,47,구미시,47190,고,구미정보고등학교,공립,,UzE1MDAwMDc1OA==,22.4,17.2,16.2,11.3,19.8,17.4,반등,8.5,22.0,16.2,15.4,10.6,21.0,17.0,반등,10.4,4.0,31.3,32.5,15.2,2021
경북,47,구미시,47190,고,도개고등학교,사립,경북 구미시 도개면,UzE1MDAwMDc5OA==,6.9,5.8,11.8,6.5,21.2,10.5,반등,14.7,6.2,5.3,12.8,7.0,20.8,10.4,반등,13.7,38.1,19.0,15.8,15.9,2025
경북,47,구미시,47190,고,금오고등학교,공립,,UzE1MDAwMDc2OA==,6.4,5.7,9.8,9.5,19.1,10.1,반등,9.6,5.5,5.4,8.8,10.1,19.3,9.8,연속↑,9.2,18.9,23.0,28.1,28.2,2025
경북,47,구미시,47190,고,선산고등학교,공립,경북 구미시 선산읍,UzE1MDAwMDg1MA==,4.7,6.1,13.5,15.3,19.5,11.8,연속↑,4.2,4.6,5.8,12.4,14.4,19.2,11.3,연속↑,4.8,17.3,18.8,28.8,39.5,2025
경북,47,구미시,47190,고,사곡고등학교,공립,경북 구미시 사곡동,UzE1MDAwNjE0MA==,7.2,5.4,6.7,7.9,17.5,8.9,연속↑,9.6,7.0,5.0,6.8,7.6,18.0,8.9,연속↑,10.4,10.2,22.7,24.1,34.0,2025
경북,47,구미시,47190,고,인동고등학교,공립,,UzE1MDAwNjA5Mw==,5.8,8.3,6.3,6.6,15.8,8.6,연속↑,9.3,6.4,8.6,6.6,6.2,16.3,8.8,반등,10.2,8.5,20.0,20.7,14.0,2025
경북,47,구미시,47190,고,구미여자고등학교,공립,,UzE1MDAwMDc1Ng==,4.2,12.9,20.3,13.9,16.1,13.5,반등,2.2,3.6,12.8,19.1,13.0,15.5,12.8,반등,2.5,13.3,15.2,28.9,20.0,2023
경북,47,구미시,47190,고,경북생활과학고등학교,공립,경북생활과학고등학교,UzE1MDAwMDcyMA==,12.7,9.8,16.6,12.9,13.9,13.2,반등,1.1,13.5,9.9,16.8,13.2,15.1,13.7,반등,1.9,11.1,23.1,15.4,17.9,2023
경북,47,구미시,47190,고,구미제일고등학교,사립,경북 구미시 지산동,UzE1MDAwMDc3MA==,9.1,10.6,12.1,12.3,16.3,12.1,연속↑,4.0,9.1,9.9,11.3,11.6,15.1,11.4,연속↑,3.4,19.1,9.4,37.7,14.2,2025
경북,47,구미시,47190,고,구미산동고등학교,공립,,UzE1MDAwNjUxMg==,4.1,4.9,7.7,3.8,15.4,7.2,반등,11.5,3.9,4.4,7.1,3.8,14.9,6.8,반등,11.1,17.5,11.8,24.1,12.3,2025
경북,47,구미시,47190,고,선주고등학교,공립,,UzE1MDAwNjE0MQ==,6.3,5.1,8.7,9.3,11.3,8.1,연속↑,2.0,6.8,5.1,7.9,9.6,11.0,8.1,연속↑,1.4,12.2,10.1,17.1,38.2,2025
경북,47,구미시,47190,고,구미여자상업고등학교,공립,경북 구미시 형곡동,UzE1MDAwMDc1OQ==,12.3,8.8,3.5,15.2,11.2,10.2,하락,4.1,12.4,9.0,3.8,14.5,10.4,10.0,하락,4.2,16.7,6.6,14.6,61.8,2024
경북,47,구미시,47190,고,상모고등학교,공립,경북 구미시 상모동,UzE1MDAwNjEzOQ==,6.5,6.0,9.6,10.5,10.3,8.6,하락,0.2,6.3,5.8,9.4,10.4,9.7,8.3,하락,0.8,24.9,6.0,6.5,43.8,2024
경북,47,상주시,47250,중,낙동중학교,공립,,UzE1MDAwMjAyMQ==,75.0,37.5,75.0,47.2,36.1,54.2,연속↓,11.1,72.6,33.9,71.4,45.3,37.5,52.1,연속↓,7.7,66.7,66.7,66.7,50.0,2021
경북,47,상주시,47250,중,성신여자중학교,사립,,UzE1MDAwMjAzMQ==,33.2,21.8,28.6,32.5,37.7,30.8,연속↑,5.2,32.8,21.2,28.3,33.1,37.0,30.5,연속↑,4.0,47.0,41.1,49.5,37.4,2025
경북,47,상주시,47250,중,내서중학교,공립,경북 상주시 내서면,UzE1MDAwMjAyNA==,33.9,39.5,45.3,43.3,33.0,39.0,연속↓,10.3,34.2,40.3,45.2,44.3,35.0,39.8,연속↓,9.3,25.0,68.8,46.2,23.1,2023
경북,47,상주시,47250,중,남산중학교,사립,경북 상주시 낙양동,UzE1MDAwMjAyMw==,42.3,25.7,32.7,35.3,35.1,34.2,하락,0.2,42.3,24.8,31.4,34.5,34.6,33.5,연속↑,,39.8,33.6,47.4,36.7,2021
경북,47,상주시,47250,중,화동중학교,공립,,UzE1MDAwMjAzOQ==,22.0,34.8,29.1,31.7,31.0,29.7,하락,0.7,20.1,35.7,30.3,32.4,31.9,30.1,하락,0.6,50.0,60.0,50.0,37.5,2022
경북,47,상주시,47250,중,화북중학교,공립,,UzE1MDAwMjA0MQ==,43.3,23.1,31.7,23.8,32.2,30.8,반등,8.4,42.9,22.3,31.7,23.3,31.4,30.3,반등,8.1,50.0,50.0,28.6,50.0,2021
경북,47,상주시,47250,중,상지여자중학교,사립,경북 상주시 함창읍,UzE1MDAwMjAzMA==,30.6,16.4,24.1,24.1,31.7,25.4,상승,7.6,29.0,15.9,23.7,22.5,30.9,24.4,반등,8.3,33.3,41.7,50.0,63.0,2025
경북,47,상주시,47250,중,모서중학교,공립,,UzE1MDAwMjAyNQ==,30.1,17.0,33.2,28.5,27.8,27.3,연속↓,0.7,29.4,17.7,31.8,28.6,29.8,27.4,반등,1.2,50.0,50.0,50.0,58.3,2023
경북,47,상주시,47250,중,상주여자중학교,공립,,UzE1MDAwMjAyOA==,30.6,28.2,28.4,27.6,28.9,28.7,반등,1.3,29.5,27.3,28.3,27.1,29.0,28.2,반등,1.9,31.4,33.3,38.2,45.6,2021
경북,47,상주시,47250,중,중모중학교,공립,경북 상주시 모동면,UzE1MDAwMjAzNg==,18.1,20.2,19.0,14.0,24.0,19.1,반등,10.0,18.1,19.6,19.1,15.4,23.7,19.2,반등,8.3,37.5,25.0,62.5,25.0,2025
경북,47,상주시,47250,중,상주중학교,공립,경북 상주시 만산동,UzE1MDAwMjAyOQ==,32.6,22.0,30.6,26.8,23.8,27.2,연속↓,3.1,33.8,22.5,32.0,26.0,23.0,27.4,연속↓,3.0,27.2,23.1,41.6,54.7,2021
경북,47,상주시,47250,중,화령중학교,공립,경북 상주시 화서면,UzE1MDAwMjA0MA==,26.9,14.6,19.0,22.0,22.8,21.0,연속↑,0.8,27.2,14.0,18.4,22.8,22.0,20.9,하락,0.8,33.3,27.3,36.4,54.5,2021
경북,47,상주시,47250,중,청리중학교,공립,,UzE1MDAwMjAzNw==,27.3,36.7,43.2,30.3,19.6,31.4,연속↓,10.7,27.3,35.0,43.4,30.7,20.0,31.3,연속↓,10.8,30.0,30.0,30.0,63.6,2023
경북,47,상주시,47250,중,함창중학교,사립,,UzE1MDAwMjAzOA==,15.5,16.3,14.1,13.4,17.6,15.4,반등,4.2,15.1,15.5,13.9,13.9,17.0,15.1,상승,3.1,21.9,18.6,29.8,68.3,2025
경북,47,상주시,47250,중,낙운중학교,공립,,UzE1MDAwMjAyMg==,34.7,17.8,23.7,28.9,13.9,23.8,하락,15.0,34.1,17.0,22.5,27.9,14.1,23.1,하락,13.8,35.3,23.5,11.8,57.1,2021
경북,47,상주시,47250,중,은척중학교,공립,,UzE1MDAwMjAzMw==,39.2,25.0,28.3,24.7,9.7,25.4,연속↓,15.0,41.4,25.9,28.9,26.1,8.3,26.1,연속↓,17.7,16.7,0.0,33.3,50.0,2021
경북,47,상주시,47250,중,용운중학교,사립,경북 상주시 공성면,UzE1MDAwMjAzMg==,2.5,10.8,12.0,10.2,4.8,8.1,연속↓,5.4,2.1,10.6,11.4,9.5,4.5,7.6,연속↓,5.0,18.8,6.5,9.4,83.3,2023
경북,47,상주시,47250,고,함창고등학교,사립,,UzE1MDAwMTAwNA==,28.0,26.1,22.1,33.0,29.9,27.8,하락,3.0,29.1,26.3,23.1,32.3,29.9,28.1,하락,2.4,42.5,39.1,29.5,3.4,2024
경북,47,상주시,47250,고,우석여자고등학교,사립,,UzE1MDAwMDg0NA==,24.9,27.0,28.9,39.3,23.0,28.6,하락,16.3,25.4,26.6,29.7,38.5,23.8,28.8,하락,14.8,29.6,33.1,21.6,13.6,2024
경북,47,상주시,47250,고,상주여자고등학교,공립,경북 상주시 복룡동,UzE1MDAwMDg0Mw==,9.3,14.6,15.1,15.6,21.2,15.2,연속↑,5.6,10.9,15.2,14.6,15.0,22.2,15.5,연속↑,7.2,22.8,39.6,24.0,16.0,2025
경북,47,상주시,47250,고,한국미래농업고등학교,공립,,UzE1MDAwMDk1Nw==,,19.5,19.3,14.8,20.8,18.6,반등,6.0,,19.3,19.2,14.1,20.4,18.3,반등,6.3,31.3,21.6,19.6,39.6,2025
경북,47,상주시,47250,고,상주공업고등학교,사립,,UzE1MDAwMDg0Mg==,19.2,15.0,12.2,16.2,21.0,16.7,연속↑,4.7,19.6,15.8,12.7,16.3,19.9,16.8,연속↑,3.6,50.0,45.2,33.3,51.2,2025
경북,47,상주시,47250,고,상주고등학교,사립,,UzE1MDAwMDg0MQ==,6.5,7.6,7.7,6.3,20.7,9.8,반등,14.4,6.5,7.0,7.1,5.8,19.4,9.2,반등,13.7,39.6,17.3,23.9,16.5,2025
경북,47,상주시,47250,고,상지미래경영고등학교,사립,,UzE1MDAwMDg0Ng==,7.8,7.7,8.9,14.7,18.1,11.4,연속↑,3.4,7.9,7.4,8.8,13.4,16.0,10.7,연속↑,2.6,41.7,3.3,23.3,80.6,2025
경북,47,상주시,47250,고,화령고등학교,공립,경북 상주시 화서면,UzE1MDAwMTAxMg==,8.0,4.8,5.9,7.6,10.5,7.4,연속↑,2.9,7.8,4.5,5.7,7.8,8.2,6.8,연속↑,0.4,14.3,4.8,14.3,57.1,2025
경북,47,상주시,47250,고,경북자연과학고등학교,사립,경북자연과학고등학교,UzE1MDAwMDkzNg==,3.8,3.0,2.0,1.5,6.3,3.3,반등,4.8,3.9,2.9,2.2,1.6,6.3,3.4,반등,4.7,6.0,8.4,9.6,78.3,2025
경북,47,상주시,47250,고,상산전자고등학교,공립,경북 상주시 계산동,UzE1MDAwMDg0MA==,25.2,15.9,13.3,12.6,4.8,14.4,연속↓,7.8,25.9,14.6,12.6,11.4,4.0,13.7,연속↓,7.4,2.8,5.9,,35.3,2021
경북,47,성주군,47840,중,성주중학교가천분교장,공립,,UzE1MDAwMjE5Ng==,34.4,22.5,20.8,29.2,35.0,28.4,연속↑,5.8,33.0,24.6,20.0,28.8,37.1,28.7,연속↑,8.3,50.0,60.0,50.0,40.0,2025
경북,47,성주군,47840,중,용암중학교,공립,,UzE1MDAwMjIwMw==,45.8,33.3,43.7,43.4,29.9,39.2,연속↓,13.5,46.1,33.9,43.6,42.0,30.1,39.1,연속↓,11.9,50.0,50.0,50.0,50.0,2021
경북,47,성주군,47840,중,벽진중학교,공립,,UzE1MDAwMjE5OA==,27.2,32.3,34.7,38.3,31.7,32.8,하락,6.7,26.6,32.1,33.1,37.1,28.9,31.6,하락,8.2,60.0,33.3,60.0,50.0,2024
경북,47,성주군,47840,중,성주중학교,공립,,UzE1MDAwMjIwMQ==,23.8,18.6,25.1,22.3,28.7,23.7,반등,6.4,23.6,18.0,25.9,23.4,28.1,23.8,반등,4.6,39.6,24.5,51.9,52.8,2025
경북,47,성주군,47840,중,초전중학교,공립,경북 성주군 초전면,UzE1MDAwMjIwNA==,17.8,22.4,15.2,15.0,25.0,19.1,반등,10.0,18.7,22.4,15.1,15.3,25.1,19.3,연속↑,9.8,19.0,36.4,45.5,50.0,2025
경북,47,성주군,47840,중,성주여자중학교,사립,,UzE1MDAwMjIwMA==,22.0,21.2,20.6,17.3,20.4,20.3,반등,3.1,22.0,21.3,21.7,17.7,20.2,20.6,반등,2.5,25.6,32.1,27.8,56.9,2021
경북,47,성주군,47840,중,수륜중학교,사립,,UzE1MDAwMjIwMg==,21.0,20.4,20.8,17.1,18.8,19.6,반등,1.7,19.4,20.5,20.7,17.7,18.3,19.3,반등,0.6,50.0,25.0,18.8,50.0,2023
경북,47,성주군,47840,중,명인중학교,사립,,UzE1MDAwMjE5Nw==,26.4,16.4,19.0,3.9,14.6,16.1,반등,10.7,26.2,16.2,19.6,4.2,14.2,16.1,반등,10.0,28.6,15.0,25.0,57.1,2021
경북,47,성주군,47840,고,성주여자고등학교,사립,,UzE1MDAwNTk1NA==,13.3,12.5,20.9,27.9,28.8,20.7,연속↑,0.9,12.4,11.6,21.0,25.9,28.6,19.9,연속↑,2.7,36.8,33.3,40.2,22.7,2025
경북,47,성주군,47840,고,성주고등학교,공립,,UzE1MDAwMDg2NA==,19.8,26.9,28.6,52.3,23.5,30.2,하락,28.8,20.4,27.1,28.1,50.7,22.3,29.7,하락,28.4,34.5,18.4,41.7,16.1,2024
경북,47,성주군,47840,고,명인고등학교,사립,,UzE1MDAwMDgxMA==,4.8,2.6,5.2,2.7,18.8,6.8,반등,16.1,4.8,2.8,5.1,2.9,19.7,7.0,반등,16.8,7.5,26.9,23.9,17.6,2025
경북,47,김천시,47150,중,한일여자중학교,사립,,UzE1MDAwMTY1MQ==,21.5,20.8,25.4,28.3,33.3,25.9,연속↑,5.0,22.1,20.5,25.6,28.7,32.8,25.9,연속↑,4.1,34.3,32.0,49.0,42.4,2025
경북,47,김천시,47150,중,운남중학교,공립,,UzE1MDAwNjUyMg==,33.2,27.2,35.9,37.8,30.1,32.8,하락,7.8,34.2,26.3,36.7,37.4,30.3,33.0,하락,7.1,38.5,41.7,41.7,35.8,2024
경북,47,김천시,47150,중,감문중학교,공립,경북 김천시 감문면,UzE1MDAwMTYzMQ==,37.5,19.4,30.8,35.9,33.4,31.4,하락,2.5,36.0,20.4,31.5,35.1,29.7,30.6,하락,5.4,57.1,14.3,45.5,42.9,2021
경북,47,김천시,47150,중,율곡중학교,공립,,UzE1MDAwMTYzNw==,33.9,26.4,31.6,35.1,29.2,31.2,하락,5.9,34.0,25.9,30.9,36.2,28.9,31.2,하락,7.3,47.4,35.5,36.1,29.3,2024
경북,47,김천시,47150,중,성의여자중학교,사립,경북 김천시 평화동,UzE1MDAwMTY0Mw==,32.2,28.1,30.5,24.0,25.5,28.0,반등,1.5,32.1,28.2,29.9,24.3,25.5,28.0,반등,1.2,37.8,35.8,34.7,43.9,2021
경북,47,김천시,47150,중,지품천중학교,공립,,UzE1MDAwNjQ5NA==,18.6,20.1,28.7,22.9,24.9,23.0,반등,2.1,18.6,20.2,29.0,23.5,24.7,23.2,반등,1.2,42.1,26.3,26.3,40.0,2023
경북,47,김천시,47150,중,어모중학교,공립,,UzE1MDAwMTY0Ng==,31.7,26.1,18.5,22.2,25.5,24.8,연속↑,3.4,30.7,25.8,17.5,22.3,24.6,24.2,연속↑,2.3,44.4,33.3,44.4,55.6,2021
경북,47,김천시,47150,중,김천여자중학교,공립,,UzE1MDAwMTYzNA==,26.5,19.6,32.0,29.1,23.8,26.2,연속↓,5.4,26.6,19.1,30.8,28.4,23.6,25.7,연속↓,4.8,30.6,24.7,28.6,53.4,2023
경북,47,김천시,47150,중,김천중학교,사립,,UzE1MDAwMTYzNg==,26.7,16.0,24.1,19.9,23.5,22.0,반등,3.6,27.1,15.9,24.1,19.8,23.4,22.1,반등,3.6,39.4,24.0,34.0,46.0,2021
경북,47,김천시,47150,중,문성중학교,사립,,UzE1MDAwMTY0MA==,31.0,17.5,29.9,27.4,21.7,25.5,연속↓,5.7,32.4,17.9,32.4,29.9,22.2,27.0,연속↓,7.7,23.8,36.3,32.9,36.5,2023
경북,47,김천시,47150,중,김천석천중학교,사립,경북 김천시 황금동,UzE1MDAwMTY0Mg==,32.8,20.8,26.4,23.2,21.9,25.0,연속↓,1.4,32.7,20.6,26.9,22.9,22.0,25.0,연속↓,0.9,20.0,29.7,32.0,44.0,2021
경북,47,김천시,47150,중,아포중학교,공립,,UzE1MDAwMTY0NQ==,28.7,21.3,23.5,21.7,21.9,23.4,반등,0.3,28.4,21.4,23.4,22.3,21.7,23.5,연속↓,0.7,28.9,23.8,28.6,50.0,2021
경북,47,김천시,47150,중,김천중앙중학교,공립,경북 김천시 삼락동,UzE1MDAwMTYzNQ==,21.2,18.4,25.5,23.3,18.6,21.4,연속↓,4.7,21.6,18.3,25.4,23.0,18.9,21.5,연속↓,4.1,20.8,22.9,19.8,54.2,2023
경북,47,김천시,47150,중,개령중학교,공립,,UzE1MDAwMTYzMg==,39.4,30.2,23.9,13.6,16.3,24.7,반등,2.7,39.5,30.8,22.9,12.8,16.4,24.5,반등,3.6,28.6,28.6,23.1,61.5,2021
경북,47,김천시,47150,중,성의중학교,사립,경북 김천시 지좌동,UzE1MDAwMTY0NA==,17.6,15.3,9.9,10.9,15.8,13.9,연속↑,5.0,17.4,15.3,9.6,10.0,15.1,13.5,연속↑,5.1,26.3,14.7,20.8,61.8,2021
경북,47,김천시,47150,고,김천고등학교,사립,경북 김천시 부곡동,UzE1MDAwMDc3Nw==,42.6,20.3,43.1,48.1,65.8,44.0,연속↑,17.6,39.2,19.7,40.2,44.7,65.3,41.8,연속↑,20.5,76.2,83.3,83.3,2.0,2025
경북,47,김천시,47150,고,성의여자고등학교,사립,경북 김천시 평화동,UzE1MDAwMDg1Ng==,28.0,16.3,11.4,10.7,22.8,17.8,반등,12.1,26.4,16.6,11.3,10.1,21.7,17.2,반등,11.6,36.8,22.4,30.3,53.9,2021
경북,47,김천시,47150,고,한일여자고등학교,사립,경북 김천시 교동,UzE1MDAwMTAwMw==,3.3,5.4,16.2,11.7,21.9,11.7,반등,10.1,2.9,4.7,15.0,11.5,20.9,11.0,반등,9.3,29.7,22.6,35.8,28.7,2025
경북,47,김천시,47150,고,성의고등학교,사립,,UzE1MDAwMDg1NQ==,8.5,11.2,12.4,7.2,19.7,11.8,반등,12.6,8.9,10.2,11.6,6.8,19.5,11.4,반등,12.7,31.3,20.5,32.1,8.9,2025
경북,47,김천시,47150,고,경북과학기술고등학교,공립,경북과학기술고등학교,UzE1MDAwMDg4Mg==,5.4,6.8,7.3,16.0,19.1,10.9,연속↑,3.1,5.4,7.8,6.5,17.5,19.1,11.3,연속↑,1.6,12.5,22.6,42.3,6.7,2025
경북,47,김천시,47150,고,율곡고등학교,공립,,UzE1MDAwNjQzMw==,4.9,5.0,11.4,8.8,16.9,9.4,반등,8.2,4.5,4.8,11.4,8.4,16.4,9.1,반등,8.0,30.9,15.1,14.2,24.1,2025
경북,47,김천시,47150,고,김천여자고등학교,공립,,UzE1MDAwMDc4MQ==,16.7,8.1,11.5,10.7,15.3,12.5,반등,4.6,15.8,7.3,10.5,10.1,15.2,11.8,반등,5.1,23.8,17.5,18.4,25.6,2021
경북,47,김천시,47150,고,김천생명과학고등학교,공립,경북 김천시 교동,UzE1MDAwMDc3OA==,,13.4,12.7,11.3,11.8,12.3,반등,0.4,,13.4,12.7,11.3,11.8,12.3,반등,0.4,9.2,,18.1,,2022
경북,47,김천시,47150,고,김천중앙고등학교,공립,경북 김천시 양천동,UzE1MDAwMDc4Mw==,7.6,9.4,13.0,6.8,10.8,9.5,반등,4.0,7.3,8.9,12.2,6.4,10.8,9.1,반등,4.4,14.5,12.3,13.4,46.9,2023
경북,47,김천시,47150,고,김천예술고등학교,사립,,UzE1MDAwMDc4Mg==,14.1,4.5,8.4,8.5,9.2,8.9,연속↑,0.7,13.1,3.8,7.8,8.0,9.2,8.4,연속↑,1.2,13.0,9.7,9.7,58.3,2021
경북,47,칠곡군,47850,중,석적중학교,공립,,UzE1MDAwNjU1NQ==,29.4,26.4,30.5,28.1,33.0,29.5,반등,4.9,29.4,26.6,30.6,28.2,32.5,29.5,반등,4.3,40.5,40.1,51.1,32.2,2025
경북,47,칠곡군,47850,중,동명중학교,공립,경북 칠곡군 동명면,UzE1MDAwMzQzNQ==,21.6,21.3,30.0,27.3,28.2,25.7,반등,0.9,20.6,19.6,29.2,26.9,28.8,25.0,반등,2.0,25.0,43.8,43.8,31.3,2023
경북,47,칠곡군,47850,중,약목중학교,공립,경북 칠곡군 약목면,UzE1MDAwMzQ0MA==,29.3,24.9,33.6,31.8,27.6,29.4,연속↓,4.2,29.4,24.3,34.8,31.8,27.7,29.6,연속↓,4.1,39.3,32.1,35.7,59.4,2023
경북,47,칠곡군,47850,중,왜관중학교,공립,,UzE1MDAwMzQ0Mg==,22.0,19.0,19.3,22.8,25.7,21.8,연속↑,2.9,22.5,18.1,18.9,22.9,26.0,21.7,연속↑,3.1,21.1,32.9,37.8,41.1,2025
경북,47,칠곡군,47850,중,인평중학교,공립,,UzE1MDAwNjMxMw==,26.2,22.5,22.9,25.7,25.2,24.5,하락,0.4,27.2,22.9,22.4,25.1,25.7,24.6,연속↑,0.6,25.4,39.6,33.1,34.7,2021
경북,47,칠곡군,47850,중,장곡중학교,공립,,UzE1MDAwMzQ0Mw==,27.2,23.2,20.9,20.1,23.8,23.0,반등,3.7,27.3,22.5,20.8,19.8,23.7,22.8,반등,3.9,27.9,26.7,33.0,45.7,2021
경북,47,칠곡군,47850,중,석전중학교,공립,,UzE1MDAwNjAzNQ==,23.5,22.4,19.8,18.7,23.3,21.5,반등,4.6,24.0,22.0,20.0,18.7,22.0,21.4,반등,3.2,27.8,18.7,42.7,57.3,2021
경북,47,칠곡군,47850,중,순심여자중학교,사립,,UzE1MDAwMzQzNw==,26.2,17.9,32.8,32.2,21.4,26.1,연속↓,10.8,25.1,16.6,32.0,33.5,20.9,25.6,하락,12.6,33.3,26.0,30.3,28.4,2024
경북,47,칠곡군,47850,중,북삼중학교,공립,,UzE1MDAwMzQzNg==,29.1,16.8,23.5,24.8,20.5,22.9,하락,4.3,29.4,16.8,23.3,24.9,20.8,23.0,하락,4.1,26.2,27.0,25.9,48.8,2021
경북,47,칠곡군,47850,중,순심중학교,사립,,UzE1MDAwMzQzOA==,24.2,22.5,22.6,24.5,19.1,22.6,하락,5.4,24.9,21.9,23.4,24.7,19.1,22.8,하락,5.6,26.4,25.7,23.2,47.2,2021
경북,47,칠곡군,47850,중,신동중학교,공립,,UzE1MDAwMzQzOQ==,21.7,9.3,14.6,14.6,11.7,14.4,하락,2.9,22.5,9.1,15.5,15.2,12.9,15.0,연속↓,2.3,20.0,50.0,20.0,50.0,2021
경북,47,칠곡군,47850,고,순심고등학교,사립,,UzE1MDAwMDg3NA==,16.8,16.0,16.3,15.6,31.7,19.3,반등,16.2,16.6,16.3,16.1,15.4,31.5,19.2,반등,16.0,32.7,31.1,38.8,25.9,2025
경북,47,칠곡군,47850,고,동명고등학교,공립,,UzE1MDAwMDgwMg==,13.5,6.7,9.2,16.3,22.2,13.6,연속↑,6.0,13.1,6.7,7.9,15.7,21.4,13.0,연속↑,5.7,41.7,25.0,16.7,41.7,2025
경북,47,칠곡군,47850,고,순심여자고등학교,사립,,UzE1MDAwMDg3NQ==,15.3,28.2,15.1,20.1,22.3,20.2,연속↑,2.2,15.5,26.8,15.1,19.5,20.7,19.5,연속↑,1.2,37.8,11.6,26.0,12.6,2022
경북,47,칠곡군,47850,고,북삼고등학교,공립,,UzE1MDAwNjMwOA==,7.8,3.7,8.8,14.7,17.7,10.5,연속↑,3.0,7.1,3.3,7.7,14.4,18.0,10.1,연속↑,3.6,18.6,22.7,25.3,17.0,2025
경북,47,칠곡군,47850,고,경북기계명장고등학교,공립,경북기계명장고등학교,UzE1MDAwMDk3NA==,3.6,10.3,3.1,4.5,14.4,7.2,연속↑,9.9,3.6,11.5,3.3,3.9,14.3,7.3,연속↑,10.4,25.0,17.9,21.4,54.5,2025
경북,47,칠곡군,47850,고,석적고등학교,공립,,UzE1MDAwNjQxNg==,5.6,5.1,3.1,10.2,9.4,6.7,하락,0.8,5.0,4.5,3.0,9.7,9.9,6.4,연속↑,0.2,7.2,17.3,12.8,34.5,2025
경북,47,칠곡군,47850,고,약목고등학교,공립,,UzE1MDAwMDg5OA==,9.1,5.9,5.5,14.1,10.0,8.9,하락,4.1,9.1,5.9,5.7,14.7,9.4,9.0,하락,5.3,17.1,6.7,8.0,22.0,2024
경북,47,청도군,47820,중,매전중학교,공립,,UzE1MDAwMzI5Mw==,31.8,10.9,12.5,19.5,28.8,20.7,연속↑,9.3,31.7,11.0,13.1,18.4,29.6,20.8,연속↑,11.3,50.0,75.0,50.0,25.0,2021
경북,47,청도군,47820,중,이서중학교,사립,,UzE1MDAwMzI5Ng==,18.6,23.4,26.2,34.7,28.7,26.3,하락,6.0,20.0,23.8,25.8,34.9,28.3,26.6,하락,6.7,45.5,34.1,39.4,24.2,2024
경북,47,청도군,47820,중,금천중학교,공립,,UzE1MDAwMzI5Mg==,13.7,21.0,32.4,21.2,21.5,21.9,반등,0.3,14.7,21.7,32.5,22.2,22.5,22.7,반등,0.3,42.9,42.9,42.9,71.4,2023
경북,47,청도군,47820,중,모계중학교,사립,,UzE1MDAwMzI5NA==,16.5,17.3,23.3,22.5,21.4,20.2,연속↓,1.2,16.9,17.1,22.9,22.7,21.9,20.3,연속↓,0.8,13.6,37.3,37.3,36.2,2023
경북,47,청도군,47820,중,풍각중학교,공립,경북 청도군 풍각면,UzE1MDAwMzI5OA==,19.1,23.0,32.3,28.7,21.9,25.0,연속↓,6.8,20.2,23.9,32.5,29.0,21.8,25.5,연속↓,7.2,33.3,33.3,38.9,61.1,2023
경북,47,청도군,47820,중,청도중학교,사립,,UzE1MDAwMzI5Nw==,15.8,15.6,11.9,15.9,16.9,15.2,연속↑,1.0,15.9,15.6,12.5,16.3,17.3,15.5,연속↑,1.0,20.6,31.7,16.4,37.7,2025
경북,47,청도군,47820,고,청도고등학교,사립,경북 청도군 청도읍,UzE1MDAwMDk2NA==,12.4,13.5,13.7,12.5,23.1,15.0,반등,10.6,12.8,14.1,14.1,12.3,25.1,15.7,반등,12.8,16.0,54.7,23.2,31.9,2025
경북,47,청도군,47820,고,이서고등학교,사립,,UzE1MDAwMDk0OQ==,14.8,15.6,18.7,18.5,24.2,18.4,반등,5.7,16.4,17.2,21.0,19.0,24.6,19.6,반등,5.6,26.3,29.7,24.6,8.0,2025
경북,47,청도군,47820,고,경북드론고등학교,공립,경북드론고등학교,UzE1MDAwMDk2NQ==,4.6,7.2,9.4,9.7,20.6,10.3,연속↑,10.9,4.7,8.4,9.8,9.9,19.7,10.5,연속↑,9.8,23.8,15.9,46.0,56.9,2025
경북,47,청도군,47820,고,모계고등학교,사립,,UzE1MDAwMDgxMQ==,23.2,26.6,24.6,23.8,15.3,22.7,연속↓,8.5,23.4,26.6,25.9,22.9,15.6,22.9,연속↓,7.3,16.7,18.4,16.7,28.6,2022
경북,47,청도군,47820,고,금천고등학교,공립,경북 청도군 금천면,UzE1MDAwMDc3MQ==,,7.6,3.7,14.5,,8.6,-,,,6.9,4.8,14.8,,8.8,-,,,,,,2024
경북,47,예천군,47900,중,용궁중학교,공립,,UzE1MDAwMjg4Ng==,15.6,15.2,12.6,21.4,34.2,19.8,연속↑,12.7,16.1,14.8,12.6,21.1,34.2,19.8,연속↑,13.1,33.3,40.0,40.0,66.7,2025
경북,47,예천군,47900,중,감천중학교,공립,경북 예천군 감천면,UzE1MDAwMjg4Mg==,28.3,31.7,23.9,11.7,29.7,25.1,반등,18.1,27.1,30.7,25.0,12.1,30.1,25.0,반등,18.1,60.0,50.0,40.0,60.0,2022
경북,47,예천군,47900,중,지보중학교,공립,,UzE1MDAwMjg5MA==,23.3,17.5,25.7,26.2,29.8,24.5,연속↑,3.6,22.3,17.1,23.9,25.9,29.6,23.8,연속↑,3.7,28.6,57.1,42.9,42.9,2025
경북,47,예천군,47900,중,대창중학교,사립,경북 예천군 예천읍,UzE1MDAwMjg4Mw==,19.7,12.5,27.7,26.6,24.4,22.2,연속↓,2.2,19.8,12.6,27.9,25.4,24.5,22.0,연속↓,1.0,23.1,34.6,46.2,45.7,2023
경북,47,예천군,47900,중,은풍중학교,사립,,UzE1MDAwMjg4OQ==,32.8,27.1,33.0,25.0,20.6,27.7,연속↓,4.4,33.3,27.4,33.9,25.3,22.9,28.5,연속↓,2.4,26.7,40.0,26.7,40.0,2023
경북,47,예천군,47900,중,예천여자중학교,공립,경북 예천군 예천읍,UzE1MDAwMjg4NA==,22.8,19.2,31.6,31.4,22.5,25.5,연속↓,8.9,22.3,19.5,31.0,30.8,22.3,25.2,연속↓,8.5,31.2,23.1,25.6,49.0,2023
경북,47,예천군,47900,중,예천중학교,공립,경북 예천군 예천읍,UzE1MDAwMjg4NQ==,24.7,14.7,26.2,21.3,20.7,21.5,연속↓,0.6,25.0,14.4,25.3,20.8,19.9,21.1,연속↓,0.9,28.0,22.9,36.0,53.8,2023
경북,47,예천군,47900,중,풍양중학교,공립,경북 예천군 풍양면,UzE1MDAwMjg5MQ==,30.0,24.8,22.3,21.7,16.7,23.1,연속↓,5.0,28.4,23.6,23.0,21.7,17.1,22.8,연속↓,4.6,28.6,28.6,25.0,28.6,2021
경북,47,예천군,47900,중,용문중학교,공립,,UzE1MDAwMjg4Nw==,34.4,19.0,24.1,11.1,11.1,19.9,→보합,,33.8,19.0,23.1,11.1,10.4,19.5,연속↓,0.6,33.3,12.5,25.0,66.7,2021
경북,47,예천군,47900,고,대창고등학교,사립,경북 예천군 예천읍,UzE1MDAwMDc5Nw==,23.0,10.7,22.9,22.7,19.2,19.7,연속↓,3.5,22.9,10.8,21.7,21.8,18.0,19.0,하락,3.9,35.6,11.5,23.6,32.6,2021
경북,47,예천군,47900,고,경북일고등학교,공립,경북일고등학교,UzE1MDAwMDcxNA==,9.0,11.8,9.8,11.8,18.3,12.1,연속↑,6.5,7.8,10.6,9.6,11.3,17.6,11.4,연속↑,6.3,16.6,23.1,31.6,25.8,2025
경북,47,예천군,47900,고,예천여자고등학교,공립,경북 예천군 예천읍,UzE1MDAwMDkyOQ==,10.4,6.0,3.9,4.9,11.4,7.3,연속↑,6.5,9.6,5.3,3.9,4.5,8.8,6.4,연속↑,4.4,11.8,9.7,22.6,50.5,2021
경북,47,남구,47111,중,포항제철중학교,사립,,UzE1MDAwMzU0Mw==,44.0,28.4,45.4,44.5,46.0,41.7,반등,1.4,45.1,27.3,44.6,43.4,45.5,41.2,반등,2.1,54.6,46.1,47.9,23.8,2025
경북,47,남구,47111,중,대보중학교,공립,,UzE1MDAwMzUyMA==,36.1,34.0,12.5,5.6,32.6,24.2,반등,27.1,36.0,31.5,12.5,4.8,29.8,22.9,반등,25.0,75.0,25.0,50.0,66.7,2021
경북,47,남구,47111,중,포항포은중학교,공립,,UzE1MDAwNjM5Mg==,22.5,22.3,25.3,22.3,25.4,23.5,반등,3.1,23.7,22.2,25.6,22.8,25.6,24.0,반등,2.8,26.5,30.1,30.7,55.4,2025
경북,47,남구,47111,중,포항이동중학교,공립,,UzE1MDAwNjA5NA==,38.6,28.8,34.6,28.1,26.0,31.2,연속↓,2.1,38.1,28.4,34.2,28.1,25.4,30.8,연속↓,2.7,31.4,30.2,42.7,43.4,2021
경북,47,남구,47111,중,구룡포중학교,공립,,UzE1MDAwMzUxMg==,16.9,24.1,21.4,22.2,25.1,21.9,연속↑,2.9,16.6,24.1,20.7,21.1,24.7,21.4,연속↑,3.7,62.5,40.0,25.0,66.7,2025
경북,47,남구,47111,중,오천중학교,사립,,UzE1MDAwMzUzNA==,16.9,18.5,14.9,21.0,22.5,18.8,연속↑,1.6,17.0,18.7,15.2,21.4,23.3,19.1,연속↑,1.9,17.6,38.0,27.2,44.6,2025
경북,47,남구,47111,중,영일중학교,사립,,UzE1MDAwMzUzMw==,25.1,16.7,25.1,20.7,21.9,21.9,반등,1.3,26.0,16.4,25.7,20.2,21.8,22.0,반등,1.6,24.5,24.1,37.0,44.4,2021
경북,47,남구,47111,중,유강중학교,공립,,UzE1MDAwNjA5NQ==,33.2,28.6,27.1,25.6,22.6,27.4,연속↓,3.0,32.3,28.6,26.9,25.1,21.5,26.9,연속↓,3.5,28.5,21.5,33.1,35.0,2021
경북,47,남구,47111,중,포항동해중학교,사립,경북 포항시 남구,UzE1MDAwMzU0MA==,26.8,19.9,18.3,14.4,22.5,20.4,반등,8.0,25.9,19.3,17.5,14.0,20.8,19.5,반등,6.8,38.2,25.3,33.3,58.0,2021
경북,47,남구,47111,중,신흥중학교,공립,경북 포항시 남구,UzE1MDAwMzUzMA==,31.2,18.7,24.7,21.3,21.0,23.4,연속↓,0.3,30.9,18.4,24.7,21.4,20.6,23.2,연속↓,0.8,30.3,21.9,25.8,57.7,2021
경북,47,남구,47111,중,대송중학교,공립,,UzE1MDAwMzUyMQ==,35.0,20.8,25.1,31.1,20.8,26.6,하락,10.3,35.0,20.5,23.6,30.7,20.0,26.0,하락,10.8,42.9,28.6,28.6,50.0,2021
경북,47,남구,47111,중,상도중학교,공립,,UzE1MDAwMzUyNg==,21.8,19.1,20.5,19.0,18.4,19.8,연속↓,0.6,22.0,19.1,20.4,19.3,18.0,19.7,연속↓,1.2,26.7,18.5,29.5,58.5,2021
경북,47,남구,47111,중,송도중학교,공립,,UzE1MDAwNjAyMg==,19.0,25.2,26.9,18.1,17.0,21.2,연속↓,1.0,19.0,24.5,26.3,17.0,16.0,20.6,연속↓,1.0,27.7,13.9,34.0,64.8,2023
경북,47,남구,47111,중,장기중학교,사립,,UzE1MDAwMzUzNg==,30.3,15.6,16.9,12.9,13.8,17.9,반등,0.9,31.4,15.6,17.7,13.0,13.7,18.3,반등,0.7,26.8,21.4,14.3,50.0,2021
경북,47,남구,47111,고,경북과학고등학교,공립,경북과학고등학교,UzE1MDAwMDcxOQ==,66.5,77.9,78.0,79.6,60.6,72.5,하락,19.1,65.0,77.0,77.4,80.6,59.5,71.9,하락,21.0,70.0,61.7,63.3,,2024
경북,47,남구,47111,고,영일고등학교,사립,,UzE1MDAwMDkxMA==,28.7,42.8,30.4,40.2,54.3,39.3,연속↑,14.1,29.6,41.0,30.6,41.0,53.2,39.1,연속↑,12.2,80.6,55.6,45.6,8.9,2025
경북,47,남구,47111,고,포항제철공업고등학교,사립,경북 포항시 남구,UzE1MDAwMDk5Mw==,37.7,27.7,39.4,58.7,53.7,43.4,하락,5.1,37.1,26.9,38.6,58.7,52.8,42.8,하락,5.9,,64.0,58.0,10.0,2024
경북,47,남구,47111,고,포항동성고등학교,사립,경북 포항시 남구,UzE1MDAwMDk5MQ==,33.2,40.8,34.1,31.4,35.4,35.0,반등,4.1,37.2,41.6,34.4,32.0,37.0,36.4,반등,5.0,40.1,71.8,41.3,0.6,2022
경북,47,남구,47111,고,포항제철고등학교,사립,,UzE1MDAwMDk5Mg==,54.2,27.8,34.8,40.2,31.3,37.6,하락,9.0,56.3,29.3,35.7,41.4,30.2,38.6,하락,11.2,33.6,28.3,42.6,5.8,2021
경북,47,남구,47111,고,오천고등학교,사립,경북 포항시 남구,UzE1MDAwMDkzNA==,34.4,39.5,49.6,64.5,24.9,42.6,하락,39.6,30.5,36.9,52.1,63.0,25.5,41.6,하락,37.4,21.0,31.7,31.1,4.8,2024
경북,47,남구,47111,고,세명고등학교,사립,,UzE1MDAwMDg2Nw==,26.6,15.0,8.6,13.3,21.7,17.0,연속↑,8.4,26.4,15.2,7.9,13.1,20.3,16.6,연속↑,7.2,29.4,18.2,35.8,40.6,2021
경북,47,남구,47111,고,포항이동고등학교,공립,,UzE1MDAwNjEzNg==,13.8,11.7,15.3,11.6,16.7,13.8,반등,5.1,13.3,12.9,15.1,11.4,15.4,13.6,반등,4.0,29.1,8.2,26.8,39.2,2025
경북,47,남구,47111,고,포항과학기술고등학교,공립,,UzE1MDAwMDc1Mg==,16.4,7.2,11.2,7.4,8.1,10.1,반등,0.7,15.9,7.1,11.1,7.0,8.0,9.8,반등,1.0,3.6,17.9,3.6,67.9,2021
경북,47,영주시,47210,중,소수중학교,공립,경북 영주시 순흥면,UzE1MDAwMjY1Nw==,31.7,25.8,14.9,14.4,30.0,23.4,반등,15.5,30.0,25.4,15.3,13.8,30.2,23.0,반등,16.4,33.3,40.0,40.0,60.0,2025
경북,47,영주시,47210,중,영광여자중학교,사립,,UzE1MDAwMjY1OA==,36.3,27.4,30.1,28.2,30.3,30.5,반등,2.1,35.3,27.4,29.7,27.3,29.6,29.9,반등,2.3,37.1,31.4,39.8,34.7,2021
경북,47,영주시,47210,중,영주여자중학교,공립,,UzE1MDAwMjY2MA==,28.0,23.8,28.9,29.5,29.1,27.8,하락,0.4,27.3,23.4,28.5,28.8,28.3,27.3,하락,0.6,38.5,28.3,43.3,48.8,2024
경북,47,영주시,47210,중,대영중학교,사립,경북 영주시 휴천1동,UzE1MDAwMjY1NA==,24.1,22.8,23.1,25.7,27.1,24.5,연속↑,1.4,24.0,22.5,23.0,25.3,26.6,24.3,연속↑,1.3,24.1,44.8,52.6,54.8,2025
경북,47,영주시,47210,중,동산여자중학교,사립,,UzE1MDAwMjY1NQ==,30.6,23.4,30.7,27.0,26.5,27.6,연속↓,0.6,30.8,22.3,29.8,26.4,25.9,27.0,연속↓,0.5,29.3,31.3,41.4,34.0,2021
경북,47,영주시,47210,중,풍기중학교,공립,,UzE1MDAwMjY2Mg==,15.9,12.7,19.4,23.4,24.8,19.2,연속↑,1.4,15.9,12.1,19.2,23.0,24.4,18.9,연속↑,1.4,39.5,31.6,31.6,67.4,2025
경북,47,영주시,47210,중,금계중학교,사립,경북 영주시 풍기읍,UzE1MDAwMjY1Mg==,33.0,22.4,26.0,27.2,24.3,26.6,하락,2.9,32.2,21.4,25.1,26.1,23.7,25.7,하락,2.4,35.0,32.5,43.2,48.6,2021
경북,47,영주시,47210,중,영광중학교,사립,경북 영주시 영주1동,UzE1MDAwMjY1OQ==,32.1,24.7,33.2,25.1,22.3,27.5,연속↓,2.8,33.6,25.0,33.8,25.5,22.8,28.1,연속↓,2.7,27.7,37.4,26.9,34.7,2023
경북,47,영주시,47210,중,영주중학교,공립,,UzE1MDAwMjY2MQ==,20.4,19.8,28.0,20.3,20.0,21.7,연속↓,0.3,20.3,19.4,28.3,20.3,19.4,21.5,연속↓,0.9,29.1,24.2,26.5,46.2,2023
경북,47,영주시,47210,중,부석중학교,공립,경북 영주시 부석면,UzE1MDAwMjY1Ng==,26.4,12.7,34.7,26.4,18.0,23.7,연속↓,8.4,26.0,12.5,34.2,26.2,16.1,23.0,연속↓,10.1,33.3,16.7,33.3,83.3,2023
경북,47,영주시,47210,중,단산중학교,공립,,UzE1MDAwMjY1Mw==,20.0,33.3,26.9,17.7,6.9,20.9,연속↓,10.8,20.9,29.8,26.0,19.0,6.3,20.4,연속↓,12.7,22.2,11.1,22.2,66.7,2022
경북,47,영주시,47210,고,대영고등학교,사립,경북 영주시 휴천1동,UzE1MDAwMDc5NA==,40.7,38.3,50.5,41.3,61.4,46.4,반등,20.1,40.5,37.8,50.8,40.4,58.4,45.6,반등,18.0,90.7,41.4,60.5,8.0,2025
경북,47,영주시,47210,고,영광여자고등학교,사립,경북 영주시 영주1동,UzE1MDAwMDkwMg==,38.6,32.9,30.6,30.5,39.8,34.5,반등,9.3,36.9,31.9,31.0,31.6,39.1,34.1,연속↑,7.5,50.3,47.1,45.2,6.4,2025
경북,47,영주시,47210,고,영광고등학교,사립,,UzE1MDAwMDkwMQ==,28.0,39.6,36.1,35.9,32.3,34.4,연속↓,3.5,28.5,39.5,36.2,35.9,32.1,34.4,연속↓,3.8,29.3,31.6,45.1,7.5,2022
경북,47,영주시,47210,고,한국미래산업고등학교,사립,경북 영주시 하망동,UzE1MDAwMDgwNA==,13.3,14.6,19.5,14.2,33.4,19.0,반등,19.2,13.3,14.6,19.5,14.2,31.6,18.6,반등,17.4,51.2,51.2,56.1,42.9,2025
경북,47,영주시,47210,고,한국국제조리고등학교,사립,,UzE1MDAwMDg1Mg==,4.6,22.1,49.3,40.2,32.0,29.6,연속↓,8.2,4.0,19.8,45.9,39.0,31.3,28.0,연속↓,7.8,50.6,31.8,26.5,1.2,2023
경북,47,영주시,47210,고,경북항공고등학교,사립,경북항공고등학교,UzE1MDAwMDkxNA==,14.5,13.2,15.4,20.2,25.0,17.6,연속↑,4.8,14.9,12.5,17.3,22.2,28.4,19.0,연속↑,6.1,14.3,76.5,18.6,,2025
경북,47,영주시,47210,고,영주제일고등학교,공립,,UzE1MDAwMDkxNw==,11.1,10.5,13.0,11.6,26.5,14.5,반등,14.9,12.2,10.8,13.3,11.2,27.2,14.9,반등,16.0,26.7,34.5,25.0,36.2,2025
경북,47,영주시,47210,고,한국철도고등학교,사립,,UzE1MDAwMDkxMg==,11.2,11.6,20.2,28.7,12.6,16.9,하락,16.1,11.7,10.5,21.0,26.0,11.6,16.1,하락,14.4,23.5,9.2,12.9,6.6,2024
경북,47,영주시,47210,고,영주여자고등학교,공립,경북 영주시 하망동,UzE1MDAwMDkxNg==,4.7,7.2,12.3,8.3,11.9,8.9,반등,3.6,4.1,7.4,12.1,8.0,11.2,8.6,반등,3.2,15.3,10.6,19.5,41.1,2023
경북,47,경산시,47290,중,자인중학교,공립,,UzE1MDAwMTAyNg==,27.5,18.9,24.2,23.3,40.6,26.9,반등,17.2,26.9,18.3,22.8,22.5,39.6,26.0,반등,17.1,50.0,40.0,66.7,50.0,2025
경북,47,경산시,47290,중,사동중학교,공립,,UzE1MDAwNjAzMQ==,24.0,22.1,27.0,21.8,28.3,24.7,반등,6.5,24.6,21.7,27.5,22.5,27.8,24.8,반등,5.3,32.5,27.5,41.1,44.3,2025
경북,47,경산시,47290,중,용성중학교,공립,경북 경산시 용성면,UzE1MDAwMTAyNA==,24.7,17.3,19.0,24.1,25.7,22.2,연속↑,1.6,24.9,16.7,20.2,25.1,26.6,22.7,연속↑,1.4,18.2,50.0,45.5,31.8,2025
경북,47,경산시,47290,중,경산여자중학교,사립,경북 경산시 옥곡동,UzE1MDAwMTAyMA==,25.5,25.5,29.2,33.5,25.4,27.8,하락,8.1,25.8,25.5,29.5,34.6,25.6,28.2,하락,9.0,19.9,39.2,40.9,29.3,2024
경북,47,경산시,47290,중,압량중학교,공립,,UzE1MDAwNjUyMw==,23.2,24.3,30.9,23.3,23.6,25.1,반등,0.3,23.3,24.1,31.2,24.0,24.2,25.4,반등,0.2,26.6,40.4,28.1,39.2,2023
경북,47,경산시,47290,중,하양여자중학교,사립,,UzE1MDAwMTAyOQ==,12.7,13.7,19.3,25.0,22.0,18.5,하락,3.0,13.6,13.2,19.6,25.5,22.7,18.9,하락,2.8,24.8,46.0,36.6,41.6,2024
경북,47,경산시,47290,중,경산중학교,공립,,UzE1MDAwMTAyMQ==,23.2,23.9,25.4,25.0,23.3,24.2,연속↓,1.6,22.5,24.5,25.0,25.1,22.7,24.0,하락,2.4,30.9,21.2,32.9,44.7,2024
경북,47,경산시,47290,중,신상중학교,공립,경북 경산시 진량읍,UzE1MDAwNjMxMA==,19.6,23.2,22.1,15.8,22.6,20.7,반등,6.8,19.7,22.9,22.9,15.7,22.3,20.7,반등,6.6,33.6,29.5,20.5,58.9,2023
경북,47,경산시,47290,중,장산중학교,공립,,UzE1MDAwMTAyNw==,23.8,21.6,26.4,28.0,21.0,24.2,하락,7.0,23.7,21.3,25.8,28.1,21.7,24.1,하락,6.4,13.2,33.9,33.8,39.0,2024
경북,47,경산시,47290,중,경산제일중학교,사립,경북 경산시 자인면,UzE1MDAwMTAyNQ==,7.6,11.6,20.3,18.7,21.4,15.9,반등,2.7,7.3,10.5,20.7,18.3,21.7,15.7,반등,3.4,31.3,25.0,12.5,50.0,2025
경북,47,경산시,47290,중,대구가톨릭대학교사범대학부속무학중학교,사립,대구가톨릭대학교사범대학부속무학중학교,UzE1MDAwMTAyMg==,23.5,22.8,28.1,23.4,20.8,23.7,연속↓,2.6,24.3,22.9,28.1,23.5,21.5,24.1,연속↓,1.9,18.5,47.2,32.6,43.3,2023
경북,47,경산시,47290,중,문명중학교,사립,,UzE1MDAwNjE4Nw==,14.7,19.5,22.7,23.0,21.8,20.4,하락,1.2,15.5,18.8,22.3,22.8,20.8,20.1,하락,2.1,35.5,16.9,30.6,35.8,2024
경북,47,경산시,47290,중,삼성현중학교,공립,경북 경산시 백천동,UzE1MDAwNjE2MA==,22.8,21.3,26.6,25.4,20.3,23.3,연속↓,5.2,23.5,21.2,27.1,25.2,19.8,23.3,연속↓,5.4,33.0,20.6,27.0,41.4,2023
경북,47,경산시,47290,중,진량중학교,사립,경북 경산시 진량읍,UzE1MDAwMTAyOA==,16.0,18.6,16.3,13.6,14.4,15.8,반등,0.8,16.1,19.3,16.2,13.2,14.7,15.9,반등,1.6,15.2,24.6,17.2,53.7,2022
경북,47,경산시,47290,중,경북체육중학교,공립,경북체육중학교,UzE1MDAwMTAxOQ==,8.5,8.9,7.2,7.5,9.1,8.2,연속↑,1.6,8.3,9.0,6.7,7.8,8.0,8.0,연속↑,0.2,23.7,2.6,28.9,94.9,2022
경북,47,경산시,47290,고,경산과학고등학교,공립,경북 경산시 갑제동,UzE1MDAwNjI4MQ==,73.6,72.6,75.8,72.2,60.0,70.8,연속↓,12.2,73.5,72.1,75.1,73.0,57.1,70.2,연속↓,15.8,70.0,40.0,83.3,,2023
경북,47,경산시,47290,고,하양여자고등학교,사립,,UzE1MDAwMTAwMQ==,21.7,8.8,28.2,30.9,51.1,28.1,연속↑,20.2,22.8,8.5,28.4,31.1,48.6,27.9,연속↑,17.5,91.1,47.5,77.2,7.5,2025
경북,47,경산시,47290,고,경산여자고등학교,사립,,UzE1MDAwMDcyNg==,25.7,23.4,41.3,44.4,33.3,33.6,하락,11.1,24.3,22.1,41.9,44.7,33.0,33.2,하락,11.7,45.0,42.0,38.7,1.6,2024
경북,47,경산시,47290,고,사동고등학교,공립,,UzE1MDAwNjM0OA==,6.5,11.9,15.2,21.2,28.5,16.6,연속↑,7.2,5.9,11.8,14.4,19.3,29.3,16.1,연속↑,10.0,22.3,39.8,38.3,11.4,2025
경북,47,경산시,47290,고,대구가톨릭대학교사범대학부속무학고등학교,사립,대구가톨릭대학교사범대학부속무학고등학교,UzE1MDAwMDc5MQ==,18.8,24.6,25.1,25.0,27.0,24.1,반등,2.1,18.9,24.2,23.8,23.9,27.2,23.6,연속↑,3.3,25.0,32.5,29.8,2.0,2025
경북,47,경산시,47290,고,경산제일고등학교,사립,경북 경산시 자인면,UzE1MDAwMDcyOA==,6.7,4.8,6.1,9.2,27.0,10.8,연속↑,17.8,6.8,4.7,7.0,9.5,26.7,10.9,연속↑,17.3,48.2,30.0,24.5,31.1,2025
경북,47,경산시,47290,고,영남삼육고등학교,사립,,UzE1MDAwMDkwMw==,16.3,11.9,13.9,9.6,21.5,14.6,반등,11.9,15.3,11.4,12.8,8.9,21.9,14.1,반등,13.0,15.4,32.7,28.8,21.2,2025
경북,47,경산시,47290,고,문명고등학교,사립,,UzE1MDAwMDgxOA==,23.6,28.7,24.9,39.7,20.6,27.5,하락,19.1,25.6,28.9,24.4,36.7,20.6,27.2,하락,16.1,17.9,21.2,23.4,7.9,2024
경북,47,경산시,47290,고,진량고등학교,사립,경북 경산시 진량읍,UzE1MDAwMDk2MQ==,19.3,19.4,23.1,17.6,17.4,19.3,연속↓,0.1,19.2,19.5,23.9,16.2,17.1,19.2,반등,0.9,27.0,16.8,20.8,9.2,2023
경북,47,경산시,47290,고,경산고등학교,공립,경북 경산시 계양동,UzE1MDAwMDcyNA==,10.1,13.5,26.1,11.9,15.2,15.4,반등,3.3,9.3,12.9,25.1,11.9,15.3,14.9,반등,3.5,15.5,21.4,15.3,18.5,2023
경북,47,경산시,47290,고,경북기계금속고등학교,공립,경북기계금속고등학교,UzE1MDAwMDcyOQ==,1.3,6.4,7.4,5.8,12.4,6.6,반등,6.6,1.3,5.6,6.6,5.5,12.6,6.3,반등,7.1,4.4,15.5,26.5,34.5,2025
경북,47,경산시,47290,고,경북체육고등학교,공립,경북체육고등학교,UzE1MDAwMDcyMw==,4.0,5.8,8.2,9.3,5.6,6.6,하락,3.7,4.2,5.8,7.2,8.6,5.4,6.2,하락,3.2,12.0,3.4,4.8,71.6,2024
경북,47,경주시,47130,중,양남중학교,공립,경북 경주시 양남면,UzE1MDAwMTEzOA==,43.9,23.1,24.0,28.1,33.4,30.5,연속↑,5.2,44.4,23.2,23.2,28.1,32.5,30.3,연속↑,4.4,46.9,31.8,46.9,43.8,2021
경북,47,경주시,47130,중,경주중학교,사립,경북 경주시 황오동,UzE1MDAwMTEyNA==,17.7,19.6,22.8,27.4,29.5,23.4,연속↑,2.1,18.1,20.2,22.6,28.0,29.7,23.7,연속↑,1.6,42.5,39.6,35.1,35.1,2025
경북,47,경주시,47130,중,계림중학교,공립,경북 경주시 황성동,UzE1MDAwMTEyNQ==,26.9,22.0,22.0,22.3,26.5,23.9,연속↑,4.3,27.6,21.9,23.1,22.6,26.5,24.3,반등,3.9,32.0,30.8,26.3,44.6,2021
경북,47,경주시,47130,중,신라중학교,공립,경북 경주시 황성동,UzE1MDAwMTEzNA==,24.6,21.4,24.7,24.2,27.1,24.4,반등,2.9,25.5,21.3,24.0,23.9,26.4,24.2,반등,2.5,36.2,25.1,35.1,52.5,2025
경북,47,경주시,47130,중,서라벌여자중학교,공립,경북 경주시 황성동,UzE1MDAwMTEzMg==,33.8,27.5,32.9,25.1,27.1,29.3,반등,2.0,33.3,27.2,32.7,24.8,26.0,28.8,반등,1.2,34.0,24.7,44.0,50.3,2021
경북,47,경주시,47130,중,화랑중학교,공립,,UzE1MDAwNjMwMg==,,26.3,28.8,27.1,26.4,27.2,연속↓,0.6,,25.4,28.0,26.2,25.7,26.3,연속↓,0.6,31.3,25.4,42.1,34.9,2023
경북,47,경주시,47130,중,양북중학교,공립,경북 경주시 양북면,UzE1MDAwMTEzOQ==,39.6,20.7,24.5,21.3,26.1,26.4,반등,4.8,39.3,20.3,24.3,21.4,25.2,26.1,반등,3.8,33.3,23.1,33.3,69.2,2021
경북,47,경주시,47130,중,안강중학교,공립,,UzE1MDAwMTEzNw==,24.1,23.8,31.2,31.8,25.2,27.2,하락,6.6,24.6,23.3,31.7,32.6,25.2,27.5,하락,7.5,32.3,30.8,27.7,46.2,2024
경북,47,경주시,47130,중,안강여자중학교,사립,,UzE1MDAwMTEzNg==,31.9,23.6,23.1,22.2,26.4,25.4,반등,4.2,31.0,22.8,23.4,20.8,24.7,24.5,반등,3.9,45.5,17.9,38.1,40.9,2021
경북,47,경주시,47130,중,경주여자중학교,공립,,UzE1MDAwMTEyMw==,27.3,26.6,24.5,22.8,24.9,25.2,반등,2.1,26.0,25.7,23.9,22.2,23.8,24.3,반등,1.6,27.8,22.6,38.1,40.3,2021
경북,47,경주시,47130,중,근화여자중학교,사립,경북 경주시 용강동,UzE1MDAwMTEyNg==,21.2,19.5,17.1,27.3,22.8,21.6,하락,4.4,21.6,18.5,16.6,25.3,21.7,20.8,하락,3.6,45.7,23.6,33.9,35.5,2024
경북,47,경주시,47130,중,불국중학교,공립,,UzE1MDAwMTEzMA==,28.8,17.9,22.6,18.8,20.7,21.8,반등,1.9,28.1,17.8,22.2,18.1,21.5,21.5,반등,3.4,16.7,28.3,35.8,56.6,2021
경북,47,경주시,47130,중,아화중학교,공립,경북 경주시 서면,UzE1MDAwMTEzNQ==,20.4,26.2,35.1,24.5,20.4,25.3,연속↓,4.1,18.3,27.0,34.5,24.7,20.2,25.0,연속↓,4.5,25.0,37.5,38.5,46.2,2023
경북,47,경주시,47130,중,무산중학교,사립,,UzE1MDAwMTEyOA==,14.6,9.5,14.1,18.5,20.6,15.5,연속↑,2.0,14.2,8.8,14.1,19.8,20.0,15.4,연속↑,0.2,37.2,35.9,22.6,38.7,2025
경북,47,경주시,47130,중,외동중학교,공립,,UzE1MDAwMTE0MA==,15.5,12.7,16.1,21.5,20.8,17.3,하락,0.7,15.3,11.9,16.4,20.5,20.0,16.8,하락,0.6,25.0,22.1,38.4,60.0,2024
경북,47,경주시,47130,중,선덕여자중학교,사립,경북 경주시 인왕동,UzE1MDAwMTEzMw==,28.5,21.3,26.8,25.6,18.0,24.0,연속↓,7.6,29.2,20.8,26.1,24.2,18.3,23.7,연속↓,5.9,19.5,30.1,34.1,46.5,2021
경북,47,경주시,47130,중,감포중학교,공립,,UzE1MDAwMTEyMg==,30.9,18.9,30.6,20.1,18.3,23.8,연속↓,1.9,29.2,18.8,30.6,20.1,17.8,23.3,연속↓,2.3,35.7,28.6,21.4,50.0,2023
경북,47,경주시,47130,중,월성중학교,사립,,UzE1MDAwMTE0MQ==,16.8,19.1,14.5,16.5,16.0,16.6,하락,0.5,18.0,19.0,14.7,16.6,16.1,16.9,하락,0.5,19.0,21.0,21.2,48.8,2022
경북,47,경주시,47130,중,문화중학교,사립,경북 경주시 충효동,UzE1MDAwMTEyOQ==,17.0,19.0,13.1,11.6,15.1,15.2,반등,3.5,16.5,17.9,12.3,11.0,14.6,14.4,반등,3.6,16.5,18.8,36.2,54.3,2022
경북,47,경주시,47130,중,산내중학교,공립,경북 경주시 산내면,UzE1MDAwMTEzMQ==,17.6,37.5,25.0,25.0,5.6,22.1,하락,19.4,16.3,37.5,25.0,22.6,4.8,21.2,연속↓,17.8,0.0,0.0,66.7,66.7,2022
경북,47,경주시,47130,고,경주여자고등학교,공립,,UzE1MDAwMDczOA==,29.3,14.8,16.0,19.8,42.8,24.5,연속↑,23.0,33.1,14.2,16.1,20.9,41.2,25.1,연속↑,20.3,61.1,32.0,74.6,4.9,2025
경북,47,경주시,47130,고,계림고등학교,공립,,UzE1MDAwMDc0Ng==,8.0,6.6,13.7,36.0,35.3,19.9,하락,0.7,8.0,7.3,15.0,37.5,35.2,20.6,하락,2.2,48.2,40.2,42.9,9.6,2024
경북,47,경주시,47130,고,한국국제통상마이스터고등학교,공립,,UzE1MDAwMDcxNQ==,20.8,26.3,18.0,21.9,31.9,23.8,연속↑,9.9,20.3,25.5,18.9,20.4,31.0,23.2,연속↑,10.6,43.3,28.3,32.7,6.7,2025
경북,47,경주시,47130,고,무산고등학교,사립,,UzE1MDAwMDgxMg==,18.3,22.5,27.3,18.9,29.2,23.2,반등,10.3,17.0,20.7,29.5,19.8,29.0,23.2,반등,9.2,37.5,31.3,25.0,37.5,2023
경북,47,경주시,47130,고,경주고등학교,사립,경북 경주시 황오동,UzE1MDAwMDczNA==,24.2,19.7,48.4,60.3,30.0,36.5,하락,30.3,23.6,20.7,47.8,60.4,28.8,36.2,하락,31.6,21.1,33.2,56.8,4.5,2024
경북,47,경주시,47130,고,삼성생활예술고등학교,사립,,UzE1MDAwMDgzOA==,17.5,16.5,13.5,34.0,24.9,21.3,하락,9.0,17.0,16.7,13.0,31.4,27.6,21.1,하락,3.7,21.2,54.5,25.8,4.5,2024
경북,47,경주시,47130,고,근화여자고등학교,사립,,UzE1MDAwMDc2NA==,24.5,23.7,36.3,22.8,27.1,26.9,반등,4.2,24.2,22.2,35.9,24.1,27.0,26.6,반등,2.9,27.2,32.1,37.6,10.9,2023
경북,47,경주시,47130,고,문화고등학교,사립,,UzE1MDAwMDgyMA==,20.6,20.2,20.7,19.0,26.9,21.5,반등,7.9,20.3,20.2,20.7,19.0,26.5,21.3,반등,7.4,28.7,38.3,43.1,20.7,2025
경북,47,경주시,47130,고,신라고등학교,사립,경북 경주시 충효동,UzE1MDAwMDg3OQ==,17.8,17.9,20.1,18.6,23.3,19.5,반등,4.7,18.1,17.9,19.5,18.7,22.1,19.3,반등,3.4,17.9,17.9,39.3,18.5,2025
경북,47,경주시,47130,고,선덕여자고등학교,사립,,UzE1MDAwMDg0Nw==,16.4,8.3,13.3,17.8,17.0,14.5,하락,0.9,15.7,8.9,12.7,18.6,18.1,14.8,하락,0.5,23.3,29.7,9.6,8.7,2024
경북,47,경주시,47130,고,경주정보고등학교,사립,경북 경주시 충효동,UzE1MDAwMDc0MQ==,7.4,9.2,9.8,16.2,19.1,12.3,연속↑,2.9,7.4,9.0,9.6,16.2,17.8,12.0,연속↑,1.6,25.5,11.7,27.8,50.0,2025
경북,47,경주시,47130,고,신라공업고등학교,사립,,UzE1MDAwMDg4MA==,24.3,14.2,18.0,9.0,18.1,16.7,반등,9.1,23.6,13.7,17.4,9.0,17.1,16.2,반등,8.1,16.4,12.3,31.9,24.6,2021
경북,47,경주시,47130,고,경주여자정보고등학교,사립,경북 경주시 시래동,UzE1MDAwMDc0MA==,9.4,6.6,10.2,8.0,16.5,10.1,반등,8.5,9.3,6.6,9.5,7.2,14.7,9.5,반등,7.5,37.0,4.2,14.0,71.3,2025
경북,47,경주시,47130,고,경주예일고등학교,사립,,UzE1MDAwMDg4NQ==,7.2,5.7,6.0,8.0,14.7,8.3,연속↑,6.7,6.7,5.6,5.6,7.3,14.7,8.0,연속↑,7.4,18.9,15.1,15.7,1.9,2025
경북,47,경주시,47130,고,효청보건고등학교,사립,,UzE1MDAwMDk3Nw==,7.3,8.7,11.2,14.5,12.8,10.9,하락,1.7,7.3,8.4,10.9,14.7,13.3,10.9,하락,1.3,12.9,19.3,15.7,51.8,2024
경북,47,경주시,47130,고,경주화랑고등학교,사립,경북 경주시 양북면,UzE1MDAwMDc0Mw==,3.8,8.1,2.4,17.5,16.8,9.7,하락,0.6,4.2,7.2,2.1,17.3,13.0,8.8,하락,4.3,28.6,9.5,27.3,54.5,2024
경북,47,경주시,47130,고,경주공업고등학교,공립,,UzE1MDAwMDczNQ==,5.9,6.4,7.6,9.1,8.8,7.6,하락,0.3,5.9,7.0,7.2,8.9,9.1,7.6,연속↑,0.3,10.3,12.9,6.0,75.5,2025
경북,47,경주시,47130,고,안강전자고등학교,공립,경북 경주시 안강읍,UzE1MDAwMDg4Ng==,5.5,5.4,15.9,8.3,10.7,9.1,반등,2.4,5.8,4.9,15.0,7.6,8.9,8.4,반등,1.3,15.2,14.7,8.8,38.2,2023
경북,47,경주시,47130,고,경주디자인고등학교,공립,,UzE1MDAwMDczNg==,5.0,7.2,10.8,8.3,7.5,7.8,연속↓,0.8,5.3,6.9,10.7,7.7,5.7,7.3,연속↓,2.1,12.2,4.1,8.2,62.3,2023
경북,47,영천시,47230,중,화산중학교,공립,,UzE1MDAwMjc3OQ==,33.9,13.1,59.7,54.2,46.3,41.4,연속↓,7.9,30.5,12.4,56.0,52.4,46.8,39.6,연속↓,5.5,100.0,100.0,100.0,33.3,2023
경북,47,영천시,47230,중,영안중학교,공립,,UzE1MDAwMjc2OQ==,15.6,18.3,20.8,23.6,30.6,21.8,연속↑,6.9,17.4,19.0,18.9,21.1,27.4,20.8,연속↑,6.2,66.7,33.3,66.7,66.7,2025
경북,47,영천시,47230,중,신녕중학교,공립,,UzE1MDAwMjc2Nw==,21.6,14.4,4.5,20.3,23.6,16.9,연속↑,3.3,22.4,14.7,5.4,21.4,24.1,17.6,연속↑,2.7,41.7,50.0,33.3,66.7,2025
경북,47,영천시,47230,중,산동중학교,사립,,UzE1MDAwMjc2NQ==,13.9,10.4,2.8,10.3,23.3,12.1,연속↑,13.0,11.9,8.9,2.8,9.7,21.8,11.0,연속↑,12.1,42.9,25.0,50.0,77.8,2025
경북,47,영천시,47230,중,영천여자중학교,공립,경북 영천시 교촌동,UzE1MDAwMjc3MQ==,35.2,26.6,29.9,24.6,21.4,27.5,연속↓,3.3,34.5,26.4,28.2,24.1,20.6,26.8,연속↓,3.5,33.6,22.0,30.9,49.1,2021
경북,47,영천시,47230,중,영동중학교,사립,,UzE1MDAwMjc2OA==,30.0,19.0,23.5,14.6,20.5,21.5,반등,6.0,30.1,19.2,23.0,14.3,20.3,21.4,반등,6.0,23.6,25.2,25.2,44.4,2021
경북,47,영천시,47230,중,금호여자중학교,공립,경북 영천시 금호읍,UzE1MDAwMjc2Mw==,24.9,26.3,22.1,26.4,19.3,23.8,하락,7.1,24.4,26.7,21.9,28.6,20.0,24.3,하락,8.6,25.0,33.3,36.4,66.7,2024
경북,47,영천시,47230,중,별빛중학교,공립,,UzE1MDAwNjQ3Nw==,18.8,20.4,18.9,15.9,19.6,18.7,반등,3.7,19.3,20.0,19.1,15.6,18.8,18.5,반등,3.2,36.4,22.7,36.4,56.3,2022
경북,47,영천시,47230,중,성남여자중학교,사립,경북 영천시 도동,UzE1MDAwMjc2Ng==,13.8,14.9,18.2,19.5,17.1,16.7,하락,2.4,14.3,14.7,18.2,20.2,16.9,16.8,하락,3.3,21.3,23.0,23.1,40.9,2024
경북,47,영천시,47230,중,영천중학교,공립,경북 영천시 문내동,UzE1MDAwMjc3Mg==,20.8,14.1,21.1,18.7,16.3,18.2,연속↓,2.4,20.9,13.9,20.8,18.2,15.9,17.9,연속↓,2.3,22.9,15.8,22.2,57.4,2021
경북,47,영천시,47230,중,금호중학교,사립,경북 영천시 금호읍,UzE1MDAwMjc2NA==,16.3,8.0,7.4,12.1,15.0,11.8,연속↑,2.9,17.1,7.9,7.9,13.2,15.5,12.3,연속↑,2.3,22.6,29.0,13.2,52.6,2021
경북,47,영천시,47230,중,청통중학교,공립,,UzE1MDAwMjc3OA==,20.3,27.4,19.4,22.2,8.3,19.5,하락,13.9,20.4,25.5,17.8,21.4,7.1,18.5,하락,14.3,0.0,0.0,100.0,0.0,2022
경북,47,영천시,47230,고,영천여자고등학교,공립,,UzE1MDAwMDkyMQ==,7.8,10.8,7.9,19.1,28.2,14.8,연속↑,9.1,6.9,9.8,7.3,18.4,27.8,14.0,연속↑,9.5,31.5,26.7,38.0,10.0,2025
경북,47,영천시,47230,고,포은고등학교,공립,경북 영천시 금호읍,UzE1MDAwMDc3NA==,25.0,7.2,14.0,16.7,26.4,17.8,연속↑,9.7,24.5,6.5,13.7,16.4,25.5,17.3,연속↑,9.1,40.0,26.7,28.6,,2025
경북,47,영천시,47230,고,영천고등학교,공립,,UzE1MDAwMDkxOQ==,19.9,18.1,20.4,17.4,23.4,19.8,반등,6.0,19.1,17.8,19.4,17.3,22.8,19.3,반등,5.5,23.8,20.0,37.5,17.5,2025
경북,47,영천시,47230,고,동국대학교사범대학부속선화여자고등학교,사립,경북 영천시 화룡동,UzE1MDAwMDg1Mw==,9.0,8.1,7.8,21.9,23.2,14.0,연속↑,1.3,9.1,7.7,7.6,20.5,22.6,13.5,연속↑,2.1,33.9,23.7,23.7,50.0,2025
경북,47,영천시,47230,고,경북바이오마이스터고등학교,공립,경북바이오마이스터고등학교,UzE1MDAwNTQyNA==,10.9,20.0,26.8,19.5,20.9,19.6,반등,1.4,10.8,20.6,25.9,20.7,21.2,19.9,반등,0.5,9.3,33.3,36.7,9.3,2023
경북,47,영천시,47230,고,영천성남여자고등학교,사립,경북 영천시 도동,UzE1MDAwMDkyMw==,2.2,4.0,8.9,21.0,18.3,10.9,하락,2.7,2.2,4.0,9.0,20.0,17.8,10.6,하락,2.3,23.5,20.9,20.0,25.9,2024
경북,47,영천시,47230,고,영동고등학교,사립,,UzE1MDAwMDkwNg==,5.0,5.1,15.5,17.2,17.4,12.0,연속↑,0.2,4.6,4.8,15.3,17.2,17.3,11.8,연속↑,0.1,18.3,20.0,22.3,17.7,2025
경북,47,영천시,47230,고,경북휴먼테크고등학교,사립,경북휴먼테크고등학교,UzE1MDAwMDc3Mw==,6.3,10.0,9.3,7.7,9.0,8.5,반등,1.4,5.9,9.9,9.8,7.7,9.1,8.5,반등,1.4,15.6,12.5,7.6,43.8,2022
경북,47,영천시,47230,고,영천전자고등학교,사립,,UzE1MDAwMDkyMA==,4.6,0.5,8.9,1.5,5.0,4.1,반등,3.5,4.1,0.6,7.8,1.3,4.7,3.7,반등,3.5,1.8,3.6,9.1,69.0,2023
경북,47,울릉군,47940,중,울릉중학교,공립,,UzE1MDAwNjU1MA==,16.9,15.3,20.6,19.7,20.0,18.5,반등,0.3,17.3,15.0,22.2,19.5,19.8,18.8,반등,0.3,21.2,24.4,28.3,48.5,2023
경북,47,울릉군,47940,고,울릉고등학교,공립,,UzE1MDAwMDkzNw==,13.2,3.4,3.8,3.8,12.0,7.2,상승,8.2,12.9,3.3,3.8,4.0,6.1,6.0,연속↑,2.1,13.3,28.6,6.7,50.0,2021
경북,47,고령군,47830,중,고령중학교,공립,,UzE1MDAwMTMyOA==,25.2,19.2,27.4,28.9,29.2,26.0,연속↑,0.3,24.7,19.0,26.8,29.2,28.0,25.5,하락,1.2,43.7,26.2,36.9,55.4,2024
경북,47,고령군,47830,중,다산중학교,사립,,UzE1MDAwMTMzMA==,25.0,18.9,18.8,22.0,19.6,20.9,하락,2.4,25.4,19.6,19.0,22.4,20.0,21.3,하락,2.4,15.7,29.4,31.4,44.8,2021
경북,47,고령군,47830,중,성산중학교,공립,,UzE1MDAwMTMzMQ==,31.1,27.0,25.3,15.8,18.7,23.6,반등,2.9,31.9,26.7,26.1,15.4,18.4,23.7,반등,3.1,33.3,50.0,33.3,25.0,2021
경북,47,고령군,47830,중,쌍림중학교,공립,경북 고령군 쌍림면,UzE1MDAwMTMzMg==,37.6,21.3,26.9,32.6,17.4,27.2,하락,15.3,36.5,21.1,26.6,32.6,17.3,26.8,하락,15.3,33.3,25.0,16.7,66.7,2021
경북,47,고령군,47830,중,고령중학교개진분교장,공립,,UzE1MDAwMTMyOQ==,25.0,41.7,50.0,6.3,11.7,26.9,반등,5.4,26.8,39.3,50.0,6.3,10.0,26.5,반등,3.8,25.0,0.0,25.0,75.0,2023
경북,47,고령군,47830,중,우곡중학교,공립,경북 고령군 우곡면,UzE1MDAwMTMzMw==,20.8,8.3,50.0,22.2,11.1,22.5,연속↓,11.1,19.6,10.7,47.6,21.4,9.5,21.8,연속↓,11.9,66.7,0.0,0.0,33.3,2023
경북,47,고령군,47830,고,대가야고등학교,사립,,UzE1MDAwMDc5MA==,14.1,9.4,28.0,18.8,28.0,19.7,반등,9.2,14.3,9.1,28.0,19.5,28.5,19.9,반등,9.0,24.7,35.1,34.4,19.1,2025
경북,47,고령군,47830,고,한국조리명장고등학교,공립,,UzE1MDAwMDc0OA==,6.1,12.5,2.5,12.3,9.7,8.6,하락,2.6,5.9,11.9,2.5,12.0,10.1,8.5,하락,1.9,10.6,13.0,8.5,50.0,2024
경남,48,진주시,48170,중,선인국제중학교,사립,,UzE2MDAwMzkzNQ==,90.4,56.4,97.3,95.7,91.0,86.2,연속↓,4.7,91.4,55.8,96.6,95.1,91.0,86.0,연속↓,4.1,100.0,100.0,92.9,0.0,2023
경남,48,진주시,48170,중,지수중학교,공립,,UzE2MDAwMTk1MA==,25.9,15.2,24.1,31.5,45.8,28.5,연속↑,14.4,23.8,14.3,23.0,28.6,42.3,26.4,연속↑,13.7,100.0,50.0,50.0,50.0,2025
경남,48,진주시,48170,중,금곡중학교,공립,,UzE2MDAwMTk0MA==,18.4,21.0,27.8,22.9,41.0,26.2,반등,18.0,18.3,21.5,26.4,22.3,40.8,25.9,반등,18.4,75.0,62.5,37.5,66.7,2025
경남,48,진주시,48170,중,경해여자중학교,사립,,UzE2MDAwMTkzOQ==,42.1,25.9,38.7,37.4,37.2,36.3,연속↓,0.2,41.3,25.5,38.7,37.7,37.6,36.2,연속↓,,34.5,45.7,53.5,27.4,2021
경남,48,진주시,48170,중,삼현여자중학교,사립,,UzE2MDAwMTk0Nw==,19.2,21.4,26.2,34.9,34.9,27.3,→보합,0.1,20.6,21.9,26.6,35.9,33.5,27.7,하락,2.4,63.0,37.3,44.9,32.3,2024
경남,48,진주시,48170,중,진서중학교,공립,,UzE2MDAwMTk1Mg==,23.9,21.0,30.5,23.3,33.3,26.4,반등,10.0,25.7,21.8,33.0,20.7,32.7,26.8,반등,12.0,50.0,50.0,50.0,50.0,2023
경남,48,진주시,48170,중,반성중학교,공립,,UzE2MDAwMTk0Ng==,22.6,20.6,17.4,19.3,30.5,22.1,연속↑,11.3,23.7,21.3,17.7,19.8,30.7,22.6,연속↑,10.9,48.0,45.8,28.0,50.0,2025
경남,48,진주시,48170,중,문산중학교,공립,,UzE2MDAwMTk0NA==,29.4,20.2,27.8,28.6,29.4,27.1,연속↑,0.8,29.7,20.0,28.1,28.7,29.5,27.2,연속↑,0.8,37.9,48.4,37.5,28.9,2021
경남,48,진주시,48170,중,대곡중학교,공립,,UzE2MDAwMTk0MQ==,33.1,26.4,24.1,28.3,27.7,27.9,하락,0.6,33.0,26.9,24.1,28.2,27.8,28.0,하락,0.4,22.4,33.6,49.2,28.8,2021
경남,48,진주시,48170,중,개양중학교,공립,,UzE2MDAwMzQwMw==,28.4,25.8,36.2,29.2,27.3,29.4,연속↓,1.9,26.8,26.5,35.3,28.2,27.5,28.9,연속↓,0.7,25.0,35.1,50.5,37.8,2023
경남,48,진주시,48170,중,진주제일중학교,공립,경남 진주시 평거동,UzE2MDAwMzI2NQ==,27.6,21.9,24.1,24.4,25.6,24.7,연속↑,1.2,26.7,22.2,24.3,24.7,25.7,24.7,연속↑,1.0,27.6,29.8,37.5,33.5,2021
경남,48,진주시,48170,중,진주여자중학교,공립,,UzE2MDAwMTk1OA==,29.3,22.3,29.1,25.9,23.3,26.0,연속↓,2.6,29.8,22.4,28.6,26.0,23.7,26.1,연속↓,2.3,26.8,35.5,31.8,39.5,2021
경남,48,진주시,48170,중,진주동중학교,사립,,UzE2MDAwMTk1NQ==,30.6,23.7,31.1,34.0,23.4,28.6,하락,10.6,30.5,24.1,31.8,34.8,23.5,28.9,하락,11.2,18.3,27.6,38.9,35.5,2024
경남,48,진주시,48170,중,진주동명중학교,사립,,UzE2MDAwMTk1NA==,23.6,21.9,22.4,20.2,23.8,22.4,반등,3.6,24.4,21.7,21.5,20.1,23.4,22.2,반등,3.3,30.5,31.4,30.9,42.0,2021
경남,48,진주시,48170,중,대아중학교,사립,경남 진주시 이현동,UzE2MDAwMTk0Mg==,24.4,22.0,26.8,26.8,21.9,24.4,하락,4.9,25.5,22.4,28.0,27.5,22.6,25.2,연속↓,4.8,15.5,31.4,37.8,35.0,2023
경남,48,진주시,48170,중,명석중학교,공립,,UzE2MDAwMTk0Mw==,30.3,9.7,20.3,24.4,23.1,21.6,하락,1.4,28.6,9.4,20.0,23.6,21.9,20.7,하락,1.7,33.3,27.3,33.3,62.5,2021
경남,48,진주시,48170,중,진주남중학교,공립,,UzE2MDAwMTk1Mw==,24.6,22.8,27.5,26.2,21.9,24.6,연속↓,4.3,25.1,22.5,27.4,25.9,21.6,24.5,연속↓,4.3,23.8,23.8,32.9,43.9,2023
경남,48,진주시,48170,중,진주중앙중학교,공립,,UzE2MDAwMTk1OQ==,28.5,20.7,27.0,25.3,22.0,24.7,연속↓,3.3,27.8,20.1,27.7,24.5,21.2,24.3,연속↓,3.3,40.8,25.4,28.8,46.6,2021
경남,48,진주시,48170,중,진명여자중학교,공립,,UzE2MDAwMTk1MQ==,36.9,23.9,26.5,26.3,21.3,27.0,연속↓,5.0,37.7,23.5,25.9,26.2,20.9,26.8,하락,5.2,27.4,26.7,45.9,49.3,2021
경남,48,진주시,48170,중,경상국립대학교사범대학부설중학교,국립,경남 진주시 가좌동,UzAwMDAwMzYwNQ==,22.5,19.1,19.5,21.1,19.7,20.4,하락,1.3,22.6,18.6,19.7,21.1,19.7,20.3,하락,1.4,13.7,22.9,30.7,32.0,2021
경남,48,진주시,48170,중,진주봉원중학교,공립,,UzE2MDAwMTk1Ng==,35.4,16.4,28.3,18.0,18.5,23.3,반등,0.5,35.1,16.5,28.2,18.4,18.7,23.4,반등,0.3,27.3,27.3,21.2,64.7,2021
경남,48,진주시,48170,중,진주중학교,공립,,UzE2MDAwMTk2MA==,24.7,13.5,19.1,16.5,13.8,17.5,연속↓,2.7,25.8,13.3,18.9,16.0,12.6,17.3,연속↓,3.4,27.4,8.9,23.4,71.2,2021
경남,48,진주시,48170,고,경남과학고등학교,공립,경남과학고등학교,UzE2MDAwMDQ4MQ==,77.6,84.5,86.5,86.8,92.8,85.6,연속↑,6.0,76.3,83.4,83.3,85.1,92.0,84.0,연속↑,7.0,100.0,94.2,97.1,1.0,2025
경남,48,진주시,48170,고,진주동명고등학교,사립,,UzE2MDAwMDY2Mw==,34.3,30.4,33.0,21.7,50.3,33.9,반등,28.6,35.5,28.6,34.3,20.4,53.9,34.5,반등,33.5,29.7,82.1,55.2,0.9,2025
경남,48,진주시,48170,고,경해여자고등학교,사립,,UzE2MDAwMDQ5Mw==,9.2,26.3,19.3,18.4,29.5,20.5,반등,11.0,8.7,29.6,19.5,19.9,29.8,21.5,연속↑,9.9,17.1,34.3,67.6,6.2,2025
경남,48,진주시,48170,고,진주외국어고등학교,사립,,UzE2MDAwMDY2Nw==,28.2,20.7,11.9,28.7,27.7,23.4,하락,1.0,25.9,20.6,11.5,27.0,26.7,22.3,하락,0.3,37.7,26.4,33.3,61.1,2024
경남,48,진주시,48170,고,명신고등학교,공립,,UzE2MDAwMDU2Mw==,13.9,23.4,13.9,13.5,25.9,18.1,반등,12.4,14.3,23.1,13.7,13.7,24.7,17.9,상승,11.1,38.3,19.5,31.9,10.1,2025
경남,48,진주시,48170,고,진주제일여자고등학교,사립,,UzE2MDAwMDY2OA==,16.4,16.6,20.9,20.3,19.3,18.7,연속↓,1.0,16.3,15.6,19.4,19.9,19.5,18.1,하락,0.5,31.5,20.8,18.5,3.3,2024
경남,48,진주시,48170,고,경상국립대학교사범대학부설고등학교,국립,경남 진주시 가좌동,UzAwMDAwMzQ5NQ==,33.1,33.0,34.6,28.3,17.6,29.3,연속↓,10.7,32.4,32.5,32.4,26.3,17.9,28.3,연속↓,8.4,14.9,25.0,29.1,33.3,2022
경남,48,진주시,48170,고,선명여자고등학교,사립,,UzE2MDAwMDYwMg==,10.1,6.8,10.8,9.1,17.4,10.8,반등,8.4,10.0,6.6,10.2,8.6,17.1,10.5,반등,8.5,30.5,17.1,12.4,39.6,2025
경남,48,진주시,48170,고,진주기계공업고등학교,공립,,UzE2MDAwMDY2Mg==,12.1,17.1,11.4,19.8,16.5,15.4,하락,3.3,12.8,16.6,11.2,19.3,16.5,15.3,하락,2.8,,31.7,30.8,15.4,2024
경남,48,진주시,48170,고,삼현여자고등학교,사립,,UzE2MDAwMDU5Ng==,10.1,16.7,23.7,33.7,16.2,20.1,하락,17.5,10.1,17.4,25.0,32.5,15.5,20.1,하락,17.0,23.8,12.1,21.5,2.3,2024
경남,48,진주시,48170,고,진주여자고등학교,공립,,UzE2MDAwMDY2NQ==,27.1,14.8,54.3,24.2,14.4,26.9,연속↓,9.9,27.4,16.9,52.4,24.4,15.0,27.2,연속↓,9.4,16.9,25.9,16.4,31.8,2023
경남,48,진주시,48170,고,경남예술고등학교,사립,경남예술고등학교,UzE2MDAwMDQ4NQ==,19.1,25.4,63.1,26.8,16.3,30.1,연속↓,10.5,17.4,23.9,57.7,23.8,14.4,27.4,연속↓,9.3,23.4,3.2,26.6,48.9,2023
경남,48,진주시,48170,고,진서고등학교,공립,,UzE2MDAwMDY1Mw==,12.5,23.3,27.8,8.3,37.5,21.9,반등,29.2,12.5,21.4,26.2,7.1,14.3,16.3,반등,7.1,,50.0,25.0,,2023
경남,48,진주시,48170,고,진양고등학교,공립,,UzE2MDAwMDY1NA==,21.4,13.4,14.5,15.1,13.4,15.6,하락,1.7,23.6,14.5,14.9,14.7,13.3,16.2,연속↓,1.4,18.5,13.4,13.4,17.2,2021
경남,48,진주시,48170,고,진주중앙고등학교,공립,,UzE2MDAwMDYwMQ==,13.6,14.8,11.1,8.1,13.6,12.2,반등,5.4,12.9,14.2,11.4,7.7,12.7,11.8,반등,4.9,24.3,10.1,15.3,36.9,2022
경남,48,진주시,48170,고,경남자동차고등학교,사립,경남자동차고등학교,UzE2MDAwMDUzMg==,8.8,13.8,8.1,7.0,13.3,10.2,반등,6.3,9.2,15.0,7.9,7.0,12.5,10.3,반등,5.5,15.0,9.1,23.2,9.1,2022
경남,48,진주시,48170,고,진주고등학교,공립,,UzE2MDAwMDY2MA==,8.4,6.2,9.6,21.4,12.9,11.7,하락,8.5,8.0,6.1,10.1,21.5,12.5,11.6,하락,9.0,14.6,12.3,16.4,26.9,2024
경남,48,진주시,48170,고,경남정보고등학교,공립,경남정보고등학교,UzE2MDAwMDQ4OQ==,13.2,16.7,7.3,7.6,9.4,10.9,연속↑,1.8,12.8,16.4,7.7,8.1,9.6,10.9,연속↑,1.5,6.1,11.8,17.6,57.6,2022
경남,48,진주시,48170,고,경남체육고등학교,공립,경남체육고등학교,UzE2MDAwMDQ5MA==,11.6,12.2,25.5,16.0,9.0,14.9,연속↓,7.0,12.0,13.0,24.9,16.0,9.0,15.0,연속↓,7.0,10.8,,14.9,,2023
경남,48,진주시,48170,고,경진고등학교,사립,,UzE2MDAwMDYwNw==,8.5,4.3,8.9,3.9,8.6,6.8,반등,4.8,8.8,4.6,9.0,4.0,8.6,7.0,반등,4.6,17.5,,6.9,,2023
경남,48,진주시,48170,고,대아고등학교,사립,,UzE2MDAwMDUzNg==,8.5,13.1,7.3,11.5,6.6,9.4,하락,4.9,8.6,14.8,8.0,14.2,6.3,10.4,하락,8.0,8.3,6.9,9.0,42.6,2022
경남,48,성산구,48123,중,반송여자중학교,공립,,UzE2MDAwMjM2MA==,36.1,29.0,39.2,43.5,42.9,38.1,하락,0.6,36.6,29.0,38.9,42.6,41.8,37.8,하락,0.8,48.1,38.7,55.5,21.1,2024
경남,48,성산구,48123,중,삼정자중학교,공립,,UzE2MDAwMzQwNg==,39.8,30.5,40.6,35.4,37.4,36.7,반등,2.0,39.7,30.6,41.1,34.6,37.7,36.7,반등,3.1,36.2,50.2,50.6,28.3,2023
경남,48,성산구,48123,중,반림중학교,공립,,UzE2MDAwMjM1OQ==,33.9,24.6,37.6,30.3,34.7,32.2,반등,4.5,32.8,23.8,37.6,30.8,35.2,32.1,반등,4.4,29.4,45.1,56.5,30.5,2023
경남,48,성산구,48123,중,웅남중학교,공립,,UzE2MDAwMjM2OA==,38.5,26.6,33.5,37.6,36.0,34.4,하락,1.6,37.5,25.9,32.8,35.9,35.2,33.4,하락,0.7,30.2,38.5,55.5,38.6,2021
경남,48,성산구,48123,중,남산중학교,공립,,UzE2MDAwMjM1NQ==,34.4,26.1,29.3,30.9,34.2,31.0,연속↑,3.2,33.9,26.0,29.7,31.2,34.2,31.0,연속↑,3.0,33.7,53.6,46.9,34.6,2025
경남,48,성산구,48123,중,안민중학교,공립,,UzE2MDAwMzI2Mg==,20.8,23.6,31.3,30.6,32.5,27.8,반등,1.9,21.8,24.1,31.5,30.5,32.2,28.0,반등,1.7,28.8,43.1,51.0,42.3,2025
경남,48,성산구,48123,중,반송중학교,공립,,UzE2MDAwMjM2MQ==,42.2,25.9,35.3,31.1,29.8,32.8,연속↓,1.3,42.3,25.6,35.4,31.7,30.4,33.1,연속↓,1.3,26.9,41.9,38.3,27.7,2021
경남,48,성산구,48123,중,창원남중학교,사립,,UzE2MDAwMjM3Mg==,23.4,29.3,25.7,25.3,27.5,26.2,반등,2.2,22.3,28.6,24.9,24.8,27.3,25.6,반등,2.4,31.8,45.5,36.4,55.8,2022
경남,48,성산구,48123,중,양곡중학교,공립,,UzE2MDAwMjM2Nw==,35.6,22.2,22.8,25.0,25.6,26.2,연속↑,0.6,35.9,22.3,22.7,25.1,26.9,26.6,연속↑,1.8,31.1,49.2,30.6,39.3,2021
경남,48,성산구,48123,중,토월중학교,공립,,UzE2MDAwMjM3Nw==,23.5,19.1,25.0,25.6,26.2,23.9,연속↑,0.6,23.8,19.5,24.9,25.6,26.6,24.1,연속↑,1.0,25.3,44.2,35.8,43.0,2025
경남,48,성산구,48123,중,안남중학교,공립,,UzE2MDAwMjM2Ng==,34.3,22.1,31.7,30.8,26.3,29.0,연속↓,4.5,34.4,22.8,32.0,30.9,26.5,29.3,연속↓,4.4,20.1,36.6,52.5,33.2,2021
경남,48,성산구,48123,중,대방중학교,공립,,UzE2MDAwMjM1Ng==,31.5,23.6,29.7,25.1,25.6,27.1,반등,0.5,32.2,23.5,29.2,25.7,26.3,27.4,반등,0.6,27.1,35.4,34.3,37.0,2021
경남,48,성산구,48123,중,사파중학교,공립,,UzE2MDAwMjM2NA==,28.4,26.3,30.1,34.4,25.9,29.0,하락,8.5,28.5,26.5,29.9,33.8,25.7,28.9,하락,8.0,29.4,32.6,29.2,31.4,2024
경남,48,성산구,48123,중,창원상남중학교,공립,,UzE2MDAwMjM3Mw==,40.0,26.1,30.1,34.6,26.2,31.4,하락,8.4,39.8,25.9,30.0,34.1,25.4,31.0,하락,8.6,27.9,26.6,41.7,36.5,2021
경남,48,성산구,48123,중,경원중학교,공립,,UzE2MDAwMjM1NA==,21.2,18.7,23.6,20.8,24.5,21.7,반등,3.7,20.3,17.7,23.0,20.2,25.1,21.3,반등,4.9,23.1,37.5,31.9,39.5,2025
경남,48,성산구,48123,중,창원중앙중학교,공립,,UzE2MDAwMjM3NQ==,29.8,24.2,25.7,30.6,22.9,26.7,하락,7.7,29.8,24.4,26.2,29.9,22.3,26.5,하락,7.6,35.9,25.6,33.0,48.1,2024
경남,48,성산구,48123,중,신월중학교,공립,,UzE2MDAwMjM2NQ==,21.4,16.7,14.6,16.7,19.7,17.8,연속↑,3.0,21.3,16.3,14.7,16.1,19.8,17.6,연속↑,3.7,17.7,24.4,32.3,53.2,2021
경남,48,성산구,48123,고,창원사파고등학교,공립,,UzE2MDAwMDY5Nw==,20.5,24.3,30.5,30.0,47.1,30.5,반등,17.0,21.1,24.6,30.1,28.9,47.2,30.4,반등,18.3,76.3,78.7,41.4,1.2,2025
경남,48,성산구,48123,고,창원중앙여자고등학교,공립,,UzE2MDAwMDcwMg==,8.6,18.8,30.8,48.2,36.7,28.6,하락,11.5,8.2,17.9,29.3,48.0,37.0,28.1,하락,11.0,51.8,50.9,36.4,1.8,2024
경남,48,성산구,48123,고,창원신월고등학교,공립,,UzE2MDAwMzIxMA==,38.2,24.0,36.5,35.9,34.1,33.7,연속↓,1.8,41.0,22.0,36.3,37.9,34.7,34.4,하락,3.2,34.3,44.0,34.9,9.9,2021
경남,48,성산구,48123,고,창원문성고등학교,사립,,UzE2MDAwMDY5Ng==,25.0,19.2,27.3,18.3,29.7,23.9,반등,11.4,24.9,17.6,26.2,17.9,28.7,23.1,반등,10.8,35.1,32.5,39.6,24.7,2025
경남,48,성산구,48123,고,창원대암고등학교,공립,,UzE2MDAwMzI3Nw==,20.5,24.4,45.5,30.4,27.1,29.6,연속↓,3.3,22.1,25.5,42.7,29.9,28.3,29.7,연속↓,1.5,30.9,36.4,26.1,3.7,2023
경남,48,성산구,48123,고,창원용호고등학교,공립,,UzE2MDAwMDY5OQ==,20.6,20.7,39.7,23.0,27.7,26.3,반등,4.7,22.3,20.1,40.4,23.6,28.3,26.9,반등,4.7,22.3,37.2,30.1,9.0,2023
경남,48,성산구,48123,고,창원남산고등학교,공립,,UzE2MDAwMDY5Mw==,14.1,26.6,17.0,37.9,26.1,24.3,하락,11.9,13.9,27.3,15.8,39.6,25.2,24.4,하락,14.5,31.7,21.4,35.1,17.3,2024
경남,48,성산구,48123,고,창원기계공업고등학교,공립,,UzE2MDAwMDY5MQ==,17.8,15.1,29.9,19.2,24.0,21.2,반등,4.9,17.7,14.4,29.0,17.5,25.1,20.7,반등,7.6,49.1,69.4,41.9,18.4,2023
경남,48,성산구,48123,고,창원남고등학교,사립,,UzE2MDAwMDY5Mg==,34.2,28.2,18.6,14.4,23.5,23.8,반등,9.1,34.3,26.9,18.2,14.4,24.3,23.6,반등,9.9,26.4,35.8,22.5,13.8,2021
경남,48,성산구,48123,고,창원경일고등학교,사립,,UzE2MDAwMDY4OA==,13.4,8.8,26.7,17.3,21.9,17.6,반등,4.6,13.0,7.7,26.5,16.6,21.1,17.0,반등,4.5,34.5,19.6,22.1,13.8,2023
경남,48,성산구,48123,고,창원경일여자고등학교,사립,,UzE2MDAwMzIyOA==,26.9,29.7,17.0,21.8,16.0,22.2,하락,5.8,26.6,30.0,15.4,21.4,15.2,21.7,하락,6.3,27.7,11.7,16.2,50.5,2022
경남,48,성산구,48123,고,창원여자고등학교,공립,,UzE2MDAwMDY5OA==,18.9,37.4,11.7,27.9,14.6,22.1,하락,13.3,20.5,35.4,11.2,25.6,14.1,21.4,하락,11.5,17.2,13.8,18.0,7.4,2022
경남,48,성산구,48123,고,창원중앙고등학교,공립,,UzE2MDAwMDcwMQ==,22.6,19.9,25.4,29.4,11.9,21.8,하락,17.6,23.3,20.6,26.4,29.6,11.9,22.4,하락,17.7,17.3,15.7,14.6,4.9,2024
경남,48,성산구,48123,고,창원토월고등학교,공립,,UzE2MDAwMzI3OA==,8.1,15.0,25.8,25.9,12.1,17.4,하락,13.9,9.1,14.7,24.0,23.5,11.2,16.5,연속↓,12.2,17.1,8.2,14.6,5.0,2023
경남,48,의창구,48121,중,창원여자중학교,사립,,UzE2MDAwMjM3NA==,26.6,26.2,29.1,29.3,37.4,29.7,연속↑,8.2,26.3,26.0,29.0,29.2,37.6,29.6,연속↑,8.4,46.7,51.8,45.1,36.9,2025
경남,48,의창구,48121,중,도계중학교,공립,,UzE2MDAwMzQzMA==,26.6,24.1,30.7,33.2,34.6,29.8,연속↑,1.4,26.4,24.5,29.4,34.0,34.5,29.7,연속↑,0.5,34.1,40.2,45.5,28.7,2025
경남,48,의창구,48121,중,명곡여자중학교,공립,,UzE2MDAwMzI2Mw==,23.1,18.9,25.1,29.9,34.2,26.2,연속↑,4.4,22.0,19.0,24.3,30.5,34.3,26.0,연속↑,3.8,43.2,44.8,45.9,44.8,2025
경남,48,의창구,48121,중,팔룡중학교,공립,,UzE2MDAwMjM3OA==,28.4,24.1,28.9,31.1,32.7,29.0,연속↑,1.6,28.3,24.3,29.0,31.1,32.0,28.9,연속↑,1.0,41.5,31.4,42.0,40.9,2025
경남,48,의창구,48121,중,창원동중학교,공립,,UzE2MDAwMzI2MQ==,26.3,20.5,27.4,24.4,28.7,25.5,반등,4.3,26.4,20.3,27.4,24.6,29.0,25.6,반등,4.4,36.2,35.3,44.1,36.2,2025
경남,48,의창구,48121,중,창원대산중학교,사립,,UzE2MDAwMjM1Nw==,16.5,19.2,22.5,22.3,29.7,22.0,반등,7.5,16.1,18.0,22.1,22.5,28.9,21.5,연속↑,6.4,42.9,28.6,34.5,52.6,2025
경남,48,의창구,48121,중,봉림중학교,공립,,UzE2MDAwMjM2Mw==,25.1,20.0,25.1,22.9,27.5,24.1,반등,4.6,25.1,19.9,25.1,23.3,27.9,24.3,반등,4.5,25.8,45.3,45.5,45.2,2025
경남,48,의창구,48121,중,창북중학교,공립,,UzE2MDAwMjM3MA==,33.2,25.7,31.0,26.0,25.7,28.3,연속↓,0.3,32.8,25.9,31.3,26.4,26.2,28.5,연속↓,0.2,26.9,38.4,32.5,30.2,2021
경남,48,의창구,48121,중,감계중학교,공립,,UzE2MDAwMzQ1OQ==,35.6,22.3,31.0,29.4,27.5,29.2,연속↓,1.9,35.5,21.4,29.7,28.2,25.9,28.2,연속↓,2.3,31.6,21.8,53.1,40.4,2021
경남,48,의창구,48121,중,봉곡중학교,공립,,UzE2MDAwMjM2Mg==,30.1,18.1,26.4,28.6,23.7,25.4,하락,4.9,29.6,17.4,25.7,28.4,23.2,24.9,하락,5.3,42.3,33.1,31.7,49.5,2021
경남,48,의창구,48121,중,창원중학교,사립,,UzE2MDAwMjM3Ng==,20.9,23.1,25.2,27.0,23.4,23.9,하락,3.7,20.9,22.8,24.4,26.5,22.7,23.5,하락,3.8,18.8,28.0,42.7,43.6,2024
경남,48,의창구,48121,중,명서중학교,공립,,UzE2MDAwMjM1OA==,35.5,24.5,29.6,28.7,22.1,28.1,연속↓,6.6,34.5,24.2,28.7,27.8,21.2,27.3,연속↓,6.6,25.5,26.8,38.3,49.7,2021
경남,48,의창구,48121,중,창덕중학교,공립,,UzE2MDAwMjM2OQ==,24.4,21.8,27.4,24.8,21.4,23.9,연속↓,3.4,24.6,21.7,27.9,25.6,21.0,24.2,연속↓,4.6,22.5,34.2,35.1,52.6,2023
경남,48,의창구,48121,고,창원과학고등학교,공립,,UzE2MDAwMzQzMw==,74.0,54.6,94.3,79.8,67.1,74.0,연속↓,12.7,71.0,56.0,93.0,80.5,67.0,73.5,연속↓,13.5,76.3,67.5,80.8,,2023
경남,48,의창구,48121,고,창원성민여자고등학교,사립,,UzE2MDAwMzQ4OA==,47.6,57.7,49.6,37.3,36.4,45.7,연속↓,0.9,48.8,57.7,49.8,35.3,35.1,45.3,연속↓,0.2,37.3,28.7,68.9,23.6,2022
경남,48,의창구,48121,고,창원대산고등학교,사립,,UzE2MDAwMDY5NA==,11.4,16.6,22.1,12.3,32.2,18.9,반등,19.9,11.6,17.0,21.4,13.3,30.2,18.7,반등,16.8,40.1,20.4,48.8,11.7,2025
경남,48,의창구,48121,고,경상고등학교,사립,,UzE2MDAwMDQ5Mg==,8.0,10.5,31.8,24.8,30.6,21.1,반등,5.8,7.2,9.1,29.1,23.0,29.0,19.5,반등,6.0,54.7,23.0,26.1,3.0,2023
경남,48,의창구,48121,고,창원봉림고등학교,공립,,UzE2MDAwMzIwOQ==,9.7,12.2,14.2,19.7,29.4,17.1,연속↑,9.7,10.0,12.2,15.6,19.6,29.0,17.3,연속↑,9.4,40.4,27.2,34.2,5.6,2025
경남,48,의창구,48121,고,창원명지여자고등학교,공립,,UzE2MDAwMDY5NQ==,13.7,16.1,20.0,30.5,24.1,20.9,하락,6.4,13.7,16.5,19.5,30.4,24.5,20.9,하락,6.0,24.1,34.7,22.9,5.4,2024
경남,48,의창구,48121,고,창원고등학교,사립,,UzE2MDAwMDY4OQ==,9.8,9.6,9.5,17.6,20.4,13.4,연속↑,2.8,9.3,8.8,8.7,18.5,20.5,13.2,연속↑,2.0,20.1,26.5,22.8,25.4,2025
경남,48,의창구,48121,고,경남관광고등학교,사립,경남관광고등학교,UzE2MDAwMDcwMA==,12.8,15.5,25.8,20.5,21.0,19.1,반등,0.5,12.6,16.1,25.6,20.6,20.4,19.1,연속↓,0.2,28.1,19.2,33.2,6.1,2023
경남,48,의창구,48121,고,창원명곡고등학교,공립,,UzE2MDAwMzIzMA==,10.0,8.0,21.3,34.7,20.7,18.9,하락,14.0,9.7,7.5,20.8,34.4,20.3,18.5,하락,14.1,19.4,20.0,26.9,18.9,2024
경남,48,의창구,48121,고,창원북면고등학교,공립,,UzE2MDAwNDA0Nw==,,,13.4,16.4,20.4,16.7,연속↑,4.0,,,14.7,15.1,20.1,16.6,연속↑,5.0,37.1,23.9,18.2,0.7,2025
경남,48,의창구,48121,고,창원공업고등학교,사립,,UzE2MDAwMDY5MA==,9.3,7.5,8.0,3.4,10.2,7.7,반등,6.8,9.3,8.1,8.1,3.1,11.9,8.1,반등,8.8,6.7,22.1,1.9,26.0,2025
경남,48,마산회원구,48127,중,양덕중학교,공립,,UzE2MDAwMTM3Mw==,34.1,21.5,26.6,31.1,34.2,29.5,연속↑,3.1,34.6,21.1,26.1,31.3,35.3,29.7,연속↑,4.1,35.5,46.5,36.4,32.7,2025
경남,48,마산회원구,48127,중,양덕여자중학교,공립,,UzE2MDAwMTM3Mg==,40.3,24.5,36.0,38.7,34.9,34.9,하락,3.8,40.1,24.2,35.3,38.6,33.7,34.4,하락,4.9,47.5,28.7,44.8,40.9,2021
경남,48,마산회원구,48127,중,합포여자중학교,공립,,UzE2MDAwMTM3Nw==,24.3,20.6,18.1,24.2,30.6,23.6,연속↑,6.4,24.1,19.6,17.6,23.4,30.4,23.0,연속↑,7.1,29.6,44.4,44.4,55.0,2025
경남,48,마산회원구,48127,중,삼계중학교,공립,,UzE2MDAwMTM2OQ==,32.8,29.0,30.2,29.9,28.9,30.1,연속↓,1.0,32.8,29.3,30.7,30.2,28.5,30.3,연속↓,1.7,29.8,43.7,46.8,35.6,2021
경남,48,마산회원구,48127,중,마산중앙중학교,사립,,UzE2MDAwMTM2Nw==,29.9,20.9,29.7,25.8,28.2,26.9,반등,2.4,28.6,20.4,28.9,25.4,28.0,26.3,반등,2.6,26.3,28.7,41.4,40.9,2023
경남,48,마산회원구,48127,중,창신중학교,사립,,UzE2MDAwMTM3Ng==,30.9,24.4,27.0,28.6,27.1,27.6,하락,1.5,31.5,24.7,27.9,29.2,27.3,28.1,하락,1.8,25.4,38.8,40.3,42.3,2021
경남,48,마산회원구,48127,중,마산동중학교,공립,,UzE2MDAwMTM2MA==,20.0,16.0,20.6,26.6,27.4,22.1,연속↑,0.8,20.6,16.8,20.3,25.9,27.1,22.1,연속↑,1.1,36.8,28.9,39.8,50.0,2025
경남,48,마산회원구,48127,중,광려중학교,공립,,UzE2MDAwMzI2NA==,28.9,20.8,28.9,31.8,26.8,27.4,하락,5.0,29.7,21.4,28.5,32.1,26.9,27.7,하락,5.2,25.8,35.4,30.3,32.0,2024
경남,48,마산회원구,48127,중,마산여자중학교,공립,,UzE2MDAwMTM2NA==,33.9,27.1,35.3,33.1,28.2,31.5,연속↓,4.9,32.9,27.0,34.2,31.7,26.8,30.5,연속↓,4.9,50.0,31.5,48.1,50.0,2023
경남,48,마산회원구,48127,중,마산무학여자중학교,사립,,UzE2MDAwMTM2MQ==,31.3,22.2,29.2,27.4,25.2,27.0,연속↓,2.2,31.8,22.0,29.7,26.9,25.3,27.1,연속↓,1.5,15.2,30.3,44.8,40.3,2021
경남,48,마산회원구,48127,중,호계중학교,공립,,UzE2MDAwMzIwMw==,31.3,25.9,28.9,24.7,24.4,27.0,연속↓,0.3,31.0,26.1,29.5,25.3,24.1,27.2,연속↓,1.3,27.2,28.3,41.2,30.9,2021
경남,48,마산회원구,48127,중,내서중학교,공립,,UzE2MDAwMTM1OQ==,19.5,20.4,20.5,22.5,23.7,21.3,연속↑,1.3,19.3,20.2,19.8,22.5,23.3,21.0,연속↑,0.8,28.4,29.1,34.3,57.1,2025
경남,48,마산회원구,48127,중,구암중학교,공립,,UzE2MDAwMTM1OA==,20.1,17.4,14.8,16.6,20.3,17.8,연속↑,3.7,20.0,17.5,15.1,16.7,19.7,17.8,연속↑,3.0,24.4,18.4,33.3,50.0,2021
경남,48,마산회원구,48127,고,창신고등학교,사립,,UzE2MDAwMDY4Nw==,32.2,26.0,30.7,27.0,31.0,29.4,반등,4.0,31.9,26.0,31.0,24.4,32.1,29.1,반등,7.7,25.4,44.9,41.8,4.3,2025
경남,48,마산회원구,48127,고,마산구암고등학교,공립,,UzE2MDAwMDU0OQ==,7.2,17.4,18.3,29.7,26.7,19.9,하락,3.1,7.4,17.9,17.0,28.6,26.3,19.4,하락,2.2,30.7,28.8,26.8,25.5,2024
경남,48,마산회원구,48127,고,한일여자고등학교,사립,,UzE2MDAwMDcyMw==,15.4,14.7,21.7,22.0,24.9,19.7,연속↑,2.9,14.0,14.3,19.9,20.5,24.7,18.7,연속↑,4.2,14.9,27.2,45.6,41.6,2025
경남,48,마산회원구,48127,고,마산무학여자고등학교,사립,,UzE2MDAwMDU1MA==,24.8,25.0,25.6,16.2,21.3,22.6,반등,5.1,26.0,26.9,26.3,15.3,21.3,23.1,반등,6.0,17.6,29.5,27.4,1.1,2022
경남,48,마산회원구,48127,고,마산내서여자고등학교,공립,,UzE2MDAwMzI0Mg==,13.1,14.5,20.4,28.7,20.5,19.4,하락,8.3,14.5,14.9,20.8,30.0,21.2,20.3,하락,8.8,21.7,33.8,21.2,4.7,2024
경남,48,마산회원구,48127,고,마산제일고등학교,사립,,UzE2MDAwMDU1OQ==,30.4,24.0,30.4,34.9,21.5,28.2,하락,13.4,31.2,23.5,29.1,32.0,20.7,27.3,하락,11.3,31.2,17.4,24.0,16.1,2024
경남,48,마산회원구,48127,고,마산공업고등학교,사립,,UzE2MDAwMDU0OA==,6.8,11.9,11.6,11.1,19.1,12.1,반등,8.0,6.7,11.9,11.6,11.1,17.7,11.8,반등,6.6,23.8,11.3,30.7,60.2,2025
경남,48,산청군,48860,중,덕산중학교,공립,,UzE2MDAwMTY4Nw==,28.1,19.3,22.1,28.3,31.9,25.9,연속↑,3.7,27.4,18.6,22.8,28.8,33.6,26.2,연속↑,4.7,33.3,50.0,37.5,32.0,2025
경남,48,산청군,48860,중,신등중학교,공립,,UzE2MDAwMTY5Mg==,9.9,20.0,25.0,35.4,31.3,24.3,하락,4.2,10.2,19.1,25.0,35.7,29.8,24.0,하락,5.9,50.0,25.0,50.0,50.0,2024
경남,48,산청군,48860,중,산청중학교,공립,,UzE2MDAwMzk3MQ==,23.5,18.1,16.4,18.7,26.2,20.6,연속↑,7.5,24.4,18.8,16.4,19.3,25.5,20.9,연속↑,6.2,33.8,27.8,37.7,45.1,2025
경남,48,산청군,48860,중,단성중학교,공립,,UzE2MDAwMTY4NQ==,30.7,18.5,27.6,26.4,19.3,24.5,연속↓,7.1,30.5,18.2,26.9,25.8,19.8,24.2,연속↓,6.0,13.0,27.8,29.6,44.8,2021
경남,48,산청군,48860,고,지리산고등학교,사립,,UzE2MDAwMzI4NQ==,43.3,30.0,28.7,27.0,31.4,32.1,반등,4.4,42.5,31.8,31.5,26.4,32.4,32.9,반등,6.1,40.0,43.8,40.0,20.0,2021
경남,48,산청군,48860,고,산청고등학교,공립,,UzE2MDAwMzk3Mg==,11.5,9.4,31.1,27.6,23.6,20.7,연속↓,4.0,13.1,8.3,27.3,25.1,23.8,19.5,연속↓,1.4,36.3,26.5,19.5,6.2,2023
경남,48,산청군,48860,고,단성고등학교,공립,,UzE2MDAwMDUyOQ==,15.2,11.7,16.7,18.3,22.8,16.9,연속↑,4.6,13.3,11.4,15.8,18.1,22.5,16.2,연속↑,4.4,25.8,25.8,29.0,37.5,2025
경남,48,산청군,48860,고,간디고등학교,사립,,UzE2MDAwMzA2OA==,16.4,22.9,15.3,24.1,20.7,19.9,하락,3.4,14.9,22.5,15.0,23.4,16.9,18.5,하락,6.5,29.0,13.3,43.8,43.8,2024
경남,48,산청군,48860,고,신등고등학교,공립,,UzE2MDAwMDYxMQ==,5.6,9.1,15.5,16.7,,11.7,-,,7.1,8.5,15.5,15.5,,11.6,-,,,,,,2024
경남,48,산청군,48860,고,덕산고등학교,공립,,UzE2MDAwMDUzOQ==,17.4,14.6,15.7,10.2,12.0,14.0,반등,1.8,17.5,15.0,15.5,10.2,10.5,13.8,반등,0.3,6.7,26.7,13.3,40.0,2021
경남,48,산청군,48860,고,경남간호고등학교,사립,경남간호고등학교,UzE2MDAwMDYwOQ==,4.8,5.0,6.7,12.4,9.1,7.6,하락,3.3,4.6,4.8,6.0,11.6,6.7,6.8,하락,4.9,21.6,2.7,7.0,76.7,2024
경남,48,진해구,48129,중,동진여자중학교,공립,,UzE2MDAwMjExNg==,32.8,27.1,38.2,33.1,34.9,33.2,반등,1.8,32.1,27.2,38.3,33.2,34.7,33.1,반등,1.5,37.7,39.3,45.1,22.5,2023
경남,48,진해구,48129,중,진해여자중학교,공립,,UzE2MDAwMjEyNg==,36.4,25.8,30.5,32.1,34.0,31.7,연속↑,1.8,35.3,25.8,30.4,32.4,34.1,31.6,연속↑,1.7,42.4,41.5,45.5,41.0,2021
경남,48,진해구,48129,중,진해남중학교,사립,,UzE2MDAwMjEyMw==,34.3,28.8,35.3,33.7,33.5,33.1,연속↓,0.2,34.3,29.2,35.4,33.9,33.6,33.3,연속↓,0.3,38.5,42.6,47.1,30.9,2023
경남,48,진해구,48129,중,석동중학교,공립,,UzE2MDAwMzMyNg==,34.7,22.5,28.7,32.1,27.8,29.1,하락,4.3,34.0,21.8,28.3,31.4,27.7,28.7,하락,3.6,22.2,31.5,42.4,43.1,2021
경남,48,진해구,48129,중,진해냉천중학교,공립,,UzE2MDAwMzQ2NQ==,32.7,28.8,29.0,30.0,26.3,29.4,하락,3.7,31.1,28.4,29.2,28.9,25.9,28.7,연속↓,3.0,25.5,33.5,40.3,40.3,2021
경남,48,진해구,48129,중,진해신항중학교,공립,,UzE2MDAwMzkyNQ==,29.1,21.6,23.9,23.6,25.9,24.8,반등,2.3,30.8,21.4,23.8,22.9,25.6,24.9,반등,2.7,36.8,33.1,25.7,43.8,2021
경남,48,진해구,48129,중,동진중학교,공립,,UzE2MDAwMjExNw==,27.4,22.3,17.7,22.4,24.9,23.0,연속↑,2.5,27.0,22.3,18.1,22.6,24.7,22.9,연속↑,2.1,35.2,31.6,35.2,39.8,2021
경남,48,진해구,48129,중,진해중학교,공립,,UzE2MDAwMjEyNw==,25.6,23.4,28.8,19.5,23.5,24.2,반등,4.0,25.7,22.6,30.0,19.9,24.2,24.5,반등,4.3,19.4,41.2,34.7,55.1,2023
경남,48,진해구,48129,중,웅천중학교,공립,,UzE2MDAwMzQ3NQ==,,24.3,31.9,29.3,23.9,27.4,연속↓,5.4,,23.9,31.9,28.7,23.9,27.1,연속↓,4.8,34.2,39.8,40.8,43.9,2023
경남,48,진해구,48129,중,용원중학교,공립,,UzE2MDAwMzMzNQ==,34.6,21.7,23.5,21.7,23.0,24.9,반등,1.3,35.6,21.7,23.7,21.4,22.8,25.0,반등,1.4,33.6,26.9,37.1,42.7,2021
경남,48,진해구,48129,중,안골포중학교,공립,,UzE2MDAwMzIwNA==,27.5,21.6,24.4,19.5,20.7,22.7,반등,1.1,27.7,21.4,24.3,19.2,20.1,22.5,반등,0.9,24.8,23.0,42.0,56.2,2021
경남,48,진해구,48129,중,웅동중학교,사립,,UzE2MDAwMjEyMA==,18.6,20.6,13.7,13.0,13.2,15.8,반등,0.2,18.5,20.1,12.8,12.4,12.6,15.3,반등,0.2,22.6,10.6,21.2,66.7,2022
경남,48,진해구,48129,고,진해용원고등학교,공립,,UzE2MDAwMzMzMQ==,12.9,9.5,14.3,28.3,35.8,20.1,연속↑,7.5,13.1,9.5,14.4,27.6,37.6,20.4,연속↑,10.0,32.3,59.2,43.9,4.7,2025
경남,48,진해구,48129,고,진해중앙고등학교,사립,,UzE2MDAwMDY3NQ==,11.8,11.8,25.6,15.5,28.0,18.5,반등,12.5,12.6,12.6,27.7,15.4,29.1,19.5,반등,13.7,26.6,49.8,41.5,10.8,2025
경남,48,진해구,48129,고,진해고등학교,공립,,UzE2MDAwMDY2OQ==,15.3,23.9,24.0,41.8,24.2,25.8,하락,17.6,17.5,26.1,24.9,39.1,25.3,26.6,하락,13.8,27.8,37.1,18.9,7.0,2024
경남,48,진해구,48129,고,진해세화여자고등학교,사립,,UzE2MDAwMDY3MA==,8.2,3.9,13.9,11.7,22.3,12.0,반등,10.6,7.3,4.0,14.3,12.5,21.0,11.8,반등,8.6,18.7,14.5,37.4,,2025
경남,48,진해구,48129,고,진해여자고등학교,공립,,UzE2MDAwMDY3MQ==,8.7,13.2,9.0,15.0,16.3,12.4,연속↑,1.3,10.2,15.1,9.9,16.9,15.0,13.4,하락,1.9,26.2,8.1,25.8,2.2,2024
경남,48,진해구,48129,고,웅천고등학교,공립,,UzE2MDAwMDY3Mw==,12.1,7.6,7.7,9.3,12.7,9.9,연속↑,3.5,13.5,8.0,7.2,9.2,13.8,10.3,연속↑,4.6,6.4,22.3,12.9,1.5,2025
경남,48,사천시,48240,중,서포중학교,공립,,UzE2MDAwMTU5OQ==,50.8,33.4,47.5,40.9,39.1,42.3,연속↓,1.7,51.4,33.3,47.9,42.1,39.2,42.8,연속↓,2.9,71.4,57.1,42.9,33.3,2021
경남,48,사천시,48240,중,사천여자중학교,공립,,UzE2MDAwMTU5Mw==,38.2,28.1,33.3,28.3,31.0,31.8,반등,2.7,37.5,28.6,31.9,27.9,29.1,31.0,반등,1.2,49.5,23.6,56.1,43.9,2021
경남,48,사천시,48240,중,삼천포여자중학교,사립,,UzE2MDAwMTU5NQ==,22.8,18.8,23.3,22.5,27.0,22.9,반등,4.6,23.9,18.3,23.8,22.4,27.9,23.2,반등,5.4,29.1,46.5,40.7,39.5,2025
경남,48,사천시,48240,중,사천중학교,공립,,UzE2MDAwMTU5NA==,29.8,22.1,19.0,15.5,26.9,22.6,반등,11.4,29.1,22.9,19.8,15.4,27.7,23.0,반등,12.3,25.2,46.3,36.7,37.4,2021
경남,48,사천시,48240,중,곤양중학교,공립,,UzE2MDAwMTU5MQ==,26.4,23.5,21.4,21.2,26.0,23.7,반등,4.8,26.7,22.5,20.7,20.6,26.1,23.3,반등,5.5,52.6,42.1,35.3,53.8,2021
경남,48,사천시,48240,중,삼천포제일중학교,공립,,UzE2MDAwMTU5Ng==,28.3,22.8,31.1,30.3,24.2,27.3,연속↓,6.1,28.3,23.3,30.2,29.5,24.8,27.2,연속↓,4.7,29.9,39.0,27.3,47.6,2023
경남,48,사천시,48240,중,삼천포중앙여자중학교,공립,,UzE2MDAwMTU5Nw==,33.9,24.3,33.2,26.4,24.2,28.4,연속↓,2.2,32.1,22.9,31.6,26.6,24.4,27.5,연속↓,2.1,29.1,33.7,30.2,45.6,2021
경남,48,사천시,48240,중,삼천포중학교,사립,,UzE2MDAwMTU5OA==,21.8,18.5,22.2,22.2,23.0,21.5,상승,0.8,23.3,17.9,23.1,23.7,23.6,22.3,하락,0.1,25.0,55.3,31.9,44.9,2024
경남,48,사천시,48240,중,용남중학교,사립,,UzE2MDAwMTYwMA==,18.2,15.4,18.3,25.6,22.6,20.0,하락,3.1,18.3,15.0,17.7,25.3,22.6,19.8,하락,2.8,27.0,36.5,26.1,54.0,2024
경남,48,사천시,48240,중,곤명중학교,사립,,UzE2MDAwMTU5MA==,25.5,10.5,19.6,26.0,20.1,20.4,하락,5.9,24.7,10.7,21.1,26.8,18.6,20.4,하락,8.2,66.7,25.0,33.3,75.0,2024
경남,48,사천시,48240,중,남양중학교,사립,경남 사천시 송포동,UzE2MDAwMTU5Mg==,8.6,14.3,14.7,19.4,17.2,14.8,하락,2.2,8.9,14.3,15.9,19.2,17.3,15.1,하락,2.0,20.0,28.6,31.4,62.9,2024
경남,48,사천시,48240,고,삼천포중앙고등학교,공립,,UzE2MDAwMDU5NQ==,5.7,4.8,17.1,31.2,38.7,19.5,연속↑,7.5,5.4,4.6,16.2,31.8,37.2,19.0,연속↑,5.5,37.7,33.6,77.0,6.6,2025
경남,48,사천시,48240,고,사천여자고등학교,사립,,UzE2MDAwMDU4MA==,1.3,6.1,4.6,9.3,38.4,11.9,연속↑,29.1,1.1,5.6,4.1,8.2,35.5,10.9,연속↑,27.3,72.0,22.4,38.8,20.4,2025
경남,48,사천시,48240,고,용남고등학교,사립,,UzE2MDAwMDYzOQ==,22.3,19.9,37.4,27.0,23.8,26.1,연속↓,3.2,21.7,19.7,38.3,27.8,22.8,26.1,연속↓,4.9,43.6,21.7,26.2,7.8,2023
경남,48,사천시,48240,고,삼천포고등학교,사립,,UzE2MDAwMDU5MQ==,10.9,11.4,11.4,20.9,21.4,15.2,연속↑,0.5,11.3,11.8,10.9,19.7,20.8,14.9,연속↑,1.1,20.4,17.6,32.1,23.6,2025
경남,48,사천시,48240,고,사천고등학교,사립,,UzE2MDAwMDU3Nw==,11.8,20.0,31.3,20.9,15.5,19.9,연속↓,5.4,11.7,21.2,30.4,22.4,15.1,20.2,연속↓,7.3,20.9,15.3,14.7,7.7,2023
경남,48,사천시,48240,고,삼천포공업고등학교,공립,,UzE2MDAwMDU5Mg==,7.0,8.9,4.1,10.1,14.1,8.9,연속↑,4.0,6.7,10.0,4.5,9.8,14.1,9.0,연속↑,4.3,17.9,,15.6,,2025
경남,48,사천시,48240,고,삼천포여자고등학교,사립,,UzE2MDAwMDU5Mw==,10.3,10.0,10.5,16.3,13.4,12.1,하락,2.9,9.9,9.3,10.3,15.9,12.7,11.6,하락,3.2,19.5,11.4,15.4,46.3,2024
경남,48,사천시,48240,고,곤양고등학교,공립,,UzE2MDAwMDUwMg==,18.7,9.8,15.1,27.1,25.0,19.1,하락,2.1,17.2,8.9,15.0,26.4,7.1,14.9,하락,19.3,,,33.3,50.0,2024
경남,48,사천시,48240,고,경남자영고등학교,공립,경남자영고등학교,UzE2MDAwMDQ4Nw==,17.2,17.6,14.4,2.9,5.6,11.5,반등,2.8,15.5,16.1,13.0,2.7,5.7,10.6,반등,2.9,3.9,7.8,7.6,57.8,2022
경남,48,마산합포구,48125,중,구산중학교구남분교장,공립,,UzE2MDAwMTM1NQ==,16.7,16.7,23.6,44.4,41.7,28.6,하락,2.8,17.1,16.7,25.0,47.6,43.5,30.0,하락,4.2,100.0,100.0,66.7,16.7,2024
경남,48,마산합포구,48125,중,성지여자중학교,사립,경남 창원시 마산합포구,UzE2MDAwMTM3MQ==,32.4,20.8,24.9,30.1,30.7,27.8,연속↑,0.6,32.0,20.3,25.0,30.5,30.9,27.8,연속↑,0.4,38.1,39.3,38.8,35.8,2021
경남,48,마산합포구,48125,중,마산제일여자중학교,사립,,UzE2MDAwMTM2Ng==,29.9,24.8,31.6,32.1,29.5,29.6,하락,2.6,29.9,25.0,31.9,32.3,30.2,29.9,하락,2.0,31.2,35.3,35.4,26.5,2024
경남,48,마산합포구,48125,중,의신중학교,사립,,UzE2MDAwMTM2NQ==,31.6,22.1,33.3,27.8,29.3,28.8,반등,1.5,31.4,21.4,32.5,26.8,27.7,27.9,반등,0.9,53.1,29.9,42.2,42.3,2023
경남,48,마산합포구,48125,중,마산서중학교,공립,경남 창원시 마산합포구,UzE2MDAwMTM2Mw==,31.5,25.7,26.1,24.4,28.0,27.2,반등,3.6,30.4,25.8,25.5,23.8,27.1,26.5,반등,3.3,35.3,28.1,41.6,34.7,2021
경남,48,마산합포구,48125,중,마산삼진중학교,사립,,UzE2MDAwMTM2Mg==,24.3,24.3,24.8,21.9,25.6,24.2,반등,3.7,23.5,23.0,23.6,21.2,25.3,23.4,반등,4.1,32.8,26.0,38.2,36.4,2025
경남,48,마산합포구,48125,중,구산중학교,공립,,UzE2MDAwMzk0NA==,24.0,28.5,26.6,24.3,26.0,25.9,반등,1.7,23.9,28.5,25.8,23.8,25.3,25.5,반등,1.6,30.2,30.4,40.8,37.8,2022
경남,48,마산합포구,48125,중,해운중학교,공립,,UzE2MDAwMTM3OQ==,24.0,20.5,23.0,22.6,24.1,22.8,반등,1.6,25.5,20.6,23.0,21.8,24.4,23.1,반등,2.6,20.0,38.9,31.5,37.3,2021
경남,48,마산합포구,48125,중,합포중학교,공립,,UzE2MDAwMTM3OA==,19.0,14.0,21.4,22.3,18.0,18.9,하락,4.2,19.4,13.8,21.7,22.7,18.2,19.2,하락,4.5,23.3,32.4,20.3,52.7,2024
경남,48,마산합포구,48125,중,마산중학교,공립,,UzE2MDAwMTM2OA==,21.6,15.2,16.0,13.7,17.6,16.8,반등,3.9,22.1,15.1,16.1,13.9,16.8,16.8,반등,3.0,21.6,21.9,32.5,63.1,2021
경남,48,마산합포구,48125,중,진전중학교,공립,,UzE2MDAwMTM3NA==,33.1,22.7,28.6,24.2,11.5,24.0,연속↓,12.7,33.6,23.5,29.7,24.9,11.2,24.6,연속↓,13.7,27.3,18.2,33.3,55.6,2021
경남,48,마산합포구,48125,고,성지여자고등학교,사립,,UzE2MDAwMDYwNg==,9.1,8.4,19.6,28.1,35.4,20.1,연속↑,7.3,8.6,7.8,18.5,29.3,36.3,20.1,연속↑,7.0,36.2,53.5,29.8,7.8,2025
경남,48,마산합포구,48125,고,마산고등학교,공립,,UzE2MDAwMDU0Ng==,17.5,15.6,37.2,31.6,35.3,27.4,반등,3.7,18.8,17.4,40.9,37.2,35.9,30.0,연속↓,1.4,35.2,56.3,45.5,8.5,2023
경남,48,마산합포구,48125,고,마산여자고등학교,공립,,UzE2MDAwMDU1Mw==,9.4,7.6,11.8,25.1,30.4,16.8,연속↑,5.3,9.2,7.4,10.9,26.5,29.5,16.7,연속↑,3.0,40.7,28.8,29.9,6.0,2025
경남,48,마산합포구,48125,고,마산삼진고등학교,사립,,UzE2MDAwMDU1MQ==,28.1,24.2,35.2,36.9,27.7,30.4,하락,9.2,30.0,23.8,36.3,40.8,27.6,31.7,하락,13.3,32.3,35.9,24.4,28.7,2024
경남,48,마산합포구,48125,고,마산중앙고등학교,사립,경남 창원시 마산합포구,UzE2MDAwMDU2MQ==,30.7,29.8,29.1,44.2,25.9,31.9,하락,18.2,30.3,27.5,27.8,45.0,26.1,31.3,하락,18.9,27.8,31.3,39.1,3.5,2024
경남,48,마산합포구,48125,고,합포고등학교,공립,,UzE2MDAwMDc0MA==,21.2,18.8,15.3,30.8,20.6,21.3,하락,10.1,20.0,18.7,14.1,29.9,21.6,20.9,하락,8.3,21.1,37.6,20.8,5.8,2024
경남,48,마산합포구,48125,고,마산가포고등학교,공립,,UzE2MDAwMDU0NA==,10.1,12.9,5.9,6.2,16.7,10.4,연속↑,10.5,9.9,13.5,5.8,5.4,17.1,10.3,반등,11.7,27.5,19.7,14.1,50.7,2025
경남,48,마산합포구,48125,고,마산용마고등학교,공립,,UzE2MDAwMDU1Ng==,18.1,28.2,10.9,4.7,11.3,14.6,반등,6.6,16.8,29.3,10.2,4.5,11.4,14.4,반등,6.9,15.1,16.9,15.1,34.9,2022
경남,48,마산합포구,48125,고,마산제일여자고등학교,사립,,UzE2MDAwMDU2MA==,32.8,30.6,30.7,30.6,8.2,26.6,연속↓,22.4,32.2,30.0,28.9,31.4,8.3,26.2,하락,23.1,6.8,9.2,10.9,14.1,2021
경남,48,마산합포구,48125,고,태봉고등학교,공립,,UzE2MDAwMzQ0Nw==,16.1,6.2,7.6,4.7,10.3,9.0,반등,5.6,16.0,6.0,6.9,4.6,4.4,7.6,연속↓,0.2,18.2,,6.1,51.6,2021
경남,48,함양군,48870,중,마천중학교,공립,,UzE2MDAwMjgzNA==,30.1,8.2,24.9,45.0,39.2,29.5,하락,5.8,30.0,7.4,24.7,45.6,37.5,29.0,하락,8.1,80.0,50.0,60.0,0.0,2024
경남,48,함양군,48870,중,서상중학교,공립,,UzE2MDAwMjgzNg==,37.8,33.3,29.4,33.0,25.5,31.8,하락,7.6,36.0,31.6,29.0,31.0,25.2,30.5,하락,5.8,42.9,33.3,57.1,53.8,2021
경남,48,함양군,48870,중,안의중학교,사립,,UzE2MDAwMjgzOA==,24.6,24.7,21.6,21.1,24.5,23.3,반등,3.5,24.2,24.7,22.3,21.5,24.7,23.5,반등,3.2,36.4,36.4,28.6,54.5,2025
경남,48,함양군,48870,중,함양여자중학교,공립,,UzE2MDAwMjgzOQ==,31.4,26.1,24.7,32.9,23.0,27.6,하락,10.0,30.2,25.7,24.0,32.2,21.4,26.7,하락,10.7,45.9,22.4,36.6,46.3,2024
경남,48,함양군,48870,중,함양중학교,공립,,UzE2MDAwMjg0MA==,23.5,22.8,27.1,23.2,19.3,23.2,연속↓,3.9,22.9,21.9,26.1,21.8,18.4,22.2,연속↓,3.4,30.5,19.5,25.8,52.6,2023
경남,48,함양군,48870,중,수동중학교,공립,경남 함양군 수동면,UzE2MDAwMjgzNw==,12.5,13.0,16.6,13.1,18.6,14.8,반등,5.4,12.1,13.5,16.1,11.7,18.2,14.3,반등,6.5,33.3,33.3,25.0,87.5,2025
경남,48,함양군,48870,고,서상고등학교,공립,,UzE2MDAwMDYwMA==,37.5,11.9,50.0,33.3,100.0,46.6,반등,66.7,35.7,12.3,52.4,35.7,50.0,37.2,반등,14.3,100.0,100.0,100.0,,2023
경남,48,함양군,48870,고,함양제일고등학교,공립,,UzE2MDAwMDczNA==,13.2,11.0,17.0,12.5,19.2,14.6,반등,6.7,13.4,10.8,17.7,11.7,17.5,14.2,반등,5.8,56.3,25.0,25.0,31.3,2023
경남,48,함양군,48870,고,안의고등학교,공립,,UzE2MDAwMDYxNQ==,22.3,9.1,4.9,2.2,10.3,9.7,반등,8.1,23.5,8.1,4.7,1.9,9.9,9.6,반등,8.0,5.0,7.5,19.5,51.2,2021
경남,48,함양군,48870,고,함양고등학교,공립,,UzE2MDAwMDczMQ==,9.1,5.1,6.8,7.1,9.3,7.5,연속↑,2.2,8.6,4.8,7.8,6.5,9.5,7.5,반등,3.1,9.3,13.0,11.1,10.4,2025
경남,48,김해시,48250,중,김해모산중학교,공립,,UzE2MDAwMzk3Mw==,30.3,32.8,36.5,36.2,40.2,35.2,반등,3.9,29.3,32.2,36.0,36.3,40.5,34.9,연속↑,4.2,40.3,49.8,67.6,20.4,2025
경남,48,김해시,48250,중,율하중학교,공립,,UzE2MDAwMzQyOA==,39.0,32.2,33.3,31.4,34.9,34.1,반등,3.5,37.9,31.3,33.2,31.0,35.1,33.7,반등,4.1,45.4,44.3,55.0,25.6,2021
경남,48,김해시,48250,중,관동중학교,공립,,UzE2MDAwMzI0MA==,39.5,26.4,41.6,33.6,34.9,35.2,반등,1.3,39.4,26.0,41.5,32.9,34.2,34.8,반등,1.2,39.2,41.7,48.0,39.2,2023
경남,48,김해시,48250,중,진영장등중학교,공립,,UzE2MDAwMTE1Mg==,28.4,24.9,23.9,29.7,33.1,28.0,연속↑,3.3,27.6,24.4,22.9,29.6,32.5,27.4,연속↑,2.9,42.9,37.9,40.9,32.3,2025
경남,48,김해시,48250,중,구산중학교,공립,,UzE2MDAwMzIwNQ==,26.3,21.0,33.2,32.3,32.3,29.0,→보합,,25.6,20.0,32.2,31.3,31.5,28.1,반등,0.1,41.4,33.6,43.0,39.0,2023
경남,48,김해시,48250,중,월산중학교,공립,,UzE2MDAwMTE0OA==,29.6,17.9,25.6,30.6,28.7,26.5,하락,1.9,29.5,17.3,26.3,30.6,28.5,26.4,하락,2.2,32.5,31.5,36.1,39.3,2024
경남,48,김해시,48250,중,대청중학교,공립,,UzE2MDAwMzQ2Nw==,31.1,23.4,32.8,26.6,28.9,28.5,반등,2.4,31.4,23.2,32.1,26.9,28.4,28.4,반등,1.6,35.2,33.1,49.2,32.0,2023
경남,48,김해시,48250,중,활천중학교,공립,,UzE2MDAwMzQzNA==,27.2,22.4,28.7,26.8,27.0,26.4,반등,0.2,27.4,22.9,28.9,27.0,27.6,26.7,반등,0.6,24.0,42.0,44.7,37.7,2023
경남,48,김해시,48250,중,수남중학교,공립,,UzE2MDAwMzg3NA==,36.5,29.7,31.9,30.3,27.7,31.2,연속↓,2.7,36.2,29.3,31.3,29.7,27.1,30.7,연속↓,2.7,33.4,35.5,45.4,38.1,2021
경남,48,김해시,48250,중,생림중학교,공립,,UzE2MDAwMTE0NQ==,22.2,20.7,17.5,18.5,27.2,21.2,연속↑,8.7,22.6,19.9,17.6,17.8,27.0,21.0,연속↑,9.2,36.4,27.3,36.4,54.5,2025
경남,48,김해시,48250,중,능동중학교,공립,,UzE2MDAwMzIwNw==,30.4,19.7,28.4,26.1,26.3,26.2,반등,0.2,30.0,19.0,28.3,25.9,26.5,25.9,반등,0.7,18.1,32.2,38.4,31.5,2021
경남,48,김해시,48250,중,분성중학교,공립,,UzE2MDAwMzI2OA==,41.1,28.7,28.3,26.9,26.1,30.2,연속↓,0.9,42.0,28.0,28.3,26.1,25.3,29.9,연속↓,0.7,30.5,23.1,47.7,32.4,2021
경남,48,김해시,48250,중,경운중학교,공립,,UzE2MDAwMTEzNg==,36.1,16.8,23.4,26.1,25.5,25.6,하락,0.7,36.4,16.2,24.2,26.9,25.3,25.8,하락,1.6,35.4,39.5,29.2,49.8,2021
경남,48,김해시,48250,중,장유중학교,사립,,UzE2MDAwMTE1MA==,31.7,23.6,25.6,26.9,25.2,26.6,하락,1.8,31.8,24.1,26.0,28.2,25.0,27.0,하락,3.2,37.0,37.2,37.2,33.9,2021
경남,48,김해시,48250,중,내덕중학교,공립,경남 김해시 내덕동,UzE2MDAwMzI2OQ==,22.1,23.1,23.4,23.6,24.3,23.3,연속↑,0.7,22.0,22.5,23.4,23.7,25.0,23.3,연속↑,1.3,22.1,32.5,34.0,41.4,2025
경남,48,김해시,48250,중,신어중학교,공립,경남 김해시 삼방동,UzE2MDAwMTE0Ng==,18.7,18.2,23.5,22.0,25.3,21.5,반등,3.3,18.4,17.6,23.3,21.7,24.8,21.2,반등,3.1,28.2,29.1,34.3,53.2,2025
경남,48,김해시,48250,중,임호중학교,공립,,UzE2MDAwMTE0OQ==,27.4,20.9,22.6,21.8,24.2,23.4,반등,2.5,28.4,20.9,22.7,21.7,24.1,23.5,반등,2.4,34.0,23.9,36.1,48.5,2021
경남,48,김해시,48250,중,영운중학교,공립,,UzE2MDAwMTE0Nw==,25.1,17.5,23.3,21.8,23.0,22.1,반등,1.1,24.2,17.5,23.4,22.5,24.0,22.3,반등,1.5,10.8,50.5,34.3,47.3,2021
경남,48,김해시,48250,중,김해서중학교,공립,,UzE2MDAwMTEzOA==,34.8,24.3,29.0,29.9,24.2,28.5,하락,5.6,34.5,24.2,29.1,29.5,23.9,28.2,하락,5.5,25.2,25.6,39.0,41.9,2021
경남,48,김해시,48250,중,삼정중학교,공립,,UzE2MDAwMTE0NA==,31.0,26.2,27.5,22.7,24.4,26.3,반등,1.8,31.1,25.9,28.0,23.2,23.5,26.3,반등,0.3,23.6,24.5,36.8,48.0,2021
경남,48,김해시,48250,중,한얼중학교,공립,,UzE2MDAwMTE1NA==,26.8,19.5,19.9,20.1,23.8,22.0,연속↑,3.7,27.1,19.2,19.1,20.4,23.0,21.8,연속↑,2.6,34.6,28.1,32.1,50.7,2021
경남,48,김해시,48250,중,김해대곡중학교,공립,,UzE2MDAwMzMyNQ==,32.9,15.6,24.4,24.9,22.3,24.0,하락,2.6,31.8,15.6,24.4,25.7,21.7,23.8,하락,4.0,18.5,28.5,41.1,50.7,2021
경남,48,김해시,48250,중,김해대동중학교,공립,,UzE2MDAwMTEzNw==,42.4,14.1,21.5,30.0,21.4,25.9,하락,8.6,42.1,13.9,20.3,29.9,21.2,25.5,하락,8.7,41.7,33.3,25.0,65.0,2021
경남,48,김해시,48250,중,김해삼계중학교,공립,,UzE2MDAwMzIwNg==,21.1,19.2,24.9,21.6,19.4,21.2,연속↓,2.2,20.7,19.6,25.1,21.5,20.2,21.4,연속↓,1.4,12.3,39.3,35.5,40.9,2023
경남,48,김해시,48250,중,한림중학교,사립,,UzE2MDAwMTE1Mw==,18.5,20.3,20.7,13.7,20.0,18.6,반등,6.3,19.5,20.5,21.3,13.7,20.2,19.0,반등,6.4,27.0,33.3,31.7,67.5,2023
경남,48,김해시,48250,중,진례중학교,사립,,UzE2MDAwMTE1MQ==,25.2,15.0,18.2,21.5,19.4,19.9,하락,2.2,26.2,15.2,19.2,22.5,20.1,20.6,하락,2.3,42.0,28.1,18.0,51.0,2021
경남,48,김해시,48250,중,가야중학교,공립,,UzE2MDAwMTEzNQ==,33.4,24.3,29.7,27.7,18.9,26.8,연속↓,8.9,34.0,23.8,28.9,27.2,18.8,26.5,연속↓,8.4,21.9,22.7,28.9,49.3,2021
경남,48,김해시,48250,중,진영중학교,공립,,UzE2MDAwMzM0Nw==,23.7,19.3,20.1,17.7,19.0,19.9,반등,1.3,22.9,18.9,19.9,17.5,18.3,19.5,반등,0.8,27.1,21.3,28.7,46.6,2021
경남,48,김해시,48250,중,김해여자중학교,공립,,UzE2MDAwMTEzOQ==,28.6,23.6,26.1,26.3,17.3,24.4,하락,9.0,27.2,22.5,25.8,26.7,16.9,23.8,하락,9.8,32.1,21.4,32.1,57.7,2021
경남,48,김해시,48250,중,김해중앙여자중학교,사립,,UzE2MDAwMTE0MA==,23.7,16.3,16.4,13.9,16.6,17.4,반등,2.6,23.9,15.7,17.0,13.8,16.8,17.4,반등,3.0,12.5,25.0,32.1,69.2,2021
경남,48,김해시,48250,중,봉명중학교,공립,,UzE2MDAwMzQwNQ==,35.6,20.7,23.1,20.2,15.6,23.0,연속↓,4.6,33.9,20.4,22.5,20.6,15.5,22.6,연속↓,5.1,27.7,20.8,25.0,61.7,2021
경남,48,김해시,48250,중,내동중학교,공립,,UzE2MDAwMTE0Mg==,27.6,15.6,17.8,12.3,12.2,17.1,연속↓,0.1,26.9,15.7,17.6,12.1,11.8,16.8,연속↓,0.3,28.2,10.6,14.9,65.9,2021
경남,48,김해시,48250,중,김해중학교,공립,,UzE2MDAwMTE0MQ==,19.0,13.9,14.4,15.0,9.7,14.4,하락,5.2,18.5,13.8,13.4,15.0,9.7,14.1,하락,5.3,14.6,20.5,11.4,78.0,2021
경남,48,김해시,48250,고,김해외국어고등학교,공립,경남 김해시 장유면,UzE2MDAwMzI4MA==,60.7,55.7,79.0,40.6,49.2,57.0,반등,8.6,58.3,57.3,75.2,40.2,47.0,55.6,반등,6.8,34.4,28.9,76.0,,2023
경남,48,김해시,48250,고,장유고등학교,공립,경남 김해시 장유면,UzE2MDAwMDY0OA==,10.5,9.1,22.3,32.0,27.2,20.2,하락,4.8,11.5,10.8,21.2,31.1,28.1,20.5,하락,2.9,31.6,44.5,23.6,2.6,2024
경남,48,김해시,48250,고,김해경원고등학교,공립,,UzE2MDAwMDUxMA==,10.9,13.3,26.3,30.6,27.5,21.7,하락,3.1,9.9,13.4,24.3,31.2,27.5,21.3,하락,3.7,30.0,31.8,33.2,8.1,2024
경남,48,김해시,48250,고,김해임호고등학교,공립,,UzE2MDAwMzQ2Mw==,6.9,8.3,18.1,20.5,26.3,16.0,연속↑,5.8,7.5,8.1,18.5,20.1,26.3,16.1,연속↑,6.2,25.4,41.1,28.2,8.5,2025
경남,48,김해시,48250,고,김해여자고등학교,공립,,UzE2MDAwMDUxMw==,15.9,20.5,27.7,15.4,25.9,21.1,반등,10.6,15.8,20.0,27.0,15.0,24.7,20.5,반등,9.7,43.2,25.8,34.7,6.8,2023
경남,48,김해시,48250,고,김해율하고등학교,공립,,UzE2MDAwMzQ1NA==,8.1,8.6,9.9,12.9,24.1,12.7,연속↑,11.2,7.7,8.6,9.7,12.3,24.3,12.5,연속↑,12.1,15.7,34.7,43.9,3.4,2025
경남,48,김해시,48250,고,김해고등학교,공립,,UzE2MDAwMDUxMQ==,18.0,26.0,19.5,23.8,23.5,22.2,하락,0.3,17.4,26.0,19.4,23.3,23.4,21.9,연속↑,,30.7,23.2,23.3,4.2,2022
경남,48,김해시,48250,고,김해분성고등학교,공립,,UzE2MDAwMzIxMQ==,8.7,7.5,14.8,14.3,23.0,13.7,반등,8.7,8.6,7.4,13.3,13.2,23.1,13.1,반등,9.9,22.3,38.1,33.5,3.1,2025
경남,48,김해시,48250,고,김해가야고등학교,공립,,UzE2MDAwMDUwOA==,11.2,9.7,11.3,12.5,21.3,13.2,연속↑,8.9,10.9,10.2,11.7,13.5,22.1,13.7,연속↑,8.6,18.5,32.3,27.0,4.1,2025
경남,48,김해시,48250,고,김해영운고등학교,공립,경남 김해시 삼방동,UzE2MDAwMzI3OQ==,15.6,24.5,23.7,15.1,21.4,20.1,반등,6.3,15.3,23.5,24.1,14.8,21.7,19.9,반등,6.9,26.2,24.3,23.0,4.2,2023
경남,48,김해시,48250,고,김해제일고등학교,공립,,UzE2MDAwMzQyOQ==,5.4,8.3,32.3,33.5,19.6,19.8,하락,13.9,5.0,8.3,31.6,34.1,19.7,19.7,하락,14.4,19.4,34.5,23.6,4.2,2024
경남,48,김해시,48250,고,김해분성여자고등학교,공립,경남 김해시 삼계동,UzE2MDAwMzI0Mw==,11.9,9.6,48.3,22.1,20.1,22.4,연속↓,2.1,11.0,8.6,46.4,21.7,19.5,21.4,연속↓,2.2,23.2,24.2,30.8,13.2,2023
경남,48,김해시,48250,고,김해수남고등학교,공립,,UzE2MDAwMzg4NA==,14.9,10.2,11.6,24.2,19.8,16.1,하락,4.4,15.6,11.1,12.2,23.9,19.2,16.4,하락,4.7,33.3,20.5,18.3,4.5,2024
경남,48,김해시,48250,고,김해삼문고등학교,공립,,UzE2MDAwMzI0NA==,8.8,15.2,25.7,16.5,18.4,16.9,반등,2.0,9.3,13.9,24.5,15.8,18.2,16.4,반등,2.4,18.7,23.9,24.5,0.6,2023
경남,48,김해시,48250,고,진영고등학교,공립,,UzE2MDAwMDY1NQ==,6.3,4.3,23.5,27.0,15.9,15.4,하락,11.1,5.8,4.1,24.1,26.6,15.8,15.3,하락,10.9,23.2,15.2,16.2,6.9,2024
경남,48,김해시,48250,고,김해삼방고등학교,공립,,UzE2MDAwMzMyOA==,15.3,7.8,10.8,10.4,15.3,11.9,반등,5.0,14.7,7.2,10.6,11.1,15.0,11.7,연속↑,3.9,20.2,15.5,18.5,31.2,2025
경남,48,김해시,48250,고,김해대청고등학교,공립,,UzE2MDAwMzIxMg==,19.8,9.5,15.1,24.3,14.7,16.7,하락,9.6,22.0,10.0,16.9,22.9,14.4,17.2,하락,8.5,19.6,14.0,13.7,1.3,2024
경남,48,김해시,48250,고,구산고등학교,공립,,UzE2MDAwMzQ2NA==,10.7,8.6,6.7,14.3,14.7,11.0,연속↑,0.4,9.8,8.0,6.7,13.9,14.4,10.6,연속↑,0.5,18.2,13.4,14.3,8.0,2025
경남,48,김해시,48250,고,김해중앙여자고등학교,사립,,UzE2MDAwMDUxNQ==,10.1,13.0,11.3,12.8,12.4,11.9,하락,0.4,10.5,12.3,10.4,12.1,12.6,11.6,연속↑,0.5,13.3,16.8,20.4,27.4,2025
경남,48,김해시,48250,고,김해한일여자고등학교,사립,,UzE2MDAwMDUxNg==,14.5,16.7,11.3,9.8,12.8,13.0,반등,3.0,14.1,16.3,10.8,9.6,12.1,12.6,반등,2.5,19.7,9.9,14.5,4.1,2022
경남,48,김해시,48250,고,진영제일고등학교,공립,,UzE2MDAwMDY1OA==,20.4,16.6,11.6,8.4,11.6,13.7,반등,3.2,20.4,16.6,11.6,8.4,9.6,13.3,반등,1.2,32.5,6.7,10.3,8.3,2021
경남,48,김해시,48250,고,김해건설공업고등학교,공립,,UzE2MDAwMDUwOQ==,5.4,5.3,3.6,3.5,9.2,5.4,반등,5.7,5.3,5.8,3.5,3.8,8.3,5.3,연속↑,4.5,51.3,15.0,12.8,18.4,2025
경남,48,김해시,48250,고,김해생명과학고등학교,공립,,UzE2MDAwMDUxMg==,16.0,10.0,12.3,6.0,7.6,10.4,반등,1.6,15.8,10.7,10.6,5.8,6.9,9.9,반등,1.1,11.6,4.0,,16.9,2021
경남,48,양산시,48330,중,물금중학교,공립,,UzE2MDAwMzkwNA==,26.2,18.1,21.5,24.1,30.9,24.2,연속↑,6.8,26.5,18.6,22.5,24.8,32.2,24.9,연속↑,7.4,32.6,52.7,39.4,28.3,2025
경남,48,양산시,48330,중,양산여자중학교,사립,,UzE2MDAwMTc4Nw==,30.0,19.1,32.3,34.4,33.5,29.9,하락,0.9,28.7,19.1,30.9,32.9,32.0,28.7,하락,0.9,49.4,27.6,58.2,35.2,2024
경남,48,양산시,48330,중,사송중학교,공립,,UzE2MDAwNDA4MQ==,,,14.6,30.9,30.8,25.5,하락,0.1,,,13.0,29.4,30.3,24.2,연속↑,0.9,32.3,38.1,47.6,38.8,2025
경남,48,양산시,48330,중,물금동아중학교,사립,경남 양산시 물금읍,UzE2MDAwMTc4Mg==,25.5,25.3,27.7,26.3,27.9,26.5,반등,1.6,26.2,25.0,28.1,26.2,27.6,26.6,반등,1.4,27.2,31.1,45.7,38.5,2023
경남,48,양산시,48330,중,양주중학교,공립,,UzE2MDAwMTc5MA==,29.4,26.9,19.2,18.6,28.0,24.4,반등,9.3,30.3,26.3,19.0,19.1,27.3,24.4,연속↑,8.1,41.8,38.2,34.5,54.7,2021
경남,48,양산시,48330,중,신주중학교,공립,,UzE2MDAwMzI3Mw==,30.7,26.5,25.5,23.7,27.3,26.7,반등,3.6,30.3,26.8,25.6,24.0,26.7,26.7,반등,2.8,34.4,29.9,45.9,29.6,2021
경남,48,양산시,48330,중,범어중학교,공립,,UzE2MDAwMzM0OA==,29.3,20.0,19.1,27.4,25.6,24.3,하락,1.8,28.3,20.2,19.0,26.4,25.0,23.8,하락,1.4,28.3,26.8,40.1,40.6,2021
경남,48,양산시,48330,중,웅상여자중학교,공립,,UzE2MDAwMzIwOA==,15.9,16.7,21.9,20.4,22.7,19.5,반등,2.3,15.9,16.2,21.3,20.5,22.8,19.3,반등,2.3,22.0,46.9,41.1,45.1,2025
경남,48,양산시,48330,중,개운중학교,사립,,UzE2MDAwMTc4MA==,22.8,15.0,15.3,15.6,21.2,18.0,연속↑,5.6,22.3,16.2,15.8,15.7,21.8,18.4,반등,6.1,39.2,32.5,22.4,48.8,2021
경남,48,양산시,48330,중,양산중학교,공립,,UzE2MDAwMTc4OA==,31.8,21.4,27.4,19.3,21.7,24.3,반등,2.4,31.6,21.4,27.0,19.6,21.7,24.3,반등,2.1,15.9,31.7,36.1,46.8,2021
경남,48,양산시,48330,중,원동중학교,공립,,UzE2MDAwMTc5Mg==,9.9,12.1,8.0,22.2,22.5,14.9,연속↑,0.3,10.4,11.4,7.9,21.5,21.5,14.5,→보합,,42.1,20.0,36.8,46.7,2025
경남,48,양산시,48330,중,양산중앙중학교,공립,,UzE2MDAwMTc4NQ==,25.4,20.0,23.8,23.9,21.6,23.0,하락,2.2,25.3,19.7,23.5,23.2,20.7,22.5,연속↓,2.5,30.4,22.3,34.2,48.9,2021
경남,48,양산시,48330,중,금오중학교,공립,,UzE2MDAwNDA0Mg==,22.6,19.5,20.4,20.8,20.4,20.7,하락,0.4,23.6,19.5,19.9,19.6,20.0,20.5,반등,0.3,27.0,26.0,40.7,40.7,2021
경남,48,양산시,48330,중,서창중학교,공립,,UzE2MDAwMzI3NA==,24.6,15.4,19.4,20.3,19.8,19.9,하락,0.5,24.3,15.3,19.5,21.0,19.2,19.9,하락,1.7,39.7,22.0,28.8,52.6,2021
경남,48,양산시,48330,중,웅상중학교,공립,,UzE2MDAwMTc5MQ==,18.1,15.2,20.5,20.0,19.1,18.6,연속↓,0.8,18.6,15.4,20.6,20.4,19.0,18.8,연속↓,1.5,30.2,33.2,33.2,45.0,2023
경남,48,양산시,48330,중,삼성중학교,공립,,UzE2MDAwMTc4NA==,18.2,13.7,19.8,16.5,19.0,17.4,반등,2.5,18.0,13.7,19.0,16.1,18.2,17.0,반등,2.1,40.2,24.1,27.6,64.4,2023
경남,48,양산시,48330,중,보광중학교,사립,,UzE2MDAwMTc4Mw==,16.1,13.6,12.2,16.4,16.8,15.0,연속↑,0.5,17.1,13.6,13.7,17.6,17.8,16.0,연속↑,0.3,13.3,33.3,26.7,55.2,2025
경남,48,양산시,48330,고,경남외국어고등학교,사립,경남외국어고등학교,UzE2MDAwMDQ4Ng==,24.1,37.2,33.3,23.5,34.9,30.6,반등,11.4,23.7,35.0,32.3,22.3,34.3,29.5,반등,12.0,56.5,36.3,31.4,1.0,2022
경남,48,양산시,48330,고,양산제일고등학교,사립,,UzE2MDAwMDYxOQ==,39.1,43.7,67.4,32.0,29.3,42.3,연속↓,2.7,37.6,42.7,65.1,31.6,29.5,41.3,연속↓,2.1,32.9,32.0,30.3,5.7,2023
경남,48,양산시,48330,고,효암고등학교,사립,,UzE2MDAwMDc0Nw==,36.3,30.1,29.4,29.0,29.1,30.8,반등,0.1,34.3,29.4,28.8,27.5,29.2,29.9,반등,1.7,37.8,30.9,29.1,1.1,2021
경남,48,양산시,48330,고,서창고등학교,공립,,UzE2MDAwMzMyNw==,22.9,22.8,25.4,37.5,29.6,27.6,하락,8.0,21.7,23.0,24.9,38.0,28.6,27.2,하락,9.4,38.1,23.5,40.2,4.1,2024
경남,48,양산시,48330,고,범어고등학교,공립,경남 양산시 물금읍,UzE2MDAwMzQ1NQ==,8.5,4.8,13.2,10.2,25.8,12.5,반등,15.7,8.3,4.5,12.2,9.8,26.8,12.3,반등,17.0,37.8,36.1,16.7,0.7,2025
경남,48,양산시,48330,고,보광고등학교,사립,,UzE2MDAwMDU3Ng==,12.6,10.2,25.4,17.4,24.5,18.0,반등,7.1,12.0,9.2,24.4,18.5,25.0,17.8,반등,6.6,11.2,33.7,51.7,30.3,2025
경남,48,양산시,48330,고,양산여자고등학교,사립,,UzE2MDAwMDYyNg==,13.4,10.9,16.3,16.6,18.5,15.1,연속↑,1.9,13.6,10.9,16.3,16.3,20.2,15.5,상승,4.0,13.2,35.6,17.1,12.5,2025
경남,48,양산시,48330,고,물금고등학교,공립,,UzE2MDAwMzI4MQ==,7.9,7.5,54.9,5.9,19.3,19.1,반등,13.5,7.1,6.9,55.1,5.5,18.4,18.6,반등,12.9,25.1,12.8,26.3,34.0,2023
경남,48,양산시,48330,고,양산고등학교,공립,,UzE2MDAwMDYxOA==,4.7,4.3,10.3,10.5,14.7,8.9,연속↑,4.2,4.4,4.4,10.0,10.4,15.3,8.9,연속↑,4.8,9.3,19.6,24.8,16.1,2025
경남,48,양산시,48330,고,양산남부고등학교,공립,,UzE2MDAwMzIxMw==,6.0,7.9,15.8,7.9,15.3,10.6,반등,7.4,5.9,7.5,14.9,7.4,14.9,10.1,반등,7.5,14.6,14.3,21.3,20.1,2025
경남,48,양산시,48330,고,증산고등학교,공립,,UzE2MDAwNDA0NQ==,,,11.5,8.8,13.1,11.1,반등,4.3,,,10.9,8.6,13.6,11.0,반등,5.0,15.3,23.3,12.2,17.2,2025
경남,48,양산시,48330,고,양산인공지능고등학교,공립,,UzE2MDAwNDA4MA==,,,,,13.7,13.7,-,,,,,,13.5,13.5,-,,34.7,13.0,11.0,1.9,2025
경남,48,양산시,48330,고,웅상고등학교,공립,,UzE2MDAwMDY0MA==,6.2,5.5,10.3,10.9,10.8,8.7,하락,0.2,6.1,5.6,10.2,10.9,10.7,8.7,하락,0.1,10.6,11.8,12.9,28.2,2024
경남,48,남해군,48840,중,해성중학교,사립,,UzE2MDAwMTI2Ng==,55.4,17.8,26.9,30.2,49.1,35.9,연속↑,18.9,53.4,17.9,27.0,28.3,50.6,35.4,연속↑,22.4,63.2,89.5,52.6,25.0,2021
경남,48,남해군,48840,중,설천중학교,공립,,UzE2MDAwMTI2Mg==,33.6,21.4,36.8,32.6,27.8,30.4,연속↓,4.8,33.0,21.2,36.5,33.3,27.9,30.4,연속↓,5.5,66.7,60.0,40.0,33.3,2023
경남,48,남해군,48840,중,미조중학교,공립,,UzE2MDAwMTI1OQ==,29.5,20.4,23.0,26.7,26.3,25.2,하락,0.4,29.9,20.4,24.4,27.0,26.6,25.7,하락,0.4,37.5,37.5,40.0,40.0,2021
경남,48,남해군,48840,중,남해중학교,공립,,UzE2MDAwMTI1Nw==,21.7,20.3,30.4,32.5,24.8,25.9,하락,7.7,21.1,19.4,29.2,30.6,23.5,24.8,하락,7.2,44.4,31.9,44.4,41.7,2024
경남,48,남해군,48840,중,창선중학교,사립,,UzE2MDAwMTI2NQ==,43.2,29.5,26.0,32.6,20.9,30.4,하락,11.7,41.4,29.8,26.1,34.2,21.7,30.7,하락,12.5,20.0,38.5,25.0,30.8,2021
경남,48,남해군,48840,중,꽃내중학교,공립,,UzE2MDAwMzkyMQ==,28.9,17.2,21.7,21.8,20.9,22.1,하락,0.9,28.0,16.5,21.5,21.9,19.1,21.4,하락,2.7,37.8,15.6,37.5,59.4,2021
경남,48,남해군,48840,중,남해여자중학교,공립,,UzE2MDAwMTI1Ng==,34.7,26.8,37.6,21.7,15.3,27.2,연속↓,6.4,34.7,27.6,36.5,21.0,14.9,27.0,연속↓,6.1,25.3,17.0,23.4,44.0,2023
경남,48,남해군,48840,중,상주중학교,사립,,UzE2MDAwMTI2MA==,18.2,20.0,23.8,20.1,14.0,19.2,연속↓,6.1,17.3,18.3,22.4,18.8,13.6,18.1,연속↓,5.2,8.0,16.0,36.0,40.7,2023
경남,48,남해군,48840,중,이동중학교,사립,경남 남해군 이동면,UzE2MDAwMTI2NA==,9.7,5.4,6.5,10.9,9.1,8.3,하락,1.8,10.5,5.5,6.2,10.6,8.7,8.3,하락,2.0,22.7,12.5,18.8,86.4,2024
경남,48,남해군,48840,고,창선고등학교,사립,,UzE2MDAwMDY4NQ==,33.0,41.0,34.5,46.3,54.1,41.8,연속↑,7.8,31.8,39.9,34.0,45.6,52.8,40.8,연속↑,7.3,60.7,53.2,59.0,6.5,2025
경남,48,남해군,48840,고,남해해성고등학교,사립,,UzE2MDAwMDUyOA==,41.3,29.9,32.3,38.9,35.2,35.5,하락,3.7,39.4,29.1,29.7,35.1,32.3,33.1,하락,2.8,57.5,17.2,58.8,14.9,2021
경남,48,남해군,48840,고,남해제일고등학교,공립,,UzE2MDAwMDUyNg==,17.4,25.4,35.3,21.9,25.4,25.1,반등,3.4,17.9,27.2,35.8,23.5,24.5,25.8,반등,1.1,48.3,28.6,23.3,28.3,2023
경남,48,남해군,48840,고,남해고등학교,사립,,UzE2MDAwMDUyMQ==,43.1,24.6,35.0,30.2,23.6,31.3,연속↓,6.6,43.4,24.8,34.4,29.5,22.8,31.0,연속↓,6.6,24.4,20.3,39.2,37.2,2021
경남,48,남해군,48840,고,남해정보산업고등학교,공립,,UzE2MDAwMDUyNQ==,19.8,6.4,9.3,21.0,29.1,17.1,연속↑,8.1,17.6,5.8,9.3,19.6,19.5,14.4,하락,0.1,,25.0,38.5,50.0,2024
경남,48,남해군,48840,고,경남해양과학고등학교,공립,경남해양과학고등학교,UzE2MDAwMDUyMw==,32.5,9.0,20.5,9.5,14.9,17.3,반등,5.5,32.2,8.7,20.1,9.8,15.3,17.2,반등,5.5,19.4,21.2,13.9,16.7,2021
경남,48,고성군,48820,중,동해중학교,공립,,UzE2MDAwMTAyNw==,23.6,29.2,42.1,26.2,32.6,30.7,반등,6.3,23.2,29.5,43.9,25.0,30.0,30.3,반등,5.0,33.3,28.6,83.3,71.4,2023
경남,48,고성군,48820,중,고성여자중학교,공립,,UzE2MDAwMTAyMw==,31.2,20.1,23.5,29.6,26.8,26.3,하락,2.8,30.7,19.3,23.4,29.3,26.9,25.9,하락,2.4,20.1,47.0,50.7,38.3,2021
경남,48,고성군,48820,중,고성동중학교,공립,,UzE2MDAwMTAyMg==,29.4,18.4,25.7,29.3,26.5,25.9,하락,2.7,29.4,17.9,25.9,29.5,26.4,25.8,하락,3.1,31.6,36.8,36.8,43.5,2024
경남,48,고성군,48820,중,고성중학교,공립,,UzE2MDAwMTAyNA==,20.6,17.0,25.6,23.7,24.8,22.4,반등,1.1,19.5,16.7,25.0,23.5,24.5,21.8,반등,1.0,29.9,44.8,40.2,53.2,2023
경남,48,고성군,48820,중,회화중학교,공립,,UzE2MDAwMTAzNQ==,33.6,24.1,29.3,19.5,18.9,25.1,연속↓,0.6,34.2,24.0,30.0,20.5,20.4,25.8,연속↓,0.1,10.7,33.3,25.0,59.3,2021
경남,48,고성군,48820,중,철성중학교,사립,,UzE2MDAwMTAzMw==,21.3,17.7,16.8,20.9,17.8,18.9,하락,3.1,21.0,17.9,16.5,20.4,17.7,18.7,하락,2.7,29.2,22.1,27.7,60.3,2021
경남,48,고성군,48820,중,영천중학교,공립,,UzE2MDAwMTAzMA==,28.3,30.3,29.0,20.8,17.0,25.1,연속↓,3.8,29.6,30.5,31.7,21.7,17.6,26.2,연속↓,4.2,37.5,25.0,16.7,62.5,2023
경남,48,고성군,48820,중,소가야중학교,공립,,UzE2MDAwMzg1Nw==,17.1,16.7,17.5,28.9,14.4,18.9,하락,14.5,17.6,17.0,17.2,28.8,14.2,18.9,하락,14.6,33.3,20.0,18.5,52.8,2024
경남,48,고성군,48820,고,철성고등학교,사립,,UzE2MDAwMDcwMw==,15.0,22.9,18.0,18.6,28.6,20.6,연속↑,10.0,15.1,23.4,18.5,18.2,28.7,20.8,반등,10.5,26.7,30.8,33.3,13.3,2025
경남,48,고성군,48820,고,고성중앙고등학교,공립,경남 고성군 고성읍,UzE2MDAwMDUwMA==,13.9,9.4,12.7,11.8,28.0,15.2,반등,16.2,14.5,9.2,12.6,10.7,26.6,14.7,반등,16.0,50.4,18.8,26.5,42.7,2025
경남,48,고성군,48820,고,고성고등학교,사립,,UzE2MDAwMDQ5NQ==,12.0,13.1,10.2,24.1,25.5,17.0,연속↑,1.5,11.8,12.6,9.6,22.7,23.9,16.1,연속↑,1.2,37.1,15.5,37.9,37.1,2025
경남,48,고성군,48820,고,경남항공고등학교,공립,경남항공고등학교,UzE2MDAwMDQ5MQ==,5.0,3.3,9.5,17.5,5.5,8.2,하락,11.9,4.8,3.4,8.6,16.3,3.0,7.2,하락,13.4,7.7,10.2,,30.6,2024
경남,48,통영시,48220,중,사량중학교,공립,,UzE2MDAwMjQ3MA==,33.3,25.0,33.3,20.8,50.0,32.5,반등,29.2,34.8,25.0,32.1,17.9,42.9,30.5,반등,25.0,100.0,0.0,100.0,0.0,2025
경남,48,통영시,48220,중,한산중학교,공립,,UzE2MDAwMjQ3OQ==,32.5,29.6,36.1,19.5,34.7,30.5,반등,15.3,32.9,29.5,39.3,17.9,34.5,30.8,반등,16.7,50.0,50.0,50.0,50.0,2023
경남,48,통영시,48220,중,충무여자중학교,공립,,UzE2MDAwMjQ3NA==,20.7,19.9,20.4,26.9,24.1,22.4,하락,2.7,20.9,20.0,19.8,27.4,24.7,22.6,하락,2.7,31.6,31.0,30.4,32.4,2024
경남,48,통영시,48220,중,통영여자중학교,공립,,UzE2MDAwMjQ3Nw==,20.7,17.0,25.7,22.4,23.0,21.7,반등,0.6,20.9,16.9,25.5,22.3,23.0,21.7,반등,0.7,28.0,38.7,28.4,54.6,2023
경남,48,통영시,48220,중,충렬여자중학교,사립,,UzE2MDAwMjQ3Mw==,29.5,25.6,21.2,15.3,22.9,22.9,반등,7.6,30.4,26.6,21.7,15.3,22.2,23.2,반등,6.9,23.8,25.0,41.7,41.7,2021
경남,48,통영시,48220,중,도산중학교,공립,,UzE2MDAwMjQ2OQ==,21.8,18.6,19.7,24.4,20.9,21.1,하락,3.5,21.9,17.4,19.6,24.7,21.0,20.9,하락,3.7,22.2,28.9,30.0,47.5,2024
경남,48,통영시,48220,중,충무중학교,공립,,UzE2MDAwMjQ3NQ==,22.5,20.6,25.8,23.9,19.4,22.4,연속↓,4.5,23.0,20.4,25.9,23.2,19.7,22.4,연속↓,3.4,19.6,26.1,23.9,46.4,2023
경남,48,통영시,48220,중,동원중학교,사립,,UzE2MDAwMjQ3Ng==,19.4,16.3,18.4,19.8,18.3,18.4,하락,1.6,19.5,16.7,18.3,20.2,18.8,18.7,하락,1.4,11.5,28.7,24.2,40.8,2024
경남,48,통영시,48220,중,산양중학교,공립,,UzE2MDAwMjQ3MQ==,24.1,16.4,11.8,13.9,18.6,17.0,연속↑,4.7,24.7,16.6,11.1,13.1,17.6,16.6,연속↑,4.5,35.9,13.2,37.5,68.4,2021
경남,48,통영시,48220,중,통영중학교,공립,,UzE2MDAwMjQ3OA==,18.7,16.8,19.0,20.2,15.7,18.1,하락,4.5,18.1,16.4,18.7,19.8,15.9,17.8,하락,3.9,22.0,24.9,23.2,61.3,2024
경남,48,통영시,48220,중,통영중앙중학교,공립,,UzE2MDAwMzQyNQ==,20.3,19.3,16.7,21.4,15.9,18.7,하락,5.5,21.0,18.6,16.7,19.4,14.4,18.0,하락,5.0,16.4,9.4,28.4,66.5,2021
경남,48,통영시,48220,중,욕지중학교,공립,,UzE2MDAwMjQ3Mg==,32.6,21.1,38.3,23.9,11.1,25.4,연속↓,12.8,30.1,18.9,38.8,24.5,9.5,24.4,연속↓,15.0,0.0,0.0,33.3,33.3,2023
경남,48,통영시,48220,고,동원고등학교,사립,경남 통영시 광도면,UzE2MDAwMDcxNw==,17.4,24.8,23.7,25.5,35.3,25.3,연속↑,9.8,15.6,21.9,21.6,25.2,35.2,23.9,연속↑,9.9,55.6,38.0,33.0,,2025
경남,48,통영시,48220,고,통영고등학교,공립,,UzE2MDAwMDcxNA==,14.7,7.2,31.6,37.1,23.7,22.9,하락,13.3,14.4,6.3,30.3,39.4,23.0,22.7,하락,16.4,20.6,26.5,33.1,12.3,2024
경남,48,통영시,48220,고,충렬여자고등학교,사립,,UzE2MDAwMDcwNg==,19.7,18.4,20.2,19.0,20.6,19.6,반등,1.6,19.8,18.6,20.2,18.8,20.2,19.5,반등,1.4,29.0,25.3,26.5,9.6,2025
경남,48,통영시,48220,고,통영여자고등학교,공립,,UzE2MDAwMDcxNg==,19.2,14.1,37.8,16.2,17.5,21.0,반등,1.3,21.0,13.4,39.5,19.1,18.1,22.2,연속↓,1.0,28.5,26.6,16.4,3.3,2023
경남,48,통영시,48220,고,충무고등학교,공립,,UzE2MDAwMDcwOA==,7.9,3.9,8.3,4.7,14.1,7.8,반등,9.4,7.7,4.1,8.6,4.2,14.6,7.8,반등,10.4,33.3,20.6,6.2,4.7,2025
경남,48,하동군,48850,중,청암중학교,공립,,UzE2MDAwMjY0OQ==,24.9,30.4,15.0,20.2,26.4,23.4,연속↑,6.2,23.6,30.2,14.7,20.1,27.1,23.1,연속↑,7.0,20.0,40.0,40.0,36.4,2022
경남,48,하동군,48850,중,진교중학교,공립,,UzE2MDAwMjY0OA==,22.4,11.8,25.6,24.8,24.8,21.9,→보합,0.1,22.1,11.5,26.7,25.8,24.9,22.2,연속↓,0.8,42.2,33.3,26.7,36.6,2023
경남,48,하동군,48850,중,하동중앙중학교,공립,,UzE2MDAwMjY1MQ==,31.8,24.5,25.4,19.2,24.2,25.0,반등,5.0,31.6,24.0,24.7,19.1,24.1,24.7,반등,5.0,23.5,34.7,48.5,38.3,2021
경남,48,하동군,48850,중,한다사중학교,공립,,UzE2MDAwMzg1OA==,12.6,17.9,31.2,27.1,23.5,22.5,연속↓,3.6,12.6,17.8,29.6,26.7,23.2,22.0,연속↓,3.6,33.3,33.3,27.8,38.1,2023
경남,48,하동군,48850,중,화개중학교,공립,,UzE2MDAwMjY1Mw==,28.4,19.3,23.3,27.1,24.2,24.5,하락,2.9,27.2,19.3,24.2,26.4,22.5,23.9,하락,3.9,40.0,20.0,40.0,60.0,2021
경남,48,하동군,48850,중,옥종중학교,공립,,UzE2MDAwMjY0Ng==,26.9,29.2,23.1,24.6,21.4,25.0,하락,3.2,28.0,28.2,23.2,24.9,21.3,25.1,하락,3.6,34.8,31.6,33.3,34.8,2022
경남,48,하동군,48850,중,악양중학교,공립,,UzE2MDAwMjY0NA==,35.0,25.1,23.9,22.9,20.0,25.4,연속↓,3.0,34.2,23.8,22.3,22.3,18.5,24.2,하락,3.9,30.8,23.1,38.5,66.7,2021
경남,48,하동군,48850,중,금남중학교,공립,,UzE2MDAwMjY0Mg==,16.1,18.1,19.3,15.9,17.4,17.4,반등,1.5,17.7,17.7,19.5,16.5,17.0,17.7,반등,0.5,32.0,20.0,24.0,42.9,2023
경남,48,하동군,48850,중,하동중학교,사립,,UzE2MDAwMjY1Mg==,25.3,13.8,13.2,19.4,16.3,17.6,하락,3.1,27.2,12.5,11.6,19.6,16.4,17.5,하락,3.2,26.1,31.9,23.4,49.3,2021
경남,48,하동군,48850,고,옥종고등학교,공립,,UzE2MDAwMDYzNg==,11.9,24.1,14.3,18.8,25.0,18.8,연속↑,6.2,11.2,23.0,14.3,18.3,25.4,18.4,연속↑,7.0,25.0,35.0,25.0,45.0,2025
경남,48,하동군,48850,고,진교고등학교,공립,,UzE2MDAwMDY1MA==,5.5,8.6,16.4,16.8,26.5,14.7,연속↑,9.7,5.7,8.7,16.0,15.9,25.2,14.3,반등,9.3,29.4,23.5,41.2,47.1,2025
경남,48,하동군,48850,고,하동고등학교,공립,,UzE2MDAwMDcxOA==,11.1,10.9,6.1,8.8,21.3,11.6,연속↑,12.6,12.4,11.8,6.0,8.4,15.6,10.8,연속↑,7.2,42.9,4.8,21.4,47.5,2025
경남,48,하동군,48850,고,하동여자고등학교,사립,,UzE2MDAwMDcxOQ==,6.5,6.8,16.9,14.9,14.7,12.0,연속↓,0.1,7.2,6.7,16.4,14.2,13.9,11.7,연속↓,0.3,13.0,10.5,24.1,45.6,2023
경남,48,하동군,48850,고,금남고등학교,공립,,UzE2MDAwMDUwNg==,29.0,17.8,15.5,17.3,10.8,18.1,하락,6.6,28.0,19.3,14.9,16.3,11.6,18.0,하락,4.7,3.6,19.4,14.3,46.4,2021
경남,48,거제시,48310,중,수월중학교,공립,,UzE2MDAwMzQyNA==,37.2,23.6,36.9,32.4,35.3,33.1,반등,2.9,35.3,22.8,34.9,30.6,33.1,31.4,반등,2.5,47.9,25.3,49.5,33.7,2021
경남,48,거제시,48310,중,거제중앙중학교,공립,,UzE2MDAwMDc1Mw==,23.3,18.7,24.8,30.3,26.9,24.8,하락,3.5,22.6,18.2,25.6,31.1,27.1,24.9,하락,4.0,26.5,40.8,40.1,43.5,2024
경남,48,거제시,48310,중,장목예술중학교,사립,,UzE2MDAwMDc2Mw==,33.1,11.9,19.4,26.6,27.3,23.6,연속↑,0.7,32.1,10.4,18.9,26.3,26.5,22.8,연속↑,0.2,40.7,35.7,40.7,54.2,2021
경남,48,거제시,48310,중,해성중학교,사립,,UzE2MDAwMDc2Ng==,22.5,19.9,25.8,24.6,24.7,23.5,반등,0.2,22.1,19.6,26.2,24.9,25.1,23.6,반등,0.1,24.4,41.0,39.3,38.3,2023
경남,48,거제시,48310,중,거제제일중학교,공립,,UzE2MDAwMDc1Mg==,29.0,19.0,30.7,25.4,25.7,25.9,반등,0.2,29.0,18.3,29.9,24.9,25.0,25.4,반등,,38.2,32.7,25.5,51.1,2023
경남,48,거제시,48310,중,연초중학교,공립,,UzE2MDAwMDc2MA==,19.2,18.6,19.2,26.7,23.2,21.4,하락,3.5,19.2,17.8,19.8,26.1,22.7,21.1,하락,3.4,25.8,29.0,38.8,45.2,2024
경남,48,거제시,48310,중,동부중학교,공립,,UzE2MDAwMDc1Nw==,35.8,28.5,26.0,31.3,21.9,28.7,하락,9.4,37.1,28.1,26.4,32.5,22.6,29.3,하락,9.9,11.1,38.5,38.9,33.3,2021
경남,48,거제시,48310,중,거제장평중학교,공립,,UzE2MDAwMzQ3Nw==,29.6,21.4,26.1,25.4,21.8,24.9,연속↓,3.5,29.9,21.4,26.1,25.7,21.9,25.0,연속↓,3.8,21.3,24.9,29.9,49.4,2021
경남,48,거제시,48310,중,거제중학교,사립,,UzE2MDAwMDc1NA==,21.1,17.8,25.8,24.7,21.9,22.3,연속↓,2.8,20.6,17.1,24.8,23.8,21.2,21.5,연속↓,2.5,27.9,28.8,29.8,44.6,2023
경남,48,거제시,48310,중,계룡중학교,공립,,UzE2MDAwMzI3MQ==,42.8,22.0,18.6,19.8,20.6,24.8,연속↑,0.8,42.3,21.4,19.1,20.4,20.3,24.7,하락,,22.9,23.1,30.0,45.3,2021
경남,48,거제시,48310,중,성포중학교,공립,,UzE2MDAwMDc1Ng==,20.3,24.2,23.9,24.0,20.7,22.6,하락,3.3,20.4,24.0,22.4,23.6,20.2,22.1,하락,3.4,30.0,25.0,37.5,75.0,2022
경남,48,거제시,48310,중,하청중학교,공립,,UzE2MDAwMDc2NQ==,25.7,23.2,33.8,24.8,20.6,25.6,연속↓,4.3,22.6,24.1,34.0,25.1,19.5,25.1,연속↓,5.6,44.4,33.3,38.9,62.5,2023
경남,48,거제시,48310,중,신현중학교,공립,,UzE2MDAwMDc1OQ==,32.2,28.1,24.2,21.5,19.2,25.0,연속↓,2.2,31.2,27.8,24.7,22.1,19.2,25.0,연속↓,2.9,25.4,23.6,21.1,44.2,2021
경남,48,거제시,48310,중,외포중학교,사립,,UzE2MDAwMDc2Mg==,7.5,15.0,13.9,14.1,19.6,14.0,연속↑,5.6,8.2,14.1,13.2,13.2,19.0,13.5,상승,5.7,37.5,20.8,23.1,81.3,2025
경남,48,거제시,48310,중,둔덕중학교,사립,,UzE2MDAwMDc1OA==,40.7,27.5,36.0,27.9,17.5,29.9,연속↓,10.5,41.9,27.0,37.4,29.5,17.0,30.6,연속↓,12.5,20.9,23.3,25.0,60.9,2021
경남,48,거제시,48310,중,옥포중학교,공립,,UzE2MDAwMDc2MQ==,25.9,19.2,20.2,17.6,18.0,20.2,반등,0.4,24.9,18.4,20.1,16.2,16.7,19.3,반등,0.5,26.5,13.2,23.1,60.6,2021
경남,48,거제시,48310,중,옥포성지중학교,공립,,UzE2MDAwMzI3Mg==,22.0,14.2,15.3,14.4,17.2,16.6,반등,2.7,22.0,14.1,16.1,14.6,16.3,16.6,반등,1.7,26.1,12.2,26.5,47.4,2021
경남,48,거제시,48310,중,거제고현중학교,공립,,UzE2MDAwMDc1MA==,20.1,19.1,21.5,17.3,15.5,18.7,연속↓,1.8,20.9,19.4,21.8,17.9,15.7,19.1,연속↓,2.3,16.6,25.1,21.3,53.8,2023
경남,48,거제시,48310,중,지세포중학교,공립,경남 거제시 일운면,UzE2MDAwMDc2NA==,23.0,19.5,31.4,18.8,16.9,21.9,연속↓,1.9,21.3,18.5,30.5,17.0,15.4,20.6,연속↓,1.6,22.2,11.1,35.2,63.5,2023
경남,48,거제시,48310,고,연초고등학교,공립,,UzE2MDAwMzQ1Mg==,19.1,28.5,22.5,23.9,29.5,24.7,연속↑,5.5,18.6,27.4,23.3,24.6,29.7,24.7,연속↑,5.2,31.4,32.2,26.8,9.5,2025
경남,48,거제시,48310,고,거제중앙고등학교,공립,,UzE2MDAwMDQ3MA==,19.6,18.8,24.2,19.3,27.5,21.9,반등,8.2,17.6,17.1,25.4,22.0,26.8,21.7,반등,4.8,47.7,30.9,28.9,13.5,2025
경남,48,거제시,48310,고,거제제일고등학교,공립,,UzE2MDAwMDQ2OA==,27.8,18.3,19.3,24.2,25.8,23.1,연속↑,1.5,27.5,20.0,20.0,23.2,24.6,23.0,연속↑,1.4,37.9,28.0,46.7,3.8,2021
경남,48,거제시,48310,고,거제상문고등학교,공립,,UzE2MDAwMzQ2MA==,8.1,8.3,27.9,20.8,18.2,16.6,연속↓,2.6,8.3,7.9,29.2,20.3,17.6,16.7,연속↓,2.7,19.8,16.2,23.4,13.4,2023
경남,48,거제시,48310,고,거제옥포고등학교,공립,,UzE2MDAwMzI5OQ==,15.8,24.6,20.0,5.3,14.9,16.1,반등,9.6,13.8,22.1,19.9,4.9,14.5,15.1,반등,9.6,24.1,21.9,13.9,49.9,2022
경남,48,거제시,48310,고,거제여자상업고등학교,공립,,UzE2MDAwMDQ2Nw==,15.5,13.9,9.0,9.2,14.9,12.5,연속↑,5.6,14.0,13.2,9.3,8.8,14.5,11.9,반등,5.7,15.6,15.6,24.2,31.3,2025
경남,48,거제시,48310,고,거제공업고등학교,공립,,UzE2MDAwMDQ2NQ==,11.2,6.1,8.9,7.1,14.1,9.5,반등,7.0,11.1,5.5,9.0,7.2,13.4,9.2,반등,6.3,22.0,10.4,14.7,2.4,2025
경남,48,거제시,48310,고,해성고등학교,사립,,UzE2MDAwMDc0MQ==,25.2,23.8,23.8,30.5,14.0,23.4,하락,16.5,24.8,25.2,23.1,29.2,13.0,23.0,하락,16.3,21.5,9.9,19.5,34.0,2024
경남,48,거제시,48310,고,거제고등학교,사립,,UzE2MDAwMDQ2NA==,13.6,8.1,8.7,14.8,13.3,11.7,하락,1.5,13.6,8.0,8.5,15.6,12.8,11.7,하락,2.9,17.7,15.4,15.0,49.2,2024
경남,48,거제시,48310,고,경남산업고등학교,공립,경남산업고등학교,UzE2MDAwMDQ2OQ==,9.1,13.2,4.3,3.0,9.4,7.8,반등,6.4,8.4,12.6,4.2,3.4,4.7,6.7,반등,1.3,14.3,,14.3,,2022
경남,48,의령군,48720,중,의령중학교,공립,,UzE2MDAwMTg1MA==,31.7,17.5,18.3,23.0,22.7,22.6,하락,0.3,31.9,17.3,17.9,22.5,22.3,22.4,하락,0.2,14.3,25.9,46.6,50.9,2021
경남,48,의령군,48720,중,지정중학교,사립,,UzE2MDAwMTg1NA==,17.7,11.1,15.3,32.9,21.8,19.8,하락,11.1,17.4,10.1,14.9,32.3,21.8,19.3,하락,10.5,40.0,40.0,40.0,60.0,2024
경남,48,의령군,48720,중,신반중학교,공립,,UzE2MDAwMTg0Ng==,26.8,17.3,25.8,17.4,19.9,21.4,반등,2.5,25.8,18.0,25.2,18.6,20.7,21.7,반등,2.0,23.1,38.5,30.8,53.8,2021
경남,48,의령군,48720,중,의령여자중학교,사립,,UzE2MDAwMTg0OQ==,18.8,15.8,13.9,24.3,19.9,18.5,하락,4.4,20.0,16.3,14.5,24.1,19.9,19.0,하락,4.2,34.1,29.5,25.0,57.8,2024
경남,48,의령군,48720,중,정곡중학교,사립,,UzE2MDAwMTg1Mw==,29.6,15.5,8.6,5.5,13.2,14.5,반등,7.7,27.4,14.6,8.6,6.3,14.6,14.3,반등,8.3,25.0,33.3,16.7,75.0,2021
경남,48,의령군,48720,고,신반정보고등학교,공립,,UzE2MDAwMDYxMw==,6.9,14.1,4.5,8.3,25.0,11.8,연속↑,16.7,6.7,14.7,5.3,8.9,24.5,12.0,연속↑,15.5,35.7,21.4,28.6,57.1,2025
경남,48,의령군,48720,고,의령여자고등학교,사립,,UzE2MDAwMDY0NA==,13.0,18.6,15.5,13.9,17.5,15.7,반등,3.6,13.0,20.7,15.4,13.3,16.8,15.8,반등,3.4,27.9,13.4,14.9,14.8,2022
경남,48,의령군,48720,고,의령고등학교,공립,,UzE2MDAwMDY0Mw==,7.4,8.6,17.0,11.2,11.8,11.2,반등,0.6,6.7,7.3,16.6,10.9,12.4,10.8,반등,1.6,5.2,19.0,17.2,46.6,2023
경남,48,함안군,48730,중,호암중학교,공립,,UzE2MDAwMzQyNg==,31.7,27.0,31.6,30.7,30.6,30.3,연속↓,0.2,31.1,26.3,31.0,30.0,30.0,29.7,→보합,0.1,30.1,30.9,42.2,31.4,2021
경남,48,함안군,48730,중,함안중학교,공립,,UzE2MDAwMjc2Mg==,22.1,18.3,20.0,18.3,25.0,20.7,반등,6.8,21.9,17.9,19.9,18.0,26.3,20.8,반등,8.3,22.2,37.0,22.1,43.4,2025
경남,48,함안군,48730,중,함안여자중학교,사립,,UzE2MDAwMjc2MQ==,28.2,25.6,29.5,28.4,25.8,27.5,연속↓,2.7,28.7,25.6,30.0,28.5,24.7,27.5,연속↓,3.8,35.4,26.7,46.9,39.4,2023
경남,48,함안군,48730,중,칠성중학교,사립,,UzE2MDAwMjc1OA==,22.0,19.0,21.5,18.1,22.9,20.7,반등,4.8,22.2,18.5,19.4,16.6,21.1,19.6,반등,4.5,64.7,17.6,47.1,57.7,2021
경남,48,함안군,48730,중,군북중학교,사립,,UzE2MDAwMjc1NA==,12.3,13.1,18.3,14.7,17.5,15.2,반등,2.8,11.2,13.4,18.1,15.0,16.8,14.9,반등,1.8,24.4,26.8,36.6,74.2,2023
경남,48,함안군,48730,중,칠원중학교,사립,,UzE2MDAwMjc1OQ==,17.0,17.2,23.6,18.1,14.7,18.1,연속↓,3.4,17.3,17.9,24.1,18.9,14.4,18.5,연속↓,4.6,13.4,19.6,27.7,59.8,2023
경남,48,함안군,48730,중,대산중학교,사립,,UzE2MDAwMjc1NQ==,15.5,20.7,9.7,19.2,13.9,15.8,하락,5.3,15.5,20.1,10.5,18.8,13.7,15.7,하락,5.2,28.6,25.0,28.6,57.1,2022
경남,48,함안군,48730,중,함성중학교,사립,,UzE2MDAwMjc2MA==,27.6,16.4,27.1,23.2,11.9,21.2,연속↓,11.2,26.8,15.4,26.7,23.3,11.4,20.7,연속↓,11.9,18.2,22.7,31.8,80.0,2021
경남,48,함안군,48730,고,칠원고등학교,사립,,UzE2MDAwMDcxMA==,23.8,24.8,33.2,33.3,29.8,29.0,하락,3.5,22.6,24.4,32.8,34.4,30.4,28.9,하락,4.0,38.8,38.8,29.8,13.2,2024
경남,48,함안군,48730,고,함안고등학교,공립,,UzE2MDAwMDcyNA==,21.4,24.9,21.9,32.7,32.3,26.6,하락,0.4,20.7,24.1,22.9,31.8,30.0,25.9,하락,1.7,54.3,25.5,37.1,0.7,2024
경남,48,함안군,48730,고,군북고등학교,사립,,UzE2MDAwMDUwNQ==,27.5,22.1,25.8,26.6,18.9,24.2,하락,7.6,25.2,20.8,24.7,27.3,18.5,23.3,하락,8.8,25.5,17.6,19.6,51.0,2024
경남,48,함안군,48730,고,경남로봇고등학교,사립,경남로봇고등학교,UzE2MDAwMDcyNQ==,26.6,16.4,26.8,22.9,16.8,21.9,연속↓,6.1,27.1,16.5,27.3,24.5,17.0,22.5,연속↓,7.4,7.9,23.1,33.3,7.9,2023
경남,48,함안군,48730,고,명덕고등학교,사립,,UzE2MDAwMDU2Mg==,16.9,18.7,18.8,18.9,16.0,17.8,하락,2.9,15.5,17.6,17.7,19.4,15.6,17.2,하락,3.7,34.5,15.5,14.7,6.0,2024
경남,48,밀양시,48270,중,동국대학교사범대학부속홍제중학교,사립,,UzE2MDAwMTQ4Ng==,12.3,10.8,12.7,13.1,26.7,15.1,연속↑,13.6,13.7,9.7,13.3,13.8,26.8,15.4,연속↑,13.0,53.8,34.6,23.1,50.0,2025
경남,48,밀양시,48270,중,밀양중학교,공립,,UzE2MDAwMTQ3OQ==,23.7,20.8,18.6,22.8,25.1,22.2,연속↑,2.3,23.9,21.2,17.7,21.8,25.1,21.9,연속↑,3.4,31.9,27.1,32.7,38.6,2025
경남,48,밀양시,48270,중,밀양여자중학교,공립,,UzE2MDAwMTQ3OA==,32.1,23.0,26.0,26.5,24.0,26.3,하락,2.6,31.6,23.8,25.7,26.3,23.8,26.2,하락,2.5,27.8,33.0,36.6,43.4,2021
경남,48,밀양시,48270,중,동명중학교,사립,,UzE2MDAwMTQ3Mw==,11.0,16.2,14.2,17.1,20.7,15.9,연속↑,3.6,11.2,15.6,14.5,17.0,19.8,15.6,연속↑,2.8,30.8,17.9,43.6,56.4,2025
경남,48,밀양시,48270,중,세종중학교,사립,세종중학교,UzE2MDAwMTQ4Mw==,21.2,22.2,21.6,26.8,19.0,22.2,하락,7.8,20.3,22.5,20.9,25.8,18.0,21.5,하락,7.8,30.2,18.6,39.5,47.4,2024
경남,48,밀양시,48270,중,무안중학교,공립,,UzE2MDAwMTQ3NA==,17.5,21.6,22.9,12.3,17.4,18.3,반등,5.2,16.5,20.6,22.2,12.1,17.6,17.8,반등,5.5,28.6,33.3,16.7,33.3,2023
경남,48,밀양시,48270,중,미리벌중학교,공립,,UzE2MDAwMzg1Ng==,27.0,19.4,21.3,22.8,17.4,21.6,하락,5.4,26.9,18.6,21.3,22.4,17.0,21.2,하락,5.4,26.1,26.5,21.7,56.8,2021
경남,48,밀양시,48270,중,밀성중학교,사립,,UzE2MDAwMTQ3Ng==,20.1,16.0,11.4,13.3,16.4,15.4,연속↑,3.1,20.1,15.5,11.0,13.1,16.0,15.1,연속↑,2.9,13.0,17.6,31.0,60.6,2021
경남,48,밀양시,48270,중,밀성여자중학교,사립,,UzE2MDAwMTQ3NQ==,,18.2,22.0,14.3,13.7,17.0,연속↓,0.6,,18.4,22.4,14.8,14.8,17.6,→보합,,11.0,29.9,15.4,64.1,2023
경남,48,밀양시,48270,중,삼랑진중학교,사립,,UzE2MDAwMTQ4MA==,17.9,11.0,15.3,10.6,13.4,13.6,반등,2.8,17.4,10.9,15.2,10.4,13.4,13.4,반등,3.0,19.0,28.6,23.5,50.0,2021
경남,48,밀양시,48270,중,밀양동강중학교,사립,,UzE2MDAwMTQ3Nw==,12.3,18.1,17.3,11.1,12.7,14.3,반등,1.6,12.0,17.2,16.8,11.3,12.5,13.9,반등,1.2,21.1,20.0,11.1,77.8,2022
경남,48,밀양시,48270,고,밀양여자고등학교,공립,,UzE2MDAwMDU3MQ==,15.2,7.1,43.2,17.9,42.1,25.1,반등,24.2,15.3,6.9,40.9,16.5,40.8,24.1,반등,24.3,75.7,40.8,37.1,14.3,2023
경남,48,밀양시,48270,고,밀성고등학교,사립,,UzE2MDAwMDU2NQ==,22.0,27.2,19.9,22.6,34.8,25.3,연속↑,12.2,22.7,28.2,19.1,22.0,35.8,25.6,연속↑,13.9,42.7,71.8,48.4,3.3,2025
경남,48,밀양시,48270,고,밀양고등학교,공립,,UzE2MDAwMDU2OA==,20.1,18.4,7.1,8.3,33.8,17.5,연속↑,25.5,19.7,20.2,6.6,7.8,35.0,17.9,연속↑,27.2,24.5,53.6,41.3,11.5,2025
경남,48,밀양시,48270,고,삼랑진고등학교,사립,,UzE2MDAwMDU4OA==,16.3,16.9,12.0,19.8,21.8,17.3,연속↑,2.0,18.4,16.6,12.1,20.3,20.5,17.6,연속↑,0.3,43.9,15.2,25.8,48.6,2025
경남,48,밀양시,48270,고,세종고등학교,사립,세종고등학교,UzE2MDAwMDYwOA==,10.8,15.3,17.6,20.9,20.3,17.0,하락,0.6,11.6,15.5,18.1,21.2,20.1,17.3,하락,1.1,22.1,20.5,27.0,37.8,2024
경남,48,밀양시,48270,고,밀성제일고등학교,사립,,UzE2MDAwMDU2Nw==,13.2,14.5,7.2,15.4,20.0,14.0,연속↑,4.6,14.3,14.9,7.1,14.6,19.1,14.0,연속↑,4.5,20.6,14.9,32.8,31.3,2025
경남,48,밀양시,48270,고,밀양동명고등학교,사립,,UzE2MDAwMDU3MA==,4.6,5.9,13.4,15.7,15.4,11.0,하락,0.4,4.6,5.7,13.1,15.8,15.9,11.0,연속↑,0.1,14.7,20.0,13.3,18.7,2025
경남,48,밀양시,48270,고,한국나노마이스터고등학교,공립,,UzE2MDAwMDU2OQ==,4.1,8.7,12.3,12.0,12.1,9.8,반등,0.1,4.4,8.1,11.9,11.1,11.9,9.5,반등,0.8,,12.3,15.1,20.5,2025
경남,48,창녕군,48740,중,부곡중학교,공립,경남 창녕군 부곡면,UzE2MDAwMjI0MA==,27.2,23.9,17.9,31.5,32.8,26.6,연속↑,1.2,24.1,23.8,17.4,31.4,32.6,25.9,연속↑,1.2,50.0,50.0,50.0,42.9,2025
경남,48,창녕군,48740,중,창녕여자중학교,사립,,UzE2MDAwMjI0Ng==,30.3,20.0,27.8,19.7,24.4,24.5,반등,4.7,29.4,19.6,28.0,20.6,24.5,24.4,반등,3.9,33.3,35.0,27.5,46.7,2021
경남,48,창녕군,48740,중,신창여자중학교,사립,,UzE2MDAwMjI0Mg==,22.9,14.7,17.4,19.4,20.5,19.0,연속↑,1.2,23.9,14.8,18.4,20.1,21.4,19.7,연속↑,1.3,26.3,31.6,23.7,52.4,2021
경남,48,창녕군,48740,중,성산중학교,사립,,UzE2MDAwMjI0MQ==,12.3,13.9,30.1,26.9,19.0,20.4,연속↓,8.0,12.5,14.1,30.1,27.2,20.3,20.8,연속↓,6.8,26.7,53.3,33.3,45.5,2023
경남,48,창녕군,48740,중,창녕옥야중학교,사립,,UzE2MDAwMjI0NQ==,34.7,8.3,9.7,29.8,20.2,20.5,하락,9.6,33.0,7.9,9.5,28.3,18.4,19.4,하락,9.9,40.0,20.0,33.3,55.6,2021
경남,48,창녕군,48740,중,창녕중학교,공립,,UzE2MDAwMjI0Nw==,18.0,16.0,13.6,16.7,17.3,16.3,연속↑,0.6,18.1,15.9,13.6,17.5,17.7,16.6,연속↑,0.2,21.0,30.2,17.9,53.8,2021
경남,48,창녕군,48740,중,남지중학교,사립,,UzE2MDAwMjIzNw==,15.3,14.6,18.5,20.9,17.6,17.4,하락,3.2,15.0,14.0,18.4,20.3,16.7,16.9,하락,3.5,30.5,16.0,25.4,49.2,2024
경남,48,창녕군,48740,중,영산중학교,공립,,UzE2MDAwMjI0NA==,14.7,17.0,23.9,17.4,13.8,17.4,연속↓,3.7,15.8,17.3,23.7,16.6,13.7,17.4,연속↓,2.9,16.2,15.8,21.3,66.1,2023
경남,48,창녕군,48740,중,남지여자중학교,사립,,UzE2MDAwMjIzNg==,21.1,16.6,12.2,9.5,11.1,14.1,반등,1.6,20.1,15.4,10.9,8.4,10.4,13.0,반등,2.0,20.7,9.5,9.5,60.3,2021
경남,48,창녕군,48740,중,대성중학교,사립,,UzE2MDAwMjIzOA==,11.7,7.9,7.5,16.2,9.2,10.5,하락,7.0,11.3,8.0,7.3,16.4,9.5,10.5,하락,6.9,40.0,20.0,0.0,58.3,2024
경남,48,창녕군,48740,고,창녕옥야고등학교,사립,,UzE2MDAwMDYzNA==,20.7,15.9,26.6,44.4,38.2,29.1,하락,6.2,19.3,14.6,26.7,39.8,37.3,27.5,하락,2.5,22.0,46.0,73.0,,2024
경남,48,창녕군,48740,고,영산고등학교,공립,,UzE2MDAwMDYyOQ==,10.7,6.7,11.6,12.4,26.9,13.6,연속↑,14.5,9.3,6.9,12.4,13.1,27.3,13.8,연속↑,14.2,28.8,30.5,27.1,20.0,2025
경남,48,창녕군,48740,고,창녕대성고등학교,사립,,UzE2MDAwMDY4MQ==,13.1,15.0,25.8,16.6,26.1,19.3,반등,9.5,12.2,13.9,24.6,16.5,26.2,18.7,반등,9.7,43.6,33.3,17.9,7.7,2025
경남,48,창녕군,48740,고,남지고등학교,사립,,UzE2MDAwMDUxOQ==,9.8,8.3,15.1,14.9,12.9,12.2,연속↓,2.1,9.1,7.8,15.1,16.0,14.3,12.5,하락,1.7,7.7,36.4,9.4,39.3,2024
경남,48,창녕군,48740,고,창녕여자고등학교,사립,,UzE2MDAwMDY4Mg==,5.4,13.8,14.5,18.9,18.2,14.2,하락,0.8,4.8,13.4,13.6,17.4,14.2,12.7,하락,3.3,26.2,16.7,28.6,60.0,2024
경남,48,창녕군,48740,고,창녕고등학교,사립,,UzE2MDAwMDY3Nw==,10.2,11.2,16.7,26.1,14.5,15.7,하락,11.6,10.2,10.9,15.6,26.2,14.1,15.4,하락,12.1,27.3,15.9,16.3,46.5,2024
경남,48,창녕군,48740,고,한국과학기술고등학교,사립,,UzE2MDAwMDY3OA==,9.4,20.8,15.6,9.5,12.4,13.5,반등,2.9,8.1,20.5,15.1,9.5,9.1,12.4,연속↓,0.4,15.8,15.8,26.3,60.0,2022
경남,48,창녕군,48740,고,창녕슈퍼텍고등학교,공립,,UzE2MDAwMDY4NA==,4.1,4.8,5.4,8.0,6.4,5.7,하락,1.5,4.1,4.5,5.6,7.8,6.8,5.7,하락,1.0,4.8,8.7,,40.6,2024
경남,48,합천군,48890,중,야로중학교,공립,,UzE2MDAwMjk0OA==,22.5,9.3,5.0,15.5,26.1,15.7,연속↑,10.6,22.7,8.3,5.8,14.5,26.3,15.5,연속↑,11.8,25.0,40.0,46.7,50.0,2025
경남,48,합천군,48890,중,합천여자중학교,사립,,UzE2MDAwMjk1NA==,26.2,19.7,27.5,27.3,24.9,25.1,연속↓,2.4,24.6,19.7,27.0,27.8,24.6,24.7,하락,3.2,20.3,27.5,48.3,42.5,2024
경남,48,합천군,48890,중,대병중학교,사립,,UzE2MDAwMjk0MQ==,11.3,7.0,16.8,21.0,24.6,16.1,연속↑,3.6,11.8,7.0,15.9,20.1,23.1,15.6,연속↑,3.1,43.8,18.8,50.0,57.1,2025
경남,48,합천군,48890,중,해인중학교,사립,,UzE2MDAwMjk1OA==,17.2,12.4,17.9,17.2,20.8,17.1,반등,3.6,16.7,11.7,19.2,17.3,20.9,17.2,반등,3.6,31.3,30.0,27.3,63.6,2025
경남,48,합천군,48890,중,합천중학교,공립,,UzE2MDAwMjk1NQ==,19.3,17.2,15.2,14.3,15.9,16.4,반등,1.6,20.4,17.1,15.7,14.4,15.9,16.7,반등,1.5,18.0,22.0,24.0,52.0,2021
경남,48,합천군,48890,중,가회중학교,사립,,UzE2MDAwMjk0MA==,10.5,16.4,23.4,21.7,15.2,17.4,연속↓,6.5,11.0,15.4,24.4,22.2,15.4,17.7,연속↓,6.8,37.5,25.0,13.3,26.7,2023
경남,48,합천군,48890,중,삼가중학교,공립,,UzE2MDAwMjk0NQ==,22.1,20.0,17.2,8.7,14.4,16.5,반등,5.7,22.0,21.0,17.6,9.3,14.8,16.9,반등,5.5,26.7,40.0,13.3,53.3,2021
경남,48,합천군,48890,중,초계중학교,공립,,UzE2MDAwMjk1Mg==,15.0,9.6,19.7,23.7,13.2,16.2,하락,10.5,14.7,9.8,18.8,22.9,13.2,15.9,하락,9.7,30.0,20.0,20.0,66.7,2024
경남,48,합천군,48890,중,묘산중학교,사립,,UzE2MDAwMjk0Mw==,8.3,23.3,15.8,2.8,8.3,11.7,반등,5.6,7.1,22.1,14.8,3.6,8.3,11.2,반등,4.8,33.3,33.3,0.0,100.0,2022
경남,48,합천군,48890,고,합천고등학교,공립,,UzE2MDAwMDczNg==,37.4,35.0,14.8,24.1,39.8,30.2,연속↑,15.7,36.6,32.4,14.7,23.6,40.8,29.6,연속↑,17.1,30.2,74.5,58.1,32.6,2025
경남,48,합천군,48890,고,삼가고등학교,공립,,UzE2MDAwMDU4Nw==,11.5,8.7,5.7,8.3,37.6,14.4,연속↑,29.4,10.6,8.2,5.8,9.2,34.7,13.7,연속↑,25.6,43.3,21.4,80.0,33.3,2025
경남,48,합천군,48890,고,야로고등학교,공립,,UzE2MDAwMDYxNw==,21.6,18.2,12.7,11.4,34.7,19.7,반등,23.2,21.8,19.0,12.7,11.3,34.2,19.8,반등,22.9,61.1,44.4,23.8,,2025
경남,48,합천군,48890,고,합천여자고등학교,사립,,UzE2MDAwMDczNw==,12.3,10.5,6.2,13.4,32.4,15.0,연속↑,19.0,11.2,9.7,5.6,12.2,30.3,13.8,연속↑,18.1,19.4,22.1,65.7,16.2,2025
경남,48,합천군,48890,고,초계고등학교,공립,,UzE2MDAwMDcwNQ==,11.3,32.5,9.1,10.4,19.8,16.6,연속↑,9.5,10.8,30.9,7.8,9.9,19.1,15.7,연속↑,9.2,33.3,22.2,27.8,16.7,2022
경남,48,합천군,48890,고,합천평화고등학교,사립,,UzE2MDAwMDY0Mg==,7.9,6.7,6.7,6.8,11.2,7.8,연속↑,4.4,7.5,6.1,6.3,7.5,8.6,7.2,연속↑,1.1,17.4,8.7,13.0,73.9,2025
경남,48,거창군,48880,중,혜성여자중학교,사립,,UzE2MDAwMDkyMw==,21.6,16.0,18.8,21.7,28.2,21.3,연속↑,6.5,21.5,15.6,18.9,21.2,28.3,21.1,연속↑,7.1,36.0,33.3,33.0,37.5,2025
경남,48,거창군,48880,중,가조중학교,공립,,UzE2MDAwMDkwOQ==,13.3,19.1,12.4,20.8,23.1,17.8,연속↑,2.3,12.2,18.4,12.3,20.9,22.9,17.3,연속↑,2.0,42.9,42.9,28.6,50.0,2025
경남,48,거창군,48880,중,거창여자중학교,공립,,UzE2MDAwMDkxMg==,26.4,17.7,23.8,20.7,21.7,22.1,반등,1.0,25.1,17.9,23.4,19.6,21.8,21.5,반등,2.2,26.3,27.0,25.3,42.7,2021
경남,48,거창군,48880,중,웅양중학교,공립,,UzE2MDAwMDkyMA==,14.2,15.7,20.3,20.4,20.1,18.1,하락,0.3,13.4,15.2,20.1,21.3,19.8,18.0,하락,1.5,33.3,28.6,33.3,55.6,2024
경남,48,거창군,48880,중,거창중학교,공립,,UzE2MDAwMDkxMw==,26.4,10.2,12.3,16.3,20.3,17.1,연속↑,3.9,25.1,9.7,11.4,15.2,19.6,16.2,연속↑,4.4,19.8,26.2,41.7,51.5,2021
경남,48,거창군,48880,중,샛별중학교,사립,,UzE2MDAwMDkxOA==,27.2,16.7,20.6,19.6,18.0,20.4,연속↓,1.6,26.5,16.4,19.2,18.6,17.6,19.6,연속↓,1.0,29.2,20.8,22.9,54.2,2021
경남,48,거창군,48880,중,거창덕유중학교,공립,,UzE2MDAwMzg1OQ==,18.8,13.3,12.7,16.9,11.2,14.6,하락,5.7,17.2,13.2,13.2,17.0,10.6,14.3,하락,6.4,17.6,8.8,20.6,62.2,2021
경남,48,거창군,48880,중,거창대성중학교,사립,,UzE2MDAwMDkxMQ==,12.5,8.7,9.3,15.0,11.0,11.3,하락,4.0,10.9,7.6,8.6,13.6,10.0,10.2,하락,3.5,19.4,6.0,26.4,51.5,2024
경남,48,거창군,48880,중,거창중학교고제분교장,공립,,UzE2MDAwMDkxNA==,16.7,27.1,41.7,14.6,0.0,20.0,연속↓,14.6,16.7,27.7,42.0,14.3,0.0,20.1,연속↓,14.3,0.0,0.0,0.0,100.0,2023
경남,48,거창군,48880,고,거창중앙고등학교,사립,,UzE2MDAwMDQ4MA==,45.9,43.1,47.7,44.7,50.4,46.4,반등,5.7,45.0,42.6,47.6,45.0,49.6,46.0,반등,4.6,66.5,48.4,55.8,,2025
경남,48,거창군,48880,고,거창대성고등학교,사립,,UzE2MDAwMDQ3Mw==,31.6,17.8,38.8,33.8,36.7,31.7,반등,2.9,30.6,17.0,37.1,33.8,36.2,30.9,반등,2.5,38.1,34.5,53.3,4.8,2023
경남,48,거창군,48880,고,거창고등학교,사립,,UzE2MDAwMDQ3Mg==,35.7,30.1,32.9,40.3,31.6,34.1,하락,8.7,33.9,27.2,30.7,37.5,31.2,32.1,하락,6.2,32.0,34.0,55.7,2.1,2024
경남,48,거창군,48880,고,대성일고등학교,사립,,UzE2MDAwMDQ3NQ==,20.1,26.4,15.7,17.9,32.8,22.6,연속↑,14.9,20.0,26.5,16.0,19.8,30.8,22.6,연속↑,11.0,27.6,21.6,98.3,,2025
경남,48,거창군,48880,고,아림고등학교,공립,,UzE2MDAwMDQ3Ng==,11.5,8.1,4.5,4.0,20.9,9.8,반등,16.9,11.1,7.9,4.1,4.3,23.1,10.1,연속↑,18.8,10.2,52.5,18.6,32.2,2025
경남,48,거창군,48880,고,거창여자고등학교,공립,,UzE2MDAwMDQ3OA==,13.8,11.7,20.7,9.2,13.8,13.8,반등,4.6,13.4,12.1,19.6,8.5,12.7,13.3,반등,4.3,25.0,10.2,27.1,6.8,2023
경남,48,거창군,48880,고,거창승강기고등학교,공립,,UzE2MDAwMDQ2Mg==,11.7,4.5,10.0,5.0,14.2,9.1,반등,9.2,11.0,4.1,9.0,5.1,10.4,7.9,반등,5.3,33.3,3.7,8.3,11.1,2021
제주,50,서귀포시,50130,중,서귀포대신중학교,공립,제주특별자치도 서귀포시 강정동,UzE3MDAwMDI4MQ==,37.6,23.2,31.8,31.2,34.0,31.6,반등,2.8,37.3,22.7,31.8,30.6,34.0,31.3,반등,3.4,30.2,36.6,49.1,35.3,2021
제주,50,서귀포시,50130,중,남주중학교,사립,제주특별자치도 서귀포시 동홍동,UzE3MDAwMDI4OQ==,35.4,25.4,35.4,32.3,34.0,32.5,반등,1.7,36.0,25.1,35.3,31.3,33.2,32.2,반등,1.9,41.4,32.4,53.2,36.0,2021
제주,50,서귀포시,50130,중,서귀포여자중학교,공립,제주특별자치도 서귀포시 서홍동,UzE3MDAwMDI5MA==,35.3,29.3,37.2,29.6,33.6,33.0,반등,4.0,35.5,28.8,37.8,29.2,33.2,32.9,반등,4.0,43.0,40.4,48.9,31.9,2023
제주,50,서귀포시,50130,중,남원중학교,공립,제주특별자치도 서귀포시 남원읍,UzE3MDAwMDI3NQ==,34.6,29.6,35.9,36.3,31.5,33.6,하락,4.9,35.9,29.3,35.5,35.9,31.2,33.6,하락,4.7,44.6,35.0,40.7,35.6,2024
제주,50,서귀포시,50130,중,안덕중학교,공립,제주특별자치도 서귀포시 안덕면,UzE3MDAwMDI4NA==,30.9,24.6,28.4,29.2,30.6,28.7,연속↑,1.4,31.1,24.9,28.3,28.9,29.2,28.5,연속↑,0.2,41.3,25.6,45.7,41.5,2021
제주,50,서귀포시,50130,중,무릉중학교,공립,제주특별자치도 서귀포시 대정읍,UzE3MDAwMDI3Nw==,41.7,26.6,31.3,35.8,29.0,32.9,하락,6.8,40.0,26.0,30.5,34.8,29.1,32.1,하락,5.6,53.3,43.8,62.5,62.5,2021
제주,50,서귀포시,50130,중,중문중학교,공립,제주특별자치도 서귀포시 중문동,UzE3MDAwMDI4Ng==,28.8,26.2,30.6,26.0,28.6,28.1,반등,2.6,29.4,25.6,29.6,26.2,28.3,27.8,반등,2.1,36.4,30.9,37.2,40.9,2023
제주,50,서귀포시,50130,중,표선중학교,공립,제주특별자치도 서귀포시 표선면,UzE3MDAwMDI4Nw==,28.6,21.7,19.8,26.1,28.4,24.9,연속↑,2.3,29.3,21.6,20.5,26.6,27.9,25.2,연속↑,1.3,30.7,43.8,40.9,35.0,2021
제주,50,서귀포시,50130,중,서귀포중학교,공립,제주특별자치도 서귀포시 서귀동,UzE3MDAwMDI5MQ==,30.3,23.9,31.3,30.6,27.3,28.7,연속↓,3.4,30.3,23.4,30.8,30.5,27.6,28.5,연속↓,2.9,26.6,32.0,32.9,44.9,2023
제주,50,서귀포시,50130,중,위미중학교,공립,제주특별자치도 서귀포시 남원읍,UzE3MDAwMDI4NQ==,38.5,26.3,29.5,23.5,27.2,29.0,반등,3.7,37.7,26.2,29.0,23.6,27.3,28.8,반등,3.8,25.0,36.4,45.5,50.0,2021
제주,50,서귀포시,50130,중,신산중학교,공립,제주특별자치도 서귀포시 성산읍,UzE3MDAwMDI4Mw==,24.2,22.1,26.5,28.2,27.9,25.8,하락,0.3,24.2,22.1,26.3,26.1,26.7,25.1,반등,0.7,44.4,40.0,40.0,45.5,2025
제주,50,서귀포시,50130,중,대정중학교,공립,제주특별자치도 서귀포시 대정읍,UzE3MDAwMDI3Ng==,26.8,23.0,33.3,30.7,26.5,28.1,연속↓,4.1,26.2,22.5,32.7,30.9,26.5,27.7,연속↓,4.3,23.6,27.7,38.5,37.5,2023
제주,50,서귀포시,50130,중,서귀중앙여자중학교,공립,제주특별자치도 서귀포시 동홍동,UzE3MDAwMDI3OQ==,39.6,29.2,41.0,30.6,26.0,33.3,연속↓,4.7,39.6,28.6,40.6,29.1,24.5,32.5,연속↓,4.5,37.4,22.9,40.3,37.4,2023
제주,50,서귀포시,50130,중,효돈중학교,공립,제주특별자치도 서귀포시 하효동,UzE3MDAwMDI4OA==,35.2,25.1,34.2,28.5,21.0,28.8,연속↓,7.6,36.2,24.9,33.7,28.1,20.7,28.7,연속↓,7.4,26.7,25.0,35.4,55.0,2021
제주,50,서귀포시,50130,중,성산중학교,공립,제주특별자치도 서귀포시 성산읍,UzE3MDAwMDI4Mg==,29.9,26.1,28.0,24.3,16.2,24.9,연속↓,8.0,29.7,26.2,27.1,24.6,16.3,24.8,연속↓,8.3,17.9,24.6,28.4,51.9,2021
제주,50,서귀포시,50130,고,표선고등학교,공립,제주특별자치도 서귀포시 표선면,UzE3MDAwMDE0Ng==,17.9,20.0,17.9,27.8,39.6,24.6,연속↑,11.8,17.1,18.4,16.6,28.4,41.9,24.5,연속↑,13.5,16.2,67.9,55.5,5.9,2025
제주,50,서귀포시,50130,고,서귀포여자고등학교,공립,제주특별자치도 서귀포시 태평로,UzE3MDAwMDEyNQ==,28.8,32.5,29.1,29.0,32.6,30.4,반등,3.6,27.4,33.1,28.3,30.2,33.0,30.4,연속↑,2.8,29.2,42.7,39.5,1.6,2022
제주,50,서귀포시,50130,고,중문고등학교,공립,제주 서귀포시 대포동,UzE3MDAwMDE0NA==,10.1,15.5,18.7,22.8,28.6,19.1,연속↑,5.9,9.2,16.1,17.0,21.0,28.1,18.3,연속↑,7.1,43.7,36.5,33.3,11.7,2025
제주,50,서귀포시,50130,고,대정고등학교,공립,제주특별자치도 서귀포시 대정읍,UzE3MDAwMDEyMg==,27.0,23.3,19.7,25.6,27.1,24.5,연속↑,1.5,27.3,22.0,20.0,25.9,27.7,24.6,연속↑,1.8,25.5,31.6,24.5,29.4,2025
제주,50,서귀포시,50130,고,남주고등학교,사립,제주특별자치도 서귀포시 동홍동,UzE3MDAwMDEzMQ==,25.9,17.8,20.6,30.8,28.5,24.7,하락,2.3,25.7,17.6,19.6,27.8,27.4,23.6,하락,0.4,50.9,20.6,26.5,2.4,2024
제주,50,서귀포시,50130,고,서귀포고등학교,공립,제주특별자치도 서귀포시 동홍동,UzE3MDAwMDEyNA==,21.5,27.1,28.9,29.6,26.6,26.7,하락,3.0,20.9,27.6,29.5,27.6,26.7,26.5,연속↓,1.0,28.4,29.9,27.1,4.1,2023
제주,50,서귀포시,50130,고,삼성여자고등학교,사립,제주특별자치도 서귀포시 토평동,UzE3MDAwMDEzNA==,17.8,19.4,23.1,26.3,25.9,22.5,하락,0.4,17.2,19.8,23.9,25.5,25.8,22.4,연속↑,0.3,29.4,33.7,29.9,20.9,2025
제주,50,서귀포시,50130,고,성산고등학교,공립,제주특별자치도 서귀포시 성산읍,UzE3MDAwMDE1OQ==,12.1,15.0,19.1,26.1,26.8,19.8,연속↑,0.7,12.3,14.4,18.1,24.8,25.0,18.9,연속↑,0.2,30.0,25.0,67.9,32.3,2025
제주,50,서귀포시,50130,고,대정여자고등학교,공립,제주특별자치도 서귀포시 대정읍,UzE3MDAwMDEyMw==,31.5,27.0,23.9,29.9,23.8,27.2,하락,6.1,31.3,26.0,22.9,29.7,23.7,26.7,하락,6.0,23.3,26.2,31.6,13.3,2021
제주,50,서귀포시,50130,고,서귀포산업과학고등학교,공립,제주특별자치도 서귀포시 상효동,UzE3MDAwMDE1OA==,15.5,10.1,18.1,19.9,13.3,15.4,하락,6.6,15.7,9.4,15.9,19.3,12.2,14.5,하락,7.1,32.7,7.3,14.5,34.5,2024
제주,50,제주시,50110,중,저청중학교,공립,제주특별자치도 제주시 한경면,UzE3MDAwMDE2Ng==,38.9,29.5,40.1,51.3,38.9,39.7,하락,12.4,39.2,28.9,39.5,51.1,36.9,39.1,하락,14.2,57.9,31.6,63.2,28.0,2024
제주,50,제주시,50110,중,신성여자중학교,사립,제주특별자치도 제주시 영평동,UzE3MDAwMDQzMw==,40.9,37.8,34.2,31.4,34.6,35.8,반등,3.2,41.9,36.3,34.3,32.3,36.4,36.2,반등,4.1,27.9,52.2,40.8,16.3,2021
제주,50,제주시,50110,중,아라중학교,공립,제주특별자치도 제주시 아라이동,UzE3MDAwMDQyOQ==,38.3,30.9,28.1,25.5,36.3,31.8,반등,10.8,38.1,29.8,27.7,25.2,35.8,31.3,반등,10.5,40.4,41.8,59.0,24.5,2021
제주,50,제주시,50110,중,탐라중학교,공립,제주특별자치도 제주시 아라이동,UzE3MDAwMDg0NA==,37.3,31.6,44.2,38.0,36.2,37.4,연속↓,1.9,37.4,31.6,44.3,37.3,34.5,37.0,연속↓,2.9,43.6,38.5,50.5,28.6,2023
제주,50,제주시,50110,중,노형중학교,공립,제주특별자치도 제주시 노형동,UzE3MDAwMDgzNQ==,,27.3,30.9,27.9,33.4,29.9,반등,5.6,,26.5,31.3,27.0,33.0,29.5,반등,6.0,38.9,33.2,55.7,35.4,2025
제주,50,제주시,50110,중,제주여자중학교,사립,제주여자중학교,UzE3MDAwMDQzNQ==,33.6,28.7,39.7,31.0,32.9,33.2,반등,1.9,32.9,28.0,39.5,30.7,32.7,32.8,반등,2.1,37.7,37.1,48.4,29.0,2023
제주,50,제주시,50110,중,제주중앙여자중학교,공립,제주중앙여자중학교,UzE3MDAwMDQzMQ==,44.4,29.1,42.3,30.9,31.4,35.6,반등,0.6,45.5,28.6,41.0,29.8,31.4,35.3,반등,1.5,39.7,31.7,32.3,26.7,2021
제주,50,제주시,50110,중,제주동중학교,공립,제주동중학교,UzE3MDAwMDQyNw==,31.8,29.0,33.7,30.9,31.8,31.4,반등,0.9,32.3,28.9,34.3,30.0,31.1,31.3,반등,1.1,39.5,40.2,45.6,33.0,2023
제주,50,제주시,50110,중,고산중학교,공립,제주특별자치도 제주시 한경면,UzE3MDAwMDE3Mg==,43.0,21.2,26.0,33.0,33.0,31.2,→보합,0.1,43.4,21.5,26.4,32.1,31.0,30.9,하락,1.1,66.7,28.6,66.7,42.9,2021
제주,50,제주시,50110,중,한림여자중학교,공립,제주특별자치도 제주시 한림읍,UzE3MDAwMDE2OQ==,40.4,27.8,38.1,31.6,31.2,33.8,연속↓,0.4,40.0,26.7,37.0,31.6,31.0,33.3,연속↓,0.6,34.9,36.1,41.0,41.7,2021
제주,50,제주시,50110,중,한라중학교,공립,제주특별자치도 제주시 노형동,UzE3MDAwMDQzOA==,36.2,34.0,47.2,40.5,31.8,37.9,연속↓,8.7,36.5,33.4,46.1,39.7,30.7,37.3,연속↓,9.0,32.1,31.7,50.8,28.1,2023
제주,50,제주시,50110,중,신창중학교,공립,제주특별자치도 제주시 한경면,UzE3MDAwMDE2Mw==,37.5,36.6,34.7,24.6,29.0,32.5,반등,4.3,39.0,36.3,35.0,24.5,28.9,32.7,반등,4.4,50.0,38.5,35.7,81.8,2021
제주,50,제주시,50110,중,오현중학교,사립,제주특별자치도 제주시 화북일동,UzE3MDAwMDQzNA==,39.7,26.4,35.2,30.7,28.7,32.1,연속↓,2.0,40.1,26.7,34.8,30.2,28.7,32.1,연속↓,1.5,25.9,33.8,40.7,43.0,2021
제주,50,제주시,50110,중,제주중앙중학교,공립,제주중앙중학교,UzE3MDAwMDQzMg==,25.3,25.3,29.6,27.9,29.0,27.4,반등,1.1,24.9,25.7,29.3,27.5,28.7,27.2,반등,1.2,31.0,35.6,39.1,28.1,2023
제주,50,제주시,50110,중,제주대학교사범대학부설중학교,국립,제주대학교사범대학부설중학교,UzAwMDAwMzU2Nw==,28.1,29.5,31.7,26.8,28.2,28.9,반등,1.4,28.3,29.7,32.5,27.1,27.9,29.1,반등,0.8,42.0,31.3,42.9,37.1,2023
제주,50,제주시,50110,중,신엄중학교,공립,제주특별자치도 제주시 애월읍,UzE3MDAwMDE2Mg==,30.7,25.6,37.4,32.8,26.6,30.6,연속↓,6.2,29.5,25.0,35.6,32.1,26.0,29.6,연속↓,6.1,37.7,28.8,31.4,51.0,2023
제주,50,제주시,50110,중,조천중학교,공립,제주특별자치도 제주시 조천읍,UzE3MDAwMDE2Nw==,41.8,26.5,36.1,31.1,26.4,32.4,연속↓,4.7,40.6,26.1,35.2,30.0,25.8,31.5,연속↓,4.2,34.5,23.2,35.4,46.4,2021
제주,50,제주시,50110,중,세화중학교,공립,제주특별자치도 제주시 구좌읍,UzE3MDAwMDE2MQ==,32.2,24.4,22.5,24.9,25.5,25.9,연속↑,0.6,32.4,23.6,22.0,24.9,25.4,25.7,연속↑,0.5,32.1,34.6,32.1,45.3,2021
제주,50,제주시,50110,중,애월중학교,공립,제주특별자치도 제주시 애월읍,UzE3MDAwMDE2NA==,25.9,21.0,27.3,24.0,24.1,24.5,반등,0.1,26.7,21.0,27.6,24.4,25.1,25.0,반등,0.8,24.7,45.8,27.4,34.0,2023
제주,50,제주시,50110,중,오름중학교,공립,제주특별자치도 제주시 도련일동,UzE3MDAwMDgzOA==,30.1,27.7,32.9,22.6,24.6,27.6,반등,2.0,30.9,27.6,33.3,22.6,25.1,27.9,반등,2.5,17.0,35.0,35.4,36.8,2023
제주,50,제주시,50110,중,제주제일중학교,공립,제주제일중학교,UzE3MDAwMDQzMA==,35.9,28.1,34.6,24.8,25.2,29.7,반등,0.4,36.1,27.0,34.9,24.5,25.1,29.5,반등,0.6,26.7,36.6,36.3,35.4,2021
제주,50,제주시,50110,중,제주서중학교,공립,제주서중학교,UzE3MDAwMDQyOA==,30.0,30.3,30.2,26.3,24.2,28.2,연속↓,2.1,30.4,30.3,30.3,26.4,23.9,28.3,연속↓,2.5,34.9,26.9,29.9,40.3,2021
제주,50,제주시,50110,중,제주동여자중학교,공립,제주동여자중학교,UzE3MDAwMDQyNg==,41.2,33.2,32.0,28.5,24.7,31.9,연속↓,3.8,41.7,32.6,32.0,28.1,23.6,31.6,연속↓,4.5,30.8,21.5,32.4,40.2,2021
제주,50,제주시,50110,중,김녕중학교,공립,제주특별자치도 제주시 구좌읍,UzE3MDAwMDE2MA==,48.2,28.2,33.9,31.2,25.0,33.3,연속↓,6.2,46.6,27.3,32.0,30.2,23.3,31.9,연속↓,6.9,43.6,18.9,43.2,59.5,2021
제주,50,제주시,50110,중,함덕중학교,공립,제주특별자치도 제주시 조천읍,UzE3MDAwMDE3MQ==,27.4,27.4,40.3,25.2,24.8,29.0,연속↓,0.4,28.0,27.7,40.9,24.7,23.1,28.9,연속↓,1.6,41.9,18.0,42.6,50.8,2023
제주,50,제주시,50110,중,추자중학교,공립,제주특별자치도 제주시 추자면,UzE3MDAwMDE2OA==,27.8,38.1,29.9,7.3,22.4,25.1,반등,15.1,29.2,38.6,30.2,6.7,21.7,25.3,반등,15.0,42.9,28.6,37.5,66.7,2022
제주,50,제주시,50110,중,제주중학교,사립,제주중학교,UzE3MDAwMDQzNg==,30.1,22.4,24.0,21.0,18.5,23.2,연속↓,2.5,30.4,22.4,24.8,21.0,17.8,23.3,연속↓,3.1,25.5,18.1,28.7,33.3,2021
제주,50,제주시,50110,중,우도중학교,공립,제주특별자치도 제주시 우도면,UzE3MDAwMDE2NQ==,31.0,29.5,18.5,17.5,17.0,22.7,연속↓,0.5,31.2,31.3,20.2,18.3,15.6,23.3,연속↓,2.8,42.9,28.6,28.6,42.9,2022
제주,50,제주시,50110,중,귀일중학교,사립,제주특별자치도 제주시 애월읍,UzE3MDAwMDE3Mw==,28.8,22.5,26.7,18.3,14.9,22.2,연속↓,3.4,28.6,22.7,26.6,17.6,14.4,22.0,연속↓,3.2,14.5,22.9,25.1,48.2,2021
제주,50,제주시,50110,중,한림중학교,공립,제주특별자치도 제주시 한림읍,UzE3MDAwMDE3MA==,34.8,22.0,26.9,14.7,14.0,22.5,연속↓,0.6,36.0,22.4,26.3,13.9,13.9,22.5,→보합,,18.2,19.2,21.6,50.0,2021
제주,50,제주시,50110,고,제주과학고등학교,공립,제주과학고등학교,UzE3MDAwMDE1Ng==,69.7,79.5,78.8,83.2,74.6,77.2,하락,8.6,69.5,77.7,78.0,83.4,73.9,76.5,하락,9.6,79.5,66.7,82.1,,2024
제주,50,제주시,50110,고,제주고등학교,공립,제주고등학교,UzE3MDAwMDE1Nw==,19.2,19.0,21.3,26.2,51.2,27.4,연속↑,25.0,19.7,19.2,21.4,25.1,52.6,27.6,연속↑,27.5,71.4,91.5,53.8,11.1,2025
제주,50,제주시,50110,고,제주중앙여자고등학교,공립,제주중앙여자고등학교,UzE3MDAwMDEyOA==,24.9,36.8,58.9,42.7,35.7,39.8,연속↓,7.1,26.2,37.5,61.6,43.8,35.0,40.8,연속↓,8.8,50.5,41.7,34.9,2.7,2023
제주,50,제주시,50110,고,한림공업고등학교,공립,제주특별자치도 제주시 한림읍,UzE3MDAwMDE0OA==,19.0,8.7,12.9,14.4,34.3,17.8,연속↑,19.9,20.2,9.4,12.7,14.7,33.5,18.1,연속↑,18.8,36.0,29.1,40.7,21.1,2025
제주,50,제주시,50110,고,대기고등학교,사립,제주특별자치도 제주시 봉개동,UzE3MDAwMDEzMg==,29.2,24.9,32.2,47.5,31.8,33.1,하락,15.6,26.6,26.0,34.7,48.9,30.7,33.4,하락,18.2,38.1,37.3,39.1,1.8,2024
제주,50,제주시,50110,고,남녕고등학교,사립,제주특별자치도 제주시 연동,UzE3MDAwMDEzMA==,26.2,26.5,23.3,30.2,30.3,27.3,연속↑,0.1,27.4,26.9,22.8,29.9,29.5,27.3,하락,0.4,36.6,32.2,70.7,17.1,2024
제주,50,제주시,50110,고,제주중앙고등학교,사립,제주중앙고등학교,UzE3MDAwMDE1NA==,16.9,17.1,26.4,32.2,27.8,24.1,하락,4.4,17.0,18.6,25.8,32.8,29.1,24.6,하락,3.7,38.9,64.8,35.2,7.1,2024
제주,50,제주시,50110,고,한림고등학교,공립,제주특별자치도 제주시 한림읍,UzE3MDAwMDEyOQ==,27.8,29.5,34.2,43.1,27.7,32.5,하락,15.4,28.2,30.8,35.3,47.0,28.0,33.9,하락,19.0,39.1,43.2,37.0,6.4,2024
제주,50,제주시,50110,고,신성여자고등학교,사립,제주특별자치도 제주시 영평동,UzE3MDAwMDEzNQ==,51.8,58.1,61.2,43.7,28.5,48.6,연속↓,15.2,54.7,57.1,60.6,42.0,27.5,48.4,연속↓,14.4,26.1,25.8,48.2,2.7,2023
제주,50,제주시,50110,고,한국뷰티고등학교,공립,제주특별자치도 제주시 한경면,UzE3MDAwMDE1Mg==,15.3,8.9,25.6,31.6,28.9,22.0,하락,2.7,14.4,8.9,26.2,30.8,27.0,21.5,하락,3.8,41.9,18.6,67.7,25.4,2024
제주,50,제주시,50110,고,제주대학교사범대학부설고등학교,국립,제주대학교사범대학부설고등학교,UzAwMDAwMzU2Ng==,36.7,19.7,27.8,39.5,26.0,29.9,하락,13.5,37.1,19.3,26.4,38.5,26.6,29.6,하락,12.0,41.4,33.9,23.6,8.1,2024
제주,50,제주시,50110,고,제주제일고등학교,공립,제주제일고등학교,UzE3MDAwMDEyNw==,32.0,31.2,18.3,28.2,25.8,27.1,하락,2.4,31.5,33.1,18.1,27.2,26.3,27.2,하락,0.9,36.9,37.7,24.0,5.5,2022
제주,50,제주시,50110,고,함덕고등학교,공립,제주특별자치도 제주시 조천읍,UzE3MDAwMDE1MA==,19.2,22.7,42.2,23.4,26.9,26.9,반등,3.5,19.4,22.8,38.6,22.1,26.1,25.8,반등,4.1,40.0,31.3,46.7,20.4,2023
제주,50,제주시,50110,고,세화고등학교,공립,제주특별자치도 제주시 구좌읍,UzE3MDAwMDEyNg==,27.7,20.9,26.8,26.2,25.3,25.4,연속↓,0.9,27.2,20.9,28.2,26.4,25.9,25.7,연속↓,0.5,28.8,29.7,23.2,27.4,2023
제주,50,제주시,50110,고,제주여자상업고등학교,공립,제주여자상업고등학교,UzE3MDAwMDE0Mw==,13.2,7.1,23.1,16.0,27.1,17.3,반등,11.1,13.6,7.2,21.7,15.1,25.6,16.6,반등,10.4,55.4,16.9,24.7,19.9,2025
제주,50,제주시,50110,고,오현고등학교,사립,제주특별자치도 제주시 화북일동,UzE3MDAwMDEzNg==,10.3,25.1,25.8,13.1,24.0,19.7,반등,10.9,10.7,24.9,26.9,13.0,23.7,19.9,반등,10.6,29.0,22.8,28.4,3.8,2023
제주,50,제주시,50110,고,제주여자고등학교,사립,제주여자고등학교,UzE3MDAwMDEzNw==,5.7,6.0,34.3,35.7,22.7,20.9,하락,13.1,6.4,6.8,32.3,34.2,21.7,20.3,하락,12.5,31.4,16.6,34.5,0.6,2024
제주,50,제주시,50110,고,애월고등학교,공립,제주특별자치도 제주시 애월읍,UzE3MDAwMDE0MA==,33.3,28.3,43.5,34.0,21.7,32.2,연속↓,12.3,32.9,28.8,41.6,34.1,21.2,31.7,연속↓,12.8,35.0,25.0,35.0,15.6,2023
제주,50,제주시,50110,고,제주외국어고등학교,공립,제주외국어고등학교,UzE3MDAwMDc3Mw==,26.2,14.7,13.7,11.9,21.8,17.7,반등,9.8,28.3,16.9,16.0,13.7,20.8,19.2,반등,7.1,49.0,22.4,19.4,7.1,2021
제주,50,제주시,50110,고,영주고등학교,사립,제주특별자치도 제주시 월평동,UzE3MDAwMDE1Mw==,9.6,8.2,12.2,6.1,15.2,10.3,반등,9.1,9.2,7.5,11.3,5.7,14.9,9.7,반등,9.2,20.6,27.1,31.8,35.0,2025
