광역,시도코드,시군구,area,학교명,설립구분,주소,mcode,위도,경도,과고,외고국제고,자사고,영재고,총인원,남,여,특목고계,특목고비율_pct
서울,11,강남구,11680,봉은중학교,,서울특별시 강남구 삼성동,UzAxMDAwMDcxMw==,,,0,6,7,0,87,44,43,6,6.9
서울,11,강남구,11680,압구정중학교,,서울특별시 강남구 압구정동,UzAxMDAwMDcwMg==,,,2,6,49,0,118,50,68,8,6.78
서울,11,강남구,11680,역삼중학교,,서울 강남구 역삼2동,UzAxMDAwMDcyOA==,,,4,18,65,12,394,260,134,22,5.58
서울,11,강남구,11680,대치중학교,,서울특별시 강남구 도곡동,UzAxMDAwMDcwOA==,,,3,5,18,0,145,93,52,8,5.52
서울,11,강남구,11680,단국대학교사범대학부속중학교,,서울특별시 강남구 대치동,UzAxMDAwMDcwNA==,,,10,1,46,0,204,204,0,11,5.39
서울,11,강남구,11680,숙명여자중학교,,서울특별시 강남구 도곡동,UzAxMDAwMDcyMA==,,,2,14,15,2,301,0,301,16,5.32
서울,11,강남구,11680,진선여자중학교,,서울특별시 강남구 역삼2동,UzAxMDAwMDczNA==,,,1,15,27,1,314,0,314,16,5.1
서울,11,강남구,11680,구룡중학교,,서울 강남구 개포1동,UzAxMDAwMDcwMQ==,,,5,6,37,2,234,132,102,11,4.7
서울,11,강남구,11680,대명중학교,,서울특별시 강남구 대치2동 948~961,UzAxMDAwMDcwNQ==,,,4,11,74,2,331,177,154,15,4.53
서울,11,강남구,11680,도곡중학교,,서울특별시 강남구 도곡1동,UzAxMDAwMDcwOQ==,,,1,9,22,1,221,130,91,10,4.52
서울,11,강남구,11680,휘문중학교,,서울특별시 강남구 대치동,UzAxMDAwMDczNg==,,,5,6,109,10,263,263,0,11,4.18
서울,11,강남구,11680,대왕중학교,,서울특별시 강남구 수서동,UzAxMDAwMDcwNg==,,,3,8,37,1,290,164,126,11,3.79
서울,11,강남구,11680,개포중학교,,서울특별시 강남구 개포1동,UzAxMDAwMDY5OQ==,,,1,4,21,1,144,48,96,5,3.47
서울,11,강남구,11680,대청중학교,,서울특별시 강남구 대치1동,UzAxMDAwMDcwNw==,,,2,10,65,11,367,206,161,12,3.27
서울,11,강남구,11680,신구중학교,,서울 강남구 신사동,UzAxMDAwMDcyMQ==,,,0,3,31,0,94,45,49,3,3.19
서울,11,강남구,11680,개원중학교,,서울 강남구 개포3동,UzAxMDAwMDY5OA==,,,0,9,15,4,291,98,193,9,3.09
서울,11,강남구,11680,언주중학교,,서울특별시 강남구 삼성2동,UzAxMDAwMDcyNw==,,,0,9,41,2,308,166,142,9,2.92
서울,11,강남구,11680,세곡중학교,,서울특별시 강남구 자곡동,UzAxMDAwNTgyOQ==,,,2,7,22,1,333,156,177,9,2.7
서울,11,강남구,11680,청담중학교,,서울특별시 강남구 청담1동,UzAxMDAwMDczNQ==,,,0,2,13,4,93,49,44,2,2.15
서울,11,강남구,11680,언북중학교,,서울특별시 강남구 논현2동,UzAxMDAwMDcyNg==,,,1,1,8,1,94,53,41,2,2.13
서울,11,강남구,11680,은성중학교,,서울특별시 강남구 도곡동,UzAxMDAwMDczMQ==,,,1,2,11,0,144,64,80,3,2.08
서울,11,강남구,11680,수서중학교,,서울특별시 강남구 수서동,UzAxMDAwMDcxOQ==,,,1,2,8,1,152,65,87,3,1.97
서울,11,강남구,11680,신사중학교,,서울특별시 강남구 압구정동,UzAxMDAwMDcyNA==,,,1,1,45,1,107,52,55,2,1.87
서울,11,강남구,11680,중동중학교,,서울특별시 강남구 일원동,UzAxMDAwMDczMw==,,,2,0,119,3,296,296,0,2,0.68
서울,11,종로구,11110,서울대학교사범대학부설여자중학교,,서울특별시 종로구 이화동,UzAwMDAwMzU2Mg==,,,1,7,6,0,98,0,98,8,8.16
서울,11,종로구,11110,상명대학교사범대학부속여자중학교,,서울특별시 종로구 홍지동,UzAxMDAwMjM0Ng==,,,0,5,7,2,73,0,73,5,6.85
서울,11,종로구,11110,중앙중학교,,서울특별시 종로구 계동,UzAxMDAwMjM1OQ==,,,0,4,17,1,77,52,25,4,5.19
서울,11,종로구,11110,청운중학교,,서울특별시 종로구 청운동,UzAxMDAwMjM2MQ==,,,1,5,26,0,127,127,0,6,4.72
서울,11,종로구,11110,배화여자중학교,,서울특별시 종로구 필운동,UzAxMDAwMjM0NA==,,,0,6,13,2,132,0,132,6,4.55
서울,11,종로구,11110,동성중학교,,서울특별시 종로구 혜화동,UzAxMDAwMjM0Mg==,,,0,3,1,0,68,68,0,3,4.41
서울,11,종로구,11110,대신중학교,,서울특별시 종로구 사직로 9,UzAxMDAwMjMzOQ==,,,0,3,20,0,90,90,0,3,3.33
서울,11,종로구,11110,경신중학교,,서울특별시 종로구 혜화로 74,UzAxMDAwMjMzNg==,,,0,2,6,0,66,66,0,2,3.03
서울,11,종로구,11110,덕성여자중학교,,서울특별시 종로구 송현동,UzAxMDAwMjM0MA==,,,0,2,3,0,46,0,46,2,4.35
서울,11,광진구,11215,대원국제중학교,,서울특별시 광진구 중곡4동 176,UzAxMDAwMjE1MQ==,,,4,42,55,3,163,77,86,46,28.22
서울,11,광진구,11215,양진중학교,,서울특별시 광진구 광장동,UzAxMDAwNTI4Ng==,,,4,12,47,0,287,152,135,16,5.57
서울,11,광진구,11215,광남중학교,,서울 광진구 광장동,UzAxMDAwMjE0NQ==,,,5,11,62,8,345,176,169,16,4.64
서울,11,광진구,11215,동국대학교사범대학부속가람중학교,,서울 광진구 구의1동,UzAxMDAwMjE1Mw==,,,0,3,4,0,131,0,131,3,2.29
서울,11,광진구,11215,용곡중학교,,서울특별시 광진구 중곡4동,UzAxMDAwMjE1OQ==,,,0,4,6,0,207,108,99,4,1.93
서울,11,광진구,11215,구의중학교,,서울특별시 광진구 화양동 301~550,UzAxMDAwMjE1MA==,,,1,1,7,0,121,85,36,2,1.65
서울,11,광진구,11215,건국대학교사범대학부속중학교,,서울특별시 광진구 화양동,UzAxMDAwMjE0Mw==,,,1,2,6,1,193,144,49,3,1.55
서울,11,광진구,11215,자양중학교,,서울특별시 광진구 자양3동,UzAxMDAwMjE2MA==,,,0,3,29,0,209,119,90,3,1.44
서울,11,광진구,11215,신양중학교,,서울특별시 광진구 자양4동,UzAxMDAwMjE1Nw==,,,0,1,4,0,75,37,38,1,1.33
서울,11,광진구,11215,광장중학교,,서울특별시 광진구 광장동,UzAxMDAwMjE0Nw==,,,0,1,8,3,173,84,89,1,0.58
서울,11,광진구,11215,광양중학교,,서울특별시 광진구 자양2동,UzAxMDAwMjE0Ng==,,,0,0,4,0,135,79,56,0,0.0
서울,11,광진구,11215,광진중학교,,서울특별시 광진구 자양2동,UzAxMDAwMjE0OA==,,,0,0,1,0,69,35,34,0,0.0
서울,11,서초구,11650,동덕여자중학교,,서울특별시 서초구 방배동,UzAxMDAwMDcxMA==,,,1,8,19,0,140,0,140,9,6.43
서울,11,서초구,11650,신동중학교,,서울특별시 서초구 잠원동,UzAxMDAwMDcyMg==,,,3,11,119,2,248,131,117,14,5.65
서울,11,서초구,11650,신반포중학교,,서울특별시 서초구 반포2동,UzAxMDAwMDcyMw==,,,10,5,105,0,301,261,40,15,4.98
서울,11,서초구,11650,세화여자중학교,,서울특별시 서초구 반포본동,UzAxMDAwMDcxOA==,,,2,8,124,0,230,0,230,10,4.35
서울,11,서초구,11650,서운중학교,,서울특별시 서초구 서초2동,UzAxMDAwMDcxNQ==,,,6,7,47,9,356,184,172,13,3.65
서울,11,서초구,11650,방배중학교,,서울특별시 서초구 반포동,UzAxMDAwMDcxMg==,,,3,2,18,2,173,143,30,5,2.89
서울,11,서초구,11650,원촌중학교,,서울특별시 서초구 반포동,UzAxMDAwMDczMA==,,,4,6,115,11,376,206,170,10,2.66
서울,11,서초구,11650,경원중학교,,서울특별시 서초구 잠원동,UzAxMDAwMDcwMA==,,,5,4,149,5,340,187,153,9,2.65
서울,11,서초구,11650,내곡중학교,,서울특별시 서초구 청계산로7길 9-20,UzAxMDAwNjMzNA==,,,0,3,14,0,116,53,63,3,2.59
서울,11,서초구,11650,서초중학교,,서울특별시 서초구 서초3동,UzAxMDAwMDcxNw==,,,2,3,15,1,222,140,82,5,2.25
서울,11,서초구,11650,서일중학교,,서울특별시 서초구 서운로21길 2,UzAxMDAwMDcxNg==,,,2,5,79,11,313,154,159,7,2.24
서울,11,서초구,11650,서문여자중학교,,서울특별시 서초구 방배4동,UzAxMDAwMDcxNA==,,,0,4,33,3,204,0,204,4,1.96
서울,11,서초구,11650,언남중학교,,서울특별시 서초구 양재2동,UzAxMDAwMDcyNQ==,,,0,1,5,0,121,66,55,1,0.83
서울,11,서초구,11650,이수중학교,,서울특별시 서초구 방배2동,UzAxMDAwMDczMg==,,,0,1,7,0,140,140,0,1,0.71
서울,11,서초구,11650,영동중학교,,서울특별시 서초구 우면동,UzAxMDAwMDcyOQ==,,,1,1,14,5,294,158,136,2,0.68
서울,11,서대문구,11410,동명여자중학교,,서울 서대문구 천연동,UzAxMDAwMTkzMA==,,,0,7,5,0,75,0,75,7,9.33
서울,11,서대문구,11410,중앙여자중학교,,서울특별시 서대문구 북아현동,UzAxMDAwMTk2MA==,,,1,5,6,0,92,0,92,6,6.52
서울,11,서대문구,11410,정원여자중학교,,서울특별시 서대문구 홍은동,UzAxMDAwMTk1OA==,,,0,6,0,0,119,0,119,6,5.04
서울,11,서대문구,11410,이화여자대학교사범대학부속이화·금란중학교,,서울특별시 서대문구 대신동,UzAxMDAwMTk1NQ==,,,2,4,11,0,155,78,77,6,3.87
서울,11,서대문구,11410,가재울중학교,,서울특별시 서대문구 북가좌1동,UzAxMDAwNTU5Mg==,,,1,7,13,0,213,113,100,8,3.76
서울,11,서대문구,11410,연희중학교,,서울특별시 서대문구 남가좌2동 339~374,UzAxMDAwMTk1MA==,,,2,7,8,1,244,123,121,9,3.69
서울,11,서대문구,11410,연북중학교,,서울특별시 서대문구 연희동,UzAxMDAwMTk0Ng==,,,0,2,7,0,93,48,45,2,2.15
서울,11,서대문구,11410,인왕중학교,,서울특별시 서대문구 홍제3동,UzAxMDAwNTUxOQ==,,,1,1,7,0,116,63,53,2,1.72
서울,11,서대문구,11410,서연중학교,,서울특별시 서대문구 연희동,UzAxMDAwMTkzNA==,,,0,1,3,0,63,33,30,1,1.59
서울,11,서대문구,11410,명지중학교,,서울특별시 서대문구 홍은동,UzAxMDAwMTkzMQ==,,,0,3,13,0,258,143,115,3,1.16
서울,11,서대문구,11410,홍은중학교,,서울특별시 서대문구 홍은2동,UzAxMDAwMTk2NA==,,,0,1,7,3,96,67,29,1,1.04
서울,11,서대문구,11410,한성중학교,,서울특별시 서대문구 북아현동,UzAxMDAwMTk2Mw==,,,0,1,8,0,97,97,0,1,1.03
서울,11,서대문구,11410,신연중학교,,서울 서대문구 연희동,UzAxMDAwMTk0NA==,,,0,1,3,0,115,67,48,1,0.87
서울,11,서대문구,11410,인창중학교,,서울특별시 서대문구 충정로2가,UzAxMDAwMTk1Ng==,,,0,0,13,3,111,111,0,0,0.0
서울,11,마포구,11440,동도중학교,,서울특별시 마포구 백범로 139,UzAxMDAwMTkyOQ==,,,4,9,23,3,213,92,121,13,6.1
서울,11,마포구,11440,서울여자중학교,,서울특별시 마포구 염리동,UzAxMDAwMTkzNQ==,,,0,10,18,2,209,0,209,10,4.78
서울,11,마포구,11440,아현중학교,,서울특별시 마포구 아현동,UzAxMDAwMTk0NQ==,,,1,6,18,4,181,94,87,7,3.87
서울,11,마포구,11440,상암중학교,,서울 마포구 상암동,UzAxMDAwNTM2Ng==,,,2,10,20,2,324,166,158,12,3.7
서울,11,마포구,11440,광성중학교,,서울 마포구 신수로8길 20,UzAxMDAwMTkyNQ==,,,1,3,2,0,121,121,0,4,3.31
서울,11,마포구,11440,신수중학교,,서울특별시 마포구 신수동,UzAxMDAwMTk0Mw==,,,0,4,7,0,124,62,62,4,3.23
서울,11,마포구,11440,창천중학교,,서울특별시 마포구 노고산동,UzAxMDAwNTU2OQ==,,,1,2,6,0,111,47,64,3,2.7
서울,11,마포구,11440,중암중학교,,서울특별시 마포구 중동,UzAxMDAwMTk1OQ==,,,1,4,16,0,234,121,113,5,2.14
서울,11,마포구,11440,숭문중학교,,서울특별시 마포구 대흥동,UzAxMDAwMTk0MQ==,,,1,1,18,6,150,150,0,2,1.33
서울,11,마포구,11440,성사중학교,,서울특별시 마포구 성산동,UzAxMDAwMTkzOA==,,,1,0,0,0,90,41,49,1,1.11
서울,11,마포구,11440,경성중학교,,서울특별시 마포구 성미산로 111,UzAxMDAwMTkyNA==,,,0,1,5,0,94,94,0,1,1.06
서울,11,마포구,11440,홍익대학교사범대학부속여자중학교,,서울특별시 마포구 성산동,UzAxMDAwMTk2NQ==,,,0,1,2,0,128,0,128,1,0.78
서울,11,마포구,11440,성서중학교,,서울특별시 마포구 성산동,UzAxMDAwMTk0MA==,,,1,0,1,0,143,93,50,1,0.7
서울,11,마포구,11440,성산중학교,,서울특별시 마포구 합정동,UzAxMDAwMTkzOQ==,,,0,0,4,0,140,82,58,0,0.0
서울,11,성동구,11200,옥정중학교,,서울특별시 성동구 옥수동,UzAxMDAwMjE1OA==,,,3,3,31,1,186,100,86,6,3.23
서울,11,성동구,11200,광희중학교,,서울특별시 성동구 응봉동,UzAxMDAwMjE0OQ==,,,1,6,47,2,236,123,113,7,2.97
서울,11,성동구,11200,한양대학교사범대학부속중학교,,서울특별시 성동구 사근동,UzAxMDAwMjE2MQ==,,,1,2,22,1,144,72,72,3,2.08
서울,11,성동구,11200,성원중학교,,서울특별시 성동구 성수2가1동,UzAxMDAwMjE1Ng==,,,1,0,5,0,51,25,26,1,1.96
서울,11,성동구,11200,동마중학교,,서울특별시 성동구 마장동 1~405,UzAxMDAwMjE1Mg==,,,1,1,22,0,107,52,55,2,1.87
서울,11,성동구,11200,성수중학교,,서울 성동구 성수1가2동,UzAxMDAwMjE1NQ==,,,0,1,13,1,59,32,27,1,1.69
서울,11,성동구,11200,무학중학교,,서울특별시 성동구 행당동,UzAxMDAwMjE1NA==,,,1,3,44,3,245,112,133,4,1.63
서울,11,성동구,11200,경일중학교,,서울특별시 성동구 성수동1가,UzAxMDAwNTIxMg==,,,1,0,18,0,66,25,41,1,1.52
서울,11,성동구,11200,경수중학교,,서울특별시 성동구 성수2가1동,UzAxMDAwMjE0NA==,,,0,0,3,0,82,46,36,0,0.0
서울,11,성동구,11200,행당중학교,,서울특별시 성동구 행당동,UzAxMDAwMjE2Mg==,,,0,0,16,0,71,33,38,0,0.0
서울,11,성동구,11200,마장중학교,,서울특별시 성동구 마장동,UzAxMDAwNTI0MA==,,,0,0,13,1,113,64,49,0,0.0
서울,11,동작구,11590,숭의여자중학교,,서울특별시 동작구 대방동,UzAxMDAwMjM1Mg==,,,1,7,11,0,151,0,151,8,5.3
서울,11,동작구,11590,상현중학교,,서울특별시 동작구 상도동,UzAxMDAwMTU2NA==,,,3,4,15,0,161,84,77,7,4.35
서울,11,동작구,11590,중앙대학교사범대학부속중학교,,서울특별시 동작구 흑석동,UzAxMDAwMTU3NQ==,,,1,5,26,0,196,60,136,6,3.06
서울,11,동작구,11590,동작중학교,,서울특별시 동작구 동작동,UzAxMDAwMTU1Nw==,,,2,1,4,0,104,65,39,3,2.88
서울,11,동작구,11590,동양중학교,,서울특별시 동작구 본동,UzAxMDAwMTU1Ng==,,,3,0,11,0,105,105,0,3,2.86
서울,11,동작구,11590,장승중학교,,서울특별시 동작구 장승배기로10가길 25,UzAxMDAwMTU3Mw==,,,2,3,9,0,183,82,101,5,2.73
서울,11,동작구,11590,국사봉중학교,,서울특별시 동작구 상도4동,UzAxMDAwMTU0OQ==,,,0,2,2,1,115,54,61,2,1.74
서울,11,동작구,11590,상도중학교,,서울특별시 동작구 사당5동,UzAxMDAwMTU2Mw==,,,1,1,5,2,137,62,75,2,1.46
서울,11,동작구,11590,대방중학교,,서울특별시 동작구 신대방동,UzAxMDAwMTU1NQ==,,,1,2,5,0,226,78,148,3,1.33
서울,11,동작구,11590,문창중학교,,서울특별시 동작구 신대방동,UzAxMDAwMTU1OA==,,,0,1,2,1,110,58,52,1,0.91
서울,11,동작구,11590,강현중학교,,서울특별시 동작구 상도동,UzAxMDAwMTU0Ng==,,,1,0,1,0,121,64,57,1,0.83
서울,11,동작구,11590,강남중학교,,서울특별시 동작구 대방동,UzAxMDAwMTU0NQ==,,,0,0,5,0,95,44,51,0,0.0
서울,11,동작구,11590,남성중학교,,서울특별시 동작구 남부순환로269길 166,UzAxMDAwMTU1Mw==,,,0,0,0,0,76,46,30,0,0.0
서울,11,동작구,11590,사당중학교,,서울특별시 동작구 사당동,UzAxMDAwMTU2Mg==,,,0,0,4,1,170,105,65,0,0.0
서울,11,동작구,11590,성남중학교,,서울특별시 동작구 대방동,UzAxMDAwMTU2Ng==,,,0,0,4,0,178,178,0,0,0.0
서울,11,동작구,11590,영등포중학교,,서울특별시 동작구 대방동,UzAxMDAwMTU3MQ==,,,0,0,0,1,70,36,34,0,0.0
서울,11,노원구,11350,상명중학교,,서울특별시 노원구 중계동,UzAxMDAwMTcxMA==,,,8,19,21,6,248,132,116,27,10.89
서울,11,노원구,11350,불암중학교,,서울특별시 노원구 하계동,UzAxMDAwMTcwNg==,,,4,21,28,3,307,169,138,25,8.14
서울,11,노원구,11350,을지중학교,,서울특별시 노원구 중계1동 359~362,UzAxMDAwNTIxMA==,,,3,14,21,1,225,130,95,17,7.56
서울,11,노원구,11350,태랑중학교,,서울특별시 노원구 공릉2동,UzAxMDAwMTczMA==,,,1,10,13,2,153,84,69,11,7.19
서울,11,노원구,11350,중계중학교,,서울특별시 노원구 중계4동,UzAxMDAwMTcyMw==,,,0,19,20,5,277,148,129,19,6.86
서울,11,노원구,11350,중원중학교,,서울특별시 노원구 중계2.3동,UzAxMDAwMTcyNA==,,,1,6,5,0,103,56,47,7,6.8
서울,11,노원구,11350,상계중학교,,서울특별시 노원구 상계동,UzAxMDAwMTcwOQ==,,,2,8,6,1,158,84,74,10,6.33
서울,11,노원구,11350,하계중학교,,서울 노원구 하계동,UzAxMDAwMTczMQ==,,,3,10,12,1,215,109,106,13,6.05
서울,11,노원구,11350,중평중학교,,서울특별시 노원구 동일로203길 87,UzAxMDAwMTcyNQ==,,,2,10,28,0,266,138,128,12,4.51
서울,11,노원구,11350,공릉중학교,,서울특별시 노원구 공릉2동,UzAxMDAwMTY5Ng==,,,1,7,5,3,200,91,109,8,4.0
서울,11,노원구,11350,상계제일중학교,,서울 노원구 중계4동,UzAxMDAwMTcwOA==,,,3,3,4,0,172,98,74,6,3.49
서울,11,노원구,11350,녹천중학교,,서울특별시 노원구 월계3동 314~322,UzAxMDAwMTcwMQ==,,,1,3,3,0,130,43,87,4,3.08
서울,11,노원구,11350,온곡중학교,,서울특별시 노원구 노원로 492,UzAxMDAwMTcxOQ==,,,1,4,7,0,164,91,73,5,3.05
서울,11,노원구,11350,신상중학교,,서울특별시 노원구 상계동,UzAxMDAwMTcxNg==,,,1,2,0,0,99,52,47,3,3.03
서울,11,노원구,11350,월계중학교,,서울특별시 노원구 월계동,UzAxMDAwMTcyMA==,,,0,3,4,0,104,43,61,3,2.88
서울,11,노원구,11350,수락중학교,,서울특별시 노원구 상계1동 1252~1269,UzAxMDAwMTcxMw==,,,0,4,12,0,139,68,71,4,2.88
서울,11,노원구,11350,노일중학교,,서울특별시 노원구 상계1동 998~1120,UzAxMDAwMTcwMA==,,,0,3,4,0,106,58,48,3,2.83
서울,11,노원구,11350,청원중학교,,서울특별시 노원구 상계동,UzAxMDAwMTcyOQ==,,,0,5,5,0,193,103,90,5,2.59
서울,11,노원구,11350,한천중학교,,서울특별시 노원구 공릉2동,UzAxMDAwMTczMg==,,,3,2,11,2,206,113,93,5,2.43
서울,11,노원구,11350,노원중학교,,서울특별시 노원구 상계6.7동 742~743,UzAxMDAwMTY5OQ==,,,0,3,3,0,131,67,64,3,2.29
서울,11,노원구,11350,재현중학교,,서울특별시 노원구 덕릉로82길 64,UzAxMDAwMTcyMQ==,,,1,3,6,0,180,99,81,4,2.22
서울,11,노원구,11350,상원중학교,,서울특별시 노원구 상계9동,UzAxMDAwMTcxMQ==,,,0,2,6,1,129,65,64,2,1.55
서울,11,노원구,11350,광운중학교,,서울특별시 노원구 광운로1길 24,UzAxMDAwMTY5Nw==,,,0,1,12,0,90,90,0,1,1.11
서울,11,노원구,11350,염광중학교,,서울특별시 노원구 월계동,UzAxMDAwMTcxOA==,,,0,1,2,5,105,43,62,1,0.95
서울,11,노원구,11350,상경중학교,,서울특별시 노원구 상계동,UzAxMDAwMTcwNw==,,,0,1,4,0,149,82,67,1,0.67
서울,11,노원구,11350,신창중학교,,서울 노원구 월계로45길 92,UzAxMDAwMTcxNw==,,,0,0,0,1,98,40,58,0,0.0
서울,11,영등포구,11560,윤중중학교,,서울특별시 영등포구 여의도동,UzAxMDAwMTE5NQ==,,,2,3,13,0,125,66,59,5,4.0
서울,11,영등포구,11560,당산중학교,,서울특별시 영등포구 당산동6가,UzAxMDAwMTE3Mw==,,,3,2,9,0,157,73,84,5,3.18
서울,11,영등포구,11560,여의도중학교,,서울특별시 영등포구 여의도동,UzAxMDAwMTE4Ng==,,,2,4,20,0,189,96,93,6,3.17
서울,11,영등포구,11560,신길중학교,,서울특별시 영등포구 신길로28길 43,UzAxMDAwNjQwMg==,,,0,7,14,0,234,114,120,7,2.99
서울,11,영등포구,11560,문래중학교,,서울특별시 영등포구 문래동6가,UzAxMDAwMTE3Nw==,,,0,4,9,0,184,90,94,4,2.17
서울,11,영등포구,11560,양화중학교,,서울특별시 영등포구 당산로 56,UzAxMDAwMTE4NQ==,,,1,3,10,0,201,93,108,4,1.99
서울,11,영등포구,11560,당산서중학교,,서울특별시 영등포구 당산동5가,UzAxMDAwMTE3Mg==,,,0,3,17,1,158,96,62,3,1.9
서울,11,영등포구,11560,대림중학교,,서울특별시 영등포구 대림동,UzAxMDAwMTE3NA==,,,1,1,0,0,150,75,75,2,1.33
서울,11,영등포구,11560,영원중학교,,서울특별시 영등포구 영등포동,UzAxMDAwMTE5MA==,,,1,1,2,0,153,83,70,2,1.31
서울,11,영등포구,11560,대영중학교,,서울특별시 영등포구 신길동,UzAxMDAwMTE3NQ==,,,1,1,6,4,197,95,102,2,1.02
서울,11,영등포구,11560,선유중학교,,서울특별시 영등포구 양평동3가,UzAxMDAwMTE4NA==,,,1,0,16,0,105,69,36,1,0.95
서울,11,영등포구,11560,영남중학교,,서울특별시 영등포구 대림동,UzAxMDAwMTE4Nw==,,,0,0,2,2,140,81,59,0,0.0
서울,11,송파구,11710,오륜중학교,,서울특별시 송파구 오륜동,UzAxMDAwMDg4NA==,,,1,15,22,1,175,23,152,16,9.14
서울,11,송파구,11710,해누리중학교,,서울특별시 송파구 송파대로37길 95,UzAxMDAwNjQzNA==,,,4,9,29,2,195,94,101,13,6.67
서울,11,송파구,11710,정신여자중학교,,서울특별시 송파구 잠실동,UzAxMDAwMDg4OQ==,,,4,13,10,0,318,0,318,17,5.35
서울,11,송파구,11710,보성중학교,,서울특별시 송파구 양재대로 1278,UzAxMDAwMDg3MA==,,,3,3,33,2,116,116,0,6,5.17
서울,11,송파구,11710,세륜중학교,,서울특별시 송파구 오금동,UzAxMDAwMDg3Ng==,,,1,4,6,0,104,43,61,5,4.81
서울,11,송파구,11710,송파중학교,,서울특별시 송파구 가락2동,UzAxMDAwMDg3Nw==,,,4,7,43,0,279,149,130,11,3.94
서울,11,송파구,11710,잠실중학교,,서울특별시 송파구 신천동,UzAxMDAwMDg4OA==,,,4,9,86,5,337,196,141,13,3.86
서울,11,송파구,11710,송례중학교,,서울특별시 송파구 위례순환로 429,UzAxMDAwNjA0MQ==,,,3,13,64,0,434,230,204,16,3.69
서울,11,송파구,11710,신천중학교,,서울특별시 송파구 잠실동,UzAxMDAwMDg4MA==,,,5,7,46,2,343,218,125,12,3.5
서울,11,송파구,11710,위례솔중학교,,서울특별시 송파구 거여동,UzAxMDAwNTU5Mw==,,,0,7,18,1,203,102,101,7,3.45
서울,11,송파구,11710,석촌중학교,,서울특별시 송파구 가락동,UzAxMDAwMDg3Mw==,,,0,3,9,0,95,52,43,3,3.16
서울,11,송파구,11710,잠실여자중학교,,서울 송파구 송파동,UzAxMDAwMDg4Ng==,,,0,4,1,0,137,0,137,4,2.92
서울,11,송파구,11710,가원중학교,,서울특별시 송파구 가락동,UzAxMDAwMDg1Nw==,,,0,4,24,1,155,77,78,4,2.58
서울,11,송파구,11710,거원중학교,,서울특별시 송파구 거여2동,UzAxMDAwMDg1OQ==,,,0,3,4,2,118,41,77,3,2.54
서울,11,송파구,11710,가락중학교,,서울특별시 송파구 송이로 45,UzAxMDAwMDg1Ng==,,,1,3,21,7,162,100,62,4,2.47
서울,11,송파구,11710,문현중학교,,서울특별시 송파구 장지동,UzAxMDAwNTUyMA==,,,1,3,16,2,164,81,83,4,2.44
서울,11,송파구,11710,잠신중학교,,서울특별시 송파구 잠실동,UzAxMDAwMDg4Nw==,,,1,6,61,7,327,230,97,7,2.14
서울,11,송파구,11710,영파여자중학교,,서울특별시 송파구 풍납동,UzAxMDAwMDg4Mg==,,,0,1,3,1,110,0,110,1,0.91
서울,11,송파구,11710,오금중학교,,서울 송파구 오금동,UzAxMDAwMDg4Mw==,,,0,1,1,0,111,29,82,1,0.9
서울,11,송파구,11710,풍납중학교,,서울특별시 송파구 풍납2동,UzAxMDAwMDg5Mg==,,,0,1,7,1,111,67,44,1,0.9
서울,11,송파구,11710,풍성중학교,,서울특별시 송파구 풍납2동,UzAxMDAwMDg5Mw==,,,1,0,11,3,111,71,40,1,0.9
서울,11,송파구,11710,오주중학교,,서울특별시 송파구 오금동,UzAxMDAwMDg4NQ==,,,0,1,4,0,130,46,84,1,0.77
서울,11,송파구,11710,문정중학교,,서울특별시 송파구 문정동,UzAxMDAwMDg2NQ==,,,0,1,12,0,136,83,53,1,0.74
서울,11,송파구,11710,아주중학교,,서울특별시 송파구 잠실동,UzAxMDAwMDg4MQ==,,,0,1,12,0,156,102,54,1,0.64
서울,11,송파구,11710,방산중학교,,서울특별시 송파구 방이동,UzAxMDAwMDg2Ng==,,,0,0,9,2,160,78,82,0,0.0
서울,11,송파구,11710,방이중학교,,서울특별시 송파구 방이동,UzAxMDAwMDg2Nw==,,,0,0,8,0,113,71,42,0,0.0
서울,11,송파구,11710,배명중학교,,서울특별시 송파구 삼전동,UzAxMDAwMDg2OA==,,,0,0,10,3,143,143,0,0,0.0
서울,11,송파구,11710,보인중학교,,서울특별시 송파구 오금동,UzAxMDAwMDg3MQ==,,,0,0,29,1,154,154,0,0,0.0
서울,11,송파구,11710,서울체육중학교,,서울특별시 송파구 방이동,UzAxMDAwNDA1OA==,,,0,0,0,0,51,28,23,0,0.0
서울,11,강동구,11740,상일중학교,,서울 강동구 상일동 139~291,UzAxMDAwMDg3Mg==,,,1,10,9,2,157,1,156,11,7.01
서울,11,강동구,11740,한영중학교,,서울특별시 강동구 상일동 한영중학교,UzAxMDAwMDg5Ng==,,,3,12,52,0,236,163,73,15,6.36
서울,11,강동구,11740,성덕여자중학교,,서울특별시 강동구 천호동,UzAxMDAwMDg3NQ==,,,0,9,2,0,150,0,150,9,6.0
서울,11,강동구,11740,명일중학교,,서울특별시 강동구 고덕1동,UzAxMDAwMDg2NA==,,,1,13,48,2,323,159,164,14,4.33
서울,11,강동구,11740,고덕중학교,,서울 강동구 고덕동,UzAxMDAwMDg2MA==,,,1,19,63,4,474,264,210,20,4.22
서울,11,강동구,11740,강동중학교,,서울특별시 강동구 강일동,UzAxMDAwNTU0MA==,,,1,5,14,0,194,95,99,6,3.09
서울,11,강동구,11740,배재중학교,,서울특별시 강동구 고덕동,UzAxMDAwMDg2OQ==,,,1,6,80,0,277,277,0,7,2.53
서울,11,강동구,11740,강일중학교,,서울특별시 강동구 암사3동,UzAxMDAwMDg1OA==,,,0,5,15,1,202,106,96,5,2.48
서울,11,강동구,11740,동신중학교,,서울특별시 강동구 천호동,UzAxMDAwMDg2Mg==,,,0,3,16,0,149,88,61,3,2.01
서울,11,강동구,11740,성내중학교,,서울 강동구 성내1동,UzAxMDAwMDg3NA==,,,0,3,10,0,154,66,88,3,1.95
서울,11,강동구,11740,강명중학교,,서울특별시 강동구 강일동,UzAxMDAwNTUyNg==,,,0,4,19,0,260,149,111,4,1.54
서울,11,강동구,11740,천호중학교,,서울 강동구 천호동,UzAxMDAwMDg5MQ==,,,1,1,4,0,142,96,46,2,1.41
서울,11,강동구,11740,신암중학교,,서울 강동구 암사3동,UzAxMDAwMDg3OQ==,,,0,2,9,0,163,97,66,2,1.23
서울,11,강동구,11740,신명중학교,,서울특별시 강동구 길2동,UzAxMDAwMDg3OA==,,,0,2,3,0,170,93,77,2,1.18
서울,11,강동구,11740,한산중학교,,서울특별시 강동구 둔촌2동,UzAxMDAwMDg5NQ==,,,1,0,7,2,100,46,54,1,1.0
서울,11,강동구,11740,천일중학교,,서울특별시 강동구 천호동,UzAxMDAwMDg5MA==,,,0,1,3,0,156,75,81,1,0.64
서울,11,강동구,11740,동북중학교,,서울특별시 강동구 둔촌1동,UzAxMDAwMDg2MQ==,,,0,0,0,0,70,70,0,0,0.0
서울,11,강동구,11740,둔촌중학교,,서울특별시 강동구 둔촌2동,UzAxMDAwMDg2Mw==,,,0,0,5,0,92,51,41,0,0.0
서울,11,강동구,11740,강빛중학교,,서울특별시 강동구 강일동,UzAxMDAwNjU0NQ==,,,0,0,11,0,90,44,46,0,0.0
서울,11,용산구,11170,용강중학교,,서울특별시 용산구 이촌동,UzAxMDAwMjM1NQ==,,,5,4,40,2,259,130,129,9,3.47
서울,11,용산구,11170,성심여자중학교,,서울특별시 용산구 원효로19길 49,UzAxMDAwMjM1MQ==,,,0,2,4,0,65,0,65,2,3.08
서울,11,용산구,11170,오산중학교,,서울특별시 용산구 보광동,UzAxMDAwMjM1NA==,,,1,2,6,0,100,100,0,3,3.0
서울,11,용산구,11170,선린중학교,,서울특별시 용산구 청파동3가,UzAxMDAwMjM1MA==,,,2,1,6,1,163,116,47,3,1.84
서울,11,용산구,11170,배문중학교,,서울특별시 용산구 서계동 231~268,UzAxMDAwMjM0Mw==,,,0,1,0,0,55,55,0,1,1.82
서울,11,용산구,11170,신광여자중학교,,서울특별시 용산구 청파동3가,UzAxMDAwMjM1Mw==,,,0,0,4,0,89,0,89,0,0.0
서울,11,용산구,11170,용산중학교,,서울 용산구 용산동2가,UzAxMDAwMjM1Ng==,,,0,0,4,2,97,97,0,0,0.0
서울,11,용산구,11170,한강중학교,,서울특별시 용산구 서빙고동,UzAxMDAwMjM2Mg==,,,0,0,4,3,104,34,70,0,0.0
서울,11,용산구,11170,보성여자중학교,,서울특별시 용산구 용산동2가,UzAxMDAwMjM0NQ==,,,0,0,2,2,49,0,49,0,0.0
서울,11,강북구,11305,영훈국제중학교,,서울특별시 강북구 미아동,UzAxMDAwMjI3OQ==,,,2,38,61,3,164,76,88,40,24.39
서울,11,강북구,11305,창문여자중학교,,서울 강북구 송중동,UzAxMDAwMjI4NQ==,,,1,8,8,0,149,0,149,9,6.04
서울,11,강북구,11305,번동중학교,,서울특별시 강북구 번동,UzAxMDAwMjI2OA==,,,0,7,15,0,150,85,65,7,4.67
서울,11,강북구,11305,수송중학교,,서울특별시 강북구 번1동,UzAxMDAwMjI3Ng==,,,0,3,7,0,106,61,45,3,2.83
서울,11,강북구,11305,화계중학교,,서울특별시 강북구 화계사길 63,UzAxMDAwMjI4OA==,,,0,3,5,1,106,64,42,3,2.83
서울,11,강북구,11305,서라벌중학교,,서울특별시 강북구 우이동,UzAxMDAwMjI3MQ==,,,1,2,14,1,109,109,0,3,2.75
서울,11,강북구,11305,삼각산중학교,,서울특별시 강북구 미아동,UzAxMDAwNTE4MA==,,,0,9,66,0,330,163,167,9,2.73
서울,11,강북구,11305,성암여자중학교,,서울특별시 강북구 미아8동,UzAxMDAwMjI3NQ==,,,0,3,2,0,133,0,133,3,2.26
서울,11,강북구,11305,솔샘중학교,,서울특별시 강북구 미아동,UzAxMDAwNTUxNg==,,,0,3,21,1,146,64,82,3,2.05
서울,11,강북구,11305,인수중학교,,서울특별시 강북구 수유동,UzAxMDAwMjI4Mg==,,,0,2,9,0,125,38,87,2,1.6
서울,11,강북구,11305,신일중학교,,서울특별시 강북구 미아동,UzAxMDAwMjI3OA==,,,0,1,34,0,103,103,0,1,0.97
서울,11,강북구,11305,강북중학교,,서울특별시 강북구 수유동,UzAxMDAwMjI2Mw==,,,0,1,5,0,120,44,76,1,0.83
서울,11,강북구,11305,수유중학교,,서울특별시 강북구 수유1동,UzAxMDAwMjI3Nw==,,,1,0,0,1,129,86,43,1,0.78
서울,11,성북구,11290,성신여자중학교,,서울특별시 성북구 돈암동,UzAxMDAwMjI3NA==,,,2,16,11,2,197,0,197,18,9.14
서울,11,성북구,11290,길음중학교,,서울특별시 성북구 길음동,UzAxMDAwNTU5NQ==,,,8,16,53,0,280,139,141,24,8.57
서울,11,성북구,11290,개운중학교,,서울특별시 성북구 돈암1동,UzAxMDAwNTI3MQ==,,,0,13,35,2,219,115,104,13,5.94
서울,11,성북구,11290,숭곡중학교,,서울특별시 성북구 하월곡동,UzAxMDAwNTYxMg==,,,2,5,19,2,210,104,106,7,3.33
서울,11,성북구,11290,서울대학교사범대학부설중학교,,서울특별시 성북구 종암2동,UzAwMDAwMzUxNA==,,,1,5,43,1,185,185,0,6,3.24
서울,11,성북구,11290,월곡중학교,,서울특별시 성북구 상월곡동,UzAxMDAwMjI4MQ==,,,2,3,8,0,173,52,121,5,2.89
서울,11,성북구,11290,고명중학교,,서울특별시 성북구 돈암동,UzAxMDAwMjI2NQ==,,,0,3,29,1,128,128,0,3,2.34
서울,11,성북구,11290,동구여자중학교,,서울특별시 성북구 성북동,UzAxMDAwMjI2Nw==,,,0,2,3,0,88,0,88,2,2.27
서울,11,성북구,11290,장위중학교,,서울특별시 성북구 장위동,UzAxMDAwMjI4Mw==,,,1,3,26,0,178,86,92,4,2.25
서울,11,성북구,11290,종암중학교,,서울 성북구 종암1동,UzAxMDAwMjI4NA==,,,0,3,14,0,146,56,90,3,2.05
서울,11,성북구,11290,북악중학교,,서울 성북구 정릉3동,UzAxMDAwMjI2OQ==,,,0,2,6,0,109,53,56,2,1.83
서울,11,성북구,11290,석관중학교,,서울특별시 성북구 석관동,UzAxMDAwMjI3Mw==,,,0,3,14,0,171,82,89,3,1.75
서울,11,성북구,11290,고려대학교사범대학부속중학교,,서울 성북구 정릉3동,UzAxMDAwMjI2NA==,,,0,2,13,0,200,111,89,2,1.0
서울,11,성북구,11290,삼선중학교,,서울특별시 성북구 동소문동1가,UzAxMDAwMjI3MA==,,,1,0,19,2,115,115,0,1,0.87
서울,11,성북구,11290,한성여자중학교,,서울특별시 성북구 삼선동2가,UzAxMDAwMjI4Ng==,,,0,1,5,3,134,0,134,1,0.75
서울,11,성북구,11290,남대문중학교,,서울특별시 성북구 장위3동,UzAxMDAwMjI2Ng==,,,1,0,24,1,150,150,0,1,0.67
서울,11,성북구,11290,용문중학교,,서울특별시 성북구 안암동2가,UzAxMDAwMjI4MA==,,,0,0,3,0,52,52,0,0,0.0
서울,11,성북구,11290,홍익대학교사범대학부속중학교,,서울 성북구 성북1동,UzAxMDAwMjI4Nw==,,,0,0,9,0,72,72,0,0,0.0
서울,11,강서구,11500,등명중학교,,서울특별시 강서구 등촌동,UzAxMDAwMDk3Mw==,,,1,9,6,0,179,94,85,10,5.59
서울,11,강서구,11500,명덕여자중학교,,서울 강서구 내발산동,UzAxMDAwMDk3Nw==,,,0,9,6,2,182,0,182,9,4.95
서울,11,강서구,11500,염창중학교,,서울특별시 강서구 염창동,UzAxMDAwMDk5OQ==,,,3,8,11,0,227,117,110,11,4.85
서울,11,강서구,11500,덕원중학교,,서울특별시 강서구 내발산동,UzAxMDAwMDk3Mg==,,,1,8,1,0,246,104,142,9,3.66
서울,11,강서구,11500,염경중학교,,서울특별시 강서구 염창동,UzAxMDAwNTI4Nw==,,,1,4,4,0,156,79,77,5,3.21
서울,11,강서구,11500,삼정중학교,,서울특별시 강서구 방화3동,UzAxMDAwMDk4NA==,,,1,1,0,0,83,33,50,2,2.41
서울,11,강서구,11500,공항중학교,,서울특별시 강서구 공항동,UzAxMDAwMDk3MA==,,,0,4,1,0,169,98,71,4,2.37
서울,11,강서구,11500,마곡하늬중학교,,서울특별시 강서구 마곡동,UzAxMDAwNjQwMw==,,,0,4,2,2,186,80,106,4,2.15
서울,11,강서구,11500,마포중학교,,서울특별시 강서구 등촌3동,UzAxMDAwMDk3Ng==,,,1,2,1,1,165,165,0,3,1.82
서울,11,강서구,11500,수명중학교,,서울특별시 강서구 내발산동,UzAxMDAwNTQ5Nw==,,,0,3,0,0,168,87,81,3,1.79
서울,11,강서구,11500,화곡중학교,,서울특별시 강서구 내발산동,UzAxMDAwMTAwMg==,,,1,2,7,0,181,181,0,3,1.66
서울,11,강서구,11500,신정여자중학교,,서울특별시 강서구 화곡동,UzAxMDAwMDk5Mg==,,,0,2,0,0,124,0,124,2,1.61
서울,11,강서구,11500,백석중학교,,서울특별시 강서구 등촌2동,UzAxMDAwMDk4Mg==,,,1,1,2,2,166,121,45,2,1.2
서울,11,강서구,11500,마곡중학교,,서울특별시 강서구 마곡동,UzAxMDAwNTU5Ng==,,,1,1,6,1,193,103,90,2,1.04
서울,11,강서구,11500,방원중학교,,서울특별시 강서구 방화동,UzAxMDAwMDk4MA==,,,0,1,0,1,105,53,52,1,0.95
서울,11,강서구,11500,화원중학교,,서울특별시 강서구 화곡동,UzAxMDAwMTAwMw==,,,0,1,0,0,191,101,90,1,0.52
서울,11,강서구,11500,등원중학교,,서울특별시 강서구 등촌3동,UzAxMDAwMDk3NA==,,,0,0,0,0,75,19,56,0,0.0
서울,11,강서구,11500,등촌중학교,,서울특별시 강서구 등촌2동,UzAxMDAwMDk3NQ==,,,0,0,6,0,141,67,74,0,0.0
서울,11,강서구,11500,방화중학교,,서울특별시 강서구 방화동,UzAxMDAwMDk4MQ==,,,0,0,0,0,118,66,52,0,0.0
서울,11,강서구,11500,성재중학교,,서울특별시 강서구 가양1동 1463번지,UzAxMDAwMDk4NQ==,,,0,0,1,0,121,70,51,0,0.0
서울,11,강서구,11500,경서중학교,,서울특별시 강서구 가양동,UzAxMDAwMDk2OA==,,,1,3,0,0,31,16,15,4,12.9
서울,11,강서구,11500,송정중학교,,서울 강서구 공항동,UzAxMDAwMDk4Ng==,,,0,0,0,0,31,20,11,0,0.0
서울,11,양천구,11470,월촌중학교,,서울특별시 양천구 목5동,UzAxMDAwMTAwMQ==,,,6,23,74,10,446,174,272,29,6.5
서울,11,양천구,11470,목운중학교,,서울특별시 양천구 목동,UzAxMDAwNTUxNQ==,,,8,18,74,5,441,220,221,26,5.9
서울,11,양천구,11470,목일중학교,,서울특별시 양천구 신정6동,UzAxMDAwMDk3OQ==,,,6,15,46,3,390,251,139,21,5.38
서울,11,양천구,11470,신서중학교,,서울 양천구 신정1동,UzAxMDAwMDk4OQ==,,,2,16,27,3,346,212,134,18,5.2
서울,11,양천구,11470,신목중학교,,서울특별시 양천구 목5동,UzAxMDAwMDk4OA==,,,5,17,38,4,433,218,215,22,5.08
서울,11,양천구,11470,목동중학교,,서울 양천구 신정2동,UzAxMDAwMDk3OA==,,,7,14,42,3,420,220,200,21,5.0
서울,11,양천구,11470,금옥중학교,,서울 양천구 신정3동,UzAxMDAwMDk3MQ==,,,3,5,8,0,240,107,133,8,3.33
서울,11,양천구,11470,봉영여자중학교,,서울 양천구 신정7동,UzAxMDAwMDk4Mw==,,,2,2,6,1,141,0,141,4,2.84
서울,11,양천구,11470,양정중학교,,서울특별시 양천구 안양천로 1039,UzAxMDAwMDk5Nw==,,,3,1,81,4,166,166,0,4,2.41
서울,11,양천구,11470,강신중학교,,서울특별시 양천구 신월6동,UzAxMDAwMDk2Nw==,,,1,3,6,0,242,127,115,4,1.65
서울,11,양천구,11470,양동중학교,,서울특별시 양천구 목3동,UzAxMDAwMDk5NQ==,,,3,0,0,0,200,90,110,3,1.5
서울,11,양천구,11470,양강중학교,,서울특별시 양천구 신월2동 489~513,UzAxMDAwMDk5NA==,,,1,1,3,1,228,116,112,2,0.88
서울,11,양천구,11470,양서중학교,,서울특별시 양천구 신월동,UzAxMDAwMDk5Ng==,,,0,1,0,0,122,56,66,1,0.82
서울,11,양천구,11470,신월중학교,,서울특별시 양천구 신월동,UzAxMDAwMDk5MQ==,,,0,2,4,1,271,139,132,2,0.74
서울,11,양천구,11470,신남중학교,,서울특별시 양천구 신월2동,UzAxMDAwMDk4Nw==,,,0,1,4,1,196,96,100,1,0.51
서울,11,양천구,11470,신원중학교,,서울특별시 양천구 신월3동,UzAxMDAwMDk5MA==,,,0,0,0,0,79,49,30,0,0.0
서울,11,양천구,11470,양천중학교,,서울특별시 양천구 신월7동,UzAxMDAwMDk5OA==,,,0,0,1,0,172,94,78,0,0.0
서울,11,양천구,11470,영도중학교,,서울특별시 양천구 목동,UzAxMDAwMTAwMA==,,,0,0,3,0,98,98,0,0,0.0
서울,11,동대문구,11230,경희여자중학교,,서울특별시 동대문구 회기동 1~82,UzAxMDAwMTM2Mw==,,,0,5,2,0,112,0,112,5,4.46
서울,11,동대문구,11230,동대문중학교,,서울특별시 동대문구 전농동,UzAxMDAwMTM2OA==,,,1,7,27,0,190,101,89,8,4.21
서울,11,동대문구,11230,휘경여자중학교,,서울특별시 동대문구 휘경동,UzAxMDAwMTM5Mg==,,,0,5,8,0,134,0,134,5,3.73
서울,11,동대문구,11230,전동중학교,,서울특별시 동대문구 휘경2동,UzAxMDAwMTM4Mw==,,,1,3,9,0,116,53,63,4,3.45
서울,11,동대문구,11230,동국대학교사범대학부속중학교,,서울특별시 동대문구 장안동,UzAxMDAwMTM2Nw==,,,3,2,15,0,169,169,0,5,2.96
서울,11,동대문구,11230,전농중학교,,서울 동대문구 전농3동,UzAxMDAwMTM4Mg==,,,0,3,17,3,121,70,51,3,2.48
서울,11,동대문구,11230,청량중학교,,서울특별시 동대문구 청량리동 1~39,UzAxMDAwMTM4OA==,,,0,2,25,0,119,67,52,2,1.68
서울,11,동대문구,11230,성일중학교,,서울특별시 동대문구 제기동 147~274,UzAxMDAwMTM3Mw==,,,1,0,10,0,101,68,33,1,0.99
서울,11,동대문구,11230,대광중학교,,서울특별시 동대문구 신설동,UzAxMDAwMTM2NQ==,,,0,1,23,0,105,55,50,1,0.95
서울,11,동대문구,11230,휘경중학교,,서울특별시 동대문구 망우로18나길 20,UzAxMDAwMTM5Mw==,,,0,1,16,0,114,71,43,1,0.88
서울,11,동대문구,11230,숭인중학교,,서울특별시 동대문구 답십리동,UzAxMDAwMTM3NQ==,,,0,1,6,0,131,57,74,1,0.76
서울,11,동대문구,11230,경희중학교,,서울특별시 동대문구 회기동,UzAxMDAwMTM2NA==,,,1,0,56,0,154,154,0,1,0.65
서울,11,동대문구,11230,장평중학교,,서울특별시 동대문구 장안1동 349~363,UzAxMDAwMTM4MQ==,,,0,1,14,1,215,98,117,1,0.47
서울,11,동대문구,11230,전일중학교,,서울특별시 동대문구 전농동,UzAxMDAwMTM4NA==,,,0,0,12,0,123,71,52,0,0.0
서울,11,동대문구,11230,정화여자중학교,,서울특별시 동대문구 제기1동,UzAxMDAwMTM4NQ==,,,0,0,0,0,47,0,47,0,0.0
서울,11,도봉구,11320,노곡중학교,,서울특별시 도봉구 창4동,UzAxMDAwMTY5OA==,,,1,12,7,0,114,52,62,13,11.4
서울,11,도봉구,11320,창일중학교,,서울특별시 도봉구 창동,UzAxMDAwMTcyOA==,,,1,13,11,0,177,95,82,14,7.91
서울,11,도봉구,11320,정의여자중학교,,서울특별시 도봉구 쌍문동,UzAxMDAwMTcyMg==,,,1,7,1,0,105,0,105,8,7.62
서울,11,도봉구,11320,창동중학교,,서울특별시 도봉구 방학동,UzAxMDAwMTcyNg==,,,2,13,18,1,207,119,88,15,7.25
서울,11,도봉구,11320,신방학중학교,,서울 도봉구 방학3동,UzAxMDAwMTcxNQ==,,,2,3,9,0,122,71,51,5,4.1
서울,11,도봉구,11320,선덕중학교,,서울 도봉구 쌍문4동 선덕학교,UzAxMDAwMTcxMg==,,,1,7,42,1,235,135,100,8,3.4
서울,11,도봉구,11320,방학중학교,,서울특별시 도봉구 방학동,UzAxMDAwMTcwMw==,,,0,4,2,0,130,63,67,4,3.08
서울,11,도봉구,11320,신도봉중학교,,서울특별시 도봉구 쌍문동,UzAxMDAwMTcxNA==,,,0,4,9,0,169,101,68,4,2.37
서울,11,도봉구,11320,창북중학교,,서울 도봉구 창1동,UzAxMDAwMTcyNw==,,,0,3,12,0,150,79,71,3,2.0
서울,11,도봉구,11320,도봉중학교,,서울특별시 도봉구 도봉2동,UzAxMDAwMTcwMg==,,,1,1,3,0,111,53,58,2,1.8
서울,11,도봉구,11320,북서울중학교,,서울특별시 도봉구 도봉1동,UzAxMDAwMTcwNQ==,,,0,2,3,0,127,64,63,2,1.57
서울,11,도봉구,11320,백운중학교,,서울특별시 도봉구 쌍문2동 64~74,UzAxMDAwMTcwNA==,,,0,2,11,1,130,73,57,2,1.54
서울,11,도봉구,11320,효문중학교,,서울특별시 도봉구 쌍문동,UzAxMDAwNTI4OQ==,,,0,0,6,0,85,44,41,0,0.0
서울,11,중랑구,11260,송곡중학교,,서울특별시 중랑구 망우본동,UzAxMDAwMTM3NA==,,,0,2,0,0,54,0,54,2,3.7
서울,11,중랑구,11260,태릉중학교,,서울특별시 중랑구 묵동,UzAxMDAwMTM4OQ==,,,0,5,4,0,136,63,73,5,3.68
서울,11,중랑구,11260,원묵중학교,,서울특별시 중랑구 묵1동,UzAxMDAwMTM3OQ==,,,2,8,15,5,273,147,126,10,3.66
서울,11,중랑구,11260,영란여자중학교,,서울특별시 중랑구 망우동,UzAxMDAwMTM3Nw==,,,0,2,0,1,111,0,111,2,1.8
서울,11,중랑구,11260,상봉중학교,,서울특별시 중랑구 상봉1동,UzAxMDAwMTM3Mg==,,,0,4,4,0,227,121,106,4,1.76
서울,11,중랑구,11260,중화중학교,,서울특별시 중랑구 면목동,UzAxMDAwMTM4Nw==,,,0,2,1,0,134,76,58,2,1.49
서울,11,중랑구,11260,면목중학교,,서울특별시 중랑구 면목동,UzAxMDAwMTM3MA==,,,0,2,1,0,138,84,54,2,1.45
서울,11,중랑구,11260,신현중학교,,서울특별시 중랑구 상봉1동,UzAxMDAwMTM3Ng==,,,0,3,6,1,209,100,109,3,1.44
서울,11,중랑구,11260,혜원여자중학교,,서울특별시 중랑구 망우동,UzAxMDAwMTM5MQ==,,,0,1,1,0,107,0,107,1,0.93
서울,11,중랑구,11260,장안중학교,,서울 중랑구 중화1동,UzAxMDAwMTM4MA==,,,0,1,8,0,117,83,34,1,0.85
서울,11,중랑구,11260,동원중학교,,서울특별시 중랑구 망우동,UzAxMDAwMTM2OQ==,,,0,0,3,1,131,91,40,0,0.0
서울,11,중랑구,11260,봉화중학교,,서울특별시 중랑구 망우본동,UzAxMDAwMTM3MQ==,,,0,0,0,0,73,48,25,0,0.0
서울,11,중랑구,11260,용마중학교,,서울특별시 중랑구 면목4동,UzAxMDAwMTM3OA==,,,0,0,2,0,142,81,61,0,0.0
서울,11,중랑구,11260,중랑중학교,,서울특별시 중랑구 중화동,UzAxMDAwMTM4Ng==,,,0,0,1,0,106,64,42,0,0.0
서울,11,중구,11140,창덕여자중학교,,서울특별시 중구 정동,UzAxMDAwMjM2MA==,,,0,4,5,0,59,0,59,4,6.78
서울,11,중구,11140,덕수중학교,,서울 중구 인현동2가,UzAxMDAwMjM0MQ==,,,1,1,4,1,68,29,39,2,2.94
서울,11,중구,11140,장원중학교,,서울특별시 중구 신당동,UzAxMDAwMjM1Nw==,,,0,2,4,0,69,0,69,2,2.9
서울,11,중구,11140,대경중학교,,서울 중구 신당4동,UzAxMDAwMjMzOA==,,,0,0,8,0,105,55,50,0,0.0
서울,11,중구,11140,장충중학교,,서울특별시 중구 신당동,UzAxMDAwMjM1OA==,,,0,0,2,0,72,72,0,0,0.0
서울,11,중구,11140,한양중학교,,서울특별시 중구 신당동,UzAxMDAwMjM2Mw==,,,0,0,2,1,53,53,0,0,0.0
서울,11,중구,11140,환일중학교,,서울특별시 중구 만리동2가,UzAxMDAwMjM2NA==,,,0,0,7,0,40,40,0,0,0.0
서울,11,은평구,11380,신도중학교,,서울특별시 은평구 진관동,UzAxMDAwNTU2MQ==,,,1,11,28,2,402,200,202,12,2.99
서울,11,은평구,11380,불광중학교,,서울특별시 은평구 불광동,UzAxMDAwMTkzMg==,,,1,4,5,1,170,85,85,5,2.94
서울,11,은평구,11380,연신중학교,,서울특별시 은평구 불광동,UzAxMDAwMTk0OA==,,,1,2,4,0,105,66,39,3,2.86
서울,11,은평구,11380,영락중학교,,서울특별시 은평구 응암동,UzAxMDAwMTk1MQ==,,,1,5,5,1,221,104,117,6,2.71
서울,11,은평구,11380,덕산중학교,,서울 은평구 신사1동,UzAxMDAwMTkyOA==,,,0,3,1,0,111,55,56,3,2.7
서울,11,은평구,11380,진관중학교,,서울특별시 은평구 진관동,UzAxMDAwNTUxMA==,,,2,6,9,2,328,162,166,8,2.44
서울,11,은평구,11380,증산중학교,,서울특별시 은평구 증산동,UzAxMDAwMTk2MQ==,,,0,3,1,1,134,73,61,3,2.24
서울,11,은평구,11380,충암중학교,,서울특별시 은평구 응암동,UzAxMDAwMTk2Mg==,,,0,3,11,0,261,143,118,3,1.15
서울,11,은평구,11380,숭실중학교,,서울 은평구 신사2동,UzAxMDAwMTk0Mg==,,,0,1,3,0,97,97,0,1,1.03
서울,11,은평구,11380,상신중학교,,서울특별시 은평구 신사동,UzAxMDAwMTkzMw==,,,0,1,3,1,101,21,80,1,0.99
서울,11,은평구,11380,은평중학교,,서울특별시 은평구 구산동,UzAxMDAwMTk1Mw==,,,0,1,5,0,161,100,61,1,0.62
서울,11,은평구,11380,선정중학교,,서울특별시 은평구 갈현동,UzAxMDAwMTkzNw==,,,0,1,1,0,174,112,62,1,0.57
서울,11,은평구,11380,구산중학교,,서울특별시 은평구 구산동,UzAxMDAwMTkyNg==,,,1,0,2,2,175,111,64,1,0.57
서울,11,은평구,11380,예일여자중학교,,서울특별시 은평구 구산동 1~22,UzAxMDAwMTk1Mg==,,,1,0,2,0,214,0,214,1,0.47
서울,11,은평구,11380,대성중학교,,서울특별시 은평구 갈현2동 산52~53,UzAxMDAwMTkyNw==,,,0,0,9,0,138,138,0,0,0.0
서울,11,은평구,11380,선일여자중학교,,서울특별시 은평구 갈현동,UzAxMDAwMTkzNg==,,,0,0,1,1,102,0,102,0,0.0
서울,11,은평구,11380,연서중학교,,서울특별시 은평구 증산동,UzAxMDAwMTk0Nw==,,,0,0,1,0,90,48,42,0,0.0
서울,11,은평구,11380,연천중학교,,서울특별시 은평구 불광2동,UzAxMDAwMTk0OQ==,,,0,0,4,1,79,44,35,0,0.0
서울,11,관악구,11620,삼성중학교,,서울특별시 관악구 대학동 194~241,UzAxMDAwMTU2OQ==,,,1,2,2,0,81,34,47,3,3.7
서울,11,관악구,11620,봉림중학교,,서울특별시 관악구 봉천동,UzAxMDAwMTU2MA==,,,2,1,0,0,87,55,32,3,3.45
서울,11,관악구,11620,서울문영여자중학교,,서울특별시 관악구 봉천동,UzAxMDAwMTU2NQ==,,,1,1,3,0,67,0,67,2,2.99
서울,11,관악구,11620,구암중학교,,서울특별시 관악구 봉천동,UzAxMDAwNTIxMQ==,,,2,3,16,2,343,170,173,5,1.46
서울,11,관악구,11620,미성중학교,,서울특별시 관악구 신림동,UzAxMDAwMTU1OQ==,,,1,1,0,0,144,52,92,2,1.39
서울,11,관악구,11620,봉원중학교,,서울 관악구 봉천6동,UzAxMDAwMTU2MQ==,,,1,1,1,1,152,78,74,2,1.32
서울,11,관악구,11620,신관중학교,,서울특별시 관악구 신림동,UzAxMDAwMTU2OA==,,,0,1,1,0,78,45,33,1,1.28
서울,11,관악구,11620,남강중학교,,서울특별시 관악구 신림3동,UzAxMDAwMTU1MQ==,,,1,0,0,0,106,106,0,1,0.94
서울,11,관악구,11620,성보중학교,,서울특별시 관악구 신림동,UzAxMDAwMTU2Nw==,,,0,1,0,0,118,59,59,1,0.85
서울,11,관악구,11620,난우중학교,,서울특별시 관악구 신림동,UzAxMDAwMTU1MA==,,,0,1,2,0,147,57,90,1,0.68
서울,11,관악구,11620,관악중학교,,서울특별시 관악구 봉천동,UzAxMDAwMTU0Nw==,,,0,0,1,0,92,62,30,0,0.0
서울,11,관악구,11620,광신중학교,,서울특별시 관악구 신림동,UzAxMDAwMTU0OA==,,,0,0,0,0,82,50,32,0,0.0
서울,11,관악구,11620,남서울중학교,,서울특별시 관악구 신림동,UzAxMDAwMTU1Mg==,,,0,0,0,0,89,42,47,0,0.0
서울,11,관악구,11620,당곡중학교,,서울특별시 관악구 보라매동 682,UzAxMDAwMTU1NA==,,,0,0,1,1,154,75,79,0,0.0
서울,11,관악구,11620,신림중학교,,서울특별시 관악구 신림동,UzAxMDAwMTU3MA==,,,0,0,0,0,87,65,22,0,0.0
서울,11,관악구,11620,인헌중학교,,서울특별시 관악구 봉천동,UzAxMDAwMTU3Mg==,,,0,0,3,0,137,83,54,0,0.0
서울,11,금천구,11545,가산중학교,,서울특별시 금천구 독산동,UzAxMDAwMTE2NQ==,,,0,4,2,0,141,69,72,4,2.84
서울,11,금천구,11545,안천중학교,,서울특별시 금천구 독산동,UzAxMDAwMTE4Mw==,,,1,1,2,0,136,67,69,2,1.47
서울,11,금천구,11545,난곡중학교,,서울 금천구 독산3동,UzAxMDAwMTE3MQ==,,,0,1,0,0,71,39,32,1,1.41
서울,11,금천구,11545,동일중학교,,서울특별시 금천구 시흥동,UzAxMDAwMTE3Ng==,,,0,2,1,1,152,66,86,2,1.32
서울,11,금천구,11545,문성중학교,,서울특별시 금천구 독산3동,UzAxMDAwMTE3OA==,,,0,0,1,0,69,33,36,0,0.0
서울,11,금천구,11545,문일중학교,,서울특별시 금천구 시흥1동,UzAxMDAwMTE3OQ==,,,0,0,0,0,103,103,0,0,0.0
서울,11,금천구,11545,세일중학교,,서울특별시 금천구 독산동,UzAxMDAwMTE4MA==,,,0,0,2,0,110,60,50,0,0.0
서울,11,금천구,11545,시흥중학교,,서울특별시 금천구 시흥3동,UzAxMDAwMTE4MQ==,,,0,0,1,0,165,45,120,0,0.0
서울,11,금천구,11545,한울중학교,,서울특별시 금천구 독산3동 894~908,UzAxMDAwMTE5Ng==,,,0,0,1,0,181,81,100,0,0.0
서울,11,구로구,11530,구일중학교,,서울특별시 구로구 구로동,UzAxMDAwMTE3MA==,,,2,4,6,0,180,103,77,6,3.33
서울,11,구로구,11530,고척중학교,,서울 구로구 고척동,UzAxMDAwMTE2OA==,,,1,6,7,0,278,138,140,7,2.52
서울,11,구로구,11530,오남중학교,,서울특별시 구로구 오류동,UzAxMDAwMTE5MQ==,,,0,4,7,4,186,55,131,4,2.15
서울,11,구로구,11530,신도림중학교,,서울특별시 구로구 신도림동 301~420,UzAxMDAwMTE4Mg==,,,1,4,24,1,321,164,157,5,1.56
서울,11,구로구,11530,항동중학교,,서울특별시 구로구 항동,UzAxMDAwNjQwMQ==,,,2,0,4,1,154,75,79,2,1.3
서울,11,구로구,11530,영서중학교,,서울특별시 구로구 구로동,UzAxMDAwMTE4OQ==,,,1,1,1,0,183,82,101,2,1.09
서울,11,구로구,11530,경인중학교,,서울특별시 구로구 개봉동,UzAxMDAwMTE5Mg==,,,0,2,0,0,196,107,89,2,1.02
서울,11,구로구,11530,오류중학교,,서울특별시 구로구 고척2동,UzAxMDAwMTE5Mw==,,,0,1,1,0,100,56,44,1,1.0
서울,11,구로구,11530,개봉중학교,,서울특별시 구로구 개봉동,UzAxMDAwMTE2Ng==,,,1,0,0,1,110,46,64,1,0.91
서울,11,구로구,11530,천왕중학교,,서울특별시 구로구 천왕동,UzAxMDAwNTU3MQ==,,,0,2,4,0,247,115,132,2,0.81
서울,11,구로구,11530,영림중학교,,서울특별시 구로구 구로동,UzAxMDAwMTE4OA==,,,0,1,1,0,161,67,94,1,0.62
서울,11,구로구,11530,개웅중학교,,서울 구로구 개봉3동,UzAxMDAwMTE2Nw==,,,0,0,0,0,149,82,67,0,0.0
서울,11,구로구,11530,구로중학교,,서울특별시 구로구 구로동,UzAxMDAwMTE2OQ==,,,0,0,0,1,121,63,58,0,0.0
서울,11,구로구,11530,우신중학교,,서울특별시 구로구 부일로 917,UzAxMDAwMTE5NA==,,,0,0,0,0,108,108,0,0,0.0
부산,26,금정구,26410,브니엘예술중학교,,부산광역시 금정구 구서동,UzAyMDAwMDc4MA==,,,6,6,17,1,71,26,45,12,16.9
부산,26,금정구,26410,금양중학교,,부산광역시 금정구 부곡2동,UzAyMDAwMDg0OQ==,,,1,12,2,0,204,107,97,13,6.37
부산,26,금정구,26410,금정중학교,,부산광역시 금정구 남산동,UzAyMDAwMDc2OQ==,,,1,4,1,1,95,95,0,5,5.26
부산,26,금정구,26410,부곡여자중학교,,부산광역시 금정구 부곡동,UzAyMDAwMDc3Nw==,,,0,9,0,0,180,0,180,9,5.0
부산,26,금정구,26410,구서여자중학교,,부산광역시 금정구 구서1동   709-4,UzAyMDAwMDc2NQ==,,,2,5,8,2,153,0,153,7,4.58
부산,26,금정구,26410,장전중학교,,부산광역시 금정구 장전2동 521-183,UzAyMDAwMDc5NQ==,,,4,3,6,3,168,168,0,7,4.17
부산,26,금정구,26410,동래여자중학교,,부산광역시 금정구 부곡동 산7-1,UzAyMDAwMDc3Mg==,,,0,6,3,1,151,0,151,6,3.97
부산,26,금정구,26410,남산중학교,,부산광역시 금정구 남산동 남산중학교,UzAyMDAwMDc3MA==,,,3,1,1,2,144,144,0,4,2.78
부산,26,금정구,26410,부곡중학교,,부산광역시 금정구 부곡2동 부곡중학교,UzAyMDAwMDc3OA==,,,3,2,3,0,196,102,94,5,2.55
부산,26,금정구,26410,동현중학교,,부산광역시 금정구 부곡동,UzAyMDAwMDc3Ng==,,,1,0,1,0,64,64,0,1,1.56
부산,26,금정구,26410,금사중학교,,부산광역시 금정구 서동,UzAyMDAwMDc2Nw==,,,0,0,0,1,51,25,26,0,0.0
부산,26,금정구,26410,부산예술중학교,,부산광역시 금정구 구서동,UzAyMDAwMDc3OQ==,,,0,0,0,0,86,15,71,0,0.0
부산,26,해운대구,26350,센텀중학교,,부산 해운대구 재송동,UzAyMDAwMTkxMA==,,,15,26,36,3,370,203,167,41,11.08
부산,26,해운대구,26350,해운대여자중학교,,부산광역시 해운대구 우동,UzAyMDAwMTY0Mw==,,,2,17,11,3,199,0,199,19,9.55
부산,26,해운대구,26350,해강중학교,,부산광역시 해운대구 우동,UzAyMDAwMTg5Mw==,,,9,19,35,1,329,189,140,28,8.51
부산,26,해운대구,26350,해운대중학교,,부산광역시 해운대구 우1동,UzAyMDAwMTY0NA==,,,6,6,36,3,196,196,0,12,6.12
부산,26,해운대구,26350,양운중학교,,부산광역시 해운대구 좌동,UzAyMDAwMTYzNw==,,,1,7,8,1,157,73,84,8,5.1
부산,26,해운대구,26350,신곡중학교,,부산광역시 해운대구 좌동,UzAyMDAwMTYzNQ==,,,1,6,8,2,188,96,92,7,3.72
부산,26,해운대구,26350,인지중학교,,부산광역시 해운대구 반여동,UzAyMDAwMTg1Nw==,,,1,4,0,0,153,84,69,5,3.27
부산,26,해운대구,26350,상당중학교,,부산광역시 해운대구 좌동,UzAyMDAwMTYzMw==,,,0,6,10,0,185,92,93,6,3.24
부산,26,해운대구,26350,신도중학교,,부산광역시 해운대구 좌동   1345,UzAyMDAwMTYzNg==,,,3,2,4,0,164,83,81,5,3.05
부산,26,해운대구,26350,반송여자중학교,,부산광역시 해운대구 반송동,UzAyMDAwMTYyNw==,,,1,1,1,1,73,0,73,2,2.74
부산,26,해운대구,26350,장산중학교,,부산광역시 해운대구 반여동,UzAyMDAwMTkxOQ==,,,0,5,3,0,269,126,143,5,1.86
부산,26,해운대구,26350,재송중학교,,부산광역시 해운대구 재송동,UzAyMDAwMTY0MQ==,,,1,1,0,0,128,128,0,2,1.56
부산,26,해운대구,26350,반송중학교,,부산광역시 해운대구 반송동,UzAyMDAwMTYyOA==,,,0,1,0,2,79,79,0,1,1.27
부산,26,해운대구,26350,동백중학교,,부산광역시 해운대구 중동,UzAyMDAwMTYyMg==,,,2,0,5,3,179,94,85,2,1.12
부산,26,해운대구,26350,부흥중학교,,부산광역시 해운대구 좌동,UzAyMDAwMTYzMg==,,,1,1,7,1,182,97,85,2,1.1
부산,26,해운대구,26350,재송여자중학교,,부산광역시 해운대구 재송2동 1157,UzAyMDAwMTY0MA==,,,1,0,0,0,112,0,112,1,0.89
부산,26,해운대구,26350,반안중학교,,부산광역시 해운대구 반여4동,UzAyMDAwMTYyOQ==,,,0,0,1,0,142,74,68,0,0.0
부산,26,해운대구,26350,반여중학교,,부산광역시 해운대구 반여3동,UzAyMDAwMTYzMA==,,,0,0,0,0,48,29,19,0,0.0
부산,26,동래구,26260,여명중학교,,부산광역시 동래구 사직동,UzAyMDAwMDc4OQ==,,,9,10,12,0,285,285,0,19,6.67
부산,26,동래구,26260,안락중학교,,부산광역시 동래구 안락2동 177-3,UzAyMDAwMDc4Ng==,,,2,7,3,1,168,79,89,9,5.36
부산,26,동래구,26260,사직여자중학교,,부산광역시 동래구 사직2동   970-4,UzAyMDAwMDc4Mw==,,,0,11,6,3,211,0,211,11,5.21
부산,26,동래구,26260,유락여자중학교,,부산광역시 동래구 온천동,UzAyMDAwMDc5NA==,,,2,8,2,0,252,0,252,10,3.97
부산,26,동래구,26260,사직중학교,,부산광역시 동래구 사직동,UzAyMDAwMDc4NA==,,,3,6,8,0,250,166,84,9,3.6
부산,26,동래구,26260,동래중학교,,부산광역시 동래구 명륜동,UzAyMDAwMDc3Mw==,,,3,3,6,0,185,185,0,6,3.24
부산,26,동래구,26260,동해중학교,,부산광역시 동래구 명륜동,UzAyMDAwMDc3NQ==,,,3,2,4,4,184,184,0,5,2.72
부산,26,동래구,26260,부산내성중학교,,부산광역시 동래구 온천3동 1458-20,UzAyMDAwMDc3MQ==,,,1,2,5,0,161,161,0,3,1.86
부산,26,동래구,26260,온천중학교,,부산광역시 동래구 온천동,UzAyMDAwMDc5Mw==,,,1,2,2,4,181,76,105,3,1.66
부산,26,동래구,26260,동신중학교,,부산광역시 동래구 명장2동  26-1,UzAyMDAwMDc3NA==,,,0,1,0,1,63,63,0,1,1.59
부산,26,동래구,26260,남일중학교,,부산광역시 동래구 안락2동 164-1,UzAyMDAwMDc5Ng==,,,1,1,1,1,199,100,99,2,1.01
부산,26,동래구,26260,충렬중학교,,부산광역시 동래구 명장동 149-10,UzAyMDAwMDc5Nw==,,,0,0,0,0,55,55,0,0,0.0
부산,26,동래구,26260,학산여자중학교,,부산광역시 동래구 명장동,UzAyMDAwMDc5OA==,,,0,0,0,2,84,0,84,0,0.0
부산,26,동래구,26260,혜화여자중학교,,부산광역시 동래구 명장동,UzAyMDAwMDc5OQ==,,,0,0,0,0,73,0,73,0,0.0
부산,26,연제구,26470,이사벨중학교,,부산광역시 연제구 거제동,UzAyMDAwMDk4Mw==,,,4,11,2,1,174,51,123,15,8.62
부산,26,연제구,26470,연일중학교,,부산광역시 연제구 연산8동 1086,UzAyMDAwMDk3OQ==,,,0,9,3,0,164,71,93,9,5.49
부산,26,연제구,26470,거성중학교,,부산광역시 연제구 거제4동,UzAyMDAwMDk1OA==,,,2,2,1,2,103,103,0,4,3.88
부산,26,연제구,26470,거제여자중학교,,부산광역시 연제구 거제2동,UzAyMDAwMDk1OQ==,,,0,9,14,0,272,0,272,9,3.31
부산,26,연제구,26470,연천중학교,,부산광역시 연제구 연산9동 272,UzAyMDAwMDk4MQ==,,,1,3,0,0,142,52,90,4,2.82
부산,26,연제구,26470,토현중학교,,부산광역시 연제구 연산9동   2219,UzAyMDAwMDk4Nw==,,,0,2,1,1,99,53,46,2,2.02
부산,26,연제구,26470,연제중학교,,부산광역시 연제구 연산동,UzAyMDAwMDk4MA==,,,0,1,0,0,93,36,57,1,1.08
부산,26,연제구,26470,연산중학교,,부산광역시 연제구 연산동,UzAyMDAwMDk3OA==,,,1,0,0,1,113,113,0,1,0.88
부산,26,남구,26290,분포중학교,,부산광역시 남구 용호1동   176-67번지,UzAyMDAwMDYxNg==,,,4,14,11,0,231,121,110,18,7.79
부산,26,남구,26290,용호중학교,,부산광역시 남구 용호3동,UzAyMDAwMDYyMw==,,,4,10,10,0,184,95,89,14,7.61
부산,26,남구,26290,용문중학교,,부산광역시 남구 용호1동,UzAyMDAwMDYyMQ==,,,2,6,5,0,155,81,74,8,5.16
부산,26,남구,26290,남천중학교,,부산광역시 남구 대연동   455-12,UzAyMDAwMDYwNA==,,,5,7,10,4,276,146,130,12,4.35
부산,26,남구,26290,오륙도중학교,,부산광역시 남구 오륙도로 60,UzAyMDAwMjAwNw==,,,1,4,1,2,126,63,63,5,3.97
부산,26,남구,26290,감만중학교,,부산광역시 남구 감만동,UzAyMDAwMDU5OQ==,,,2,1,0,0,95,63,32,3,3.16
부산,26,남구,26290,문현여자중학교,,부산광역시 남구 문현1동 490번지,UzAyMDAwMDYxMQ==,,,1,2,0,0,98,0,98,3,3.06
부산,26,남구,26290,성동중학교,,부산광역시 남구 문현2동   791번지,UzAyMDAwMDYxOQ==,,,2,1,0,0,126,126,0,3,2.38
부산,26,남구,26290,대연중학교,,부산광역시 남구 대연2동,UzAyMDAwMDYwNg==,,,1,2,1,4,183,102,81,3,1.64
부산,26,남구,26290,해연중학교,,부산광역시 남구 대연6동 1576-1번지,UzAyMDAwMDYyNA==,,,0,3,2,2,188,87,101,3,1.6
부산,26,남구,26290,대천중학교,,부산광역시 남구 대연3동,UzAyMDAwMDYwNw==,,,2,1,6,2,206,137,69,3,1.46
부산,26,남구,26290,석포여자중학교,,부산광역시 남구 용당동,UzAyMDAwMDYxNw==,,,0,1,1,0,77,0,77,1,1.3
부산,26,남구,26290,동항중학교,,부산광역시 남구 감만동,UzAyMDAwMDYxMA==,,,0,0,1,0,84,53,31,0,0.0
부산,26,부산진구,26230,덕명여자중학교,,부산광역시 부산진구 전포동,UzAyMDAwMDk2MQ==,,,1,4,0,0,100,0,100,5,5.0
부산,26,부산진구,26230,동의중학교,,부산광역시 부산진구 전포2동   산114번지,UzAyMDAwMDk2Mw==,,,1,3,2,1,94,94,0,4,4.26
부산,26,부산진구,26230,부산동중학교,,부산광역시 부산진구 전포동,UzAyMDAwMDk3MQ==,,,2,2,2,2,132,132,0,4,3.03
부산,26,부산진구,26230,광무여자중학교,,부산광역시 부산진구 개금동,UzAyMDAwMDk2MA==,,,1,2,0,0,101,0,101,3,2.97
부산,26,부산진구,26230,서면중학교,,부산광역시 부산진구 부암동,UzAyMDAwMDk3Ng==,,,2,0,1,0,72,72,0,2,2.78
부산,26,부산진구,26230,동평여자중학교,,부산광역시 부산진구 부암3동,UzAyMDAwMDk2NA==,,,0,3,1,2,113,0,113,3,2.65
부산,26,부산진구,26230,동평중학교,,부산광역시 부산진구 부암3동,UzAyMDAwMDk2NQ==,,,1,2,2,0,126,126,0,3,2.38
부산,26,부산진구,26230,부산개성중학교,,부산광역시 부산진구 가야동,UzAyMDAwMDk2Nw==,,,3,1,1,1,170,170,0,4,2.35
부산,26,부산진구,26230,항도중학교,,부산광역시 부산진구 전포2동,UzAyMDAwMDk4OA==,,,0,3,1,0,129,129,0,3,2.33
부산,26,부산진구,26230,동양중학교,,부산광역시 부산진구 부암동,UzAyMDAwMTg3NQ==,,,3,1,0,3,172,86,86,4,2.33
부산,26,부산진구,26230,개금여자중학교,,부산광역시 부산진구 당감동,UzAyMDAwMDk1Ng==,,,1,1,0,0,99,0,99,2,2.02
부산,26,부산진구,26230,초읍중학교,,부산광역시 부산진구 초읍동,UzAyMDAwMDk4Ng==,,,0,3,0,0,171,93,78,3,1.75
부산,26,부산진구,26230,개림중학교,,부산광역시 부산진구 개금3동  445-1,UzAyMDAwMDk1Nw==,,,1,2,0,0,187,112,75,3,1.6
부산,26,부산진구,26230,부산진여자중학교,,부산광역시 부산진구 전포동,UzAyMDAwMDk3Mw==,,,0,2,0,0,128,0,128,2,1.56
부산,26,부산진구,26230,양동여자중학교,,부산광역시 부산진구 양정동,UzAyMDAwMTkxOA==,,,1,1,2,0,138,0,138,2,1.45
부산,26,부산진구,26230,부산진중학교,,부산광역시 부산진구 범전동,UzAyMDAwMDk3NA==,,,1,0,1,0,73,73,0,1,1.37
부산,26,부산진구,26230,초연중학교,,부산광역시 부산진구 초읍동,UzAyMDAwMDk4NA==,,,0,2,4,0,152,72,80,2,1.32
부산,26,부산진구,26230,가야여자중학교,,부산광역시 부산진구 가야3동   414-14번지,UzAyMDAwMDk1NQ==,,,0,1,0,3,131,0,131,1,0.76
부산,26,부산진구,26230,부산국제중학교,,부산광역시 부산진구 당감동,UzAyMDAwMDk2OQ==,,,3,9,15,2,45,21,24,12,26.67
부산,26,수영구,26500,한바다중학교,,부산광역시 수영구 광안동,UzAyMDAwMTY0Mg==,,,1,5,12,1,185,93,92,6,3.24
부산,26,수영구,26500,동아중학교,,부산광역시 수영구 광안동,UzAyMDAwMTYyNA==,,,1,2,5,1,184,93,91,3,1.63
부산,26,수영구,26500,부산수영중학교,,부산광역시 수영구 광안동,UzAyMDAwMTYzMQ==,,,0,3,4,1,202,106,96,3,1.49
부산,26,수영구,26500,광안중학교,,부산광역시 수영구 광안동,UzAyMDAwMTYyMA==,,,0,1,1,0,95,53,42,1,1.05
부산,26,수영구,26500,동수영중학교,,부산광역시 수영구 광안동,UzAyMDAwMTYyMw==,,,1,0,1,0,148,81,67,1,0.68
부산,26,수영구,26500,망미중학교,,부산광역시 수영구 망미1동   952-2,UzAyMDAwMTYyNg==,,,0,0,0,1,78,46,32,0,0.0
부산,26,서구,26140,초장중학교,,부산광역시 서구 초장동   75-56,UzAyMDAwMTQzOQ==,,,3,1,0,2,68,68,0,4,5.88
부산,26,서구,26140,대신여자중학교,,부산광역시 서구 동대신동2가   87-9,UzAyMDAwMTQwOQ==,,,0,4,1,1,111,0,111,4,3.6
부산,26,서구,26140,부산대신중학교,,부산광역시 서구 서대신동3가,UzAyMDAwMTQxNw==,,,2,1,4,0,147,147,0,3,2.04
부산,26,서구,26140,경남중학교,,부산광역시 서구 토성동3가 12번지,UzAyMDAwMTQwMQ==,,,1,1,5,0,132,132,0,2,1.52
부산,26,서구,26140,부산중앙여자중학교,,부산광역시 서구 서대신동3가,UzAyMDAwMTQyMw==,,,0,1,0,1,106,0,106,1,0.94
부산,26,서구,26140,부산여자중학교,,부산광역시 서구 서대신동3가,UzAyMDAwMTQyMA==,,,1,0,5,1,149,0,149,1,0.67
부산,26,서구,26140,송도중학교,,부산광역시 서구 남부민동,UzAyMDAwMTQyOQ==,,,0,0,0,0,66,66,0,0,0.0
부산,26,사하구,26380,동주여자중학교,,부산광역시 사하구 괴정동,UzAyMDAwMTQxMw==,,,4,2,6,4,145,0,145,6,4.14
부산,26,사하구,26380,삼성중학교,,부산광역시 사하구 감천동,UzAyMDAwMTQyNg==,,,2,1,5,0,79,79,0,3,3.8
부산,26,사하구,26380,대동중학교,,부산광역시 사하구 신평동,UzAyMDAwMTQwOA==,,,3,1,2,0,157,157,0,4,2.55
부산,26,사하구,26380,하단중학교,,부산광역시 사하구 하단동,UzAyMDAwMTQ0NA==,,,0,3,0,0,129,60,69,3,2.33
부산,26,사하구,26380,당리중학교,,부산광역시 사하구 당리동   438-1번지,UzAyMDAwMTQxOA==,,,1,2,3,0,140,64,76,3,2.14
부산,26,사하구,26380,건국중학교,,부산광역시 사하구 하단동,UzAyMDAwMTQwMA==,,,1,1,1,0,96,96,0,2,2.08
부산,26,사하구,26380,감천중학교,,부산광역시 사하구 감천1동,UzAyMDAwMTM5OQ==,,,1,1,0,0,99,38,61,2,2.02
부산,26,사하구,26380,사하중학교,,부산광역시 사하구 괴정4동   1091-1,UzAyMDAwMTQyNQ==,,,1,2,1,0,150,58,92,3,2.0
부산,26,사하구,26380,두송중학교,,부산광역시 사하구 다대2동,UzAyMDAwMTkwOQ==,,,1,1,1,0,128,70,58,2,1.56
부산,26,사하구,26380,다선중학교,,부산광역시 사하구 다대1동 1549-3,UzAyMDAwMTQwNg==,,,2,0,2,0,143,79,64,2,1.4
부산,26,사하구,26380,장평중학교,,부산광역시 사하구 감천동,UzAyMDAwMTQzNw==,,,1,0,0,0,122,43,79,1,0.82
부산,26,사하구,26380,하남중학교,,부산광역시 사하구 하단1동,UzAyMDAwMTQ0Mw==,,,1,0,0,0,122,61,61,1,0.82
부산,26,사하구,26380,장림여자중학교,,부산광역시 사하구 장림동,UzAyMDAwMTQzNg==,,,0,1,1,0,141,0,141,1,0.71
부산,26,사하구,26380,다대중학교,,부산광역시 사하구 다대동   945번지,UzAyMDAwMTQwNQ==,,,1,0,0,0,153,78,75,1,0.65
부산,26,사하구,26380,다송중학교,,부산광역시 사하구 다대동,UzAyMDAwMTQwNw==,,,0,0,3,2,116,63,53,0,0.0
부산,26,사하구,26380,영남중학교,,부산 사하구 장림동 산,UzAyMDAwMTQzMg==,,,0,0,0,0,118,118,0,0,0.0
부산,26,영도구,26200,부산남중학교,,부산광역시 영도구 남항동2가,UzAyMDAwMTQxNg==,,,2,1,2,0,63,63,0,3,4.76
부산,26,영도구,26200,영도제일중학교,,부산광역시 영도구 동삼동,UzAyMDAwMTQzNA==,,,1,3,0,0,135,67,68,4,2.96
부산,26,영도구,26200,태종대중학교,,부산광역시 영도구 동삼동   523-1,UzAyMDAwMTQ0MQ==,,,0,1,0,0,69,35,34,1,1.45
부산,26,영도구,26200,남도여자중학교,,부산광역시 영도구 신선동2가,UzAyMDAwMTQwMw==,,,0,0,2,0,61,0,61,0,0.0
부산,26,영도구,26200,부산영선중학교,,부산광역시 영도구 신선동3가,UzAyMDAwMTQyMQ==,,,0,0,0,2,61,39,22,0,0.0
부산,26,영도구,26200,신선중학교,,부산광역시 영도구 신선동3가,UzAyMDAwMTQzMA==,,,0,0,0,0,63,40,23,0,0.0
부산,26,영도구,26200,해동중학교,,부산광역시 영도구 동삼동,UzAyMDAwMTQ0NQ==,,,0,0,2,0,91,42,49,0,0.0
부산,26,영도구,26200,부산체육중학교,,부산광역시 영도구 동삼동,UzAyMDAwMjE3Ng==,,,0,0,0,0,36,24,12,0,0.0
부산,26,기장군,26710,정관중학교,,부산광역시 기장군 정관읍 용수리,UzAyMDAwMjA3Mg==,,,2,3,0,4,252,133,119,5,1.98
부산,26,기장군,26710,모전중학교,,부산광역시 기장군 정관읍 정관1로 9,UzAyMDAwMjA2OQ==,,,2,3,3,0,366,195,171,5,1.37
부산,26,기장군,26710,신정중학교,,부산광역시 기장군 정관면 용수리,UzAyMDAwMjAwOQ==,,,1,1,0,0,270,148,122,2,0.74
부산,26,기장군,26710,기장중학교,,부산광역시 기장군 기장읍 대라리,UzAyMDAwMTYyMQ==,,,1,0,0,0,147,78,69,1,0.68
부산,26,기장군,26710,부산중앙중학교,,부산광역시 기장군 정관면 방곡리,UzAyMDAwMDk3Mg==,,,1,0,1,0,178,84,94,1,0.56
부산,26,기장군,26710,장안중학교,,부산광역시 기장군 장안읍 좌천리,UzAyMDAwMTYzOQ==,,,0,0,0,2,132,75,57,0,0.0
부산,26,기장군,26710,대청중학교,,부산광역시 기장군 기장읍 청강리,UzAyMDAwMTgzOQ==,,,0,0,0,1,154,80,74,0,0.0
부산,26,기장군,26710,일광중학교,,부산광역시 기장군 일광읍 해빛3로 99,UzAyMDAwMjMxMQ==,,,0,0,4,1,175,85,90,0,0.0
부산,26,북구,26320,화신중학교,,부산광역시 북구 화명동   1408번지,UzAyMDAwMTIzNA==,,,0,5,0,1,134,65,69,5,3.73
부산,26,북구,26320,화명중학교,,부산광역시 북구 화명1동,UzAyMDAwMTIzMw==,,,3,3,4,4,235,109,126,6,2.55
부산,26,북구,26320,만덕중학교,,부산광역시 북구 만덕동,UzAyMDAwMTIxOQ==,,,0,4,1,0,172,87,85,4,2.33
부산,26,북구,26320,용수중학교,,부산광역시 북구 화명3동,UzAyMDAwMTIyNw==,,,0,5,20,1,228,106,122,5,2.19
부산,26,북구,26320,백양중학교,,부산광역시 북구 만덕2동 878,UzAyMDAwMTIyMg==,,,0,3,4,1,152,82,70,3,1.97
부산,26,북구,26320,금명중학교,,부산광역시 북구 금곡동,UzAyMDAwMTgzNw==,,,1,1,3,0,135,69,66,2,1.48
부산,26,북구,26320,명진중학교,,부산광역시 북구 화명동,UzAyMDAwMTgzOA==,,,1,1,3,4,159,79,80,2,1.26
부산,26,북구,26320,금곡중학교,,부산광역시 북구 금곡동   99-2,UzAyMDAwMTIwOA==,,,0,1,0,2,88,39,49,1,1.14
부산,26,북구,26320,대천리중학교,,부산광역시 북구 화명동   509,UzAyMDAwMTIxMw==,,,1,0,0,0,97,49,48,1,1.03
부산,26,북구,26320,구남중학교,,부산광역시 북구 구포동,UzAyMDAwMTIwNQ==,,,0,1,1,0,99,56,43,1,1.01
부산,26,북구,26320,신덕중학교,,부산광역시 북구 만덕2동,UzAyMDAwMTg3MQ==,,,1,0,0,0,126,68,58,1,0.79
부산,26,북구,26320,가람중학교,,부산광역시 북구 구포2동,UzAyMDAwMTIwMw==,,,0,0,0,1,59,35,24,0,0.0
부산,26,북구,26320,구포중학교,,부산광역시 북구 구포동,UzAyMDAwMTIwNw==,,,0,0,1,0,101,55,46,0,0.0
부산,26,북구,26320,덕천중학교,,부산광역시 북구 덕천1동,UzAyMDAwMTIxNg==,,,0,0,0,11,108,60,48,0,0.0
부산,26,북구,26320,양덕여자중학교,,부산광역시 북구 구포동,UzAyMDAwMTIyNQ==,,,0,0,0,3,40,0,40,0,0.0
부산,26,강서구,26440,오션중학교,,부산광역시 강서구 명지오션시티1로 221,UzAyMDAwMjMyMw==,,,1,7,11,3,258,130,128,8,3.1
부산,26,강서구,26440,명호중학교,,부산광역시 강서구 명지동,UzAyMDAwMjAwNA==,,,4,3,13,3,266,134,132,7,2.63
부산,26,강서구,26440,명지중학교,,부산광역시 강서구 명지국제6로318번길 54,UzAyMDAwMjIxOQ==,,,3,3,3,0,240,140,100,6,2.5
부산,26,강서구,26440,신호중학교,,부산광역시 강서구 신호동,UzAyMDAwMjA2NA==,,,1,3,4,0,179,96,83,4,2.23
부산,26,강서구,26440,경일중학교,,부산광역시 강서구 명지국제6로 149,UzAyMDAwMjI3OA==,,,2,2,4,3,279,126,153,4,1.43
부산,26,강서구,26440,지사중학교,,부산광역시 강서구 지사동,UzAyMDAwMjA3Mw==,,,1,0,1,0,101,56,45,1,0.99
부산,26,강서구,26440,낙동중학교,,부산광역시 강서구 대저로 115,UzAyMDAwMTIxMA==,,,0,0,0,0,33,22,11,0,0.0
부산,26,강서구,26440,녹산중학교,,부산광역시 강서구 녹산동  124번지,UzAyMDAwMTIxMQ==,,,0,0,0,0,7,5,2,0,0.0
부산,26,강서구,26440,대저중학교,,부산광역시 강서구 대저2동,UzAyMDAwMTIxMg==,,,0,0,0,1,36,24,12,0,0.0
부산,26,강서구,26440,덕문중학교,,부산광역시 강서구 성북동,UzAyMDAwMTIxNA==,,,0,0,0,1,12,6,6,0,0.0
부산,26,사상구,26530,학장중학교,,부산광역시 사상구 학장동,UzAyMDAwMTIzMg==,,,1,3,2,0,150,66,84,4,2.67
부산,26,사상구,26530,덕포여자중학교,,부산광역시 사상구 덕포동,UzAyMDAwMTIxNw==,,,0,1,0,0,53,0,53,1,1.89
부산,26,사상구,26530,모동중학교,,부산광역시 사상구 모라동,UzAyMDAwMDk2Ng==,,,1,0,1,0,74,42,32,1,1.35
부산,26,사상구,26530,신라중학교,,부산광역시 사상구 덕포동,UzAyMDAwMDk3NQ==,,,0,1,1,0,96,60,36,1,1.04
부산,26,사상구,26530,엄궁중학교,,부산광역시 사상구 엄궁동,UzAyMDAwMTIyNg==,,,0,1,2,4,159,71,88,1,0.63
부산,26,사상구,26530,모라중학교,,부산광역시 사상구 모라동,UzAyMDAwMTIyMQ==,,,0,1,1,8,161,96,65,1,0.62
부산,26,사상구,26530,동주중학교,,부산광역시 사상구 주례동,UzAyMDAwMTIxOA==,,,0,0,1,0,62,62,0,0,0.0
부산,26,사상구,26530,주감중학교,,부산 사상구 주례1동,UzAyMDAwMTIyOQ==,,,0,0,0,0,103,54,49,0,0.0
부산,26,사상구,26530,주례여자중학교,,부산광역시 사상구 주례3동 95번지,UzAyMDAwMTIzMA==,,,0,0,0,0,71,0,71,0,0.0
부산,26,사상구,26530,주례중학교,,부산광역시 사상구 주례동,UzAyMDAwMTIzMQ==,,,0,0,0,0,54,36,18,0,0.0
부산,26,동구,26170,선화여자중학교,,부산광역시 동구 초량동,UzAyMDAwMDYxOA==,,,1,4,0,0,85,0,85,5,5.88
부산,26,동구,26170,부산중학교,,부산광역시 동구 초량동,UzAyMDAwMDYxNQ==,,,0,1,0,0,94,94,0,1,1.06
부산,26,동구,26170,부산서중학교,,부산광역시 동구 수정1동   1048번지,UzAyMDAwMDYxNA==,,,1,0,0,0,97,97,0,1,1.03
부산,26,동구,26170,경남여자중학교,,부산광역시 동구 수정동,UzAyMDAwMDYwMA==,,,0,0,1,0,117,0,117,0,0.0
부산,26,동구,26170,부산동여자중학교,,부산광역시 동구 수정5동   599-42,UzAyMDAwMDYxMw==,,,0,0,1,0,31,0,31,0,0.0
부산,26,중구,26110,덕원중학교,,부산광역시 중구 대청동4가,UzAyMDAwMDYwOA==,,,0,2,1,1,87,87,0,2,2.3
대구,27,달서구,27290,이곡중학교,,대구광역시 달서구 이곡2동 1270~1335,UzAzMDAwMDM5OQ==,,,0,4,2,0,73,39,34,4,5.48
대구,27,달서구,27290,송현여자중학교,,대구광역시 달서구 송현동,UzAzMDAwMDM5MA==,,,0,3,1,0,63,0,63,3,4.76
대구,27,달서구,27290,대건중학교,,대구광역시 달서구 월성동,UzAzMDAwMDM3Mw==,,,2,8,10,0,238,115,123,10,4.2
대구,27,달서구,27290,상원중학교,,대구광역시 달서구 상인1동,UzAzMDAwMDM4NA==,,,1,7,0,1,244,132,112,8,3.28
대구,27,달서구,27290,원화중학교,,대구광역시 달서구 당산로24길 71,UzAzMDAwMDM5Ng==,,,3,2,7,1,165,68,97,5,3.03
대구,27,달서구,27290,월암중학교,,대구광역시 달서구 월성동,UzAzMDAwMTkxMQ==,,,3,3,12,1,246,110,136,6,2.44
대구,27,달서구,27290,학산중학교,,대구광역시 달서구 월성동,UzAzMDAwMDQwMg==,,,1,2,10,1,126,61,65,3,2.38
대구,27,달서구,27290,성지중학교,,대구광역시 달서구 이곡동,UzAzMDAwMDM4OQ==,,,0,4,4,0,215,104,111,4,1.86
대구,27,달서구,27290,월서중학교,,대구광역시 달서구 월성동,UzAzMDAwMTgxMA==,,,3,3,11,1,356,164,192,6,1.69
대구,27,달서구,27290,영남중학교,,대구광역시 달서구 상인동,UzAzMDAwMDM5Mw==,,,3,1,5,1,243,243,0,4,1.65
대구,27,달서구,27290,도원중학교,,대구광역시 달서구 도원동,UzAzMDAwMDM4MA==,,,2,1,5,3,211,110,101,3,1.42
대구,27,달서구,27290,성산중학교,,대구광역시 달서구 용산동,UzAzMDAwMDM4Nw==,,,0,2,6,0,152,80,72,2,1.32
대구,27,달서구,27290,와룡중학교,,대구광역시 달서구 이곡동,UzAzMDAwMDM5NA==,,,1,1,1,3,153,92,61,2,1.31
대구,27,달서구,27290,성서중학교,,대구광역시 달서구 용산동,UzAzMDAwMDM4OA==,,,1,2,12,0,236,125,111,3,1.27
대구,27,달서구,27290,용산중학교,,대구광역시 달서구 용산1동,UzAzMDAwMDM5NQ==,,,0,2,2,0,161,83,78,2,1.24
대구,27,달서구,27290,대곡중학교,,대구광역시 달서구 도원동,UzAzMDAwMDM3NA==,,,1,1,0,1,172,106,66,2,1.16
대구,27,달서구,27290,조암중학교,,대구광역시 달서구 월성동,UzAzMDAwMTg1Mg==,,,0,4,9,1,371,176,195,4,1.08
대구,27,달서구,27290,상서중학교,,대구광역시 달서구 성당동,UzAzMDAwMDM4Mw==,,,0,1,2,0,115,57,58,1,0.87
대구,27,달서구,27290,성당중학교,,대구광역시 달서구 대명천로 102,UzAzMDAwMDM4Ng==,,,0,1,5,1,170,80,90,1,0.59
대구,27,달서구,27290,효성중학교,,대구광역시 달서구월성동,UzAzMDAwMDQwNQ==,,,1,0,5,0,201,78,123,1,0.5
대구,27,달서구,27290,대진중학교,,대구광역시 달서구 대곡동,UzAzMDAwMTc0MQ==,,,0,1,0,2,221,130,91,1,0.45
대구,27,달서구,27290,경암중학교,,대구광역시 달서구 성당동,UzAzMDAwMDM2OQ==,,,0,0,1,1,63,32,31,0,0.0
대구,27,달서구,27290,대서중학교,,대구광역시 달서구 송현2동,UzAzMDAwMDM3OQ==,,,0,0,0,1,117,64,53,0,0.0
대구,27,달서구,27290,상인중학교,,대구광역시 달서구 상인3동 1547~1562,UzAzMDAwMDM4NQ==,,,0,0,3,0,53,27,26,0,0.0
대구,27,달서구,27290,월배중학교,,대구광역시 달서구 진천동,UzAzMDAwMDM5OA==,,,0,0,1,2,118,64,54,0,0.0
대구,27,달서구,27290,성곡중학교,,대구광역시 달서구 용산2동,UzAzMDAwMTY1Nw==,,,0,0,2,0,74,29,45,0,0.0
대구,27,달서구,27290,새본리중학교,,대구광역시 달서구 대명천로 167,UzAzMDAwMjA1NA==,,,0,0,1,0,88,43,45,0,0.0
대구,27,달서구,27290,구남중학교,,대구광역시 달서구 두류동,UzAzMDAwMDM3MQ==,,,0,0,0,0,33,13,20,0,0.0
대구,27,수성구,27260,수성중학교,,대구광역시 수성구 파동,UzAzMDAwMDY0Mw==,,,2,1,0,1,60,31,29,3,5.0
대구,27,수성구,27260,소선여자중학교,,대구광역시 수성구 만촌동,UzAzMDAwMDY0MQ==,,,2,11,8,0,288,0,288,13,4.51
대구,27,수성구,27260,시지중학교,,대구광역시 수성구 신매동,UzAzMDAwMDY0NQ==,,,1,8,4,4,246,113,133,9,3.66
대구,27,수성구,27260,대구동중학교,,대구광역시 수성구 수성동2가,UzAzMDAwMDYyNQ==,,,4,8,4,1,364,172,192,12,3.3
대구,27,수성구,27260,신명여자중학교,,대구광역시 수성구 수성동1가,UzAzMDAwMDY0Ng==,,,2,5,4,5,227,0,227,7,3.08
대구,27,수성구,27260,덕화중학교,,대구광역시 수성구 상동,UzAzMDAwMDYzMg==,,,0,3,1,3,107,61,46,3,2.8
대구,27,수성구,27260,범물중학교,,대구광역시 수성구 범물2동,UzAzMDAwMDYzOA==,,,1,3,1,4,163,65,98,4,2.45
대구,27,수성구,27260,대구동부중학교,,대구광역시 수성구 만촌동,UzAzMDAwMDYyNA==,,,1,3,3,1,192,81,111,4,2.08
대구,27,수성구,27260,황금중학교,,대구광역시 수성구 황금2동,UzAzMDAwMDY0Mg==,,,1,3,1,3,234,131,103,4,1.71
대구,27,수성구,27260,범일중학교,,대구광역시 수성구 지범로41길 23,UzAzMDAwMDYzNw==,,,0,1,0,0,60,26,34,1,1.67
대구,27,수성구,27260,경신중학교,,대구광역시 수성구 범어동,UzAzMDAwMDYyMA==,,,4,1,6,1,305,305,0,5,1.64
대구,27,수성구,27260,노변중학교,,대구광역시 수성구 시지로 66,UzAzMDAwMTcxNA==,,,1,1,1,0,132,62,70,2,1.52
대구,27,수성구,27260,대륜중학교,,대구광역시 수성구 만촌3동,UzAzMDAwMDYzMA==,,,4,0,0,1,275,275,0,4,1.45
대구,27,수성구,27260,정화중학교,,대구광역시 수성구 범어동,UzAzMDAwMDY1NQ==,,,1,4,8,2,352,68,284,5,1.42
대구,27,수성구,27260,덕원중학교,,대구광역시 수성구 욱수동,UzAzMDAwMDYzMQ==,,,1,1,3,0,193,116,77,2,1.04
대구,27,수성구,27260,대구중앙중학교,,대구광역시 수성구 수성동4가 1145,UzAzMDAwMDYyOA==,,,0,1,0,0,103,103,0,1,0.97
대구,27,수성구,27260,지산중학교,,대구광역시 수성구 지산2동,UzAzMDAwMDY1Ng==,,,1,0,1,2,117,35,82,1,0.85
대구,27,수성구,27260,오성중학교,,대구광역시 수성구 만촌3동,UzAzMDAwMDY1Mg==,,,0,2,2,2,274,274,0,2,0.73
대구,27,수성구,27260,동원중학교,,대구광역시 수성구 만촌1동,UzAzMDAwMDYzNQ==,,,0,1,0,0,139,65,74,1,0.72
대구,27,수성구,27260,매호중학교,,대구광역시 수성구 매호동,UzAzMDAwMDY0NA==,,,1,0,0,0,143,85,58,1,0.7
대구,27,수성구,27260,동도중학교,,대구광역시 수성구 범어4동,UzAzMDAwMDYzMw==,,,0,2,26,2,293,93,200,2,0.68
대구,27,수성구,27260,능인중학교,,대구광역시 수성구 지산동,UzAzMDAwMDYyMw==,,,0,1,1,0,176,176,0,1,0.57
대구,27,수성구,27260,고산중학교,,대구광역시 수성구 시지동,UzAzMDAwMTY1Ng==,,,0,1,0,1,218,118,100,1,0.46
대구,27,서구,27170,중리중학교,,대구광역시 서구 중리동,UzAzMDAwMDg1Ng==,,,2,5,6,5,164,77,87,7,4.27
대구,27,서구,27170,경운중학교,,대구광역시 서구 내당4동,UzAzMDAwMDgzMA==,,,0,0,3,0,143,83,60,0,0.0
대구,27,서구,27170,경일중학교,,대구광역시 서구 원대동1가,UzAzMDAwMDgzMQ==,,,0,0,0,2,56,32,24,0,0.0
대구,27,서구,27170,서남중학교,,대구광역시 서구 중리동,UzAzMDAwMDg1NQ==,,,0,0,0,0,56,28,28,0,0.0
대구,27,서구,27170,대평중학교,,대구광역시 서구 평리동,UzAzMDAwMDg2MA==,,,0,0,0,2,58,34,24,0,0.0
대구,27,서구,27170,평리중학교,,대구광역시 서구 평리동,UzAzMDAwMDg2MQ==,,,0,0,1,3,142,76,66,0,0.0
대구,27,서구,27170,서대구중학교,,대구광역시 서구 평리동,UzAzMDAwMjExMg==,,,0,0,4,3,84,35,49,0,0.0
대구,27,서구,27170,대구청라중학교,,대구광역시 서구 비산4동,UzAzMDAwMDgyOQ==,,,0,0,1,1,44,0,44,0,0.0
대구,27,중구,27110,성명여자중학교,,대구광역시 중구 국채보상로,UzAzMDAwMDY0MA==,,,1,4,0,0,138,0,138,5,3.62
대구,27,중구,27110,경북대학교사범대학부설중학교,,대구광역시 중구 대봉동,UzAwMDAwMzQ5MQ==,,,3,3,1,5,173,97,76,6,3.47
대구,27,중구,27110,경구중학교,,대구광역시 중구 남산동,UzAzMDAwMDYxOQ==,,,1,0,0,0,83,83,0,1,1.2
대구,27,중구,27110,대구제일중학교,,대구광역시 중구 봉산동,UzAzMDAwMDYyNw==,,,0,1,1,2,84,38,46,1,1.19
대구,27,중구,27110,계성중학교,,대구광역시 중구 대신동,UzAzMDAwMDYyMQ==,,,0,0,0,0,167,84,83,0,0.0
대구,27,북구,27230,성광중학교,,대구광역시 북구 복현동,UzAzMDAwMDg1MQ==,,,4,3,3,0,218,218,0,7,3.21
대구,27,북구,27230,경명여자중학교,,대구광역시 북구 칠성동2가,UzAzMDAwMDgyNg==,,,0,6,6,1,192,0,192,6,3.12
대구,27,북구,27230,사수중학교,,대구광역시 북구 사수동,UzAzMDAwMjA3Mw==,,,0,4,3,2,137,77,60,4,2.92
대구,27,북구,27230,복현중학교,,대구광역시 북구 복현2동,UzAzMDAwMDg0Nw==,,,0,3,2,0,110,48,62,3,2.73
대구,27,북구,27230,동변중학교,,대구광역시 북구 동변동,UzAzMDAwMTY5MA==,,,0,3,1,2,113,53,60,3,2.65
대구,27,북구,27230,구암중학교,,대구광역시 북구 구암동 694-2,UzAzMDAwMDgzOQ==,,,1,3,4,0,195,103,92,4,2.05
대구,27,북구,27230,강북중학교,,대구광역시 북구 구암동,UzAzMDAwMTY4OQ==,,,1,5,2,0,317,144,173,6,1.89
대구,27,북구,27230,팔달중학교,,대구광역시 북구 팔달동,UzAzMDAwMDg1OQ==,,,0,1,0,1,53,25,28,1,1.89
대구,27,북구,27230,매천중학교,,대구광역시 북구 태전2동,UzAzMDAwMTgyMg==,,,1,3,1,3,212,106,106,4,1.89
대구,27,북구,27230,동평중학교,,대구광역시 북구 구암동,UzAzMDAwMDg0NQ==,,,4,1,9,1,292,146,146,5,1.71
대구,27,북구,27230,관천중학교,,대구광역시 북구 태전동,UzAzMDAwMDgzNg==,,,0,2,1,2,127,61,66,2,1.57
대구,27,북구,27230,대구북중학교,,대구광역시 북구 복현동,UzAzMDAwMDg0MQ==,,,0,1,1,4,85,50,35,1,1.18
대구,27,북구,27230,서변중학교,,대구광역시 북구 서변동,UzAzMDAwMTY4OA==,,,0,1,0,0,96,54,42,1,1.04
대구,27,북구,27230,성화중학교,,대구광역시 북구 복현동,UzAzMDAwMDg1Mw==,,,1,1,0,1,210,63,147,2,0.95
대구,27,북구,27230,칠곡중학교,,대구광역시 북구 읍내동,UzAzMDAwMDg1Nw==,,,0,1,5,0,108,61,47,1,0.93
대구,27,북구,27230,침산중학교,,대구광역시 북구 침산3동,UzAzMDAwMDg1OA==,,,0,1,1,0,233,135,98,1,0.43
대구,27,북구,27230,학남중학교,,대구 북구 국우동,UzAzMDAwMDg2Mg==,,,0,1,0,3,250,124,126,1,0.4
대구,27,북구,27230,관음중학교,,대구 북구 관음동,UzAzMDAwMDgzNQ==,,,0,0,1,0,84,44,40,0,0.0
대구,27,북구,27230,대구일중학교,,대구광역시 북구 침산동,UzAzMDAwMDg0NA==,,,0,0,0,3,293,140,153,0,0.0
대구,27,북구,27230,산격중학교,,대구광역시 북구 산격동,UzAzMDAwMDg0OQ==,,,0,0,0,0,76,35,41,0,0.0
대구,27,북구,27230,운암중학교,,대구광역시 북구 구암동 801번지,UzAzMDAwMDg1NA==,,,0,0,1,0,136,70,66,0,0.0
대구,27,북구,27230,대구체육중학교,,대구광역시 북구 동호동,UzAzMDAwMjAxMA==,,,0,0,0,0,20,9,11,0,0.0
대구,27,동구,27140,공산중학교,,대구광역시 동구 백안동,UzAzMDAwMDYyMg==,,,1,3,1,0,67,34,33,4,5.97
대구,27,동구,27140,대구팔공중학교,,대구광역시 동구 지묘동,UzAzMDAwMjE0OA==,,,2,4,2,4,119,63,56,6,5.04
대구,27,동구,27140,신기중학교,,대구광역시 동구 신기동,UzAzMDAwMDY0OQ==,,,2,3,0,3,113,60,53,5,4.42
대구,27,동구,27140,새론중학교,,대구광역시 동구 각산동,UzAzMDAwMTg2Mw==,,,5,6,3,2,265,157,108,11,4.15
대구,27,동구,27140,강동중학교,,대구 동구 신서동,UzAzMDAwMTY4Nw==,,,3,4,0,1,300,163,137,7,2.33
대구,27,동구,27140,영신중학교,,대구광역시 동구 봉무동,UzAzMDAwMDY1MQ==,,,0,4,2,0,220,114,106,4,1.82
대구,27,동구,27140,율원중학교,,대구광역시 동구 율하동 1051~1642,UzAzMDAwMTgyOQ==,,,1,3,2,1,227,112,115,4,1.76
대구,27,동구,27140,청구중학교,,대구광역시 동구 신천3동,UzAzMDAwMDY1Nw==,,,2,1,1,0,186,186,0,3,1.61
대구,27,동구,27140,안심중학교,,대구광역시 동구 서호동,UzAzMDAwMDY1MA==,,,1,0,0,1,141,51,90,1,0.71
대구,27,동구,27140,동촌중학교,,대구광역시 동구 방촌동,UzAzMDAwMDYzNg==,,,0,0,0,0,73,35,38,0,0.0
대구,27,동구,27140,불로중학교,,대구광역시 동구 불로동,UzAzMDAwMDYzOQ==,,,0,0,0,3,104,58,46,0,0.0
대구,27,동구,27140,입석중학교,,대구광역시 동구 입석동,UzAzMDAwMDY1NA==,,,0,0,0,1,59,23,36,0,0.0
대구,27,동구,27140,신아중학교,,대구광역시 동구 신암동,UzAzMDAwMjA5MQ==,,,0,0,0,1,88,29,59,0,0.0
대구,27,달성군,27710,심인중학교,,대구광역시 달성군 다사읍 죽곡리,UzAzMDAwMDM5Mg==,,,0,11,1,0,164,85,79,11,6.71
대구,27,달성군,27710,화원중학교,,대구광역시 달성군 화원읍 본리리,UzAzMDAwMDU2NA==,,,0,4,0,0,86,47,39,4,4.65
대구,27,달성군,27710,경서중학교,,대구광역시 달성군 옥포면 교항리,UzAzMDAwMDU1NQ==,,,0,3,0,0,130,68,62,3,2.31
대구,27,달성군,27710,왕선중학교,,대구광역시 달성군 다사읍 매곡리,UzAzMDAwMTgyMw==,,,2,3,4,0,278,137,141,5,1.8
대구,27,달성군,27710,현풍중학교,,대구광역시 달성군 현풍읍 성하리,UzAzMDAwMDU2Mw==,,,0,1,0,0,69,39,30,1,1.45
대구,27,달성군,27710,서재중학교,,대구광역시 달성군 다사읍 서재리,UzAzMDAwMTY3OQ==,,,1,1,1,0,149,83,66,2,1.34
대구,27,달성군,27710,서동중학교,,대구광역시 달성군 다사읍 서재로12길 11-11,UzAzMDAwMjExMQ==,,,0,3,1,1,229,113,116,3,1.31
대구,27,달성군,27710,구지중학교,,대구광역시 달성군 구지면 창리,UzAzMDAwMDU1Ng==,,,0,2,0,3,159,81,78,2,1.26
대구,27,달성군,27710,포산중학교,,대구광역시 달성군 유가읍 테크노북로6길 10,UzAzMDAwMDU2MQ==,,,1,1,0,2,246,123,123,2,0.81
대구,27,달성군,27710,유가중학교,,대구광역시 달성군 유가읍 테크노대로5길 20,UzAzMDAwMjA3NA==,,,0,1,3,1,247,133,114,1,0.4
대구,27,달성군,27710,다사중학교,,대구광역시 달성군 다사읍 매곡리,UzAzMDAwMDU1OA==,,,0,0,0,2,166,73,93,0,0.0
대구,27,달성군,27710,달성중학교,,대구광역시 달성군 화원읍 명곡리,UzAzMDAwMDU2MA==,,,0,0,1,0,167,79,88,0,0.0
대구,27,달성군,27710,북동중학교,,대구광역시 달성군 논공읍 남3리,UzAzMDAwMTY3OA==,,,0,0,0,5,60,34,26,0,0.0
대구,27,달성군,27710,천내중학교,,대구광역시 달성군 화원읍 구라리,UzAzMDAwMTcxMg==,,,0,0,2,0,74,43,31,0,0.0
대구,27,달성군,27710,가창중학교,,대구광역시 달성군 가창면 냉천리,UzAzMDAwMDU1NA==,,,0,2,1,2,38,11,27,2,5.26
대구,27,달성군,27710,논공중학교,,대구광역시 달성군 논공읍 남리,UzAzMDAwMDU1Nw==,,,0,0,0,1,37,17,20,0,0.0
대구,27,달성군,27710,달서중학교,,대구광역시 달성군 하빈면 감문리,UzAzMDAwMDU1OQ==,,,0,0,0,0,9,8,1,0,0.0
대구,27,달성군,27710,한울안중학교,,대구광역시 달성군 현풍읍 지동길 31,UzAzMDAwMjEwNg==,,,0,0,0,0,28,11,17,0,0.0
대구,27,남구,27200,대명중학교,,대구 남구 대명9동 519,UzAzMDAwMDM3OA==,,,2,1,0,2,93,60,33,3,3.23
대구,27,남구,27200,경일여자중학교,,대구광역시 남구 봉덕3동,UzAzMDAwMDM2Nw==,,,1,2,0,4,179,0,179,3,1.68
대구,27,남구,27200,협성경복중학교,,대구광역시 남구 봉덕동,UzAzMDAwMDQwMw==,,,0,1,2,0,164,164,0,1,0.61
대구,27,남구,27200,경상중학교,,대구광역시 남구 대명2동,UzAzMDAwMDM2Ng==,,,0,0,0,3,126,78,48,0,0.0
대구,27,남구,27200,경혜여자중학교,,대구광역시 남구 성당로18길 20,UzAzMDAwMDM2OA==,,,0,0,0,0,51,0,51,0,0.0
대구,27,남구,27200,대구중학교,,대구광역시 남구 이천동,UzAzMDAwMDM3Ng==,,,0,0,0,2,100,72,28,0,0.0
대구,27,군위군,27720,군위중학교,,대구광역시 군위군 군위읍 정리 1140-11,UzAzMDAwMjE3NA==,,,0,0,2,0,59,40,19,0,0.0
대구,27,군위군,27720,부계중학교,,대구광역시 군위군 부계면 춘산리 478,UzAzMDAwMjE4MA==,,,0,0,0,0,5,3,2,0,0.0
대구,27,군위군,27720,부계중학교효령분교장,,대구광역시 군위군 효령면 중구리 355,UzAzMDAwMjE4MQ==,,,0,0,0,0,8,3,5,0,0.0
인천,28,연수구,28185,인천신정중학교,,인천광역시 연수구 송도동,UzA0MDAwMjAyMQ==,,,11,41,60,6,413,202,211,52,12.59
인천,28,연수구,28185,박문중학교,,인천광역시 연수구 송도과학로51번길 102,UzA0MDAwMDQzOQ==,,,6,25,21,5,279,142,137,31,11.11
인천,28,연수구,28185,인천예송중학교,,인천광역시 연수구 송도동,UzA0MDAwMjA1NA==,,,4,23,44,12,308,160,148,27,8.77
인천,28,연수구,28185,신송중학교,,인천광역시 연수구 송도동,UzA0MDAwMTc5MA==,,,11,22,27,3,382,191,191,33,8.64
인천,28,연수구,28185,능허대중학교,,인천광역시 연수구 송도동,UzA0MDAwMTcyMw==,,,7,19,15,6,303,159,144,26,8.58
인천,28,연수구,28185,인천해송중학교,,인천광역시 연수구 송도동,UzA0MDAwMTk3Mw==,,,4,15,17,3,242,113,129,19,7.85
인천,28,연수구,28185,인천미송중학교,,인천광역시 연수구 아카데미로 679,UzA0MDAwMjI5Nw==,,,4,16,15,4,380,195,185,20,5.26
인천,28,연수구,28185,인천현송중학교,,인천광역시 연수구 송도동,UzA0MDAwMjMwNw==,,,4,8,22,4,249,139,110,12,4.82
인천,28,연수구,28185,연성중학교,,인천광역시 연수구 동춘3동,UzA0MDAwMDYzMA==,,,2,6,3,2,236,121,115,8,3.39
인천,28,연수구,28185,인천여자중학교,,인천광역시 연수구 동춘2동,UzA0MDAwMDYzNA==,,,0,3,1,1,122,0,122,3,2.46
인천,28,연수구,28185,청량중학교,,인천 연수구 동춘동,UzA0MDAwMDYzNw==,,,0,5,7,4,286,141,145,5,1.75
인천,28,연수구,28185,선학중학교,,인천광역시 연수구선학동,UzA0MDAwMDYyOA==,,,0,2,2,6,116,59,57,2,1.72
인천,28,연수구,28185,연화중학교,,인천광역시 연수구 연수동,UzA0MDAwMDYzMg==,,,0,3,1,5,218,102,116,3,1.38
인천,28,연수구,28185,옥련중학교,,인천 연수구 옥련동,UzA0MDAwMDYzNQ==,,,0,2,2,2,162,96,66,2,1.23
인천,28,연수구,28185,인천중학교,,인천광역시 연수구 연수동,UzA0MDAwMDYzNg==,,,1,0,0,0,93,93,0,1,1.08
인천,28,연수구,28185,인송중학교,,인천광역시 연수구옥련동,UzA0MDAwMDYzMw==,,,0,2,2,1,194,95,99,2,1.03
인천,28,연수구,28185,연수중학교,,인천광역시 연수구 연수동,UzA0MDAwMDYzMQ==,,,0,1,1,2,157,89,68,1,0.64
인천,28,연수구,28185,청학중학교,,인천 연수구 함박뫼로 5,UzA0MDAwMDYzOA==,,,0,0,0,0,72,48,24,0,0.0
인천,28,연수구,28185,함박중학교,,인천광역시 연수구 청학동,UzA0MDAwMTY5NQ==,,,0,0,0,0,63,37,26,0,0.0
인천,28,강화군,28710,강화여자중학교,,인천광역시 강화군 강화읍 관청리,UzA0MDAwMDMyMA==,,,0,1,0,0,157,0,157,1,0.64
인천,28,강화군,28710,강화중학교,,인천광역시 강화군 강화읍  관청리,UzA0MDAwMDMyMQ==,,,1,0,0,1,179,179,0,1,0.56
인천,28,강화군,28710,승영중학교,,인천광역시 강화군 삼산면 석모리,UzA0MDAwMDMyNQ==,,,1,1,0,0,19,10,9,2,10.53
인천,28,강화군,28710,강남중학교,,인천광역시 강화군 길상면 온수리,UzA0MDAwMDMxNw==,,,0,0,0,1,40,27,13,0,0.0
인천,28,강화군,28710,강서중학교,,인천광역시 강화군 하점면 이강리,UzA0MDAwMDMxOA==,,,0,0,0,0,6,3,3,0,0.0
인천,28,강화군,28710,교동중학교,,인천광역시 강화군 교동면 대룡리,UzA0MDAwMDMyMg==,,,0,0,0,1,10,6,4,0,0.0
인천,28,강화군,28710,동광중학교,,인천광역시 강화군 양도면 하일리,UzA0MDAwMDMyMw==,,,0,0,0,0,16,16,0,0,0.0
인천,28,강화군,28710,서도중학교,,인천광역시 강화군 서도면 주문도리,UzA0MDAwMDMyNg==,,,0,0,0,0,1,1,0,0,0.0
인천,28,강화군,28710,심도중학교,,인천광역시 강화군 화도면 상방리,UzA0MDAwMDMyOQ==,,,0,0,0,0,16,6,10,0,0.0
인천,28,부평구,28237,부원여자중학교,,인천광역시 부평구 부평동,UzA0MDAwMDc3Mg==,,,4,24,3,1,297,0,297,28,9.43
인천,28,부평구,28237,진산중학교,,인천광역시 부평구 삼산동,UzA0MDAwMTgwNg==,,,10,15,8,2,308,169,139,25,8.12
인천,28,부평구,28237,산곡중학교,,인천광역시 부평구 산곡1동,UzA0MDAwMDc4Nw==,,,1,6,1,3,116,116,0,7,6.03
인천,28,부평구,28237,산곡여자중학교,,인천광역시 부평구 산곡2동 202~265,UzA0MDAwMDc4Ng==,,,3,10,2,1,261,0,261,13,4.98
인천,28,부평구,28237,부평서여자중학교,,인천광역시 부평구 십정동,UzA0MDAwMDc3Nw==,,,1,4,1,1,122,0,122,5,4.1
인천,28,부평구,28237,산곡남중학교,,인천광역시 부평구산곡2동,UzA0MDAwMDc4NQ==,,,3,6,5,1,270,270,0,9,3.33
인천,28,부평구,28237,동암중학교,,인천광역시 부평구 십정2동,UzA0MDAwMDc2Nw==,,,1,3,0,0,123,69,54,4,3.25
인천,28,부평구,28237,부일중학교,,인천광역시 부평구 삼산동,UzA0MDAwMDc3NQ==,,,0,4,0,2,142,73,69,4,2.82
인천,28,부평구,28237,부평서중학교,,인천광역시 부평구 산곡3동,UzA0MDAwMDc3OA==,,,0,2,0,0,79,79,0,2,2.53
인천,28,부평구,28237,인천상정중학교,,인천광역시 부평구 십정동,UzA0MDAwMTgxNA==,,,0,3,1,0,125,71,54,3,2.4
인천,28,부평구,28237,부원중학교,,인천광역시 부평구 부평동,UzA0MDAwMDc3Mw==,,,2,4,4,11,270,270,0,6,2.22
인천,28,부평구,28237,부광중학교,,인천광역시 부평구부개3동,UzA0MDAwMDc3MQ==,,,0,4,0,1,214,106,108,4,1.87
인천,28,부평구,28237,삼산중학교,,인천광역시 부평구 삼산동,UzA0MDAwMTgwNQ==,,,6,0,0,3,321,164,157,6,1.87
인천,28,부평구,28237,구산중학교,,인천광역시 부평구 부개3동,UzA0MDAwMDc2NQ==,,,2,2,1,2,299,150,149,4,1.34
인천,28,부평구,28237,부흥중학교,,인천 부평구 부개동,UzA0MDAwMDc4MQ==,,,2,0,2,0,180,84,96,2,1.11
인천,28,부평구,28237,갈산중학교,,인천광역시 부평구 갈산동,UzA0MDAwMDc1OQ==,,,1,0,0,4,115,52,63,1,0.87
인천,28,부평구,28237,청천중학교,,인천광역시 부평구청천2동,UzA0MDAwMDc5OQ==,,,0,1,0,1,196,103,93,1,0.51
인천,28,부평구,28237,인천동수중학교,,인천광역시 부평구 부평2동,UzA0MDAwMDc3NA==,,,0,0,0,2,53,0,53,0,0.0
인천,28,부평구,28237,부평동중학교,,인천광역시 부평구 부개2동,UzA0MDAwMDc3Ng==,,,0,0,2,0,118,118,0,0,0.0
인천,28,부평구,28237,부평여자중학교,,인천광역시 부평구 부개2동,UzA0MDAwMDc3OQ==,,,0,0,0,3,114,0,114,0,0.0
인천,28,부평구,28237,부평중학교,,인천광역시 부평구 부평동,UzA0MDAwMDc4MA==,,,0,0,0,3,114,114,0,0,0.0
인천,28,중구,28110,영종중학교,,인천광역시 중구 운남동,UzA0MDAwMDQzMA==,,,1,7,16,3,195,89,106,8,4.1
인천,28,중구,28110,광성중학교,,인천광역시 중구 도원동,UzA0MDAwMDQxNA==,,,1,2,0,0,95,95,0,3,3.16
인천,28,중구,28110,인천중산중학교,,인천광역시 중구 중산동,UzA0MDAwMjI4NA==,,,0,8,41,0,309,150,159,8,2.59
인천,28,중구,28110,인천하늘중학교,,인천광역시 중구 운남동,UzA0MDAwMjE0OQ==,,,2,4,20,0,305,162,143,6,1.97
인천,28,중구,28110,인천공항중학교,,인천 중구 운서동,UzA0MDAwMDQzNg==,,,0,5,32,0,286,150,136,5,1.75
인천,28,중구,28110,신흥여자중학교,,인천광역시 중구 신흥동3가,UzA0MDAwMDQyNw==,,,0,1,0,0,96,0,96,1,1.04
인천,28,중구,28110,인성여자중학교,,인천광역시 중구송학동2가,UzA0MDAwMDQzNQ==,,,0,1,0,0,101,0,101,1,0.99
인천,28,중구,28110,송도중학교,,인천광역시 중구 답동,UzA0MDAwMDQyNg==,,,0,0,0,0,64,64,0,0,0.0
인천,28,중구,28110,신흥중학교,,인천광역시 중구 신흥동3가,UzA0MDAwMDQyOA==,,,0,0,0,0,88,88,0,0,0.0
인천,28,중구,28110,용유중학교,,인천광역시 중구 남북동,UzA0MDAwMDQzMg==,,,0,1,0,0,12,7,5,1,8.33
인천,28,서구,28260,인천청호중학교,,인천광역시 서구 청라동,UzA0MDAwMjMzNg==,,,5,14,0,2,158,88,70,19,12.03
인천,28,서구,28260,인천청람중학교,,인천광역시 서구 청라동,UzA0MDAwMjA2Ng==,,,3,20,4,0,312,157,155,23,7.37
인천,28,서구,28260,인천청라중학교,,인천광역시 서구 연희동,UzA0MDAwMjAyNA==,,,9,15,6,4,335,186,149,24,7.16
인천,28,서구,28260,인천경연중학교,,인천광역시 서구 차오름로 64,UzA0MDAwMjI4OA==,,,1,4,1,0,96,52,44,5,5.21
인천,28,서구,28260,인천해원중학교,,인천광역시 서구 경서동,UzA0MDAwMjAzNg==,,,6,10,2,1,331,174,157,16,4.83
인천,28,서구,28260,인천초은중학교,,인천광역시 서구 연희동,UzA0MDAwMjAyNg==,,,1,13,5,3,293,141,152,14,4.78
인천,28,서구,28260,동인천여자중학교,,인천광역시 서구 가좌4동,UzA0MDAwMDc2OA==,,,1,3,1,0,97,0,97,4,4.12
인천,28,서구,28260,원당중학교,,인천광역시 서구 원당동,UzA0MDAwMTc5OQ==,,,1,5,2,1,167,65,102,6,3.59
인천,28,서구,28260,인천이음중학교,,인천광역시 서구 원당동,UzA0MDAwMjAzMQ==,,,3,8,3,6,325,148,177,11,3.38
인천,28,서구,28260,신현여자중학교,,인천광역시 서구 신현동,UzA0MDAwMDc5MA==,,,1,2,0,0,101,0,101,3,2.97
인천,28,서구,28260,인천석남중학교,,인천광역시 서구 석남동,UzA0MDAwMTk2NQ==,,,2,1,1,0,108,58,50,3,2.78
인천,28,서구,28260,검암중학교,,인천광역시 서구 검암동 492~538,UzA0MDAwMDc2MQ==,,,3,0,0,1,130,130,0,3,2.31
인천,28,서구,28260,마전중학교,,인천광역시 서구 마전동,UzA0MDAwMTc5OA==,,,3,6,2,2,433,204,229,9,2.08
인천,28,서구,28260,불로중학교,,인천광역시 서구 불로동,UzA0MDAwMDc4NA==,,,0,4,0,1,246,138,108,4,1.63
인천,28,서구,28260,제물포중학교,,인천광역시 서구 가좌동,UzA0MDAwMDc5OA==,,,1,1,0,0,142,142,0,2,1.41
인천,28,서구,28260,인천당하중학교,,인천광역시 서구 당하동 1076-1,UzA0MDAwMTgwOA==,,,2,2,0,0,322,183,139,4,1.24
인천,28,서구,28260,인천가현중학교,,인천광역시 서구 신현동,UzA0MDAwMTg1NQ==,,,1,2,1,0,257,135,122,3,1.17
인천,28,서구,28260,인천아라중학교,,인천광역시 서구 당하동,UzA0MDAwMjAyOQ==,,,0,4,3,2,403,214,189,4,0.99
인천,28,서구,28260,인천가좌여자중학교,,인천광역시 서구석남3동,UzA0MDAwMDc1OA==,,,0,1,0,0,103,0,103,1,0.97
인천,28,서구,28260,백석중학교,,인천광역시 서구 백석동,UzA0MDAwMDc3MA==,,,0,1,1,1,106,43,63,1,0.94
인천,28,서구,28260,가좌중학교,,인천광역시 서구 가좌3동,UzA0MDAwMDc5NQ==,,,0,1,0,0,130,130,0,1,0.77
인천,28,서구,28260,서곶중학교,,인천광역시 서구연희동,UzA0MDAwMDc4OA==,,,0,1,0,6,179,84,95,1,0.56
인천,28,서구,28260,검단중학교,,인천광역시 서구 마전동,UzA0MDAwMDc2MA==,,,0,1,3,1,287,151,136,1,0.35
인천,28,서구,28260,간재울중학교,,인천광역시 서구 검암동,UzA0MDAwMTcxOA==,,,0,1,0,0,341,119,222,1,0.29
인천,28,서구,28260,신현중학교,,인천광역시 서구 원창로131번길 23,UzA0MDAwMDc5MQ==,,,0,0,0,0,107,107,0,0,0.0
인천,28,서구,28260,인천루원중학교,,인천광역시 서구 가정동,UzA0MDAwMjMzMA==,,,0,0,1,2,90,44,46,0,0.0
인천,28,서구,28260,가정여자중학교,,인천광역시 서구 가좌4동,UzA0MDAwMDc1Nw==,,,0,0,0,0,50,0,50,0,0.0
인천,28,계양구,28245,인천계수중학교,,인천광역시 계양구 살라리로2번길 25,UzA0MDAwMTg1Ng==,,,4,10,3,0,335,150,185,14,4.18
인천,28,계양구,28245,계산중학교,,인천광역시 계양구 계산동,UzA0MDAwMDc2Mw==,,,3,3,1,0,162,162,0,6,3.7
인천,28,계양구,28245,계양중학교,,인천광역시 계양구귤현동,UzA0MDAwMDc2NA==,,,1,3,1,0,138,68,70,4,2.9
인천,28,계양구,28245,북인천여자중학교,,인천광역시 계양구 효성동 551,UzA0MDAwMDc4Mg==,,,0,3,0,2,108,0,108,3,2.78
인천,28,계양구,28245,인천동양중학교,,인천광역시 계양구 동양동,UzA0MDAwMTgxNg==,,,1,2,1,1,150,72,78,3,2.0
인천,28,계양구,28245,명현중학교,,인천광역시 계양구효성동,UzA0MDAwMDc2OQ==,,,1,2,0,5,161,73,88,3,1.86
인천,28,계양구,28245,계산여자중학교,,인천광역시 계양구 계산동,UzA0MDAwMDc2Mg==,,,0,2,0,0,125,0,125,2,1.6
인천,28,계양구,28245,인천효성중학교,,인천광역시 계양구효성1동,UzA0MDAwMDc5Ng==,,,1,1,0,0,134,134,0,2,1.49
인천,28,계양구,28245,작전중학교,,인천광역시 계양구 작전동,UzA0MDAwMTcxNQ==,,,0,2,0,0,154,74,80,2,1.3
인천,28,계양구,28245,서운중학교,,인천광역시 계양구 서운동,UzA0MDAwMDc4OQ==,,,1,1,0,0,229,128,101,2,0.87
인천,28,계양구,28245,북인천중학교,,인천광역시 계양구 계산동,UzA0MDAwMDc4Mw==,,,0,0,0,1,62,43,19,0,0.0
인천,28,계양구,28245,인천안남중학교,,인천광역시 계양구계산3동,UzA0MDAwMDc5Mg==,,,0,0,0,0,90,61,29,0,0.0
인천,28,계양구,28245,임학중학교,,인천광역시 계양구 병방동,UzA0MDAwMDc5Nw==,,,0,0,0,1,145,74,71,0,0.0
인천,28,계양구,28245,인천양촌중학교,,인천광역시 계양구 병방동,UzA0MDAwMTcxNg==,,,0,0,0,1,56,20,36,0,0.0
인천,28,계양구,28245,인천예일중학교,,인천광역시 계양구 방축동,UzA0MDAwMTcxNw==,,,0,0,0,0,54,23,31,0,0.0
인천,28,남동구,28200,인천사리울중학교,,인천광역시 남동구 논현동,UzA0MDAwMjAxOQ==,,,5,4,4,3,248,123,125,9,3.63
인천,28,남동구,28200,인천서창중학교,,인천광역시 남동구 서창동,UzA0MDAwMTk2NA==,,,1,7,5,1,245,124,121,8,3.27
인천,28,남동구,28200,구월여자중학교,,인천광역시 남동구 구월동,UzA0MDAwMDYxNg==,,,1,7,1,0,252,0,252,8,3.17
인천,28,남동구,28200,인천정각중학교,,인천광역시 남동구 구월2동,UzA0MDAwMTk1Mg==,,,2,6,3,0,256,120,136,8,3.12
인천,28,남동구,28200,인천고잔중학교,,인천광역시 남동구 논현동,UzA0MDAwMTk3MA==,,,3,5,1,1,271,130,141,8,2.95
인천,28,남동구,28200,인천논현중학교,,인천광역시 남동구 논현동,UzA0MDAwMTgzOQ==,,,2,7,6,2,323,159,164,9,2.79
인천,28,남동구,28200,구월중학교,,인천광역시 남동구 구월동,UzA0MDAwMDYxNw==,,,2,5,2,4,320,320,0,7,2.19
인천,28,남동구,28200,인천성리중학교,,인천광역시 남동구 구월동,UzA0MDAwMTg0MA==,,,0,5,0,2,242,116,126,5,2.07
인천,28,남동구,28200,만월중학교,,인천광역시 남동구 서창동,UzA0MDAwMDYyNQ==,,,1,3,4,3,294,154,140,4,1.36
인천,28,남동구,28200,인천동방중학교,,인천광역시 남동구 논현동,UzA0MDAwMTg2MQ==,,,1,3,0,0,323,162,161,4,1.24
인천,28,남동구,28200,만수북중학교,,인천광역시 남동구만수4동,UzA0MDAwMDYyMg==,,,1,1,0,1,173,173,0,2,1.16
인천,28,남동구,28200,논곡중학교,,인천광역시 남동구 논현동,UzA0MDAwMDYxOQ==,,,1,0,1,0,91,49,42,1,1.1
인천,28,남동구,28200,남동중학교,,인천광역시 남동구 만수6동,UzA0MDAwMDYxOA==,,,0,2,2,0,224,117,107,2,0.89
인천,28,남동구,28200,만성중학교,,인천 남동구 만수동,UzA0MDAwMDYyMQ==,,,0,1,0,1,139,59,80,1,0.72
인천,28,남동구,28200,상인천중학교,,인천광역시 남동구 간석3동 1~71,UzA0MDAwMDYyNw==,,,0,1,1,0,146,146,0,1,0.68
인천,28,남동구,28200,상인천여자중학교,,인천광역시 남동구 간석1동,UzA0MDAwMDYyNg==,,,1,0,1,3,159,0,159,1,0.63
인천,28,남동구,28200,석정중학교,,인천광역시 남동구 간석4동,UzA0MDAwMTcyNA==,,,0,1,0,1,179,95,84,1,0.56
인천,28,남동구,28200,간석여자중학교,,인천광역시 남동구 간석동,UzA0MDAwMDYxNQ==,,,0,0,0,1,80,0,80,0,0.0
인천,28,남동구,28200,동인천중학교,,인천광역시 남동구 구월3동,UzA0MDAwMDYyMA==,,,0,0,0,0,135,135,0,0,0.0
인천,28,남동구,28200,만수여자중학교,,인천광역시 남동구만수4동,UzA0MDAwMDYyMw==,,,0,0,1,4,171,0,171,0,0.0
인천,28,남동구,28200,만수중학교,,인천광역시 남동구만수4동,UzA0MDAwMDYyNA==,,,0,0,0,0,53,53,0,0,0.0
인천,28,남동구,28200,숭덕여자중학교,,인천광역시 남동구 만수동,UzA0MDAwMDYyOQ==,,,0,0,0,0,120,0,120,0,0.0
인천,28,미추홀구,28177,인주중학교,,인천광역시 미추홀구 학익동,UzA0MDAwMTc0MQ==,,,1,12,2,0,310,154,156,13,4.19
인천,28,미추홀구,28177,제물포여자중학교,,인천광역시 남구 주안8동,UzA0MDAwMDQ0Mg==,,,0,4,0,1,105,0,105,4,3.81
인천,28,미추홀구,28177,인천남중학교,,인천광역시 미추홀구 수봉로 16-23,UzA0MDAwMDQzNw==,,,1,4,1,0,145,145,0,5,3.45
인천,28,미추홀구,28177,용현여자중학교,,인천광역시 남구 용현5동,UzA0MDAwMDQzMw==,,,0,7,2,0,253,0,253,7,2.77
인천,28,미추홀구,28177,남인천여자중학교,,인천광역시 남구 관교동,UzA0MDAwMDQxNg==,,,0,6,1,3,226,0,226,6,2.65
인천,28,미추홀구,28177,용현중학교,,인천광역시 미추홀구 용현동,UzA0MDAwMDQzNA==,,,1,4,3,2,251,251,0,5,1.99
인천,28,미추홀구,28177,선화여자중학교,,인천광역시 미추홀구 도화동,UzA0MDAwMDQyNQ==,,,0,3,0,0,155,0,155,3,1.94
인천,28,미추홀구,28177,선인중학교,,인천광역시 미추홀구 도화동,UzA0MDAwMDQyNA==,,,0,1,0,0,82,82,0,1,1.22
인천,28,미추홀구,28177,관교중학교,,인천광역시 남구 관교동,UzA0MDAwMDQxMw==,,,0,3,0,4,304,304,0,3,0.99
인천,28,미추홀구,28177,관교여자중학교,,인천광역시 남구 관교동,UzA0MDAwMDQxMg==,,,0,1,1,2,187,0,187,1,0.53
인천,28,미추홀구,28177,인화여자중학교,,인천광역시 남구 도화동,UzA0MDAwMDQ0MQ==,,,0,1,2,0,288,0,288,1,0.35
인천,28,미추홀구,28177,인하대학교사범대학부속중학교,,인천광역시 미추홀구 학익동,UzA0MDAwMDQ0MA==,,,0,0,0,3,238,238,0,0,0.0
인천,28,동구,28140,재능중학교,,인천광역시 동구 송림동,UzA0MDAwMDQxOQ==,,,0,2,0,0,97,97,0,2,2.06
인천,28,동구,28140,화도진중학교,,인천광역시 동구화수2동,UzA0MDAwMDQ0NA==,,,0,1,0,0,104,40,64,1,0.96
인천,28,동구,28140,동산중학교,,인천광역시 동구 송림동,UzA0MDAwMDQyMQ==,,,1,0,0,0,163,163,0,1,0.61
인천,28,옹진군,28720,대청중학교,,인천광역시 옹진군 대청면,UzA0MDAwMDQxNw==,,,0,0,0,0,5,3,2,0,0.0
인천,28,옹진군,28720,덕적중학교,,인천광역시 옹진군 덕적면 진리,UzA0MDAwMDQyMA==,,,0,0,0,0,7,6,1,0,0.0
인천,28,옹진군,28720,백령중학교,,인천광역시 옹진군 백령면 북포리,UzA0MDAwMDQyMg==,,,0,0,0,0,24,12,12,0,0.0
인천,28,옹진군,28720,연평중학교,,인천광역시 옹진군 연평면,UzA0MDAwMDQyOQ==,,,0,0,0,0,6,3,3,0,0.0
인천,28,옹진군,28720,영흥중학교,,인천광역시 옹진군 영흥면 내2리,UzA0MDAwMDQzMQ==,,,0,0,0,0,35,20,15,0,0.0
광주,29,남구,29155,대촌중학교,,광주 남구 지석동,UzA1MDAwMDM4Nw==,,,0,4,0,0,52,22,30,4,7.69
광주,29,남구,29155,광주수피아여자중학교,,광주광역시 남구 양림동,UzA1MDAwMDM3Ng==,,,0,6,0,0,121,0,121,6,4.96
광주,29,남구,29155,주월중학교,,광주광역시 남구 주월동,UzA1MDAwMDQwNQ==,,,4,3,0,2,159,111,48,7,4.4
광주,29,남구,29155,문성중학교,,광주광역시 남구 봉선동,UzA1MDAwMDM5MA==,,,5,3,0,2,183,183,0,8,4.37
광주,29,남구,29155,동아여자중학교,,광주광역시 남구 봉선동,UzA1MDAwMDM4OA==,,,2,4,0,0,141,0,141,6,4.26
광주,29,남구,29155,봉선중학교,,광주광역시 남구 봉선동,UzA1MDAwMDM5Mg==,,,1,3,1,1,137,75,62,4,2.92
광주,29,남구,29155,광주서광중학교,,광주 남구 백운2동,UzA1MDAwMDM3Mw==,,,3,0,0,6,112,67,45,3,2.68
광주,29,남구,29155,효천중학교,,광주광역시 남구 행암동,UzA1MDAwMTI5MQ==,,,1,4,1,0,206,102,104,5,2.43
광주,29,남구,29155,진남중학교,,광주광역시 남구 노대동,UzA1MDAwMTIzOA==,,,2,0,0,1,106,71,35,2,1.89
광주,29,남구,29155,숭의중학교,,광주광역시 남구 방림동,UzA1MDAwMDM5OQ==,,,2,1,0,1,178,114,64,3,1.69
광주,29,남구,29155,금당중학교,,광주 남구 주월1동,UzA1MDAwMDM4Mw==,,,1,1,0,0,130,79,51,2,1.54
광주,29,남구,29155,광주동성중학교,,광주광역시 남구 진월동,UzA1MDAwMDM3MA==,,,1,1,0,0,150,150,0,2,1.33
광주,29,남구,29155,광주동성여자중학교,,광주광역시 남구 진월동,UzA1MDAwMDM2OQ==,,,0,2,0,0,157,0,157,2,1.27
광주,29,남구,29155,광주송원중학교,,광주광역시 남구 송하동,UzA1MDAwMDM3NQ==,,,0,2,0,0,203,112,91,2,0.99
광주,29,남구,29155,광주무진중학교,,광주광역시 남구 월산동,UzA1MDAwMDM3MQ==,,,0,0,1,0,87,53,34,0,0.0
광주,29,남구,29155,대성여자중학교,,광주 남구 진월동,UzA1MDAwMDM4Ng==,,,0,0,0,0,188,0,188,0,0.0
광주,29,서구,29140,운리중학교,,광주광역시 서구 풍암동,UzA1MDAwMTE3Mg==,,,4,2,1,0,201,103,98,6,2.99
광주,29,서구,29140,광주중학교,,광주광역시 서구 금호동,UzA1MDAwMDM3Nw==,,,1,3,0,0,165,88,77,4,2.42
광주,29,서구,29140,광덕중학교,,광주광역시 서구 화정동,UzA1MDAwMDM2Mw==,,,3,0,1,5,182,182,0,3,1.65
광주,29,서구,29140,상무중학교,,광주광역시 서구 쌍촌동,UzA1MDAwMDM5NA==,,,0,1,0,0,67,34,33,1,1.49
광주,29,서구,29140,금호중학교,,광주광역시 서구 금호동,UzA1MDAwMDM4NQ==,,,0,1,0,0,81,34,47,1,1.23
광주,29,서구,29140,전남중학교,,광주광역시 서구 치평동,UzA1MDAwMDk5MQ==,,,1,1,0,0,175,84,91,2,1.14
광주,29,서구,29140,대자중학교,,광주광역시 서구 동천동,UzA1MDAwMTE5MQ==,,,2,0,0,0,210,100,110,2,0.95
광주,29,서구,29140,광주화정중학교,,광주광역시 서구 화운로 53,UzA1MDAwMDM3OQ==,,,1,1,0,0,216,55,161,2,0.93
광주,29,서구,29140,풍암중학교,,광주광역시 서구 풍암동,UzA1MDAwMDQwOA==,,,1,0,0,0,151,74,77,1,0.66
광주,29,서구,29140,광주동명중학교,,광주 서구 쌍촌동,UzA1MDAwMDM2OA==,,,0,1,0,0,165,81,84,1,0.61
광주,29,서구,29140,광주서석중학교,,광주광역시 서구 화정동,UzA1MDAwMDM3NA==,,,1,0,1,1,199,199,0,1,0.5
광주,29,서구,29140,광주효광중학교,,광주광역시 서구 쌍촌동,UzA1MDAwMDM4MQ==,,,0,0,1,0,127,25,102,0,0.0
광주,29,서구,29140,상일중학교,,광주광역시 서구 쌍촌동,UzA1MDAwMDM5NQ==,,,0,0,0,0,145,51,94,0,0.0
광주,29,서구,29140,치평중학교,,광주광역시 서구 쌍촌동,UzA1MDAwMDQwNw==,,,0,0,0,1,87,35,52,0,0.0
광주,29,서구,29140,유덕중학교,,광주광역시 서구 유촌동,UzA1MDAwMTE5Mw==,,,0,0,0,0,122,61,61,0,0.0
광주,29,동구,29110,살레시오여자중학교,,광주광역시 동구 지산동,UzA1MDAwMDE5MQ==,,,0,2,0,1,62,0,62,2,3.23
광주,29,동구,29110,조선대학교여자중학교,,광주광역시 동구 지산동,UzA1MDAwMDIwNg==,,,0,1,0,0,72,0,72,1,1.39
광주,29,동구,29110,운림중학교,,광주 동구 운림동,UzA1MDAwMDE5OQ==,,,1,0,1,0,75,39,36,1,1.33
광주,29,동구,29110,무등중학교,,광주광역시 동구 소태동,UzA1MDAwMDE3NQ==,,,1,0,0,0,138,77,61,1,0.72
광주,29,동구,29110,광주충장중학교,,광주광역시 동구 산수동,UzA1MDAwMDE4Mw==,,,0,0,0,3,65,43,22,0,0.0
광주,29,동구,29110,조선대학교부속중학교,,광주광역시 동구 서석동 조선대학교,UzA1MDAwMDIwNQ==,,,0,0,0,0,101,101,0,0,0.0
광주,29,북구,29170,살레시오중학교,,광주광역시 북구 일곡동,UzA1MDAwMDE5Mg==,,,4,0,0,0,140,140,0,4,2.86
광주,29,북구,29170,광주동신중학교,,광주 북구 풍향동,UzA1MDAwMDE3NA==,,,3,0,0,5,161,161,0,3,1.86
광주,29,북구,29170,양산중학교,,광주광역시 북구 양산동,UzA1MDAwMDE5Ng==,,,2,1,0,0,172,87,85,3,1.74
광주,29,북구,29170,신광중학교,,광주광역시 북구 면앙로165번길 80,UzA1MDAwMDE5NQ==,,,0,1,0,0,67,29,38,1,1.49
광주,29,북구,29170,각화중학교,,광주광역시 북구 각화동,UzA1MDAwMDE2OQ==,,,1,0,0,0,82,54,28,1,1.22
광주,29,북구,29170,운암중학교,,광주광역시 북구 운암3동,UzA1MDAwMDIwMA==,,,1,1,0,2,176,98,78,2,1.14
광주,29,북구,29170,전남대학교사범대학부설중학교,,광주광역시 북구 용봉동,UzAwMDAwMzUxNw==,,,1,0,0,0,90,55,35,1,1.11
광주,29,북구,29170,광주숭일중학교,,광주광역시 북구 일곡동,UzA1MDAwMDE3OA==,,,0,2,1,0,183,72,111,2,1.09
광주,29,북구,29170,서강중학교,,광주광역시 북구 서강로1,UzA1MDAwMDE5Mw==,,,2,0,0,0,215,114,101,2,0.93
광주,29,북구,29170,문흥중학교,,광주 북구 문흥동,UzA1MDAwMDE4OQ==,,,1,0,0,0,129,63,66,1,0.78
광주,29,북구,29170,일동중학교,,광주광역시 북구 일곡동,UzA1MDAwMDIwMg==,,,0,1,0,1,139,66,73,1,0.72
광주,29,북구,29170,고려중학교,,광주광역시 북구 삼각동,UzA1MDAwMDE3MQ==,,,1,0,0,0,141,141,0,1,0.71
광주,29,북구,29170,일신중학교,,광주광역시 북구 일곡동 100~809,UzA1MDAwMTE3Mw==,,,1,0,0,0,141,63,78,1,0.71
광주,29,북구,29170,지산중학교,,광주광역시 북구 본촌동,UzA1MDAwMTE3MQ==,,,1,0,0,0,200,92,108,1,0.5
광주,29,북구,29170,신용중학교,,광주광역시 북구 신용동,UzA1MDAwMTI4MA==,,,0,1,0,0,228,123,105,1,0.44
광주,29,북구,29170,용두중학교,,광주광역시 북구 용두동,UzA1MDAwMTIzNw==,,,0,1,0,1,236,109,127,1,0.42
광주,29,북구,29170,금호중앙중학교,,광주 북구 운암2동,UzA1MDAwMDE4MA==,,,1,0,0,0,248,125,123,1,0.4
광주,29,북구,29170,광주경신중학교,,광주광역시 북구 용봉동,UzA1MDAwMDE3Mg==,,,0,0,1,1,184,90,94,0,0.0
광주,29,북구,29170,광주동신여자중학교,,광주 북구 풍향동,UzA1MDAwMDE3Mw==,,,0,0,0,0,133,0,133,0,0.0
광주,29,북구,29170,광주체육중학교,,광주 북구 운암동,UzA1MDAwMDE4Mg==,,,0,0,0,0,77,38,39,0,0.0
광주,29,북구,29170,두암중학교,,광주광역시 북구 두암3동,UzA1MDAwMDE4NQ==,,,0,0,0,1,81,37,44,0,0.0
광주,29,북구,29170,문산중학교,,광주광역시 북구 문흥동,UzA1MDAwMDE4Ng==,,,0,0,0,1,126,65,61,0,0.0
광주,29,북구,29170,용봉중학교,,광주광역시 북구 오치1동 976~996,UzA1MDAwMDE5Nw==,,,0,0,0,0,112,47,65,0,0.0
광주,29,북구,29170,우산중학교,,광주광역시 북구 오치동,UzA1MDAwMDE5OA==,,,0,0,0,2,88,42,46,0,0.0
광주,29,북구,29170,일곡중학교,,광주광역시 북구 일곡동,UzA1MDAwMDIwMQ==,,,0,0,0,0,138,50,88,0,0.0
광주,29,북구,29170,광주예술중학교,,광주광역시 북구 서하로 72,UzA1MDAwMTQ4Nw==,,,0,1,0,0,39,3,36,1,2.56
광주,29,북구,29170,광주북성중학교,,광주 북구 유동,UzA1MDAwMDE3Ng==,,,0,0,0,0,49,29,20,0,0.0
광주,29,북구,29170,문화중학교,,광주광역시 북구 우산동 1~130,UzA1MDAwMDE4OA==,,,0,0,0,0,41,25,16,0,0.0
광주,29,광산구,29200,수완하나중학교,,광주광역시 광산구 수완동,UzA1MDAwMTQyMA==,,,0,7,1,3,294,145,149,7,2.38
광주,29,광산구,29200,광산중학교,,광주 광산구 우산동,UzA1MDAwMDM2NQ==,,,0,2,0,0,88,42,46,2,2.27
광주,29,광산구,29200,월계중학교,,광주광역시 광산구 월계동,UzA1MDAwMDQwMQ==,,,2,2,0,3,260,127,133,4,1.54
광주,29,광산구,29200,고실중학교,,광주광역시 광산구 장덕동,UzA1MDAwMTQ3Mg==,,,3,0,0,0,214,102,112,3,1.4
광주,29,광산구,29200,정광중학교,,광주광역시 광산구 소촌로 90-36,UzA1MDAwMDQwNA==,,,0,2,1,0,178,93,85,2,1.12
광주,29,광산구,29200,수완중학교,,광주광역시 광산구 수완동,UzA1MDAwMTI0OA==,,,0,3,0,1,271,136,135,3,1.11
광주,29,광산구,29200,천곡중학교,,광주광역시 광산구 월계동,UzA1MDAwMDQwNg==,,,0,1,0,0,102,53,49,1,0.98
광주,29,광산구,29200,장덕중학교,,광주광역시 광산구 장덕동,UzA1MDAwMTI0Nw==,,,1,2,1,0,326,165,161,3,0.92
광주,29,광산구,29200,성덕중학교,,광주광역시 광산구 장덕동,UzA1MDAwMTI0NQ==,,,0,3,0,1,330,159,171,3,0.91
광주,29,광산구,29200,월곡중학교,,광주 광산구 월곡1동,UzA1MDAwMDQwMg==,,,0,1,0,0,137,63,74,1,0.73
광주,29,광산구,29200,선운중학교,,광주광역시 광산구 선암동,UzA1MDAwMTI3NQ==,,,0,1,0,0,156,88,68,1,0.64
광주,29,광산구,29200,월봉중학교,,광주광역시 광산구 산월동,UzA1MDAwMTE5Mg==,,,0,1,0,0,158,75,83,1,0.63
광주,29,광산구,29200,금구중학교,,광주광역시 광산구 운남동,UzA1MDAwMDM4Mg==,,,1,0,0,0,181,104,77,1,0.55
광주,29,광산구,29200,신가중학교,,광주광역시 광산구 신가동,UzA1MDAwMTEzMQ==,,,0,1,0,0,232,120,112,1,0.43
광주,29,광산구,29200,산정중학교,,광주광역시 광산구 산정동,UzA1MDAwMTI0NA==,,,1,0,0,0,235,121,114,1,0.43
광주,29,광산구,29200,광주진흥중학교,,광주광역시 광산구 신창동,UzA1MDAwMDE4MQ==,,,1,0,0,0,240,128,112,1,0.42
광주,29,광산구,29200,송정중학교,,광주 광산구 송정2동,UzA1MDAwMDM5OA==,,,0,0,0,1,131,69,62,0,0.0
광주,29,광산구,29200,운남중학교,,광주광역시 광산구 목련로 307-10,UzA1MDAwMDQwMA==,,,0,0,0,1,164,87,77,0,0.0
광주,29,광산구,29200,하남중학교,,광주광역시 광산구 월곡2동,UzA1MDAwMDQxMA==,,,0,0,0,4,202,105,97,0,0.0
광주,29,광산구,29200,첨단중학교,,광주 광산구 월계동,UzA1MDAwMTEyMA==,,,0,0,0,1,84,44,40,0,0.0
광주,29,광산구,29200,송광중학교,,광주광역시 광산구 송정동,UzA1MDAwMTEzMA==,,,0,0,0,1,161,70,91,0,0.0
광주,29,광산구,29200,영천중학교,,광주광역시 광산구 월곡동,UzA1MDAwMTEzMg==,,,0,0,0,0,156,91,65,0,0.0
광주,29,광산구,29200,봉산중학교,,광주광역시 광산구 산월동,UzA1MDAwMTEzMw==,,,0,0,0,0,171,83,88,0,0.0
광주,29,광산구,29200,신창중학교,,광주광역시 광산구 신창동,UzA1MDAwMTE3MA==,,,0,0,0,0,274,144,130,0,0.0
광주,29,광산구,29200,평동중학교,,광주광역시 광산구 용동,UzA1MDAwMDM2Ng==,,,0,1,0,0,30,22,8,1,3.33
광주,29,광산구,29200,임곡중학교,,광주 광산구 임곡동,UzA1MDAwMDQwMw==,,,0,0,0,0,25,12,13,0,0.0
대전,30,유성구,30200,대덕중학교,,대전광역시 유성구 가정동,UzA2MDAwMDQ1MA==,,,7,14,26,1,162,77,85,21,12.96
대전,30,유성구,30200,대전어은중학교,,대전광역시 유성구 농대로 56,UzA2MDAwMDQ3Mg==,,,6,7,14,1,139,67,72,13,9.35
대전,30,유성구,30200,대전전민중학교,,대전광역시 유성구 전민동,UzA2MDAwMDQ3NQ==,,,7,11,18,1,195,91,104,18,9.23
대전,30,유성구,30200,대전지족중학교,,대전광역시 유성구 지족동,UzA2MDAwMDQ3Nw==,,,6,8,8,0,196,98,98,14,7.14
대전,30,유성구,30200,대전문지중학교,,대전광역시 유성구 전민동,UzA2MDAwMDQ2Mg==,,,0,4,3,0,70,36,34,4,5.71
대전,30,유성구,30200,대전관평중학교,,대전광역시 유성구 관평동,UzA2MDAwMTE3NA==,,,4,8,20,1,210,107,103,12,5.71
대전,30,유성구,30200,유성중학교,,대전광역시 유성구 상대동,UzA2MDAwMDQ4NQ==,,,6,9,30,0,275,149,126,15,5.45
대전,30,유성구,30200,대전외삼중학교,,대전광역시 유성구 반석동,UzA2MDAwMTA2NA==,,,3,11,30,6,266,132,134,14,5.26
대전,30,유성구,30200,대전노은중학교,,대전 유성구 노은동,UzA2MDAwMDQ1NQ==,,,4,9,30,3,270,137,133,13,4.81
대전,30,유성구,30200,대전두리중학교,,대전광역시 유성구 송강동,UzA2MDAwMTA2Ng==,,,1,7,4,2,177,79,98,8,4.52
대전,30,유성구,30200,대전동화중학교,,대전광역시 유성구 관평동,UzA2MDAwMTExNw==,,,2,7,17,0,200,102,98,9,4.5
대전,30,유성구,30200,대전봉명중학교,,대전광역시 유성구 봉명동,UzA2MDAwMTE4MA==,,,2,7,14,3,228,112,116,9,3.95
대전,30,유성구,30200,대전덕명중학교,,대전광역시 유성구 덕명동,UzA2MDAwMTI0NQ==,,,0,5,10,0,137,67,70,5,3.65
대전,30,유성구,30200,성덕중학교,,대전광역시 유성구 신성동,UzA2MDAwMDQ4Mg==,,,2,1,6,0,104,53,51,3,2.88
대전,30,유성구,30200,대전원신흥중학교,,대전광역시 유성구 원신흥동,UzA2MDAwMTM3NQ==,,,4,5,30,1,312,160,152,9,2.88
대전,30,유성구,30200,대전하기중학교,,대전광역시 유성구 하기동,UzA2MDAwMTExNg==,,,1,3,11,3,156,77,79,4,2.56
대전,30,유성구,30200,대전장대중학교,,대전광역시 유성구 장대동,UzA2MDAwMTA2MQ==,,,0,2,8,1,80,44,36,2,2.5
대전,30,유성구,30200,대전송강중학교,,대전광역시 유성구 송강동,UzA2MDAwMDQ3MQ==,,,0,2,1,0,108,46,62,2,1.85
대전,30,유성구,30200,대전새미래중학교,,대전광역시 유성구 지족동,UzA2MDAwMTI5MA==,,,1,1,7,1,123,52,71,2,1.63
대전,30,유성구,30200,진잠중학교,,대전광역시 유성구 원내동,UzA2MDAwMDQ4Ng==,,,1,0,4,0,81,55,26,1,1.23
대전,30,유성구,30200,대전체육중학교,,대전광역시 유성구 원신흥동,UzA2MDAwMDQ3OA==,,,0,0,0,0,20,15,5,0,0.0
대전,30,유성구,30200,대전자운중학교,,대전광역시 유성구 신봉동,UzA2MDAwMTA5MA==,,,0,0,3,0,29,16,13,0,0.0
대전,30,서구,30170,대전탄방중학교,,대전광역시 서구 둔산1동,UzA2MDAwMDQ3OQ==,,,17,8,39,1,373,190,183,25,6.7
대전,30,서구,30170,대전월평중학교,,대전광역시 서구 월평1동,UzA2MDAwMDQ3Mw==,,,1,4,2,0,79,42,37,5,6.33
대전,30,서구,30170,대전삼천중학교,,대전광역시 서구 둔산동,UzA2MDAwMDQ2OQ==,,,6,13,26,4,335,174,161,19,5.67
대전,30,서구,30170,대전문정중학교,,대전광역시 서구 둔산3동,UzA2MDAwMDQ2MQ==,,,5,8,50,11,371,216,155,13,3.5
대전,30,서구,30170,대전갑천중학교,,대전광역시 서구 월평3동,UzA2MDAwMDQ1MQ==,,,2,5,24,1,243,133,110,7,2.88
대전,30,서구,30170,대전도안중학교,,대전광역시 서구 도안동,UzA2MDAwMTIxNw==,,,2,5,21,1,243,128,115,7,2.88
대전,30,서구,30170,대전버드내중학교,,대전광역시 서구 도마1동,UzA2MDAwMDQ2Mw==,,,2,5,7,0,269,134,135,7,2.6
대전,30,서구,30170,대전변동중학교,,대전광역시 서구 변동,UzA2MDAwMDQ2NA==,,,1,1,5,0,79,40,39,2,2.53
대전,30,서구,30170,대전남선중학교,,대전광역시 서구 월평동,UzA2MDAwMDQ1Mw==,,,0,1,3,0,58,24,34,1,1.72
대전,30,서구,30170,대전괴정중학교,,대전광역시 서구 괴정동,UzA2MDAwMTExOA==,,,1,2,7,0,184,82,102,3,1.63
대전,30,서구,30170,대전관저중학교,,대전광역시 서구 관저동,UzA2MDAwMDQ1Mg==,,,2,1,14,0,216,122,94,3,1.39
대전,30,서구,30170,대전내동중학교,,대전광역시 서구 변동,UzA2MDAwMDQ1NA==,,,1,1,9,1,168,80,88,2,1.19
대전,30,서구,30170,대전신계중학교,,대전광역시 서구 복수동,UzA2MDAwMTA2Mg==,,,0,2,6,0,189,90,99,2,1.06
대전,30,서구,30170,동방여자중학교,,대전광역시 서구 복수동,UzA2MDAwMDQ4MA==,,,0,1,0,0,106,0,106,1,0.94
대전,30,서구,30170,대전둔원중학교,,대전광역시 서구 갈마동,UzA2MDAwMDQ1OQ==,,,0,1,12,0,154,89,65,1,0.65
대전,30,서구,30170,대전둔산중학교,,대전광역시 서구 갈마동,UzA2MDAwMDQ1OA==,,,0,1,7,0,163,86,77,1,0.61
대전,30,서구,30170,가수원중학교,,대전광역시 서구 가수원로 26,UzA2MDAwMDQ0Nw==,,,0,0,0,0,59,37,22,0,0.0
대전,30,서구,30170,대전대신중학교,,대전 서구 복수동,UzA2MDAwMDQ1Ng==,,,0,0,16,0,102,102,0,0,0.0
대전,30,서구,30170,대전도마중학교,,대전광역시 서구 도마2동,UzA2MDAwMDQ1Nw==,,,0,0,5,0,77,36,41,0,0.0
대전,30,서구,30170,대전만년중학교,,대전 서구 만년동,UzA2MDAwMDQ2MA==,,,0,0,6,3,71,45,26,0,0.0
대전,30,서구,30170,대전봉우중학교,,대전광역시 서구 관저동,UzA2MDAwMDQ2Ng==,,,0,0,8,3,212,108,104,0,0.0
대전,30,서구,30170,대전느리울중학교,,대전광역시 서구 관저동,UzA2MDAwMTA2MA==,,,0,0,5,0,209,105,104,0,0.0
대전,30,서구,30170,대전구봉중학교,,대전광역시 서구 관저동,UzA2MDAwMTA2NQ==,,,0,0,12,0,199,99,100,0,0.0
대전,30,서구,30170,대전삼육중학교,,대전광역시 서구 도마동,UzA2MDAwMDQ2OA==,,,0,4,7,0,49,22,27,4,8.16
대전,30,서구,30170,기성중학교,,대전광역시 서구 흑석동,UzA2MDAwMDQ0OQ==,,,0,1,1,0,16,9,7,1,6.25
대전,30,서구,30170,갈마중학교,,대전광역시 서구 갈마동,UzA2MDAwMDQ0OA==,,,0,0,0,0,32,22,10,0,0.0
대전,30,서구,30170,대전봉산중학교,,대전광역시 서구 변동,UzA2MDAwMDQ2NQ==,,,0,0,0,0,47,27,20,0,0.0
대전,30,서구,30170,대전서중학교,,대전광역시 서구 괴정동,UzA2MDAwMDQ3MA==,,,0,0,1,0,46,25,21,0,0.0
대전,30,서구,30170,대전정림중학교,,대전광역시 서구 괴곡동,UzA2MDAwMDQ3Ng==,,,0,0,0,1,49,21,28,0,0.0
대전,30,중구,30140,대전글꽃중학교,,대전광역시 중구 문화1동,UzA2MDAwMTEzNQ==,,,0,6,25,0,290,134,156,6,2.07
대전,30,중구,30140,대전중학교,,대전광역시 중구 대흥동,UzA2MDAwMDI2Ng==,,,1,1,7,0,102,102,0,2,1.96
대전,30,중구,30140,충남여자중학교,,대전광역시 중구 목동,UzA2MDAwMDI3Ng==,,,0,6,1,0,318,0,318,6,1.89
대전,30,중구,30140,대전태평중학교,,대전광역시 중구 태평동,UzA2MDAwMDI2Nw==,,,1,1,14,0,150,95,55,2,1.33
대전,30,중구,30140,호수돈여자중학교,,대전광역시 중구 선화동,UzA2MDAwMDI4MA==,,,0,1,0,0,78,0,78,1,1.28
대전,30,중구,30140,대전여자중학교,,대전광역시 중구 대흥동 409~426,UzA2MDAwMDI1OQ==,,,0,2,0,0,159,0,159,2,1.26
대전,30,중구,30140,대전대성중학교,,대전광역시 중구 목동,UzA2MDAwMDI0OA==,,,0,2,37,0,162,162,0,2,1.23
대전,30,중구,30140,대전신일중학교,,대전광역시 중구 부사동,UzA2MDAwMDI3Mg==,,,0,1,0,0,83,0,83,1,1.2
대전,30,중구,30140,대전대문중학교,,대전광역시 중구 문화2동,UzA2MDAwMDI1MQ==,,,0,0,1,0,53,34,19,0,0.0
대전,30,중구,30140,대전동산중학교,,대전광역시 중구 문화1동,UzA2MDAwMDI1Mw==,,,0,0,9,0,122,122,0,0,0.0
대전,30,중구,30140,대전문화여자중학교,,대전광역시 중구 문화동,UzA2MDAwMDI1Ng==,,,0,0,0,0,68,0,68,0,0.0
대전,30,중구,30140,대전중앙중학교,,대전광역시 중구 중촌동 1~87,UzA2MDAwMDI2NQ==,,,0,0,2,3,82,82,0,0,0.0
대전,30,중구,30140,동명중학교,,대전광역시 중구 석교동,UzA2MDAwMDI2OQ==,,,0,1,1,1,24,24,0,1,4.17
대전,30,중구,30140,청란여자중학교,,대전광역시 중구 부사동,UzA2MDAwMDI3NQ==,,,0,0,0,0,14,0,14,0,0.0
대전,30,동구,30110,대전대성여자중학교,,대전광역시 동구 가양동,UzA2MDAwMDI0Nw==,,,0,2,0,0,72,0,72,2,2.78
대전,30,동구,30110,한밭여자중학교,,대전광역시 동구 대동,UzA2MDAwMDI3OA==,,,0,2,0,0,106,0,106,2,1.89
대전,30,동구,30110,대전용운중학교,,대전광역시 동구 용운동,UzA2MDAwMDI2MQ==,,,0,2,1,2,138,61,77,2,1.45
대전,30,동구,30110,보문중학교,,대전광역시 동구 삼성동,UzA2MDAwMDI3MQ==,,,0,1,4,0,75,75,0,1,1.33
대전,30,동구,30110,대전가오중학교,,대전광역시 동구 가오동,UzA2MDAwMDI1MA==,,,0,2,6,1,157,88,69,2,1.27
대전,30,동구,30110,대전가양중학교,,대전광역시 동구 가양2동,UzA2MDAwMDI0OQ==,,,0,1,0,0,159,98,61,1,0.63
대전,30,동구,30110,우송중학교,,대전광역시 동구 자양동,UzA2MDAwMDI1NA==,,,0,0,2,0,84,84,0,0,0.0
대전,30,동구,30110,동대전중학교,,대전광역시 동구 충정로 73-6,UzA2MDAwMDI2OA==,,,0,0,0,1,80,41,39,0,0.0
대전,30,동구,30110,충남중학교,,대전광역시 동구 신흥동,UzA2MDAwMDI3Nw==,,,0,0,7,0,225,225,0,0,0.0
대전,30,동구,30110,대전은어송중학교,,대전광역시 동구 대성동,UzA2MDAwMTEzOQ==,,,0,0,5,0,221,119,102,0,0.0
대전,30,동구,30110,동신중학교,,대전광역시 동구 판암동,UzA2MDAwMDI3MA==,,,0,0,1,0,24,14,10,0,0.0
대전,30,동구,30110,한밭중학교,,대전광역시 동구 삼성동,UzA2MDAwMDI3OQ==,,,0,0,0,1,22,22,0,0,0.0
대전,30,대덕구,30230,대전대청중학교,,대전광역시 대덕구 신탄진동,UzA2MDAwMTA4NA==,,,0,3,3,3,162,80,82,3,1.85
대전,30,대덕구,30230,대전대화중학교,,대전광역시 대덕구 오정동,UzA2MDAwMDI1Mg==,,,1,0,2,0,68,42,26,1,1.47
대전,30,대덕구,30230,대전송촌중학교,,대전광역시 대덕구 송촌동,UzA2MDAwMDI1OA==,,,0,2,7,1,234,128,106,2,0.85
대전,30,대덕구,30230,대전매봉중학교,,대전광역시 대덕구 송촌동,UzA2MDAwMDI1NQ==,,,0,2,9,1,246,132,114,2,0.81
대전,30,대덕구,30230,대전용전중학교,,대전광역시 대덕구 중리동,UzA2MDAwMDI2Mg==,,,0,1,1,0,129,64,65,1,0.78
대전,30,대덕구,30230,신탄진중학교,,대전광역시 대덕구 석봉동,UzA2MDAwMDI3NA==,,,0,1,1,0,137,72,65,1,0.73
대전,30,대덕구,30230,대전법동중학교,,대전광역시 대덕구 법2동,UzA2MDAwMDI1Nw==,,,0,0,1,0,138,82,56,0,0.0
대전,30,대덕구,30230,신탄중앙중학교,,대전광역시 대덕구 덕암동,UzA2MDAwMDI3Mw==,,,0,0,0,1,76,40,36,0,0.0
대전,30,대덕구,30230,회덕중학교,,대전광역시 대덕구 와동,UzA2MDAwMDI4MQ==,,,0,0,1,0,54,33,21,0,0.0
대전,30,대덕구,30230,대전경덕중학교,,대전광역시 대덕구 오정동,UzA2MDAwMDI0NQ==,,,0,0,0,0,41,41,0,0,0.0
대전,30,대덕구,30230,오정중학교,,대전 대덕구 오정동,UzA2MDAwMDI2MA==,,,0,0,1,0,40,22,18,0,0.0
대전,30,대덕구,30230,중리중학교,,대전광역시 대덕구 중리동,UzA2MDAwMDI2Mw==,,,0,0,1,1,46,23,23,0,0.0
울산,31,남구,31140,옥동중학교,,울산광역시 남구 옥동,UzA3MDAwMDE0MQ==,,,7,11,15,0,215,115,100,18,8.37
울산,31,남구,31140,학성중학교,,울산 남구 신정2동,UzA3MDAwMDE1MQ==,,,8,10,9,3,250,250,0,18,7.2
울산,31,남구,31140,옥현중학교,,울산광역시 남구 무거2동,UzA3MDAwMDE0Mg==,,,2,6,1,0,159,78,81,8,5.03
울산,31,남구,31140,울산강남중학교,,울산광역시 남구 삼산동,UzA3MDAwMDE0OQ==,,,3,5,2,0,167,85,82,8,4.79
울산,31,남구,31140,울산서여자중학교,,울산광역시 남구 신정동,UzA3MDAwMDE0NA==,,,2,10,10,0,252,0,252,12,4.76
울산,31,남구,31140,문수중학교,,울산광역시 남구 무거동,UzA3MDAwMDU3MQ==,,,0,6,1,0,128,65,63,6,4.69
울산,31,남구,31140,대현중학교,,울산광역시 남구 달동,UzA3MDAwMDEzMA==,,,0,8,5,0,224,125,99,8,3.57
울산,31,남구,31140,무거중학교,,울산 남구 무거동,UzA3MDAwMDU1NQ==,,,2,2,1,0,116,62,54,4,3.45
울산,31,남구,31140,신정중학교,,울산광역시 남구 옥동,UzA3MDAwMDEzOA==,,,3,3,4,1,214,119,95,6,2.8
울산,31,남구,31140,야음중학교,,울산광역시 남구 야음동,UzA3MDAwMDU2Ng==,,,1,3,1,2,230,121,109,4,1.74
울산,31,남구,31140,월평중학교,,울산광역시 남구 신정동,UzA3MDAwMDE0NQ==,,,0,1,0,0,69,35,34,1,1.45
울산,31,남구,31140,울산중앙중학교,,울산광역시 남구 신정4동,UzA3MDAwMDE0Ng==,,,1,1,2,0,248,131,117,2,0.81
울산,31,남구,31140,동평중학교,,울산광역시 남구 달동,UzA3MDAwMDEzMQ==,,,0,1,0,14,305,170,135,1,0.33
울산,31,남구,31140,신일중학교,,울산광역시 남구 신정동,UzA3MDAwMDEzNw==,,,0,0,0,1,110,72,38,0,0.0
울산,31,남구,31140,태화중학교,,울산광역시 남구 야음동,UzA3MDAwMDE1MA==,,,0,0,0,0,63,32,31,0,0.0
울산,31,남구,31140,삼호중학교,,울산광역시 남구 무거동,UzA3MDAwMDEzNA==,,,0,0,0,0,31,22,9,0,0.0
울산,31,울주군,31710,서생중학교,,울산광역시 울주군 서생면 신암리,UzA3MDAwMDEzNg==,,,2,4,1,0,83,38,45,6,7.23
울산,31,울주군,31710,범서중학교,,울산광역시 울주군 범서읍 구영리,UzA3MDAwMDEzMw==,,,2,3,3,0,219,105,114,5,2.28
울산,31,울주군,31710,청량중학교,,울산광역시 울주군 청량면 상남리,UzA3MDAwMDE0OA==,,,0,1,0,0,53,22,31,1,1.89
울산,31,울주군,31710,구영중학교,,울산광역시 울주군 범서읍 구영리,UzA3MDAwMDY1Mg==,,,2,2,2,1,217,106,111,4,1.84
울산,31,울주군,31710,천상중학교,,울산광역시 울주군 범서읍 천상리,UzA3MDAwMDU1Mg==,,,2,1,2,0,290,144,146,3,1.03
울산,31,울주군,31710,장검중학교,,울산광역시 울주군 범서읍 굴화리,UzA3MDAwMDczNw==,,,1,0,1,0,168,84,84,1,0.6
울산,31,울주군,31710,신언중학교,,울산광역시 울주군 언양읍 서부리,UzA3MDAwMDEzOQ==,,,0,1,0,0,183,89,94,1,0.55
울산,31,울주군,31710,남창중학교,,울산광역시 울주군 온양읍 동상리,UzA3MDAwMDEyOQ==,,,0,0,1,0,286,147,139,0,0.0
울산,31,울주군,31710,언양중학교,,울산광역시 울주군 언양읍 동부리,UzA3MDAwMDE0MA==,,,0,0,1,0,148,81,67,0,0.0
울산,31,울주군,31710,온산중학교,,울산광역시 울주군 온산읍 덕신리,UzA3MDAwMDE0Mw==,,,0,0,0,0,155,77,78,0,0.0
울산,31,울주군,31710,상북중학교,,울산 울주군 상북면 산전리,UzA3MDAwMDEzNQ==,,,1,1,1,2,49,31,18,2,4.08
울산,31,울주군,31710,웅촌중학교,,울산 울주군 웅촌면 곡천리,UzA3MDAwMDE0Nw==,,,1,0,0,0,30,15,15,1,3.33
울산,31,울주군,31710,두광중학교,,울산 울주군 두서면 인보리,UzA3MDAwMDEzMg==,,,0,0,0,0,13,5,8,0,0.0
울산,31,울주군,31710,삼남중학교,,울산 울주군 삼남면 가천리,UzA3MDAwMDYyNA==,,,0,0,0,0,48,20,28,0,0.0
울산,31,중구,31110,학성여자중학교,,울산 중구 태화동,UzA3MDAwMDM0Nw==,,,0,9,1,0,116,0,116,9,7.76
울산,31,중구,31110,울산중학교,,울산광역시 중구 종가7길 6,UzA3MDAwMDcxNw==,,,2,8,3,0,175,88,87,10,5.71
울산,31,중구,31110,외솔중학교,,울산광역시 중구 서동,UzA3MDAwMDM0MA==,,,4,4,0,0,185,98,87,8,4.32
울산,31,중구,31110,울산제일중학교,,울산광역시 중구 태화동,UzA3MDAwMDM0Mg==,,,3,1,1,0,168,168,0,4,2.38
울산,31,중구,31110,무룡중학교,,울산광역시 중구 약사동,UzA3MDAwMDMzNQ==,,,3,1,6,1,208,107,101,4,1.92
울산,31,중구,31110,유곡중학교,,울산광역시 중구 태화동,UzA3MDAwMDUzOA==,,,4,0,8,0,213,107,106,4,1.88
울산,31,중구,31110,약사중학교,,울산광역시 중구 약사동,UzA3MDAwMDMzOQ==,,,0,2,2,1,113,73,40,2,1.77
울산,31,중구,31110,다운중학교,,울산광역시 중구 다운동,UzA3MDAwMDY1Mw==,,,0,1,0,1,62,28,34,1,1.61
울산,31,중구,31110,가온중학교,,울산광역시 중구 반구2동,UzA3MDAwMDM0MQ==,,,1,1,0,0,125,66,59,2,1.6
울산,31,중구,31110,남외중학교,,울산광역시 중구 남외동,UzA3MDAwMDYyMA==,,,0,3,6,2,221,134,87,3,1.36
울산,31,중구,31110,성안중학교,,울산광역시 중구 성안동,UzA3MDAwMDMzNw==,,,1,1,1,0,216,111,105,2,0.93
울산,31,동구,31170,남목중학교,,울산광역시 동구 서부동,UzA3MDAwMDYxOQ==,,,1,3,2,0,194,103,91,4,2.06
울산,31,동구,31170,명덕여자중학교,,울산광역시 동구 일산동 1~499,UzA3MDAwMDMzNA==,,,0,3,1,2,160,0,160,3,1.88
울산,31,동구,31170,현대청운중학교,,울산광역시 동구 서부동 290번지,UzA3MDAwMDM0Ng==,,,0,3,3,0,218,109,109,3,1.38
울산,31,동구,31170,대송중학교,,울산광역시 동구 화정동,UzA3MDAwMDMzMw==,,,0,1,1,0,120,120,0,1,0.83
울산,31,동구,31170,방어진중학교,,울산광역시 동구 화정동,UzA3MDAwMDMzNg==,,,0,1,1,0,188,91,97,1,0.53
울산,31,동구,31170,화암중학교,,울산광역시 동구 방어동,UzA3MDAwMDUzOQ==,,,0,1,1,0,190,98,92,1,0.53
울산,31,동구,31170,일산중학교,,울산광역시 동구 일산동,UzA3MDAwMDM0NA==,,,0,0,2,0,162,85,77,0,0.0
울산,31,동구,31170,현대중학교,,울산광역시 동구 서부동,UzA3MDAwMDM0OQ==,,,0,0,2,0,232,115,117,0,0.0
울산,31,동구,31170,화진중학교,,울산광역시 동구 화정동,UzA3MDAwMDM1Mg==,,,0,0,0,2,104,70,34,0,0.0
울산,31,북구,31200,상안중학교,,울산광역시 북구 상안동,UzA3MDAwMDY1OA==,,,6,6,3,0,183,94,89,12,6.56
울산,31,북구,31200,진장중학교,,울산 북구 진장동,UzA3MDAwMDU1OQ==,,,0,5,0,0,78,35,43,5,6.41
울산,31,북구,31200,효정중학교,,울산광역시 북구 양정동,UzA3MDAwMDM1NA==,,,0,7,2,0,151,85,66,7,4.64
울산,31,북구,31200,호계중학교,,울산광역시 북구 호계동,UzA3MDAwMDYxMg==,,,2,10,2,0,377,188,189,12,3.18
울산,31,북구,31200,고헌중학교,,울산광역시 북구 박상진2로 81,UzA3MDAwMDc3MQ==,,,1,8,0,0,287,155,132,9,3.14
울산,31,북구,31200,매곡중학교,,울산광역시 북구 매곡동,UzA3MDAwMDYyMQ==,,,2,8,4,0,335,170,165,10,2.99
울산,31,북구,31200,농소중학교,,울산광역시 북구 호계동 681~1000,UzA3MDAwMDMzMg==,,,3,1,1,0,137,84,53,4,2.92
울산,31,북구,31200,달천중학교,,울산광역시 북구 달천동,UzA3MDAwMDY1Ng==,,,1,5,1,1,214,104,110,6,2.8
울산,31,북구,31200,천곡중학교,,울산 북구 천곡동,UzA3MDAwMDM0NQ==,,,0,4,0,2,207,144,63,4,1.93
울산,31,북구,31200,이화중학교,,울산광역시 북구 중산동,UzA3MDAwMDU0MA==,,,0,1,0,1,68,32,36,1,1.47
울산,31,북구,31200,화봉중학교,,울산광역시 북구 화봉동,UzA3MDAwMDM1MQ==,,,0,1,0,0,70,34,36,1,1.43
울산,31,북구,31200,강동중학교,,울산광역시 북구 산하동,UzA3MDAwMDMzMQ==,,,0,1,4,0,164,77,87,1,0.61
울산,31,북구,31200,연암중학교,,울산광역시 북구 연암동,UzA3MDAwMDU1OA==,,,0,0,0,0,54,26,28,0,0.0
울산,31,북구,31200,울산스포츠과학중학교,,울산광역시 북구 산하동,UzA3MDAwMDcyOA==,,,0,0,0,0,23,13,10,0,0.0
세종,36,세종특별자치시,36110,새뜸중학교,,세종특별자치시 새롬동,UzA4MDAwMDE2NA==,,,3,13,1,4,224,110,114,16,7.14
세종,36,세종특별자치시,36110,양지중학교,,세종특별자치시 도담동,UzA4MDAwMDE0Ng==,,,2,14,1,3,244,115,129,16,6.56
세종,36,세종특별자치시,36110,글벗중학교,,세종특별자치시 소담동,UzA4MDAwMDE4Mg==,,,4,3,0,0,121,68,53,7,5.79
세종,36,세종특별자치시,36110,아름중학교,,세종특별자치시   아름동,UzA4MDAwMDEwOA==,,,5,17,2,4,440,241,199,22,5.0
세종,36,세종특별자치시,36110,다정중학교,,세종특별자치시 다정동,UzA4MDAwMDIwNQ==,,,4,8,1,0,251,109,142,12,4.78
세종,36,세종특별자치시,36110,새움중학교,,세종특별자치시  다정서로 12,UzA4MDAwMDE2NQ==,,,2,6,3,1,194,104,90,8,4.12
세종,36,세종특별자치시,36110,한솔중학교,,세종특별자치시 한솔동,UzA4MDAwMDA2Nw==,,,3,8,4,1,270,140,130,11,4.07
세종,36,세종특별자치시,36110,소담중학교,,세종특별자치시 소담동,UzA4MDAwMDE2Mw==,,,0,7,1,1,175,66,109,7,4.0
세종,36,세종특별자치시,36110,새롬중학교,,세종특별자치시   새롬동,UzA4MDAwMDEyMw==,,,2,8,9,1,259,131,128,10,3.86
세종,36,세종특별자치시,36110,어진중학교,,세종특별자치시 어진동,UzA4MDAwMDE1Mg==,,,2,3,1,0,135,73,62,5,3.7
세종,36,세종특별자치시,36110,종촌중학교,,세종특별자치시  도움1로 126,UzA4MDAwMDEzOQ==,,,4,8,1,4,350,168,182,12,3.43
세종,36,세종특별자치시,36110,집현중학교,,세종특별자치시  집현서로 42,UzA4MDAwMDIzNw==,,,2,1,0,0,89,40,49,3,3.37
세종,36,세종특별자치시,36110,반곡중학교,,세종특별자치시 반곡동,UzA4MDAwMDIwMw==,,,1,4,0,0,151,71,80,5,3.31
세종,36,세종특별자치시,36110,두루중학교,,세종특별자치시  만남로 211,UzA4MDAwMDE0MA==,,,2,8,4,3,314,154,160,10,3.18
세종,36,세종특별자치시,36110,세종중학교,,세종특별자치시 조치원읍 교리,UzA4MDAwMDA2NQ==,,,1,2,0,0,119,58,61,3,2.52
세종,36,세종특별자치시,36110,도담중학교,,세종특별자치시 도담동,UzA4MDAwMDExOA==,,,2,4,0,1,267,135,132,6,2.25
세종,36,세종특별자치시,36110,나성중학교,,세종특별자치시  갈매로 298,UzA4MDAwMDIwMg==,,,1,3,4,0,195,99,96,4,2.05
세종,36,세종특별자치시,36110,고운중학교,,세종특별자치시 고운동,UzA4MDAwMDEzOA==,,,1,4,2,7,245,136,109,5,2.04
세종,36,세종특별자치시,36110,금호중학교,,세종특별자치시 대평동,UzA4MDAwMDA2MQ==,,,0,3,0,0,175,100,75,3,1.71
세종,36,세종특별자치시,36110,해밀중학교,,세종특별자치시 연기면 해밀리,UzA4MDAwMDI0MQ==,,,0,2,3,1,139,61,78,2,1.44
세종,36,세종특별자치시,36110,보람중학교,,세종특별자치시 보람동,UzA4MDAwMDE4Mw==,,,2,1,0,1,247,129,118,3,1.21
세종,36,세종특별자치시,36110,조치원중학교,,세종특별자치시 조치원읍 서창리,UzA4MDAwMDA2Ng==,,,1,2,0,4,253,130,123,3,1.19
세종,36,세종특별자치시,36110,연동중학교,,세종특별자치시 연동면 내판리,UzA4MDAwMDA2Mg==,,,0,1,0,0,6,2,4,1,16.67
세종,36,세종특별자치시,36110,부강중학교,,세종특별자치시  부용면 부강리 500,UzA4MDAwMDA3Mw==,,,0,1,0,2,22,11,11,1,4.55
세종,36,세종특별자치시,36110,장기중학교,,세종특별자치시 장군면 하봉리,UzA4MDAwMDA2MA==,,,0,0,0,1,21,8,13,0,0.0
세종,36,세종특별자치시,36110,연서중학교,,세종특별자치시  연서면 연서로115,UzA4MDAwMDA2Mw==,,,0,0,0,1,42,22,20,0,0.0
세종,36,세종특별자치시,36110,전의중학교,,세종특별자치시 전의면 읍내리,UzA4MDAwMDA2NA==,,,0,0,0,0,26,13,13,0,0.0
경기,41,과천시,41290,과천문원중학교,,경기도 과천시 코오롱로 57,UzA5MDAwMzAxNA==,,,0,63,30,6,377,189,188,63,16.71
경기,41,과천시,41290,과천중학교,,경기도 과천시 중앙동,UzA5MDAwMzAxNg==,,,2,42,10,2,307,165,142,44,14.33
경기,41,과천시,41290,과천율목중학교,,경기도 과천시 과천대로2길 37,UzA5MDAwNzY3OQ==,,,0,3,0,0,26,11,15,3,11.54
경기,41,하남시,41450,위례중학교,,경기도 하남시 학암동,UzA5MDAwNzAzNQ==,,,1,11,6,0,366,184,182,12,3.28
경기,41,하남시,41450,감일중학교,,경기도 하남시 감일백제로 55,UzA5MDAwNzM3Nw==,,,0,8,1,0,248,138,110,8,3.23
경기,41,하남시,41450,은가람중학교,,경기도 하남시 선동,UzA5MDAwNzAzNg==,,,1,2,0,0,139,86,53,3,2.16
경기,41,하남시,41450,미사강변중학교,,경기도 하남시 선동,UzA5MDAwNjkxMg==,,,1,4,1,0,351,172,179,5,1.42
경기,41,하남시,41450,윤슬중학교,,경기도 하남시 망월동,UzA5MDAwNzE1OA==,,,1,5,1,1,427,207,220,6,1.41
경기,41,하남시,41450,신장중학교,,경기도 하남시 신장2동,UzA5MDAwMTI3NQ==,,,1,0,1,1,86,58,28,1,1.16
경기,41,하남시,41450,미사중학교,,경기도 하남시 미사강변한강로334번길 70,UzA5MDAwNzAzNw==,,,1,3,2,2,344,164,180,4,1.16
경기,41,하남시,41450,하남중학교,,경기도 하남시 창우동,UzA5MDAwMTI3Nw==,,,0,1,0,0,129,51,78,1,0.78
경기,41,하남시,41450,덕풍중학교,,경기도 하남시 덕풍3동 757~765,UzA5MDAwNTcxMw==,,,0,1,3,0,223,119,104,1,0.45
경기,41,하남시,41450,신평중학교,,경기도 하남시 신장동,UzA5MDAwNTM1MQ==,,,0,1,1,0,247,114,133,1,0.4
경기,41,하남시,41450,남한중학교,,경기도 하남시 신장2동,UzA5MDAwMTI3Mw==,,,0,0,0,0,51,29,22,0,0.0
경기,41,하남시,41450,동부중학교,,경기도 하남시 덕풍동,UzA5MDAwMTI3NA==,,,0,0,0,0,64,36,28,0,0.0
경기,41,하남시,41450,감일백제중학교,,경기도 하남시 감일동,UzA5MDAwNzUxOQ==,,,0,0,2,0,96,48,48,0,0.0
경기,41,동탄구,41597,청림중학교,,경기도 화성시 동탄산척로 94,UzA5MDAwNzIxOQ==,,,0,20,2,1,397,197,200,20,5.04
경기,41,동탄구,41597,이산중학교,,경기도 화성시 동탄감배산로 51,UzA5MDAwNzI1Ng==,,,0,11,3,2,221,114,107,11,4.98
경기,41,동탄구,41597,솔빛중학교,,경기도 화성시 반송동,UzA5MDAwNTU5Mg==,,,2,13,7,0,329,170,159,15,4.56
경기,41,동탄구,41597,방교중학교,,경기도 화성시 동탄산척로1길 23,UzA5MDAwNjk0NA==,,,1,8,1,4,236,125,111,9,3.81
경기,41,동탄구,41597,석우중학교,,경기 화성시 동탄중앙로 264,UzA5MDAwNTQ3Mw==,,,1,11,4,1,323,170,153,12,3.72
경기,41,동탄구,41597,반송중학교,,경기도 화성시 탄요1길 13,UzA5MDAwNTU5MA==,,,0,12,4,1,326,180,146,12,3.68
경기,41,동탄구,41597,청계중학교,,경기도 화성시 동탄대로시범길 47,UzA5MDAwNjkzOQ==,,,3,10,5,0,403,201,202,13,3.23
경기,41,동탄구,41597,동탄목동중학교,,경기도 화성시 동탄순환대로20길 52,UzA5MDAwNzI0Mg==,,,2,10,5,0,398,199,199,12,3.02
경기,41,동탄구,41597,예당중학교,,경기도 화성시 석우동,UzA5MDAwNTg3NQ==,,,0,7,2,2,259,124,135,7,2.7
경기,41,동탄구,41597,다원중학교,,경기도 화성시 동탄순환대로 754-12,UzA5MDAwNzEyNw==,,,0,10,3,0,420,207,213,10,2.38
경기,41,동탄구,41597,동탄중학교,,경기도 화성시 청계동 산,UzA5MDAwNDI2MQ==,,,0,5,3,0,350,165,185,5,1.43
경기,41,동탄구,41597,푸른중학교,,경기도 화성시 능동,UzA5MDAwNTY2MQ==,,,1,3,0,0,280,141,139,4,1.43
경기,41,동탄구,41597,서연중학교,,경기도 화성시 동탄대로4길 40,UzA5MDAwNzMzMg==,,,2,3,1,2,364,195,169,5,1.37
경기,41,동탄구,41597,한백중학교,,경기도 화성시 동탄면 중리,UzA5MDAwNjkzNA==,,,1,2,1,1,396,193,203,3,0.76
경기,41,동탄구,41597,화성세정중학교,,경기도 화성시 동탄순환대로12길 60,UzA5MDAwNzUyMQ==,,,0,0,0,0,153,76,77,0,0.0
경기,41,동탄구,41597,치동중학교,,경기도 화성시 동탄순환대로 881-9,UzA5MDAwNzUyMg==,,,0,0,1,0,117,69,48,0,0.0
경기,41,가평군,41820,청심국제중학교,,경기도 가평군 설악면 송산리,UzA5MDAwNTQxOQ==,,,5,81,7,0,108,45,63,86,79.63
경기,41,가평군,41820,설악중학교,,경기도 가평군 설악면 신천리,UzA5MDAwMDg3OA==,,,0,1,0,0,58,28,30,1,1.72
경기,41,가평군,41820,가평중학교,,경기도 가평군 가평읍 대곡1리,UzA5MDAwMDg3Ng==,,,0,0,0,0,164,80,84,0,0.0
경기,41,가평군,41820,조종중학교,,경기도 가평군 조종면 연등윗길 22,UzA5MDAwMDg3OQ==,,,0,0,0,0,66,34,32,0,0.0
경기,41,가평군,41820,청평중학교,,경기도 가평군 청평면 청평1리,UzA5MDAwMDg4MA==,,,0,0,0,0,67,41,26,0,0.0
경기,41,가평군,41820,가평북중학교,,경기도 가평군 북면 석장모루길 13,UzA5MDAwMDg3Nw==,,,0,0,0,0,13,4,9,0,0.0
경기,41,동안구,41173,귀인중학교,,경기도 안양시 동안구 귀인로190번길 114,UzA5MDAwMzAxOQ==,,,4,52,18,5,394,204,190,56,14.21
경기,41,동안구,41173,대안여자중학교,,경기도 안양시 동안구 호계동,UzA5MDAwMzAyMQ==,,,0,24,1,1,191,0,191,24,12.57
경기,41,동안구,41173,범계중학교,,경기도 안양시 동안구 범계동,UzA5MDAwMzAyNA==,,,1,17,7,0,242,127,115,18,7.44
경기,41,동안구,41173,안양부흥중학교,,경기도 안양시 동안구 부흥동,UzA5MDAwMzAzMw==,,,0,26,2,1,371,178,193,26,7.01
경기,41,동안구,41173,평촌중학교,,경기도 안양시 동안구 관평로 127,UzA5MDAwMzAzOQ==,,,2,23,9,3,392,238,154,25,6.38
경기,41,동안구,41173,부안중학교,,경기도 안양시 동안구 부림동,UzA5MDAwMzAyNg==,,,1,10,3,0,194,86,108,11,5.67
경기,41,동안구,41173,신기중학교,,경기도 안양시 동안구 호계동,UzA5MDAwMzAzMA==,,,0,12,3,3,214,101,113,12,5.61
경기,41,동안구,41173,임곡중학교,,경기도 안양시 동안구 비산1동,UzA5MDAwNTQwOQ==,,,0,9,0,0,216,127,89,9,4.17
경기,41,동안구,41173,대안중학교,,경기도 안양시 동안구 호계동,UzA5MDAwMzAyMg==,,,1,5,5,0,150,150,0,6,4.0
경기,41,동안구,41173,부림중학교,,경기도 안양시 동안구 부림동,UzA5MDAwMzAyNQ==,,,0,7,0,0,205,93,112,7,3.41
경기,41,동안구,41173,호계중학교,,경기도 안양시 동안구 호계2동,UzA5MDAwMzA0MQ==,,,1,5,3,0,186,99,87,6,3.23
경기,41,동안구,41173,호성중학교,,경기도 안양시 동안구 호성로 55,UzA5MDAwNDg2NQ==,,,0,5,1,2,184,90,94,5,2.72
경기,41,동안구,41173,비산중학교,,경기 안양시 동안구 비산동,UzA5MDAwNTA0Ng==,,,0,1,0,0,72,41,31,1,1.39
경기,41,동안구,41173,인덕원중학교,,경기도 안양시 동안구 관양2동,UzA5MDAwMzAxNw==,,,0,0,0,0,63,33,30,0,0.0
경기,41,동안구,41173,관양중학교,,경기도 안양시 동안구 관양동,UzA5MDAwMzAxOA==,,,0,0,0,0,129,77,52,0,0.0
경기,41,수지구,41465,문정중학교,,경기 용인시 수지구 풍덕천동,UzA5MDAwMzQ3NA==,,,4,10,7,1,160,85,75,14,8.75
경기,41,수지구,41465,용인한빛중학교,,경기도 용인시 수지구 동천동,UzA5MDAwNTc0OQ==,,,1,11,4,5,144,68,76,12,8.33
경기,41,수지구,41465,상현중학교,,경기도 용인시 수지구 상현동,UzA5MDAwMzQ3Nw==,,,2,16,5,6,245,120,125,18,7.35
경기,41,수지구,41465,성복중학교,,경기도 용인시 수지구 성복동,UzA5MDAwMzQ3OQ==,,,8,10,11,1,315,165,150,18,5.71
경기,41,수지구,41465,성서중학교,,경기도 용인시 수지구 성복동,UzA5MDAwNTg2OA==,,,1,15,12,0,287,148,139,16,5.57
경기,41,수지구,41465,홍천중학교,,경기도 용인시 수지구 신봉1로71번길 36,UzA5MDAwMzQ5NA==,,,2,11,7,2,251,111,140,13,5.18
경기,41,수지구,41465,이현중학교,,경기 용인시 수지구 풍덕천동,UzA5MDAwMzQ4OQ==,,,3,13,7,0,310,167,143,16,5.16
경기,41,수지구,41465,서원중학교,,경기도 용인시 수지구 상현동,UzA5MDAwMzQ3OA==,,,1,14,6,4,319,167,152,15,4.7
경기,41,수지구,41465,정평중학교,,경기 용인시 수지구 풍덕천동,UzA5MDAwMzQ5MA==,,,1,14,16,2,381,197,184,15,3.94
경기,41,수지구,41465,용인대덕중학교,,경기도 용인시 수지구 죽전동,UzA5MDAwNDk3Mw==,,,4,3,9,0,204,104,100,7,3.43
경기,41,수지구,41465,손곡중학교,,경기도 용인시 수지구 동천동,UzA5MDAwNDk3NA==,,,3,4,1,0,214,106,108,7,3.27
경기,41,수지구,41465,신봉중학교,,경기도 용인시 수지구 신봉동,UzA5MDAwNjAzNQ==,,,1,6,4,0,216,100,116,7,3.24
경기,41,수지구,41465,수지중학교,,경기도 용인시 수지구 풍덕천동,UzA5MDAwMzQ4Mg==,,,0,10,14,1,318,162,156,10,3.14
경기,41,수지구,41465,현암중학교,,경기도 용인시 수지구 죽전동,UzA5MDAwNDk3MA==,,,0,3,1,0,168,84,84,3,1.79
경기,41,수지구,41465,대지중학교,,경기도 용인시 수지구 죽전1동,UzA5MDAwMzQ3Mg==,,,0,2,7,1,142,69,73,2,1.41
경기,41,수지구,41465,죽전중학교,,경기도 용인시 수지구 죽전동,UzA5MDAwMzQ5MQ==,,,1,2,8,2,231,113,118,3,1.3
경기,41,분당구,41135,낙원중학교,,경기도 성남시 분당구 판교동,UzA5MDAwNjQyMg==,,,4,14,6,0,187,87,100,18,9.63
경기,41,분당구,41135,내정중학교,,경기도 성남시 분당구 수내동,UzA5MDAwMjE3Ng==,,,9,19,2,3,320,164,156,28,8.75
경기,41,분당구,41135,백현중학교,,경기도 성남시 분당구 정자동,UzA5MDAwMjE4MA==,,,3,16,9,1,228,127,101,19,8.33
경기,41,분당구,41135,구미중학교,,경기도 성남시 분당구 구미로173번길 29,UzA5MDAwNDg2NA==,,,0,9,2,0,121,72,49,9,7.44
경기,41,분당구,41135,운중중학교,,경기도 성남시 분당구 운중동,UzA5MDAwNTcwMA==,,,0,14,2,0,199,103,96,14,7.04
경기,41,분당구,41135,양영중학교,,경기도 성남시 분당구 서현동,UzA5MDAwMjE5Ng==,,,6,9,3,2,217,117,100,15,6.91
경기,41,분당구,41135,샛별중학교,,경기도 성남시 분당구 불정로 288,UzA5MDAwNTYyMg==,,,0,12,3,3,185,103,82,12,6.49
경기,41,분당구,41135,신백현중학교,,경기도 성남시 분당구 백현동,UzA5MDAwNjQzOA==,,,4,3,3,4,108,47,61,7,6.48
경기,41,분당구,41135,판교중학교,,경기도 성남시 분당구 판교동,UzA5MDAwNTcwMQ==,,,0,8,2,1,149,66,83,8,5.37
경기,41,분당구,41135,보평중학교,,경기도 성남시 분당구 백현동,UzA5MDAwNTY5OA==,,,0,11,12,3,223,116,107,11,4.93
경기,41,분당구,41135,불곡중학교,,경기도 성남시 분당구 금곡로 139,UzA5MDAwMjE4Mg==,,,0,11,1,2,238,114,124,11,4.62
경기,41,분당구,41135,늘푸른중학교,,경기도 성남시 분당구 정자동,UzA5MDAwNTEzNg==,,,0,9,1,0,198,110,88,9,4.55
경기,41,분당구,41135,이매중학교,,경기도 성남시 분당구 이매동,UzA5MDAwMjIwMA==,,,1,13,2,0,323,165,158,14,4.33
경기,41,분당구,41135,장안중학교,,경기도 성남시 분당구 분당동,UzA5MDAwMjIwMQ==,,,0,4,1,0,96,51,45,4,4.17
경기,41,분당구,41135,서현중학교,,경기도 성남시 분당구 서현동 95~98,UzA5MDAwMjE4NA==,,,1,14,8,8,377,185,192,15,3.98
경기,41,분당구,41135,분당중학교,,경기도 성남시 분당구 정자동,UzA5MDAwMjE4MQ==,,,0,3,1,0,119,62,57,3,2.52
경기,41,분당구,41135,수내중학교,,경기도 성남시 분당구 수내동,UzA5MDAwMjE5Mw==,,,1,7,8,5,353,197,156,8,2.27
경기,41,분당구,41135,매송중학교,,경기도 성남시 분당구 이매동,UzA5MDAwMjE3OA==,,,1,2,3,0,133,75,58,3,2.26
경기,41,분당구,41135,판교대장중학교,,경기도 성남시 분당구 판교대장로5길 71,UzA5MDAwNzY2OQ==,,,0,2,0,0,101,51,50,2,1.98
경기,41,분당구,41135,야탑중학교,,경기도 성남시 분당구 양현로 442,UzA5MDAwMjE5NQ==,,,0,5,0,0,278,125,153,5,1.8
경기,41,분당구,41135,정자중학교,,경기도 성남시 분당구 정자동,UzA5MDAwMjIwMg==,,,0,2,1,0,122,61,61,2,1.64
경기,41,분당구,41135,삼평중학교,,경기도 성남시 분당구 삼평동,UzA5MDAwNTgzNA==,,,0,2,1,3,150,83,67,2,1.33
경기,41,분당구,41135,송림중학교,,경기도 성남시 분당구 이매로 100,UzA5MDAwMjE5Mg==,,,0,0,2,0,86,53,33,0,0.0
경기,41,분당구,41135,하탑중학교,,경기도 성남시 분당구 야탑동,UzA5MDAwMjIwOA==,,,0,0,0,0,135,66,69,0,0.0
경기,41,분당구,41135,이우중학교,,경기도 성남시 분당구 동원동,UzA5MDAwNDk4NA==,,,0,0,0,0,61,30,31,0,0.0
경기,41,영통구,41117,수원다산중학교,,경기도 수원시 영통구 혜령로 12,UzA5MDAwNjc4MQ==,,,3,16,14,1,353,182,171,19,5.38
경기,41,영통구,41117,연무중학교,,경기도 수원시 영통구 이의동,UzA5MDAwMjQyOQ==,,,1,15,11,5,301,150,151,16,5.32
경기,41,영통구,41117,중앙기독중학교,,경기도 수원시 영통구 원천동,UzA5MDAwNTUyMQ==,,,0,4,3,0,84,43,41,4,4.76
경기,41,영통구,41117,광교호수중학교,,경기도 수원시 영통구 원천동,UzA5MDAwNzYwOA==,,,3,5,4,0,198,96,102,8,4.04
경기,41,영통구,41117,영덕중학교,,경기 수원시 영통구 영통동,UzA5MDAwMjQzMA==,,,2,9,9,3,289,149,140,11,3.81
경기,41,영통구,41117,광교중학교,,경기도 수원시 영통구 이의동,UzA5MDAwNTg3OA==,,,0,5,4,1,140,77,63,5,3.57
경기,41,영통구,41117,매탄중학교,,경기도 수원시 영통구 매탄동,UzA5MDAwNTY5NA==,,,0,9,0,3,258,129,129,9,3.49
경기,41,영통구,41117,이의중학교,,경기도 수원시 영통구 하동,UzA5MDAwNTg4MQ==,,,1,3,2,0,122,63,59,4,3.28
경기,41,영통구,41117,영일중학교,,경기도 수원시 영통구 영통동,UzA5MDAwMjQzMw==,,,3,4,8,2,222,116,106,7,3.15
경기,41,영통구,41117,산남중학교,,경기도 수원시 영통구 매탄2동,UzA5MDAwMjQxOQ==,,,0,7,5,0,263,134,129,7,2.66
경기,41,영통구,41117,청명중학교,,경기도 수원시 영통구 청명북로 118,UzA5MDAwMjQ0MA==,,,1,3,1,0,152,85,67,4,2.63
경기,41,영통구,41117,잠원중학교,,경기도 수원시 영통구 태장로 25,UzA5MDAwNTQ3Nw==,,,0,7,7,0,294,145,149,7,2.38
경기,41,영통구,41117,동수원중학교,,경기도 수원시 영통구 매탄동,UzA5MDAwMjQxMw==,,,0,4,1,0,192,115,77,4,2.08
경기,41,영통구,41117,매현중학교,,경기도 수원시 영통구 매탄동,UzA5MDAwMjQxNg==,,,0,2,1,1,149,79,70,2,1.34
경기,41,영통구,41117,망포중학교,,경기도 수원시 영통구 망포동,UzA5MDAwNDg2MQ==,,,0,4,2,0,308,164,144,4,1.3
경기,41,영통구,41117,영동중학교,,경기도 수원시 영통구 망포로 84번길 3,UzA5MDAwNTE1Mw==,,,0,2,2,2,160,78,82,2,1.25
경기,41,영통구,41117,매원중학교,,경기도 수원시 영통구 매탄동,UzA5MDAwMjQxNA==,,,0,2,2,0,176,91,85,2,1.14
경기,41,영통구,41117,태장중학교,,경기도 수원시 영통구 영통동,UzA5MDAwMjQ0MQ==,,,1,1,1,0,179,94,85,2,1.12
경기,41,영통구,41117,영통중학교,,경기도 수원시 영통구 영통동,UzA5MDAwMjQzNA==,,,0,0,0,0,76,40,36,0,0.0
경기,41,영통구,41117,원천중학교,,경기도 수원시 영통구 원천동,UzA5MDAwMjQzNQ==,,,0,0,0,0,33,16,17,0,0.0
경기,41,영통구,41117,수원원일중학교,,경기도 수원시 영통구 매탄동,UzA5MDAwNTc2Nw==,,,0,0,0,0,50,32,18,0,0.0
경기,41,구리시,41310,구리여자중학교,,경기도 구리시 토평동,UzA5MDAwMTU3OA==,,,0,2,0,1,85,0,85,2,2.35
경기,41,구리시,41310,장자중학교,,경기도 구리시 교문2동,UzA5MDAwMTU5NA==,,,1,2,1,1,183,96,87,3,1.64
경기,41,구리시,41310,인창중학교,,경기도 구리시 인창동 669~675,UzA5MDAwMTU5Mw==,,,0,2,0,1,269,140,129,2,0.74
경기,41,구리시,41310,토평중학교,,경기도 구리시 토평동,UzA5MDAwMTU5Ng==,,,0,1,0,0,166,90,76,1,0.6
경기,41,구리시,41310,교문중학교,,경기도 구리시 교문동,UzA5MDAwMTU3Ng==,,,0,1,0,1,168,90,78,1,0.6
경기,41,구리시,41310,동구중학교,,경기도 구리시 동구릉로103번길 75,UzA5MDAwMTU4Mw==,,,0,1,1,0,241,131,110,1,0.41
경기,41,구리시,41310,구리중학교,,경기도 구리시 장자대로 89-1,UzA5MDAwMTU3Nw==,,,0,0,0,1,81,81,0,0,0.0
경기,41,구리시,41310,갈매중학교,,경기도 구리시 갈매동 301~600,UzA5MDAwNzE1Nw==,,,0,0,0,0,257,120,137,0,0.0
경기,41,양평군,41830,양수중학교,,경기도 양평군 양서면 용담리,UzA5MDAwMzIwMg==,,,1,0,0,0,52,21,31,1,1.92
경기,41,양평군,41830,서종중학교,,경기도 양평군 서종면 문호리,UzA5MDAwMzIwNA==,,,0,0,0,0,75,38,37,0,0.0
경기,41,양평군,41830,양일중학교,,경기도 양평군 양평읍,UzA5MDAwMzIwNg==,,,0,0,1,0,227,122,105,0,0.0
경기,41,양평군,41830,양평중학교,,경기도 양평군 양평읍 공흥3리,UzA5MDAwMzIwOA==,,,0,0,0,0,236,127,109,0,0.0
경기,41,양평군,41830,용문중학교,,경기도 양평군 용문면 마룡리,UzA5MDAwMzIxMA==,,,0,0,0,0,127,62,65,0,0.0
경기,41,양평군,41830,강하중학교,,경기도 양평군 강하면 왕창리,UzA5MDAwMzE5OQ==,,,0,0,0,0,14,10,4,0,0.0
경기,41,양평군,41830,개군중학교,,경기도 양평군 개군면 하자포리,UzA5MDAwMzIwMA==,,,0,0,1,0,38,24,14,0,0.0
경기,41,양평군,41830,국수중학교,,경기도 양평군 양서면 국수리,UzA5MDAwMzIwMQ==,,,0,0,0,0,40,21,19,0,0.0
경기,41,양평군,41830,단월중학교,,경기도 양평군 단월면 보룡길 83,UzA5MDAwMzIwMw==,,,0,0,0,0,32,20,12,0,0.0
경기,41,양평군,41830,양동중학교,,경기도 양평군 양동면 쌍학리,UzA5MDAwMzIwNQ==,,,0,0,0,0,11,4,7,0,0.0
경기,41,양평군,41830,지평중학교,,경기도 양평군 지평면 지평리,UzA5MDAwMzIxMQ==,,,0,0,0,0,40,28,12,0,0.0
경기,41,양평군,41830,청운중학교,,경기도 양평군 청운면 용두리,UzA5MDAwMzIxMg==,,,0,0,0,0,13,9,4,0,0.0
경기,41,일산동구,41285,정발중학교,,경기도 고양시 일산동구 마두동,UzA5MDAwMDk2NQ==,,,1,31,1,4,310,167,143,32,10.32
경기,41,일산동구,41285,백석중학교,,경기도 고양시 일산동구 호수로 404,UzA5MDAwMDk1Mw==,,,1,11,0,0,137,74,63,12,8.76
경기,41,일산동구,41285,일산양일중학교,,경기도 고양시 일산동구 식사동,UzA5MDAwNjQ1MA==,,,0,36,9,8,457,242,215,36,7.88
경기,41,일산동구,41285,풍동중학교,,경기도 고양시 일산동구 숲속마을1로 101,UzA5MDAwNTQxMA==,,,0,11,2,0,208,116,92,11,5.29
경기,41,일산동구,41285,백신중학교,,경기도 고양시 일산동구 마두동,UzA5MDAwMDk1NA==,,,0,12,1,2,273,145,128,12,4.4
경기,41,일산동구,41285,안곡중학교,,경기도 고양시 일산동구 중산동,UzA5MDAwNTYwOA==,,,0,11,1,1,275,143,132,11,4.0
경기,41,일산동구,41285,백마중학교,,경기도 고양시 일산동구 마두동,UzA5MDAwMDk1Mg==,,,3,2,0,0,185,95,90,5,2.7
경기,41,일산동구,41285,저동중학교,,경기도 고양시 일산동구 정발산동,UzA5MDAwMDk2NA==,,,0,2,0,0,152,75,77,2,1.32
경기,41,일산동구,41285,중산중학교,,경기도 고양시 일산동구 중산동,UzA5MDAwMDk2Ng==,,,1,0,0,0,147,82,65,1,0.68
경기,41,일산동구,41285,풍산중학교,,경기도 고양시 일산동구 풍동,UzA5MDAwNTM1OA==,,,0,0,0,0,127,67,60,0,0.0
경기,41,일산서구,41287,대화중학교,,경기도 고양시 일산서구 대화동,UzA5MDAwMDk0OA==,,,0,13,5,0,133,64,69,13,9.77
경기,41,일산서구,41287,오마중학교,,경기도 고양시 일산서구 주엽동,UzA5MDAwMDk1OQ==,,,1,28,10,3,309,159,150,29,9.39
경기,41,일산서구,41287,한수중학교,,경기도 고양시 일산서구 주엽동,UzA5MDAwMDk2OQ==,,,2,23,2,1,275,129,146,25,9.09
경기,41,일산서구,41287,발산중학교,,경기도 고양시 일산서구 주엽동,UzA5MDAwMDk1MQ==,,,1,19,4,2,268,152,116,20,7.46
경기,41,일산서구,41287,신일중학교,,경기도 고양시 일산서구 일산3동,UzA5MDAwMDk1OA==,,,1,16,3,0,298,173,125,17,5.7
경기,41,일산서구,41287,대송중학교,,경기도 고양시 일산서구 송포로 49,UzA5MDAwNDg3MA==,,,0,6,1,1,151,69,82,6,3.97
경기,41,일산서구,41287,일산중학교,,경기도 고양시 일산서구 일산1동,UzA5MDAwMDk2Mg==,,,0,5,0,0,130,69,61,5,3.85
경기,41,일산서구,41287,덕이중학교,,경기도 고양시 일산서구 하이파크3로,UzA5MDAwNTg1Nw==,,,1,9,2,1,289,132,157,10,3.46
경기,41,일산서구,41287,장성중학교,,경기도 고양시 일산서구 대화동,UzA5MDAwMDk2Mw==,,,0,4,1,0,135,65,70,4,2.96
경기,41,일산서구,41287,일산동중학교,,경기도 고양시 일산서구 탄현동,UzA5MDAwMDk2MQ==,,,0,4,1,0,193,105,88,4,2.07
경기,41,일산서구,41287,현산중학교,,경기도 고양시 일산서구 일산동,UzA5MDAwNDg3MQ==,,,0,2,0,0,127,63,64,2,1.57
경기,41,일산서구,41287,고양송산중학교,,경기도 고양시 일산서구 가좌동,UzA5MDAwNTM5MA==,,,0,3,1,1,196,96,100,3,1.53
경기,41,일산서구,41287,호곡중학교,,경기도 고양시 일산서구,UzA5MDAwMDk3MQ==,,,0,2,0,0,224,122,102,2,0.89
경기,41,기흥구,41463,용인신촌중학교,,경기도 용인시 기흥구 보정동,UzA5MDAwNDk3Mg==,,,3,14,18,3,296,143,153,17,5.74
경기,41,기흥구,41463,흥덕중학교,,경기도 용인시 기흥구 영덕동,UzA5MDAwNTc3NQ==,,,1,12,8,2,283,160,123,13,4.59
경기,41,기흥구,41463,서천중학교,,경기도 용인시 기흥구 서천동,UzA5MDAwNTg2Mw==,,,4,5,1,0,245,120,125,9,3.67
경기,41,기흥구,41463,언동중학교,,경기도 용인시 기흥구 언남동,UzA5MDAwNDk3Ng==,,,1,5,5,0,169,83,86,6,3.55
경기,41,기흥구,41463,초당중학교,,경기도 용인시 기흥구 동백중앙로 119,UzA5MDAwNTMzOA==,,,2,8,11,1,322,167,155,10,3.11
경기,41,기흥구,41463,어정중학교,,경기도 용인시 기흥구 중동,UzA5MDAwNjc4NA==,,,0,6,9,0,243,101,142,6,2.47
경기,41,기흥구,41463,구성중학교,,경기도 용인시 기흥구 마북동,UzA5MDAwMzQ2OA==,,,2,5,4,0,286,154,132,7,2.45
경기,41,기흥구,41463,용인백현중학교,,경기도 용인시 기흥구 동백동,UzA5MDAwNTMzMQ==,,,2,5,6,0,294,150,144,7,2.38
경기,41,기흥구,41463,청덕중학교,,경기도 용인시 기흥구 청덕동,UzA5MDAwNTYwOQ==,,,0,4,5,1,169,92,77,4,2.37
경기,41,기흥구,41463,소현중학교,,경기도 용인시 기흥구 만현로133번길 96,UzA5MDAwMzQ4MA==,,,1,4,5,0,215,119,96,5,2.33
경기,41,기흥구,41463,보라중학교,,경기도 용인시 기흥구 보라동,UzA5MDAwNTQ3OQ==,,,2,4,6,0,306,160,146,6,1.96
경기,41,기흥구,41463,동백중학교,,경기도 용인시 기흥구 동백동,UzA5MDAwNTMyOQ==,,,1,7,3,0,427,221,206,8,1.87
경기,41,기흥구,41463,용인신릉중학교,,경기도 용인시기흥구 신갈동,UzA5MDAwNDk3MQ==,,,0,4,2,0,222,117,105,4,1.8
경기,41,기흥구,41463,나곡중학교,,경기도 용인시 기흥구 보라동,UzA5MDAwMzQ3MA==,,,0,2,3,2,189,97,92,2,1.06
경기,41,기흥구,41463,신갈중학교,,경기도 용인시 기흥구 용구대로2152번길 23,UzA5MDAwMzQ4Mw==,,,0,1,1,0,97,43,54,1,1.03
경기,41,기흥구,41463,구갈중학교,,경기도 용인시 기흥구 신갈동,UzA5MDAwMzQ2Nw==,,,0,1,2,0,195,100,95,1,0.51
경기,41,기흥구,41463,성지중학교,,경기도 용인시 기흥구 구갈동,UzA5MDAwNDk3NQ==,,,0,1,0,0,203,100,103,1,0.49
경기,41,기흥구,41463,상갈중학교,,경기도 용인시 기흥구 상갈동,UzA5MDAwMzQ3Ng==,,,0,0,0,0,140,74,66,0,0.0
경기,41,기흥구,41463,상하중학교,,경기도 용인시 기흥구 상하동,UzA5MDAwNTg2MQ==,,,0,0,4,0,108,50,58,0,0.0
경기,41,병점구,41595,안용중학교,,경기도 화성시 송산동,UzA5MDAwNDI3MQ==,,,0,1,0,0,158,80,78,1,0.63
경기,41,병점구,41595,기안중학교,,경기도 화성시 기안동,UzA5MDAwNTE3NQ==,,,0,1,0,0,201,104,97,1,0.5
경기,41,병점구,41595,능동중학교,,경기 화성시 동탄원천로 289-17,UzA5MDAwNTY1NA==,,,0,1,0,1,265,132,133,1,0.38
경기,41,병점구,41595,비봉중학교,,경기도 화성시 비봉면 양노로109번길 5,UzA5MDAwNDI2Ng==,,,0,0,0,1,51,29,22,0,0.0
경기,41,병점구,41595,기산중학교,,경기도 화성시 기산동,UzA5MDAwNTQ3MA==,,,0,0,0,1,157,85,72,0,0.0
경기,41,파주시,41480,한빛중학교,,경기도 파주시 야당동,UzA5MDAwNTY5MQ==,,,0,9,0,0,336,177,159,9,2.68
경기,41,파주시,41480,동패중학교,,경기도 파주시 동패동,UzA5MDAwNjQyNA==,,,1,6,0,1,328,167,161,7,2.13
경기,41,파주시,41480,두일중학교,,경기 파주시 교하읍 동패리,UzA5MDAwNTM5Ng==,,,0,4,0,0,192,92,100,4,2.08
경기,41,파주시,41480,운정중학교,,경기도 파주시 교하읍 야당리,UzA5MDAwNjE2MA==,,,3,3,1,1,302,160,142,6,1.99
경기,41,파주시,41480,산들중학교,,경기도 파주시 교하읍 목동리,UzA5MDAwNjE1OQ==,,,0,5,1,1,276,121,155,5,1.81
경기,41,파주시,41480,산내중학교,,경기도 파주시 목동동,UzA5MDAwNjE1OA==,,,1,5,0,0,336,157,179,6,1.79
경기,41,파주시,41480,지산중학교,,경기도 파주시 교하읍 와동1리,UzA5MDAwMzg3MQ==,,,4,2,2,0,343,187,156,6,1.75
경기,41,파주시,41480,교하중학교,,경기도 파주시 책향기로 194,UzA5MDAwMzg2MQ==,,,0,3,0,1,225,110,115,3,1.33
경기,41,파주시,41480,문산수억중학교,,경기도 파주시 파주읍 봉서리,UzA5MDAwMzg2NA==,,,0,1,0,0,137,62,75,1,0.73
경기,41,파주시,41480,봉일천중학교,,경기도 파주시 조리읍 봉일천리,UzA5MDAwMzg2Nw==,,,0,1,0,0,209,112,97,1,0.48
경기,41,파주시,41480,해솔중학교,,경기도 파주시 목동동,UzA5MDAwNjQ1Nw==,,,0,1,0,4,231,108,123,1,0.43
경기,41,파주시,41480,금릉중학교,,경기도 파주시 후곡로 66,UzA5MDAwNDk4Mg==,,,0,1,1,0,243,134,109,1,0.41
경기,41,파주시,41480,한가람중학교,,경기도 파주시 와동동,UzA5MDAwNTg3Nw==,,,0,1,0,0,313,160,153,1,0.32
경기,41,파주시,41480,광탄중학교,,경기도 파주시 광탄면 신산리 181~219,UzA5MDAwMzg2MA==,,,0,0,0,3,76,51,25,0,0.0
경기,41,파주시,41480,문산동중학교,,경기도 파주시 문산읍 문산1리,UzA5MDAwMzg2Mg==,,,0,0,0,0,58,36,22,0,0.0
경기,41,파주시,41480,문산북중학교,,경기도 파주시 문산읍 당동리,UzA5MDAwMzg2Mw==,,,0,0,0,1,117,57,60,0,0.0
경기,41,파주시,41480,문산중학교,,경기도 파주시 평화로 190,UzA5MDAwMzg2NQ==,,,0,0,0,0,240,132,108,0,0.0
경기,41,파주시,41480,파주광일중학교,,경기도 파주시 월롱면,UzA5MDAwMzg3Mg==,,,0,0,0,0,75,37,38,0,0.0
경기,41,파주시,41480,파주중학교,,경기도 파주시 파주읍 연풍1리,UzA5MDAwMzg3Mw==,,,0,0,0,2,59,31,28,0,0.0
경기,41,파주시,41480,탄현중학교,,경기도 파주시 탄현면 축현리,UzA5MDAwMzg3NQ==,,,0,0,0,1,70,33,37,0,0.0
경기,41,파주시,41480,금촌중학교,,경기 파주시 금능동,UzA5MDAwNTM5MQ==,,,0,0,0,0,209,119,90,0,0.0
경기,41,파주시,41480,선유중학교,,경기도 파주시 문산읍 선유리,UzA5MDAwNTg2NQ==,,,0,0,0,1,187,96,91,0,0.0
경기,41,파주시,41480,심학중학교,,경기도 파주시 양지로 75,UzA5MDAwNzU3Nw==,,,0,0,0,0,125,65,60,0,0.0
경기,41,파주시,41480,법원여자중학교,,경기도 파주시 법원읍 가야리,UzA5MDAwMzg2Ng==,,,0,0,0,0,25,0,25,0,0.0
경기,41,파주시,41480,삼광중학교,,경기도 파주시 적성면 청송로 701,UzA5MDAwMzg2OA==,,,0,0,0,0,50,28,22,0,0.0
경기,41,파주시,41480,어유중학교,,경기도 파주시 적성면 어유지리,UzA5MDAwMzg2OQ==,,,0,0,1,0,3,3,0,0,0.0
경기,41,파주시,41480,율곡중학교,,경기도 파주시 법원읍 법원2리,UzA5MDAwMzg3MA==,,,0,0,0,0,26,26,0,0,0.0
경기,41,파주시,41480,파평중학교,,경기도 파주시 파평면 금파리,UzA5MDAwMzg3NA==,,,0,0,0,0,15,8,7,0,0.0
경기,41,김포시,41570,김포여자중학교,,경기도 김포시 사우동,UzA5MDAwMTQ4OA==,,,0,5,1,0,78,0,78,5,6.41
경기,41,김포시,41570,풍무중학교,,경기도 김포시 풍무동,UzA5MDAwMTQ5Ng==,,,2,17,3,0,373,182,191,19,5.09
경기,41,김포시,41570,하늘빛중학교,,경기도 김포시 운양동 1~899,UzA5MDAwNjA0NQ==,,,1,13,3,1,333,185,148,14,4.2
경기,41,김포시,41570,금파중학교,,경기도 김포시 북변동,UzA5MDAwMTQ4OQ==,,,0,14,2,0,346,182,164,14,4.05
경기,41,김포시,41570,김포중학교,,경기도 김포시 봉화로 83,UzA5MDAwMTQ5MA==,,,1,2,1,1,81,81,0,3,3.7
경기,41,김포시,41570,김포신곡중학교,,경기도 김포시 고촌읍 수기로 54-20,UzA5MDAwNTY4MQ==,,,4,5,0,0,284,145,139,9,3.17
경기,41,김포시,41570,운양중학교,,경기도 김포시 장기동,UzA5MDAwNTkxMQ==,,,0,11,1,0,354,179,175,11,3.11
경기,41,김포시,41570,푸른솔중학교,,경기도 김포시 김포한강2로 328,UzA5MDAwNTg4NA==,,,0,8,1,2,323,168,155,8,2.48
경기,41,김포시,41570,은여울중학교,,경기도 김포시 김포한강8로 173-48,UzA5MDAwNjc3OQ==,,,0,6,1,1,274,128,146,6,2.19
경기,41,김포시,41570,양도중학교,,경기도 김포시 풍무동,UzA5MDAwNjQ0Mg==,,,0,5,0,1,256,129,127,5,1.95
경기,41,김포시,41570,고창중학교,,경기도 김포시 장기동,UzA5MDAwNTYxMQ==,,,0,6,1,2,327,180,147,6,1.83
경기,41,김포시,41570,김포한가람중학교,,경기도 김포시 구래동,UzA5MDAwNjc4Mw==,,,0,4,0,0,268,129,139,4,1.49
경기,41,김포시,41570,고촌중학교,,경기도 김포시 고촌읍 신곡리,UzA5MDAwMTQ4Nw==,,,0,2,0,0,135,70,65,2,1.48
경기,41,김포시,41570,장기중학교,,경기도 김포시 청송로 5,UzA5MDAwMTQ5NA==,,,0,5,1,0,395,225,170,5,1.27
경기,41,김포시,41570,나래중학교,,경기도 김포시 김포한강9로 19,UzA5MDAwNzU4MA==,,,0,3,0,0,297,135,162,3,1.01
경기,41,김포시,41570,양곡중학교,,경기도 김포시 양촌읍,UzA5MDAwMTQ5Mw==,,,0,1,0,0,117,66,51,1,0.85
경기,41,김포시,41570,대곶중학교,,경기도 김포시 대곶면 율생리,UzA5MDAwMTQ5MQ==,,,0,0,0,0,51,25,26,0,0.0
경기,41,김포시,41570,통진중학교,,경기도 김포시 통진읍 마송리,UzA5MDAwMTQ5NQ==,,,0,0,0,2,139,75,64,0,0.0
경기,41,김포시,41570,감정중학교,,경기도 김포시 감정동,UzA5MDAwNTM4OQ==,,,0,0,0,1,191,92,99,0,0.0
경기,41,김포시,41570,신양중학교,,경기도 김포시 양촌읍 양곡4로 243,UzA5MDAwNTc0Ng==,,,0,0,0,0,100,50,50,0,0.0
경기,41,김포시,41570,마송중학교,,경기도 김포시 통진읍 마송리,UzA5MDAwNTc1Mg==,,,0,0,0,0,99,59,40,0,0.0
경기,41,김포시,41570,향산중학교,,경기도 김포시 고촌읍 상미1로 26,UzA5MDAwNzYxMw==,,,0,0,0,0,91,45,46,0,0.0
경기,41,김포시,41570,분진중학교,,경기도 김포시 월곶면 군하리,UzA5MDAwMTQ5Mg==,,,0,0,0,0,16,10,6,0,0.0
경기,41,김포시,41570,하성중학교,,경기도 김포시 하성면 애기봉로806번길 30,UzA5MDAwMTQ5Nw==,,,0,0,0,0,42,29,13,0,0.0
경기,41,덕양구,41281,덕은한강중학교,,경기도 고양시 덕양구 대덕산로 111,UzA5MDAwNzYyNg==,,,0,13,0,0,104,61,43,13,12.5
경기,41,덕양구,41281,지축중학교,,경기도 고양시 덕양구 오부자2길 14,UzA5MDAwNzQ0MA==,,,1,18,2,0,245,116,129,19,7.76
경기,41,덕양구,41281,서정중학교,,경기도 고양시 덕양구 행신동,UzA5MDAwNTM2MA==,,,0,11,0,0,145,65,80,11,7.59
경기,41,덕양구,41281,향동중학교,,경기도 고양시 덕양구 향동1로 38,UzA5MDAwNzM3Ng==,,,0,9,1,0,158,78,80,9,5.7
경기,41,덕양구,41281,행신중학교,,경기도 고양시 덕양구 행신동,UzA5MDAwMDk3MA==,,,0,7,1,0,143,81,62,7,4.9
경기,41,덕양구,41281,고양중학교,,경기도 고양시 덕양구 동세로 82,UzA5MDAwMDk0Ng==,,,0,13,1,0,271,134,137,13,4.8
경기,41,덕양구,41281,지도중학교,,경기도 고양시 덕양구 화정2동,UzA5MDAwMDk2Nw==,,,1,6,0,1,160,81,79,7,4.38
경기,41,덕양구,41281,고양제일중학교,,경기도 고양시 덕양구 관산동 301~349,UzA5MDAwMDk1Ng==,,,0,12,1,0,284,151,133,12,4.23
경기,41,덕양구,41281,백양중학교,,경기도 고양시 덕양구 화신로 236,UzA5MDAwMDk1NQ==,,,0,4,1,2,105,46,59,4,3.81
경기,41,덕양구,41281,화정중학교,,경기도 고양시 덕양구 화정동,UzA5MDAwMDk3Mw==,,,1,7,1,4,211,109,102,8,3.79
경기,41,덕양구,41281,가람중학교,,경기도 고양시 덕양구 화신로 122,UzA5MDAwMDk0NA==,,,0,5,0,0,132,64,68,5,3.79
경기,41,덕양구,41281,목암중학교,,경기도 고양시 덕양구 고양동,UzA5MDAwNTAzNQ==,,,2,7,1,0,270,138,132,9,3.33
경기,41,덕양구,41281,신원중학교,,경기도 고양시 덕양구 신원2로,UzA5MDAwNjc4MA==,,,1,9,3,2,305,154,151,10,3.28
경기,41,덕양구,41281,무원중학교,,경기도 고양시 덕양구 행신동,UzA5MDAwMDk1MA==,,,0,5,1,0,155,83,72,5,3.23
경기,41,덕양구,41281,도래울중학교,,경기도 고양시 덕양구 도래울로 57,UzA5MDAwNjk1Mw==,,,0,8,1,0,318,168,150,8,2.52
경기,41,덕양구,41281,성사중학교,,경기도 고양시 덕양구 호국로 887,UzA5MDAwNTcwNw==,,,0,4,0,0,185,97,88,4,2.16
경기,41,덕양구,41281,덕양중학교,,경기도 고양시 덕양구 화전동,UzA5MDAwMDk0OQ==,,,0,1,0,0,62,36,26,1,1.61
경기,41,덕양구,41281,신능중학교,,경기도 고양시 덕양구 충장로,UzA5MDAwMDk1Nw==,,,0,1,1,0,94,42,52,1,1.06
경기,41,덕양구,41281,화수중학교,,경기도 고양시 덕양구 화정동,UzA5MDAwMDk3Mg==,,,0,2,0,0,245,127,118,2,0.82
경기,41,덕양구,41281,능곡중학교,,경기도 고양시 덕양구 토당동 301~400,UzA5MDAwMDk0Nw==,,,0,0,0,0,118,73,45,0,0.0
경기,41,덕양구,41281,원당중학교,,경기도 고양시 덕양구 주교동,UzA5MDAwMDk2MA==,,,0,0,1,0,53,36,17,0,0.0
경기,41,남양주시,41360,별가람중학교,,경기도 남양주시 별내3로,UzA5MDAwNTc3OQ==,,,2,14,2,1,346,171,175,16,4.62
경기,41,남양주시,41360,다산새봄중학교,,경기도 남양주시 다산순환로 435,UzA5MDAwNzUxOA==,,,2,11,0,1,363,168,195,13,3.58
경기,41,남양주시,41360,하랑중학교,,경기도 남양주시 백봉로 92,UzA5MDAwNzY1NA==,,,0,2,0,0,64,31,33,2,3.12
경기,41,남양주시,41360,평내중학교,,경기 남양주시 평내동,UzA5MDAwNTE2Mg==,,,1,4,1,1,216,108,108,5,2.31
경기,41,남양주시,41360,한별중학교,,경기도 남양주시 별내동,UzA5MDAwNjk2Ng==,,,0,5,0,0,248,135,113,5,2.02
경기,41,남양주시,41360,다산한강중학교,,경기도 남양주시 다산지금로145번길 20,UzA5MDAwNzMxOQ==,,,0,4,0,0,203,94,109,4,1.97
경기,41,남양주시,41360,남양주다산중학교,,경기도 남양주시 다산중앙로172번길 50,UzA5MDAwNzIzOA==,,,0,5,1,1,267,117,150,5,1.87
경기,41,남양주시,41360,진접중학교,,경기도 남양주시 진접읍 장현3리,UzA5MDAwNDg2OQ==,,,0,3,0,0,216,104,112,3,1.39
경기,41,남양주시,41360,주곡중학교,,경기도 남양주시 진접읍 금곡리,UzA5MDAwNjQ1MQ==,,,1,1,1,0,260,131,129,2,0.77
경기,41,남양주시,41360,별내중학교,,경기도 남양주시 별내면,UzA5MDAwMTU4Nw==,,,0,1,0,0,148,76,72,1,0.68
경기,41,남양주시,41360,풍양중학교,,경기도 남양주시 진접읍 금곡리,UzA5MDAwNTcwOQ==,,,1,1,0,0,334,181,153,2,0.6
경기,41,남양주시,41360,동화중학교,,경기도 남양주시 경춘로 434,UzA5MDAwMTU4NA==,,,0,1,1,0,177,87,90,1,0.56
경기,41,남양주시,41360,천마중학교,,경기도 남양주시 화도읍 먹갓로28번길 12,UzA5MDAwNjgwMA==,,,0,1,0,0,177,95,82,1,0.56
경기,41,남양주시,41360,양오중학교,,경기도 남양주시 오남읍 양지리,UzA5MDAwNTM1Mg==,,,1,0,0,0,183,99,84,1,0.55
경기,41,남양주시,41360,덕소중학교,,경기도 남양주시 와부읍 도곡리,UzA5MDAwMTU4MQ==,,,0,1,0,0,202,99,103,1,0.5
경기,41,남양주시,41360,도농중학교,,경기도 남양주시 미금로 234,UzA5MDAwMTU4Mg==,,,0,1,0,0,207,104,103,1,0.48
경기,41,남양주시,41360,와부중학교,,경기도 남양주시 와부읍 덕소리,UzA5MDAwMTU5MQ==,,,0,1,1,0,243,119,124,1,0.41
경기,41,남양주시,41360,심석중학교,,경기도 남양주시 화도읍 마석우리,UzA5MDAwMTU4OQ==,,,0,1,0,0,244,123,121,1,0.41
경기,41,남양주시,41360,호평중학교,,경기도 남양주시 호평동,UzA5MDAwMTU5OA==,,,0,1,0,1,270,136,134,1,0.37
경기,41,남양주시,41360,광동중학교,,경기도 남양주시 진접읍 장현로광동1길 10,UzA5MDAwMTU3NQ==,,,0,0,1,1,203,99,104,0,0.0
경기,41,남양주시,41360,금곡중학교,,경기도 남양주시 금곡동,UzA5MDAwMTU3OQ==,,,0,0,0,0,73,40,33,0,0.0
경기,41,남양주시,41360,마석중학교,,경기도 남양주시 화도읍 창현리,UzA5MDAwMTU4NQ==,,,0,0,0,0,270,144,126,0,0.0
경기,41,남양주시,41360,미금중학교,,경기도 남양주시 지금동 198~700,UzA5MDAwMTU4Ng==,,,0,0,0,0,102,53,49,0,0.0
경기,41,남양주시,41360,오남중학교,,경기도 남양주시 오남읍 양지2리,UzA5MDAwMTU5MA==,,,0,0,0,0,144,82,62,0,0.0
경기,41,남양주시,41360,진건중학교,,경기도 남양주시 진건읍 사능리,UzA5MDAwMTU5NQ==,,,0,0,0,0,142,73,69,0,0.0
경기,41,남양주시,41360,퇴계원중학교,,경기도 남양주시 퇴계원면,UzA5MDAwMTU5Nw==,,,0,0,0,0,178,95,83,0,0.0
경기,41,남양주시,41360,화광중학교,,경기도 남양주시 화도읍 경춘로 2226,UzA5MDAwMTU5OQ==,,,0,0,0,0,121,65,56,0,0.0
경기,41,남양주시,41360,송라중학교,,경기도 남양주시 화도읍 마석로45번길 31,UzA5MDAwNTAzMw==,,,0,0,0,0,274,143,131,0,0.0
경기,41,남양주시,41360,장내중학교,,경기도 남양주시 평내동,UzA5MDAwNTAzNA==,,,0,0,0,0,222,116,106,0,0.0
경기,41,남양주시,41360,판곡중학교,,경기도 남양주시 호평동,UzA5MDAwNTM1Ng==,,,0,0,0,0,341,170,171,0,0.0
경기,41,남양주시,41360,어람중학교,,경기도 남양주시 오남읍 오남리,UzA5MDAwNTQ3NQ==,,,0,0,0,1,218,110,108,0,0.0
경기,41,남양주시,41360,광릉중학교,,경기도 남양주시 진접읍 진벌리,UzA5MDAwNTY3OQ==,,,0,0,0,4,93,49,44,0,0.0
경기,41,남양주시,41360,예봉중학교,,경기도 남양주시 와부읍 덕소리,UzA5MDAwNTY4Mw==,,,0,0,0,0,183,93,90,0,0.0
경기,41,남양주시,41360,가운중학교,,경기도 남양주시 가운로2길 74,UzA5MDAwNTcwNA==,,,0,0,0,0,80,41,39,0,0.0
경기,41,남양주시,41360,수동중학교,,경기도 남양주시 수동면 입석3리,UzA5MDAwMTU4OA==,,,0,0,0,0,44,19,25,0,0.0
경기,41,남양주시,41360,연세중학교,,경기도 남양주시 조안면 북한강로 545,UzA5MDAwMTU5Mg==,,,0,0,0,0,14,14,0,0,0.0
경기,41,남양주시,41360,화접중학교,,경기도 남양주시 별내동 2353-3,UzA5MDAwNTc4Mw==,,,0,0,0,0,19,5,14,0,0.0
경기,41,수정구,41131,위례한빛중학교,,경기도 성남시 수정구 창곡동,UzA5MDAwNjEwNg==,,,0,14,8,2,283,125,158,14,4.95
경기,41,수정구,41131,창성중학교,,경기도 성남시 수정구 수정로 400,UzA5MDAwNzI1NA==,,,0,3,0,0,91,49,42,3,3.3
경기,41,수정구,41131,위례중앙중학교,,경기도 성남시 수정구 창곡동,UzA5MDAwNjEwNQ==,,,1,2,0,0,111,52,59,3,2.7
경기,41,수정구,41131,성남여자중학교,,경기도 성남시 수정구 신흥2동,UzA5MDAwMjE4OA==,,,0,2,0,0,124,0,124,2,1.61
경기,41,수정구,41131,성남서중학교,,경기도 성남시 수정구 단대동,UzA5MDAwMjE4Nw==,,,0,1,0,0,159,159,0,1,0.63
경기,41,수정구,41131,태평중학교,,경기도 성남시 수정구 태평동,UzA5MDAwMjIwNg==,,,1,0,0,0,219,133,86,1,0.46
경기,41,수정구,41131,상원여자중학교,,경기도 성남시 수정구 단대동 57,UzA5MDAwMjE4Mw==,,,0,0,0,0,90,0,90,0,0.0
경기,41,수정구,41131,풍생중학교,,경기도 성남시 수정구 수진2동,UzA5MDAwMjIwNw==,,,0,0,1,0,143,80,63,0,0.0
경기,41,수정구,41131,수진중학교,,경기도 성남시 수정구 수진동,UzA5MDAwNTYyMw==,,,0,0,0,0,60,30,30,0,0.0
경기,41,수정구,41131,성남문원중학교,,경기도 성남시 수정구 단대동,UzA5MDAwMjE4Ng==,,,0,0,1,0,46,46,0,0,0.0
경기,41,오산시,41370,오산원일중학교,,경기도 오산시 원동,UzA5MDAwNTQ2Mg==,,,0,4,0,1,370,196,174,4,1.08
경기,41,오산시,41370,운천중학교,,경기도 오산시 오산동,UzA5MDAwNDI3Ng==,,,0,2,0,0,293,141,152,2,0.68
경기,41,오산시,41370,오산중학교,,경기도 오산시 청학동,UzA5MDAwNDI3NA==,,,0,1,0,0,239,133,106,1,0.42
경기,41,오산시,41370,매홀중학교,,경기도 오산시 내삼미로48번길 17,UzA5MDAwNDI3Mw==,,,0,1,2,1,329,168,161,1,0.3
경기,41,오산시,41370,성호중학교,,경기도 오산시 원동,UzA5MDAwNDI2OQ==,,,0,0,0,0,207,105,102,0,0.0
경기,41,오산시,41370,운암중학교,,경기도 오산시 원동,UzA5MDAwNDI3NQ==,,,0,0,0,1,276,142,134,0,0.0
경기,41,오산시,41370,대호중학교,,경기도 오산시 궐리사로29번길 19,UzA5MDAwNTAyMQ==,,,0,0,0,0,174,70,104,0,0.0
경기,41,오산시,41370,세마중학교,,경기도 오산시 세교동,UzA5MDAwNTc2MA==,,,0,0,2,0,282,148,134,0,0.0
경기,41,오산시,41370,문시중학교,,경기도 오산시 금암동,UzA5MDAwNTgzMg==,,,0,0,0,1,344,183,161,0,0.0
경기,41,만세구,41591,발안중학교,,경기도 화성시 향남읍 평리,UzA5MDAwNDI2Mw==,,,1,1,0,0,181,105,76,2,1.1
경기,41,만세구,41591,화성동화중학교,,경기도 화성시 봉담읍,UzA5MDAwNTU4Nw==,,,0,2,0,0,197,90,107,2,1.02
경기,41,만세구,41591,봉담중학교,,경기도 화성시 봉담읍 상리,UzA5MDAwNDI2NQ==,,,0,1,1,2,327,160,167,1,0.31
경기,41,만세구,41591,향남중학교,,경기도 화성시 향남읍,UzA5MDAwNTY2Mg==,,,0,1,1,0,430,192,238,1,0.23
경기,41,만세구,41591,화성중학교,,경기도 화성시 향남읍 장짐리,UzA5MDAwNDI4MQ==,,,0,0,0,0,167,95,72,0,0.0
경기,41,만세구,41591,와우중학교,,경기도 화성시 봉담읍 동화리,UzA5MDAwNTY1Nw==,,,0,0,1,1,320,159,161,0,0.0
경기,41,만세구,41591,하길중학교,,경기도 화성시 향남읍 하길리,UzA5MDAwNjE1NQ==,,,0,0,0,0,304,158,146,0,0.0
경기,41,만세구,41591,수현중학교,,경기도 화성시 봉담읍 상리3길 136,UzA5MDAwNzM5NQ==,,,0,0,0,0,220,117,103,0,0.0
경기,41,원미구,41192,계남중학교,,경기도 부천시 원미구 중2동,UzA5MDAwMTg3Mw==,,,1,12,4,0,204,107,97,13,6.37
경기,41,원미구,41192,부명중학교,,경기도 부천시 조마루로 182,UzA5MDAwMTg4Mg==,,,0,6,3,1,193,98,95,6,3.11
경기,41,원미구,41192,석천중학교,,경기도 부천시 원미구 상동,UzA5MDAwMTg5OQ==,,,2,6,6,3,329,156,173,8,2.43
경기,41,원미구,41192,중흥중학교,,경기도 부천시 원미구 중동,UzA5MDAwMTkxMg==,,,1,4,2,0,222,130,92,5,2.25
경기,41,원미구,41192,상도중학교,,경기도 부천시 원미구 상동,UzA5MDAwMTg5Ng==,,,1,2,1,0,139,71,68,3,2.16
경기,41,원미구,41192,상일중학교,,경기도 부천시 원미구 상2동,UzA5MDAwMTg5OA==,,,2,3,9,2,296,151,145,5,1.69
경기,41,원미구,41192,부천중학교,,경기도 부천시 원미구 중동,UzA5MDAwMTg5NA==,,,1,3,3,0,248,144,104,4,1.61
경기,41,원미구,41192,심원중학교,,경기도 부천시 원미구 중2동 1087~1100,UzA5MDAwMTkwNQ==,,,0,3,1,0,212,113,99,3,1.42
경기,41,원미구,41192,소명여자중학교,,경기도 부천시 원미구 소사동,UzA5MDAwMTkwMg==,,,0,1,0,1,106,0,106,1,0.94
경기,41,원미구,41192,부인중학교,,경기도 부천시 원미구 상1동,UzA5MDAwMTg4Mw==,,,0,1,1,1,110,59,51,1,0.91
경기,41,원미구,41192,부천부곡중학교,,경기도 부천시 원미구 중동,UzA5MDAwMTg4OA==,,,0,0,1,1,125,82,43,0,0.0
경기,41,원미구,41192,부천부흥중학교,,경기도 부천시 원미구 중3동 1040~1086,UzA5MDAwMTg4OQ==,,,0,0,1,0,131,69,62,0,0.0
경기,41,원미구,41192,상동중학교,,경기도 부천시 원미구 상동,UzA5MDAwMTg5Nw==,,,0,0,1,3,73,38,35,0,0.0
경기,41,원미구,41192,역곡중학교,,경기도 부천시 원미구 역곡1동,UzA5MDAwMTkwNg==,,,0,0,0,0,269,150,119,0,0.0
경기,41,원미구,41192,중원중학교,,경기도 부천시 원미구 중4동,UzA5MDAwMTkxMQ==,,,0,0,0,0,148,76,72,0,0.0
경기,41,원미구,41192,원미중학교,,경기도 부천시 원미구 원미동,UzA5MDAwNTYwNQ==,,,0,0,0,0,105,64,41,0,0.0
경기,41,원미구,41192,도당중학교,,경기도 부천시 평천로849번길 58,UzA5MDAwNzMxMQ==,,,0,0,0,0,179,92,87,0,0.0
경기,41,광주시,41610,광수중학교,,경기도 광주시 퇴촌면 도수리,UzA5MDAwMTI2OQ==,,,0,3,0,0,107,58,49,3,2.8
경기,41,광주시,41610,신현중학교,,경기도 광주시 오포읍 신현리,UzA5MDAwNTg3Ng==,,,0,2,0,5,277,139,138,2,0.72
경기,41,광주시,41610,경안중학교,,경기도 광주시 장지동,UzA5MDAwMTI2Nw==,,,0,0,1,1,373,176,197,0,0.0
경기,41,광주시,41610,경화여자중학교,,경기도 광주시 송정동,UzA5MDAwMTI2OA==,,,0,0,0,1,299,0,299,0,0.0
경기,41,광주시,41610,곤지암중학교,,경기도 광주시 곤지암읍 곤지암리,UzA5MDAwMTI3MQ==,,,0,0,0,0,140,68,72,0,0.0
경기,41,광주시,41610,광주중학교,,경기도 광주시 경안동,UzA5MDAwMTI3Mg==,,,0,0,0,0,196,196,0,0,0.0
경기,41,광주시,41610,탄벌중학교,,경기도 광주시 포돌이로 77,UzA5MDAwMTI3Ng==,,,0,0,0,1,389,199,190,0,0.0
경기,41,광주시,41610,광주광남중학교,,경기도 광주시 태전동,UzA5MDAwNTM0Mg==,,,0,0,2,0,448,236,212,0,0.0
경기,41,광주시,41610,초월중학교,,경기도 광주시 초월읍 쌍동리,UzA5MDAwNTg4OQ==,,,0,0,1,0,368,191,177,0,0.0
경기,41,광주시,41610,매양중학교,,경기도 광주시 오포읍 양벌로 331-20,UzA5MDAwNzI1Mw==,,,0,0,0,0,300,178,122,0,0.0
경기,41,광주시,41610,광일중학교,,경기도 광주시 도척면 노곡리,UzA5MDAwMTI3MA==,,,0,0,0,0,37,18,19,0,0.0
경기,41,의왕시,41430,갈뫼중학교,,경기도 의왕시 내손동,UzA5MDAwMTM2NQ==,,,1,18,7,0,231,117,114,19,8.23
경기,41,의왕시,41430,덕장중학교,,경기도 의왕시 청계동,UzA5MDAwNjQyMw==,,,0,6,0,0,94,45,49,6,6.38
경기,41,의왕시,41430,모락중학교,,경기도 의왕시 오전동,UzA5MDAwNTYxNg==,,,0,10,1,0,206,108,98,10,4.85
경기,41,의왕시,41430,백운중학교,,경기도 의왕시 포일동,UzA5MDAwMTM3Mg==,,,0,8,5,0,187,96,91,8,4.28
경기,41,의왕시,41430,고천중학교,,경기도 의왕시 오전동,UzA5MDAwMTM2Ng==,,,0,3,1,0,104,49,55,3,2.88
경기,41,의왕시,41430,의왕부곡중학교,,경기도 의왕시 월암동,UzA5MDAwMTM3Nw==,,,1,0,0,0,215,107,108,1,0.47
경기,41,의왕시,41430,의왕중학교,,경기 의왕시 오전동,UzA5MDAwMTM3OA==,,,0,0,0,2,51,29,22,0,0.0
경기,41,군포시,41410,궁내중학교,,경기도 군포시 산본동,UzA5MDAwMTM2OQ==,,,1,16,5,0,248,130,118,17,6.85
경기,41,군포시,41410,산본중학교,,경기도 군포시 산본동,UzA5MDAwMTM3NA==,,,1,11,2,1,267,140,127,12,4.49
경기,41,군포시,41410,도장중학교,,경기도 군포시 산본동,UzA5MDAwMTM3MQ==,,,0,7,6,1,208,106,102,7,3.37
경기,41,군포시,41410,수리중학교,,경기도 군포시 산본동,UzA5MDAwMTM3NQ==,,,1,5,3,0,188,95,93,6,3.19
경기,41,군포시,41410,당정중학교,,경기도 군포시 당정동,UzA5MDAwNTMyMw==,,,0,3,0,0,99,62,37,3,3.03
경기,41,군포시,41410,곡란중학교,,경기도 군포시 곡란로 95,UzA5MDAwMTM2Nw==,,,0,2,2,1,107,47,60,2,1.87
경기,41,군포시,41410,당동중학교,,경기도 군포시 당동,UzA5MDAwNTAwMg==,,,0,5,6,0,271,150,121,5,1.85
경기,41,군포시,41410,부곡중앙중학교,,경기도 군포시 부곡동,UzA5MDAwNjQzMA==,,,0,3,2,0,184,88,96,3,1.63
경기,41,군포시,41410,흥진중학교,,경기도 군포시 금정동,UzA5MDAwMTM3OQ==,,,0,2,3,0,144,62,82,2,1.39
경기,41,군포시,41410,금정중학교,,경기도 군포시 금정동,UzA5MDAwMTM3MA==,,,0,1,0,0,104,48,56,1,0.96
경기,41,군포시,41410,용호중학교,,경기도 군포시 당동,UzA5MDAwMTM3Ng==,,,0,2,1,0,222,115,107,2,0.9
경기,41,군포시,41410,군포중학교,,경기도 군포시 당동,UzA5MDAwMTM2OA==,,,0,0,0,1,105,70,35,0,0.0
경기,41,화성시,41590,동학중학교,,경기도 화성시 반월동,UzA5MDAwNDI2MA==,,,0,6,1,3,203,115,88,6,2.96
경기,41,화성시,41590,화성반월중학교,,경기도 화성시 반월동,UzA5MDAwNjY1Mg==,,,0,4,0,1,227,121,106,4,1.76
경기,41,화성시,41590,안화중학교,,경기도 화성시 병점동,UzA5MDAwNTAyMA==,,,0,3,3,0,382,204,178,3,0.79
경기,41,화성시,41590,진안중학교,,경기도 화성시 진안동,UzA5MDAwNDI3OQ==,,,0,1,0,0,170,92,78,1,0.59
경기,41,화성시,41590,신백중학교,,경기도 화성시 남양읍 역골중앙로 56-6,UzA5MDAwNzMzMA==,,,0,1,1,0,264,135,129,1,0.38
경기,41,화성시,41590,병점중학교,,경기도 화성시 병점동,UzA5MDAwNTE2NA==,,,1,0,0,1,345,185,160,1,0.29
경기,41,화성시,41590,남양중학교,,경기도 화성시 남양동,UzA5MDAwNDI1OQ==,,,0,0,0,0,133,53,80,0,0.0
경기,41,화성시,41590,송산중학교,,경기도 화성시 송산면 사강리,UzA5MDAwNDI3MA==,,,0,0,2,0,101,68,33,0,0.0
경기,41,화성시,41590,장안여자중학교,,경기도 화성시 장안면,UzA5MDAwNDI3Nw==,,,0,0,0,0,86,0,86,0,0.0
경기,41,화성시,41590,송린중학교,,경기도 화성시 수노을2로 148,UzA5MDAwNzE4OQ==,,,0,0,11,1,313,158,155,0,0.0
경기,41,화성시,41590,서신중학교,,경기도 화성시 서신면 상안리,UzA5MDAwNDI2OA==,,,0,0,0,0,18,12,6,0,0.0
경기,41,화성시,41590,양감중학교,,경기도 화성시 양감면 초록로 49,UzA5MDAwNDI3Mg==,,,0,0,0,0,10,3,7,0,0.0
경기,41,화성시,41590,정남중학교,,경기 화성시 정남면 신리,UzA5MDAwNDI3OA==,,,0,0,0,1,50,27,23,0,0.0
경기,41,화성시,41590,화도중학교,,경기도 화성시 마도면 석교리,UzA5MDAwNDI4MA==,,,0,0,0,0,41,20,21,0,0.0
경기,41,의정부시,41150,회룡중학교,,경기도 의정부시 호원동,UzA5MDAwMzY1NA==,,,1,9,0,0,201,103,98,10,4.98
경기,41,의정부시,41150,천보중학교,,경기도 의정부시 금오동,UzA5MDAwMzY1MQ==,,,1,11,3,0,270,130,140,12,4.44
경기,41,의정부시,41150,경민여자중학교,,경기도 의정부시 가능3동,UzA5MDAwMzYzOQ==,,,1,2,0,0,94,0,94,3,3.19
경기,41,의정부시,41150,동암중학교,,경기도 의정부시 장암동,UzA5MDAwNTEzMg==,,,0,7,0,0,220,104,116,7,3.18
경기,41,의정부시,41150,발곡중학교,,경기도 의정부시 신곡동,UzA5MDAwMzY0Mw==,,,0,6,0,0,246,125,121,6,2.44
경기,41,의정부시,41150,효자중학교,,경기도 의정부시 신곡동,UzA5MDAwMzY1NQ==,,,0,4,0,0,168,87,81,4,2.38
경기,41,의정부시,41150,호원중학교,,경기도 의정부시 호원동,UzA5MDAwMzY1Mw==,,,0,7,0,0,296,143,153,7,2.36
경기,41,의정부시,41150,훈민중학교,,경기도 의정부시 고산동,UzA5MDAwNzkxMw==,,,0,2,0,1,85,37,48,2,2.35
경기,41,의정부시,41150,민락중학교,,경기도 의정부시 민락동,UzA5MDAwMzY0Mg==,,,0,5,0,0,230,120,110,5,2.17
경기,41,의정부시,41150,금오중학교,,경기도 의정부시 금오동,UzA5MDAwMzY0MQ==,,,0,2,0,0,96,63,33,2,2.08
경기,41,의정부시,41150,녹양중학교,,경기 의정부시 녹양동,UzA5MDAwNTQ4OQ==,,,0,2,0,0,97,58,39,2,2.06
경기,41,의정부시,41150,의정부여자중학교,,경기도 의정부시 가능동,UzA5MDAwMzY0OQ==,,,0,2,4,0,103,0,103,2,1.94
경기,41,의정부시,41150,부용중학교,,경기도 의정부시 민락동,UzA5MDAwMzY0NQ==,,,0,4,0,0,223,99,124,4,1.79
경기,41,의정부시,41150,송양중학교,,경기도 의정부시 낙양동,UzA5MDAwNjU2MA==,,,0,4,0,0,284,140,144,4,1.41
경기,41,의정부시,41150,충의중학교,,경기도 의정부시 민락동,UzA5MDAwMzY1Mg==,,,0,4,0,7,286,146,140,4,1.4
경기,41,의정부시,41150,의정부중학교,,경기도 의정부시 가능동,UzA5MDAwMzY1MA==,,,0,1,0,0,95,95,0,1,1.05
경기,41,의정부시,41150,신곡중학교,,경기도 의정부시 신곡2동,UzA5MDAwMzY0Ng==,,,0,2,0,2,235,127,108,2,0.85
경기,41,의정부시,41150,경민중학교,,경기도 의정부시 가능동,UzA5MDAwMzY0MA==,,,0,0,0,0,129,129,0,0,0.0
경기,41,의정부시,41150,다온중학교,,경기도 의정부시 가능동,UzA5MDAwMzY0OA==,,,0,0,0,0,103,50,53,0,0.0
경기,41,의정부시,41150,솔뫼중학교,,경기도 의정부시 용현동,UzA5MDAwNTQ5MA==,,,0,0,0,0,140,64,76,0,0.0
경기,41,중원구,41133,도촌중학교,,경기도 성남시 중원구 도촌동,UzA5MDAwNTYyMA==,,,0,2,0,0,136,75,61,2,1.47
경기,41,중원구,41133,성남동중학교,,경기도 성남시 중원구 금광동,UzA5MDAwMjE4NQ==,,,0,2,1,1,174,91,83,2,1.15
경기,41,중원구,41133,금광중학교,,경기도 성남시 중원구 금광1동 1897~2472,UzA5MDAwMjE3NA==,,,0,2,2,0,182,94,88,2,1.1
경기,41,중원구,41133,성남중학교,,경기도 성남시 중원구 성남동,UzA5MDAwMjE4OQ==,,,0,0,0,0,68,21,47,0,0.0
경기,41,중원구,41133,동광중학교,,경기도 성남시 중원구 성남동,UzA5MDAwMjE5MA==,,,0,0,0,0,71,34,37,0,0.0
경기,41,중원구,41133,성일중학교,,경기도 성남시 중원구 시민로77번길 10-1,UzA5MDAwMjE5MQ==,,,0,0,0,0,230,102,128,0,0.0
경기,41,중원구,41133,숭신여자중학교,,경기도 성남시 중원구 금광동,UzA5MDAwMjE5NA==,,,0,0,0,0,64,0,64,0,0.0
경기,41,중원구,41133,영성중학교,,경기도 성남시 중원구 하대원동,UzA5MDAwMjE5OA==,,,0,0,0,2,73,73,0,0,0.0
경기,41,중원구,41133,은행중학교,,경기도 성남시 중원구 은행동,UzA5MDAwMjE5OQ==,,,0,0,0,1,110,57,53,0,0.0
경기,41,중원구,41133,대원중학교,,경기도 성남시 중원구 금광1동 1897~2472,UzA5MDAwMjE3Nw==,,,0,1,0,0,37,25,12,1,2.7
경기,41,동두천시,41250,신흥중학교,,경기도 동두천시 안흥동,UzA5MDAwMTc3OQ==,,,0,3,0,1,96,96,0,3,3.12
경기,41,동두천시,41250,송내중앙중학교,,경기도 동두천시 송내동,UzA5MDAwNTMzNQ==,,,0,4,1,1,157,74,83,4,2.55
경기,41,동두천시,41250,동두천여자중학교,,경기도 동두천시 생연1동,UzA5MDAwMTc3NQ==,,,0,2,0,0,108,0,108,2,1.85
경기,41,동두천시,41250,생연중학교,,경기도 동두천시 생연2동,UzA5MDAwNDk0OA==,,,0,3,0,0,192,92,100,3,1.56
경기,41,동두천시,41250,동두천중학교,,경기도 동두천시 생연1동 동두천고,UzA5MDAwMTc3Nw==,,,1,0,0,0,110,110,0,1,0.91
경기,41,동두천시,41250,한빛누리중학교,,경기도 동두천시 생연1동 한빛누리고,UzA5MDAwMTc3OA==,,,0,0,0,0,117,0,117,0,0.0
경기,41,시흥시,41390,장곡중학교,,경기도 시흥시 장곡동,UzA5MDAwMjcxMQ==,,,0,3,0,0,156,88,68,3,1.92
경기,41,시흥시,41390,시흥능곡중학교,,경기도 시흥시 능곡동,UzA5MDAwNTYxMw==,,,0,2,3,0,158,84,74,2,1.27
경기,41,시흥시,41390,배곧해솔중학교,,경기도 시흥시 정왕동,UzA5MDAwNzMyNA==,,,2,2,0,0,387,211,176,4,1.03
경기,41,시흥시,41390,시흥중학교,,경기도 시흥시 옥구천동로374번길 39,UzA5MDAwMjcwMg==,,,0,2,0,0,198,101,97,2,1.01
경기,41,시흥시,41390,조남중학교,,경기도 시흥시 목감둘레로 205,UzA5MDAwNzA2NQ==,,,0,3,5,1,306,156,150,3,0.98
경기,41,시흥시,41390,배곧중학교,,경기도 시흥시 정왕동,UzA5MDAwNjExOQ==,,,0,4,4,0,483,262,221,4,0.83
경기,41,시흥시,41390,시흥은행중학교,,경기도 시흥시 은행동,UzA5MDAwMjcwMQ==,,,0,3,2,0,367,159,208,3,0.82
경기,41,시흥시,41390,서해중학교,,경기도 시흥시 정왕동,UzA5MDAwMjY5Mg==,,,0,2,0,2,268,146,122,2,0.75
경기,41,시흥시,41390,월곶중학교,,경기도 시흥시 월곶동,UzA5MDAwNTM1Mw==,,,1,0,1,0,137,72,65,1,0.73
경기,41,시흥시,41390,연성중학교,,경기도 시흥시 하상동,UzA5MDAwMjcwNw==,,,0,1,0,2,160,72,88,1,0.62
경기,41,시흥시,41390,함현중학교,,경기도 시흥시 정왕동,UzA5MDAwMjcxNA==,,,0,1,1,0,201,103,98,1,0.5
경기,41,시흥시,41390,응곡중학교,,경기도 시흥시 장곡동,UzA5MDAwNTYxNA==,,,0,1,1,0,221,105,116,1,0.45
경기,41,시흥시,41390,은계중학교,,경기도 시흥시 계수동,UzA5MDAwNTYxOQ==,,,0,1,0,0,295,142,153,1,0.34
경기,41,시흥시,41390,군자중학교,,경기도 시흥시 거모동,UzA5MDAwMjY4NQ==,,,0,0,1,0,195,102,93,0,0.0
경기,41,시흥시,41390,대흥중학교,,경기도 시흥시 대야동,UzA5MDAwMjY4Nw==,,,0,0,0,0,81,47,34,0,0.0
경기,41,시흥시,41390,소래중학교,,경기도 시흥시 은행동,UzA5MDAwMjY5Nw==,,,0,0,0,0,268,141,127,0,0.0
경기,41,시흥시,41390,송운중학교,,경기도 시흥시 정왕동,UzA5MDAwMjY5OA==,,,0,0,0,0,166,93,73,0,0.0
경기,41,시흥시,41390,신천중학교,,경기도 시흥시 신천동,UzA5MDAwMjcwMw==,,,0,0,0,1,96,56,40,0,0.0
경기,41,시흥시,41390,정왕중학교,,경기도 시흥시 정왕동,UzA5MDAwMjcxMg==,,,0,0,1,3,202,97,105,0,0.0
경기,41,시흥시,41390,시화중학교,,경기도 시흥시 정왕동,UzA5MDAwNTM4Nw==,,,0,0,0,0,101,55,46,0,0.0
경기,41,시흥시,41390,논곡중학교,,경기도 시흥시 논곡동,UzA5MDAwNTM5Mg==,,,0,0,0,0,55,28,27,0,0.0
경기,41,시흥시,41390,시흥매화중학교,,경기도 시흥시 매화동,UzA5MDAwNTYxNQ==,,,0,0,0,0,85,47,38,0,0.0
경기,41,시흥시,41390,시흥가온중학교,,경기도 시흥시 장현동,UzA5MDAwNjE0OA==,,,0,0,2,0,252,132,120,0,0.0
경기,41,시흥시,41390,한국글로벌중학교,,경기도 시흥시 금오로 640,UzA5MDAwMjY5NQ==,,,0,1,1,0,41,29,12,1,2.44
경기,41,시흥시,41390,시화나래중학교,,경기도 시흥시 거북섬남로 70,UzA5MDAwNzkyOA==,,,0,0,0,0,33,22,11,0,0.0
경기,41,시흥시,41390,배곧라라중학교,,경기도 시흥시 서울대학로 255,UzA5MDAwNzk0MQ==,,,0,0,1,1,11,4,7,0,0.0
경기,41,장안구,41111,천천중학교,,경기 수원시 장안구 천천동,UzA5MDAwMjQzOQ==,,,2,7,2,0,307,148,159,9,2.93
경기,41,장안구,41111,수일여자중학교,,경기도 수원시 장안구 조원동,UzA5MDAwMjQyNg==,,,0,3,1,0,130,0,130,3,2.31
경기,41,장안구,41111,조원중학교,,경기도 수원시 장안구 수일로233번길 35,UzA5MDAwNTE3Mg==,,,1,4,1,0,239,125,114,5,2.09
경기,41,장안구,41111,이목중학교,,경기 수원시 장안구 이목동,UzA5MDAwMjQzOA==,,,1,4,7,3,281,155,126,5,1.78
경기,41,장안구,41111,명인중학교,,경기도 수원시 장안구 정자2동,UzA5MDAwMjQxNw==,,,0,5,2,0,292,154,138,5,1.71
경기,41,장안구,41111,대평중학교,,경기도 수원시 장안구 정자동,UzA5MDAwMjQxMQ==,,,1,3,5,0,393,198,195,4,1.02
경기,41,장안구,41111,송원중학교,,경기도 수원시 장안구 송죽동,UzA5MDAwMjQxOA==,,,0,0,0,0,82,38,44,0,0.0
경기,41,장안구,41111,수성중학교,,경기도 수원시 장안구 조원동,UzA5MDAwMjQyMg==,,,0,0,0,0,139,139,0,0,0.0
경기,41,장안구,41111,수원북중학교,,경기도 수원시 장안구 영화동,UzA5MDAwMjQyMw==,,,0,0,0,0,79,49,30,0,0.0
경기,41,장안구,41111,수일중학교,,경기도 수원시 장안구 파장동,UzA5MDAwMjQyNw==,,,0,0,1,0,63,63,0,0,0.0
경기,41,장안구,41111,율전중학교,,경기도 수원시 장안구 율전동,UzA5MDAwMjQzNg==,,,0,0,0,0,130,65,65,0,0.0
경기,41,장안구,41111,창용중학교,,경기도 수원시 장안구 연무동,UzA5MDAwMjQyMQ==,,,0,0,0,1,26,12,14,0,0.0
경기,41,장안구,41111,경기체육중학교,,경기도 수원시 장안구 천천동,UzA5MDAwNjU3Ng==,,,0,0,0,0,22,11,11,0,0.0
경기,41,소사구,41194,부천동여자중학교,,경기도 부천시 소사구 괴안동,UzA5MDAwMTg4Ng==,,,0,3,0,0,96,0,96,3,3.12
경기,41,소사구,41194,부천여자중학교,,경기도 부천시 소사구 송내동,UzA5MDAwMTg5Mw==,,,0,4,1,0,128,0,128,4,3.12
경기,41,소사구,41194,범박중학교,,경기도 부천시 양지남로 69-16,UzA5MDAwNzU4Mg==,,,0,8,1,1,256,130,126,8,3.12
경기,41,소사구,41194,성주중학교,,경기도 부천시 성주로 24,UzA5MDAwMTkwMQ==,,,1,3,1,3,181,136,45,4,2.21
경기,41,소사구,41194,옥길중학교,,경기도 부천시 양지로 234-41,UzA5MDAwNzExNQ==,,,0,4,3,0,247,119,128,4,1.62
경기,41,소사구,41194,부천일신중학교,,경기도 부천시 소사구 범박동,UzA5MDAwNDg2Ng==,,,0,5,5,1,354,171,183,5,1.41
경기,41,소사구,41194,부일중학교,,경기도 부천시 소사구 소사본동,UzA5MDAwMTg4NA==,,,0,1,0,1,77,48,29,1,1.3
경기,41,소사구,41194,소사중학교,,경기도 부천시 소사구 소사본3동,UzA5MDAwMTkwMw==,,,0,2,0,0,167,83,84,2,1.2
경기,41,소사구,41194,부천남중학교,,경기도 부천시 소사구 송내2동,UzA5MDAwMTg4NQ==,,,0,1,0,0,190,126,64,1,0.53
경기,41,소사구,41194,부천동중학교,,경기도 부천시 소사구 괴안동,UzA5MDAwMTg4Nw==,,,0,0,0,0,81,81,0,0,0.0
경기,41,광명시,41210,빛가온중학교,,경기도 광명시 오리로84번길 16,UzA5MDAwNzMzOQ==,,,0,8,3,1,183,100,83,8,4.37
경기,41,광명시,41210,하안북중학교,,경기도 광명시 하안1동,UzA5MDAwMTE5MQ==,,,1,7,3,2,296,162,134,8,2.7
경기,41,광명시,41210,광명북중학교,,경기도 광명시 철산1동,UzA5MDAwMTE5MA==,,,0,4,1,1,154,79,75,4,2.6
경기,41,광명시,41210,철산중학교,,경기도 광명시 철산3동,UzA5MDAwMTE5Ng==,,,0,11,8,0,433,233,200,11,2.54
경기,41,광명시,41210,소하중학교,,경기도 광명시 소하동,UzA5MDAwMTE5NA==,,,0,8,1,1,352,171,181,8,2.27
경기,41,광명시,41210,충현중학교,,경기도 광명시 소하2동,UzA5MDAwNTc2NA==,,,1,2,2,1,151,79,72,3,1.99
경기,41,광명시,41210,가림중학교,,경기도 광명시 하안3동,UzA5MDAwMTE4OA==,,,1,2,2,0,156,83,73,3,1.92
경기,41,광명시,41210,광남중학교,,경기도 광명시 광명6동,UzA5MDAwMTE4OQ==,,,0,4,0,0,270,144,126,4,1.48
경기,41,광명시,41210,광문중학교,,경기도 광명시 광명7동,UzA5MDAwNDY5OQ==,,,0,2,0,0,188,94,94,2,1.06
경기,41,광명시,41210,광명중학교,,경기도 광명시 철산3동 223~236,UzA5MDAwMTE5Mg==,,,0,1,1,0,125,63,62,1,0.8
경기,41,광명시,41210,안서중학교,,경기도 광명시 기아로13번안길 9-9,UzA5MDAwMTE5NQ==,,,0,0,0,0,70,43,27,0,0.0
경기,41,광명시,41210,하안중학교,,경기도 광명시 하안4동,UzA5MDAwMTE5OA==,,,0,0,1,0,170,102,68,0,0.0
경기,41,여주시,41670,여주제일중학교,,경기도 여주시 가남읍 심석리,UzA5MDAwMzMxOQ==,,,0,1,0,0,117,62,55,1,0.85
경기,41,여주시,41670,여주여자중학교,,경기도 여주시 상동,UzA5MDAwMzMyMA==,,,0,1,0,0,161,0,161,1,0.62
경기,41,여주시,41670,여강중학교,,경기도 여주시 북내면 신접리,UzA5MDAwMzMxOA==,,,0,0,0,1,70,51,19,0,0.0
경기,41,여주시,41670,여주중학교,,경기도 여주시 능서면,UzA5MDAwMzMyMQ==,,,0,0,0,0,143,143,0,0,0.0
경기,41,여주시,41670,세종중학교,,경기도 여주시 세종로 204-17,UzA5MDAwNTM1MA==,,,0,0,0,0,243,144,99,0,0.0
경기,41,여주시,41670,강천중학교,,경기도 여주군 강천면 간매리,UzA5MDAwMzMxNA==,,,0,0,0,0,14,9,5,0,0.0
경기,41,여주시,41670,대신중학교,,경기도 여주시 대신면 후포리,UzA5MDAwMzMxNQ==,,,0,0,0,0,16,16,0,0,0.0
경기,41,여주시,41670,상품중학교,,경기도 여주시 산북면 상품리,UzA5MDAwMzMxNg==,,,0,0,0,0,27,14,13,0,0.0
경기,41,여주시,41670,세정중학교,,경기도 여주시 능서면 매류리,UzA5MDAwMzMxNw==,,,0,0,0,0,17,7,10,0,0.0
경기,41,여주시,41670,이포중학교,,경기도 여주시 흥천면 계신리,UzA5MDAwMzMyMg==,,,0,0,0,0,15,9,6,0,0.0
경기,41,여주시,41670,점동중학교,,경기도 여주시 점동면 청안리,UzA5MDAwMzMyMw==,,,0,0,0,0,21,15,6,0,0.0
경기,41,여주시,41670,창명여자중학교,,경기도 여주시 대신면 율촌리,UzA5MDAwMzMyNA==,,,0,0,0,0,22,0,22,0,0.0
경기,41,여주시,41670,흥천중학교,,경기도 여주시 흥천면 효지리,UzA5MDAwMzMyNQ==,,,0,0,0,0,13,6,7,0,0.0
경기,41,권선구,41113,곡반중학교,,경기도 수원시 권선구 곡반정동,UzA5MDAwNDg2MA==,,,0,3,1,1,128,65,63,3,2.34
경기,41,권선구,41113,칠보중학교,,경기도 수원시 권선구 금곡동,UzA5MDAwNDg2Mw==,,,0,4,1,0,227,120,107,4,1.76
경기,41,권선구,41113,능실중학교,,경기도 수원시 권선구 호매실동,UzA5MDAwNjc4Mg==,,,0,4,2,0,244,115,129,4,1.64
경기,41,권선구,41113,남수원중학교,,경기도 수원시 권선구 권선동,UzA5MDAwMjQxMA==,,,1,3,3,0,304,142,162,4,1.32
경기,41,권선구,41113,호매실중학교,,경기도 수원시 권선구 호매실동,UzA5MDAwMjQ0Mg==,,,0,3,2,0,238,127,111,3,1.26
경기,41,권선구,41113,고색중학교,,경기도 수원시 권선구 매송고색로711번길 50,UzA5MDAwMjQwNg==,,,0,1,0,0,99,56,43,1,1.01
경기,41,권선구,41113,상촌중학교,,경기도 수원시 권선구 금곡동,UzA5MDAwNTQ2OQ==,,,0,3,4,1,325,162,163,3,0.92
경기,41,권선구,41113,세류중학교,,경기도 수원시 권선구 세류동,UzA5MDAwNTE3Mw==,,,0,1,1,0,162,66,96,1,0.62
경기,41,권선구,41113,화홍중학교,,경기도 수원시 권선구 권선동,UzA5MDAwMjQ0Mw==,,,0,1,0,4,294,151,143,1,0.34
경기,41,권선구,41113,곡선중학교,,경기도 수원시 권선구 권선동,UzA5MDAwMjQwNw==,,,0,0,0,0,103,58,45,0,0.0
경기,41,권선구,41113,구운중학교,,경기도 수원시 권선구 구운동,UzA5MDAwMjQwOA==,,,0,0,0,0,184,101,83,0,0.0
경기,41,권선구,41113,권선중학교,,경기도 수원시 권선구 경수대로 239,UzA5MDAwMjQwOQ==,,,0,0,0,1,88,51,37,0,0.0
경기,41,권선구,41113,영신중학교,,경기도 수원시 권선구 오목천동,UzA5MDAwMjQzMg==,,,0,0,0,0,226,118,108,0,0.0
경기,41,권선구,41113,서호중학교,,경기도 수원시 권선구 서둔동 1~131,UzA5MDAwNTQwMA==,,,0,0,0,0,80,50,30,0,0.0
경기,41,이천시,41500,마장중학교,,경기도 이천시 마장면 오천리,UzA5MDAwMzc0Mg==,,,0,1,0,0,96,53,43,1,1.04
경기,41,이천시,41500,설봉중학교,,경기도 이천시 창전동,UzA5MDAwMzc0Nw==,,,0,1,0,0,248,129,119,1,0.4
경기,41,이천시,41500,부발중학교,,경기도 이천시 부발읍 죽당로 21,UzA5MDAwMzc0Ng==,,,0,0,0,0,63,33,30,0,0.0
경기,41,이천시,41500,이천송정중학교,,경기도 이천시 송정동,UzA5MDAwMzc1MA==,,,0,0,1,0,224,124,100,0,0.0
경기,41,이천시,41500,이천양정여자중학교,,경기도 이천시 관고동,UzA5MDAwMzc1MQ==,,,0,0,0,0,141,0,141,0,0.0
경기,41,이천시,41500,이천중학교,,경기도 이천시 안흥동,UzA5MDAwMzc1Mg==,,,0,0,0,2,263,175,88,0,0.0
경기,41,이천시,41500,장호원중학교,,경기도 이천시 장호원읍 노탑리,UzA5MDAwMzc1NA==,,,0,0,1,0,110,63,47,0,0.0
경기,41,이천시,41500,효양중학교,,경기도 이천시 부발읍 무촌리,UzA5MDAwMzc1Ng==,,,0,0,0,0,187,95,92,0,0.0
경기,41,이천시,41500,증포중학교,,경기도 이천시 증포동,UzA5MDAwNTExMQ==,,,0,0,2,0,297,161,136,0,0.0
경기,41,이천시,41500,이천사동중학교,,경기도 이천시 대월면 사동리,UzA5MDAwNjQ0OA==,,,0,0,0,0,221,106,115,0,0.0
경기,41,이천시,41500,이천경남중학교,,경기도 이천시 설성면 금당리,UzA5MDAwMzc0MA==,,,0,0,0,0,8,2,6,0,0.0
경기,41,이천시,41500,대월중학교,,경기도 이천시 대월면 초지리,UzA5MDAwMzc0MQ==,,,0,0,0,0,17,10,7,0,0.0
경기,41,이천시,41500,모가중학교,,경기도 이천시 모가면 진가리,UzA5MDAwMzc0Mw==,,,0,0,1,0,18,18,0,0,0.0
경기,41,이천시,41500,백사중학교,,경기도 이천시 백사면 신대리,UzA5MDAwMzc0NQ==,,,0,0,0,0,42,24,18,0,0.0
경기,41,이천시,41500,율면중학교,,경기도 이천시 율면 고당리,UzA5MDAwMzc0OQ==,,,0,0,0,0,16,15,1,0,0.0
경기,41,연천군,41800,전곡중학교,,경기도 연천군 전곡읍 전곡3리,UzA5MDAwMzQxMA==,,,0,1,0,0,162,83,79,1,0.62
경기,41,연천군,41800,대광중학교,,경기도 연천군 신서면,UzA5MDAwMzQwNw==,,,0,1,0,1,10,3,7,1,10.0
경기,41,연천군,41800,군남중학교,,경기도 연천군 군남면 진상리,UzA5MDAwMzQwNg==,,,0,0,0,0,10,5,5,0,0.0
경기,41,연천군,41800,백학중학교,,경기도 연천군 백학면 두일리,UzA5MDAwMzQwOA==,,,0,0,0,0,13,7,6,0,0.0
경기,41,연천군,41800,연천중학교,,경기도 연천군 연천읍 연천로336번길 13,UzA5MDAwMzQwOQ==,,,0,0,0,0,31,22,9,0,0.0
경기,41,연천군,41800,청산중학교,,경기도 연천군 청산면 궁평리,UzA5MDAwMzQxMQ==,,,0,0,0,0,6,3,3,0,0.0
경기,41,처인구,41461,용동중학교,,경기도 용인시 처인구 양지면 남곡리,UzA5MDAwMzQ4NQ==,,,0,3,2,0,159,90,69,3,1.89
경기,41,처인구,41461,모현중학교,,경기도 용인시 처인구 모현면,UzA5MDAwMzQ3Mw==,,,0,2,1,0,169,89,80,2,1.18
경기,41,처인구,41461,태성중학교,,경기도 용인시 처인구 남동,UzA5MDAwMzQ5Mg==,,,0,1,1,0,85,85,0,1,1.18
경기,41,처인구,41461,용신중학교,,경기도 용인시 처인구 김량장동,UzA5MDAwNDk3Nw==,,,0,3,2,0,289,146,143,3,1.04
경기,41,처인구,41461,영문중학교,,경기도 용인시처인구 포곡읍 영문리,UzA5MDAwMzQ4NA==,,,0,1,1,0,234,123,111,1,0.43
경기,41,처인구,41461,고림중학교,,경기도 용인시 처인구 고림동,UzA5MDAwNTQ2OA==,,,0,1,0,0,295,141,154,1,0.34
경기,41,처인구,41461,용인중학교,,경기도 용인시 처인구 김량장동,UzA5MDAwMzQ4Nw==,,,0,0,1,0,334,164,170,0,0.0
경기,41,처인구,41461,포곡중학교,,경기도 용인시 처인구 포곡읍 전대리,UzA5MDAwMzQ5Mw==,,,0,0,1,0,202,105,97,0,0.0
경기,41,처인구,41461,용천중학교,,경기도 용인시 처인구 이동읍 백옥대로587번길 54,UzA5MDAwNTQwNw==,,,0,0,1,0,122,53,69,0,0.0
경기,41,처인구,41461,한숲중학교,,경기도 용인시 처인구 남사면 완장리,UzA5MDAwNjAzNg==,,,0,0,3,1,229,119,110,0,0.0
경기,41,처인구,41461,송전중학교,,경기도 용인시 처인구 이동읍,UzA5MDAwMzQ4MQ==,,,0,1,0,0,42,20,22,1,2.38
경기,41,처인구,41461,남사중학교,,경기도 용인시 처인구 남사읍 봉무리,UzA5MDAwMzQ3MQ==,,,0,0,0,0,19,12,7,0,0.0
경기,41,처인구,41461,백암중학교,,경기도 용인시 처인구 백암면 백원로 519-9,UzA5MDAwMzQ3NQ==,,,0,0,0,0,38,18,20,0,0.0
경기,41,처인구,41461,원삼중학교,,경기도 용인시 처인구 원삼면 고당리,UzA5MDAwMzQ4OA==,,,0,0,0,0,47,40,7,0,0.0
경기,41,처인구,41461,헌산중학교,,경기도 용인시 처인구 원삼면 사암리,UzA5MDAwNDg5NA==,,,0,0,0,1,24,19,5,0,0.0
경기,41,평택시,41220,장당중학교,,경기도 평택시 장당길 40,UzA5MDAwNTE2MQ==,,,0,2,2,1,154,78,76,2,1.3
경기,41,평택시,41220,비전중학교,,경기도 평택시 비전동,UzA5MDAwNTE3NA==,,,0,5,3,2,402,173,229,5,1.24
경기,41,평택시,41220,세교중학교,,경기도 평택시 세교동,UzA5MDAwMzk4OA==,,,0,4,2,0,400,180,220,4,1.0
경기,41,평택시,41220,청옥중학교,,경기도 평택시 청북읍 옥길리,UzA5MDAwNTg4Nw==,,,0,2,0,0,318,172,146,2,0.63
경기,41,평택시,41220,한광여자중학교,,경기도 평택시 비전2동,UzA5MDAwNDAwNQ==,,,0,2,0,0,322,0,322,2,0.62
경기,41,평택시,41220,평택중학교,,경기도 평택시 용죽2로 95,UzA5MDAwNDAwMw==,,,1,0,0,2,285,285,0,1,0.35
경기,41,평택시,41220,평택여자중학교,,경기도 평택시 비전2동,UzA5MDAwNDAwMg==,,,0,1,1,3,372,0,372,1,0.27
경기,41,평택시,41220,용이중학교,,경기도 평택시 용이동,UzA5MDAwNzIzNw==,,,0,1,3,1,400,181,219,1,0.25
경기,41,평택시,41220,라온중학교,,경기도 평택시 서정동,UzA5MDAwMzk4OQ==,,,0,0,0,0,202,106,96,0,0.0
경기,41,평택시,41220,송탄중학교,,경기도 평택시 지산동,UzA5MDAwMzk5MA==,,,0,0,0,0,159,81,78,0,0.0
경기,41,평택시,41220,신한중학교,,경기도 평택시 비전동,UzA5MDAwMzk5Mg==,,,0,0,1,0,247,247,0,0,0.0
경기,41,평택시,41220,안일중학교,,경기도 평택시 안중읍 현화리,UzA5MDAwMzk5Mw==,,,0,0,0,1,241,108,133,0,0.0
경기,41,평택시,41220,안중중학교,,경기도 평택시 안중읍 현화리,UzA5MDAwMzk5NA==,,,0,0,0,0,83,83,0,0,0.0
경기,41,평택시,41220,은혜중학교,,경기 평택시 장안웃길 66,UzA5MDAwMzk5Ng==,,,0,0,0,0,160,80,80,0,0.0
경기,41,평택시,41220,진위중학교,,경기도 평택시 진위면 가곡리,UzA5MDAwMzk5Nw==,,,0,0,0,0,61,36,25,0,0.0
경기,41,평택시,41220,청담중학교,,경기도 평택시 팽성읍 남산리,UzA5MDAwMzk5OA==,,,0,0,0,0,100,57,43,0,0.0
경기,41,평택시,41220,태광중학교,,경기도 평택시 신장동,UzA5MDAwNDAwMA==,,,0,0,0,0,205,102,103,0,0.0
경기,41,평택시,41220,한광중학교,,경기도 평택시 비전동,UzA5MDAwNDAwNg==,,,0,0,0,0,285,285,0,0,0.0
경기,41,평택시,41220,현화중학교,,경기도 평택시 안중읍 현화리,UzA5MDAwNDAwNw==,,,0,0,0,0,234,100,134,0,0.0
경기,41,평택시,41220,효명중학교,,경기도 평택시 장당동,UzA5MDAwNDAwOA==,,,0,0,1,0,204,104,100,0,0.0
경기,41,평택시,41220,도곡중학교,,경기도 평택시 포승읍 여술로 58,UzA5MDAwNTM0NQ==,,,0,0,0,0,143,84,59,0,0.0
경기,41,평택시,41220,이충중학교,,경기도 평택시 이충동,UzA5MDAwNTM1NA==,,,0,0,1,0,189,92,97,0,0.0
경기,41,평택시,41220,민세중학교,,경기도 평택시 고덕동,UzA5MDAwNzU3Mg==,,,0,0,0,0,128,57,71,0,0.0
경기,41,평택시,41220,청북중학교,,경기도 평택시 청북면 토진리,UzA5MDAwMzk5OQ==,,,1,0,0,0,31,20,11,1,3.23
경기,41,평택시,41220,오성중학교,,경기도 평택시 오성면 오성새싹길 6,UzA5MDAwMzk5NQ==,,,0,0,0,0,37,17,20,0,0.0
경기,41,평택시,41220,포승중학교,,경기도 평택시 포승읍 방림리,UzA5MDAwNDAwNA==,,,0,0,0,0,49,25,24,0,0.0
경기,41,평택시,41220,해창중학교,,경기도 평택시 고덕국제5로 175,UzA5MDAwNzg4Mw==,,,0,0,0,0,18,11,7,0,0.0
경기,41,양주시,41630,회천중학교,,경기도 양주시 고암동,UzA5MDAwNTM2Mg==,,,0,4,0,0,126,66,60,4,3.17
경기,41,양주시,41630,옥빛중학교,,경기도 양주시 옥정동,UzA5MDAwNjA2MA==,,,1,11,0,0,386,170,216,12,3.11
경기,41,양주시,41630,고암중학교,,경기도 양주시 덕정동,UzA5MDAwMTc3MQ==,,,1,3,0,0,162,78,84,4,2.47
경기,41,양주시,41630,덕현중학교,,경기도 양주시 고읍동,UzA5MDAwNTEzMw==,,,0,8,0,0,381,187,194,8,2.1
경기,41,양주시,41630,덕계중학교,,경기도 양주시 덕계동,UzA5MDAwMTc3Mw==,,,0,2,0,0,187,91,96,2,1.07
경기,41,양주시,41630,덕정중학교,,경기도 양주시 화합로 1397,UzA5MDAwMTc3NA==,,,0,1,0,0,134,67,67,1,0.75
경기,41,양주시,41630,삼숭중학교,,경기도 양주시 삼숭로38번길 136,UzA5MDAwNTE1OQ==,,,0,2,0,0,305,158,147,2,0.66
경기,41,양주시,41630,양주백석중학교,,경기도 양주시 백석읍 복지리,UzA5MDAwMTc4MA==,,,0,1,1,0,188,99,89,1,0.53
경기,41,양주시,41630,조양중학교,,경기도 양주시 광적면,UzA5MDAwMTc4MQ==,,,0,0,0,0,95,51,44,0,0.0
경기,41,양주시,41630,옥정중학교,,경기도 양주시 옥정동,UzA5MDAwNjgwNQ==,,,0,0,0,0,366,195,171,0,0.0
경기,41,양주시,41630,남문중학교,,경기도 양주시 남면 신산리,UzA5MDAwMTc3Mg==,,,0,2,0,0,49,28,21,2,4.08
경기,41,양주시,41630,율정중학교,,경기도 양주시 옥정동 1040-7,UzA5MDAwNjA1Ng==,,,0,0,3,0,21,9,12,0,0.0
경기,41,팔달구,41115,영복여자중학교,,경기도 수원시 팔달구 장안로7번길 49,UzA5MDAwMjQzMQ==,,,0,4,1,0,146,0,146,4,2.74
경기,41,팔달구,41115,정천중학교,,경기도 수원시 팔달구 정자천로32번길 11,UzA5MDAwNDg2Mg==,,,0,5,3,0,189,99,90,5,2.65
경기,41,팔달구,41115,율현중학교,,경기도 수원시 팔달구 화서동,UzA5MDAwMjQzNw==,,,0,4,0,0,257,140,117,4,1.56
경기,41,팔달구,41115,숙지중학교,,경기도 수원시 팔달구 덕영대로735번길 23,UzA5MDAwMjQyOA==,,,0,3,1,1,198,127,71,3,1.52
경기,41,팔달구,41115,동성중학교,,경기도 수원시 팔달구 우만동,UzA5MDAwMjQxMg==,,,0,2,0,0,202,105,97,2,0.99
경기,41,팔달구,41115,수원중학교,,경기도 수원시 팔달구 매교동,UzA5MDAwMjQyNQ==,,,0,1,0,2,216,109,107,1,0.46
경기,41,팔달구,41115,매향중학교,,경기도 수원시 팔달구 매향동,UzA5MDAwMjQxNQ==,,,0,0,0,0,102,34,68,0,0.0
경기,41,팔달구,41115,삼일중학교,,경기도 수원시 팔달구 매향동,UzA5MDAwMjQyMA==,,,0,0,0,0,122,84,38,0,0.0
경기,41,팔달구,41115,수원제일중학교,,경기도 수원시 팔달구 화서동,UzA5MDAwMjQyNA==,,,0,0,0,0,65,44,21,0,0.0
경기,41,효행구,41593,삼괴중학교,,경기도 화성시 우정읍 조암리,UzA5MDAwNDI2Nw==,,,0,0,0,1,97,97,0,0,0.0
경기,41,효행구,41593,두레자연중학교,,경기도 화성시 우정읍 화산7리,UzA5MDAwNTAyMg==,,,0,0,0,0,20,12,8,0,0.0
경기,41,만안구,41171,안양여자중학교,,경기도 안양시 만안구 안양2동,UzA5MDAwMzAzNg==,,,0,7,0,0,126,0,126,7,5.56
경기,41,만안구,41171,성문중학교,,경기도 안양시 만안구 안양8동,UzA5MDAwMzAyOQ==,,,0,2,1,0,81,54,27,2,2.47
경기,41,만안구,41171,연현중학교,,경기도 안양시 만안구 석수로 462,UzA5MDAwMzAzOA==,,,0,4,0,1,227,126,101,4,1.76
경기,41,만안구,41171,안양서중학교,,경기도 안양시 만안구 안양9동,UzA5MDAwMzAzNQ==,,,0,1,0,0,61,29,32,1,1.64
경기,41,만안구,41171,근명중학교,,경기도 안양시 만안구 안양5동,UzA5MDAwMzAyMA==,,,0,2,2,1,172,93,79,2,1.16
경기,41,만안구,41171,신안중학교,,경기도 안양시 만안구 안양9동,UzA5MDAwMzAzMg==,,,0,1,0,0,86,48,38,1,1.16
경기,41,만안구,41171,박달중학교,,경기도 안양시 만안구 박달동,UzA5MDAwNzEyNA==,,,0,1,2,0,134,85,49,1,0.75
경기,41,만안구,41171,안양중학교,,경기도 안양시 만안구 석수3동,UzA5MDAwMzAzNw==,,,0,1,0,0,143,91,52,1,0.7
경기,41,만안구,41171,신성중학교,,경기도 안양시 만안구 안양6동,UzA5MDAwMzAzMQ==,,,0,1,0,1,225,165,60,1,0.44
경기,41,오정구,41196,까치울중학교,,경기도 부천시 오정구 여월동,UzA5MDAwNTYwNg==,,,0,4,0,1,168,86,82,4,2.38
경기,41,오정구,41196,부천여월중학교,,경기도 부천시 오정구 여월동,UzA5MDAwMTg5Mg==,,,0,1,0,0,125,63,62,1,0.8
경기,41,오정구,41196,수주중학교,,경기도 부천시 오정구 고강동,UzA5MDAwNTYwNA==,,,0,1,0,0,186,91,95,1,0.54
경기,41,오정구,41196,덕산중학교,,경기도 부천시 오정구 오정동,UzA5MDAwMTg3OA==,,,1,0,1,0,291,159,132,1,0.34
경기,41,오정구,41196,내동중학교,,경기도 부천시 오정구 내동,UzA5MDAwMTg3NA==,,,0,0,0,0,69,35,34,0,0.0
경기,41,오정구,41196,성곡중학교,,경기도 부천시 오정구 작동,UzA5MDAwMTkwMA==,,,0,0,1,0,155,88,67,0,0.0
경기,41,안성시,41550,비룡중학교,,경기도 안성시 당왕동,UzA5MDAwNTM5OA==,,,0,1,0,3,208,140,68,1,0.48
경기,41,안성시,41550,공도중학교,,경기도 안성시 공도읍 만정리,UzA5MDAwMjkxNw==,,,0,1,1,2,318,146,172,1,0.31
경기,41,안성시,41550,명륜여자중학교,,경기도 안성시 낙원동,UzA5MDAwMjkxOA==,,,0,0,0,0,143,0,143,0,0.0
경기,41,안성시,41550,안성여자중학교,,경기도 안성시 봉남동,UzA5MDAwMjkyMA==,,,0,0,0,0,171,0,171,0,0.0
경기,41,안성시,41550,안성중학교,,경기도 안성시 금산동,UzA5MDAwMjkyMQ==,,,0,0,0,0,177,177,0,0,0.0
경기,41,안성시,41550,안청중학교,,경기도 안성시 당왕동,UzA5MDAwMjkyMg==,,,0,0,0,0,147,147,0,0,0.0
경기,41,안성시,41550,양진중학교,,경기도 안성시 공도읍 진사리,UzA5MDAwNTY4NA==,,,0,0,0,0,138,77,61,0,0.0
경기,41,안성시,41550,만정중학교,,경기도 안성시 공도읍 만정리,UzA5MDAwNTg1OQ==,,,0,0,3,0,281,135,146,0,0.0
경기,41,안성시,41550,서운중학교,,경기도 안성시 서운면 인리,UzA5MDAwMjkxOQ==,,,0,0,0,0,20,12,8,0,0.0
경기,41,안성시,41550,양성중학교,,경기도 안성시 양성면 동항리,UzA5MDAwMjkyMw==,,,0,0,0,0,22,6,16,0,0.0
경기,41,안성시,41550,일죽중학교,,경기도 안성시 일죽면 송천리,UzA5MDAwMjkyNA==,,,0,0,0,0,20,11,9,0,0.0
경기,41,안성시,41550,죽산중학교,,경기도 안성시 죽산면 죽산리,UzA5MDAwMjkyNQ==,,,0,0,0,0,42,17,25,0,0.0
경기,41,안성시,41550,한겨레중학교,,경기도 안성시 죽산면 칠장리,UzA5MDAwNTMyMQ==,,,0,0,0,0,17,10,7,0,0.0
경기,41,단원구,41273,송호중학교,,경기도 안산시 단원구 광덕3로 240,UzA5MDAwMjY5OQ==,,,0,2,5,0,159,80,79,2,1.26
경기,41,단원구,41273,초지중학교,,경기도 안산시 단원구 광덕3로 48,UzA5MDAwNDk3OQ==,,,0,2,4,0,168,80,88,2,1.19
경기,41,단원구,41273,단원중학교,,경기 안산시 단원구 고잔동,UzA5MDAwNTM5NA==,,,0,1,5,0,161,86,75,1,0.62
경기,41,단원구,41273,원일중학교,,경기도 안산시 단원구 선부동,UzA5MDAwMjcxMA==,,,0,1,1,3,264,138,126,1,0.38
경기,41,단원구,41273,중앙중학교,,경기도 안산시 단원구 고잔2동,UzA5MDAwMjcxMw==,,,0,1,12,0,273,147,126,1,0.37
경기,41,단원구,41273,양지중학교,,경기도 안산시 단원구 고잔1동,UzA5MDAwMjcwNg==,,,0,1,26,0,322,177,145,1,0.31
경기,41,단원구,41273,관산중학교,,경기도 안산시 단원구 원곡동,UzA5MDAwMjY4NA==,,,0,0,0,1,98,40,58,0,0.0
경기,41,단원구,41273,별망중학교,,경기도 안산시 단원구 초지동,UzA5MDAwMjY4OQ==,,,0,0,0,0,132,72,60,0,0.0
경기,41,단원구,41273,선부중학교,,경기 안산시 단원구 달미로 95,UzA5MDAwMjY5Mw==,,,0,0,1,2,191,96,95,0,0.0
경기,41,단원구,41273,와동중학교,,경기도 안산시 단원구 와동 1~400,UzA5MDAwMjcwOA==,,,0,0,1,0,167,86,81,0,0.0
경기,41,단원구,41273,원곡중학교,,경기도 안산시 단원구 원곡동,UzA5MDAwMjcwOQ==,,,0,0,2,0,335,166,169,0,0.0
경기,41,단원구,41273,선일중학교,,경기도 안산시 단원구 선부2동,UzA5MDAwNDg2Nw==,,,0,0,0,0,121,52,69,0,0.0
경기,41,단원구,41273,석수중학교,,경기도 안산시 단원구 선부로 133,UzA5MDAwNTQwMQ==,,,0,0,1,0,147,78,69,0,0.0
경기,41,단원구,41273,신길중학교,,경기도 안산시 단원구 신길동,UzA5MDAwNTY4OQ==,,,0,0,3,0,252,135,117,0,0.0
경기,41,단원구,41273,대부중학교,,경기도 안산시 단원구 대부중앙로 3,UzA5MDAwMjY4Ng==,,,0,0,0,0,33,17,16,0,0.0
경기,41,상록구,41271,광덕중학교,,경기도 안산시 상록구 월피동,UzA5MDAwNTI2OA==,,,0,1,1,0,72,38,34,1,1.39
경기,41,상록구,41271,시곡중학교,,경기도 안산시 상록구 사동,UzA5MDAwMjcwMA==,,,0,2,1,0,309,156,153,2,0.65
경기,41,상록구,41271,상록중학교,,경기도 안산시 상록구 본오3동,UzA5MDAwMjY5MQ==,,,0,1,1,0,177,79,98,1,0.56
경기,41,상록구,41271,성안중학교,,경기도 안산시 상록구 석호로 81,UzA5MDAwMjY5NA==,,,0,1,2,0,200,110,90,1,0.5
경기,41,상록구,41271,안산해솔중학교,,경기도 안산시 상록구 해양5로 10,UzA5MDAwNzQ0Mg==,,,0,1,9,1,270,145,125,1,0.37
경기,41,상록구,41271,경수중학교,,경기도 안산시 상록구 성포동,UzA5MDAwMjY4Mw==,,,0,0,5,1,130,77,53,0,0.0
경기,41,상록구,41271,반월중학교,,경기도 안산시 상록구 팔곡1동,UzA5MDAwMjY4OA==,,,0,0,5,0,97,59,38,0,0.0
경기,41,상록구,41271,본오중학교,,경기도 안산시 상록구 본오1동,UzA5MDAwMjY5MA==,,,0,0,11,1,286,135,151,0,0.0
경기,41,상록구,41271,성포중학교,,경기도 안산시 상록구 월피동,UzA5MDAwMjY5Ng==,,,0,0,3,0,162,82,80,0,0.0
경기,41,상록구,41271,안산부곡중학교,,경기도 안산시 상록구 부곡동,UzA5MDAwMjcwNA==,,,0,0,4,0,139,65,74,0,0.0
경기,41,상록구,41271,안산중학교,,경기 안산시 상록구 장상동,UzA5MDAwMjcwNQ==,,,0,0,0,0,52,25,27,0,0.0
경기,41,상록구,41271,석호중학교,,경기도 안산시 상록구 사동,UzA5MDAwNTI2Ng==,,,0,0,2,0,80,38,42,0,0.0
경기,41,상록구,41271,안산성호중학교,,경기도 안산시 상록구 구룡서길 21-11,UzA5MDAwNTQwNQ==,,,0,0,1,0,218,113,105,0,0.0
경기,41,상록구,41271,안산해양중학교,,경기도 안산시 상록구 해양로 11,UzA5MDAwNTQyMA==,,,0,0,12,0,155,101,54,0,0.0
경기,41,상록구,41271,이호중학교,,경기도 안산시 상록구 본오동,UzA5MDAwNTc1NQ==,,,0,0,5,0,254,137,117,0,0.0
경기,41,포천시,41650,포천여자중학교,,경기도 포천시 신북면 가채리,UzA5MDAwNDE3NA==,,,0,1,70,0,126,0,126,1,0.79
경기,41,포천시,41650,포천중학교,,경기도 포천시 신북면 중앙로207번길 65,UzA5MDAwNDE3NQ==,,,0,1,0,0,158,158,0,1,0.63
경기,41,포천시,41650,송우중학교,,경기도 포천시 소흘읍 송우리,UzA5MDAwNTI4Nw==,,,0,1,0,0,179,104,75,1,0.56
경기,41,포천시,41650,갈월중학교,,경기도 포천시 소흘읍 이가팔리,UzA5MDAwNDE2NA==,,,0,0,0,0,65,33,32,0,0.0
경기,41,포천시,41650,동남중학교,,경기도 포천시 소흘읍 송우1리,UzA5MDAwNDE2OA==,,,0,0,0,0,136,69,67,0,0.0
경기,41,포천시,41650,일동중학교,,경기도 포천시 일동면 기산4리,UzA5MDAwNDE3Mw==,,,0,0,0,0,92,60,32,0,0.0
경기,41,포천시,41650,대경중학교,,경기도 포천시 소흘읍 봉솔로 23,UzA5MDAwNDk5OQ==,,,0,0,0,0,114,52,62,0,0.0
경기,41,포천시,41650,경북중학교,,경기도 포천시 가산면 감암리,UzA5MDAwNDE2NQ==,,,0,0,0,0,16,10,6,0,0.0
경기,41,포천시,41650,관인중학교,,경기도 포천시 관인면 탄동리,UzA5MDAwNDE2Ng==,,,0,0,0,0,9,9,0,0,0.0
경기,41,포천시,41650,내촌중학교,,경기도 포천시 내촌면 금강로2259번길 7-7,UzA5MDAwNDE2Nw==,,,0,0,0,0,8,5,3,0,0.0
경기,41,포천시,41650,삼성중학교,,경기도 포천시 신북면 삼성당길 7,UzA5MDAwNDE2OQ==,,,0,0,0,0,11,4,7,0,0.0
경기,41,포천시,41650,영북중학교,,경기도 포천군 영북면 운천리,UzA5MDAwNDE3MA==,,,0,0,0,1,31,17,14,0,0.0
경기,41,포천시,41650,영중중학교,,경기도 포천시 영중면 양문로1길 23,UzA5MDAwNDE3MQ==,,,0,0,0,0,22,8,14,0,0.0
경기,41,포천시,41650,이동중학교,,경기도 포천시 이동면 장암리,UzA5MDAwNDE3Mg==,,,0,0,0,0,31,15,16,0,0.0
충북,43,서원구,43112,세광중학교,,,UzExMDAwMDkwMg==,,,6,3,0,3,142,142,0,9,6.34
충북,43,서원구,43112,청주여자중학교,,,UzExMDAwMDkxOQ==,,,0,7,0,0,138,0,138,7,5.07
충북,43,서원구,43112,운호중학교,,,UzExMDAwMDkwNg==,,,1,4,0,0,111,111,0,5,4.5
충북,43,서원구,43112,산남중학교,,,UzExMDAwMTg4MA==,,,0,6,0,2,223,94,129,6,2.69
충북,43,서원구,43112,성화중학교,,,UzExMDAwMTg4MQ==,,,1,2,0,0,117,63,54,3,2.56
충북,43,서원구,43112,수곡중학교,,,UzExMDAwMDkwMw==,,,1,2,0,1,127,70,57,3,2.36
충북,43,서원구,43112,충북여자중학교,,,UzExMDAwMDkyMw==,,,1,1,0,0,95,0,95,2,2.11
충북,43,서원구,43112,원평중학교,,,UzExMDAwMTg0Ng==,,,1,3,0,0,218,109,109,4,1.83
충북,43,서원구,43112,청주남중학교,,,UzExMDAwMDkxNA==,,,0,1,0,1,67,67,0,1,1.49
충북,43,서원구,43112,남성중학교,,,UzExMDAwMDg5NA==,,,0,2,0,0,224,113,111,2,0.89
충북,43,서원구,43112,현도중학교,,,UzExMDAwMDgwNw==,,,0,0,0,0,7,7,0,0,0.0
충북,43,흥덕구,43113,경덕중학교,,,UzExMDAwMDg5Mw==,,,3,13,0,4,220,124,96,16,7.27
충북,43,흥덕구,43113,솔밭중학교,,,UzExMDAwMTk1Nw==,,,5,13,1,3,278,139,139,18,6.47
충북,43,흥덕구,43113,서현중학교,,,UzExMDAwMTk1NA==,,,1,5,2,1,216,107,109,6,2.78
충북,43,흥덕구,43113,가경중학교,,,UzExMDAwMDg5Mg==,,,0,4,0,4,156,84,72,4,2.56
충북,43,흥덕구,43113,대성중학교,,,UzExMDAwMDg5Ng==,,,1,2,0,0,143,86,57,3,2.1
충북,43,흥덕구,43113,송절중학교,,,UzExMDAwMTg3Nw==,,,1,3,0,0,195,112,83,4,2.05
충북,43,흥덕구,43113,서원중학교,,,UzExMDAwMDkwMQ==,,,0,5,0,0,247,139,108,5,2.02
충북,43,흥덕구,43113,복대중학교,,,UzExMDAwMDg5OA==,,,1,5,0,1,303,170,133,6,1.98
충북,43,흥덕구,43113,서경중학교,,,UzExMDAwMTg0Nw==,,,1,4,0,0,279,141,138,5,1.79
충북,43,흥덕구,43113,오송중학교,,,UzExMDAwMTkxOA==,,,2,2,0,2,253,121,132,4,1.58
충북,43,흥덕구,43113,한국교원대학교부설미호중학교,,,UzAwMDAwMzUzNQ==,,,0,2,0,0,132,67,65,2,1.52
충북,43,흥덕구,43113,봉명중학교,,,UzExMDAwMDg5OQ==,,,0,2,0,6,183,97,86,2,1.09
충북,43,흥덕구,43113,충북대학교사범대학부설중학교,,,UzAwMDAwMzU3MA==,,,0,0,0,4,155,74,81,0,0.0
충북,43,흥덕구,43113,옥산중학교,,,UzExMDAwMDgwNg==,,,0,0,0,1,104,58,46,0,0.0
충북,43,상당구,43111,금천중학교,,충북 청주시 상당구 금천동,UzExMDAwMTg3Mw==,,,1,14,0,0,303,170,133,15,4.95
충북,43,상당구,43111,운동중학교,,,UzExMDAwMTg3NQ==,,,1,6,0,0,220,111,109,7,3.18
충북,43,상당구,43111,대성여자중학교,,,UzExMDAwMDg5NQ==,,,0,3,0,1,106,0,106,3,2.83
충북,43,상당구,43111,원봉중학교,,,UzExMDAwMDkwNw==,,,2,4,0,0,251,138,113,6,2.39
충북,43,상당구,43111,용성중학교,,,UzExMDAwMTg3Ng==,,,1,3,0,1,197,111,86,4,2.03
충북,43,상당구,43111,청주동중학교,,충북 청주시 상당구 금천동,UzExMDAwMDkxNQ==,,,0,2,0,1,200,116,84,2,1.0
충북,43,상당구,43111,일신여자중학교,,,UzExMDAwMDkwOQ==,,,0,1,0,1,126,0,126,1,0.79
충북,43,상당구,43111,용암중학교,,충북 청주시 상당구 용암동,UzExMDAwMDkwNQ==,,,0,0,0,2,196,112,84,0,0.0
충북,43,상당구,43111,청운중학교,,,UzExMDAwMDkxMg==,,,0,0,0,3,166,87,79,0,0.0
충북,43,상당구,43111,청주중학교,,,UzExMDAwMDkyMg==,,,0,0,1,2,148,148,0,0,0.0
충북,43,상당구,43111,문의중학교,,,UzExMDAwMDgwMA==,,,0,1,0,0,7,4,3,1,14.29
충북,43,상당구,43111,가덕중학교,,,UzExMDAwMDc5OA==,,,0,0,0,1,11,4,7,0,0.0
충북,43,상당구,43111,미원중학교,,,UzExMDAwMDgwMQ==,,,0,0,0,0,8,6,2,0,0.0
충북,43,청원구,43114,청주중앙여자중학교,,충북 청주시 상당구 사천동,UzExMDAwMDkyMA==,,,0,6,0,1,155,0,155,6,3.87
충북,43,청원구,43114,각리중학교,,,UzExMDAwMTg4NQ==,,,2,8,0,0,326,163,163,10,3.07
충북,43,청원구,43114,오창중학교,,,UzExMDAwMDgwNA==,,,3,1,0,1,166,90,76,4,2.41
충북,43,청원구,43114,양청중학교,,충북 청원군 오창읍 양청리,UzExMDAwMjAwMg==,,,2,3,1,0,225,127,98,5,2.22
충북,43,청원구,43114,생명중학교,,,UzExMDAwMjMwNg==,,,0,1,0,0,97,50,47,1,1.03
충북,43,청원구,43114,주성중학교,,,UzExMDAwMDkxMA==,,,0,1,0,2,219,112,107,1,0.46
충북,43,청원구,43114,내수중학교,,,UzExMDAwMDc5OQ==,,,0,0,0,0,133,79,54,0,0.0
충북,43,청원구,43114,율량중학교,,충북 청주시 청원구 주중동,UzExMDAwMDkwOA==,,,0,0,0,2,221,138,83,0,0.0
충북,43,청원구,43114,청주중앙중학교,,,UzExMDAwMDkyMQ==,,,0,0,0,0,183,134,49,0,0.0
충북,43,증평군,43745,증평중학교,,,UzExMDAwMDI3Mg==,,,0,1,0,1,136,80,56,1,0.74
충북,43,증평군,43745,증평여자중학교,,,UzExMDAwMDI3MQ==,,,0,0,0,1,91,0,91,0,0.0
충북,43,증평군,43745,형석중학교,,,UzExMDAwMDI3Nw==,,,0,0,0,0,86,86,0,0,0.0
충북,43,음성군,43770,동성중학교,,,UzExMDAwMTk5Nw==,,,1,2,0,0,136,72,64,3,2.21
충북,43,음성군,43770,대소중학교,,,UzExMDAwMDYxNg==,,,0,0,0,0,131,71,60,0,0.0
충북,43,음성군,43770,무극중학교,,,UzExMDAwMDYxOA==,,,0,0,0,3,152,81,71,0,0.0
충북,43,음성군,43770,음성여자중학교,,,UzExMDAwMDYyMQ==,,,0,0,0,3,62,0,62,0,0.0
충북,43,음성군,43770,감곡중학교,,,UzExMDAwMDYxNA==,,,0,0,0,0,31,31,0,0,0.0
충북,43,음성군,43770,매괴여자중학교,,,UzExMDAwMDYxNw==,,,0,0,0,0,28,0,28,0,0.0
충북,43,음성군,43770,삼성중학교,,,UzExMDAwMDYxOQ==,,,0,0,0,0,27,11,16,0,0.0
충북,43,음성군,43770,생극중학교,,,UzExMDAwMDYyMA==,,,0,0,0,0,36,18,18,0,0.0
충북,43,음성군,43770,음성중학교,,,UzExMDAwMDYyMg==,,,0,0,0,0,40,40,0,0,0.0
충북,43,음성군,43770,한일중학교,,,UzExMDAwMDYyMw==,,,0,0,0,0,38,38,0,0,0.0
충북,43,보은군,43720,보은여자중학교,,,UzExMDAwMDQxNw==,,,0,1,1,0,71,0,71,1,1.41
충북,43,보은군,43720,보은중학교,,,UzExMDAwMDQxOA==,,,1,0,0,0,84,84,0,1,1.19
충북,43,보은군,43720,회인중학교,,,UzExMDAwMDQyMQ==,,,0,2,0,2,10,5,5,2,20.0
충북,43,보은군,43720,보덕중학교,,,UzExMDAwMDQxNg==,,,0,0,0,0,11,5,6,0,0.0
충북,43,보은군,43720,속리산중학교,,,UzExMDAwMDQyMA==,,,0,0,0,1,18,11,7,0,0.0
충북,43,옥천군,43730,옥천여자중학교,,,UzExMDAwMDU2MQ==,,,0,0,0,0,151,0,151,0,0.0
충북,43,옥천군,43730,옥천중학교,,,UzExMDAwMDU2Mg==,,,0,0,0,0,160,160,0,0,0.0
충북,43,옥천군,43730,안내중학교,,,UzExMDAwMDU2MA==,,,0,0,0,0,6,2,4,0,0.0
충북,43,옥천군,43730,이원중학교,,,UzExMDAwMDU2Mw==,,,0,0,0,0,11,6,5,0,0.0
충북,43,옥천군,43730,청산중학교,,,UzExMDAwMDU2NQ==,,,0,0,0,0,13,8,5,0,0.0
충북,43,충주시,43130,충주미덕중학교,,,UzExMDAwMDk4MQ==,,,3,0,0,0,163,163,0,3,1.84
충북,43,충주시,43130,충주북여자중학교,,,UzExMDAwMDk5MQ==,,,0,1,0,2,162,0,162,1,0.62
충북,43,충주시,43130,충주여자중학교,,,UzExMDAwMDk5Mg==,,,0,1,0,0,167,0,167,1,0.6
충북,43,충주시,43130,충주예성여자중학교,,,UzExMDAwMDk5Mw==,,,1,0,0,0,176,0,176,1,0.57
충북,43,충주시,43130,충일중학교,,,UzExMDAwMDk5MA==,,,0,0,0,0,169,169,0,0,0.0
충북,43,충주시,43130,충주중앙중학교,,,UzExMDAwMDk5NA==,,,0,0,0,0,134,53,81,0,0.0
충북,43,충주시,43130,충주중학교,,,UzExMDAwMDk5Ng==,,,0,0,0,1,167,167,0,0,0.0
충북,43,충주시,43130,칠금중학교,,,UzExMDAwMTg0Mg==,,,0,0,0,0,98,51,47,0,0.0
충북,43,충주시,43130,탄금중학교,,,UzExMDAwMTg0Mw==,,,0,0,0,1,167,83,84,0,0.0
충북,43,충주시,43130,중앙탑중학교,,,UzExMDAwMjIxMg==,,,0,0,0,0,126,60,66,0,0.0
충북,43,충주시,43130,노은중학교,,충북 충주시 노은면 감노로 1387,UzExMDAwMDk4MA==,,,0,0,0,0,5,4,1,0,0.0
충북,43,충주시,43130,산척중학교,,,UzExMDAwMDk4Mg==,,,0,0,0,0,5,4,1,0,0.0
충북,43,충주시,43130,수안보중학교,,충북 충주시 수안보면 관동길 18,UzExMDAwMDk4Mw==,,,0,0,0,0,4,4,0,0,0.0
충북,43,충주시,43130,신니중학교,,,UzExMDAwMDk4NA==,,,0,0,0,0,8,4,4,0,0.0
충북,43,충주시,43130,신명중학교,,,UzExMDAwMDk4NQ==,,,0,0,0,2,24,20,4,0,0.0
충북,43,충주시,43130,앙성중학교,,,UzExMDAwMDk4Ng==,,,0,0,0,0,8,8,0,0,0.0
충북,43,충주시,43130,주덕중학교,,,UzExMDAwMDk4OA==,,,0,0,0,0,17,9,8,0,0.0
충북,43,충주시,43130,중원중학교,,,UzExMDAwMDk4OQ==,,,0,0,0,0,18,11,7,0,0.0
충북,43,충주시,43130,충주대소원중학교,,,UzExMDAwMjI5Mw==,,,0,0,0,0,39,22,17,0,0.0
충북,43,제천시,43150,대제중학교,,,UzExMDAwMDY2NQ==,,,3,0,0,1,166,166,0,3,1.81
충북,43,제천시,43150,의림여자중학교,,,UzExMDAwMDY3MQ==,,,0,0,0,2,184,0,184,0,0.0
충북,43,제천시,43150,제천동중학교,,,UzExMDAwMDY3Mw==,,,0,0,0,0,119,75,44,0,0.0
충북,43,제천시,43150,제천여자중학교,,,UzExMDAwMDY3NA==,,,0,0,0,2,174,0,174,0,0.0
충북,43,제천시,43150,제천중학교,,,UzExMDAwMDY3NQ==,,,0,0,0,0,157,157,0,0,0.0
충북,43,제천시,43150,내토중학교,,,UzExMDAwMTg0NA==,,,0,0,0,2,151,83,68,0,0.0
충북,43,제천시,43150,봉양중학교,,,UzExMDAwMDY2Nw==,,,0,1,0,0,11,6,5,1,9.09
충북,43,제천시,43150,백운중학교,,,UzExMDAwMDY2Ng==,,,0,0,0,0,10,7,3,0,0.0
충북,43,제천시,43150,수산중학교,,,UzExMDAwMDY2OQ==,,,0,0,0,0,4,4,0,0,0.0
충북,43,제천시,43150,제천덕산중학교,,,UzExMDAwMDY3Mg==,,,0,0,0,0,9,5,4,0,0.0
충북,43,제천시,43150,청풍중학교,,,UzExMDAwMDY3Ng==,,,0,0,0,0,5,3,2,0,0.0
충북,43,제천시,43150,한송중학교,,,UzExMDAwMDY3OA==,,,0,0,0,0,3,3,0,0,0.0
충북,43,영동군,43740,영신중학교,,,UzExMDAwMDQ4Nw==,,,2,0,0,0,72,39,33,2,2.78
충북,43,영동군,43740,영동중학교,,,UzExMDAwMDQ4NQ==,,,2,0,0,0,113,67,46,2,1.77
충북,43,영동군,43740,새너울중학교,,,UzExMDAwMjE2MQ==,,,0,1,0,0,38,20,18,1,2.63
충북,43,영동군,43740,심천중학교,,,UzExMDAwMDQ4Mw==,,,0,0,0,0,9,5,4,0,0.0
충북,43,영동군,43740,정수중학교,,,UzExMDAwMDQ4OQ==,,,0,0,0,0,12,3,9,0,0.0
충북,43,영동군,43740,추풍령중학교,,,UzExMDAwMDQ5MA==,,,0,0,0,0,11,5,6,0,0.0
충북,43,영동군,43740,학산중학교,,,UzExMDAwMDQ5MQ==,,,0,0,0,0,6,2,4,0,0.0
충북,43,진천군,43750,진천여자중학교,,,UzExMDAwMDc2Nw==,,,0,2,0,1,159,0,159,2,1.26
충북,43,진천군,43750,광혜원중학교,,,UzExMDAwMDc2Mw==,,,0,0,0,2,122,66,56,0,0.0
충북,43,진천군,43750,진천중학교,,,UzExMDAwMDc2OA==,,,0,0,0,0,144,144,0,0,0.0
충북,43,진천군,43750,서전중학교,,,UzExMDAwMjE3Mg==,,,0,0,0,1,295,159,136,0,0.0
충북,43,진천군,43750,덕산중학교,,,UzExMDAwMDc2NA==,,,0,0,0,0,37,20,17,0,0.0
충북,43,진천군,43750,이월중학교,,,UzExMDAwMDc2Ng==,,,0,0,0,0,21,10,11,0,0.0
충북,43,괴산군,43760,괴산북중학교,,,UzExMDAwMDI2MQ==,,,0,0,0,0,56,0,56,0,0.0
충북,43,괴산군,43760,괴산중학교,,,UzExMDAwMDI2Mw==,,,0,0,0,0,41,41,0,0,0.0
충북,43,괴산군,43760,송면중학교,,,UzExMDAwMDI2Nw==,,,0,0,0,0,10,4,6,0,0.0
충북,43,괴산군,43760,연풍중학교,,,UzExMDAwMDI2OQ==,,,0,0,0,0,2,1,1,0,0.0
충북,43,괴산군,43760,청안중학교,,,UzExMDAwMDI3Mw==,,,0,0,0,2,10,7,3,0,0.0
충북,43,괴산군,43760,청천중학교,,,UzExMDAwMDI3NA==,,,0,0,0,0,11,5,6,0,0.0
충북,43,괴산군,43760,칠성중학교,,,UzExMDAwMDI3NQ==,,,0,0,0,0,12,5,7,0,0.0
충북,43,괴산군,43760,괴산오성중학교,,,UzExMDAwMjEzMQ==,,,0,0,0,0,35,17,18,0,0.0
충북,43,단양군,43800,단양중학교,,,UzExMDAwMDM1Mw==,,,0,0,0,0,81,39,42,0,0.0
충북,43,단양군,43800,단양소백산중학교,,,UzExMDAwMjE3MA==,,,0,1,0,0,25,16,9,1,4.0
충북,43,단양군,43800,단성중학교,,,UzExMDAwMDM1MQ==,,,0,0,0,0,11,8,3,0,0.0
충북,43,단양군,43800,매포중학교,,,UzExMDAwMDM1NA==,,,0,0,0,0,24,15,9,0,0.0
충북,43,단양군,43800,영춘중학교,,,UzExMDAwMDM1Ng==,,,0,0,0,0,4,4,0,0,0.0
충남,44,서북구,44133,천안월봉중학교,,,UzEyMDAwMjUxMA==,,,8,7,19,2,359,188,171,15,4.18
충남,44,서북구,44133,천안불당중학교,,,UzEyMDAwMjUwOA==,,,7,8,35,5,361,195,166,15,4.16
충남,44,서북구,44133,천안동성중학교,,,UzEyMDAwMDczNw==,,,1,2,3,0,95,47,48,3,3.16
충남,44,서북구,44133,천안봉서중학교,,,UzEyMDAwMDc0OA==,,,3,0,0,0,127,55,72,3,2.36
충남,44,서북구,44133,천안불무중학교,,,UzEyMDAwMjg5MQ==,,,0,5,37,3,327,156,171,5,1.53
충남,44,서북구,44133,환서중학교,,,UzEyMDAwMjcxNA==,,,3,1,19,3,269,135,134,4,1.49
충남,44,서북구,44133,천안백석중학교,,,UzEyMDAwMjQ2MQ==,,,1,3,16,0,292,144,148,4,1.37
충남,44,서북구,44133,천안두정중학교,,,UzEyMDAwMDc0Nw==,,,2,2,6,4,302,169,133,4,1.32
충남,44,서북구,44133,천안오성중학교,,,UzEyMDAwMjQ1OQ==,,,2,1,8,0,271,147,124,3,1.11
충남,44,서북구,44133,성환중학교,,,UzEyMDAwMDc0MQ==,,,0,1,2,1,109,66,43,1,0.92
충남,44,서북구,44133,천안성정중학교,,,UzEyMDAwMDc1Mg==,,,1,1,9,2,251,135,116,2,0.8
충남,44,서북구,44133,천안성성중학교,,,UzEyMDAwMjQ2MA==,,,0,2,8,0,268,145,123,2,0.75
충남,44,서북구,44133,천안쌍용중학교,,,UzEyMDAwMDc1Mw==,,,0,1,8,0,326,170,156,1,0.31
충남,44,서북구,44133,천안부성중학교,,,UzEyMDAwMDc0OQ==,,,0,0,1,0,165,92,73,0,0.0
충남,44,서북구,44133,입장중학교,,,UzEyMDAwMDc0Mw==,,,0,0,0,0,30,14,16,0,0.0
충남,44,보령시,44180,대천여자중학교,,,UzEyMDAwMTA1Ng==,,,0,1,0,0,151,0,151,1,0.66
충남,44,보령시,44180,대천중학교,,,UzEyMDAwMTA1Nw==,,,1,0,1,0,155,155,0,1,0.65
충남,44,보령시,44180,대명중학교,,,UzEyMDAwMTA1NA==,,,0,0,0,0,98,98,0,0,0.0
충남,44,보령시,44180,한내여자중학교,,,UzEyMDAwMTA2Ng==,,,0,0,0,0,143,0,143,0,0.0
충남,44,보령시,44180,남포중학교,,,UzEyMDAwMTA1Mw==,,,0,0,0,0,12,7,5,0,0.0
충남,44,보령시,44180,대천서중학교,,,UzEyMDAwMTA1NQ==,,,0,0,0,1,19,7,12,0,0.0
충남,44,보령시,44180,미산중학교,,,UzEyMDAwMTA1OA==,,,0,0,0,0,12,4,8,0,0.0
충남,44,보령시,44180,보령중학교,,,UzEyMDAwMTA1OQ==,,,0,0,1,0,15,5,10,0,0.0
충남,44,보령시,44180,웅천중학교,,,UzEyMDAwMTA2MA==,,,0,0,0,0,23,16,7,0,0.0
충남,44,보령시,44180,천북중학교,,,UzEyMDAwMTA2Mw==,,,0,0,0,0,10,7,3,0,0.0
충남,44,보령시,44180,청라중학교,,,UzEyMDAwMTA2NA==,,,0,0,0,0,33,20,13,0,0.0
충남,44,계룡시,44250,용남중학교,,,UzEyMDAwMDQzOQ==,,,2,1,7,1,217,105,112,3,1.38
충남,44,계룡시,44250,계룡중학교,,,UzEyMDAwMjU0NQ==,,,1,2,5,0,230,119,111,3,1.3
충남,44,계룡시,44250,엄사중학교,,,UzEyMDAwMDQzNA==,,,1,1,1,0,174,106,68,2,1.15
충남,44,동남구,44131,천안서여자중학교,,,UzEyMDAwMDc1MQ==,,,0,2,2,0,121,0,121,2,1.65
충남,44,동남구,44131,천안새샘중학교,,,UzEyMDAwMjY2NA==,,,3,2,7,0,314,146,168,5,1.59
충남,44,동남구,44131,천안계광중학교,,충남 천안시 동남구 봉명동,UzEyMDAwMDczNQ==,,,2,0,1,0,141,141,0,2,1.42
충남,44,동남구,44131,천안가온중학교,,,UzEyMDAwMjY3NA==,,,0,4,7,3,309,176,133,4,1.29
충남,44,동남구,44131,천안여자중학교,,,UzEyMDAwMDc1NA==,,,0,2,1,3,182,0,182,2,1.1
충남,44,동남구,44131,천안용곡중학교,,,UzEyMDAwMjUwOQ==,,,1,3,10,0,389,206,183,4,1.03
충남,44,동남구,44131,천안신방중학교,,,UzEyMDAwMjQ2Mg==,,,0,3,13,0,353,198,155,3,0.85
충남,44,동남구,44131,천성중학교,,,UzEyMDAwMDc0NQ==,,,0,1,3,1,129,129,0,1,0.78
충남,44,동남구,44131,천안중학교,,,UzEyMDAwMDc1NQ==,,,1,0,2,0,202,202,0,1,0.5
충남,44,동남구,44131,천안북중학교,,,UzEyMDAwMDc1MA==,,,0,1,4,1,215,115,100,1,0.47
충남,44,동남구,44131,광풍중학교,,,UzEyMDAwMDczNg==,,,0,0,2,5,58,44,14,0,0.0
충남,44,동남구,44131,목천중학교,,,UzEyMDAwMDczOA==,,,0,0,0,2,63,38,25,0,0.0
충남,44,동남구,44131,복자여자중학교,,,UzEyMDAwMDc0MA==,,,0,0,3,1,185,0,185,0,0.0
충남,44,동남구,44131,천안동중학교,,,UzEyMDAwMDc0Ng==,,,0,0,0,0,183,80,103,0,0.0
충남,44,동남구,44131,병천중학교,,,UzEyMDAwMDczOQ==,,,0,0,0,0,35,16,19,0,0.0
충남,44,동남구,44131,천남중학교,,,UzEyMDAwMDc0NA==,,,0,0,0,0,12,5,7,0,0.0
충남,44,아산시,44200,송남중학교,,,UzEyMDAwMDU4Mw==,,,0,4,0,0,64,32,32,4,6.25
충남,44,아산시,44200,한올중학교,,,UzEyMDAwMDU5MA==,,,0,10,4,0,245,0,245,10,4.08
충남,44,아산시,44200,음봉중학교,,,UzEyMDAwMDU5MQ==,,,0,6,8,0,151,71,80,6,3.97
충남,44,아산시,44200,아산배방중학교,,,UzEyMDAwMjYwMQ==,,,2,4,0,1,258,143,115,6,2.33
충남,44,아산시,44200,탕정중학교,,,UzEyMDAwMjY3MA==,,,3,7,131,2,458,233,225,10,2.18
충남,44,아산시,44200,모산중학교,,,UzEyMDAwMjg4Ng==,,,1,7,16,1,371,175,196,8,2.16
충남,44,아산시,44200,한들물빛중학교,,,UzEyMDAwMjkzNw==,,,1,4,16,1,272,150,122,5,1.84
충남,44,아산시,44200,설화중학교,,,UzEyMDAwMjY3Mw==,,,3,1,0,1,269,127,142,4,1.49
충남,44,아산시,44200,신창중학교,,,UzEyMDAwMDU4NA==,,,1,1,0,0,140,65,75,2,1.43
충남,44,아산시,44200,온양여자중학교,,,UzEyMDAwMDU4OA==,,,1,1,2,0,310,0,310,2,0.65
충남,44,아산시,44200,아산중학교,,,UzEyMDAwMDU4NQ==,,,1,0,2,4,264,264,0,1,0.38
충남,44,아산시,44200,온양중학교,,,UzEyMDAwMDU4OQ==,,,0,1,9,1,264,264,0,1,0.38
충남,44,아산시,44200,온양용화중학교,,,UzEyMDAwMjUyMw==,,,1,0,6,2,309,155,154,1,0.32
충남,44,아산시,44200,둔포중학교,,,UzEyMDAwMDU4MA==,,,0,0,0,1,57,27,30,0,0.0
충남,44,아산시,44200,온양신정중학교,,,UzEyMDAwMjU1Ng==,,,0,0,1,1,213,123,90,0,0.0
충남,44,아산시,44200,아산테크노중학교,,,UzEyMDAwMjg4NQ==,,,0,0,6,0,156,89,67,0,0.0
충남,44,아산시,44200,도고중학교,,,UzEyMDAwMDU3OQ==,,,0,0,0,0,13,6,7,0,0.0
충남,44,아산시,44200,선도중학교,,,UzEyMDAwMDU4Mg==,,,0,0,0,0,9,2,7,0,0.0
충남,44,아산시,44200,영인중학교,,,UzEyMDAwMDU4Nw==,,,0,0,0,0,16,8,8,0,0.0
충남,44,아산시,44200,인주중학교,,,UzEyMDAwMDU5Mg==,,,0,0,0,0,23,15,8,0,0.0
충남,44,공주시,44150,공주북중학교,,,UzEyMDAwMDI3OA==,,,0,1,1,0,68,0,68,1,1.47
충남,44,공주시,44150,공주중학교,,,UzEyMDAwMDI4MQ==,,,0,1,3,0,103,103,0,1,0.97
충남,44,공주시,44150,공주여자중학교,,,UzEyMDAwMDI3OQ==,,,0,1,0,1,148,0,148,1,0.68
충남,44,공주시,44150,국립공주대학교사범대학부설중학교,,,UzAwMDAwMzUwMQ==,,,0,0,1,0,57,30,27,0,0.0
충남,44,공주시,44150,봉황중학교,,,UzEyMDAwMDI4Mw==,,,0,0,0,0,117,117,0,0,0.0
충남,44,공주시,44150,우성중학교,,,UzEyMDAwMDI4Ng==,,,1,0,0,0,36,15,21,1,2.78
충남,44,공주시,44150,유구중학교,,,UzEyMDAwMDI4Nw==,,,1,0,0,1,41,19,22,1,2.44
충남,44,공주시,44150,경천중학교,,,UzEyMDAwMDI3Nw==,,,0,0,0,0,20,10,10,0,0.0
충남,44,공주시,44150,공주영명중학교,,,UzEyMDAwMDI4MA==,,,0,0,0,0,46,46,0,0,0.0
충남,44,공주시,44150,반포중학교,,,UzEyMDAwMDI4Mg==,,,0,0,0,0,16,11,5,0,0.0
충남,44,공주시,44150,사곡중학교,,,UzEyMDAwMDI4NA==,,,0,0,0,0,11,7,4,0,0.0
충남,44,공주시,44150,이인중학교,,,UzEyMDAwMDI4OA==,,,0,0,0,0,2,0,2,0,0.0
충남,44,공주시,44150,정안중학교,,,UzEyMDAwMDI5MA==,,,0,0,0,0,19,10,9,0,0.0
충남,44,공주시,44150,탄천중학교,,,UzEyMDAwMDI5MQ==,,,0,0,0,0,12,0,12,0,0.0
충남,44,서천군,44770,서천중학교,,,UzEyMDAwMTAwMw==,,,0,0,1,0,68,68,0,0,0.0
충남,44,서천군,44770,장항중학교,,,UzEyMDAwMTAwNg==,,,0,0,0,0,79,38,41,0,0.0
충남,44,서천군,44770,판교중학교,,,UzEyMDAwMTAwOA==,,,0,1,0,0,13,6,7,1,7.69
충남,44,서천군,44770,동강중학교,,,UzEyMDAwMDk5OA==,,,0,1,0,0,22,19,3,1,4.55
충남,44,서천군,44770,서천여자중학교,,,UzEyMDAwMTAwMg==,,,0,1,0,0,42,0,42,1,2.38
충남,44,서천군,44770,비인중학교,,,UzEyMDAwMDk5OQ==,,,0,0,0,0,3,1,2,0,0.0
충남,44,서천군,44770,서림여자중학교,,,UzEyMDAwMTAwMA==,,,0,0,1,0,22,0,22,0,0.0
충남,44,서천군,44770,서면중학교,,,UzEyMDAwMTAwMQ==,,,0,0,0,0,10,4,6,0,0.0
충남,44,서천군,44770,한산중학교,,,UzEyMDAwMTAwOQ==,,,0,0,0,0,6,3,3,0,0.0
충남,44,논산시,44230,논산대건중학교,,,UzEyMDAwMDQyNw==,,,0,1,0,0,81,81,0,1,1.23
충남,44,논산시,44230,기민중학교,,,UzEyMDAwMDQyNQ==,,,0,0,0,0,81,81,0,0,0.0
충남,44,논산시,44230,논산여자중학교,,,UzEyMDAwMDQyOA==,,,0,0,0,0,144,0,144,0,0.0
충남,44,논산시,44230,논산중학교,,,UzEyMDAwMDQyOQ==,,,0,0,0,2,112,112,0,0,0.0
충남,44,논산시,44230,쌘뽈여자중학교,,,UzEyMDAwMDQzMg==,,,0,0,0,0,114,0,114,0,0.0
충남,44,논산시,44230,연무여자중학교,,,UzEyMDAwMDQzNg==,,,0,0,0,0,54,0,54,0,0.0
충남,44,논산시,44230,연무중학교,,,UzEyMDAwMDQzNw==,,,0,0,0,0,57,57,0,0,0.0
충남,44,논산시,44230,가야곡중학교,,,UzEyMDAwMDQyMA==,,,0,0,0,0,7,6,1,0,0.0
충남,44,논산시,44230,강경여자중학교,,,UzEyMDAwMDQyMQ==,,,0,0,0,0,27,0,27,0,0.0
충남,44,논산시,44230,강경중학교,,,UzEyMDAwMDQyMg==,,,0,0,0,0,29,29,0,0,0.0
충남,44,논산시,44230,건양대학교병설건양중학교,,,UzEyMDAwMDQyMw==,,,0,0,0,0,30,16,14,0,0.0
충남,44,논산시,44230,광석중학교,,,UzEyMDAwMDQyNA==,,,0,0,0,0,10,6,4,0,0.0
충남,44,논산시,44230,노성중학교,,,UzEyMDAwMDQyNg==,,,0,0,1,0,28,13,15,0,0.0
충남,44,논산시,44230,연산중학교,,,UzEyMDAwMDQzOA==,,,0,0,0,0,39,23,16,0,0.0
충남,44,금산군,44710,금산동중학교,,,UzEyMDAwMDM2Nw==,,,1,0,0,0,89,54,35,1,1.12
충남,44,금산군,44710,금산여자중학교,,,UzEyMDAwMDM2OA==,,,1,0,0,2,106,0,106,1,0.94
충남,44,금산군,44710,금산중학교,,,UzEyMDAwMDM2OQ==,,,0,0,0,0,87,87,0,0,0.0
충남,44,금산군,44710,진산중학교,,,UzEyMDAwMDM3NA==,,,1,0,0,0,14,8,6,1,7.14
충남,44,금산군,44710,복수중학교,,,UzEyMDAwMDM3MQ==,,,0,0,0,0,9,5,4,0,0.0
충남,44,금산군,44710,부리중학교,,,UzEyMDAwMDM3Mg==,,,0,0,0,0,1,0,1,0,0.0
충남,44,금산군,44710,제원중학교,,,UzEyMDAwMDM3Mw==,,,0,0,0,0,13,4,9,0,0.0
충남,44,금산군,44710,추부중학교,,,UzEyMDAwMDM3NQ==,,,0,0,0,0,44,29,15,0,0.0
충남,44,홍성군,44800,홍성중학교,,,UzEyMDAwMTIwNw==,,,1,0,1,0,95,95,0,1,1.05
충남,44,홍성군,44800,내포중학교,,,UzEyMDAwMjczMw==,,,0,2,1,0,306,152,154,2,0.65
충남,44,홍성군,44800,홍성여자중학교,,,UzEyMDAwMTIwNg==,,,0,0,0,0,182,0,182,0,0.0
충남,44,홍성군,44800,홍주중학교,,,UzEyMDAwMTIwOA==,,,0,0,0,0,100,100,0,0,0.0
충남,44,홍성군,44800,홍성서부중학교,,,UzEyMDAwMTIwNQ==,,,1,0,0,0,12,7,5,1,8.33
충남,44,홍성군,44800,홍동중학교,,,UzEyMDAwMTIwNA==,,,0,1,1,1,33,17,16,1,3.03
충남,44,홍성군,44800,갈산중학교,,,UzEyMDAwMTE5NQ==,,,0,0,0,0,17,5,12,0,0.0
충남,44,홍성군,44800,광천중학교,,,UzEyMDAwMTE5OA==,,,0,0,0,0,35,17,18,0,0.0
충남,44,홍성군,44800,금마중학교,,,UzEyMDAwMTIwMQ==,,,0,0,0,0,20,9,11,0,0.0
충남,44,홍성군,44800,서해삼육중학교,,,UzEyMDAwMTIwMg==,,,0,0,0,1,32,15,17,0,0.0
충남,44,당진시,44270,호서중학교,,,UzEyMDAwMDg4Mg==,,,1,0,0,0,143,78,65,1,0.7
충남,44,당진시,44270,원당중학교,,,UzEyMDAwMjY2MA==,,,1,1,2,0,390,191,199,2,0.51
충남,44,당진시,44270,송악중학교,,,UzEyMDAwMDg3Nw==,,,0,1,0,0,274,119,155,1,0.36
충남,44,당진시,44270,당진중학교,,,UzEyMDAwMDg3MA==,,,0,1,1,1,314,171,143,1,0.32
충남,44,당진시,44270,송산중학교,,,UzEyMDAwMDg3Ng==,,,0,0,0,2,74,42,32,0,0.0
충남,44,당진시,44270,신평중학교,,,UzEyMDAwMDg3OQ==,,,0,0,0,0,213,128,85,0,0.0
충남,44,당진시,44270,고대중학교,,,UzEyMDAwMDg2OA==,,,0,0,0,0,20,8,12,0,0.0
충남,44,당진시,44270,당진중학교대호지분교장,,,UzEyMDAwMDg3MQ==,,,0,0,0,0,3,3,0,0,0.0
충남,44,당진시,44270,면천중학교,,,UzEyMDAwMDg3Mg==,,,0,0,0,1,12,5,7,0,0.0
충남,44,당진시,44270,서야중학교,,,UzEyMDAwMDg3NA==,,,0,0,0,0,30,17,13,0,0.0
충남,44,당진시,44270,석문중학교,,,UzEyMDAwMDg3NQ==,,,0,0,0,0,32,14,18,0,0.0
충남,44,당진시,44270,순성중학교,,,UzEyMDAwMDg3OA==,,,0,0,0,0,24,11,13,0,0.0
충남,44,당진시,44270,합덕여자중학교,,,UzEyMDAwMDg4MA==,,,0,0,0,0,24,0,24,0,0.0
충남,44,당진시,44270,합덕중학교,,,UzEyMDAwMDg4MQ==,,,0,0,0,0,25,25,0,0,0.0
충남,44,당진시,44270,수청중학교,,,UzEyMDAwMjk2OQ==,,,0,0,0,0,24,6,18,0,0.0
충남,44,부여군,44760,부여여자중학교,,,UzEyMDAwMDUwNg==,,,0,1,1,0,86,0,86,1,1.16
충남,44,부여군,44760,백제중학교,,,UzEyMDAwMDUwNQ==,,,0,1,0,0,89,41,48,1,1.12
충남,44,부여군,44760,부여중학교,,,UzEyMDAwMDUwNw==,,,0,0,0,0,99,99,0,0,0.0
충남,44,부여군,44760,석성중학교,,,UzEyMDAwMDUwOA==,,,0,0,0,0,19,11,8,0,0.0
충남,44,부여군,44760,세도중학교,,,UzEyMDAwMDUwOQ==,,,0,0,0,0,3,3,0,0,0.0
충남,44,부여군,44760,외산중학교,,,UzEyMDAwMDUxMQ==,,,0,0,0,0,7,5,2,0,0.0
충남,44,부여군,44760,용강중학교,,,UzEyMDAwMDUxMg==,,,0,0,0,0,14,8,6,0,0.0
충남,44,부여군,44760,은산중학교,,,UzEyMDAwMDUxMw==,,,0,0,0,0,15,10,5,0,0.0
충남,44,부여군,44760,임천중학교,,,UzEyMDAwMDUxNA==,,,0,0,0,0,13,7,6,0,0.0
충남,44,부여군,44760,홍산중학교,,,UzEyMDAwMDUxNg==,,,0,0,0,0,18,10,8,0,0.0
충남,44,서산시,44210,서산여자중학교,,,UzEyMDAwMDkzNQ==,,,1,3,1,0,277,0,277,4,1.44
충남,44,서산시,44210,서산중학교,,,UzEyMDAwMDkzNw==,,,3,0,1,0,291,291,0,3,1.03
충남,44,서산시,44210,서령중학교,,,UzEyMDAwMDkzMw==,,,1,0,2,0,152,152,0,1,0.66
충남,44,서산시,44210,서산부춘중학교,,,UzEyMDAwMDkzNA==,,,0,1,0,2,157,57,100,1,0.64
충남,44,서산시,44210,대산중학교,,,UzEyMDAwMDkzMA==,,,0,0,0,0,55,30,25,0,0.0
충남,44,서산시,44210,서일중학교,,,UzEyMDAwMDkzOA==,,,0,0,0,0,87,44,43,0,0.0
충남,44,서산시,44210,성연중학교,,,UzEyMDAwMDkzOQ==,,,0,0,0,0,147,86,61,0,0.0
충남,44,서산시,44210,인지중학교,,,UzEyMDAwMDk0MQ==,,,0,0,0,0,54,25,29,0,0.0
충남,44,서산시,44210,해미중학교,,,UzEyMDAwMDk0NA==,,,0,0,0,0,55,31,24,0,0.0
충남,44,서산시,44210,서산석림중학교,,,UzEyMDAwMjUyNA==,,,0,0,1,0,195,58,137,0,0.0
충남,44,서산시,44210,고북중학교,,충남 서산시 고북면 가구리,UzEyMDAwMDkyOQ==,,,0,0,0,0,26,20,6,0,0.0
충남,44,서산시,44210,대철중학교,,,UzEyMDAwMDkzMQ==,,,0,0,1,0,26,17,9,0,0.0
충남,44,서산시,44210,부석중학교,,,UzEyMDAwMDkzMg==,,,0,0,0,0,23,10,13,0,0.0
충남,44,서산시,44210,음암중학교,,,UzEyMDAwMDk0MA==,,,0,0,0,0,47,26,21,0,0.0
충남,44,서산시,44210,팔봉중학교,,,UzEyMDAwMDk0Mw==,,,0,0,0,1,47,24,23,0,0.0
충남,44,서산시,44210,서산명지중학교,,,UzEyMDAwMjUyNQ==,,,0,0,0,0,15,8,7,0,0.0
충남,44,예산군,44810,예산여자중학교,,,UzEyMDAwMDY5MA==,,,1,0,0,0,126,0,126,1,0.79
충남,44,예산군,44810,덕산중학교,,,UzEyMDAwMDY4Ng==,,,1,0,3,0,210,111,99,1,0.48
충남,44,예산군,44810,예산중학교,,,UzEyMDAwMDY5MQ==,,,0,0,0,0,139,139,0,0,0.0
충남,44,예산군,44810,고덕중학교,,,UzEyMDAwMDY4Mg==,,,1,0,0,0,37,21,16,1,2.7
충남,44,예산군,44810,광시중학교,,,UzEyMDAwMDY4Mw==,,,0,0,0,0,7,6,1,0,0.0
충남,44,예산군,44810,대술중학교,,,UzEyMDAwMDY4NA==,,,0,0,0,0,3,1,2,0,0.0
충남,44,예산군,44810,대흥중학교,,,UzEyMDAwMDY4NQ==,,,0,0,1,1,41,21,20,0,0.0
충남,44,예산군,44810,삽교중학교,,,UzEyMDAwMDY4Nw==,,,0,0,0,0,29,11,18,0,0.0
충남,44,예산군,44810,신암중학교,,,UzEyMDAwMDY4OA==,,,0,0,0,0,7,4,3,0,0.0
충남,44,예산군,44810,신양중학교,,,UzEyMDAwMDY4OQ==,,,0,0,0,0,11,3,8,0,0.0
충남,44,예산군,44810,임성중학교,,,UzEyMDAwMDY5Mg==,,,0,0,0,0,13,9,4,0,0.0
충남,44,태안군,44825,태안중학교,,,UzEyMDAwMTEzMw==,,,1,0,2,0,143,143,0,1,0.7
충남,44,태안군,44825,태안여자중학교,,,UzEyMDAwMTEzMg==,,,0,0,0,0,115,0,115,0,0.0
충남,44,태안군,44825,근흥중학교,,,UzEyMDAwMTEyNA==,,,0,0,0,0,15,10,5,0,0.0
충남,44,태안군,44825,만리포중학교,,,UzEyMDAwMTEyNQ==,,,0,0,0,0,11,5,6,0,0.0
충남,44,태안군,44825,남면중학교,,,UzEyMDAwMTEyNg==,,,0,0,0,0,12,8,4,0,0.0
충남,44,태안군,44825,안면중학교,,,UzEyMDAwMTEyOA==,,,0,0,0,0,40,21,19,0,0.0
충남,44,태안군,44825,원이중학교,,,UzEyMDAwMTEyOQ==,,,0,0,0,2,39,19,20,0,0.0
충남,44,청양군,44790,청양중학교,,,UzEyMDAwMDgyNw==,,,0,0,0,0,83,43,40,0,0.0
충남,44,청양군,44790,동영중학교,,,UzEyMDAwMDgyMg==,,,0,0,0,2,6,4,2,0,0.0
충남,44,청양군,44790,정산중학교,,,UzEyMDAwMDgyNA==,,,0,0,1,0,49,25,24,0,0.0
충남,44,청양군,44790,청신여자중학교,,,UzEyMDAwMDgyNg==,,,0,0,0,2,16,0,16,0,0.0
전남,46,구례군,46730,구례여자중학교,,,UzE0MDAwMDYzOA==,,,1,0,0,0,63,0,63,1,1.59
전남,46,구례군,46730,구례중학교,,,UzE0MDAwMDYzOQ==,,,0,0,0,0,71,71,0,0,0.0
전남,46,구례군,46730,구례동중학교,,,UzE0MDAwMDYzNQ==,,,0,0,0,0,3,1,2,0,0.0
전남,46,구례군,46730,구례북중학교,,,UzE0MDAwMDYzNg==,,,0,0,0,0,5,2,3,0,0.0
전남,46,구례군,46730,구례산동중학교,,,UzE0MDAwMDYzNw==,,,0,0,0,0,11,4,7,0,0.0
전남,46,함평군,46860,함평중학교,,,UzE0MDAwMjEwMA==,,,1,0,0,0,93,70,23,1,1.08
전남,46,함평군,46860,함평손불중학교,,,UzE0MDAwMjA5Ng==,,,0,0,0,0,5,2,3,0,0.0
전남,46,함평군,46860,함평신광중학교,,,UzE0MDAwMjA5Nw==,,,0,0,0,0,2,2,0,0,0.0
전남,46,함평군,46860,함평여자중학교,,,UzE0MDAwMjA5OA==,,,0,0,0,0,23,0,23,0,0.0
전남,46,함평군,46860,함평월야중학교,,,UzE0MDAwMjA5OQ==,,,0,0,0,0,15,13,2,0,0.0
전남,46,함평군,46860,함평해보중학교,,,UzE0MDAwMjEwMQ==,,,0,0,0,0,9,4,5,0,0.0
전남,46,함평군,46860,나산실용예술중학교,,,UzE0MDAwNTU3OA==,,,0,0,0,0,23,7,16,0,0.0
전남,46,장성군,46880,장성중학교,,,UzE0MDAwMTkxOA==,,,1,0,0,0,57,57,0,1,1.75
전남,46,장성군,46880,장성여자중학교,,전남 장성군 장성읍,UzE0MDAwMTkxNw==,,,0,0,0,0,64,0,64,0,0.0
전남,46,장성군,46880,삼계중학교,,,UzE0MDAwMTkxMQ==,,,0,0,0,0,48,26,22,0,0.0
전남,46,장성군,46880,장성남중학교,,,UzE0MDAwMTkxMw==,,,0,0,0,1,46,25,21,0,0.0
전남,46,장성군,46880,장성백암중학교,,,UzE0MDAwMTkxNA==,,,0,0,0,0,31,18,13,0,0.0
전남,46,장성군,46880,장성삼서중학교,,,UzE0MDAwMTkxNQ==,,,0,0,0,0,10,7,3,0,0.0
전남,46,장성군,46880,장성황룡중학교,,,UzE0MDAwMTkxOQ==,,,0,0,0,0,14,11,3,0,0.0
전남,46,보성군,46780,보성여자중학교,,,UzE0MDAwMTAwNA==,,,0,0,0,0,53,0,53,0,0.0
전남,46,보성군,46780,용정중학교,,전남 보성군 미력면 용정리,UzE0MDAwNDg4Mw==,,,2,2,3,0,42,23,19,4,9.52
전남,46,보성군,46780,벌교여자중학교,,,UzE0MDAwMDk5OQ==,,,0,1,0,0,25,0,25,1,4.0
전남,46,보성군,46780,득량중학교,,,UzE0MDAwMDk5OA==,,,0,0,0,0,8,2,6,0,0.0
전남,46,보성군,46780,벌교중학교,,,UzE0MDAwMTAwMA==,,,0,0,0,0,14,14,0,0,0.0
전남,46,보성군,46780,보성복내중학교,,,UzE0MDAwMTAwMg==,,,0,0,0,0,15,8,7,0,0.0
전남,46,보성군,46780,보성중학교,,,UzE0MDAwMTAwNw==,,,0,0,0,0,45,45,0,0,0.0
전남,46,보성군,46780,보성회천중학교,,,UzE0MDAwMTAxMA==,,,0,0,0,0,3,1,2,0,0.0
전남,46,보성군,46780,삼광중학교,,,UzE0MDAwMTAxMQ==,,,0,0,0,0,13,13,0,0,0.0
전남,46,보성군,46780,예당중학교,,,UzE0MDAwMTAxMw==,,,0,0,0,0,18,12,6,0,0.0
전남,46,보성군,46780,조성중학교,,,UzE0MDAwMTAxNA==,,,0,0,0,0,5,2,3,0,0.0
전남,46,곡성군,46720,곡성중학교,,,UzE0MDAwMDQ5OQ==,,,0,1,0,0,90,54,36,1,1.11
전남,46,곡성군,46720,석곡중학교,,,UzE0MDAwMDUwMg==,,,0,0,0,0,14,10,4,0,0.0
전남,46,곡성군,46720,옥과중학교,,전남 곡성군 옥과면 율사리,UzE0MDAwMDUwMw==,,,0,0,0,0,45,22,23,0,0.0
전남,46,담양군,46710,담양중학교,,,UzE0MDAwMDc4MA==,,,2,0,0,0,77,77,0,2,2.6
전남,46,담양군,46710,담양여자중학교,,,UzE0MDAwMDc3OQ==,,,0,0,0,0,67,0,67,0,0.0
전남,46,담양군,46710,한재중학교,,,UzE0MDAwMDc4Mg==,,,2,0,0,0,33,13,20,2,6.06
전남,46,담양군,46710,담양고서중학교,,,UzE0MDAwMDc3Ng==,,,0,0,0,0,15,7,8,0,0.0
전남,46,담양군,46710,담양금성중학교,,,UzE0MDAwMDc3Nw==,,,0,0,0,0,5,3,2,0,0.0
전남,46,담양군,46710,담양수북중학교,,,UzE0MDAwMDc3OA==,,,0,0,0,0,30,15,15,0,0.0
전남,46,담양군,46710,창평중학교,,,UzE0MDAwMDc4MQ==,,,0,0,0,0,26,18,8,0,0.0
전남,46,영광군,46870,영광옥당중학교,,,UzE0MDAwMTY1OA==,,,1,0,0,0,125,0,125,1,0.8
전남,46,영광군,46870,영광중학교,,,UzE0MDAwMTY2MQ==,,,0,0,0,0,59,59,0,0,0.0
전남,46,영광군,46870,해룡중학교,,,UzE0MDAwMTY2Mw==,,,0,0,0,0,53,53,0,0,0.0
전남,46,영광군,46870,영광홍농중학교,,,UzE0MDAwMTY2Mg==,,,0,1,0,0,48,23,25,1,2.08
전남,46,영광군,46870,법성중학교,,,UzE0MDAwMTY0OQ==,,,0,0,0,0,20,11,9,0,0.0
전남,46,영광군,46870,성지송학중학교,,,UzE0MDAwMTY1MQ==,,,0,0,0,0,6,5,1,0,0.0
전남,46,영광군,46870,영광군남중학교,,,UzE0MDAwMTY1Mg==,,,0,0,0,0,12,7,5,0,0.0
전남,46,영광군,46870,영광대마중학교,,,UzE0MDAwMTY1Mw==,,,0,0,0,0,8,8,0,0,0.0
전남,46,영광군,46870,영광백수중학교,,,UzE0MDAwMTY1NQ==,,,0,0,0,0,10,6,4,0,0.0
전남,46,영광군,46870,영광염산중학교,,,UzE0MDAwMTY1OQ==,,,0,0,0,0,13,10,3,0,0.0
전남,46,장흥군,46800,장흥향원중학교,,,UzE0MDAwMTk2MQ==,,,0,2,0,0,64,0,64,2,3.12
전남,46,장흥군,46800,장흥중학교,,,UzE0MDAwMTk2NQ==,,,0,0,1,1,68,68,0,0,0.0
전남,46,장흥군,46800,대덕중학교,,,UzE0MDAwMTk1OA==,,,0,0,0,0,12,4,8,0,0.0
전남,46,장흥군,46800,장흥관산중학교,,,UzE0MDAwMTk1OQ==,,,0,0,0,0,29,14,15,0,0.0
전남,46,장흥군,46800,장흥안양중학교,,,UzE0MDAwMTk2MA==,,,0,0,0,0,7,5,2,0,0.0
전남,46,장흥군,46800,장흥용산중학교,,,UzE0MDAwMTk2Mg==,,,0,0,0,0,6,3,3,0,0.0
전남,46,장흥군,46800,장흥유치중학교,,,UzE0MDAwMTk2Mw==,,,0,0,0,0,4,3,1,0,0.0
전남,46,장흥군,46800,장흥장평중학교,,,UzE0MDAwMTk2NA==,,,0,0,0,0,7,1,6,0,0.0
전남,46,장흥군,46800,장흥회덕중학교,,,UzE0MDAwMTk2Ng==,,,0,0,0,0,11,6,5,0,0.0
전남,46,화순군,46790,능주중학교,,,UzE0MDAwMjI1NQ==,,,0,1,0,0,56,29,27,1,1.79
전남,46,화순군,46790,화순제일중학교,,,UzE0MDAwMjI2Ng==,,,0,0,1,0,171,85,86,0,0.0
전남,46,화순군,46790,화순중학교,,,UzE0MDAwMjI2Nw==,,,0,0,0,1,206,106,100,0,0.0
전남,46,화순군,46790,화순도곡중학교,,,UzE0MDAwMjI1Nw==,,,0,0,0,0,19,13,6,0,0.0
전남,46,화순군,46790,화순도암중학교,,,UzE0MDAwMjI1OA==,,,0,0,0,0,1,1,0,0,0.0
전남,46,화순군,46790,화순동면중학교,,,UzE0MDAwMjI1OQ==,,,0,0,0,0,7,5,2,0,0.0
전남,46,화순군,46790,화순동복중학교,,,UzE0MDAwMjI2MQ==,,,0,0,0,0,5,3,2,0,0.0
전남,46,화순군,46790,화순북면중학교,,,UzE0MDAwMjI2Mg==,,,0,0,0,0,4,2,2,0,0.0
전남,46,화순군,46790,화순사평중학교,,,UzE0MDAwMjI2Mw==,,,0,0,0,0,3,2,1,0,0.0
전남,46,화순군,46790,화순이양중학교,,,UzE0MDAwMjI2NQ==,,,0,0,0,0,5,3,2,0,0.0
전남,46,순천시,46150,순천왕운중학교,,,UzE0MDAwNTQ1MQ==,,,4,1,5,0,221,116,105,5,2.26
전남,46,순천시,46150,순천이수중학교,,,UzE0MDAwMTA5NQ==,,,0,1,0,0,52,52,0,1,1.92
전남,46,순천시,46150,순천매산중학교,,,UzE0MDAwMTA4NA==,,,2,2,0,2,226,147,79,4,1.77
전남,46,순천시,46150,순천왕의중학교,,,UzE0MDAwNTMxNw==,,,3,0,0,0,173,86,87,3,1.73
전남,46,순천시,46150,순천향림중학교,,,UzE0MDAwNDg5Mw==,,,2,1,2,2,201,116,85,3,1.49
전남,46,순천시,46150,순천풍덕중학교,,전남 순천시 풍덕동,UzE0MDAwNDg5Mg==,,,1,1,1,1,146,76,70,2,1.37
전남,46,순천시,46150,순천세빛중학교,,,UzE0MDAwMTA5MQ==,,,1,0,2,0,85,0,85,1,1.18
전남,46,순천시,46150,순천삼산중학교,,,UzE0MDAwMTA4Ng==,,,1,2,0,0,261,144,117,3,1.15
전남,46,순천시,46150,순천금당중학교,,,UzE0MDAwMTA4MA==,,,0,2,1,1,230,107,123,2,0.87
전남,46,순천시,46150,순천승평중학교,,,UzE0MDAwMTA4OQ==,,,1,1,3,0,264,137,127,2,0.76
전남,46,순천시,46150,순천팔마중학교,,,UzE0MDAwMTA5Nw==,,,0,1,1,0,205,88,117,1,0.49
전남,46,순천시,46150,순천남산중학교,,,UzE0MDAwMTA4Mg==,,,1,0,1,2,229,109,120,1,0.44
전남,46,순천시,46150,순천동산중학교,,,UzE0MDAwMTA4Mw==,,,0,0,0,1,57,0,57,0,0.0
전남,46,순천시,46150,순천신흥중학교,,,UzE0MDAwMTA5MA==,,,0,0,0,0,113,63,50,0,0.0
전남,46,순천시,46150,순천연향중학교,,,UzE0MDAwMTA5Mg==,,,0,0,0,0,184,113,71,0,0.0
전남,46,순천시,46150,순천별량중학교,,,UzE0MDAwMTA4NQ==,,,1,1,0,2,41,21,20,2,4.88
전남,46,순천시,46150,순천낙안중학교,,,UzE0MDAwMTA4MQ==,,,0,0,0,0,12,9,3,0,0.0
전남,46,순천시,46150,순천승남중학교,,,UzE0MDAwMTA4Nw==,,,0,0,0,0,5,3,2,0,0.0
전남,46,순천시,46150,순천승주중학교,,,UzE0MDAwMTA4OA==,,,0,0,0,0,8,4,4,0,0.0
전남,46,순천시,46150,순천월전중학교,,,UzE0MDAwMTA5NA==,,,0,0,0,0,13,4,9,0,0.0
전남,46,순천시,46150,순천주암중학교,,,UzE0MDAwMTA5Ng==,,,0,0,0,0,6,4,2,0,0.0
전남,46,순천시,46150,한국바둑중학교,,,UzE0MDAwNTU2NA==,,,0,0,0,0,18,13,5,0,0.0
전남,46,무안군,46840,무안행복중학교,,,UzE0MDAwNTU4Ng==,,,0,3,0,0,170,74,96,3,1.76
전남,46,무안군,46840,남악중학교,,전남 무안군 삼향면 남악리,UzE0MDAwNTM0NQ==,,,1,2,1,1,255,134,121,3,1.18
전남,46,무안군,46840,오룡중학교,,,UzE0MDAwNTQ3Mw==,,,0,2,0,0,217,111,106,2,0.92
전남,46,무안군,46840,무안북중학교,,,UzE0MDAwMDkyNw==,,,0,0,0,0,102,58,44,0,0.0
전남,46,무안군,46840,망운중학교,,,UzE0MDAwMDkyNQ==,,,0,0,0,0,18,9,9,0,0.0
전남,46,무안군,46840,무안몽탄중학교,,,UzE0MDAwMDkyNg==,,,0,0,0,0,12,7,5,0,0.0
전남,46,무안군,46840,무안중학교,,,UzE0MDAwMDkyOQ==,,,0,0,0,0,32,14,18,0,0.0
전남,46,무안군,46840,무안청계중학교,,,UzE0MDAwMDkzMA==,,,0,0,0,0,25,16,9,0,0.0
전남,46,무안군,46840,무안현경중학교,,,UzE0MDAwMDkzMQ==,,,0,0,0,0,20,9,11,0,0.0
전남,46,무안군,46840,전남체육중학교,,,UzE0MDAwMDkzMg==,,,0,0,0,0,37,27,10,0,0.0
전남,46,무안군,46840,해제중학교,,,UzE0MDAwMDkzMw==,,,0,0,0,0,16,9,7,0,0.0
전남,46,강진군,46810,강진여자중학교,,,UzE0MDAwMDM0MQ==,,,0,2,0,0,67,0,67,2,2.99
전남,46,강진군,46810,강진중학교,,,UzE0MDAwMDM0Mw==,,,0,0,0,0,68,68,0,0,0.0
전남,46,강진군,46810,청람중학교,,,UzE0MDAwNTQ5Ng==,,,0,1,0,0,35,15,20,1,2.86
전남,46,강진군,46810,강진대구중학교,,,UzE0MDAwMDM0MA==,,,0,0,0,0,4,2,2,0,0.0
전남,46,강진군,46810,강진작천중학교,,,UzE0MDAwMDM0Mg==,,,0,0,0,0,6,2,4,0,0.0
전남,46,강진군,46810,강진칠량중학교,,,UzE0MDAwMDM0NA==,,,0,0,0,0,4,4,0,0,0.0
전남,46,강진군,46810,도암중학교,,,UzE0MDAwMDM0NQ==,,,0,0,0,0,10,4,6,0,0.0
전남,46,강진군,46810,병영중학교,,,UzE0MDAwMDM0Ng==,,,0,0,0,0,14,7,7,0,0.0
전남,46,강진군,46810,성전중학교,,,UzE0MDAwMDM0Nw==,,,0,0,0,0,12,7,5,0,0.0
전남,46,광양시,46230,광양제철중학교,,전남 광양시 금호동,UzE0MDAwMDU0Ng==,,,2,1,92,0,135,63,72,3,2.22
전남,46,광양시,46230,광양중동중학교,,,UzE0MDAwMDU0Nw==,,,0,1,0,0,105,44,61,1,0.95
전남,46,광양시,46230,광양백운중학교,,,UzE0MDAwNTMzNg==,,,0,2,2,0,214,117,97,2,0.93
전남,46,광양시,46230,광양마동중학교,,,UzE0MDAwNTUxNg==,,,1,0,9,0,183,91,92,1,0.55
전남,46,광양시,46230,희양중학교,,,UzE0MDAwMDU0NA==,,,0,0,0,0,113,0,113,0,0.0
전남,46,광양시,46230,광양중학교,,,UzE0MDAwMDU0OA==,,,0,0,0,2,125,125,0,0,0.0
전남,46,광양시,46230,광영중학교,,,UzE0MDAwMDU1Mw==,,,0,0,0,0,111,54,57,0,0.0
전남,46,광양시,46230,동광양중학교,,,UzE0MDAwMDU1NA==,,,0,0,0,1,169,81,88,0,0.0
전남,46,광양시,46230,광양용강중학교,,,UzE0MDAwNTUyNw==,,,0,0,0,0,223,116,107,0,0.0
전남,46,광양시,46230,광양골약중학교,,전남 광양시 성황동,UzE0MDAwMDU0Mg==,,,0,0,3,0,35,20,15,0,0.0
전남,46,광양시,46230,광양다압중학교,,,UzE0MDAwMDU0Mw==,,,0,0,0,0,5,3,2,0,0.0
전남,46,광양시,46230,광양진월중학교,,,UzE0MDAwMDU1MQ==,,,0,0,0,0,11,6,5,0,0.0
전남,46,광양시,46230,옥곡중학교,,,UzE0MDAwMDU1NQ==,,,0,0,0,0,12,3,9,0,0.0
전남,46,광양시,46230,진상중학교,,,UzE0MDAwMDU1Ng==,,,0,0,0,0,11,6,5,0,0.0
전남,46,나주시,46170,매성중학교,,,UzE0MDAwNTU3Mw==,,,2,5,0,1,181,89,92,7,3.87
전남,46,나주시,46170,빛가람중학교,,,UzE0MDAwNTQ1Nw==,,,0,6,0,0,182,86,96,6,3.3
전남,46,나주시,46170,나주금천중학교,,,UzE0MDAwMDY3NA==,,,0,1,0,1,147,72,75,1,0.68
전남,46,나주시,46170,나주중학교,,,UzE0MDAwMDY4Mg==,,,0,0,0,0,116,48,68,0,0.0
전남,46,나주시,46170,남평중학교,,,UzE0MDAwMDY4Mw==,,,0,0,0,1,79,36,43,0,0.0
전남,46,나주시,46170,영산포여자중학교,,,UzE0MDAwMDY4OA==,,,0,2,0,0,33,0,33,2,6.06
전남,46,나주시,46170,금성중학교,,,UzE0MDAwMDY3MQ==,,,0,0,0,0,48,48,0,0,0.0
전남,46,나주시,46170,나주공산중학교,,,UzE0MDAwMDY3Mg==,,,0,0,0,0,5,3,2,0,0.0
전남,46,나주시,46170,나주다시중학교,,,UzE0MDAwMDY3NQ==,,,0,0,0,0,11,8,3,0,0.0
전남,46,나주시,46170,나주동강중학교,,전남 나주시 동강면 인동리,UzE0MDAwMDY3Ng==,,,0,0,0,0,6,5,1,0,0.0
전남,46,나주시,46170,나주문평중학교,,,UzE0MDAwMDY3Nw==,,,0,0,0,1,5,3,2,0,0.0
전남,46,나주시,46170,나주반남중학교,,,UzE0MDAwMDY3OA==,,,0,0,0,0,8,3,5,0,0.0
전남,46,나주시,46170,나주봉황중학교,,,UzE0MDAwMDY3OQ==,,,0,0,0,0,9,4,5,0,0.0
전남,46,나주시,46170,노안중학교,,,UzE0MDAwMDY4NQ==,,,0,0,0,0,10,3,7,0,0.0
전남,46,나주시,46170,세지중학교,,,UzE0MDAwMDY4Nw==,,,0,0,0,0,33,21,12,0,0.0
전남,46,나주시,46170,영산중학교,,,UzE0MDAwMDY4OQ==,,,0,0,0,0,35,35,0,0,0.0
전남,46,나주시,46170,남평중학교다도분교장,,,UzE0MDAwMzQ3NQ==,,,0,0,0,0,8,2,6,0,0.0
전남,46,여수시,46130,여수중앙중학교,,,UzE0MDAwMTM3Nw==,,,0,3,1,0,75,0,75,3,4.0
전남,46,여수시,46130,안산중학교,,,UzE0MDAwNTMxNQ==,,,3,1,2,2,172,89,83,4,2.33
전남,46,여수시,46130,여수문수중학교,,,UzE0MDAwMTM3NA==,,,2,1,1,2,178,91,87,3,1.69
전남,46,여수시,46130,여수웅천중학교,,,UzE0MDAwNTUyOA==,,,1,2,3,0,235,115,120,3,1.28
전남,46,여수시,46130,여도중학교,,,UzE0MDAwMTU2MQ==,,,2,0,5,0,170,89,81,2,1.18
전남,46,여수시,46130,충덕중학교,,,UzE0MDAwMTM4NA==,,,1,0,0,0,86,86,0,1,1.16
전남,46,여수시,46130,여수삼일중학교,,,UzE0MDAwNTQ2Ng==,,,0,2,2,0,172,83,89,2,1.16
전남,46,여수시,46130,여수종고중학교,,,UzE0MDAwMTM3Ng==,,,1,0,4,0,96,96,0,1,1.04
전남,46,여수시,46130,여수진남중학교,,,UzE0MDAwMTM4Mg==,,,0,1,0,0,103,0,103,1,0.97
전남,46,여수시,46130,여수아리울중학교,,,UzE0MDAwMTM3NQ==,,,0,1,1,0,109,0,109,1,0.92
전남,46,여수시,46130,무선중학교,,,UzE0MDAwMTM2Nw==,,,0,0,0,0,100,54,46,0,0.0
전남,46,여수시,46130,여선중학교,,,UzE0MDAwMTM3MQ==,,,0,0,0,0,138,67,71,0,0.0
전남,46,여수시,46130,여수구봉중학교,,,UzE0MDAwMTM3Mw==,,,0,0,0,0,104,104,0,0,0.0
전남,46,여수시,46130,여수중학교,,,UzE0MDAwMTM3OA==,,,0,0,0,0,107,107,0,0,0.0
전남,46,여수시,46130,여수진성중학교,,,UzE0MDAwMTM4Mw==,,,0,0,1,0,106,0,106,0,0.0
전남,46,여수시,46130,여천중학교,,,UzE0MDAwMzk0OA==,,,0,0,0,0,177,90,87,0,0.0
전남,46,여수시,46130,화양중학교화양남분교장,,,UzE0MDAwMzk0MQ==,,,0,1,0,0,5,0,5,1,20.0
전남,46,여수시,46130,돌산중앙중학교,,,UzE0MDAwMTM2NQ==,,,0,0,0,0,7,4,3,0,0.0
전남,46,여수시,46130,여수개도중학교,,,UzE0MDAwMTM3Mg==,,,0,0,0,0,3,1,2,0,0.0
전남,46,여수시,46130,율촌중학교,,,UzE0MDAwMTM4MQ==,,,0,0,0,0,22,8,14,0,0.0
전남,46,여수시,46130,화양중학교,,,UzE0MDAwMTM4NQ==,,,0,0,0,0,27,13,14,0,0.0
전남,46,여수시,46130,여양중학교,,,UzE0MDAwMTU2Mg==,,,0,0,0,0,15,8,7,0,0.0
전남,46,여수시,46130,거문중학교,,,UzE0MDAwMzI0Ng==,,,0,0,0,0,4,4,0,0,0.0
전남,46,여수시,46130,돌산중학교,,,UzE0MDAwMzkzNw==,,,0,0,0,0,2,0,2,0,0.0
전남,46,여수시,46130,여남중학교,,,UzE0MDAwMzk0MA==,,,0,0,0,0,7,1,6,0,0.0
전남,46,진도군,46900,진도중학교,,,UzE0MDAwMjAyMA==,,,1,0,0,0,101,47,54,1,0.99
전남,46,진도군,46900,고성중학교,,,UzE0MDAwMjAxNA==,,,0,0,0,0,14,9,5,0,0.0
전남,46,진도군,46900,석교중학교,,,UzE0MDAwMjAxNQ==,,,0,0,0,0,6,2,4,0,0.0
전남,46,진도군,46900,의신중학교,,,UzE0MDAwMjAxNg==,,,0,0,0,0,10,7,3,0,0.0
전남,46,진도군,46900,조도중학교,,,UzE0MDAwMjAxNw==,,,0,0,0,0,17,8,9,0,0.0
전남,46,진도군,46900,진도군내중학교,,,UzE0MDAwMjAxOQ==,,,0,0,0,0,11,4,7,0,0.0
전남,46,진도군,46900,진도지산중학교,,,UzE0MDAwMjAyMQ==,,,0,0,0,1,21,11,10,0,0.0
전남,46,완도군,46890,완도여자중학교,,,UzE0MDAwMTgxMQ==,,,0,1,0,1,75,0,75,1,1.33
전남,46,완도군,46890,완도중학교,,,UzE0MDAwMTgxMg==,,,0,0,0,0,78,78,0,0,0.0
전남,46,완도군,46890,고금중학교,,,UzE0MDAwMTgwMA==,,,0,1,0,0,25,10,15,1,4.0
전남,46,완도군,46890,노화중학교,,,UzE0MDAwMTgwNQ==,,,1,0,0,0,36,22,14,1,2.78
전남,46,완도군,46890,군외중학교,,,UzE0MDAwMTgwMQ==,,,0,0,0,1,5,1,4,0,0.0
전남,46,완도군,46890,금당중학교,,,UzE0MDAwMTgwMg==,,,0,0,0,0,2,1,1,0,0.0
전남,46,완도군,46890,금일중학교,,,UzE0MDAwMTgwMw==,,,0,0,0,0,15,7,8,0,0.0
전남,46,완도군,46890,소안중학교,,,UzE0MDAwMTgwNw==,,,0,0,0,0,12,5,7,0,0.0
전남,46,완도군,46890,약산중학교,,,UzE0MDAwMTgwOA==,,,0,0,0,0,7,4,3,0,0.0
전남,46,완도군,46890,완도보길중학교,,,UzE0MDAwMTgwOQ==,,,0,0,0,0,18,9,9,0,0.0
전남,46,완도군,46890,완도신지중학교,,,UzE0MDAwMTgxMA==,,,0,0,0,0,13,9,4,0,0.0
전남,46,완도군,46890,청산중학교,,,UzE0MDAwMTgxMw==,,,0,0,0,0,8,4,4,0,0.0
전남,46,완도군,46890,금일중학교생일분교장,,,UzE0MDAwMzY5MA==,,,0,0,0,0,3,3,0,0,0.0
전남,46,신안군,46910,비금중학교,,,UzE0MDAwMTIyNw==,,,1,0,0,0,29,11,18,1,3.45
전남,46,신안군,46910,신안신의중학교,,,UzE0MDAwMTIyOA==,,,0,0,0,0,8,5,3,0,0.0
전남,46,신안군,46910,신안증도중학교,,,UzE0MDAwMTIyOQ==,,,0,0,0,0,5,2,3,0,0.0
전남,46,신안군,46910,신안흑산중학교,,,UzE0MDAwMTIzMg==,,,0,0,0,0,5,1,4,0,0.0
전남,46,신안군,46910,안좌중학교,,,UzE0MDAwMTIzMw==,,,0,0,0,0,9,5,4,0,0.0
전남,46,신안군,46910,암태중학교,,,UzE0MDAwMTIzNA==,,,0,0,0,0,9,7,2,0,0.0
전남,46,신안군,46910,압해중학교,,,UzE0MDAwMTIzNQ==,,,0,0,0,0,16,9,7,0,0.0
전남,46,신안군,46910,임자중학교,,,UzE0MDAwMTIzNg==,,,0,0,0,0,19,11,8,0,0.0
전남,46,신안군,46910,자은중학교,,,UzE0MDAwMTIzNw==,,,0,0,0,0,7,4,3,0,0.0
전남,46,신안군,46910,장산중학교,,,UzE0MDAwMTIzOA==,,,0,0,0,0,4,1,3,0,0.0
전남,46,신안군,46910,지명중학교,,,UzE0MDAwMTIzOQ==,,,0,0,0,0,16,6,10,0,0.0
전남,46,신안군,46910,하의중학교,,,UzE0MDAwMTI0MA==,,,0,0,0,0,1,1,0,0,0.0
전남,46,고흥군,46770,고흥여자중학교,,,UzE0MDAwMDM5Mg==,,,0,0,0,0,73,0,73,0,0.0
전남,46,고흥군,46770,고흥중학교,,,UzE0MDAwMDM5NQ==,,,0,0,0,1,78,78,0,0,0.0
전남,46,고흥군,46770,녹동중학교,,,UzE0MDAwMDQwMA==,,,0,0,0,0,60,28,32,0,0.0
전남,46,고흥군,46770,금산중학교,,,UzE0MDAwMDM5OQ==,,,0,1,0,0,8,4,4,1,12.5
전남,46,고흥군,46770,고흥과역중학교,,,UzE0MDAwMDM4NA==,,,0,0,0,0,4,2,2,0,0.0
전남,46,고흥군,46770,고흥남양중학교,,,UzE0MDAwMDM4NQ==,,,0,0,0,0,5,3,2,0,0.0
전남,46,고흥군,46770,고흥대서중학교,,,UzE0MDAwMDM4Ng==,,,0,0,0,0,8,8,0,0,0.0
전남,46,고흥군,46770,고흥도덕중학교,,,UzE0MDAwMDM4Nw==,,,0,0,0,0,13,7,6,0,0.0
전남,46,고흥군,46770,고흥도화중학교,,,UzE0MDAwMDM4OA==,,,0,0,0,0,3,0,3,0,0.0
전남,46,고흥군,46770,고흥백양중학교,,,UzE0MDAwMDM5MQ==,,,0,0,0,0,4,2,2,0,0.0
전남,46,고흥군,46770,고흥점암중앙중학교,,,UzE0MDAwMDM5NA==,,,0,0,0,0,8,4,4,0,0.0
전남,46,고흥군,46770,고흥풍양중학교,,,UzE0MDAwMDM5Nw==,,,0,0,0,0,12,8,4,0,0.0
전남,46,고흥군,46770,동강중학교,,,UzE0MDAwMDQwMQ==,,,0,0,0,0,10,4,6,0,0.0
전남,46,고흥군,46770,봉래중학교,,,UzE0MDAwMDQwMg==,,,0,0,0,0,6,4,2,0,0.0
전남,46,고흥군,46770,포두중학교,,,UzE0MDAwMDQwNQ==,,,0,0,0,0,13,7,6,0,0.0
전남,46,목포시,46110,목포애향중학교,,,UzE0MDAwNTQzNw==,,,3,4,0,0,230,116,114,7,3.04
전남,46,목포시,46110,목포유달중학교,,전남 목포시 산정동,UzE0MDAwMDgzMg==,,,1,1,0,0,109,84,25,2,1.83
전남,46,목포시,46110,목포옥암중학교,,전남 목포시 옥암동,UzE0MDAwNTM0Mw==,,,1,1,1,0,223,118,105,2,0.9
전남,46,목포시,46110,목포청호중학교,,,UzE0MDAwMDgzNw==,,,0,1,0,1,115,84,31,1,0.87
전남,46,목포시,46110,목포덕인중학교,,,UzE0MDAwMDgyNw==,,,0,0,0,0,143,143,0,0,0.0
전남,46,목포시,46110,목포영화중학교,,,UzE0MDAwMDgzMA==,,,0,0,0,0,160,82,78,0,0.0
전남,46,목포시,46110,목포정명여자중학교,,,UzE0MDAwMDgzMw==,,,0,0,0,0,157,0,157,0,0.0
전남,46,목포시,46110,목포제일중학교,,,UzE0MDAwMDgzNQ==,,,0,0,0,0,119,119,0,0,0.0
전남,46,목포시,46110,목포중앙여자중학교,,,UzE0MDAwMDgzNg==,,,0,0,0,0,160,0,160,0,0.0
전남,46,목포시,46110,목포혜인여자중학교,,,UzE0MDAwMDgzOQ==,,,0,0,0,0,160,0,160,0,0.0
전남,46,목포시,46110,목포홍일중학교,,,UzE0MDAwMDg0MQ==,,,0,0,0,0,172,172,0,0,0.0
전남,46,목포시,46110,문태중학교,,,UzE0MDAwMDg0Mg==,,,0,0,0,0,175,87,88,0,0.0
전남,46,목포시,46110,영흥중학교,,,UzE0MDAwMDg0Mw==,,,0,0,0,0,203,115,88,0,0.0
전남,46,목포시,46110,목포하당중학교,,,UzE0MDAwNTMxMg==,,,0,0,0,0,173,117,56,0,0.0
전남,46,목포시,46110,목포여자중학교,,,UzE0MDAwMDgyOQ==,,,0,0,0,0,42,0,42,0,0.0
전남,46,목포시,46110,목포항도여자중학교,,,UzE0MDAwMDgzOA==,,,0,0,0,1,40,0,40,0,0.0
전남,46,해남군,46820,해남제일중학교,,,UzE0MDAwMjE1MQ==,,,3,0,0,0,152,79,73,3,1.97
전남,46,해남군,46820,해남중학교,,,UzE0MDAwMjE1Mw==,,,0,0,0,0,129,66,63,0,0.0
전남,46,해남군,46820,두륜중학교,,,UzE0MDAwMjE0Mw==,,,0,0,0,0,15,7,8,0,0.0
전남,46,해남군,46820,북평중학교,,,UzE0MDAwMjE0NA==,,,0,0,0,0,7,4,3,0,0.0
전남,46,해남군,46820,산이중학교,,,UzE0MDAwMjE0NQ==,,,0,0,0,0,13,9,4,0,0.0
전남,46,해남군,46820,송지중학교,,,UzE0MDAwMjE0Ng==,,,0,0,0,0,27,14,13,0,0.0
전남,46,해남군,46820,우수영중학교,,,UzE0MDAwMjE0OA==,,,0,0,0,0,25,14,11,0,0.0
전남,46,해남군,46820,현산중학교,,,UzE0MDAwMjE1NA==,,,0,0,0,0,4,0,4,0,0.0
전남,46,해남군,46820,화산중학교,,,UzE0MDAwMjE1NQ==,,,0,0,0,0,3,3,0,0,0.0
전남,46,해남군,46820,화원중학교,,,UzE0MDAwMjE1Ng==,,,0,0,0,0,21,7,14,0,0.0
전남,46,해남군,46820,황산중학교,,,UzE0MDAwMjE1Nw==,,,0,0,0,0,16,8,8,0,0.0
전남,46,영암군,46830,삼호서중학교,,,UzE0MDAwMTczMw==,,,0,0,0,0,63,32,31,0,0.0
전남,46,영암군,46830,삼호중학교,,,UzE0MDAwMTczNA==,,,0,0,0,4,182,92,90,0,0.0
전남,46,영암군,46830,구림중학교,,,UzE0MDAwMTczMg==,,,0,0,0,0,6,5,1,0,0.0
전남,46,영암군,46830,시종중학교,,,UzE0MDAwMTczNQ==,,,0,0,0,0,5,2,3,0,0.0
전남,46,영암군,46830,신북중학교,,,UzE0MDAwMTczNg==,,,0,0,0,0,10,5,5,0,0.0
전남,46,영암군,46830,영암금정중학교,,,UzE0MDAwMTczNw==,,,0,0,0,0,5,2,3,0,0.0
전남,46,영암군,46830,영암낭주중학교,,,UzE0MDAwMTczOA==,,,0,0,0,0,12,8,4,0,0.0
전남,46,영암군,46830,영암도포중학교,,,UzE0MDAwMTczOQ==,,,0,0,0,0,3,2,1,0,0.0
전남,46,영암군,46830,영암서호중학교,,,UzE0MDAwMTc0MQ==,,,0,0,0,0,7,3,4,0,0.0
전남,46,영암군,46830,영암여자중학교,,,UzE0MDAwMTc0Mg==,,,0,0,0,0,46,0,46,0,0.0
전남,46,영암군,46830,영암중학교,,,UzE0MDAwMTc0Mw==,,,0,0,0,0,36,36,0,0,0.0
경북,47,봉화군,47920,봉화중학교,,,UzE1MDAwMTkwOQ==,,,2,1,0,0,84,47,37,3,3.57
경북,47,봉화군,47920,물야중학교,,,UzE1MDAwMTkwNg==,,,0,0,0,0,2,1,1,0,0.0
경북,47,봉화군,47920,석포중학교,,경북 봉화군 석포면 석포리,UzE1MDAwMTkxMw==,,,0,0,0,0,10,6,4,0,0.0
경북,47,봉화군,47920,소천중학교,,,UzE1MDAwMTkxNA==,,,0,0,0,0,2,2,0,0,0.0
경북,47,봉화군,47920,춘양중학교,,경북 봉화군 춘양면 서동리,UzE1MDAwMTkxNw==,,,0,0,0,0,10,7,3,0,0.0
경북,47,봉화군,47920,춘양중학교서벽분교장,,,UzE1MDAwMTkxOA==,,,0,0,0,0,2,0,2,0,0.0
경북,47,봉화군,47920,청량중학교,,,UzE1MDAwNjQ5NQ==,,,0,0,0,1,23,16,7,0,0.0
경북,47,문경시,47280,문경여자중학교,,경북 문경시 모전동,UzE1MDAwMTc4NA==,,,0,5,0,0,170,0,170,5,2.94
경북,47,문경시,47280,점촌중학교,,경북 문경시 모전동,UzE1MDAwMTc4OQ==,,,0,1,0,0,93,93,0,1,1.08
경북,47,문경시,47280,문경중학교,,경북 문경시 흥덕동,UzE1MDAwMTc4NQ==,,,0,0,0,1,94,94,0,0,0.0
경북,47,문경시,47280,가은중학교,,,UzE1MDAwMTc4MA==,,,0,0,0,0,15,9,6,0,0.0
경북,47,문경시,47280,동로중학교,,,UzE1MDAwMTc4MQ==,,,0,0,0,0,5,3,2,0,0.0
경북,47,문경시,47280,마성중학교,,,UzE1MDAwMTc4Mg==,,,0,0,0,0,6,5,1,0,0.0
경북,47,문경시,47280,문경서중학교,,,UzE1MDAwMTc4Mw==,,,0,0,0,0,26,15,11,0,0.0
경북,47,문경시,47280,산북중학교,,,UzE1MDAwMTc4Ng==,,,0,0,0,0,8,5,3,0,0.0
경북,47,문경시,47280,산양중학교,,,UzE1MDAwMTc4Nw==,,,0,0,0,0,7,4,3,0,0.0
경북,47,북구,47113,양덕중학교,,,UzE1MDAwNjUxOA==,,,5,3,5,1,222,118,104,8,3.6
경북,47,북구,47113,환호여자중학교,,경북 포항시 북구 환호동,UzE1MDAwMzU0Nw==,,,2,4,1,0,240,0,240,6,2.5
경북,47,북구,47113,장흥중학교,,,UzE1MDAwNjMyMQ==,,,2,2,1,0,209,99,110,4,1.91
경북,47,북구,47113,청하중학교,,경북 포항시 북구 청하면 덕성1리,UzE1MDAwMzUzOQ==,,,0,1,0,1,54,22,32,1,1.85
경북,47,북구,47113,대도중학교,,,UzE1MDAwMzUxOA==,,,4,0,4,1,234,234,0,4,1.71
경북,47,북구,47113,대동중학교,,,UzE1MDAwMzUxOQ==,,,2,0,1,0,128,128,0,2,1.56
경북,47,북구,47113,창포중학교,,,UzE1MDAwMzUzOA==,,,0,2,2,2,210,79,131,2,0.95
경북,47,북구,47113,포항영신중학교,,,UzE1MDAwMzU0Mg==,,,0,1,2,0,105,105,0,1,0.95
경북,47,북구,47113,흥해중학교,,,UzE1MDAwMzU0OA==,,,1,0,1,0,146,68,78,1,0.68
경북,47,북구,47113,포항여자중학교,,,UzE1MDAwMzU0MQ==,,,0,1,0,0,201,0,201,1,0.5
경북,47,북구,47113,대흥중학교,,,UzE1MDAwMzUyMg==,,,0,0,1,3,153,91,62,0,0.0
경북,47,북구,47113,동지여자중학교,,,UzE1MDAwMzUyMw==,,,0,0,0,0,61,0,61,0,0.0
경북,47,북구,47113,동지중학교,,,UzE1MDAwMzUyNA==,,,0,0,1,0,85,85,0,0,0.0
경북,47,북구,47113,양학중학교,,경북 포항시 북구 득량동,UzE1MDAwMzUzMg==,,,0,0,1,0,109,51,58,0,0.0
경북,47,북구,47113,포항중학교,,,UzE1MDAwMzU0NA==,,,0,0,0,0,128,128,0,0,0.0
경북,47,북구,47113,포항항도중학교,,,UzE1MDAwMzU0Ng==,,,0,0,2,0,86,25,61,0,0.0
경북,47,북구,47113,기계중학교,,,UzE1MDAwMzUxMw==,,,0,0,0,0,8,3,5,0,0.0
경북,47,북구,47113,기계중학교기북분교장,,,UzE1MDAwMzUxNA==,,,0,0,0,0,2,1,1,0,0.0
경북,47,북구,47113,송라중학교,,,UzE1MDAwMzUyOA==,,,0,0,0,0,3,1,2,0,0.0
경북,47,북구,47113,신광중학교,,,UzE1MDAwMzUyOQ==,,,0,0,0,0,7,3,4,0,0.0
경북,47,북구,47113,서포중학교,,,UzE1MDAwMzUzNw==,,,0,0,0,0,8,6,2,0,0.0
경북,47,안동시,47170,경안여자중학교,,,UzE1MDAwMjI3MA==,,,1,2,0,0,148,0,148,3,2.03
경북,47,안동시,47170,경덕중학교,,,UzE1MDAwMjI2OQ==,,,2,0,2,0,155,155,0,2,1.29
경북,47,안동시,47170,경안중학교,,경북 안동시 송현동,UzE1MDAwMjI3MQ==,,,0,1,2,0,152,152,0,1,0.66
경북,47,안동시,47170,안동중학교,,경북 안동시 태화동,UzE1MDAwMjI4MQ==,,,1,0,3,0,164,164,0,1,0.61
경북,47,안동시,47170,길주중학교,,,UzE1MDAwMjI3Mw==,,,1,0,0,1,190,101,89,1,0.53
경북,47,안동시,47170,풍천중학교,,,UzE1MDAwMjI5MQ==,,,1,0,1,1,279,140,139,1,0.36
경북,47,안동시,47170,복주여자중학교,,경북 안동시 당북동,UzE1MDAwMjI3Nw==,,,0,0,0,0,146,0,146,0,0.0
경북,47,안동시,47170,안동여자중학교,,경북 안동시 법상동,UzE1MDAwMjI4MA==,,,0,0,0,0,143,0,143,0,0.0
경북,47,안동시,47170,풍산중학교,,경북 안동시 풍산읍 안교리,UzE1MDAwMjI5MA==,,,0,0,0,0,72,37,35,0,0.0
경북,47,안동시,47170,길안중학교,,,UzE1MDAwMjI3Mg==,,,0,0,0,0,11,4,7,0,0.0
경북,47,안동시,47170,북후중학교,,,UzE1MDAwMjI3OA==,,,0,0,0,0,4,4,0,0,0.0
경북,47,안동시,47170,일직중학교,,경북 안동시 일직면 귀미리,UzE1MDAwMjI4Nw==,,,0,0,0,1,21,16,5,0,0.0
경북,47,안동시,47170,웅부중학교,,,UzE1MDAwNjQ5Ng==,,,0,0,0,1,18,14,4,0,0.0
경북,47,청송군,47750,구천중학교,,,UzE1MDAwMzM2OA==,,,0,0,0,0,5,1,4,0,0.0
경북,47,청송군,47750,안덕중학교,,,UzE1MDAwMzM3MQ==,,,0,0,0,0,6,3,3,0,0.0
경북,47,청송군,47750,진성중학교,,,UzE1MDAwMzM3Mw==,,,0,0,0,0,4,4,0,0,0.0
경북,47,청송군,47750,청송여자중학교,,,UzE1MDAwMzM3NA==,,,0,0,0,0,28,0,28,0,0.0
경북,47,청송군,47750,청송중학교,,,UzE1MDAwMzM3NQ==,,,0,0,0,1,24,24,0,0,0.0
경북,47,청송군,47750,청송중학교부동분교장,,,UzE1MDAwMzM3Ng==,,,0,0,0,0,3,1,2,0,0.0
경북,47,청송군,47750,현동중학교,,경북 청송군 현동면 도평리,UzE1MDAwMzM3Nw==,,,0,0,0,0,3,0,3,0,0.0
경북,47,청송군,47750,현서중학교,,,UzE1MDAwMzM3OA==,,,0,0,0,0,10,6,4,0,0.0
경북,47,청송군,47750,진보중학교,,경북 청송군 진보면 진안리,UzE1MDAwNjIzMw==,,,0,0,0,0,11,0,11,0,0.0
경북,47,영양군,47760,석보중학교,,,UzE1MDAwMjU3OQ==,,,0,1,0,0,7,5,2,1,14.29
경북,47,영양군,47760,수비중학교,,,UzE1MDAwMjU4MA==,,,0,0,0,0,5,2,3,0,0.0
경북,47,영양군,47760,영양여자중학교,,,UzE1MDAwMjU4MQ==,,,0,0,0,0,25,0,25,0,0.0
경북,47,영양군,47760,영양중학교,,경북 영양군 영양읍 서부리,UzE1MDAwMjU4Mg==,,,0,0,0,1,36,36,0,0,0.0
경북,47,영덕군,47770,영덕중학교,,,UzE1MDAwMjQ3OQ==,,,0,0,0,0,57,57,0,0,0.0
경북,47,영덕군,47770,지품중학교,,,UzE1MDAwMjQ4Mw==,,,0,1,0,0,5,5,0,1,20.0
경북,47,영덕군,47770,강구중학교,,,UzE1MDAwMjQ3NA==,,,0,0,0,0,18,16,2,0,0.0
경북,47,영덕군,47770,남정중학교,,,UzE1MDAwMjQ3NQ==,,,0,0,0,0,6,3,3,0,0.0
경북,47,영덕군,47770,병곡중학교,,,UzE1MDAwMjQ3Nw==,,,0,0,0,0,2,1,1,0,0.0
경북,47,영덕군,47770,영덕여자중학교,,,UzE1MDAwMjQ3OA==,,,0,0,0,0,48,0,48,0,0.0
경북,47,영덕군,47770,영해중학교,,,UzE1MDAwMjQ4Mg==,,,0,0,0,0,38,20,18,0,0.0
경북,47,영덕군,47770,축산중학교,,,UzE1MDAwMjQ4NQ==,,,0,0,0,0,5,4,1,0,0.0
경북,47,울진군,47930,울진중학교,,경북 울진군 울진읍 읍내리,UzE1MDAwMzAyOQ==,,,0,0,0,0,153,78,75,0,0.0
경북,47,울진군,47930,후포중학교,,,UzE1MDAwMzAzNQ==,,,0,0,0,0,52,31,21,0,0.0
경북,47,울진군,47930,기성중학교,,경북 울진군 기성면 기성리,UzE1MDAwMzAyNA==,,,0,0,0,0,6,2,4,0,0.0
경북,47,울진군,47930,매화중학교,,,UzE1MDAwMzAyNQ==,,,0,0,0,0,7,3,4,0,0.0
경북,47,울진군,47930,부구중학교,,경북 울진군 북면 부구리,UzE1MDAwMzAyNg==,,,0,0,1,0,33,19,14,0,0.0
경북,47,울진군,47930,온정중학교,,,UzE1MDAwMzAyNw==,,,0,0,0,0,5,4,1,0,0.0
경북,47,울진군,47930,죽변중학교,,경북 울진군 죽변면 죽변리,UzE1MDAwMzAzMg==,,,0,0,0,0,32,20,12,0,0.0
경북,47,울진군,47930,평해중학교,,경북 울진군 평해읍 월송리,UzE1MDAwMzAzNA==,,,0,0,0,0,7,4,3,0,0.0
경북,47,의성군,47730,의성중학교,,경북 의성군 의성읍 도동리,UzE1MDAwMzE1MA==,,,0,0,0,0,56,56,0,0,0.0
경북,47,의성군,47730,금성중학교,,,UzE1MDAwMzEzNQ==,,,0,0,0,1,5,5,0,0,0.0
경북,47,의성군,47730,다인중학교,,,UzE1MDAwMzEzNg==,,,0,0,0,0,9,1,8,0,0.0
경북,47,의성군,47730,봉양중학교,,,UzE1MDAwMzEzOA==,,,0,0,0,0,10,5,5,0,0.0
경북,47,의성군,47730,삼성중학교,,,UzE1MDAwMzE0MQ==,,,0,0,0,0,9,9,0,0,0.0
경북,47,의성군,47730,안계중학교,,,UzE1MDAwMzE0NA==,,,0,0,0,0,22,6,16,0,0.0
경북,47,의성군,47730,의성여자중학교,,경북 의성군 의성읍 상리리,UzE1MDAwMzE0OQ==,,,0,0,0,0,49,0,49,0,0.0
경북,47,의성군,47730,탑리여자중학교,,,UzE1MDAwMzE1NQ==,,,0,0,0,0,6,0,6,0,0.0
경북,47,의성군,47730,경북중부중학교,,,UzE1MDAwNjQ3OA==,,,0,0,0,0,10,7,3,0,0.0
경북,47,구미시,47190,봉곡중학교,,,UzE1MDAwNjAzMw==,,,5,5,2,0,237,134,103,10,4.22
경북,47,구미시,47190,옥계동부중학교,,,UzE1MDAwNjMxOQ==,,,5,6,3,0,274,148,126,11,4.01
경북,47,구미시,47190,구미인덕중학교,,,UzE1MDAwNjQ5MQ==,,,6,4,3,0,272,143,129,10,3.68
경북,47,구미시,47190,인동중학교,,,UzE1MDAwMTQwNw==,,,4,4,3,0,224,106,118,8,3.57
경북,47,구미시,47190,진평중학교,,경북 구미시 진평동,UzE1MDAwMTQwOA==,,,0,7,1,0,197,102,95,7,3.55
경북,47,구미시,47190,구미여자중학교,,,UzE1MDAwMTM5NA==,,,0,4,1,0,119,0,119,4,3.36
경북,47,구미시,47190,구미신평중학교,,,UzE1MDAwMTM5Mw==,,,1,2,0,0,118,70,48,3,2.54
경북,47,구미시,47190,상모중학교,,,UzE1MDAwNTMyNg==,,,0,4,0,0,169,83,86,4,2.37
경북,47,구미시,47190,형곡중학교,,,UzE1MDAwMTQxMQ==,,,0,6,1,2,268,167,101,6,2.24
경북,47,구미시,47190,해마루중학교,,,UzE1MDAwNjQ3OQ==,,,4,1,3,0,245,129,116,5,2.04
경북,47,구미시,47190,경구중학교,,,UzE1MDAwMTM5MQ==,,,1,0,0,0,53,53,0,1,1.89
경북,47,구미시,47190,천생중학교,,경북 구미시 구평동,UzE1MDAwNjI3Ng==,,,3,1,0,0,217,112,105,4,1.84
경북,47,구미시,47190,광평중학교,,,UzE1MDAwNjI2NQ==,,,0,1,0,1,73,46,27,1,1.37
경북,47,구미시,47190,도송중학교,,경북 구미시 도량2동,UzE1MDAwMTM5OA==,,,3,0,0,1,223,71,152,3,1.35
경북,47,구미시,47190,송정여자중학교,,경북 구미시 송정동,UzE1MDAwMTQwNA==,,,0,2,0,0,160,0,160,2,1.25
경북,47,구미시,47190,형남중학교,,,UzE1MDAwMTQxMg==,,,0,1,1,0,107,67,40,1,0.93
경북,47,구미시,47190,구미중학교,,,UzE1MDAwMTM5NQ==,,,1,0,0,0,119,119,0,1,0.84
경북,47,구미시,47190,선주중학교,,,UzE1MDAwNjE1MA==,,,1,0,0,0,161,78,83,1,0.62
경북,47,구미시,47190,금오중학교,,경북 구미시 임은동,UzE1MDAwMTM5Ng==,,,0,1,0,0,164,164,0,1,0.61
경북,47,구미시,47190,현일중학교,,,UzE1MDAwMTQxMA==,,,1,0,0,0,228,128,100,1,0.44
경북,47,구미시,47190,선산중학교,,,UzE1MDAwMTQwMw==,,,0,0,0,0,84,42,42,0,0.0
경북,47,구미시,47190,옥계중학교,,경북 구미시 거의동,UzE1MDAwMTQwNg==,,,0,0,0,1,219,119,100,0,0.0
경북,47,구미시,47190,오태중학교,,경북 구미시 오태동,UzE1MDAwNjI3Nw==,,,0,0,0,0,100,53,47,0,0.0
경북,47,구미시,47190,도개중학교,,경북 구미시 도개면 궁기리,UzE1MDAwMTM5Nw==,,,0,0,0,0,29,21,8,0,0.0
경북,47,구미시,47190,무을중학교,,경북 구미시 무을면 무등리,UzE1MDAwMTM5OQ==,,,0,0,0,0,4,2,2,0,0.0
경북,47,구미시,47190,산동중학교,,경북 구미시 산동면 동곡리,UzE1MDAwMTQwMA==,,,0,0,0,0,15,6,9,0,0.0
경북,47,구미시,47190,오상중학교,,,UzE1MDAwMTQwNQ==,,,0,0,0,2,36,21,15,0,0.0
경북,47,구미시,47190,해평중학교,,,UzE1MDAwMTQwOQ==,,,0,0,0,0,2,2,0,0,0.0
경북,47,상주시,47250,상주중학교,,경북 상주시 만산동,UzE1MDAwMjAyOQ==,,,1,1,3,0,121,121,0,2,1.65
경북,47,상주시,47250,상주여자중학교,,,UzE1MDAwMjAyOA==,,,0,1,0,0,128,0,128,1,0.78
경북,47,상주시,47250,남산중학교,,경북 상주시 낙양동,UzE1MDAwMjAyMw==,,,0,0,0,0,118,118,0,0,0.0
경북,47,상주시,47250,성신여자중학교,,,UzE1MDAwMjAzMQ==,,,0,0,0,0,123,0,123,0,0.0
경북,47,상주시,47250,낙동중학교,,,UzE1MDAwMjAyMQ==,,,0,0,0,0,2,0,2,0,0.0
경북,47,상주시,47250,낙운중학교,,,UzE1MDAwMjAyMg==,,,0,0,0,0,15,6,9,0,0.0
경북,47,상주시,47250,내서중학교,,경북 상주시 내서면 낙서리,UzE1MDAwMjAyNA==,,,0,0,0,2,15,12,3,0,0.0
경북,47,상주시,47250,모서중학교,,,UzE1MDAwMjAyNQ==,,,0,0,0,1,6,4,2,0,0.0
경북,47,상주시,47250,상지여자중학교,,경북 상주시 함창읍 오동리,UzE1MDAwMjAzMA==,,,0,0,0,0,20,0,20,0,0.0
경북,47,상주시,47250,용운중학교,,경북 상주시 공성면 산현리,UzE1MDAwMjAzMg==,,,0,0,0,0,19,17,2,0,0.0
경북,47,상주시,47250,은척중학교,,,UzE1MDAwMjAzMw==,,,0,0,0,0,5,1,4,0,0.0
경북,47,상주시,47250,중모중학교,,경북 상주시 모동면 덕곡리,UzE1MDAwMjAzNg==,,,0,0,0,0,13,6,7,0,0.0
경북,47,상주시,47250,청리중학교,,,UzE1MDAwMjAzNw==,,,0,0,0,0,16,12,4,0,0.0
경북,47,상주시,47250,함창중학교,,,UzE1MDAwMjAzOA==,,,0,0,0,0,43,43,0,0,0.0
경북,47,상주시,47250,화동중학교,,,UzE1MDAwMjAzOQ==,,,0,0,0,0,9,5,4,0,0.0
경북,47,상주시,47250,화령중학교,,경북 상주시 화서면 달천리,UzE1MDAwMjA0MA==,,,0,0,0,0,11,5,6,0,0.0
경북,47,상주시,47250,화북중학교,,,UzE1MDAwMjA0MQ==,,,0,0,0,0,6,3,3,0,0.0
경북,47,성주군,47840,성주여자중학교,,,UzE1MDAwMjIwMA==,,,0,1,0,0,71,0,71,1,1.41
경북,47,성주군,47840,성주중학교,,,UzE1MDAwMjIwMQ==,,,0,0,0,0,77,77,0,0,0.0
경북,47,성주군,47840,성주중학교가천분교장,,,UzE1MDAwMjE5Ng==,,,0,0,0,0,2,2,0,0,0.0
경북,47,성주군,47840,명인중학교,,,UzE1MDAwMjE5Nw==,,,0,0,0,0,14,7,7,0,0.0
경북,47,성주군,47840,벽진중학교,,,UzE1MDAwMjE5OA==,,,0,0,0,0,5,3,2,0,0.0
경북,47,성주군,47840,수륜중학교,,,UzE1MDAwMjIwMg==,,,0,0,0,0,17,8,9,0,0.0
경북,47,성주군,47840,용암중학교,,,UzE1MDAwMjIwMw==,,,0,0,0,0,8,7,1,0,0.0
경북,47,성주군,47840,초전중학교,,경북 성주군 초전면 대장1리,UzE1MDAwMjIwNA==,,,0,0,0,0,20,13,7,0,0.0
경북,47,김천시,47150,율곡중학교,,,UzE1MDAwMTYzNw==,,,0,3,7,1,123,56,67,3,2.44
경북,47,김천시,47150,운남중학교,,,UzE1MDAwNjUyMg==,,,2,1,8,1,200,99,101,3,1.5
경북,47,김천시,47150,문성중학교,,,UzE1MDAwMTY0MA==,,,1,0,4,0,92,92,0,1,1.09
경북,47,김천시,47150,김천여자중학교,,,UzE1MDAwMTYzNA==,,,0,1,0,0,100,0,100,1,1.0
경북,47,김천시,47150,김천중앙중학교,,경북 김천시 삼락동,UzE1MDAwMTYzNQ==,,,0,0,1,0,60,60,0,0,0.0
경북,47,김천시,47150,김천중학교,,,UzE1MDAwMTYzNg==,,,0,0,12,0,69,69,0,0,0.0
경북,47,김천시,47150,김천석천중학교,,경북 김천시 황금동,UzE1MDAwMTY0Mg==,,,0,0,0,0,71,71,0,0,0.0
경북,47,김천시,47150,성의여자중학교,,경북 김천시 평화동,UzE1MDAwMTY0Mw==,,,0,0,0,0,99,0,99,0,0.0
경북,47,김천시,47150,성의중학교,,경북 김천시 지좌동,UzE1MDAwMTY0NA==,,,0,0,0,0,62,62,0,0,0.0
경북,47,김천시,47150,한일여자중학교,,,UzE1MDAwMTY1MQ==,,,0,0,0,1,101,0,101,0,0.0
경북,47,김천시,47150,감문중학교,,경북 김천시 감문면 삼성리,UzE1MDAwMTYzMQ==,,,0,0,0,0,6,5,1,0,0.0
경북,47,김천시,47150,개령중학교,,,UzE1MDAwMTYzMg==,,,0,0,0,1,11,7,4,0,0.0
경북,47,김천시,47150,아포중학교,,,UzE1MDAwMTY0NQ==,,,0,0,0,0,31,16,15,0,0.0
경북,47,김천시,47150,어모중학교,,,UzE1MDAwMTY0Ng==,,,0,0,0,0,7,6,1,0,0.0
경북,47,김천시,47150,지품천중학교,,,UzE1MDAwNjQ5NA==,,,0,0,0,0,12,8,4,0,0.0
경북,47,칠곡군,47850,북삼중학교,,,UzE1MDAwMzQzNg==,,,1,1,0,0,167,84,83,2,1.2
경북,47,칠곡군,47850,석적중학교,,,UzE1MDAwNjU1NQ==,,,0,2,0,0,177,91,86,2,1.13
경북,47,칠곡군,47850,석전중학교,,,UzE1MDAwNjAzNQ==,,,1,0,0,0,89,47,42,1,1.12
경북,47,칠곡군,47850,장곡중학교,,,UzE1MDAwMzQ0Mw==,,,1,0,0,1,215,112,103,1,0.47
경북,47,칠곡군,47850,순심여자중학교,,,UzE1MDAwMzQzNw==,,,0,0,0,0,71,0,71,0,0.0
경북,47,칠곡군,47850,순심중학교,,,UzE1MDAwMzQzOA==,,,0,0,0,0,74,74,0,0,0.0
경북,47,칠곡군,47850,왜관중학교,,,UzE1MDAwMzQ0Mg==,,,0,0,0,0,91,48,43,0,0.0
경북,47,칠곡군,47850,인평중학교,,,UzE1MDAwNjMxMw==,,,0,0,1,0,119,58,61,0,0.0
경북,47,칠곡군,47850,동명중학교,,경북 칠곡군 동명면 송산리,UzE1MDAwMzQzNQ==,,,0,0,0,0,14,11,3,0,0.0
경북,47,칠곡군,47850,신동중학교,,,UzE1MDAwMzQzOQ==,,,0,0,0,0,4,2,2,0,0.0
경북,47,칠곡군,47850,약목중학교,,경북 칠곡군 약목면 복성리,UzE1MDAwMzQ0MA==,,,0,0,0,0,40,21,19,0,0.0
경북,47,청도군,47820,모계중학교,,,UzE1MDAwMzI5NA==,,,0,0,0,0,59,31,28,0,0.0
경북,47,청도군,47820,청도중학교,,,UzE1MDAwMzI5Nw==,,,0,0,0,0,65,33,32,0,0.0
경북,47,청도군,47820,금천중학교,,,UzE1MDAwMzI5Mg==,,,0,0,0,0,9,7,2,0,0.0
경북,47,청도군,47820,매전중학교,,,UzE1MDAwMzI5Mw==,,,0,0,0,0,7,5,2,0,0.0
경북,47,청도군,47820,이서중학교,,,UzE1MDAwMzI5Ng==,,,0,0,0,0,49,21,28,0,0.0
경북,47,청도군,47820,풍각중학교,,경북 청도군 풍각면 송서리,UzE1MDAwMzI5OA==,,,0,0,0,0,17,5,12,0,0.0
경북,47,예천군,47900,예천여자중학교,,경북 예천군 예천읍 남본리,UzE1MDAwMjg4NA==,,,0,0,0,0,67,0,67,0,0.0
경북,47,예천군,47900,감천중학교,,경북 예천군 감천면 포리,UzE1MDAwMjg4Mg==,,,0,0,0,0,8,6,2,0,0.0
경북,47,예천군,47900,대창중학교,,경북 예천군 예천읍 노상리,UzE1MDAwMjg4Mw==,,,0,0,0,0,37,37,0,0,0.0
경북,47,예천군,47900,예천중학교,,경북 예천군 예천읍 남본리,UzE1MDAwMjg4NQ==,,,0,0,0,0,38,38,0,0,0.0
경북,47,예천군,47900,용궁중학교,,,UzE1MDAwMjg4Ng==,,,0,0,0,0,7,4,3,0,0.0
경북,47,예천군,47900,용문중학교,,,UzE1MDAwMjg4Nw==,,,0,0,0,0,6,4,2,0,0.0
경북,47,예천군,47900,은풍중학교,,,UzE1MDAwMjg4OQ==,,,0,0,0,0,11,6,5,0,0.0
경북,47,예천군,47900,지보중학교,,,UzE1MDAwMjg5MA==,,,0,0,0,0,4,2,2,0,0.0
경북,47,예천군,47900,풍양중학교,,경북 예천군 풍양면 낙상리,UzE1MDAwMjg5MQ==,,,0,0,0,0,5,3,2,0,0.0
경북,47,남구,47111,포항제철중학교,,,UzE1MDAwMzU0Mw==,,,20,5,129,0,485,263,222,25,5.15
경북,47,남구,47111,포항이동중학교,,,UzE1MDAwNjA5NA==,,,6,0,9,0,232,135,97,6,2.59
경북,47,남구,47111,송도중학교,,,UzE1MDAwNjAyMg==,,,1,0,1,0,51,26,25,1,1.96
경북,47,남구,47111,상도중학교,,,UzE1MDAwMzUyNg==,,,1,0,0,0,65,33,32,1,1.54
경북,47,남구,47111,유강중학교,,,UzE1MDAwNjA5NQ==,,,0,1,1,0,161,91,70,1,0.62
경북,47,남구,47111,영일중학교,,,UzE1MDAwMzUzMw==,,,0,1,1,0,185,88,97,1,0.54
경북,47,남구,47111,오천중학교,,,UzE1MDAwMzUzNA==,,,1,0,0,0,204,105,99,1,0.49
경북,47,남구,47111,신흥중학교,,경북 포항시 남구 오천읍 세계4리,UzE1MDAwMzUzMA==,,,0,0,2,0,183,98,85,0,0.0
경북,47,남구,47111,포항동해중학교,,경북 포항시 남구 동해면 도구2리,UzE1MDAwMzU0MA==,,,0,0,0,0,79,40,39,0,0.0
경북,47,남구,47111,포항포은중학교,,,UzE1MDAwNjM5Mg==,,,0,0,0,0,174,93,81,0,0.0
경북,47,남구,47111,구룡포중학교,,,UzE1MDAwMzUxMg==,,,0,0,0,0,10,3,7,0,0.0
경북,47,남구,47111,대보중학교,,,UzE1MDAwMzUyMA==,,,0,0,0,0,3,3,0,0,0.0
경북,47,남구,47111,대송중학교,,,UzE1MDAwMzUyMQ==,,,0,0,0,0,11,7,4,0,0.0
경북,47,남구,47111,장기중학교,,,UzE1MDAwMzUzNg==,,,0,0,0,0,38,20,18,0,0.0
경북,47,영주시,47210,대영중학교,,경북 영주시 휴천1동,UzE1MDAwMjY1NA==,,,1,0,1,0,112,112,0,1,0.89
경북,47,영주시,47210,영주중학교,,,UzE1MDAwMjY2MQ==,,,1,0,0,0,115,115,0,1,0.87
경북,47,영주시,47210,동산여자중학교,,,UzE1MDAwMjY1NQ==,,,0,0,0,0,99,0,99,0,0.0
경북,47,영주시,47210,영광여자중학교,,,UzE1MDAwMjY1OA==,,,0,0,0,0,125,0,125,0,0.0
경북,47,영주시,47210,영광중학교,,경북 영주시 영주1동,UzE1MDAwMjY1OQ==,,,0,0,0,0,112,112,0,0,0.0
경북,47,영주시,47210,영주여자중학교,,,UzE1MDAwMjY2MA==,,,0,0,0,0,126,0,126,0,0.0
경북,47,영주시,47210,금계중학교,,경북 영주시 풍기읍 금계리,UzE1MDAwMjY1Mg==,,,0,1,0,0,30,16,14,1,3.33
경북,47,영주시,47210,단산중학교,,,UzE1MDAwMjY1Mw==,,,0,0,0,0,8,6,2,0,0.0
경북,47,영주시,47210,부석중학교,,경북 영주시 부석면 소천리,UzE1MDAwMjY1Ng==,,,0,0,0,0,6,5,1,0,0.0
경북,47,영주시,47210,소수중학교,,경북 영주시 순흥면 읍내리,UzE1MDAwMjY1Nw==,,,0,0,0,0,9,8,1,0,0.0
경북,47,영주시,47210,풍기중학교,,,UzE1MDAwMjY2Mg==,,,0,0,0,0,34,15,19,0,0.0
경북,47,경산시,47290,경산여자중학교,,경북 경산시 옥곡동,UzE1MDAwMTAyMA==,,,2,1,0,0,280,0,280,3,1.07
경북,47,경산시,47290,삼성현중학교,,경북 경산시 백천동,UzE1MDAwNjE2MA==,,,1,1,2,1,213,80,133,2,0.94
경북,47,경산시,47290,압량중학교,,,UzE1MDAwNjUyMw==,,,0,1,0,4,107,48,59,1,0.93
경북,47,경산시,47290,문명중학교,,,UzE1MDAwNjE4Nw==,,,0,1,2,0,136,136,0,1,0.74
경북,47,경산시,47290,사동중학교,,,UzE1MDAwNjAzMQ==,,,1,0,0,3,218,101,117,1,0.46
경북,47,경산시,47290,경산중학교,,,UzE1MDAwMTAyMQ==,,,0,0,0,0,236,236,0,0,0.0
경북,47,경산시,47290,대구가톨릭대학교사범대학부속무학중학교,,,UzE1MDAwMTAyMg==,,,0,0,1,2,193,193,0,0,0.0
경북,47,경산시,47290,장산중학교,,,UzE1MDAwMTAyNw==,,,0,0,0,0,223,110,113,0,0.0
경북,47,경산시,47290,진량중학교,,경북 경산시 진량읍 신상리,UzE1MDAwMTAyOA==,,,0,0,0,2,132,60,72,0,0.0
경북,47,경산시,47290,하양여자중학교,,,UzE1MDAwMTAyOQ==,,,0,0,0,0,149,0,149,0,0.0
경북,47,경산시,47290,신상중학교,,경북 경산시 진량읍 신상리,UzE1MDAwNjMxMA==,,,0,0,0,1,106,48,58,0,0.0
경북,47,경산시,47290,경북체육중학교,,경북 경산시 신교동,UzE1MDAwMTAxOQ==,,,0,0,0,0,40,23,17,0,0.0
경북,47,경산시,47290,용성중학교,,경북 경산시 용성면 당리리,UzE1MDAwMTAyNA==,,,0,0,0,0,8,5,3,0,0.0
경북,47,경산시,47290,경산제일중학교,,경북 경산시 자인면 동부리,UzE1MDAwMTAyNQ==,,,0,0,0,0,13,0,13,0,0.0
경북,47,경산시,47290,자인중학교,,,UzE1MDAwMTAyNg==,,,0,0,0,0,5,5,0,0,0.0
경북,47,경주시,47130,서라벌여자중학교,,경북 경주시 황성동,UzE1MDAwMTEzMg==,,,0,7,1,1,157,0,157,7,4.46
경북,47,경주시,47130,경주여자중학교,,,UzE1MDAwMTEyMw==,,,1,5,0,0,138,0,138,6,4.35
경북,47,경주시,47130,선덕여자중학교,,경북 경주시 인왕동,UzE1MDAwMTEzMw==,,,0,3,0,0,126,0,126,3,2.38
경북,47,경주시,47130,신라중학교,,경북 경주시 황성동,UzE1MDAwMTEzNA==,,,2,1,0,0,130,130,0,3,2.31
경북,47,경주시,47130,월성중학교,,,UzE1MDAwMTE0MQ==,,,2,1,1,0,134,134,0,3,2.24
경북,47,경주시,47130,화랑중학교,,,UzE1MDAwNjMwMg==,,,1,3,0,0,203,102,101,4,1.97
경북,47,경주시,47130,불국중학교,,,UzE1MDAwMTEzMA==,,,0,1,0,0,54,27,27,1,1.85
경북,47,경주시,47130,근화여자중학교,,경북 경주시 용강동,UzE1MDAwMTEyNg==,,,1,1,0,0,127,0,127,2,1.57
경북,47,경주시,47130,경주중학교,,경북 경주시 황오동,UzE1MDAwMTEyNA==,,,2,0,0,0,146,146,0,2,1.37
경북,47,경주시,47130,외동중학교,,,UzE1MDAwMTE0MA==,,,1,0,0,0,101,52,49,1,0.99
경북,47,경주시,47130,계림중학교,,경북 경주시 황성동,UzE1MDAwMTEyNQ==,,,1,0,0,0,161,106,55,1,0.62
경북,47,경주시,47130,문화중학교,,경북 경주시 충효동,UzE1MDAwMTEyOQ==,,,0,0,0,0,128,128,0,0,0.0
경북,47,경주시,47130,안강여자중학교,,,UzE1MDAwMTEzNg==,,,0,0,0,0,79,0,79,0,0.0
경북,47,경주시,47130,안강중학교,,,UzE1MDAwMTEzNw==,,,0,0,0,0,87,87,0,0,0.0
경북,47,경주시,47130,감포중학교,,,UzE1MDAwMTEyMg==,,,0,0,0,0,16,3,13,0,0.0
경북,47,경주시,47130,무산중학교,,,UzE1MDAwMTEyOA==,,,0,0,0,1,20,12,8,0,0.0
경북,47,경주시,47130,산내중학교,,경북 경주시 산내면 의곡리,UzE1MDAwMTEzMQ==,,,0,0,0,0,1,1,0,0,0.0
경북,47,경주시,47130,아화중학교,,경북 경주시 서면 아화리,UzE1MDAwMTEzNQ==,,,0,0,0,0,10,5,5,0,0.0
경북,47,경주시,47130,양남중학교,,경북 경주시 양남면 하서리,UzE1MDAwMTEzOA==,,,0,0,0,0,23,12,11,0,0.0
경북,47,경주시,47130,양북중학교,,경북 경주시 양북면 어일리,UzE1MDAwMTEzOQ==,,,0,0,0,0,6,5,1,0,0.0
경북,47,영천시,47230,영천여자중학교,,경북 영천시 교촌동,UzE1MDAwMjc3MQ==,,,1,0,0,0,108,0,108,1,0.93
경북,47,영천시,47230,성남여자중학교,,경북 영천시 도동,UzE1MDAwMjc2Ng==,,,0,0,1,0,103,0,103,0,0.0
경북,47,영천시,47230,영동중학교,,,UzE1MDAwMjc2OA==,,,0,0,1,0,124,124,0,0,0.0
경북,47,영천시,47230,영천중학교,,경북 영천시 문내동,UzE1MDAwMjc3Mg==,,,0,0,0,0,125,125,0,0,0.0
경북,47,영천시,47230,별빛중학교,,,UzE1MDAwNjQ3Nw==,,,0,1,0,0,33,22,11,1,3.03
경북,47,영천시,47230,금호여자중학교,,경북 영천시 금호읍 대미리,UzE1MDAwMjc2Mw==,,,0,0,0,0,10,0,10,0,0.0
경북,47,영천시,47230,금호중학교,,경북 영천시 금호읍 교대리,UzE1MDAwMjc2NA==,,,0,0,0,0,29,29,0,0,0.0
경북,47,영천시,47230,산동중학교,,,UzE1MDAwMjc2NQ==,,,0,0,0,0,8,5,3,0,0.0
경북,47,영천시,47230,신녕중학교,,,UzE1MDAwMjc2Nw==,,,0,0,0,0,12,9,3,0,0.0
경북,47,영천시,47230,영안중학교,,,UzE1MDAwMjc2OQ==,,,0,0,0,0,4,3,1,0,0.0
경북,47,영천시,47230,청통중학교,,,UzE1MDAwMjc3OA==,,,0,0,0,0,3,2,1,0,0.0
경북,47,영천시,47230,화산중학교,,,UzE1MDAwMjc3OQ==,,,0,0,0,0,1,1,0,0,0.0
경북,47,울릉군,47940,울릉중학교,,,UzE1MDAwNjU1MA==,,,0,0,0,1,33,15,18,0,0.0
경북,47,고령군,47830,고령중학교,,,UzE1MDAwMTMyOA==,,,0,3,0,0,94,58,36,3,3.19
경북,47,고령군,47830,다산중학교,,,UzE1MDAwMTMzMA==,,,0,0,0,0,61,27,34,0,0.0
경북,47,고령군,47830,성산중학교,,,UzE1MDAwMTMzMQ==,,,0,1,0,0,12,6,6,1,8.33
경북,47,고령군,47830,고령중학교개진분교장,,,UzE1MDAwMTMyOQ==,,,0,0,0,0,2,2,0,0,0.0
경북,47,고령군,47830,쌍림중학교,,경북 고령군 쌍림면 귀원리,UzE1MDAwMTMzMg==,,,0,0,0,0,10,4,6,0,0.0
경북,47,고령군,47830,우곡중학교,,경북 고령군 우곡면 월오리,UzE1MDAwMTMzMw==,,,0,0,0,0,3,0,3,0,0.0
경남,48,진주시,48170,진주제일중학교,,경남 진주시 평거동,UzE2MDAwMzI2NQ==,,,2,5,0,2,221,221,0,7,3.17
경남,48,진주시,48170,대아중학교,,경남 진주시 이현동,UzE2MDAwMTk0Mg==,,,4,1,0,1,181,181,0,5,2.76
경남,48,진주시,48170,문산중학교,,,UzE2MDAwMTk0NA==,,,2,4,0,2,262,132,130,6,2.29
경남,48,진주시,48170,진주여자중학교,,,UzE2MDAwMTk1OA==,,,1,3,1,3,207,0,207,4,1.93
경남,48,진주시,48170,대곡중학교,,,UzE2MDAwMTk0MQ==,,,3,2,1,1,271,143,128,5,1.85
경남,48,진주시,48170,개양중학교,,,UzE2MDAwMzQwMw==,,,0,2,0,1,141,53,88,2,1.42
경남,48,진주시,48170,진주중앙중학교,,,UzE2MDAwMTk1OQ==,,,1,1,0,1,157,157,0,2,1.27
경남,48,진주시,48170,경상국립대학교사범대학부설중학교,,경남 진주시 가좌동 경상대학교,UzAwMDAwMzYwNQ==,,,0,2,0,0,166,61,105,2,1.2
경남,48,진주시,48170,삼현여자중학교,,,UzE2MDAwMTk0Nw==,,,0,3,0,1,276,0,276,3,1.09
경남,48,진주시,48170,진주중학교,,,UzE2MDAwMTk2MA==,,,1,0,2,0,116,116,0,1,0.86
경남,48,진주시,48170,진명여자중학교,,,UzE2MDAwMTk1MQ==,,,0,1,0,0,119,0,119,1,0.84
경남,48,진주시,48170,진주남중학교,,,UzE2MDAwMTk1Mw==,,,1,0,0,1,169,169,0,1,0.59
경남,48,진주시,48170,진주동명중학교,,,UzE2MDAwMTk1NA==,,,1,0,0,0,224,224,0,1,0.45
경남,48,진주시,48170,진주동중학교,,,UzE2MDAwMTk1NQ==,,,1,0,0,1,228,124,104,1,0.44
경남,48,진주시,48170,경해여자중학교,,,UzE2MDAwMTkzOQ==,,,0,1,4,0,262,0,262,1,0.38
경남,48,진주시,48170,선인국제중학교,,,UzE2MDAwMzkzNQ==,,,0,1,16,0,24,8,16,1,4.17
경남,48,진주시,48170,금곡중학교,,,UzE2MDAwMTk0MA==,,,0,0,0,0,8,6,2,0,0.0
경남,48,진주시,48170,명석중학교,,,UzE2MDAwMTk0Mw==,,,0,0,0,0,8,5,3,0,0.0
경남,48,진주시,48170,반성중학교,,,UzE2MDAwMTk0Ng==,,,0,0,0,0,33,18,15,0,0.0
경남,48,진주시,48170,지수중학교,,,UzE2MDAwMTk1MA==,,,0,0,0,0,9,2,7,0,0.0
경남,48,진주시,48170,진서중학교,,,UzE2MDAwMTk1Mg==,,,0,0,0,0,5,2,3,0,0.0
경남,48,진주시,48170,진주봉원중학교,,,UzE2MDAwMTk1Ng==,,,0,0,0,0,40,16,24,0,0.0
경남,48,성산구,48123,반송여자중학교,,,UzE2MDAwMjM2MA==,,,7,21,10,1,230,0,230,28,12.17
경남,48,성산구,48123,반림중학교,,,UzE2MDAwMjM1OQ==,,,4,10,4,3,147,84,63,14,9.52
경남,48,성산구,48123,삼정자중학교,,,UzE2MDAwMzQwNg==,,,9,12,14,4,233,113,120,21,9.01
경남,48,성산구,48123,웅남중학교,,,UzE2MDAwMjM2OA==,,,3,15,7,1,203,112,91,18,8.87
경남,48,성산구,48123,반송중학교,,,UzE2MDAwMjM2MQ==,,,12,10,5,5,264,264,0,22,8.33
경남,48,성산구,48123,창원상남중학교,,,UzE2MDAwMjM3Mw==,,,4,10,5,1,198,108,90,14,7.07
경남,48,성산구,48123,사파중학교,,,UzE2MDAwMjM2NA==,,,3,2,0,0,71,25,46,5,7.04
경남,48,성산구,48123,경원중학교,,,UzE2MDAwMjM1NA==,,,1,4,1,1,109,53,56,5,4.59
경남,48,성산구,48123,안남중학교,,,UzE2MDAwMjM2Ng==,,,3,3,2,2,169,91,78,6,3.55
경남,48,성산구,48123,창원중앙중학교,,,UzE2MDAwMjM3NQ==,,,0,2,0,0,72,44,28,2,2.78
경남,48,성산구,48123,남산중학교,,,UzE2MDAwMjM1NQ==,,,1,1,0,0,97,47,50,2,2.06
경남,48,성산구,48123,토월중학교,,,UzE2MDAwMjM3Nw==,,,1,1,0,1,106,59,47,2,1.89
경남,48,성산구,48123,양곡중학교,,,UzE2MDAwMjM2Nw==,,,1,0,0,0,55,32,23,1,1.82
경남,48,성산구,48123,대방중학교,,,UzE2MDAwMjM1Ng==,,,0,1,0,2,206,90,116,1,0.49
경남,48,성산구,48123,신월중학교,,,UzE2MDAwMjM2NQ==,,,0,0,0,3,90,60,30,0,0.0
경남,48,성산구,48123,안민중학교,,,UzE2MDAwMzI2Mg==,,,0,0,0,0,55,31,24,0,0.0
경남,48,성산구,48123,창원남중학교,,,UzE2MDAwMjM3Mg==,,,0,3,0,3,37,14,23,3,8.11
경남,48,의창구,48121,도계중학교,,,UzE2MDAwMzQzMA==,,,8,4,5,0,242,121,121,12,4.96
경남,48,의창구,48121,팔룡중학교,,,UzE2MDAwMjM3OA==,,,1,5,1,2,166,114,52,6,3.61
경남,48,의창구,48121,창원중학교,,,UzE2MDAwMjM3Ng==,,,2,4,0,1,178,178,0,6,3.37
경남,48,의창구,48121,감계중학교,,,UzE2MDAwMzQ1OQ==,,,3,5,0,0,277,149,128,8,2.89
경남,48,의창구,48121,봉곡중학교,,,UzE2MDAwMjM2Mg==,,,0,3,0,2,112,56,56,3,2.68
경남,48,의창구,48121,창덕중학교,,,UzE2MDAwMjM2OQ==,,,2,0,0,2,77,35,42,2,2.6
경남,48,의창구,48121,창원여자중학교,,,UzE2MDAwMjM3NA==,,,0,5,4,10,209,0,209,5,2.39
경남,48,의창구,48121,창북중학교,,,UzE2MDAwMjM3MA==,,,1,1,1,4,199,99,100,2,1.01
경남,48,의창구,48121,명서중학교,,,UzE2MDAwMjM1OA==,,,0,1,0,3,142,61,81,1,0.7
경남,48,의창구,48121,봉림중학교,,,UzE2MDAwMjM2Mw==,,,0,0,0,0,53,26,27,0,0.0
경남,48,의창구,48121,창원동중학교,,,UzE2MDAwMzI2MQ==,,,0,0,1,1,53,31,22,0,0.0
경남,48,의창구,48121,창원대산중학교,,,UzE2MDAwMjM1Nw==,,,0,0,0,0,30,18,12,0,0.0
경남,48,의창구,48121,명곡여자중학교,,,UzE2MDAwMzI2Mw==,,,0,0,0,1,38,0,38,0,0.0
경남,48,마산회원구,48127,마산중앙중학교,,,UzE2MDAwMTM2Nw==,,,5,5,5,1,168,168,0,10,5.95
경남,48,마산회원구,48127,마산무학여자중학교,,,UzE2MDAwMTM2MQ==,,,3,5,1,0,141,0,141,8,5.67
경남,48,마산회원구,48127,창신중학교,,,UzE2MDAwMTM3Ng==,,,2,1,0,0,78,78,0,3,3.85
경남,48,마산회원구,48127,양덕여자중학교,,,UzE2MDAwMTM3Mg==,,,1,3,6,4,203,0,203,4,1.97
경남,48,마산회원구,48127,양덕중학교,,,UzE2MDAwMTM3Mw==,,,1,1,1,2,121,121,0,2,1.65
경남,48,마산회원구,48127,삼계중학교,,,UzE2MDAwMTM2OQ==,,,1,2,3,1,185,92,93,3,1.62
경남,48,마산회원구,48127,마산동중학교,,,UzE2MDAwMTM2MA==,,,1,1,4,9,156,156,0,2,1.28
경남,48,마산회원구,48127,광려중학교,,,UzE2MDAwMzI2NA==,,,1,1,0,0,177,97,80,2,1.13
경남,48,마산회원구,48127,구암중학교,,,UzE2MDAwMTM1OA==,,,0,0,0,2,88,39,49,0,0.0
경남,48,마산회원구,48127,내서중학교,,,UzE2MDAwMTM1OQ==,,,0,0,0,5,84,47,37,0,0.0
경남,48,마산회원구,48127,마산여자중학교,,,UzE2MDAwMTM2NA==,,,0,0,0,0,54,0,54,0,0.0
경남,48,마산회원구,48127,호계중학교,,,UzE2MDAwMzIwMw==,,,0,0,0,1,232,121,111,0,0.0
경남,48,마산회원구,48127,합포여자중학교,,,UzE2MDAwMTM3Nw==,,,0,0,0,0,30,0,30,0,0.0
경남,48,산청군,48860,산청중학교,,,UzE2MDAwMzk3MQ==,,,0,0,0,1,82,45,37,0,0.0
경남,48,산청군,48860,단성중학교,,,UzE2MDAwMTY4NQ==,,,0,0,0,1,46,24,22,0,0.0
경남,48,산청군,48860,덕산중학교,,,UzE2MDAwMTY4Nw==,,,0,0,0,0,20,13,7,0,0.0
경남,48,산청군,48860,신등중학교,,,UzE2MDAwMTY5Mg==,,,0,0,0,0,2,0,2,0,0.0
경남,48,진해구,48129,진해남중학교,,,UzE2MDAwMjEyMw==,,,6,4,1,7,196,196,0,10,5.1
경남,48,진해구,48129,진해냉천중학교,,,UzE2MDAwMzQ2NQ==,,,1,7,2,4,226,110,116,8,3.54
경남,48,진해구,48129,진해여자중학교,,,UzE2MDAwMjEyNg==,,,0,3,0,2,118,0,118,3,2.54
경남,48,진해구,48129,동진여자중학교,,,UzE2MDAwMjExNg==,,,2,3,3,4,198,0,198,5,2.53
경남,48,진해구,48129,석동중학교,,,UzE2MDAwMzMyNg==,,,0,4,0,6,296,137,159,4,1.35
경남,48,진해구,48129,진해중학교,,,UzE2MDAwMjEyNw==,,,1,0,0,0,96,96,0,1,1.04
경남,48,진해구,48129,안골포중학교,,,UzE2MDAwMzIwNA==,,,1,1,1,5,201,89,112,2,1.0
경남,48,진해구,48129,동진중학교,,,UzE2MDAwMjExNw==,,,0,0,0,0,236,150,86,0,0.0
경남,48,진해구,48129,웅동중학교,,,UzE2MDAwMjEyMA==,,,0,0,0,0,60,29,31,0,0.0
경남,48,진해구,48129,용원중학교,,,UzE2MDAwMzMzNQ==,,,0,0,0,5,191,107,84,0,0.0
경남,48,진해구,48129,웅천중학교,,,UzE2MDAwMzQ3NQ==,,,0,0,0,1,119,49,70,0,0.0
경남,48,진해구,48129,진해신항중학교,,,UzE2MDAwMzkyNQ==,,,0,0,1,8,124,53,71,0,0.0
경남,48,사천시,48240,사천여자중학교,,,UzE2MDAwMTU5Mw==,,,0,1,0,0,192,0,192,1,0.52
경남,48,사천시,48240,사천중학교,,,UzE2MDAwMTU5NA==,,,0,0,5,0,192,192,0,0,0.0
경남,48,사천시,48240,삼천포여자중학교,,,UzE2MDAwMTU5NQ==,,,0,0,0,0,84,0,84,0,0.0
경남,48,사천시,48240,삼천포제일중학교,,,UzE2MDAwMTU5Ng==,,,0,0,0,0,97,97,0,0,0.0
경남,48,사천시,48240,삼천포중앙여자중학교,,,UzE2MDAwMTU5Nw==,,,0,0,0,0,84,0,84,0,0.0
경남,48,사천시,48240,삼천포중학교,,,UzE2MDAwMTU5OA==,,,0,0,0,0,101,101,0,0,0.0
경남,48,사천시,48240,용남중학교,,,UzE2MDAwMTYwMA==,,,0,0,0,4,223,90,133,0,0.0
경남,48,사천시,48240,곤명중학교,,,UzE2MDAwMTU5MA==,,,0,0,0,0,4,2,2,0,0.0
경남,48,사천시,48240,곤양중학교,,,UzE2MDAwMTU5MQ==,,,0,0,0,0,11,6,5,0,0.0
경남,48,사천시,48240,남양중학교,,경남 사천시 송포동,UzE2MDAwMTU5Mg==,,,0,0,0,0,41,20,21,0,0.0
경남,48,사천시,48240,서포중학교,,,UzE2MDAwMTU5OQ==,,,0,0,0,0,12,8,4,0,0.0
경남,48,마산합포구,48125,합포중학교,,,UzE2MDAwMTM3OA==,,,1,3,0,7,94,58,36,4,4.26
경남,48,마산합포구,48125,마산서중학교,,경남 창원시 마산합포구 월영동,UzE2MDAwMTM2Mw==,,,4,1,0,1,169,169,0,5,2.96
경남,48,마산합포구,48125,마산제일여자중학교,,,UzE2MDAwMTM2Ng==,,,3,3,0,1,210,0,210,6,2.86
경남,48,마산합포구,48125,구산중학교,,,UzE2MDAwMzk0NA==,,,2,2,1,0,146,79,67,4,2.74
경남,48,마산합포구,48125,성지여자중학교,,경남 창원시 마산합포구 완월남로 20,UzE2MDAwMTM3MQ==,,,0,3,0,4,143,0,143,3,2.1
경남,48,마산합포구,48125,해운중학교,,,UzE2MDAwMTM3OQ==,,,2,1,0,0,146,146,0,3,2.05
경남,48,마산합포구,48125,의신중학교,,,UzE2MDAwMTM2NQ==,,,0,1,0,0,96,0,96,1,1.04
경남,48,마산합포구,48125,마산삼진중학교,,,UzE2MDAwMTM2Mg==,,,0,0,0,0,118,59,59,0,0.0
경남,48,마산합포구,48125,마산중학교,,,UzE2MDAwMTM2OA==,,,0,0,0,4,120,120,0,0,0.0
경남,48,마산합포구,48125,구산중학교구남분교장,,,UzE2MDAwMTM1NQ==,,,0,0,0,2,3,2,1,0,0.0
경남,48,마산합포구,48125,진전중학교,,,UzE2MDAwMTM3NA==,,,0,0,0,1,9,3,6,0,0.0
경남,48,함양군,48870,함양중학교,,,UzE2MDAwMjg0MA==,,,1,0,0,0,92,92,0,1,1.09
경남,48,함양군,48870,함양여자중학교,,,UzE2MDAwMjgzOQ==,,,0,0,0,0,93,0,93,0,0.0
경남,48,함양군,48870,마천중학교,,,UzE2MDAwMjgzNA==,,,0,0,0,0,7,4,3,0,0.0
경남,48,함양군,48870,서상중학교,,,UzE2MDAwMjgzNg==,,,0,0,0,0,8,2,6,0,0.0
경남,48,함양군,48870,수동중학교,,경남 함양군 수동면 화산리,UzE2MDAwMjgzNw==,,,0,0,0,0,16,9,7,0,0.0
경남,48,함양군,48870,안의중학교,,,UzE2MDAwMjgzOA==,,,0,0,0,1,23,13,10,0,0.0
경남,48,김해시,48250,김해모산중학교,,,UzE2MDAwMzk3Mw==,,,5,11,4,0,276,146,130,16,5.8
경남,48,김해시,48250,수남중학교,,,UzE2MDAwMzg3NA==,,,3,11,1,2,285,148,137,14,4.91
경남,48,김해시,48250,가야중학교,,,UzE2MDAwMTEzNQ==,,,2,6,0,0,169,99,70,8,4.73
경남,48,김해시,48250,율하중학교,,,UzE2MDAwMzQyOA==,,,3,11,2,3,399,199,200,14,3.51
경남,48,김해시,48250,대청중학교,,,UzE2MDAwMzQ2Nw==,,,0,9,1,1,296,141,155,9,3.04
경남,48,김해시,48250,장유중학교,,,UzE2MDAwMTE1MA==,,,0,4,0,3,168,88,80,4,2.38
경남,48,김해시,48250,한얼중학교,,,UzE2MDAwMTE1NA==,,,0,3,0,1,140,70,70,3,2.14
경남,48,김해시,48250,관동중학교,,,UzE2MDAwMzI0MA==,,,0,4,2,3,198,88,110,4,2.02
경남,48,김해시,48250,구산중학교,,,UzE2MDAwMzIwNQ==,,,2,4,0,0,301,157,144,6,1.99
경남,48,김해시,48250,김해여자중학교,,,UzE2MDAwMTEzOQ==,,,0,1,0,0,55,0,55,1,1.82
경남,48,김해시,48250,능동중학교,,,UzE2MDAwMzIwNw==,,,2,3,0,3,289,153,136,5,1.73
경남,48,김해시,48250,진영장등중학교,,,UzE2MDAwMTE1Mg==,,,1,3,0,0,232,128,104,4,1.72
경남,48,김해시,48250,김해서중학교,,,UzE2MDAwMTEzOA==,,,0,3,1,1,178,85,93,3,1.69
경남,48,김해시,48250,월산중학교,,,UzE2MDAwMTE0OA==,,,0,4,0,3,294,148,146,4,1.36
경남,48,김해시,48250,경운중학교,,,UzE2MDAwMTEzNg==,,,1,2,0,0,223,126,97,3,1.35
경남,48,김해시,48250,삼정중학교,,,UzE2MDAwMTE0NA==,,,0,2,0,4,157,86,71,2,1.27
경남,48,김해시,48250,내동중학교,,,UzE2MDAwMTE0Mg==,,,0,1,0,0,85,56,29,1,1.18
경남,48,김해시,48250,신어중학교,,경남 김해시 삼방동,UzE2MDAwMTE0Ng==,,,1,0,0,0,85,50,35,1,1.18
경남,48,김해시,48250,분성중학교,,,UzE2MDAwMzI2OA==,,,0,4,1,0,344,166,178,4,1.16
경남,48,김해시,48250,진영중학교,,,UzE2MDAwMzM0Nw==,,,0,3,0,4,291,137,154,3,1.03
경남,48,김해시,48250,활천중학교,,,UzE2MDAwMzQzNA==,,,0,1,0,0,123,65,58,1,0.81
경남,48,김해시,48250,임호중학교,,,UzE2MDAwMTE0OQ==,,,0,1,0,0,148,79,69,1,0.68
경남,48,김해시,48250,김해삼계중학교,,,UzE2MDAwMzIwNg==,,,0,2,0,2,298,153,145,2,0.67
경남,48,김해시,48250,김해중학교,,,UzE2MDAwMTE0MQ==,,,0,0,0,0,58,58,0,0,0.0
경남,48,김해시,48250,영운중학교,,,UzE2MDAwMTE0Nw==,,,0,0,0,0,110,64,46,0,0.0
경남,48,김해시,48250,내덕중학교,,경남 김해시 내덕동,UzE2MDAwMzI2OQ==,,,0,0,0,0,152,77,75,0,0.0
경남,48,김해시,48250,김해대곡중학교,,,UzE2MDAwMzMyNQ==,,,0,0,0,2,147,76,71,0,0.0
경남,48,김해시,48250,봉명중학교,,,UzE2MDAwMzQwNQ==,,,0,0,1,1,87,43,44,0,0.0
경남,48,김해시,48250,김해중앙여자중학교,,,UzE2MDAwMTE0MA==,,,0,2,0,0,39,0,39,2,5.13
경남,48,김해시,48250,김해대동중학교,,,UzE2MDAwMTEzNw==,,,0,0,0,1,17,13,4,0,0.0
경남,48,김해시,48250,생림중학교,,,UzE2MDAwMTE0NQ==,,,0,0,0,0,13,8,5,0,0.0
경남,48,김해시,48250,진례중학교,,,UzE2MDAwMTE1MQ==,,,0,0,0,0,39,26,13,0,0.0
경남,48,김해시,48250,한림중학교,,,UzE2MDAwMTE1Mw==,,,0,0,0,1,38,19,19,0,0.0
경남,48,양산시,48330,양산중앙중학교,,,UzE2MDAwMTc4NQ==,,,4,5,0,3,347,184,163,9,2.59
경남,48,양산시,48330,신주중학교,,,UzE2MDAwMzI3Mw==,,,2,6,0,4,351,191,160,8,2.28
경남,48,양산시,48330,물금동아중학교,,경남 양산시 물금읍 물금리,UzE2MDAwMTc4Mg==,,,1,4,0,0,222,125,97,5,2.25
경남,48,양산시,48330,양산여자중학교,,,UzE2MDAwMTc4Nw==,,,1,4,0,1,269,0,269,5,1.86
경남,48,양산시,48330,개운중학교,,,UzE2MDAwMTc4MA==,,,0,3,1,5,278,148,130,3,1.08
경남,48,양산시,48330,웅상여자중학교,,,UzE2MDAwMzIwOA==,,,0,2,0,3,192,0,192,2,1.04
경남,48,양산시,48330,삼성중학교,,,UzE2MDAwMTc4NA==,,,0,1,0,4,101,61,40,1,0.99
경남,48,양산시,48330,범어중학교,,,UzE2MDAwMzM0OA==,,,1,2,0,7,331,191,140,3,0.91
경남,48,양산시,48330,양산중학교,,,UzE2MDAwMTc4OA==,,,0,1,0,0,112,112,0,1,0.89
경남,48,양산시,48330,서창중학교,,,UzE2MDAwMzI3NA==,,,0,2,1,3,259,135,124,2,0.77
경남,48,양산시,48330,금오중학교,,,UzE2MDAwNDA0Mg==,,,0,1,0,0,213,115,98,1,0.47
경남,48,양산시,48330,양주중학교,,,UzE2MDAwMTc5MA==,,,0,0,0,1,53,21,32,0,0.0
경남,48,양산시,48330,웅상중학교,,,UzE2MDAwMTc5MQ==,,,0,0,0,0,159,159,0,0,0.0
경남,48,양산시,48330,물금중학교,,,UzE2MDAwMzkwNA==,,,0,0,0,2,392,223,169,0,0.0
경남,48,양산시,48330,사송중학교,,,UzE2MDAwNDA4MQ==,,,2,0,0,0,33,17,16,2,6.06
경남,48,양산시,48330,보광중학교,,,UzE2MDAwMTc4Mw==,,,0,0,0,0,22,12,10,0,0.0
경남,48,양산시,48330,원동중학교,,,UzE2MDAwMTc5Mg==,,,0,0,0,0,13,9,4,0,0.0
경남,48,남해군,48840,남해여자중학교,,,UzE2MDAwMTI1Ng==,,,0,0,0,0,65,0,65,0,0.0
경남,48,남해군,48840,남해중학교,,,UzE2MDAwMTI1Nw==,,,0,0,0,0,75,75,0,0,0.0
경남,48,남해군,48840,미조중학교,,,UzE2MDAwMTI1OQ==,,,0,0,0,0,15,10,5,0,0.0
경남,48,남해군,48840,상주중학교,,,UzE2MDAwMTI2MA==,,,0,0,0,0,28,16,12,0,0.0
경남,48,남해군,48840,설천중학교,,,UzE2MDAwMTI2Mg==,,,0,0,0,0,7,3,4,0,0.0
경남,48,남해군,48840,이동중학교,,경남 남해군 이동면 무림리,UzE2MDAwMTI2NA==,,,0,0,0,0,43,39,4,0,0.0
경남,48,남해군,48840,창선중학교,,,UzE2MDAwMTI2NQ==,,,0,0,0,0,23,14,9,0,0.0
경남,48,남해군,48840,해성중학교,,,UzE2MDAwMTI2Ng==,,,0,0,0,0,10,5,5,0,0.0
경남,48,남해군,48840,꽃내중학교,,,UzE2MDAwMzkyMQ==,,,0,0,0,0,22,12,10,0,0.0
경남,48,고성군,48820,고성중학교,,,UzE2MDAwMTAyNA==,,,1,1,0,0,64,64,0,2,3.12
경남,48,고성군,48820,고성여자중학교,,,UzE2MDAwMTAyMw==,,,0,0,0,0,120,0,120,0,0.0
경남,48,고성군,48820,철성중학교,,,UzE2MDAwMTAzMw==,,,0,0,0,0,63,63,0,0,0.0
경남,48,고성군,48820,영천중학교,,,UzE2MDAwMTAzMA==,,,0,1,0,0,8,7,1,1,12.5
경남,48,고성군,48820,소가야중학교,,,UzE2MDAwMzg1Nw==,,,0,1,0,0,18,11,7,1,5.56
경남,48,고성군,48820,고성동중학교,,,UzE2MDAwMTAyMg==,,,0,0,0,2,30,22,8,0,0.0
경남,48,고성군,48820,동해중학교,,,UzE2MDAwMTAyNw==,,,0,0,0,0,11,8,3,0,0.0
경남,48,고성군,48820,회화중학교,,,UzE2MDAwMTAzNQ==,,,0,0,0,0,19,11,8,0,0.0
경남,48,통영시,48220,도산중학교,,,UzE2MDAwMjQ2OQ==,,,0,2,0,0,115,69,46,2,1.74
경남,48,통영시,48220,동원중학교,,,UzE2MDAwMjQ3Ng==,,,3,0,0,1,178,178,0,3,1.69
경남,48,통영시,48220,통영중앙중학교,,,UzE2MDAwMzQyNQ==,,,0,1,0,2,192,111,81,1,0.52
경남,48,통영시,48220,충렬여자중학교,,,UzE2MDAwMjQ3Mw==,,,0,0,0,0,142,0,142,0,0.0
경남,48,통영시,48220,충무여자중학교,,,UzE2MDAwMjQ3NA==,,,0,0,0,0,111,0,111,0,0.0
경남,48,통영시,48220,충무중학교,,,UzE2MDAwMjQ3NQ==,,,0,0,0,0,98,98,0,0,0.0
경남,48,통영시,48220,통영여자중학교,,,UzE2MDAwMjQ3Nw==,,,0,0,0,0,181,0,181,0,0.0
경남,48,통영시,48220,통영중학교,,,UzE2MDAwMjQ3OA==,,,0,0,0,2,182,182,0,0,0.0
경남,48,통영시,48220,사량중학교,,,UzE2MDAwMjQ3MA==,,,0,0,0,1,2,1,1,0,0.0
경남,48,통영시,48220,산양중학교,,,UzE2MDAwMjQ3MQ==,,,0,0,0,0,34,20,14,0,0.0
경남,48,통영시,48220,욕지중학교,,,UzE2MDAwMjQ3Mg==,,,0,0,0,0,5,3,2,0,0.0
경남,48,통영시,48220,한산중학교,,,UzE2MDAwMjQ3OQ==,,,0,0,0,0,3,2,1,0,0.0
경남,48,하동군,48850,금남중학교,,,UzE2MDAwMjY0Mg==,,,0,0,0,0,19,10,9,0,0.0
경남,48,하동군,48850,악양중학교,,,UzE2MDAwMjY0NA==,,,0,0,0,0,14,6,8,0,0.0
경남,48,하동군,48850,옥종중학교,,,UzE2MDAwMjY0Ng==,,,0,0,0,0,29,9,20,0,0.0
경남,48,하동군,48850,진교중학교,,,UzE2MDAwMjY0OA==,,,0,0,0,0,26,15,11,0,0.0
경남,48,하동군,48850,청암중학교,,,UzE2MDAwMjY0OQ==,,,0,0,0,0,9,8,1,0,0.0
경남,48,하동군,48850,하동중앙중학교,,,UzE2MDAwMjY1MQ==,,,0,0,0,0,38,15,23,0,0.0
경남,48,하동군,48850,하동중학교,,,UzE2MDAwMjY1Mg==,,,0,0,0,0,37,13,24,0,0.0
경남,48,하동군,48850,화개중학교,,,UzE2MDAwMjY1Mw==,,,0,0,1,0,12,8,4,0,0.0
경남,48,하동군,48850,한다사중학교,,,UzE2MDAwMzg1OA==,,,0,0,0,0,27,8,19,0,0.0
경남,48,거제시,48310,수월중학교,,,UzE2MDAwMzQyNA==,,,11,6,0,0,268,153,115,17,6.34
경남,48,거제시,48310,거제중학교,,,UzE2MDAwMDc1NA==,,,2,2,3,0,223,115,108,4,1.79
경남,48,거제시,48310,해성중학교,,,UzE2MDAwMDc2Ng==,,,0,4,1,0,226,117,109,4,1.77
경남,48,거제시,48310,거제제일중학교,,,UzE2MDAwMDc1Mg==,,,0,1,0,0,64,35,29,1,1.56
경남,48,거제시,48310,신현중학교,,,UzE2MDAwMDc1OQ==,,,3,0,0,0,213,121,92,3,1.41
경남,48,거제시,48310,계룡중학교,,,UzE2MDAwMzI3MQ==,,,3,0,4,0,345,173,172,3,0.87
경남,48,거제시,48310,옥포성지중학교,,,UzE2MDAwMzI3Mg==,,,0,1,0,0,132,82,50,1,0.76
경남,48,거제시,48310,거제장평중학교,,,UzE2MDAwMzQ3Nw==,,,1,0,2,0,208,117,91,1,0.48
경남,48,거제시,48310,옥포중학교,,,UzE2MDAwMDc2MQ==,,,0,1,2,1,219,109,110,1,0.46
경남,48,거제시,48310,거제고현중학교,,,UzE2MDAwMDc1MA==,,,1,0,0,0,237,119,118,1,0.42
경남,48,거제시,48310,거제중앙중학교,,,UzE2MDAwMDc1Mw==,,,0,0,0,0,351,172,179,0,0.0
경남,48,거제시,48310,장목예술중학교,,,UzE2MDAwMDc2Mw==,,,0,1,0,0,18,7,11,1,5.56
경남,48,거제시,48310,하청중학교,,,UzE2MDAwMDc2NQ==,,,0,1,0,0,22,10,12,1,4.55
경남,48,거제시,48310,둔덕중학교,,,UzE2MDAwMDc1OA==,,,0,1,0,1,33,12,21,1,3.03
경남,48,거제시,48310,성포중학교,,,UzE2MDAwMDc1Ng==,,,0,0,0,0,43,19,24,0,0.0
경남,48,거제시,48310,동부중학교,,,UzE2MDAwMDc1Nw==,,,0,0,0,0,11,5,6,0,0.0
경남,48,거제시,48310,연초중학교,,,UzE2MDAwMDc2MA==,,,0,0,0,0,38,19,19,0,0.0
경남,48,거제시,48310,외포중학교,,,UzE2MDAwMDc2Mg==,,,0,0,0,0,18,12,6,0,0.0
경남,48,거제시,48310,지세포중학교,,경남 거제시 일운면 지세포리,UzE2MDAwMDc2NA==,,,0,0,0,0,46,24,22,0,0.0
경남,48,의령군,48720,의령중학교,,,UzE2MDAwMTg1MA==,,,1,0,0,1,57,57,0,1,1.75
경남,48,의령군,48720,의령여자중학교,,,UzE2MDAwMTg0OQ==,,,0,1,0,0,43,0,43,1,2.33
경남,48,의령군,48720,신반중학교,,,UzE2MDAwMTg0Ng==,,,0,0,0,0,12,6,6,0,0.0
경남,48,의령군,48720,정곡중학교,,,UzE2MDAwMTg1Mw==,,,0,0,0,0,10,5,5,0,0.0
경남,48,의령군,48720,지정중학교,,,UzE2MDAwMTg1NA==,,,0,0,0,0,4,3,1,0,0.0
경남,48,함안군,48730,칠원중학교,,,UzE2MDAwMjc1OQ==,,,0,1,0,2,95,55,40,1,1.05
경남,48,함안군,48730,함안중학교,,,UzE2MDAwMjc2Mg==,,,0,1,0,0,122,122,0,1,0.82
경남,48,함안군,48730,호암중학교,,,UzE2MDAwMzQyNg==,,,0,1,0,3,215,89,126,1,0.47
경남,48,함안군,48730,함안여자중학교,,,UzE2MDAwMjc2MQ==,,,0,0,0,1,77,0,77,0,0.0
경남,48,함안군,48730,군북중학교,,,UzE2MDAwMjc1NA==,,,0,0,0,0,30,24,6,0,0.0
경남,48,함안군,48730,대산중학교,,,UzE2MDAwMjc1NQ==,,,0,0,0,0,10,5,5,0,0.0
경남,48,함안군,48730,칠성중학교,,,UzE2MDAwMjc1OA==,,,0,0,0,0,16,10,6,0,0.0
경남,48,함안군,48730,함성중학교,,,UzE2MDAwMjc2MA==,,,0,0,0,0,19,10,9,0,0.0
경남,48,밀양시,48270,밀양중학교,,,UzE2MDAwMTQ3OQ==,,,2,0,0,2,147,147,0,2,1.36
경남,48,밀양시,48270,밀성중학교,,,UzE2MDAwMTQ3Ng==,,,1,0,0,0,81,81,0,1,1.23
경남,48,밀양시,48270,밀성여자중학교,,,UzE2MDAwMTQ3NQ==,,,0,0,0,0,66,0,66,0,0.0
경남,48,밀양시,48270,밀양여자중학교,,,UzE2MDAwMTQ3OA==,,,0,0,0,0,198,0,198,0,0.0
경남,48,밀양시,48270,미리벌중학교,,,UzE2MDAwMzg1Ng==,,,0,1,0,1,24,14,10,1,4.17
경남,48,밀양시,48270,동명중학교,,,UzE2MDAwMTQ3Mw==,,,0,0,0,0,30,16,14,0,0.0
경남,48,밀양시,48270,무안중학교,,,UzE2MDAwMTQ3NA==,,,0,0,0,0,7,6,1,0,0.0
경남,48,밀양시,48270,밀양동강중학교,,,UzE2MDAwMTQ3Nw==,,,0,0,0,0,15,9,6,0,0.0
경남,48,밀양시,48270,삼랑진중학교,,,UzE2MDAwMTQ4MA==,,,0,0,0,0,15,10,5,0,0.0
경남,48,밀양시,48270,세종중학교,,,UzE2MDAwMTQ4Mw==,,,0,0,0,1,36,36,0,0,0.0
경남,48,밀양시,48270,동국대학교사범대학부속홍제중학교,,,UzE2MDAwMTQ4Ng==,,,0,0,0,0,7,4,3,0,0.0
경남,48,창녕군,48740,남지중학교,,,UzE2MDAwMjIzNw==,,,0,0,0,0,53,53,0,0,0.0
경남,48,창녕군,48740,창녕중학교,,,UzE2MDAwMjI0Nw==,,,0,0,0,1,81,81,0,0,0.0
경남,48,창녕군,48740,창녕여자중학교,,,UzE2MDAwMjI0Ng==,,,0,1,0,0,40,0,40,1,2.5
경남,48,창녕군,48740,남지여자중학교,,,UzE2MDAwMjIzNg==,,,0,1,0,0,48,0,48,1,2.08
경남,48,창녕군,48740,대성중학교,,,UzE2MDAwMjIzOA==,,,0,0,0,0,12,7,5,0,0.0
경남,48,창녕군,48740,부곡중학교,,경남 창녕군 부곡면 부곡리,UzE2MDAwMjI0MA==,,,0,0,0,0,14,10,4,0,0.0
경남,48,창녕군,48740,성산중학교,,,UzE2MDAwMjI0MQ==,,,0,0,0,0,12,12,0,0,0.0
경남,48,창녕군,48740,신창여자중학교,,,UzE2MDAwMjI0Mg==,,,0,0,0,0,41,0,41,0,0.0
경남,48,창녕군,48740,영산중학교,,,UzE2MDAwMjI0NA==,,,0,0,0,0,45,31,14,0,0.0
경남,48,창녕군,48740,창녕옥야중학교,,,UzE2MDAwMjI0NQ==,,,0,0,0,0,7,6,1,0,0.0
경남,48,합천군,48890,합천여자중학교,,,UzE2MDAwMjk1NA==,,,0,0,0,0,62,0,62,0,0.0
경남,48,합천군,48890,합천중학교,,,UzE2MDAwMjk1NQ==,,,0,0,0,0,58,58,0,0,0.0
경남,48,합천군,48890,가회중학교,,,UzE2MDAwMjk0MA==,,,0,0,0,0,14,11,3,0,0.0
경남,48,합천군,48890,대병중학교,,,UzE2MDAwMjk0MQ==,,,0,0,0,0,16,7,9,0,0.0
경남,48,합천군,48890,묘산중학교,,,UzE2MDAwMjk0Mw==,,,0,0,0,0,3,1,2,0,0.0
경남,48,합천군,48890,삼가중학교,,,UzE2MDAwMjk0NQ==,,,0,0,0,0,15,8,7,0,0.0
경남,48,합천군,48890,야로중학교,,,UzE2MDAwMjk0OA==,,,0,0,0,0,8,7,1,0,0.0
경남,48,합천군,48890,초계중학교,,,UzE2MDAwMjk1Mg==,,,0,0,0,1,19,7,12,0,0.0
경남,48,합천군,48890,해인중학교,,,UzE2MDAwMjk1OA==,,,0,0,0,0,23,13,10,0,0.0
경남,48,거창군,48880,거창대성중학교,,,UzE2MDAwMDkxMQ==,,,0,0,0,1,108,108,0,0,0.0
경남,48,거창군,48880,거창여자중학교,,,UzE2MDAwMDkxMg==,,,0,0,0,0,96,0,96,0,0.0
경남,48,거창군,48880,거창중학교,,,UzE2MDAwMDkxMw==,,,0,0,0,0,109,109,0,0,0.0
경남,48,거창군,48880,샛별중학교,,,UzE2MDAwMDkxOA==,,,0,0,0,2,51,28,23,0,0.0
경남,48,거창군,48880,혜성여자중학교,,,UzE2MDAwMDkyMw==,,,0,0,0,2,97,0,97,0,0.0
경남,48,거창군,48880,가조중학교,,,UzE2MDAwMDkwOQ==,,,0,0,0,0,14,6,8,0,0.0
경남,48,거창군,48880,거창중학교고제분교장,,,UzE2MDAwMDkxNA==,,,0,0,0,0,4,3,1,0,0.0
경남,48,거창군,48880,웅양중학교,,,UzE2MDAwMDkyMA==,,,0,0,0,0,6,5,1,0,0.0
경남,48,거창군,48880,거창덕유중학교,,,UzE2MDAwMzg1OQ==,,,0,0,0,0,32,16,16,0,0.0
제주,50,서귀포시,50130,안덕중학교,,제주특별자치도 서귀포시 안덕면 화순리,UzE3MDAwMDI4NA==,,,0,4,0,0,79,43,36,4,5.06
제주,50,서귀포시,50130,표선중학교,,제주특별자치도 서귀포시 표선면 표선리 1~999,UzE3MDAwMDI4Nw==,,,0,3,0,0,136,64,72,3,2.21
제주,50,서귀포시,50130,남주중학교,,제주특별자치도 서귀포시 동홍동,UzE3MDAwMDI4OQ==,,,1,1,0,0,114,114,0,2,1.75
제주,50,서귀포시,50130,성산중학교,,제주특별자치도 서귀포시 성산읍 일주동로 4316,UzE3MDAwMDI4Mg==,,,0,1,0,1,67,33,34,1,1.49
제주,50,서귀포시,50130,남원중학교,,제주특별자치도 서귀포시 남원읍 남원리,UzE3MDAwMDI3NQ==,,,0,1,0,0,76,40,36,1,1.32
제주,50,서귀포시,50130,대정중학교,,제주특별자치도 서귀포시 대정읍 하모리,UzE3MDAwMDI3Ng==,,,0,1,0,0,114,58,56,1,0.88
제주,50,서귀포시,50130,서귀포중학교,,제주특별자치도 서귀포시 서귀동,UzE3MDAwMDI5MQ==,,,1,0,0,2,164,164,0,1,0.61
제주,50,서귀포시,50130,서귀중앙여자중학교,,제주특별자치도 서귀포시 동홍동,UzE3MDAwMDI3OQ==,,,0,1,0,0,167,0,167,1,0.6
제주,50,서귀포시,50130,서귀포대신중학교,,제주특별자치도 서귀포시 강정동 1~199,UzE3MDAwMDI4MQ==,,,0,1,0,1,176,91,85,1,0.57
제주,50,서귀포시,50130,중문중학교,,제주특별자치도 서귀포시 중문동,UzE3MDAwMDI4Ng==,,,0,0,0,0,146,69,77,0,0.0
제주,50,서귀포시,50130,효돈중학교,,제주특별자치도 서귀포시 하효동,UzE3MDAwMDI4OA==,,,0,0,0,0,52,22,30,0,0.0
제주,50,서귀포시,50130,서귀포여자중학교,,제주특별자치도 서귀포시 서홍동,UzE3MDAwMDI5MA==,,,0,0,0,2,136,0,136,0,0.0
제주,50,서귀포시,50130,무릉중학교,,제주특별자치도 서귀포시 대정읍 무릉리,UzE3MDAwMDI3Nw==,,,0,0,0,0,11,6,5,0,0.0
제주,50,서귀포시,50130,신산중학교,,제주특별자치도 서귀포시 성산읍 신산리,UzE3MDAwMDI4Mw==,,,0,0,0,0,9,6,3,0,0.0
제주,50,서귀포시,50130,위미중학교,,제주특별자치도 서귀포시 남원읍 위미리,UzE3MDAwMDI4NQ==,,,0,0,0,0,32,21,11,0,0.0
제주,50,제주시,50110,한림여자중학교,,제주특별자치도 제주시 한림읍 한림리,UzE3MDAwMDE2OQ==,,,0,9,0,1,84,0,84,9,10.71
제주,50,제주시,50110,함덕중학교,,제주특별자치도 제주시 조천읍 함덕리,UzE3MDAwMDE3MQ==,,,1,2,0,1,62,36,26,3,4.84
제주,50,제주시,50110,신엄중학교,,제주특별자치도 제주시 애월읍 신엄리,UzE3MDAwMDE2Mg==,,,0,3,1,0,64,37,27,3,4.69
제주,50,제주시,50110,오현중학교,,제주특별자치도 제주시 화북일동,UzE3MDAwMDQzNA==,,,6,3,1,0,197,197,0,9,4.57
제주,50,제주시,50110,조천중학교,,제주특별자치도 제주시 조천읍 신촌리,UzE3MDAwMDE2Nw==,,,1,3,0,0,101,63,38,4,3.96
제주,50,제주시,50110,신성여자중학교,,제주특별자치도 제주시 영평동,UzE3MDAwMDQzMw==,,,3,4,0,2,180,0,180,7,3.89
제주,50,제주시,50110,애월중학교,,제주특별자치도 제주시 애월읍,UzE3MDAwMDE2NA==,,,0,3,0,1,80,45,35,3,3.75
제주,50,제주시,50110,귀일중학교,,제주특별자치도 제주시 애월읍 하귀2리,UzE3MDAwMDE3Mw==,,,1,5,0,0,165,90,75,6,3.64
제주,50,제주시,50110,제주중앙중학교,,제주특별자치도 제주시 연동,UzE3MDAwMDQzMg==,,,9,2,0,0,343,343,0,11,3.21
제주,50,제주시,50110,탐라중학교,,제주특별자치도 제주시 아라이동,UzE3MDAwMDg0NA==,,,2,6,2,3,267,146,121,8,3.0
제주,50,제주시,50110,제주중앙여자중학교,,제주특별자치도 제주시 삼도2동,UzE3MDAwMDQzMQ==,,,0,5,0,1,174,0,174,5,2.87
제주,50,제주시,50110,한라중학교,,제주특별자치도 제주시 노형동,UzE3MDAwMDQzOA==,,,4,6,2,0,353,151,202,10,2.83
제주,50,제주시,50110,한림중학교,,제주특별자치도 제주시 한림읍 동명리,UzE3MDAwMDE3MA==,,,0,2,0,2,86,86,0,2,2.33
제주,50,제주시,50110,노형중학교,,제주특별자치도 제주시 노형동,UzE3MDAwMDgzNQ==,,,2,6,0,2,378,151,227,8,2.12
제주,50,제주시,50110,제주제일중학교,,제주특별자치도 제주시 이도이동,UzE3MDAwMDQzMA==,,,3,2,0,1,274,274,0,5,1.82
제주,50,제주시,50110,제주동중학교,,제주특별자치도 제주시 화북일동,UzE3MDAwMDQyNw==,,,2,2,1,0,229,113,116,4,1.75
제주,50,제주시,50110,아라중학교,,제주특별자치도 제주시 아라이동,UzE3MDAwMDQyOQ==,,,1,3,0,2,231,145,86,4,1.73
제주,50,제주시,50110,제주서중학교,,제주특별자치도 제주시 연동,UzE3MDAwMDQyOA==,,,3,3,0,1,347,144,203,6,1.73
제주,50,제주시,50110,제주동여자중학교,,제주특별자치도 제주시 일도이동,UzE3MDAwMDQyNg==,,,1,3,0,0,251,0,251,4,1.59
제주,50,제주시,50110,세화중학교,,제주특별자치도 제주시 구좌읍 세화리,UzE3MDAwMDE2MQ==,,,0,1,0,1,63,38,25,1,1.59
제주,50,제주시,50110,제주대학교사범대학부설중학교,,제주특별자치도 제주시 용담삼동,UzAwMDAwMzU2Nw==,,,0,3,2,1,221,138,83,3,1.36
제주,50,제주시,50110,제주중학교,,제주특별자치도 제주시 서문로 47,UzE3MDAwMDQzNg==,,,1,1,0,6,171,171,0,2,1.17
제주,50,제주시,50110,제주여자중학교,,제주특별자치도 제주시 아라일동,UzE3MDAwMDQzNQ==,,,0,2,0,0,190,0,190,2,1.05
제주,50,제주시,50110,오름중학교,,제주특별자치도 제주시 도련일동,UzE3MDAwMDgzOA==,,,0,2,0,2,288,144,144,2,0.69
제주,50,제주시,50110,고산중학교,,제주특별자치도 제주시 한경면 고산리,UzE3MDAwMDE3Mg==,,,0,2,0,0,13,8,5,2,15.38
제주,50,제주시,50110,저청중학교,,제주특별자치도 제주시 한경면 청수리,UzE3MDAwMDE2Ng==,,,1,1,0,0,16,6,10,2,12.5
제주,50,제주시,50110,신창중학교,,제주특별자치도 제주시 한경면 신창리,UzE3MDAwMDE2Mw==,,,0,1,0,0,15,8,7,1,6.67
제주,50,제주시,50110,김녕중학교,,제주특별자치도 제주시 구좌읍 김녕리,UzE3MDAwMDE2MA==,,,0,0,0,0,33,18,15,0,0.0
제주,50,제주시,50110,우도중학교,,제주특별자치도 제주시 우도면,UzE3MDAwMDE2NQ==,,,0,0,0,0,10,7,3,0,0.0
제주,50,제주시,50110,추자중학교,,제주특별자치도 제주시 추자면 신양리,UzE3MDAwMDE2OA==,,,0,0,0,0,8,5,3,0,0.0
