단지번호,단지명,시구,자치구,동,위도,경도,학교수,성취_평균_avg,성취_평균_max,특목고진학_합,특목고진학_avg,사립여부_비율,시구_학교수,시구_성취_평균_avg,시구_성취_평균_max,시구_특목고진학_avg,시구_특목고진학_max,시_학교수,시_성취_평균_avg,시_성취_평균_max,시_특목고진학_avg,시_특목고진학_max,학군_매칭,학군_성취율,학군_특목고,점수_성취율,점수_특목고,점수_학군
168097,메이플자이,서초구,,반포동,37.51158,127.013089,3.0,77.39999999999999,82.0,15.0,7.5,0.0,16.0,76.86875,82.1,7.2,15.0,16,76.86875,82.1,7.2,15.0,동,77.39999999999999,7.5,69.59999999999997,37.5,59.96999999999997
22853,반포자이,서초구,,반포동,37.507538,127.013605,3.0,77.39999999999999,82.0,15.0,7.5,0.0,16.0,76.86875,82.1,7.2,15.0,16,76.86875,82.1,7.2,15.0,동,77.39999999999999,7.5,69.59999999999997,37.5,59.96999999999997
142155,래미안원베일리,서초구,,반포동,37.5068,126.998185,3.0,77.39999999999999,82.0,15.0,7.5,0.0,16.0,76.86875,82.1,7.2,15.0,16,76.86875,82.1,7.2,15.0,동,77.39999999999999,7.5,69.59999999999997,37.5,59.96999999999997
101887,반포리체,서초구,,반포동,37.503762,127.013485,3.0,77.39999999999999,82.0,15.0,7.5,0.0,16.0,76.86875,82.1,7.2,15.0,16,76.86875,82.1,7.2,15.0,동,77.39999999999999,7.5,69.59999999999997,37.5,59.96999999999997
107613,아크로리버파크,동작구,,동작동,37.506089,126.993312,1.0,77.4,77.4,3.0,3.0,0.0,16.0,74.85625,83.3,2.5625,8.0,16,74.85625,83.3,2.5625,8.0,동,77.4,3.0,69.60000000000002,15.0,53.22000000000001
125080,디에이치반포라클라스,서초구,,반포동,37.500974,127.014697,3.0,77.39999999999999,82.0,15.0,7.5,0.0,16.0,76.86875,82.1,7.2,15.0,16,76.86875,82.1,7.2,15.0,동,77.39999999999999,7.5,69.59999999999997,37.5,59.96999999999997
112008,반포래미안아이파크,서초구,,반포동,37.501879,127.013411,3.0,77.39999999999999,82.0,15.0,7.5,0.0,16.0,76.86875,82.1,7.2,15.0,16,76.86875,82.1,7.2,15.0,동,77.39999999999999,7.5,69.59999999999997,37.5,59.96999999999997
128008,반포르엘,서초구,,반포동,37.507594,127.002832,3.0,77.39999999999999,82.0,15.0,7.5,0.0,16.0,76.86875,82.1,7.2,15.0,16,76.86875,82.1,7.2,15.0,동,77.39999999999999,7.5,69.59999999999997,37.5,59.96999999999997
23759,래미안퍼스티지,서초구,,반포동,37.503005,126.999724,3.0,77.39999999999999,82.0,15.0,7.5,0.0,16.0,76.86875,82.1,7.2,15.0,16,76.86875,82.1,7.2,15.0,동,77.39999999999999,7.5,69.59999999999997,37.5,59.96999999999997
118947,반포센트럴자이,서초구,,반포동,37.507257,127.00161,3.0,77.39999999999999,82.0,15.0,7.5,0.0,16.0,76.86875,82.1,7.2,15.0,16,76.86875,82.1,7.2,15.0,동,77.39999999999999,7.5,69.59999999999997,37.5,59.96999999999997
111687,반포써밋,서초구,,반포동,37.50156,127.017953,3.0,77.39999999999999,82.0,15.0,7.5,0.0,16.0,76.86875,82.1,7.2,15.0,16,76.86875,82.1,7.2,15.0,동,77.39999999999999,7.5,69.59999999999997,37.5,59.96999999999997
108228,래미안신반포팰리스,서초구,,반포동,37.515289,127.012151,3.0,77.39999999999999,82.0,15.0,7.5,0.0,16.0,76.86875,82.1,7.2,15.0,16,76.86875,82.1,7.2,15.0,동,77.39999999999999,7.5,69.59999999999997,37.5,59.96999999999997
3009,동아,서초구,,반포동,37.509144,127.010552,3.0,77.39999999999999,82.0,15.0,7.5,0.0,16.0,76.86875,82.1,7.2,15.0,16,76.86875,82.1,7.2,15.0,동,77.39999999999999,7.5,69.59999999999997,37.5,59.96999999999997
113292,아크로리버하임,동작구,,노량진동,37.510134,126.961291,,,,,,,16.0,74.85625,83.3,2.5625,8.0,16,74.85625,83.3,2.5625,8.0,시구,74.85625,2.5625,59.42500000000002,12.812499999999998,45.44125000000001
867,한가람,동작구,,본동,37.521885,126.972645,1.0,75.2,75.2,3.0,3.0,1.0,16.0,74.85625,83.3,2.5625,8.0,16,74.85625,83.3,2.5625,8.0,동,75.2,3.0,60.80000000000001,15.0,47.06
109119,서초푸르지오써밋,서초구,,반포동,37.501348,127.021151,3.0,77.39999999999999,82.0,15.0,7.5,0.0,16.0,76.86875,82.1,7.2,15.0,16,76.86875,82.1,7.2,15.0,동,77.39999999999999,7.5,69.59999999999997,37.5,59.96999999999997
111703,신반포자이,서초구,,반포동,37.510166,127.008408,3.0,77.39999999999999,82.0,15.0,7.5,0.0,16.0,76.86875,82.1,7.2,15.0,16,76.86875,82.1,7.2,15.0,동,77.39999999999999,7.5,69.59999999999997,37.5,59.96999999999997
121971,디에이치자이개포,강남구,,개포동,37.491183,127.075206,,,,,,,24.0,78.85416666666667,86.1,8.583333333333334,22.0,24,78.85416666666667,86.1,8.583333333333334,22.0,시구,78.85416666666667,8.583333333333334,75.41666666666669,42.91666666666667,65.66666666666669
124311,래미안리더스원,서초구,,서초동,37.490778,127.028132,,,,,,,16.0,76.86875,82.1,7.2,15.0,16,76.86875,82.1,7.2,15.0,시구,76.86875,7.2,67.47500000000002,36.0,58.03250000000001
180280,래미안대치팰리스,강남구,,개포동,37.494837,127.059641,,,,,,,24.0,78.85416666666667,86.1,8.583333333333334,22.0,24,78.85416666666667,86.1,8.583333333333334,22.0,시구,78.85416666666667,8.583333333333334,75.41666666666669,42.91666666666667,65.66666666666669
111665,래미안서초에스티지S,서초구,,서초동,37.492859,127.027121,,,,,,,16.0,76.86875,82.1,7.2,15.0,16,76.86875,82.1,7.2,15.0,시구,76.86875,7.2,67.47500000000002,36.0,58.03250000000001
178737,래미안원페를라,동작구,,동작동,37.490294,126.989356,1.0,77.4,77.4,3.0,3.0,0.0,16.0,74.85625,83.3,2.5625,8.0,16,74.85625,83.3,2.5625,8.0,동,77.4,3.0,69.60000000000002,15.0,53.22000000000001
11698,도곡렉슬,강남구,,개포동,37.493869,127.050945,,,,,,,24.0,78.85416666666667,86.1,8.583333333333334,22.0,24,78.85416666666667,86.1,8.583333333333334,22.0,시구,78.85416666666667,8.583333333333334,75.41666666666669,42.91666666666667,65.66666666666669
113295,아크로리버뷰신반포,서초구,,반포동,37.514868,127.007489,3.0,77.39999999999999,82.0,15.0,7.5,0.0,16.0,76.86875,82.1,7.2,15.0,16,76.86875,82.1,7.2,15.0,동,77.39999999999999,7.5,69.59999999999997,37.5,59.96999999999997
22491,힐스테이트상도센트럴파크,동작구,,상도1동,37.49583,126.95115,,,,,,,16.0,74.85625,83.3,2.5625,8.0,16,74.85625,83.3,2.5625,8.0,시구,74.85625,2.5625,59.42500000000002,12.812499999999998,45.44125000000001
100512,반포힐스테이트,서초구,,반포동,37.501541,126.996878,3.0,77.39999999999999,82.0,15.0,7.5,0.0,16.0,76.86875,82.1,7.2,15.0,16,76.86875,82.1,7.2,15.0,동,77.39999999999999,7.5,69.59999999999997,37.5,59.96999999999997
127071,과천푸르지오써밋,과천시,,갈현동,37.431412,126.992907,,,,,,,3.0,78.93333333333334,82.8,36.66666666666666,63.0,3,78.93333333333334,82.8,36.66666666666666,63.0,시구,78.93333333333334,36.66666666666666,75.73333333333335,100.0,83.01333333333335
133962,상도역롯데캐슬파크엘,동작구,,노량진동,37.500753,126.947169,,,,,,,16.0,74.85625,83.3,2.5625,8.0,16,74.85625,83.3,2.5625,8.0,시구,74.85625,2.5625,59.42500000000002,12.812499999999998,45.44125000000001
11844,롯데캐슬클래식,서초구,,반포동,37.500515,127.021806,3.0,77.39999999999999,82.0,15.0,7.5,0.0,16.0,76.86875,82.1,7.2,15.0,16,76.86875,82.1,7.2,15.0,동,77.39999999999999,7.5,69.59999999999997,37.5,59.96999999999997
113097,e편한세상상도노빌리티,동작구,,노량진동,37.505046,126.947548,,,,,,,16.0,74.85625,83.3,2.5625,8.0,16,74.85625,83.3,2.5625,8.0,시구,74.85625,2.5625,59.42500000000002,12.812499999999998,45.44125000000001
481,삼풍,서초구,,반포동,37.499179,127.016033,3.0,77.39999999999999,82.0,15.0,7.5,0.0,16.0,76.86875,82.1,7.2,15.0,16,76.86875,82.1,7.2,15.0,동,77.39999999999999,7.5,69.59999999999997,37.5,59.96999999999997
126726,서초그랑자이,서초구,,서초동,37.489144,127.025957,,,,,,,16.0,76.86875,82.1,7.2,15.0,16,76.86875,82.1,7.2,15.0,시구,76.86875,7.2,67.47500000000002,36.0,58.03250000000001
100559,래미안도곡카운티,강남구,,개포동,37.495144,127.051069,,,,,,,24.0,78.85416666666667,86.1,8.583333333333334,22.0,24,78.85416666666667,86.1,8.583333333333334,22.0,시구,78.85416666666667,8.583333333333334,75.41666666666669,42.91666666666667,65.66666666666669
120960,과천위버필드,과천시,,갈현동,37.423175,126.990598,,,,,,,3.0,78.93333333333334,82.8,36.66666666666666,63.0,3,78.93333333333334,82.8,36.66666666666666,63.0,시구,78.93333333333334,36.66666666666666,75.73333333333335,100.0,83.01333333333335
101344,서초교대e편한세상,서초구,,반포동,37.496937,127.017375,3.0,77.39999999999999,82.0,15.0,7.5,0.0,16.0,76.86875,82.1,7.2,15.0,16,76.86875,82.1,7.2,15.0,동,77.39999999999999,7.5,69.59999999999997,37.5,59.96999999999997
13814,역삼래미안,강남구,,개포동,37.497838,127.050397,,,,,,,24.0,78.85416666666667,86.1,8.583333333333334,22.0,24,78.85416666666667,86.1,8.583333333333334,22.0,시구,78.85416666666667,8.583333333333334,75.41666666666669,42.91666666666667,65.66666666666669
110364,래미안서초에스티지,서초구,,서초동,37.492833,127.025172,,,,,,,16.0,76.86875,82.1,7.2,15.0,16,76.86875,82.1,7.2,15.0,시구,76.86875,7.2,67.47500000000002,36.0,58.03250000000001
24008,삼성힐스테이트2단지,강남구,,삼성동,37.514112,127.051582,1.0,85.7,85.7,6.0,6.0,0.0,24.0,78.85416666666667,86.1,8.583333333333334,22.0,24,78.85416666666667,86.1,8.583333333333334,22.0,동,85.7,6.0,100.0,30.0,79.0
132385,신반포르엘,서초구,,반포동,37.516992,127.013686,3.0,77.39999999999999,82.0,15.0,7.5,0.0,16.0,76.86875,82.1,7.2,15.0,16,76.86875,82.1,7.2,15.0,동,77.39999999999999,7.5,69.59999999999997,37.5,59.96999999999997
104032,테헤란아이파크,강남구,,논현동,37.502668,127.047118,,,,,,,24.0,78.85416666666667,86.1,8.583333333333334,22.0,24,78.85416666666667,86.1,8.583333333333334,22.0,시구,78.85416666666667,8.583333333333334,75.41666666666669,42.91666666666667,65.66666666666669
118791,서초센트럴아이파크,서초구,,서초동,37.487007,127.01165,,,,,,,16.0,76.86875,82.1,7.2,15.0,16,76.86875,82.1,7.2,15.0,시구,76.86875,7.2,67.47500000000002,36.0,58.03250000000001
19418,대치아이파크,강남구,,개포동,37.494754,127.054575,,,,,,,24.0,78.85416666666667,86.1,8.583333333333334,22.0,24,78.85416666666667,86.1,8.583333333333334,22.0,시구,78.85416666666667,8.583333333333334,75.41666666666669,42.91666666666667,65.66666666666669
125930,과천자이,과천시,,갈현동,37.428608,126.998856,,,,,,,3.0,78.93333333333334,82.8,36.66666666666666,63.0,3,78.93333333333334,82.8,36.66666666666666,63.0,시구,78.93333333333334,36.66666666666666,75.73333333333335,100.0,83.01333333333335
1285,서초래미안,서초구,,반포동,37.498528,127.019039,3.0,77.39999999999999,82.0,15.0,7.5,0.0,16.0,76.86875,82.1,7.2,15.0,16,76.86875,82.1,7.2,15.0,동,77.39999999999999,7.5,69.59999999999997,37.5,59.96999999999997
490,우성5차,서초구,,서초동,37.494502,127.026894,,,,,,,16.0,76.86875,82.1,7.2,15.0,16,76.86875,82.1,7.2,15.0,시구,76.86875,7.2,67.47500000000002,36.0,58.03250000000001
25772,래미안서초스위트,서초구,,반포동,37.502179,127.020359,3.0,77.39999999999999,82.0,15.0,7.5,0.0,16.0,76.86875,82.1,7.2,15.0,16,76.86875,82.1,7.2,15.0,동,77.39999999999999,7.5,69.59999999999997,37.5,59.96999999999997
104449,방배롯데캐슬아르떼,동작구,,동작동,37.483848,126.984676,1.0,77.4,77.4,3.0,3.0,0.0,16.0,74.85625,83.3,2.5625,8.0,16,74.85625,83.3,2.5625,8.0,동,77.4,3.0,69.60000000000002,15.0,53.22000000000001
102142,두산위브트레지움,동작구,,동작동,37.48557,126.971277,1.0,77.4,77.4,3.0,3.0,0.0,16.0,74.85625,83.3,2.5625,8.0,16,74.85625,83.3,2.5625,8.0,동,77.4,3.0,69.60000000000002,15.0,53.22000000000001
445,반포미도2차,서초구,,반포동,37.502504,127.007462,3.0,77.39999999999999,82.0,15.0,7.5,0.0,16.0,76.86875,82.1,7.2,15.0,16,76.86875,82.1,7.2,15.0,동,77.39999999999999,7.5,69.59999999999997,37.5,59.96999999999997
9194,래미안상도3차,동작구,,노량진동,37.499545,126.954799,,,,,,,16.0,74.85625,83.3,2.5625,8.0,16,74.85625,83.3,2.5625,8.0,시구,74.85625,2.5625,59.42500000000002,12.812499999999998,45.44125000000001
188978,힐스테이트장승배기역,동작구,,노량진동,37.505608,126.940778,,,,,,,16.0,74.85625,83.3,2.5625,8.0,16,74.85625,83.3,2.5625,8.0,시구,74.85625,2.5625,59.42500000000002,12.812499999999998,45.44125000000001
127477,래미안라클래시,강남구,,논현동,37.517476,127.050021,,,,,,,24.0,78.85416666666667,86.1,8.583333333333334,22.0,24,78.85416666666667,86.1,8.583333333333334,22.0,시구,78.85416666666667,8.583333333333334,75.41666666666669,42.91666666666667,65.66666666666669
121427,과천센트럴파크푸르지오써밋,과천시,,갈현동,37.43165,127.001131,,,,,,,3.0,78.93333333333334,82.8,36.66666666666666,63.0,3,78.93333333333334,82.8,36.66666666666666,63.0,시구,78.93333333333334,36.66666666666666,75.73333333333335,100.0,83.01333333333335
767,한강대우,동작구,,본동,37.522454,126.970702,1.0,75.2,75.2,3.0,3.0,1.0,16.0,74.85625,83.3,2.5625,8.0,16,74.85625,83.3,2.5625,8.0,동,75.2,3.0,60.80000000000001,15.0,47.06
18,논현신동아,서초구,,잠원동,37.514887,127.022874,2.0,77.1,79.5,23.0,11.5,0.0,16.0,76.86875,82.1,7.2,15.0,16,76.86875,82.1,7.2,15.0,동,77.1,11.5,68.39999999999998,57.49999999999999,65.12999999999998
127482,강남센트럴아이파크,강남구,,논현동,37.500401,127.045471,,,,,,,24.0,78.85416666666667,86.1,8.583333333333334,22.0,24,78.85416666666667,86.1,8.583333333333334,22.0,시구,78.85416666666667,8.583333333333334,75.41666666666669,42.91666666666667,65.66666666666669
109124,상도파크자이,동작구,,노량진동,37.505867,126.938473,,,,,,,16.0,74.85625,83.3,2.5625,8.0,16,74.85625,83.3,2.5625,8.0,시구,74.85625,2.5625,59.42500000000002,12.812499999999998,45.44125000000001
114533,래미안신반포리오센트,서초구,,반포동,37.518478,127.013762,3.0,77.39999999999999,82.0,15.0,7.5,0.0,16.0,76.86875,82.1,7.2,15.0,16,76.86875,82.1,7.2,15.0,동,77.39999999999999,7.5,69.59999999999997,37.5,59.96999999999997
100304,흑석한강센트레빌1차,동작구,,동작동,37.506242,126.965304,1.0,77.4,77.4,3.0,3.0,0.0,16.0,74.85625,83.3,2.5625,8.0,16,74.85625,83.3,2.5625,8.0,동,77.4,3.0,69.60000000000002,15.0,53.22000000000001
113151,디에이치아너힐즈,강남구,,개포동,37.484658,127.067248,,,,,,,24.0,78.85416666666667,86.1,8.583333333333334,22.0,24,78.85416666666667,86.1,8.583333333333334,22.0,시구,78.85416666666667,8.583333333333334,75.41666666666669,42.91666666666667,65.66666666666669
25778,방배서리풀e-편한세상,서초구,,방배동,37.484312,126.998447,1.0,74.4,74.4,9.0,9.0,1.0,16.0,76.86875,82.1,7.2,15.0,16,76.86875,82.1,7.2,15.0,동,74.4,9.0,57.600000000000016,45.0,53.82000000000001
123898,보라매자이더포레스트,영등포구,,신길동,37.498589,126.926232,1.0,76.0,76.0,2.0,2.0,0.0,12.0,73.81666666666666,80.8,3.4166666666666665,7.0,12,73.81666666666666,80.8,3.4166666666666665,7.0,동,76.0,2.0,64.0,10.0,47.8
111332,삼성센트럴아이파크,강남구,,논현동,37.515496,127.051194,,,,,,,24.0,78.85416666666667,86.1,8.583333333333334,22.0,24,78.85416666666667,86.1,8.583333333333334,22.0,시구,78.85416666666667,8.583333333333334,75.41666666666669,42.91666666666667,65.66666666666669
108825,아크로힐스논현,강남구,,논현동,37.509594,127.038948,,,,,,,24.0,78.85416666666667,86.1,8.583333333333334,22.0,24,78.85416666666667,86.1,8.583333333333334,22.0,시구,78.85416666666667,8.583333333333334,75.41666666666669,42.91666666666667,65.66666666666669
182057,청담르엘,강남구,,삼성동,37.521853,127.059077,1.0,85.7,85.7,6.0,6.0,0.0,24.0,78.85416666666667,86.1,8.583333333333334,22.0,24,78.85416666666667,86.1,8.583333333333334,22.0,동,85.7,6.0,100.0,30.0,79.0
13813,역삼e-편한세상,강남구,,논현동,37.498632,127.049324,,,,,,,24.0,78.85416666666667,86.1,8.583333333333334,22.0,24,78.85416666666667,86.1,8.583333333333334,22.0,시구,78.85416666666667,8.583333333333334,75.41666666666669,42.91666666666667,65.66666666666669
109205,아크로타워스퀘어,영등포구,,당산동,37.52383,126.907445,,,,,,,12.0,73.81666666666666,80.8,3.4166666666666665,7.0,12,73.81666666666666,80.8,3.4166666666666665,7.0,시구,73.81666666666666,3.4166666666666665,55.26666666666665,17.083333333333332,43.81166666666665
100694,래미안트윈파크,영등포구,,여의도동,37.51414,126.950467,2.0,73.75,73.8,11.0,5.5,0.0,12.0,73.81666666666666,80.8,3.4166666666666665,7.0,12,73.81666666666666,80.8,3.4166666666666665,7.0,동,73.75,5.5,55.00000000000001,27.500000000000004,46.75
131685,흑석자이,동작구,,노량진동,37.501719,126.961407,,,,,,,16.0,74.85625,83.3,2.5625,8.0,16,74.85625,83.3,2.5625,8.0,시구,74.85625,2.5625,59.42500000000002,12.812499999999998,45.44125000000001
111467,래미안로이파크,동작구,,동작동,37.488542,126.973181,1.0,77.4,77.4,3.0,3.0,0.0,16.0,74.85625,83.3,2.5625,8.0,16,74.85625,83.3,2.5625,8.0,동,77.4,3.0,69.60000000000002,15.0,53.22000000000001
491,유원서초,서초구,,반포동,37.496155,127.018584,3.0,77.39999999999999,82.0,15.0,7.5,0.0,16.0,76.86875,82.1,7.2,15.0,16,76.86875,82.1,7.2,15.0,동,77.39999999999999,7.5,69.59999999999997,37.5,59.96999999999997
518,신반포청구,서초구,,반포동,37.514334,127.008403,3.0,77.39999999999999,82.0,15.0,7.5,0.0,16.0,76.86875,82.1,7.2,15.0,16,76.86875,82.1,7.2,15.0,동,77.39999999999999,7.5,69.59999999999997,37.5,59.96999999999997
134062,디에이치퍼스티어아이파크,서초구,,양재동,37.480393,127.057099,,,,,,,16.0,76.86875,82.1,7.2,15.0,16,76.86875,82.1,7.2,15.0,시구,76.86875,7.2,67.47500000000002,36.0,58.03250000000001
22746,리센츠,송파구,,삼전동,37.513251,127.08675,1.0,73.0,73.0,0.0,0.0,1.0,29.0,74.12068965517241,83.5,5.241379310344827,17.0,29,74.12068965517241,83.5,5.241379310344827,17.0,동,73.0,0.0,52.0,0.0,36.4
127725,이수스위첸포레힐즈,동작구,,동작동,37.497744,126.982441,1.0,77.4,77.4,3.0,3.0,0.0,16.0,74.85625,83.3,2.5625,8.0,16,74.85625,83.3,2.5625,8.0,동,77.4,3.0,69.60000000000002,15.0,53.22000000000001
394,래미안그레이튼3차,강남구,,개포동,37.496731,127.048307,,,,,,,24.0,78.85416666666667,86.1,8.583333333333334,22.0,24,78.85416666666667,86.1,8.583333333333334,22.0,시구,78.85416666666667,8.583333333333334,75.41666666666669,42.91666666666667,65.66666666666669
375,대림,동작구,,동작동,37.486217,126.973111,1.0,77.4,77.4,3.0,3.0,0.0,16.0,74.85625,83.3,2.5625,8.0,16,74.85625,83.3,2.5625,8.0,동,77.4,3.0,69.60000000000002,15.0,53.22000000000001
18967,롯데캐슬프레미어,강남구,,논현동,37.515662,127.0449,,,,,,,24.0,78.85416666666667,86.1,8.583333333333334,22.0,24,78.85416666666667,86.1,8.583333333333334,22.0,시구,78.85416666666667,8.583333333333334,75.41666666666669,42.91666666666667,65.66666666666669
115037,방배아트자이,서초구,,방배동,37.480069,127.002341,1.0,74.4,74.4,9.0,9.0,1.0,16.0,76.86875,82.1,7.2,15.0,16,76.86875,82.1,7.2,15.0,동,74.4,9.0,57.600000000000016,45.0,53.82000000000001
112697,래미안과천센트럴스위트,과천시,,갈현동,37.431834,126.997924,,,,,,,3.0,78.93333333333334,82.8,36.66666666666666,63.0,3,78.93333333333334,82.8,36.66666666666666,63.0,시구,78.93333333333334,36.66666666666666,75.73333333333335,100.0,83.01333333333335
128527,개포자이프레지던스,강남구,,개포동,37.485105,127.071605,,,,,,,24.0,78.85416666666667,86.1,8.583333333333334,22.0,24,78.85416666666667,86.1,8.583333333333334,22.0,시구,78.85416666666667,8.583333333333334,75.41666666666669,42.91666666666667,65.66666666666669
109227,역삼자이,강남구,,논현동,37.500719,127.04443,,,,,,,24.0,78.85416666666667,86.1,8.583333333333334,22.0,24,78.85416666666667,86.1,8.583333333333334,22.0,시구,78.85416666666667,8.583333333333334,75.41666666666669,42.91666666666667,65.66666666666669
117254,보라매SK뷰,영등포구,,대림동,37.50361,126.918573,2.0,68.94999999999999,71.6,2.0,1.0,0.0,12.0,73.81666666666666,80.8,3.4166666666666665,7.0,12,73.81666666666666,80.8,3.4166666666666665,7.0,동,68.94999999999999,1.0,35.799999999999955,5.0,26.559999999999967
110919,상도두산위브트레지움2차,동작구,,노량진동,37.504079,126.942675,,,,,,,16.0,74.85625,83.3,2.5625,8.0,16,74.85625,83.3,2.5625,8.0,시구,74.85625,2.5625,59.42500000000002,12.812499999999998,45.44125000000001
24009,삼성힐스테이트1단지,강남구,,논현동,37.516721,127.048834,,,,,,,24.0,78.85416666666667,86.1,8.583333333333334,22.0,24,78.85416666666667,86.1,8.583333333333334,22.0,시구,78.85416666666667,8.583333333333334,75.41666666666669,42.91666666666667,65.66666666666669
564,옥수하이츠,강남구,,압구정동,37.540242,127.016275,2.0,77.4,80.5,10.0,5.0,0.0,24.0,78.85416666666667,86.1,8.583333333333334,22.0,24,78.85416666666667,86.1,8.583333333333334,22.0,동,77.4,5.0,69.60000000000002,25.0,56.22000000000001
14142,역삼푸르지오,강남구,,개포동,37.497966,127.047479,,,,,,,24.0,78.85416666666667,86.1,8.583333333333334,22.0,24,78.85416666666667,86.1,8.583333333333334,22.0,시구,78.85416666666667,8.583333333333334,75.41666666666669,42.91666666666667,65.66666666666669
464,방배현대1차,동작구,,동작동,37.489189,126.983417,1.0,77.4,77.4,3.0,3.0,0.0,16.0,74.85625,83.3,2.5625,8.0,16,74.85625,83.3,2.5625,8.0,동,77.4,3.0,69.60000000000002,15.0,53.22000000000001
1179,옥수삼성,강남구,,압구정동,37.542421,127.013983,2.0,77.4,80.5,10.0,5.0,0.0,24.0,78.85416666666667,86.1,8.583333333333334,22.0,24,78.85416666666667,86.1,8.583333333333334,22.0,동,77.4,5.0,69.60000000000002,25.0,56.22000000000001
761,강촌,동작구,,흑석동,37.519188,126.978553,1.0,68.9,68.9,6.0,6.0,1.0,16.0,74.85625,83.3,2.5625,8.0,16,74.85625,83.3,2.5625,8.0,동,68.9,6.0,35.60000000000002,30.0,33.920000000000016
22846,힐스테이트상도프레스티지,동작구,,상도1동,37.49643,126.948962,,,,,,,16.0,74.85625,83.3,2.5625,8.0,16,74.85625,83.3,2.5625,8.0,시구,74.85625,2.5625,59.42500000000002,12.812499999999998,45.44125000000001
837,래미안그레이튼2차,강남구,,개포동,37.4952,127.047241,,,,,,,24.0,78.85416666666667,86.1,8.583333333333334,22.0,24,78.85416666666667,86.1,8.583333333333334,22.0,시구,78.85416666666667,8.583333333333334,75.41666666666669,42.91666666666667,65.66666666666669
154,"선경1,2차",강남구,,개포동,37.49228,127.062918,,,,,,,24.0,78.85416666666667,86.1,8.583333333333334,22.0,24,78.85416666666667,86.1,8.583333333333334,22.0,시구,78.85416666666667,8.583333333333334,75.41666666666669,42.91666666666667,65.66666666666669
473,서광,강남구,,논현동,37.517041,127.04271,,,,,,,24.0,78.85416666666667,86.1,8.583333333333334,22.0,24,78.85416666666667,86.1,8.583333333333334,22.0,시구,78.85416666666667,8.583333333333334,75.41666666666669,42.91666666666667,65.66666666666669
109434,래미안에스티움,영등포구,,대림동,37.501038,126.91371,2.0,68.94999999999999,71.6,2.0,1.0,0.0,12.0,73.81666666666666,80.8,3.4166666666666665,7.0,12,73.81666666666666,80.8,3.4166666666666665,7.0,동,68.94999999999999,1.0,35.799999999999955,5.0,26.559999999999967
180737,잠실래미안아이파크,송파구,,방이동,37.518402,127.111345,3.0,71.33333333333333,75.8,0.0,0.0,0.0,29.0,74.12068965517241,83.5,5.241379310344827,17.0,29,74.12068965517241,83.5,5.241379310344827,17.0,동,71.33333333333333,0.0,45.333333333333314,0.0,31.73333333333332
104791,래미안밤섬리베뉴I,영등포구,,당산동,37.547162,126.925379,,,,,,,12.0,73.81666666666666,80.8,3.4166666666666665,7.0,12,73.81666666666666,80.8,3.4166666666666665,7.0,시구,73.81666666666666,3.4166666666666665,55.26666666666665,17.083333333333332,43.81166666666665
22789,상도더샵1차,동작구,,노량진동,37.5022,126.943294,,,,,,,16.0,74.85625,83.3,2.5625,8.0,16,74.85625,83.3,2.5625,8.0,시구,74.85625,2.5625,59.42500000000002,12.812499999999998,45.44125000000001
19127,트리지움,송파구,,삼전동,37.509812,127.088394,1.0,73.0,73.0,0.0,0.0,1.0,29.0,74.12068965517241,83.5,5.241379310344827,17.0,29,74.12068965517241,83.5,5.241379310344827,17.0,동,73.0,0.0,52.0,0.0,36.4
127384,이수푸르지오더프레티움,동작구,,동작동,37.493073,126.980452,1.0,77.4,77.4,3.0,3.0,0.0,16.0,74.85625,83.3,2.5625,8.0,16,74.85625,83.3,2.5625,8.0,동,77.4,3.0,69.60000000000002,15.0,53.22000000000001
112228,래미안블레스티지,강남구,,개포동,37.481058,127.064178,,,,,,,24.0,78.85416666666667,86.1,8.583333333333334,22.0,24,78.85416666666667,86.1,8.583333333333334,22.0,시구,78.85416666666667,8.583333333333334,75.41666666666669,42.91666666666667,65.66666666666669
2981,당산삼성래미안,영등포구,,당산동,37.532316,126.90319,,,,,,,12.0,73.81666666666666,80.8,3.4166666666666665,7.0,12,73.81666666666666,80.8,3.4166666666666665,7.0,시구,73.81666666666666,3.4166666666666665,55.26666666666665,17.083333333333332,43.81166666666665
112997,롯데캐슬에듀포레,동작구,,노량진동,37.504544,126.959705,,,,,,,16.0,74.85625,83.3,2.5625,8.0,16,74.85625,83.3,2.5625,8.0,시구,74.85625,2.5625,59.42500000000002,12.812499999999998,45.44125000000001
65,"개포우성1,2차",강남구,,개포동,37.491424,127.059787,,,,,,,24.0,78.85416666666667,86.1,8.583333333333334,22.0,24,78.85416666666667,86.1,8.583333333333334,22.0,시구,78.85416666666667,8.583333333333334,75.41666666666669,42.91666666666667,65.66666666666669
119377,힐스테이트클래시안,영등포구,,대림동,37.503994,126.911785,2.0,68.94999999999999,71.6,2.0,1.0,0.0,12.0,73.81666666666666,80.8,3.4166666666666665,7.0,12,73.81666666666666,80.8,3.4166666666666665,7.0,동,68.94999999999999,1.0,35.799999999999955,5.0,26.559999999999967
125757,방배그랑자이,서초구,,방배동,37.475575,126.999769,1.0,74.4,74.4,9.0,9.0,1.0,16.0,76.86875,82.1,7.2,15.0,16,76.86875,82.1,7.2,15.0,동,74.4,9.0,57.600000000000016,45.0,53.82000000000001
135,대치삼성1차,강남구,,개포동,37.496538,127.059121,,,,,,,24.0,78.85416666666667,86.1,8.583333333333334,22.0,24,78.85416666666667,86.1,8.583333333333334,22.0,시구,78.85416666666667,8.583333333333334,75.41666666666669,42.91666666666667,65.66666666666669
3034,두산,동작구,,상도동,37.484899,126.943154,2.0,78.69999999999999,83.3,8.0,4.0,0.0,16.0,74.85625,83.3,2.5625,8.0,16,74.85625,83.3,2.5625,8.0,동,78.69999999999999,4.0,74.79999999999995,20.0,58.35999999999997
398,명수대현대,동작구,,동작동,37.507809,126.967205,1.0,77.4,77.4,3.0,3.0,0.0,16.0,74.85625,83.3,2.5625,8.0,16,74.85625,83.3,2.5625,8.0,동,77.4,3.0,69.60000000000002,15.0,53.22000000000001
3040,도곡삼성래미안,강남구,,개포동,37.489972,127.050406,,,,,,,24.0,78.85416666666667,86.1,8.583333333333334,22.0,24,78.85416666666667,86.1,8.583333333333334,22.0,시구,78.85416666666667,8.583333333333334,75.41666666666669,42.91666666666667,65.66666666666669
3280,신동아리버파크,영등포구,,여의도동,37.507853,126.944741,2.0,73.75,73.8,11.0,5.5,0.0,12.0,73.81666666666666,80.8,3.4166666666666665,7.0,12,73.81666666666666,80.8,3.4166666666666665,7.0,동,73.75,5.5,55.00000000000001,27.500000000000004,46.75
101496,흑석한강푸르지오,동작구,,동작동,37.503008,126.965382,1.0,77.4,77.4,3.0,3.0,0.0,16.0,74.85625,83.3,2.5625,8.0,16,74.85625,83.3,2.5625,8.0,동,77.4,3.0,69.60000000000002,15.0,53.22000000000001
380,사당우성2단지,동작구,,동작동,37.487604,126.977151,1.0,77.4,77.4,3.0,3.0,0.0,16.0,74.85625,83.3,2.5625,8.0,16,74.85625,83.3,2.5625,8.0,동,77.4,3.0,69.60000000000002,15.0,53.22000000000001
114809,e편한세상서울대입구,관악구,,봉천동,37.477464,126.943417,5.0,72.08,77.4,10.0,2.0,0.2,16.0,69.8875,77.4,1.3125,5.0,16,69.8875,77.4,1.3125,5.0,동,72.08,2.0,48.31999999999999,10.0,36.82399999999999
483,대치2단지,강남구,,개포동,37.494658,127.075486,,,,,,,24.0,78.85416666666667,86.1,8.583333333333334,22.0,24,78.85416666666667,86.1,8.583333333333334,22.0,시구,78.85416666666667,8.583333333333334,75.41666666666669,42.91666666666667,65.66666666666669
17528,개나리푸르지오,강남구,,논현동,37.499871,127.049987,,,,,,,24.0,78.85416666666667,86.1,8.583333333333334,22.0,24,78.85416666666667,86.1,8.583333333333334,22.0,시구,78.85416666666667,8.583333333333334,75.41666666666669,42.91666666666667,65.66666666666669
22781,래미안슈르,과천시,,갈현동,37.420912,126.992161,,,,,,,3.0,78.93333333333334,82.8,36.66666666666666,63.0,3,78.93333333333334,82.8,36.66666666666666,63.0,시구,78.93333333333334,36.66666666666666,75.73333333333335,100.0,83.01333333333335
372,본동신동아,동작구,,노량진동,37.509888,126.95168,,,,,,,16.0,74.85625,83.3,2.5625,8.0,16,74.85625,83.3,2.5625,8.0,시구,74.85625,2.5625,59.42500000000002,12.812499999999998,45.44125000000001
113125,래미안개포루체하임,강남구,,개포동,37.489583,127.079812,,,,,,,24.0,78.85416666666667,86.1,8.583333333333334,22.0,24,78.85416666666667,86.1,8.583333333333334,22.0,시구,78.85416666666667,8.583333333333334,75.41666666666669,42.91666666666667,65.66666666666669
22627,잠실엘스,강남구,,대치동,37.513348,127.081556,2.0,83.4,86.1,22.0,11.0,1.0,24.0,78.85416666666667,86.1,8.583333333333334,22.0,24,78.85416666666667,86.1,8.583333333333334,22.0,동,83.4,11.0,93.60000000000002,55.00000000000001,82.02000000000001
3048,경남,강남구,,도곡동,37.488679,127.040856,3.0,78.89999999999999,82.6,27.0,9.0,0.6666666666666666,24.0,78.85416666666667,86.1,8.583333333333334,22.0,24,78.85416666666667,86.1,8.583333333333334,22.0,동,78.89999999999999,9.0,75.59999999999997,45.0,66.41999999999997
329,역삼럭키,강남구,,도곡동,37.49061,127.040187,3.0,78.89999999999999,82.6,27.0,9.0,0.6666666666666666,24.0,78.85416666666667,86.1,8.583333333333334,22.0,24,78.85416666666667,86.1,8.583333333333334,22.0,동,78.89999999999999,9.0,75.59999999999997,45.0,66.41999999999997
100235,건영,영등포구,,여의도동,37.507801,126.94999,2.0,73.75,73.8,11.0,5.5,0.0,12.0,73.81666666666666,80.8,3.4166666666666665,7.0,12,73.81666666666666,80.8,3.4166666666666665,7.0,동,73.75,5.5,55.00000000000001,27.500000000000004,46.75
176758,아크로삼성,강남구,,삼성동,37.519965,127.059651,1.0,85.7,85.7,6.0,6.0,0.0,24.0,78.85416666666667,86.1,8.583333333333334,22.0,24,78.85416666666667,86.1,8.583333333333334,22.0,동,85.7,6.0,100.0,30.0,79.0
745,삼부,영등포구,,여의도동,37.52456,126.931869,2.0,73.75,73.8,11.0,5.5,0.0,12.0,73.81666666666666,80.8,3.4166666666666665,7.0,12,73.81666666666666,80.8,3.4166666666666665,7.0,동,73.75,5.5,55.00000000000001,27.500000000000004,46.75
3346,방배현대홈타운2차,동작구,,동작동,37.490473,126.98384,1.0,77.4,77.4,3.0,3.0,0.0,16.0,74.85625,83.3,2.5625,8.0,16,74.85625,83.3,2.5625,8.0,동,77.4,3.0,69.60000000000002,15.0,53.22000000000001
102715,이수역리가,동작구,,동작동,37.489495,126.973993,1.0,77.4,77.4,3.0,3.0,0.0,16.0,74.85625,83.3,2.5625,8.0,16,74.85625,83.3,2.5625,8.0,동,77.4,3.0,69.60000000000002,15.0,53.22000000000001
9311,삼성래미안,영등포구,,여의도동,37.50991,126.95004,2.0,73.75,73.8,11.0,5.5,0.0,12.0,73.81666666666666,80.8,3.4166666666666665,7.0,12,73.81666666666666,80.8,3.4166666666666665,7.0,동,73.75,5.5,55.00000000000001,27.500000000000004,46.75
108834,서초포레스타6단지,서초구,,내곡동,37.449807,127.055535,,,,,,,16.0,76.86875,82.1,7.2,15.0,16,76.86875,82.1,7.2,15.0,시구,76.86875,7.2,67.47500000000002,36.0,58.03250000000001
459,한신서래,서초구,,반포동,37.49929,127.00086,3.0,77.39999999999999,82.0,15.0,7.5,0.0,16.0,76.86875,82.1,7.2,15.0,16,76.86875,82.1,7.2,15.0,동,77.39999999999999,7.5,69.59999999999997,37.5,59.96999999999997
378,신동아4차,동작구,,동작동,37.490198,126.978134,1.0,77.4,77.4,3.0,3.0,0.0,16.0,74.85625,83.3,2.5625,8.0,16,74.85625,83.3,2.5625,8.0,동,77.4,3.0,69.60000000000002,15.0,53.22000000000001
18213,개나리래미안,강남구,,대치동,37.498452,127.046103,2.0,83.4,86.1,22.0,11.0,1.0,24.0,78.85416666666667,86.1,8.583333333333334,22.0,24,78.85416666666667,86.1,8.583333333333334,22.0,동,83.4,11.0,93.60000000000002,55.00000000000001,82.02000000000001
22779,래미안에코팰리스,과천시,,과천동,37.435103,126.993279,,,,,,,3.0,78.93333333333334,82.8,36.66666666666666,63.0,3,78.93333333333334,82.8,36.66666666666666,63.0,시구,78.93333333333334,36.66666666666666,75.73333333333335,100.0,83.01333333333335
117792,신길센트럴자이,영등포구,,대림동,37.503154,126.907623,2.0,68.94999999999999,71.6,2.0,1.0,0.0,12.0,73.81666666666666,80.8,3.4166666666666665,7.0,12,73.81666666666666,80.8,3.4166666666666665,7.0,동,68.94999999999999,1.0,35.799999999999955,5.0,26.559999999999967
933,유원강변,영등포구,,여의도동,37.515109,126.951019,2.0,73.75,73.8,11.0,5.5,0.0,12.0,73.81666666666666,80.8,3.4166666666666665,7.0,12,73.81666666666666,80.8,3.4166666666666665,7.0,동,73.75,5.5,55.00000000000001,27.500000000000004,46.75
3381,대방e-편한세상1차,영등포구,,신길동,37.511976,126.929266,1.0,76.0,76.0,2.0,2.0,0.0,12.0,73.81666666666666,80.8,3.4166666666666665,7.0,12,73.81666666666666,80.8,3.4166666666666665,7.0,동,76.0,2.0,64.0,10.0,47.8
115936,사당롯데캐슬골든포레,동작구,,동작동,37.492044,126.962212,1.0,77.4,77.4,3.0,3.0,0.0,16.0,74.85625,83.3,2.5625,8.0,16,74.85625,83.3,2.5625,8.0,동,77.4,3.0,69.60000000000002,15.0,53.22000000000001
769,현대맨숀,동작구,,흑석동,37.518811,126.981793,1.0,68.9,68.9,6.0,6.0,1.0,16.0,74.85625,83.3,2.5625,8.0,16,74.85625,83.3,2.5625,8.0,동,68.9,6.0,35.60000000000002,30.0,33.920000000000016
119219,개포래미안포레스트,서초구,,양재동,37.478448,127.054031,,,,,,,16.0,76.86875,82.1,7.2,15.0,16,76.86875,82.1,7.2,15.0,시구,76.86875,7.2,67.47500000000002,36.0,58.03250000000001
135597,대치푸르지오써밋,강남구,,대치동,37.502438,127.060288,2.0,83.4,86.1,22.0,11.0,1.0,24.0,78.85416666666667,86.1,8.583333333333334,22.0,24,78.85416666666667,86.1,8.583333333333334,22.0,동,83.4,11.0,93.60000000000002,55.00000000000001,82.02000000000001
121987,당산센트럴아이파크,영등포구,,당산동,37.529925,126.903313,,,,,,,12.0,73.81666666666666,80.8,3.4166666666666665,7.0,12,73.81666666666666,80.8,3.4166666666666665,7.0,시구,73.81666666666666,3.4166666666666665,55.26666666666665,17.083333333333332,43.81166666666665
45,현대,동작구,,동작동,37.492882,126.95937,1.0,77.4,77.4,3.0,3.0,0.0,16.0,74.85625,83.3,2.5625,8.0,16,74.85625,83.3,2.5625,8.0,동,77.4,3.0,69.60000000000002,15.0,53.22000000000001
511,강변,서초구,,반포동,37.517893,127.012699,3.0,77.39999999999999,82.0,15.0,7.5,0.0,16.0,76.86875,82.1,7.2,15.0,16,76.86875,82.1,7.2,15.0,동,77.39999999999999,7.5,69.59999999999997,37.5,59.96999999999997
733,진흥,강남구,,삼성동,37.520112,127.051472,1.0,85.7,85.7,6.0,6.0,0.0,24.0,78.85416666666667,86.1,8.583333333333334,22.0,24,78.85416666666667,86.1,8.583333333333334,22.0,동,85.7,6.0,100.0,30.0,79.0
3803,리버힐삼성,영등포구,,여의도동,37.534791,126.950404,2.0,73.75,73.8,11.0,5.5,0.0,12.0,73.81666666666666,80.8,3.4166666666666665,7.0,12,73.81666666666666,80.8,3.4166666666666665,7.0,동,73.75,5.5,55.00000000000001,27.500000000000004,46.75
102641,흑석한강센트레빌2차,동작구,,노량진동,37.502461,126.958503,,,,,,,16.0,74.85625,83.3,2.5625,8.0,16,74.85625,83.3,2.5625,8.0,시구,74.85625,2.5625,59.42500000000002,12.812499999999998,45.44125000000001
3,동현,강남구,,논현동,37.51938,127.036753,,,,,,,24.0,78.85416666666667,86.1,8.583333333333334,22.0,24,78.85416666666667,86.1,8.583333333333334,22.0,시구,78.85416666666667,8.583333333333334,75.41666666666669,42.91666666666667,65.66666666666669
184857,잠실르엘,송파구,,방이동,37.517554,127.107032,3.0,71.33333333333333,75.8,0.0,0.0,0.0,29.0,74.12068965517241,83.5,5.241379310344827,17.0,29,74.12068965517241,83.5,5.241379310344827,17.0,동,71.33333333333333,0.0,45.333333333333314,0.0,31.73333333333332
499,한양5차,강남구,,삼성동,37.529063,127.041946,1.0,85.7,85.7,6.0,6.0,0.0,24.0,78.85416666666667,86.1,8.583333333333334,22.0,24,78.85416666666667,86.1,8.583333333333334,22.0,동,85.7,6.0,100.0,30.0,79.0
104035,이수힐스테이트,동작구,,동작동,37.494432,126.980134,1.0,77.4,77.4,3.0,3.0,0.0,16.0,74.85625,83.3,2.5625,8.0,16,74.85625,83.3,2.5625,8.0,동,77.4,3.0,69.60000000000002,15.0,53.22000000000001
108405,트리마제,강남구,,청담동,37.538893,127.044942,,,,,,,24.0,78.85416666666667,86.1,8.583333333333334,22.0,24,78.85416666666667,86.1,8.583333333333334,22.0,시구,78.85416666666667,8.583333333333334,75.41666666666669,42.91666666666667,65.66666666666669
10129,상도브라운스톤,동작구,,노량진동,37.506116,126.943929,,,,,,,16.0,74.85625,83.3,2.5625,8.0,16,74.85625,83.3,2.5625,8.0,시구,74.85625,2.5625,59.42500000000002,12.812499999999998,45.44125000000001
8987,상도중앙하이츠빌,동작구,,노량진동,37.499303,126.949883,,,,,,,16.0,74.85625,83.3,2.5625,8.0,16,74.85625,83.3,2.5625,8.0,시구,74.85625,2.5625,59.42500000000002,12.812499999999998,45.44125000000001
374,극동,동작구,,동작동,37.491697,126.973341,1.0,77.4,77.4,3.0,3.0,0.0,16.0,74.85625,83.3,2.5625,8.0,16,74.85625,83.3,2.5625,8.0,동,77.4,3.0,69.60000000000002,15.0,53.22000000000001
2987,관악드림타운,동작구,,상도동,37.490479,126.950561,2.0,78.69999999999999,83.3,8.0,4.0,0.0,16.0,74.85625,83.3,2.5625,8.0,16,74.85625,83.3,2.5625,8.0,동,78.69999999999999,4.0,74.79999999999995,20.0,58.35999999999997
408,도곡한신,강남구,,도곡동,37.487685,127.040609,3.0,78.89999999999999,82.6,27.0,9.0,0.6666666666666666,24.0,78.85416666666667,86.1,8.583333333333334,22.0,24,78.85416666666667,86.1,8.583333333333334,22.0,동,78.89999999999999,9.0,75.59999999999997,45.0,66.41999999999997
401,한강현대,동작구,,동작동,37.50665,126.970693,1.0,77.4,77.4,3.0,3.0,0.0,16.0,74.85625,83.3,2.5625,8.0,16,74.85625,83.3,2.5625,8.0,동,77.4,3.0,69.60000000000002,15.0,53.22000000000001
419,대청,강남구,,개포동,37.495077,127.077121,,,,,,,24.0,78.85416666666667,86.1,8.583333333333334,22.0,24,78.85416666666667,86.1,8.583333333333334,22.0,시구,78.85416666666667,8.583333333333334,75.41666666666669,42.91666666666667,65.66666666666669
111515,헬리오시티,강남구,,수서동,37.497624,127.107268,2.0,78.35,83.9,14.0,7.0,0.0,24.0,78.85416666666667,86.1,8.583333333333334,22.0,24,78.85416666666667,86.1,8.583333333333334,22.0,동,78.35,7.0,73.39999999999998,35.0,61.87999999999998
1221,신길경남,영등포구,,당산동1가,37.515832,126.918318,,,,,,,12.0,73.81666666666666,80.8,3.4166666666666665,7.0,12,73.81666666666666,80.8,3.4166666666666665,7.0,시구,73.81666666666666,3.4166666666666665,55.26666666666665,17.083333333333332,43.81166666666665
102737,한남더힐,강남구,,신사동,37.537322,127.009784,1.0,74.7,74.7,3.0,3.0,0.0,24.0,78.85416666666667,86.1,8.583333333333334,22.0,24,78.85416666666667,86.1,8.583333333333334,22.0,동,74.7,3.0,58.80000000000001,15.0,45.66
1081,청담자이,강남구,,삼성동,37.524236,127.056715,1.0,85.7,85.7,6.0,6.0,0.0,24.0,78.85416666666667,86.1,8.583333333333334,22.0,24,78.85416666666667,86.1,8.583333333333334,22.0,동,85.7,6.0,100.0,30.0,79.0
471,방배우성,동작구,,사당동,37.474417,126.982972,1.0,76.5,76.5,0.0,0.0,0.0,16.0,74.85625,83.3,2.5625,8.0,16,74.85625,83.3,2.5625,8.0,동,76.5,0.0,66.0,0.0,46.2
362,우성,영등포구,,여의도동,37.509782,126.947813,2.0,73.75,73.8,11.0,5.5,0.0,12.0,73.81666666666666,80.8,3.4166666666666665,7.0,12,73.81666666666666,80.8,3.4166666666666665,7.0,동,73.75,5.5,55.00000000000001,27.500000000000004,46.75
641,까치마을,강남구,,수서동,37.48499,127.087816,2.0,78.35,83.9,14.0,7.0,0.0,24.0,78.85416666666667,86.1,8.583333333333334,22.0,24,78.85416666666667,86.1,8.583333333333334,22.0,동,78.35,7.0,73.39999999999998,35.0,61.87999999999998
121788,신길파크자이,영등포구,,대림동,37.503064,126.913481,2.0,68.94999999999999,71.6,2.0,1.0,0.0,12.0,73.81666666666666,80.8,3.4166666666666665,7.0,12,73.81666666666666,80.8,3.4166666666666665,7.0,동,68.94999999999999,1.0,35.799999999999955,5.0,26.559999999999967
983,푸른마을,강남구,,개포동,37.484711,127.08133,,,,,,,24.0,78.85416666666667,86.1,8.583333333333334,22.0,24,78.85416666666667,86.1,8.583333333333334,22.0,시구,78.85416666666667,8.583333333333334,75.41666666666669,42.91666666666667,65.66666666666669
3383,상도래미안1차,동작구,,노량진동,37.505446,126.934573,,,,,,,16.0,74.85625,83.3,2.5625,8.0,16,74.85625,83.3,2.5625,8.0,시구,74.85625,2.5625,59.42500000000002,12.812499999999998,45.44125000000001
170442,힐스테이트관악센트씨엘,동작구,,상도동,37.491254,126.946099,2.0,78.69999999999999,83.3,8.0,4.0,0.0,16.0,74.85625,83.3,2.5625,8.0,16,74.85625,83.3,2.5625,8.0,동,78.69999999999999,4.0,74.79999999999995,20.0,58.35999999999997
562,옥수극동,강남구,,압구정동,37.54326,127.0115,2.0,77.4,80.5,10.0,5.0,0.0,24.0,78.85416666666667,86.1,8.583333333333334,22.0,24,78.85416666666667,86.1,8.583333333333334,22.0,동,77.4,5.0,69.60000000000002,25.0,56.22000000000001
135887,롯데캐슬리버파크시그니처,강남구,,청담동,37.53789,127.062785,,,,,,,24.0,78.85416666666667,86.1,8.583333333333334,22.0,24,78.85416666666667,86.1,8.583333333333334,22.0,시구,78.85416666666667,8.583333333333334,75.41666666666669,42.91666666666667,65.66666666666669
1048,관악우성,동작구,,동작동,37.485423,126.959587,1.0,77.4,77.4,3.0,3.0,0.0,16.0,74.85625,83.3,2.5625,8.0,16,74.85625,83.3,2.5625,8.0,동,77.4,3.0,69.60000000000002,15.0,53.22000000000001
388,상도삼호,동작구,,동작동,37.493569,126.957597,1.0,77.4,77.4,3.0,3.0,0.0,16.0,74.85625,83.3,2.5625,8.0,16,74.85625,83.3,2.5625,8.0,동,77.4,3.0,69.60000000000002,15.0,53.22000000000001
28,경남,서초구,,양재동,37.484623,127.054115,,,,,,,16.0,76.86875,82.1,7.2,15.0,16,76.86875,82.1,7.2,15.0,시구,76.86875,7.2,67.47500000000002,36.0,58.03250000000001
428,삼성롯데,강남구,,논현동,37.518,127.048784,,,,,,,24.0,78.85416666666667,86.1,8.583333333333334,22.0,24,78.85416666666667,86.1,8.583333333333334,22.0,시구,78.85416666666667,8.583333333333334,75.41666666666669,42.91666666666667,65.66666666666669
148337,힐스테이트뉴포레,영등포구,,대림동,37.484267,126.90515,2.0,68.94999999999999,71.6,2.0,1.0,0.0,12.0,73.81666666666666,80.8,3.4166666666666665,7.0,12,73.81666666666666,80.8,3.4166666666666665,7.0,동,68.94999999999999,1.0,35.799999999999955,5.0,26.559999999999967
3452,문래자이,영등포구,,당산동1가,37.516408,126.896862,,,,,,,12.0,73.81666666666666,80.8,3.4166666666666665,7.0,12,73.81666666666666,80.8,3.4166666666666665,7.0,시구,73.81666666666666,3.4166666666666665,55.26666666666665,17.083333333333332,43.81166666666665
161181,상도푸르지오클라베뉴,동작구,,노량진동,37.497571,126.938998,,,,,,,16.0,74.85625,83.3,2.5625,8.0,16,74.85625,83.3,2.5625,8.0,시구,74.85625,2.5625,59.42500000000002,12.812499999999998,45.44125000000001
874,샘터마을,강남구,,개포동,37.485019,127.082717,,,,,,,24.0,78.85416666666667,86.1,8.583333333333334,22.0,24,78.85416666666667,86.1,8.583333333333334,22.0,시구,78.85416666666667,8.583333333333334,75.41666666666669,42.91666666666667,65.66666666666669
541,한강,서초구,,잠원동,37.521491,127.015231,2.0,77.1,79.5,23.0,11.5,0.0,16.0,76.86875,82.1,7.2,15.0,16,76.86875,82.1,7.2,15.0,동,77.1,11.5,68.39999999999998,57.49999999999999,65.12999999999998
108126,e편한세상서울대입구2차,관악구,,봉천동,37.478085,126.941571,5.0,72.08,77.4,10.0,2.0,0.2,16.0,69.8875,77.4,1.3125,5.0,16,69.8875,77.4,1.3125,5.0,동,72.08,2.0,48.31999999999999,10.0,36.82399999999999
742,미성2차,서초구,,잠원동,37.523985,127.019316,2.0,77.1,79.5,23.0,11.5,0.0,16.0,76.86875,82.1,7.2,15.0,16,76.86875,82.1,7.2,15.0,동,77.1,11.5,68.39999999999998,57.49999999999999,65.12999999999998
3881,동부센트레빌,동작구,,본동,37.521047,126.966378,1.0,75.2,75.2,3.0,3.0,1.0,16.0,74.85625,83.3,2.5625,8.0,16,74.85625,83.3,2.5625,8.0,동,75.2,3.0,60.80000000000001,15.0,47.06
101273,자연앤힐스테이트,수원시 영통구,,원천동,37.287935,127.05047,3.0,74.73333333333333,78.3,12.0,4.0,0.3333333333333333,21.0,76.75238095238095,82.6,5.571428571428571,19.0,57,73.70877192982455,82.6,3.3508771929824563,19.0,동,74.73333333333333,4.0,58.93333333333334,20.0,47.25333333333333
9208,롯데캐슬,동작구,,동작동,37.490386,126.972771,1.0,77.4,77.4,3.0,3.0,0.0,16.0,74.85625,83.3,2.5625,8.0,16,74.85625,83.3,2.5625,8.0,동,77.4,3.0,69.60000000000002,15.0,53.22000000000001
667,우성3차,서초구,,양재동,37.483998,127.056011,,,,,,,16.0,76.86875,82.1,7.2,15.0,16,76.86875,82.1,7.2,15.0,시구,76.86875,7.2,67.47500000000002,36.0,58.03250000000001
980,삼성청담공원,강남구,,논현동,37.522268,127.050266,,,,,,,24.0,78.85416666666667,86.1,8.583333333333334,22.0,24,78.85416666666667,86.1,8.583333333333334,22.0,시구,78.85416666666667,8.583333333333334,75.41666666666669,42.91666666666667,65.66666666666669
27497,봇들8단지한신휴플러스,성남시 분당구,,백현동,37.395589,127.114674,2.0,79.2,84.2,18.0,9.0,0.0,26.0,78.1576923076923,84.2,8.76,28.0,46,75.76739130434783,84.2,5.555555555555555,28.0,동,79.2,9.0,76.80000000000001,45.0,67.26
2988,관악푸르지오,동작구,,동작동,37.487336,126.96094,1.0,77.4,77.4,3.0,3.0,0.0,16.0,74.85625,83.3,2.5625,8.0,16,74.85625,83.3,2.5625,8.0,동,77.4,3.0,69.60000000000002,15.0,53.22000000000001
1045,성현동아,동작구,,사당동,37.489795,126.955715,1.0,76.5,76.5,0.0,0.0,0.0,16.0,74.85625,83.3,2.5625,8.0,16,74.85625,83.3,2.5625,8.0,동,76.5,0.0,66.0,0.0,46.2
1821,"삼성,한신",성남시 분당구,,분당동,37.384173,127.126891,1.0,72.2,72.2,4.0,4.0,0.0,26.0,78.1576923076923,84.2,8.76,28.0,46,75.76739130434783,84.2,5.555555555555555,28.0,동,72.2,4.0,48.80000000000001,20.0,40.16
8872,쌍용스윗닷홈,영등포구,,신길동,37.501929,126.931231,1.0,76.0,76.0,2.0,2.0,0.0,12.0,73.81666666666666,80.8,3.4166666666666665,7.0,12,73.81666666666666,80.8,3.4166666666666665,7.0,동,76.0,2.0,64.0,10.0,47.8
26399,사당휴먼시아,동작구,,사당동,37.479026,126.96993,1.0,76.5,76.5,0.0,0.0,0.0,16.0,74.85625,83.3,2.5625,8.0,16,74.85625,83.3,2.5625,8.0,동,76.5,0.0,66.0,0.0,46.2
368,대방현대1차,영등포구,,신길동,37.513057,126.93069,1.0,76.0,76.0,2.0,2.0,0.0,12.0,73.81666666666666,80.8,3.4166666666666665,7.0,12,73.81666666666666,80.8,3.4166666666666665,7.0,동,76.0,2.0,64.0,10.0,47.8
9318,흑석동양,동작구,,노량진동,37.50048,126.958609,,,,,,,16.0,74.85625,83.3,2.5625,8.0,16,74.85625,83.3,2.5625,8.0,시구,74.85625,2.5625,59.42500000000002,12.812499999999998,45.44125000000001
381,사당우성3단지,동작구,,동작동,37.4904,126.975383,1.0,77.4,77.4,3.0,3.0,0.0,16.0,74.85625,83.3,2.5625,8.0,16,74.85625,83.3,2.5625,8.0,동,77.4,3.0,69.60000000000002,15.0,53.22000000000001
107903,서초포레스타5단지,서초구,,내곡동,37.451524,127.057141,,,,,,,16.0,76.86875,82.1,7.2,15.0,16,76.86875,82.1,7.2,15.0,시구,76.86875,7.2,67.47500000000002,36.0,58.03250000000001
3418,강변건영,강남구,,청담동,37.540242,127.04488,,,,,,,24.0,78.85416666666667,86.1,8.583333333333334,22.0,24,78.85416666666667,86.1,8.583333333333334,22.0,시구,78.85416666666667,8.583333333333334,75.41666666666669,42.91666666666667,65.66666666666669
376,경남아너스빌,동작구,,동작동,37.487973,126.967661,1.0,77.4,77.4,3.0,3.0,0.0,16.0,74.85625,83.3,2.5625,8.0,16,74.85625,83.3,2.5625,8.0,동,77.4,3.0,69.60000000000002,15.0,53.22000000000001
2986,벽산블루밍1차,동작구,,상도동,37.48952,126.945056,2.0,78.69999999999999,83.3,8.0,4.0,0.0,16.0,74.85625,83.3,2.5625,8.0,16,74.85625,83.3,2.5625,8.0,동,78.69999999999999,4.0,74.79999999999995,20.0,58.35999999999997
1321,현대2차,서초구,,양재동,37.482796,127.051051,,,,,,,16.0,76.86875,82.1,7.2,15.0,16,76.86875,82.1,7.2,15.0,시구,76.86875,7.2,67.47500000000002,36.0,58.03250000000001
27570,봇들7단지엔파트,성남시 분당구,,백현동,37.397053,127.11521,2.0,79.2,84.2,18.0,9.0,0.0,26.0,78.1576923076923,84.2,8.76,28.0,46,75.76739130434783,84.2,5.555555555555555,28.0,동,79.2,9.0,76.80000000000001,45.0,67.26
8753,상도아이파크,동작구,,노량진동,37.500888,126.942702,,,,,,,16.0,74.85625,83.3,2.5625,8.0,16,74.85625,83.3,2.5625,8.0,시구,74.85625,2.5625,59.42500000000002,12.812499999999998,45.44125000000001
107439,관악파크푸르지오,동작구,,동작동,37.482834,126.961341,1.0,77.4,77.4,3.0,3.0,0.0,16.0,74.85625,83.3,2.5625,8.0,16,74.85625,83.3,2.5625,8.0,동,77.4,3.0,69.60000000000002,15.0,53.22000000000001
364,대방대림,영등포구,,신길동,37.50752,126.924726,1.0,76.0,76.0,2.0,2.0,0.0,12.0,73.81666666666666,80.8,3.4166666666666665,7.0,12,73.81666666666666,80.8,3.4166666666666665,7.0,동,76.0,2.0,64.0,10.0,47.8
107424,래미안프레비뉴,영등포구,,대림동,37.504875,126.907791,2.0,68.94999999999999,71.6,2.0,1.0,0.0,12.0,73.81666666666666,80.8,3.4166666666666665,7.0,12,73.81666666666666,80.8,3.4166666666666665,7.0,동,68.94999999999999,1.0,35.799999999999955,5.0,26.559999999999967
15011,레이크팰리스,송파구,,삼전동,37.509505,127.094973,1.0,73.0,73.0,0.0,0.0,1.0,29.0,74.12068965517241,83.5,5.241379310344827,17.0,29,74.12068965517241,83.5,5.241379310344827,17.0,동,73.0,0.0,52.0,0.0,36.4
121758,영등포중흥S-클래스,양천구,,목동,37.523659,126.886616,2.0,70.5,74.2,26.0,13.0,0.5,18.0,71.30000000000001,80.9,9.22222222222222,29.0,18,71.30000000000001,80.9,9.22222222222222,29.0,동,70.5,13.0,42.0,65.0,48.9
7960,대방주공2단지,영등포구,,신길동,37.509563,126.92947,1.0,76.0,76.0,2.0,2.0,0.0,12.0,73.81666666666666,80.8,3.4166666666666665,7.0,12,73.81666666666666,80.8,3.4166666666666665,7.0,동,76.0,2.0,64.0,10.0,47.8
735,양평한신,양천구,,목동,37.540232,126.892087,2.0,70.5,74.2,26.0,13.0,0.5,18.0,71.30000000000001,80.9,9.22222222222222,29.0,18,71.30000000000001,80.9,9.22222222222222,29.0,동,70.5,13.0,42.0,65.0,48.9
9035,방배래미안,동작구,,사당동,37.47268,126.984172,1.0,76.5,76.5,0.0,0.0,0.0,16.0,74.85625,83.3,2.5625,8.0,16,74.85625,83.3,2.5625,8.0,동,76.5,0.0,66.0,0.0,46.2
671,신동아,강남구,,수서동,37.487807,127.098401,2.0,78.35,83.9,14.0,7.0,0.0,24.0,78.85416666666667,86.1,8.583333333333334,22.0,24,78.85416666666667,86.1,8.583333333333334,22.0,동,78.35,7.0,73.39999999999998,35.0,61.87999999999998
87,한강우성,강남구,,청담동,37.532866,127.065544,,,,,,,24.0,78.85416666666667,86.1,8.583333333333334,22.0,24,78.85416666666667,86.1,8.583333333333334,22.0,시구,78.85416666666667,8.583333333333334,75.41666666666669,42.91666666666667,65.66666666666669
22675,파크리오,송파구,,방이동,37.521278,127.108677,3.0,71.33333333333333,75.8,0.0,0.0,0.0,29.0,74.12068965517241,83.5,5.241379310344827,17.0,29,74.12068965517241,83.5,5.241379310344827,17.0,동,71.33333333333333,0.0,45.333333333333314,0.0,31.73333333333332
3457,영등포푸르지오,영등포구,,당산동1가,37.511812,126.903536,,,,,,,12.0,73.81666666666666,80.8,3.4166666666666665,7.0,12,73.81666666666666,80.8,3.4166666666666665,7.0,시구,73.81666666666666,3.4166666666666665,55.26666666666665,17.083333333333332,43.81166666666665
126145,신흥역하늘채랜더스원1단지,성남시 수정구,,단대동,37.438102,127.147652,3.0,70.63333333333334,74.0,1.0,0.3333333333333333,0.0,10.0,73.02000000000001,79.7,2.4,14.0,46,75.76739130434783,84.2,5.555555555555555,28.0,동,70.63333333333334,0.3333333333333333,42.53333333333336,1.6666666666666667,30.27333333333335
107579,평촌더샵센트럴시티,안양시 동안구,,관양동,37.400415,126.963257,1.0,76.3,76.3,0.0,0.0,0.0,15.0,78.56666666666666,84.4,13.733333333333333,56.0,24,75.26666666666667,84.4,9.416666666666666,56.0,동,76.3,0.0,65.19999999999999,0.0,45.63999999999999
27576,보라매 e-편한세상,영등포구,,신길동,37.495534,126.928461,1.0,76.0,76.0,2.0,2.0,0.0,12.0,73.81666666666666,80.8,3.4166666666666665,7.0,12,73.81666666666666,80.8,3.4166666666666665,7.0,동,76.0,2.0,64.0,10.0,47.8
640,현대,강남구,,대치동,37.504025,127.085312,2.0,83.4,86.1,22.0,11.0,1.0,24.0,78.85416666666667,86.1,8.583333333333334,22.0,24,78.85416666666667,86.1,8.583333333333334,22.0,동,83.4,11.0,93.60000000000002,55.00000000000001,82.02000000000001
688,현대,양천구,,목동,37.523352,126.894565,2.0,70.5,74.2,26.0,13.0,0.5,18.0,71.30000000000001,80.9,9.22222222222222,29.0,18,71.30000000000001,80.9,9.22222222222222,29.0,동,70.5,13.0,42.0,65.0,48.9
27578,백현마을5단지,성남시 분당구,,백현동,37.390388,127.112002,2.0,79.2,84.2,18.0,9.0,0.0,26.0,78.1576923076923,84.2,8.76,28.0,46,75.76739130434783,84.2,5.555555555555555,28.0,동,79.2,9.0,76.80000000000001,45.0,67.26
563,극동그린,강남구,,압구정동,37.541954,127.009825,2.0,77.4,80.5,10.0,5.0,0.0,24.0,78.85416666666667,86.1,8.583333333333334,22.0,24,78.85416666666667,86.1,8.583333333333334,22.0,동,77.4,5.0,69.60000000000002,25.0,56.22000000000001
1879,한양,성남시 분당구,,백현동,37.380797,127.126016,2.0,79.2,84.2,18.0,9.0,0.0,26.0,78.1576923076923,84.2,8.76,28.0,46,75.76739130434783,84.2,5.555555555555555,28.0,동,79.2,9.0,76.80000000000001,45.0,67.26
971,대치현대,강남구,,대치동,37.500906,127.061068,2.0,83.4,86.1,22.0,11.0,1.0,24.0,78.85416666666667,86.1,8.583333333333334,22.0,24,78.85416666666667,86.1,8.583333333333334,22.0,동,83.4,11.0,93.60000000000002,55.00000000000001,82.02000000000001
27643,백현마을2단지,성남시 분당구,,백현동,37.393293,127.118484,2.0,79.2,84.2,18.0,9.0,0.0,26.0,78.1576923076923,84.2,8.76,28.0,46,75.76739130434783,84.2,5.555555555555555,28.0,동,79.2,9.0,76.80000000000001,45.0,67.26
27596,백현마을6단지,성남시 분당구,,백현동,37.390989,127.110403,2.0,79.2,84.2,18.0,9.0,0.0,26.0,78.1576923076923,84.2,8.76,28.0,46,75.76739130434783,84.2,5.555555555555555,28.0,동,79.2,9.0,76.80000000000001,45.0,67.26
105171,서초네이처힐3단지,서초구,,양재동,37.464722,127.027902,,,,,,,16.0,76.86875,82.1,7.2,15.0,16,76.86875,82.1,7.2,15.0,시구,76.86875,7.2,67.47500000000002,36.0,58.03250000000001
1222,강변삼성스위트,영등포구,,여의도동,37.534044,126.948536,2.0,73.75,73.8,11.0,5.5,0.0,12.0,73.81666666666666,80.8,3.4166666666666665,7.0,12,73.81666666666666,80.8,3.4166666666666665,7.0,동,73.75,5.5,55.00000000000001,27.500000000000004,46.75
11116,경남아너스빌,영등포구,,당산동,37.524284,126.902753,,,,,,,12.0,73.81666666666666,80.8,3.4166666666666665,7.0,12,73.81666666666666,80.8,3.4166666666666665,7.0,시구,73.81666666666666,3.4166666666666665,55.26666666666665,17.083333333333332,43.81166666666665
504,양재우성,서초구,,서초동,37.474905,127.031343,,,,,,,16.0,76.86875,82.1,7.2,15.0,16,76.86875,82.1,7.2,15.0,시구,76.86875,7.2,67.47500000000002,36.0,58.03250000000001
2537,이매진흥,성남시 분당구,,삼평동,37.396258,127.12709,1.0,77.0,77.0,2.0,2.0,0.0,26.0,78.1576923076923,84.2,8.76,28.0,46,75.76739130434783,84.2,5.555555555555555,28.0,동,77.0,2.0,68.0,10.0,50.6
472,"임광1,2차",서초구,,방배동,37.476908,127.002419,1.0,74.4,74.4,9.0,9.0,1.0,16.0,76.86875,82.1,7.2,15.0,16,76.86875,82.1,7.2,15.0,동,74.4,9.0,57.600000000000016,45.0,53.82000000000001
107799,강남데시앙포레,강남구,,수서동,37.480907,127.090167,2.0,78.35,83.9,14.0,7.0,0.0,24.0,78.85416666666667,86.1,8.583333333333334,22.0,24,78.85416666666667,86.1,8.583333333333334,22.0,동,78.35,7.0,73.39999999999998,35.0,61.87999999999998
1210,당산현대5차,영등포구,,당산동,37.52972,126.90066,,,,,,,12.0,73.81666666666666,80.8,3.4166666666666665,7.0,12,73.81666666666666,80.8,3.4166666666666665,7.0,시구,73.81666666666666,3.4166666666666665,55.26666666666665,17.083333333333332,43.81166666666665
3561,성원,영등포구,,신길동,37.509501,126.925603,1.0,76.0,76.0,2.0,2.0,0.0,12.0,73.81666666666666,80.8,3.4166666666666665,7.0,12,73.81666666666666,80.8,3.4166666666666665,7.0,동,76.0,2.0,64.0,10.0,47.8
676,래미안당산1차,영등포구,,당산동,37.534405,126.905864,,,,,,,12.0,73.81666666666666,80.8,3.4166666666666665,7.0,12,73.81666666666666,80.8,3.4166666666666665,7.0,시구,73.81666666666666,3.4166666666666665,55.26666666666665,17.083333333333332,43.81166666666665
107544,송파파크하비오푸르지오,강남구,,수서동,37.480506,127.123239,2.0,78.35,83.9,14.0,7.0,0.0,24.0,78.85416666666667,86.1,8.583333333333334,22.0,24,78.85416666666667,86.1,8.583333333333334,22.0,동,78.35,7.0,73.39999999999998,35.0,61.87999999999998
120522,e편한세상영등포아델포레,영등포구,,대림동,37.494656,126.907599,2.0,68.94999999999999,71.6,2.0,1.0,0.0,12.0,73.81666666666666,80.8,3.4166666666666665,7.0,12,73.81666666666666,80.8,3.4166666666666665,7.0,동,68.94999999999999,1.0,35.799999999999955,5.0,26.559999999999967
968,그린,동작구,,노량진동,37.524037,126.95801,,,,,,,16.0,74.85625,83.3,2.5625,8.0,16,74.85625,83.3,2.5625,8.0,시구,74.85625,2.5625,59.42500000000002,12.812499999999998,45.44125000000001
1317,현대1차,서초구,,양재동,37.482427,127.05447,,,,,,,16.0,76.86875,82.1,7.2,15.0,16,76.86875,82.1,7.2,15.0,시구,76.86875,7.2,67.47500000000002,36.0,58.03250000000001
2578,이매한신,성남시 분당구,,백현동,37.388439,127.126096,2.0,79.2,84.2,18.0,9.0,0.0,26.0,78.1576923076923,84.2,8.76,28.0,46,75.76739130434783,84.2,5.555555555555555,28.0,동,79.2,9.0,76.80000000000001,45.0,67.26
1209,당산효성1차,영등포구,,당산동,37.530729,126.902037,,,,,,,12.0,73.81666666666666,80.8,3.4166666666666665,7.0,12,73.81666666666666,80.8,3.4166666666666665,7.0,시구,73.81666666666666,3.4166666666666665,55.26666666666665,17.083333333333332,43.81166666666665
114329,인덕원푸르지오엘센트로,안양시 동안구,,평촌동,37.394433,126.983909,,,,,,,15.0,78.56666666666666,84.4,13.733333333333333,56.0,24,75.26666666666667,84.4,9.416666666666666,56.0,시구,78.56666666666666,13.733333333333333,74.26666666666665,68.66666666666667,72.58666666666664
8348,당산푸르지오,영등포구,,당산동,37.530298,126.90606,,,,,,,12.0,73.81666666666666,80.8,3.4166666666666665,7.0,12,73.81666666666666,80.8,3.4166666666666665,7.0,시구,73.81666666666666,3.4166666666666665,55.26666666666665,17.083333333333332,43.81166666666665
84,현대프라임,송파구,,풍납동,37.53731,127.09798,1.0,71.1,71.1,1.0,1.0,1.0,29.0,74.12068965517241,83.5,5.241379310344827,17.0,29,74.12068965517241,83.5,5.241379310344827,17.0,동,71.1,1.0,44.39999999999998,5.0,32.579999999999984
136750,과천푸르지오오르투스,과천시,,갈현동,37.416664,126.987233,,,,,,,3.0,78.93333333333334,82.8,36.66666666666666,63.0,3,78.93333333333334,82.8,36.66666666666666,63.0,시구,78.93333333333334,36.66666666666666,75.73333333333335,100.0,83.01333333333335
24721,광장현대파크빌10차,송파구,,풍납동,37.544274,127.101682,1.0,71.1,71.1,1.0,1.0,1.0,29.0,74.12068965517241,83.5,5.241379310344827,17.0,29,74.12068965517241,83.5,5.241379310344827,17.0,동,71.1,1.0,44.39999999999998,5.0,32.579999999999984
121979,래미안목동아델리체,양천구,,신월동,37.518668,126.851952,2.0,62.55,63.7,3.0,1.5,0.0,18.0,71.30000000000001,80.9,9.22222222222222,29.0,18,71.30000000000001,80.9,9.22222222222222,29.0,동,62.55,1.5,10.199999999999989,7.5,9.389999999999992
661,목동한신청구,강서구,,염창동,37.541612,126.881769,2.0,75.65,76.3,16.0,8.0,0.0,22.0,72.8,77.9,3.409090909090909,11.0,22,72.8,77.9,3.409090909090909,11.0,동,75.65,8.0,62.60000000000002,40.0,55.820000000000014
118771,산성역포레스티아,성남시 수정구,,단대동,37.45328,127.147565,3.0,70.63333333333334,74.0,1.0,0.3333333333333333,0.0,10.0,73.02000000000001,79.7,2.4,14.0,46,75.76739130434783,84.2,5.555555555555555,28.0,동,70.63333333333334,0.3333333333333333,42.53333333333336,1.6666666666666667,30.27333333333335
2505,인덕원마을삼성,안양시 동안구,,관양동,37.398436,126.979347,1.0,76.3,76.3,0.0,0.0,0.0,15.0,78.56666666666666,84.4,13.733333333333333,56.0,24,75.26666666666667,84.4,9.416666666666666,56.0,동,76.3,0.0,65.19999999999999,0.0,45.63999999999999
128302,더샵파크프레스티지,영등포구,,당산동1가,37.507877,126.916681,,,,,,,12.0,73.81666666666666,80.8,3.4166666666666665,7.0,12,73.81666666666666,80.8,3.4166666666666665,7.0,시구,73.81666666666666,3.4166666666666665,55.26666666666665,17.083333333333332,43.81166666666665
9497,관악동부센트레빌,동작구,,상도동,37.487382,126.950864,2.0,78.69999999999999,83.3,8.0,4.0,0.0,16.0,74.85625,83.3,2.5625,8.0,16,74.85625,83.3,2.5625,8.0,동,78.69999999999999,4.0,74.79999999999995,20.0,58.35999999999997
668,삼익,강남구,,수서동,37.489383,127.100632,2.0,78.35,83.9,14.0,7.0,0.0,24.0,78.85416666666667,86.1,8.583333333333334,22.0,24,78.85416666666667,86.1,8.583333333333334,22.0,동,78.35,7.0,73.39999999999998,35.0,61.87999999999998
2985,동부센트레빌,영등포구,,당산동,37.524464,126.900794,,,,,,,12.0,73.81666666666666,80.8,3.4166666666666665,7.0,12,73.81666666666666,80.8,3.4166666666666665,7.0,시구,73.81666666666666,3.4166666666666665,55.26666666666665,17.083333333333332,43.81166666666665
3811,현대한강,동작구,,노량진동,37.523167,126.958486,,,,,,,16.0,74.85625,83.3,2.5625,8.0,16,74.85625,83.3,2.5625,8.0,시구,74.85625,2.5625,59.42500000000002,12.812499999999998,45.44125000000001
107901,서초더샵포레,서초구,,내곡동,37.452654,127.06345,,,,,,,16.0,76.86875,82.1,7.2,15.0,16,76.86875,82.1,7.2,15.0,시구,76.86875,7.2,67.47500000000002,36.0,58.03250000000001
2645,상록우성,성남시 분당구,,궁내동,37.364204,127.112097,,,,,,,26.0,78.1576923076923,84.2,8.76,28.0,46,75.76739130434783,84.2,5.555555555555555,28.0,시구,78.1576923076923,8.76,72.6307692307692,43.8,63.98153846153844
2229,장미8단지현대,성남시 분당구,,삼평동,37.415601,127.13152,1.0,77.0,77.0,2.0,2.0,0.0,26.0,78.1576923076923,84.2,8.76,28.0,46,75.76739130434783,84.2,5.555555555555555,28.0,동,77.0,2.0,68.0,10.0,50.6
19370,서울대입구아이원,관악구,,봉천동,37.478721,126.945536,5.0,72.08,77.4,10.0,2.0,0.2,16.0,69.8875,77.4,1.3125,5.0,16,69.8875,77.4,1.3125,5.0,동,72.08,2.0,48.31999999999999,10.0,36.82399999999999
27577,백현마을7단지,성남시 분당구,,백현동,37.389012,127.109941,2.0,79.2,84.2,18.0,9.0,0.0,26.0,78.1576923076923,84.2,8.76,28.0,46,75.76739130434783,84.2,5.555555555555555,28.0,동,79.2,9.0,76.80000000000001,45.0,67.26
115201,마포한강아이파크,영등포구,,양평동5가,37.55269,126.90306,,,,,,,12.0,73.81666666666666,80.8,3.4166666666666665,7.0,12,73.81666666666666,80.8,3.4166666666666665,7.0,시구,73.81666666666666,3.4166666666666665,55.26666666666665,17.083333333333332,43.81166666666665
147880,안양역푸르지오더샵,안양시 동안구,,비산동,37.398648,126.927326,1.0,69.6,69.6,1.0,1.0,0.0,15.0,78.56666666666666,84.4,13.733333333333333,56.0,24,75.26666666666667,84.4,9.416666666666666,56.0,동,69.6,1.0,38.39999999999998,5.0,28.37999999999998
175697,아크로베스티뉴,안양시 동안구,,비산동,37.387479,126.948329,1.0,69.6,69.6,1.0,1.0,0.0,15.0,78.56666666666666,84.4,13.733333333333333,56.0,24,75.26666666666667,84.4,9.416666666666666,56.0,동,69.6,1.0,38.39999999999998,5.0,28.37999999999998
1138,사당자이,동작구,,동작동,37.489063,126.962635,1.0,77.4,77.4,3.0,3.0,0.0,16.0,74.85625,83.3,2.5625,8.0,16,74.85625,83.3,2.5625,8.0,동,77.4,3.0,69.60000000000002,15.0,53.22000000000001
100267,판교봇들마을3단지,성남시 분당구,,삼평동,37.40298,127.115145,1.0,77.0,77.0,2.0,2.0,0.0,26.0,78.1576923076923,84.2,8.76,28.0,46,75.76739130434783,84.2,5.555555555555555,28.0,동,77.0,2.0,68.0,10.0,50.6
2982,강변래미안,영등포구,,당산동,37.529785,126.908138,,,,,,,12.0,73.81666666666666,80.8,3.4166666666666665,7.0,12,73.81666666666666,80.8,3.4166666666666665,7.0,시구,73.81666666666666,3.4166666666666665,55.26666666666665,17.083333333333332,43.81166666666665
115547,신길센트럴아이파크,영등포구,,대림동,37.504421,126.904254,2.0,68.94999999999999,71.6,2.0,1.0,0.0,12.0,73.81666666666666,80.8,3.4166666666666665,7.0,12,73.81666666666666,80.8,3.4166666666666665,7.0,동,68.94999999999999,1.0,35.799999999999955,5.0,26.559999999999967
155817,올림픽파크포레온,송파구,,방이동,37.523857,127.138787,3.0,71.33333333333333,75.8,0.0,0.0,0.0,29.0,74.12068965517241,83.5,5.241379310344827,17.0,29,74.12068965517241,83.5,5.241379310344827,17.0,동,71.33333333333333,0.0,45.333333333333314,0.0,31.73333333333332
3204,신도림태영타운,영등포구,,대림동,37.506025,126.888815,2.0,68.94999999999999,71.6,2.0,1.0,0.0,12.0,73.81666666666666,80.8,3.4166666666666665,7.0,12,73.81666666666666,80.8,3.4166666666666665,7.0,동,68.94999999999999,1.0,35.799999999999955,5.0,26.559999999999967
391,우성1차,영등포구,,대림동,37.49209,126.911547,2.0,68.94999999999999,71.6,2.0,1.0,0.0,12.0,73.81666666666666,80.8,3.4166666666666665,7.0,12,73.81666666666666,80.8,3.4166666666666665,7.0,동,68.94999999999999,1.0,35.799999999999955,5.0,26.559999999999967
102536,광교자이더클래스,수원시 영통구,,하동,37.297196,127.071716,1.0,77.7,77.7,4.0,4.0,0.0,21.0,76.75238095238095,82.6,5.571428571428571,19.0,57,73.70877192982455,82.6,3.3508771929824563,19.0,동,77.7,4.0,70.80000000000001,20.0,55.56
677,당산삼성2차,영등포구,,당산동,37.528145,126.898409,,,,,,,12.0,73.81666666666666,80.8,3.4166666666666665,7.0,12,73.81666666666666,80.8,3.4166666666666665,7.0,시구,73.81666666666666,3.4166666666666665,55.26666666666665,17.083333333333332,43.81166666666665
762,대림,동작구,,노량진동,37.5248,126.955646,,,,,,,16.0,74.85625,83.3,2.5625,8.0,16,74.85625,83.3,2.5625,8.0,시구,74.85625,2.5625,59.42500000000002,12.812499999999998,45.44125000000001
108832,서초포레스타2단지,서초구,,내곡동,37.455554,127.060962,,,,,,,16.0,76.86875,82.1,7.2,15.0,16,76.86875,82.1,7.2,15.0,시구,76.86875,7.2,67.47500000000002,36.0,58.03250000000001
908,삼성,강남구,,청담동,37.532499,127.071568,,,,,,,24.0,78.85416666666667,86.1,8.583333333333334,22.0,24,78.85416666666667,86.1,8.583333333333334,22.0,시구,78.85416666666667,8.583333333333334,75.41666666666669,42.91666666666667,65.66666666666669
598,가락쌍용1차,송파구,,가락동,37.495622,127.127624,2.0,74.75,75.7,7.0,3.5,0.0,29.0,74.12068965517241,83.5,5.241379310344827,17.0,29,74.12068965517241,83.5,5.241379310344827,17.0,동,74.75,3.5,59.0,17.5,46.55
1525,아름5단지풍림,성남시 분당구,,백현동,37.39676,127.121798,2.0,79.2,84.2,18.0,9.0,0.0,26.0,78.1576923076923,84.2,8.76,28.0,46,75.76739130434783,84.2,5.555555555555555,28.0,동,79.2,9.0,76.80000000000001,45.0,67.26
2555,이매청구,성남시 분당구,,삼평동,37.392151,127.127307,1.0,77.0,77.0,2.0,2.0,0.0,26.0,78.1576923076923,84.2,8.76,28.0,46,75.76739130434783,84.2,5.555555555555555,28.0,동,77.0,2.0,68.0,10.0,50.6
2493,이매삼성,성남시 분당구,,삼평동,37.401623,127.127491,1.0,77.0,77.0,2.0,2.0,0.0,26.0,78.1576923076923,84.2,8.76,28.0,46,75.76739130434783,84.2,5.555555555555555,28.0,동,77.0,2.0,68.0,10.0,50.6
102283,센트럴타운,성남시 분당구,,야탑동,37.418195,127.131365,1.0,72.7,72.7,0.0,0.0,0.0,26.0,78.1576923076923,84.2,8.76,28.0,46,75.76739130434783,84.2,5.555555555555555,28.0,동,72.7,0.0,50.80000000000001,0.0,35.56
137596,산성역자이푸르지오1단지,성남시 수정구,,단대동,37.447418,127.146797,3.0,70.63333333333334,74.0,1.0,0.3333333333333333,0.0,10.0,73.02000000000001,79.7,2.4,14.0,46,75.76739130434783,84.2,5.555555555555555,28.0,동,70.63333333333334,0.3333333333333333,42.53333333333336,1.6666666666666667,30.27333333333335
2595,초원7단지부영,안양시 동안구,,평촌동,37.391797,126.964982,,,,,,,15.0,78.56666666666666,84.4,13.733333333333333,56.0,24,75.26666666666667,84.4,9.416666666666666,56.0,시구,78.56666666666666,13.733333333333333,74.26666666666665,68.66666666666667,72.58666666666664
3793,삼성래미안,영등포구,,대림동,37.505743,126.91521,2.0,68.94999999999999,71.6,2.0,1.0,0.0,12.0,73.81666666666666,80.8,3.4166666666666665,7.0,12,73.81666666666666,80.8,3.4166666666666665,7.0,동,68.94999999999999,1.0,35.799999999999955,5.0,26.559999999999967
2198,장미1단지동부,성남시 분당구,,삼평동,37.415256,127.125868,1.0,77.0,77.0,2.0,2.0,0.0,26.0,78.1576923076923,84.2,8.76,28.0,46,75.76739130434783,84.2,5.555555555555555,28.0,동,77.0,2.0,68.0,10.0,50.6
967,영등포삼환,영등포구,,당산동,37.52962,126.904927,,,,,,,12.0,73.81666666666666,80.8,3.4166666666666665,7.0,12,73.81666666666666,80.8,3.4166666666666665,7.0,시구,73.81666666666666,3.4166666666666665,55.26666666666665,17.083333333333332,43.81166666666665
3751,잠실한솔,강남구,,수서동,37.50358,127.10439,2.0,78.35,83.9,14.0,7.0,0.0,24.0,78.85416666666667,86.1,8.583333333333334,22.0,24,78.85416666666667,86.1,8.583333333333334,22.0,동,78.35,7.0,73.39999999999998,35.0,61.87999999999998
399,청호,동작구,,동작동,37.501241,126.963201,1.0,77.4,77.4,3.0,3.0,0.0,16.0,74.85625,83.3,2.5625,8.0,16,74.85625,83.3,2.5625,8.0,동,77.4,3.0,69.60000000000002,15.0,53.22000000000001
127132,송파시그니처롯데캐슬,송파구,,거여동,37.495827,127.147823,1.0,74.6,74.6,7.0,7.0,0.0,29.0,74.12068965517241,83.5,5.241379310344827,17.0,29,74.12068965517241,83.5,5.241379310344827,17.0,동,74.6,7.0,58.39999999999998,35.0,51.37999999999998
113432,래미안솔베뉴,강동구,,고덕동,37.552813,127.145204,2.0,73.95,74.7,27.0,13.5,0.5,19.0,72.88333333333334,83.6,5.526315789473684,20.0,19,72.88333333333334,83.6,5.526315789473684,20.0,동,73.95,13.5,55.80000000000002,67.5,59.31000000000001
3450,문래힐스테이트,영등포구,,당산동1가,37.518745,126.890482,,,,,,,12.0,73.81666666666666,80.8,3.4166666666666665,7.0,12,73.81666666666666,80.8,3.4166666666666665,7.0,시구,73.81666666666666,3.4166666666666665,55.26666666666665,17.083333333333332,43.81166666666665
174198,잠실더샵루벤,강남구,,수서동,37.500277,127.117263,2.0,78.35,83.9,14.0,7.0,0.0,24.0,78.85416666666667,86.1,8.583333333333334,22.0,24,78.85416666666667,86.1,8.583333333333334,22.0,동,78.35,7.0,73.39999999999998,35.0,61.87999999999998
119875,e편한세상송파파크센트럴,송파구,,거여동,37.493165,127.150335,1.0,74.6,74.6,7.0,7.0,0.0,29.0,74.12068965517241,83.5,5.241379310344827,17.0,29,74.12068965517241,83.5,5.241379310344827,17.0,동,74.6,7.0,58.39999999999998,35.0,51.37999999999998
2530,이매성지,성남시 분당구,,백현동,37.393965,127.126506,2.0,79.2,84.2,18.0,9.0,0.0,26.0,78.1576923076923,84.2,8.76,28.0,46,75.76739130434783,84.2,5.555555555555555,28.0,동,79.2,9.0,76.80000000000001,45.0,67.26
687,한양,영등포구,,당산동,37.525577,126.900325,,,,,,,12.0,73.81666666666666,80.8,3.4166666666666665,7.0,12,73.81666666666666,80.8,3.4166666666666665,7.0,시구,73.81666666666666,3.4166666666666665,55.26666666666665,17.083333333333332,43.81166666666665
126153,e편한세상금빛그랑메종1단지,성남시 수정구,,단대동,37.443688,127.160719,3.0,70.63333333333334,74.0,1.0,0.3333333333333333,0.0,10.0,73.02000000000001,79.7,2.4,14.0,46,75.76739130434783,84.2,5.555555555555555,28.0,동,70.63333333333334,0.3333333333333333,42.53333333333336,1.6666666666666667,30.27333333333335
3354,"신도림대림1,2차(e편한세상)",양천구,,신정동,37.505825,126.880348,,,,,,,18.0,71.30000000000001,80.9,9.22222222222222,29.0,18,71.30000000000001,80.9,9.22222222222222,29.0,시구,71.30000000000001,9.22222222222222,45.200000000000045,46.1111111111111,45.47333333333336
81,구의현대2단지,송파구,,풍납동,37.53951,127.096126,1.0,71.1,71.1,1.0,1.0,1.0,29.0,74.12068965517241,83.5,5.241379310344827,17.0,29,74.12068965517241,83.5,5.241379310344827,17.0,동,71.1,1.0,44.39999999999998,5.0,32.579999999999984
153998,느티마을공무원3단지,성남시 분당구,,궁내동,37.367972,127.111104,,,,,,,26.0,78.1576923076923,84.2,8.76,28.0,46,75.76739130434783,84.2,5.555555555555555,28.0,시구,78.1576923076923,8.76,72.6307692307692,43.8,63.98153846153844
2217,장미1단지코오롱,성남시 분당구,,삼평동,37.415195,127.12503,1.0,77.0,77.0,2.0,2.0,0.0,26.0,78.1576923076923,84.2,8.76,28.0,46,75.76739130434783,84.2,5.555555555555555,28.0,동,77.0,2.0,68.0,10.0,50.6
2484,이매동신9단지,성남시 분당구,,삼평동,37.398333,127.127393,1.0,77.0,77.0,2.0,2.0,0.0,26.0,78.1576923076923,84.2,8.76,28.0,46,75.76739130434783,84.2,5.555555555555555,28.0,동,77.0,2.0,68.0,10.0,50.6
2392,아름4단지두산삼호,성남시 분당구,,삼평동,37.400913,127.121761,1.0,77.0,77.0,2.0,2.0,0.0,26.0,78.1576923076923,84.2,8.76,28.0,46,75.76739130434783,84.2,5.555555555555555,28.0,동,77.0,2.0,68.0,10.0,50.6
8205,인덕원센트럴푸르지오,안양시 동안구,,관양동,37.395117,126.978997,1.0,76.3,76.3,0.0,0.0,0.0,15.0,78.56666666666666,84.4,13.733333333333333,56.0,24,75.26666666666667,84.4,9.416666666666666,56.0,동,76.3,0.0,65.19999999999999,0.0,45.63999999999999
700,문래공원한신,영등포구,,당산동1가,37.517623,126.892851,,,,,,,12.0,73.81666666666666,80.8,3.4166666666666665,7.0,12,73.81666666666666,80.8,3.4166666666666665,7.0,시구,73.81666666666666,3.4166666666666665,55.26666666666665,17.083333333333332,43.81166666666665
698,현대3차,영등포구,,대림동,37.505644,126.895313,2.0,68.94999999999999,71.6,2.0,1.0,0.0,12.0,73.81666666666666,80.8,3.4166666666666665,7.0,12,73.81666666666666,80.8,3.4166666666666665,7.0,동,68.94999999999999,1.0,35.799999999999955,5.0,26.559999999999967
48,보라매삼성,영등포구,,신길동,37.494315,126.928184,1.0,76.0,76.0,2.0,2.0,0.0,12.0,73.81666666666666,80.8,3.4166666666666665,7.0,12,73.81666666666666,80.8,3.4166666666666665,7.0,동,76.0,2.0,64.0,10.0,47.8
63,신림동부,동작구,,신대방동,37.480778,126.928852,2.0,69.1,72.1,4.0,2.0,0.0,16.0,74.85625,83.3,2.5625,8.0,16,74.85625,83.3,2.5625,8.0,동,69.1,2.0,36.39999999999998,10.0,28.479999999999983
22809,래미안파크팰리스,송파구,,가락동,37.498181,127.132407,2.0,74.75,75.7,7.0,3.5,0.0,29.0,74.12068965517241,83.5,5.241379310344827,17.0,29,74.12068965517241,83.5,5.241379310344827,17.0,동,74.75,3.5,59.0,17.5,46.55
719,삼환,영등포구,,대림동,37.507299,126.919267,2.0,68.94999999999999,71.6,2.0,1.0,0.0,12.0,73.81666666666666,80.8,3.4166666666666665,7.0,12,73.81666666666666,80.8,3.4166666666666665,7.0,동,68.94999999999999,1.0,35.799999999999955,5.0,26.559999999999967
8203,삼성,강남구,,수서동,37.485041,127.090146,2.0,78.35,83.9,14.0,7.0,0.0,24.0,78.85416666666667,86.1,8.583333333333334,22.0,24,78.85416666666667,86.1,8.583333333333334,22.0,동,78.35,7.0,73.39999999999998,35.0,61.87999999999998
102631,인덕원숲속마을4단지,안양시 동안구,,관양동,37.401244,126.984211,1.0,76.3,76.3,0.0,0.0,0.0,15.0,78.56666666666666,84.4,13.733333333333333,56.0,24,75.26666666666667,84.4,9.416666666666666,56.0,동,76.3,0.0,65.19999999999999,0.0,45.63999999999999
107902,서초포레스타3단지,서초구,,내곡동,37.454853,127.058989,,,,,,,16.0,76.86875,82.1,7.2,15.0,16,76.86875,82.1,7.2,15.0,시구,76.86875,7.2,67.47500000000002,36.0,58.03250000000001
88,대동,강남구,,청담동,37.536168,127.068388,,,,,,,24.0,78.85416666666667,86.1,8.583333333333334,22.0,24,78.85416666666667,86.1,8.583333333333334,22.0,시구,78.85416666666667,8.583333333333334,75.41666666666669,42.91666666666667,65.66666666666669
684,진로,영등포구,,당산동,37.520755,126.8963,,,,,,,12.0,73.81666666666666,80.8,3.4166666666666665,7.0,12,73.81666666666666,80.8,3.4166666666666665,7.0,시구,73.81666666666666,3.4166666666666665,55.26666666666665,17.083333333333332,43.81166666666665
26471,송파파인타운8단지,강남구,,율현동,37.47941,127.128475,,,,,,,24.0,78.85416666666667,86.1,8.583333333333334,22.0,24,78.85416666666667,86.1,8.583333333333334,22.0,시구,78.85416666666667,8.583333333333334,75.41666666666669,42.91666666666667,65.66666666666669
136604,과천푸르지오라비엔오,과천시,,갈현동,37.413543,126.983599,,,,,,,3.0,78.93333333333334,82.8,36.66666666666666,63.0,3,78.93333333333334,82.8,36.66666666666666,63.0,시구,78.93333333333334,36.66666666666666,75.73333333333335,100.0,83.01333333333335
3092,삼성래미안,안양시 동안구,,비산동,37.402151,126.924777,1.0,69.6,69.6,1.0,1.0,0.0,15.0,78.56666666666666,84.4,13.733333333333333,56.0,24,75.26666666666667,84.4,9.416666666666666,56.0,동,69.6,1.0,38.39999999999998,5.0,28.37999999999998
26107,송파파인타운9단지,강남구,,율현동,37.478312,127.128748,,,,,,,24.0,78.85416666666667,86.1,8.583333333333334,22.0,24,78.85416666666667,86.1,8.583333333333334,22.0,시구,78.85416666666667,8.583333333333334,75.41666666666669,42.91666666666667,65.66666666666669
101239,광교경남아너스빌,수원시 영통구,,이의동,37.298052,127.06716,2.0,80.1,81.3,21.0,10.5,0.0,21.0,76.75238095238095,82.6,5.571428571428571,19.0,57,73.70877192982455,82.6,3.3508771929824563,19.0,동,80.1,10.5,80.39999999999998,52.5,72.02999999999997
124780,평촌자이아이파크,안양시 동안구,,비산동,37.402739,126.933419,1.0,69.6,69.6,1.0,1.0,0.0,15.0,78.56666666666666,84.4,13.733333333333333,56.0,24,75.26666666666667,84.4,9.416666666666666,56.0,동,69.6,1.0,38.39999999999998,5.0,28.37999999999998
104960,영등포아트자이,영등포구,,당산동1가,37.510814,126.899919,,,,,,,12.0,73.81666666666666,80.8,3.4166666666666665,7.0,12,73.81666666666666,80.8,3.4166666666666665,7.0,시구,73.81666666666666,3.4166666666666665,55.26666666666665,17.083333333333332,43.81166666666665
12473,보라매경남아너스빌,영등포구,,대림동,37.495089,126.910362,2.0,68.94999999999999,71.6,2.0,1.0,0.0,12.0,73.81666666666666,80.8,3.4166666666666665,7.0,12,73.81666666666666,80.8,3.4166666666666665,7.0,동,68.94999999999999,1.0,35.799999999999955,5.0,26.559999999999967
3014,느티마을공무원4단지,성남시 분당구,,궁내동,37.367363,127.113753,,,,,,,26.0,78.1576923076923,84.2,8.76,28.0,46,75.76739130434783,84.2,5.555555555555555,28.0,시구,78.1576923076923,8.76,72.6307692307692,43.8,63.98153846153844
2872,탑경남,성남시 분당구,,삼평동,37.40716,127.13063,1.0,77.0,77.0,2.0,2.0,0.0,26.0,78.1576923076923,84.2,8.76,28.0,46,75.76739130434783,84.2,5.555555555555555,28.0,동,77.0,2.0,68.0,10.0,50.6
726,한성,영등포구,,대림동,37.50482,126.919155,2.0,68.94999999999999,71.6,2.0,1.0,0.0,12.0,73.81666666666666,80.8,3.4166666666666665,7.0,12,73.81666666666666,80.8,3.4166666666666665,7.0,동,68.94999999999999,1.0,35.799999999999955,5.0,26.559999999999967
118128,더샵판교퍼스트파크,성남시 분당구,,궁내동,37.383235,127.094735,,,,,,,26.0,78.1576923076923,84.2,8.76,28.0,46,75.76739130434783,84.2,5.555555555555555,28.0,시구,78.1576923076923,8.76,72.6307692307692,43.8,63.98153846153844
27205,봇들1단지판교신미주,성남시 분당구,,삼평동,37.406685,127.112781,1.0,77.0,77.0,2.0,2.0,0.0,26.0,78.1576923076923,84.2,8.76,28.0,46,75.76739130434783,84.2,5.555555555555555,28.0,동,77.0,2.0,68.0,10.0,50.6
100514,광장힐스테이트,송파구,,풍납동,37.543547,127.099665,1.0,71.1,71.1,1.0,1.0,1.0,29.0,74.12068965517241,83.5,5.241379310344827,17.0,29,74.12068965517241,83.5,5.241379310344827,17.0,동,71.1,1.0,44.39999999999998,5.0,32.579999999999984
722,신길우성3차,영등포구,,대림동,37.49696,126.909079,2.0,68.94999999999999,71.6,2.0,1.0,0.0,12.0,73.81666666666666,80.8,3.4166666666666665,7.0,12,73.81666666666666,80.8,3.4166666666666665,7.0,동,68.94999999999999,1.0,35.799999999999955,5.0,26.559999999999967
3084,파크타운,성남시 분당구,,궁내동,37.371509,127.120097,,,,,,,26.0,78.1576923076923,84.2,8.76,28.0,46,75.76739130434783,84.2,5.555555555555555,28.0,시구,78.1576923076923,8.76,72.6307692307692,43.8,63.98153846153844
27371,봇들마을4단지,성남시 분당구,,삼평동,37.403408,127.117925,1.0,77.0,77.0,2.0,2.0,0.0,26.0,78.1576923076923,84.2,8.76,28.0,46,75.76739130434783,84.2,5.555555555555555,28.0,동,77.0,2.0,68.0,10.0,50.6
1463,공작부영,안양시 동안구,,관양동,37.39769,126.95897,1.0,76.3,76.3,0.0,0.0,0.0,15.0,78.56666666666666,84.4,13.733333333333333,56.0,24,75.26666666666667,84.4,9.416666666666666,56.0,동,76.3,0.0,65.19999999999999,0.0,45.63999999999999
10169,대우,영등포구,,당산동,37.521317,126.892819,,,,,,,12.0,73.81666666666666,80.8,3.4166666666666665,7.0,12,73.81666666666666,80.8,3.4166666666666665,7.0,시구,73.81666666666666,3.4166666666666665,55.26666666666665,17.083333333333332,43.81166666666665
393,한신잠실코아,송파구,,방이동,37.516822,127.10442,3.0,71.33333333333333,75.8,0.0,0.0,0.0,29.0,74.12068965517241,83.5,5.241379310344827,17.0,29,74.12068965517241,83.5,5.241379310344827,17.0,동,71.33333333333333,0.0,45.333333333333314,0.0,31.73333333333332
136745,과천르센토데시앙,과천시,,갈현동,37.412384,126.986205,,,,,,,3.0,78.93333333333334,82.8,36.66666666666666,63.0,3,78.93333333333334,82.8,36.66666666666666,63.0,시구,78.93333333333334,36.66666666666666,75.73333333333335,100.0,83.01333333333335
8073,삼성래미안,영등포구,,대림동,37.487655,126.891925,2.0,68.94999999999999,71.6,2.0,1.0,0.0,12.0,73.81666666666666,80.8,3.4166666666666665,7.0,12,73.81666666666666,80.8,3.4166666666666665,7.0,동,68.94999999999999,1.0,35.799999999999955,5.0,26.559999999999967
93,자양우성3차,강남구,,청담동,37.536311,127.071645,,,,,,,24.0,78.85416666666667,86.1,8.583333333333334,22.0,24,78.85416666666667,86.1,8.583333333333334,22.0,시구,78.85416666666667,8.583333333333334,75.41666666666669,42.91666666666667,65.66666666666669
2876,탑선경,성남시 분당구,,삼평동,37.408205,127.12084,1.0,77.0,77.0,2.0,2.0,0.0,26.0,78.1576923076923,84.2,8.76,28.0,46,75.76739130434783,84.2,5.555555555555555,28.0,동,77.0,2.0,68.0,10.0,50.6
3356,신도림4차e-편한세상,영등포구,,당산동1가,37.511129,126.887359,,,,,,,12.0,73.81666666666666,80.8,3.4166666666666665,7.0,12,73.81666666666666,80.8,3.4166666666666665,7.0,시구,73.81666666666666,3.4166666666666665,55.26666666666665,17.083333333333332,43.81166666666665
27239,봇들2단지이지더원,성남시 분당구,,삼평동,37.407129,127.117916,1.0,77.0,77.0,2.0,2.0,0.0,26.0,78.1576923076923,84.2,8.76,28.0,46,75.76739130434783,84.2,5.555555555555555,28.0,동,77.0,2.0,68.0,10.0,50.6
107322,산들마을,성남시 분당구,,야탑동,37.419269,127.136516,1.0,72.7,72.7,0.0,0.0,0.0,26.0,78.1576923076923,84.2,8.76,28.0,46,75.76739130434783,84.2,5.555555555555555,28.0,동,72.7,0.0,50.80000000000001,0.0,35.56
132,신도림롯데,영등포구,,대림동,37.50347,126.884476,2.0,68.94999999999999,71.6,2.0,1.0,0.0,12.0,73.81666666666666,80.8,3.4166666666666665,7.0,12,73.81666666666666,80.8,3.4166666666666665,7.0,동,68.94999999999999,1.0,35.799999999999955,5.0,26.559999999999967
2415,아름6단지선경,성남시 분당구,,백현동,37.395726,127.122093,2.0,79.2,84.2,18.0,9.0,0.0,26.0,78.1576923076923,84.2,8.76,28.0,46,75.76739130434783,84.2,5.555555555555555,28.0,동,79.2,9.0,76.80000000000001,45.0,67.26
1074,신도림동아1차,양천구,,신정동,37.511167,126.882755,,,,,,,18.0,71.30000000000001,80.9,9.22222222222222,29.0,18,71.30000000000001,80.9,9.22222222222222,29.0,시구,71.30000000000001,9.22222222222222,45.200000000000045,46.1111111111111,45.47333333333336
2445,이매금강,성남시 분당구,,백현동,37.390675,127.123845,2.0,79.2,84.2,18.0,9.0,0.0,26.0,78.1576923076923,84.2,8.76,28.0,46,75.76739130434783,84.2,5.555555555555555,28.0,동,79.2,9.0,76.80000000000001,45.0,67.26
2875,탑벽산,성남시 분당구,,야탑동,37.408803,127.132231,1.0,72.7,72.7,0.0,0.0,0.0,26.0,78.1576923076923,84.2,8.76,28.0,46,75.76739130434783,84.2,5.555555555555555,28.0,동,72.7,0.0,50.80000000000001,0.0,35.56
103305,강서힐스테이트,강서구,,내발산동,37.546914,126.839257,4.0,76.05000000000001,77.9,24.0,6.0,0.75,22.0,72.8,77.9,3.409090909090909,11.0,22,72.8,77.9,3.409090909090909,11.0,동,76.05000000000001,6.0,64.20000000000005,30.0,53.940000000000026
116836,힐스테이트강동리버뷰,강동구,,암사동,37.549135,127.125442,,,,,,,19.0,72.88333333333334,83.6,5.526315789473684,20.0,19,72.88333333333334,83.6,5.526315789473684,20.0,시구,72.88333333333334,5.526315789473684,51.53333333333337,27.631578947368418,44.36280701754388
7966,한솔4단지주공,성남시 분당구,,궁내동,37.368282,127.118834,,,,,,,26.0,78.1576923076923,84.2,8.76,28.0,46,75.76739130434783,84.2,5.555555555555555,28.0,시구,78.1576923076923,8.76,72.6307692307692,43.8,63.98153846153844
129264,매교역푸르지오SK뷰,수원시 권선구,,세류동,37.267671,127.019942,1.0,69.6,69.6,1.0,1.0,0.0,14.0,71.78571428571429,78.6,1.7142857142857142,4.0,57,73.70877192982455,82.6,3.3508771929824563,19.0,동,69.6,1.0,38.39999999999998,5.0,28.37999999999998
176717,산성역자이푸르지오2단지,성남시 수정구,,단대동,37.449696,127.148658,3.0,70.63333333333334,74.0,1.0,0.3333333333333333,0.0,10.0,73.02000000000001,79.7,2.4,14.0,46,75.76739130434783,84.2,5.555555555555555,28.0,동,70.63333333333334,0.3333333333333333,42.53333333333336,1.6666666666666667,30.27333333333335
161458,신흥역하늘채랜더스원3단지,성남시 수정구,,단대동,37.440887,127.151462,3.0,70.63333333333334,74.0,1.0,0.3333333333333333,0.0,10.0,73.02000000000001,79.7,2.4,14.0,46,75.76739130434783,84.2,5.555555555555555,28.0,동,70.63333333333334,0.3333333333333333,42.53333333333336,1.6666666666666667,30.27333333333335
102630,인덕원숲속마을3단지,안양시 동안구,,평촌동,37.403555,126.985716,,,,,,,15.0,78.56666666666666,84.4,13.733333333333333,56.0,24,75.26666666666667,84.4,9.416666666666666,56.0,시구,78.56666666666666,13.733333333333333,74.26666666666665,68.66666666666667,72.58666666666664
3335,광장신동아파밀리에,송파구,,풍납동,37.546893,127.10483,1.0,71.1,71.1,1.0,1.0,1.0,29.0,74.12068965517241,83.5,5.241379310344827,17.0,29,74.12068965517241,83.5,5.241379310344827,17.0,동,71.1,1.0,44.39999999999998,5.0,32.579999999999984
102312,동편마을3단지,과천시,,갈현동,37.413224,126.970109,,,,,,,3.0,78.93333333333334,82.8,36.66666666666666,63.0,3,78.93333333333334,82.8,36.66666666666666,63.0,시구,78.93333333333334,36.66666666666666,75.73333333333335,100.0,83.01333333333335
161457,신흥역하늘채랜더스원2단지,성남시 수정구,,단대동,37.438715,127.150598,3.0,70.63333333333334,74.0,1.0,0.3333333333333333,0.0,10.0,73.02000000000001,79.7,2.4,14.0,46,75.76739130434783,84.2,5.555555555555555,28.0,동,70.63333333333334,0.3333333333333333,42.53333333333336,1.6666666666666667,30.27333333333335
137232,광교더힐,수원시 영통구,,이의동,37.297795,127.064285,2.0,80.1,81.3,21.0,10.5,0.0,21.0,76.75238095238095,82.6,5.571428571428571,19.0,57,73.70877192982455,82.6,3.3508771929824563,19.0,동,80.1,10.5,80.39999999999998,52.5,72.02999999999997
133573,과천푸르지오벨라르테,과천시,,갈현동,37.411489,126.98938,,,,,,,3.0,78.93333333333334,82.8,36.66666666666666,63.0,3,78.93333333333334,82.8,36.66666666666666,63.0,시구,78.93333333333334,36.66666666666666,75.73333333333335,100.0,83.01333333333335
107929,롯데캐슬골드파크1차,금천구,,독산동,37.459912,126.893932,3.0,67.56666666666666,76.6,6.0,2.0,0.0,9.0,67.45555555555556,76.6,1.0,4.0,9,67.45555555555556,76.6,1.0,4.0,동,67.56666666666666,2.0,30.26666666666665,10.0,24.186666666666653
99,한라,강남구,,청담동,37.535427,127.070378,,,,,,,24.0,78.85416666666667,86.1,8.583333333333334,22.0,24,78.85416666666667,86.1,8.583333333333334,22.0,시구,78.85416666666667,8.583333333333334,75.41666666666669,42.91666666666667,65.66666666666669
649,풍납현대,송파구,,방이동,37.529526,127.118728,3.0,71.33333333333333,75.8,0.0,0.0,0.0,29.0,74.12068965517241,83.5,5.241379310344827,17.0,29,74.12068965517241,83.5,5.241379310344827,17.0,동,71.33333333333333,0.0,45.333333333333314,0.0,31.73333333333332
3386,보라매롯데낙천대,영등포구,,대림동,37.494631,126.913501,2.0,68.94999999999999,71.6,2.0,1.0,0.0,12.0,73.81666666666666,80.8,3.4166666666666665,7.0,12,73.81666666666666,80.8,3.4166666666666665,7.0,동,68.94999999999999,1.0,35.799999999999955,5.0,26.559999999999967
18914,구로두산위브,영등포구,,대림동,37.486514,126.890371,2.0,68.94999999999999,71.6,2.0,1.0,0.0,12.0,73.81666666666666,80.8,3.4166666666666665,7.0,12,73.81666666666666,80.8,3.4166666666666665,7.0,동,68.94999999999999,1.0,35.799999999999955,5.0,26.559999999999967
27076,중앙힐스테이트2차,성남시 수정구,,단대동,37.436367,127.148345,3.0,70.63333333333334,74.0,1.0,0.3333333333333333,0.0,10.0,73.02000000000001,79.7,2.4,14.0,46,75.76739130434783,84.2,5.555555555555555,28.0,동,70.63333333333334,0.3333333333333333,42.53333333333336,1.6666666666666667,30.27333333333335
2140,매화마을공무원2단지,성남시 분당구,,야탑동,37.414587,127.13579,1.0,72.7,72.7,0.0,0.0,0.0,26.0,78.1576923076923,84.2,8.76,28.0,46,75.76739130434783,84.2,5.555555555555555,28.0,동,72.7,0.0,50.80000000000001,0.0,35.56
1735,삼부,성남시 수정구,,둔전동,37.43885,127.12444,,,,,,,10.0,73.02000000000001,79.7,2.4,14.0,46,75.76739130434783,84.2,5.555555555555555,28.0,시구,73.02000000000001,2.4,52.08000000000004,12.0,40.056000000000026
1992,"은하수,샛별5,6단지",안양시 동안구,,비산동,37.394087,126.949525,1.0,69.6,69.6,1.0,1.0,0.0,15.0,78.56666666666666,84.4,13.733333333333333,56.0,24,75.26666666666667,84.4,9.416666666666666,56.0,동,69.6,1.0,38.39999999999998,5.0,28.37999999999998
121999,성복역롯데캐슬클라시엘,용인시 수지구,,상현동,37.312805,127.072071,2.0,79.0,79.5,33.0,16.5,0.0,16.0,77.14375,81.8,11.0,18.0,50,74.958,81.8,6.041666666666667,18.0,동,79.0,16.5,76.0,82.5,77.94999999999999
731,성원,양천구,,목동,37.534337,126.893792,2.0,70.5,74.2,26.0,13.0,0.5,18.0,71.30000000000001,80.9,9.22222222222222,29.0,18,71.30000000000001,80.9,9.22222222222222,29.0,동,70.5,13.0,42.0,65.0,48.9
108438,목동힐스테이트,양천구,,신정동,37.520319,126.856168,,,,,,,18.0,71.30000000000001,80.9,9.22222222222222,29.0,18,71.30000000000001,80.9,9.22222222222222,29.0,시구,71.30000000000001,9.22222222222222,45.200000000000045,46.1111111111111,45.47333333333336
888,대림코오롱,영등포구,,당산동1가,37.506716,126.895263,,,,,,,12.0,73.81666666666666,80.8,3.4166666666666665,7.0,12,73.81666666666666,80.8,3.4166666666666665,7.0,시구,73.81666666666666,3.4166666666666665,55.26666666666665,17.083333333333332,43.81166666666665
594,가락금호,강남구,,수서동,37.496709,127.116207,2.0,78.35,83.9,14.0,7.0,0.0,24.0,78.85416666666667,86.1,8.583333333333334,22.0,24,78.85416666666667,86.1,8.583333333333334,22.0,동,78.35,7.0,73.39999999999998,35.0,61.87999999999998
27291,푸르지오,성남시 수정구,,단대동,37.449963,127.157155,3.0,70.63333333333334,74.0,1.0,0.3333333333333333,0.0,10.0,73.02000000000001,79.7,2.4,14.0,46,75.76739130434783,84.2,5.555555555555555,28.0,동,70.63333333333334,0.3333333333333333,42.53333333333336,1.6666666666666667,30.27333333333335
22555,우장산아이파크e편한세상,강서구,,내발산동,37.549391,126.839113,4.0,76.05000000000001,77.9,24.0,6.0,0.75,22.0,72.8,77.9,3.409090909090909,11.0,22,72.8,77.9,3.409090909090909,11.0,동,76.05000000000001,6.0,64.20000000000005,30.0,53.940000000000026
912,구로두산,영등포구,,대림동,37.489379,126.889378,2.0,68.94999999999999,71.6,2.0,1.0,0.0,12.0,73.81666666666666,80.8,3.4166666666666665,7.0,12,73.81666666666666,80.8,3.4166666666666665,7.0,동,68.94999999999999,1.0,35.799999999999955,5.0,26.559999999999967
509,코오롱,서초구,,양재동,37.472577,127.027654,,,,,,,16.0,76.86875,82.1,7.2,15.0,16,76.86875,82.1,7.2,15.0,시구,76.86875,7.2,67.47500000000002,36.0,58.03250000000001
27204,판교원9단지한림풀에버,성남시 분당구,,백현동,37.390327,127.096746,2.0,79.2,84.2,18.0,9.0,0.0,26.0,78.1576923076923,84.2,8.76,28.0,46,75.76739130434783,84.2,5.555555555555555,28.0,동,79.2,9.0,76.80000000000001,45.0,67.26
396,현대,영등포구,,대림동,37.494777,126.911757,2.0,68.94999999999999,71.6,2.0,1.0,0.0,12.0,73.81666666666666,80.8,3.4166666666666665,7.0,12,73.81666666666666,80.8,3.4166666666666665,7.0,동,68.94999999999999,1.0,35.799999999999955,5.0,26.559999999999967
612,코오롱,송파구,,가락동,37.508844,127.1231,2.0,74.75,75.7,7.0,3.5,0.0,29.0,74.12068965517241,83.5,5.241379310344827,17.0,29,74.12068965517241,83.5,5.241379310344827,17.0,동,74.75,3.5,59.0,17.5,46.55
138183,광교센트럴뷰,수원시 영통구,,이의동,37.289283,127.059013,2.0,80.1,81.3,21.0,10.5,0.0,21.0,76.75238095238095,82.6,5.571428571428571,19.0,57,73.70877192982455,82.6,3.3508771929824563,19.0,동,80.1,10.5,80.39999999999998,52.5,72.02999999999997
982,청담현대3차,강남구,,삼성동,37.527354,127.053394,1.0,85.7,85.7,6.0,6.0,0.0,24.0,78.85416666666667,86.1,8.583333333333334,22.0,24,78.85416666666667,86.1,8.583333333333334,22.0,동,85.7,6.0,100.0,30.0,79.0
115046,잠실올림픽공원아이파크,송파구,,방이동,37.525903,127.114711,3.0,71.33333333333333,75.8,0.0,0.0,0.0,29.0,74.12068965517241,83.5,5.241379310344827,17.0,29,74.12068965517241,83.5,5.241379310344827,17.0,동,71.33333333333333,0.0,45.333333333333314,0.0,31.73333333333332
2466,이매동신3단지,성남시 분당구,,삼평동,37.389734,127.126973,1.0,77.0,77.0,2.0,2.0,0.0,26.0,78.1576923076923,84.2,8.76,28.0,46,75.76739130434783,84.2,5.555555555555555,28.0,동,77.0,2.0,68.0,10.0,50.6
171438,힐스테이트인덕원역베르텍스,안양시 동안구,,평촌동,37.393215,126.977233,,,,,,,15.0,78.56666666666666,84.4,13.733333333333333,56.0,24,75.26666666666667,84.4,9.416666666666666,56.0,시구,78.56666666666666,13.733333333333333,74.26666666666665,68.66666666666667,72.58666666666664
142558,평촌트리지아,안양시 동안구,,호계동,37.381319,126.949922,3.0,81.0,81.5,42.0,14.0,0.0,15.0,78.56666666666666,84.4,13.733333333333333,56.0,24,75.26666666666667,84.4,9.416666666666666,56.0,동,81.0,14.0,84.0,70.0,79.8
133,럭키,영등포구,,대림동,37.49216,126.893838,2.0,68.94999999999999,71.6,2.0,1.0,0.0,12.0,73.81666666666666,80.8,3.4166666666666665,7.0,12,73.81666666666666,80.8,3.4166666666666665,7.0,동,68.94999999999999,1.0,35.799999999999955,5.0,26.559999999999967
3118,선사현대,강동구,,암사동,37.552448,127.125871,,,,,,,19.0,72.88333333333334,83.6,5.526315789473684,20.0,19,72.88333333333334,83.6,5.526315789473684,20.0,시구,72.88333333333334,5.526315789473684,51.53333333333337,27.631578947368418,44.36280701754388
173857,더샵강동센트럴시티,송파구,,풍납동,37.539183,127.128938,1.0,71.1,71.1,1.0,1.0,1.0,29.0,74.12068965517241,83.5,5.241379310344827,17.0,29,74.12068965517241,83.5,5.241379310344827,17.0,동,71.1,1.0,44.39999999999998,5.0,32.579999999999984
128305,힐스테이트푸르지오수원,수원시 권선구,,세류동,37.268263,127.012274,1.0,69.6,69.6,1.0,1.0,0.0,14.0,71.78571428571429,78.6,1.7142857142857142,4.0,57,73.70877192982455,82.6,3.3508771929824563,19.0,동,69.6,1.0,38.39999999999998,5.0,28.37999999999998
13311,동작상떼빌,영등포구,,대림동,37.4877,126.906731,2.0,68.94999999999999,71.6,2.0,1.0,0.0,12.0,73.81666666666666,80.8,3.4166666666666665,7.0,12,73.81666666666666,80.8,3.4166666666666665,7.0,동,68.94999999999999,1.0,35.799999999999955,5.0,26.559999999999967
3385,경남,영등포구,,대림동,37.489503,126.908441,2.0,68.94999999999999,71.6,2.0,1.0,0.0,12.0,73.81666666666666,80.8,3.4166666666666665,7.0,12,73.81666666666666,80.8,3.4166666666666665,7.0,동,68.94999999999999,1.0,35.799999999999955,5.0,26.559999999999967
657,동익,강남구,,수서동,37.485648,127.096437,2.0,78.35,83.9,14.0,7.0,0.0,24.0,78.85416666666667,86.1,8.583333333333334,22.0,24,78.85416666666667,86.1,8.583333333333334,22.0,동,78.35,7.0,73.39999999999998,35.0,61.87999999999998
11565,염창한화꿈에그린1차,강서구,,등촌동,37.548137,126.873331,1.0,76.9,76.9,10.0,10.0,0.0,22.0,72.8,77.9,3.409090909090909,11.0,22,72.8,77.9,3.409090909090909,11.0,동,76.9,10.0,67.60000000000002,50.0,62.320000000000014
3801,양평현대6차,양천구,,목동,37.531968,126.893816,2.0,70.5,74.2,26.0,13.0,0.5,18.0,71.30000000000001,80.9,9.22222222222222,29.0,18,71.30000000000001,80.9,9.22222222222222,29.0,동,70.5,13.0,42.0,65.0,48.9
2784,한솔6단지주공,성남시 분당구,,궁내동,37.36508,127.115981,,,,,,,26.0,78.1576923076923,84.2,8.76,28.0,46,75.76739130434783,84.2,5.555555555555555,28.0,시구,78.1576923076923,8.76,72.6307692307692,43.8,63.98153846153844
2319,탑주공,성남시 분당구,,야탑동,37.409028,127.13469,1.0,72.7,72.7,0.0,0.0,0.0,26.0,78.1576923076923,84.2,8.76,28.0,46,75.76739130434783,84.2,5.555555555555555,28.0,동,72.7,0.0,50.80000000000001,0.0,35.56
176718,산성역자이푸르지오3단지,성남시 수정구,,단대동,37.44952,127.152012,3.0,70.63333333333334,74.0,1.0,0.3333333333333333,0.0,10.0,73.02000000000001,79.7,2.4,14.0,46,75.76739130434783,84.2,5.555555555555555,28.0,동,70.63333333333334,0.3333333333333333,42.53333333333336,1.6666666666666667,30.27333333333335
120759,광교호반베르디움트라엘,수원시 영통구,,이의동,37.303318,127.049908,2.0,80.1,81.3,21.0,10.5,0.0,21.0,76.75238095238095,82.6,5.571428571428571,19.0,57,73.70877192982455,82.6,3.3508771929824563,19.0,동,80.1,10.5,80.39999999999998,52.5,72.02999999999997
115965,e편한세상염창,강서구,,등촌동,37.548676,126.870621,1.0,76.9,76.9,10.0,10.0,0.0,22.0,72.8,77.9,3.409090909090909,11.0,22,72.8,77.9,3.409090909090909,11.0,동,76.9,10.0,67.60000000000002,50.0,62.320000000000014
691,당산현대3차,영등포구,,당산동,37.531423,126.896279,,,,,,,12.0,73.81666666666666,80.8,3.4166666666666665,7.0,12,73.81666666666666,80.8,3.4166666666666665,7.0,시구,73.81666666666666,3.4166666666666665,55.26666666666665,17.083333333333332,43.81166666666665
3030,은천2단지,관악구,,남현동,37.46988,126.96462,,,,,,,16.0,69.8875,77.4,1.3125,5.0,16,69.8875,77.4,1.3125,5.0,시구,69.8875,1.3125,39.55000000000001,6.5625,29.65375000000001
628,상아2차,송파구,,가락동,37.497996,127.13673,2.0,74.75,75.7,7.0,3.5,0.0,29.0,74.12068965517241,83.5,5.241379310344827,17.0,29,74.12068965517241,83.5,5.241379310344827,17.0,동,74.75,3.5,59.0,17.5,46.55
144023,평촌엘프라우드,안양시 동안구,,비산동,37.40534,126.942313,1.0,69.6,69.6,1.0,1.0,0.0,15.0,78.56666666666666,84.4,13.733333333333333,56.0,24,75.26666666666667,84.4,9.416666666666666,56.0,동,69.6,1.0,38.39999999999998,5.0,28.37999999999998
102185,롯데캐슬,성남시 수정구,,단대동,37.44313,127.157872,3.0,70.63333333333334,74.0,1.0,0.3333333333333333,0.0,10.0,73.02000000000001,79.7,2.4,14.0,46,75.76739130434783,84.2,5.555555555555555,28.0,동,70.63333333333334,0.3333333333333333,42.53333333333336,1.6666666666666667,30.27333333333335
2623,상록라이프,성남시 분당구,,궁내동,37.362778,127.11191,,,,,,,26.0,78.1576923076923,84.2,8.76,28.0,46,75.76739130434783,84.2,5.555555555555555,28.0,시구,78.1576923076923,8.76,72.6307692307692,43.8,63.98153846153844
113013,가천대역두산위브,성남시 수정구,,산성동,37.45008,127.133734,,,,,,,10.0,73.02000000000001,79.7,2.4,14.0,46,75.76739130434783,84.2,5.555555555555555,28.0,시구,73.02000000000001,2.4,52.08000000000004,12.0,40.056000000000026
101301,광교호수마을호반써밋,수원시 영통구,,하동,37.29124,127.072917,1.0,77.7,77.7,4.0,4.0,0.0,21.0,76.75238095238095,82.6,5.571428571428571,19.0,57,73.70877192982455,82.6,3.3508771929824563,19.0,동,77.7,4.0,70.80000000000001,20.0,55.56
9223,주공뜨란채,안양시 동안구,,비산동,37.400354,126.926316,1.0,69.6,69.6,1.0,1.0,0.0,15.0,78.56666666666666,84.4,13.733333333333333,56.0,24,75.26666666666667,84.4,9.416666666666666,56.0,동,69.6,1.0,38.39999999999998,5.0,28.37999999999998
103139,래미안송파파인탑,강남구,,수서동,37.502712,127.120027,2.0,78.35,83.9,14.0,7.0,0.0,24.0,78.85416666666667,86.1,8.583333333333334,22.0,24,78.85416666666667,86.1,8.583333333333334,22.0,동,78.35,7.0,73.39999999999998,35.0,61.87999999999998
3333,신림신도브래뉴,영등포구,,대림동,37.483885,126.91092,2.0,68.94999999999999,71.6,2.0,1.0,0.0,12.0,73.81666666666666,80.8,3.4166666666666665,7.0,12,73.81666666666666,80.8,3.4166666666666665,7.0,동,68.94999999999999,1.0,35.799999999999955,5.0,26.559999999999967
2767,한솔5단지주공,성남시 분당구,,궁내동,37.365039,127.117754,,,,,,,26.0,78.1576923076923,84.2,8.76,28.0,46,75.76739130434783,84.2,5.555555555555555,28.0,시구,78.1576923076923,8.76,72.6307692307692,43.8,63.98153846153844
3015,목련2단지,안양시 동안구,,비산동,37.388678,126.953608,1.0,69.6,69.6,1.0,1.0,0.0,15.0,78.56666666666666,84.4,13.733333333333333,56.0,24,75.26666666666667,84.4,9.416666666666666,56.0,동,69.6,1.0,38.39999999999998,5.0,28.37999999999998
121966,더샵분당파크리버,성남시 분당구,,금곡동,37.355164,127.117073,1.0,78.5,78.5,0.0,,0.0,26.0,78.1576923076923,84.2,8.76,28.0,46,75.76739130434783,84.2,5.555555555555555,28.0,동,78.5,8.76,74.0,43.8,64.94
2510,이매삼환,성남시 분당구,,삼평동,37.404412,127.126984,1.0,77.0,77.0,2.0,2.0,0.0,26.0,78.1576923076923,84.2,8.76,28.0,46,75.76739130434783,84.2,5.555555555555555,28.0,동,77.0,2.0,68.0,10.0,50.6
114063,안양역한양수자인리버파크,안양시 만안구,,안양동,37.405151,126.921146,,,,,,,9.0,69.76666666666667,76.6,2.2222222222222223,7.0,24,75.26666666666667,84.4,9.416666666666666,56.0,시구,69.76666666666667,2.2222222222222223,39.06666666666666,11.111111111111112,30.68
729,삼성래미안,양천구,,목동,37.524753,126.882632,2.0,70.5,74.2,26.0,13.0,0.5,18.0,71.30000000000001,80.9,9.22222222222222,29.0,18,71.30000000000001,80.9,9.22222222222222,29.0,동,70.5,13.0,42.0,65.0,48.9
18913,한신휴플러스,영등포구,,대림동,37.488697,126.890587,2.0,68.94999999999999,71.6,2.0,1.0,0.0,12.0,73.81666666666666,80.8,3.4166666666666665,7.0,12,73.81666666666666,80.8,3.4166666666666665,7.0,동,68.94999999999999,1.0,35.799999999999955,5.0,26.559999999999967
113907,고덕그라시움,강동구,,강일동,37.557573,127.163402,3.0,70.3,73.7,10.0,3.333333333333333,0.0,19.0,72.88333333333334,83.6,5.526315789473684,20.0,19,72.88333333333334,83.6,5.526315789473684,20.0,동,70.3,3.333333333333333,41.19999999999999,16.666666666666664,33.83999999999999
122487,철산센트럴푸르지오,광명시,,광명동,37.472096,126.866706,,,,,,,12.0,72.71666666666667,78.4,4.333333333333333,11.0,12,72.71666666666667,78.4,4.333333333333333,11.0,시구,72.71666666666667,4.333333333333333,50.866666666666674,21.666666666666664,42.10666666666667
128300,아르테자이,안양시 만안구,,석수동,37.416596,126.918652,,,,,,,9.0,69.76666666666667,76.6,2.2222222222222223,7.0,24,75.26666666666667,84.4,9.416666666666666,56.0,시구,69.76666666666667,2.2222222222222223,39.06666666666666,11.111111111111112,30.68
120540,성복역롯데캐슬파크나인,용인시 수지구,,상현동,37.311292,127.074614,2.0,79.0,79.5,33.0,16.5,0.0,16.0,77.14375,81.8,11.0,18.0,50,74.958,81.8,6.041666666666667,18.0,동,79.0,16.5,76.0,82.5,77.94999999999999
737,현대2차,영등포구,,당산동,37.532258,126.895973,,,,,,,12.0,73.81666666666666,80.8,3.4166666666666665,7.0,12,73.81666666666666,80.8,3.4166666666666665,7.0,시구,73.81666666666666,3.4166666666666665,55.26666666666665,17.083333333333332,43.81166666666665
152617,인덕원자이SK뷰,안양시 동안구,,평촌동,37.384259,126.980618,,,,,,,15.0,78.56666666666666,84.4,13.733333333333333,56.0,24,75.26666666666667,84.4,9.416666666666666,56.0,시구,78.56666666666666,13.733333333333333,74.26666666666665,68.66666666666667,72.58666666666664
8481,초원6단지한양,안양시 동안구,,평촌동,37.391399,126.967957,,,,,,,15.0,78.56666666666666,84.4,13.733333333333333,56.0,24,75.26666666666667,84.4,9.416666666666666,56.0,시구,78.56666666666666,13.733333333333333,74.26666666666665,68.66666666666667,72.58666666666664
693,신동아,영등포구,,대림동,37.496945,126.894819,2.0,68.94999999999999,71.6,2.0,1.0,0.0,12.0,73.81666666666666,80.8,3.4166666666666665,7.0,12,73.81666666666666,80.8,3.4166666666666665,7.0,동,68.94999999999999,1.0,35.799999999999955,5.0,26.559999999999967
127424,철산역 롯데캐슬&SK VIEW 클래스티지,구로구,,개봉동,37.479829,126.866577,2.0,69.2,69.5,3.0,1.5,0.0,14.0,69.58571428571429,77.0,2.357142857142857,7.0,14,69.58571428571429,77.0,2.357142857142857,7.0,동,69.2,1.5,36.80000000000001,7.5,28.010000000000005
26472,송파파인타운5단지,강남구,,율현동,37.480096,127.12996,,,,,,,24.0,78.85416666666667,86.1,8.583333333333334,22.0,24,78.85416666666667,86.1,8.583333333333334,22.0,시구,78.85416666666667,8.583333333333334,75.41666666666669,42.91666666666667,65.66666666666669
107506,마곡엠밸리6단지,강서구,,공항동,37.566061,126.820121,2.0,68.5,69.4,4.0,2.0,0.0,22.0,72.8,77.9,3.409090909090909,11.0,22,72.8,77.9,3.409090909090909,11.0,동,68.5,2.0,34.0,10.0,26.8
675,목동현대,양천구,,신정동,37.520948,126.877598,,,,,,,18.0,71.30000000000001,80.9,9.22222222222222,29.0,18,71.30000000000001,80.9,9.22222222222222,29.0,시구,71.30000000000001,9.22222222222222,45.200000000000045,46.1111111111111,45.47333333333336
103238,서초네이처힐4단지,서초구,,양재동,37.463718,127.02631,,,,,,,16.0,76.86875,82.1,7.2,15.0,16,76.86875,82.1,7.2,15.0,시구,76.86875,7.2,67.47500000000002,36.0,58.03250000000001
118718,판교밸리호반써밋,성남시 수정구,,고등동,37.429124,127.096734,,,,,,,10.0,73.02000000000001,79.7,2.4,14.0,46,75.76739130434783,84.2,5.555555555555555,28.0,시구,73.02000000000001,2.4,52.08000000000004,12.0,40.056000000000026
2811,인덕원삼호,안양시 동안구,,관양동,37.39684,126.9811,1.0,76.3,76.3,0.0,0.0,0.0,15.0,78.56666666666666,84.4,13.733333333333333,56.0,24,75.26666666666667,84.4,9.416666666666666,56.0,동,76.3,0.0,65.19999999999999,0.0,45.63999999999999
58,신림현대,관악구,,신림동,37.475527,126.932093,7.0,68.84285714285714,73.1,5.0,0.7142857142857143,0.2857142857142857,16.0,69.8875,77.4,1.3125,5.0,16,69.8875,77.4,1.3125,5.0,동,68.84285714285714,0.7142857142857143,35.37142857142857,3.571428571428571,25.831428571428567
25929,송파파인타운10단지,강남구,,율현동,37.477179,127.130231,,,,,,,24.0,78.85416666666667,86.1,8.583333333333334,22.0,24,78.85416666666667,86.1,8.583333333333334,22.0,시구,78.85416666666667,8.583333333333334,75.41666666666669,42.91666666666667,65.66666666666669
112054,래미안안양메가트리아,안양시 동안구,,비산동,37.394112,126.933588,1.0,69.6,69.6,1.0,1.0,0.0,15.0,78.56666666666666,84.4,13.733333333333333,56.0,24,75.26666666666667,84.4,9.416666666666666,56.0,동,69.6,1.0,38.39999999999998,5.0,28.37999999999998
3209,신도림동아2차,영등포구,,당산동1가,37.509096,126.885829,,,,,,,12.0,73.81666666666666,80.8,3.4166666666666665,7.0,12,73.81666666666666,80.8,3.4166666666666665,7.0,시구,73.81666666666666,3.4166666666666665,55.26666666666665,17.083333333333332,43.81166666666665
107650,광교역참누리포레스트,수원시 영통구,,이의동,37.302429,127.038793,2.0,80.1,81.3,21.0,10.5,0.0,21.0,76.75238095238095,82.6,5.571428571428571,19.0,57,73.70877192982455,82.6,3.3508771929824563,19.0,동,80.1,10.5,80.39999999999998,52.5,72.02999999999997
126060,평촌래미안푸르지오,안양시 동안구,,비산동,37.397341,126.940306,1.0,69.6,69.6,1.0,1.0,0.0,15.0,78.56666666666666,84.4,13.733333333333333,56.0,24,75.26666666666667,84.4,9.416666666666666,56.0,동,69.6,1.0,38.39999999999998,5.0,28.37999999999998
11337,우장산힐스테이트,강서구,,가양동,37.556255,126.840704,1.0,67.6,67.6,4.0,4.0,0.0,22.0,72.8,77.9,3.409090909090909,11.0,22,72.8,77.9,3.409090909090909,11.0,동,67.6,4.0,30.399999999999977,20.0,27.279999999999983
827,수서1-2단지,강남구,,수서동,37.493062,127.089575,2.0,78.35,83.9,14.0,7.0,0.0,24.0,78.85416666666667,86.1,8.583333333333334,22.0,24,78.85416666666667,86.1,8.583333333333334,22.0,동,78.35,7.0,73.39999999999998,35.0,61.87999999999998
352,거여1단지,송파구,,거여동,37.491314,127.144632,1.0,74.6,74.6,7.0,7.0,0.0,29.0,74.12068965517241,83.5,5.241379310344827,17.0,29,74.12068965517241,83.5,5.241379310344827,17.0,동,74.6,7.0,58.39999999999998,35.0,51.37999999999998
993,성내삼성,송파구,,풍납동,37.53131,127.125937,1.0,71.1,71.1,1.0,1.0,1.0,29.0,74.12068965517241,83.5,5.241379310344827,17.0,29,74.12068965517241,83.5,5.241379310344827,17.0,동,71.1,1.0,44.39999999999998,5.0,32.579999999999984
175257,e편한세상강동프레스티지원,송파구,,풍납동,37.54263,127.127051,1.0,71.1,71.1,1.0,1.0,1.0,29.0,74.12068965517241,83.5,5.241379310344827,17.0,29,74.12068965517241,83.5,5.241379310344827,17.0,동,71.1,1.0,44.39999999999998,5.0,32.579999999999984
8483,석수두산위브,광명시,,소하동,37.433192,126.901215,1.0,74.9,74.9,8.0,8.0,0.0,12.0,72.71666666666667,78.4,4.333333333333333,11.0,12,72.71666666666667,78.4,4.333333333333333,11.0,동,74.9,8.0,59.60000000000002,40.0,53.72000000000001
9390,동천디이스트,성남시 분당구,,금곡동,37.34169,127.097137,1.0,78.5,78.5,0.0,,0.0,26.0,78.1576923076923,84.2,8.76,28.0,46,75.76739130434783,84.2,5.555555555555555,28.0,동,78.5,8.76,74.0,43.8,64.94
133091,수원센트럴아이파크자이,수원시 팔달구,,교동,37.271608,127.022624,,,,,,,9.0,70.35555555555555,74.4,2.111111111111111,5.0,57,73.70877192982455,82.6,3.3508771929824563,19.0,시구,70.35555555555555,2.111111111111111,41.42222222222222,10.555555555555555,32.16222222222222
1464,한가람신라,안양시 동안구,,관양동,37.397312,126.95691,1.0,76.3,76.3,0.0,0.0,0.0,15.0,78.56666666666666,84.4,13.733333333333333,56.0,24,75.26666666666667,84.4,9.416666666666666,56.0,동,76.3,0.0,65.19999999999999,0.0,45.63999999999999
1454,"샛별한양2,3단지",안양시 동안구,,관양동,37.397637,126.951003,1.0,76.3,76.3,0.0,0.0,0.0,15.0,78.56666666666666,84.4,13.733333333333333,56.0,24,75.26666666666667,84.4,9.416666666666666,56.0,동,76.3,0.0,65.19999999999999,0.0,45.63999999999999
3210,신도림동아3차,영등포구,,당산동1가,37.509883,126.884234,,,,,,,12.0,73.81666666666666,80.8,3.4166666666666665,7.0,12,73.81666666666666,80.8,3.4166666666666665,7.0,시구,73.81666666666666,3.4166666666666665,55.26666666666665,17.083333333333332,43.81166666666665
27507,산운13단지데시앙,성남시 분당구,,운중동,37.386158,127.072687,1.0,80.1,80.1,14.0,14.0,0.0,26.0,78.1576923076923,84.2,8.76,28.0,46,75.76739130434783,84.2,5.555555555555555,28.0,동,80.1,14.0,80.39999999999998,70.0,77.27999999999997
8877,신림푸르지오1차,금천구,,가산동,37.479351,126.910749,,,,,,,9.0,67.45555555555556,76.6,1.0,4.0,9,67.45555555555556,76.6,1.0,4.0,시구,67.45555555555556,1.0,29.82222222222225,5.0,22.37555555555557
167997,더샵둔촌포레,강동구,,길동,37.531527,127.146408,,,,,,,19.0,72.88333333333334,83.6,5.526315789473684,20.0,19,72.88333333333334,83.6,5.526315789473684,20.0,시구,72.88333333333334,5.526315789473684,51.53333333333337,27.631578947368418,44.36280701754388
128970,판교밸리포레자이,성남시 수정구,,고등동,37.430617,127.095467,,,,,,,10.0,73.02000000000001,79.7,2.4,14.0,46,75.76739130434783,84.2,5.555555555555555,28.0,시구,73.02000000000001,2.4,52.08000000000004,12.0,40.056000000000026
159778,e편한세상금빛그랑메종3단지,성남시 수정구,,단대동,37.443314,127.164408,3.0,70.63333333333334,74.0,1.0,0.3333333333333333,0.0,10.0,73.02000000000001,79.7,2.4,14.0,46,75.76739130434783,84.2,5.555555555555555,28.0,동,70.63333333333334,0.3333333333333333,42.53333333333336,1.6666666666666667,30.27333333333335
27075,중앙힐스테이트1차,성남시 수정구,,단대동,37.437036,127.150019,3.0,70.63333333333334,74.0,1.0,0.3333333333333333,0.0,10.0,73.02000000000001,79.7,2.4,14.0,46,75.76739130434783,84.2,5.555555555555555,28.0,동,70.63333333333334,0.3333333333333333,42.53333333333336,1.6666666666666667,30.27333333333335
3286,한가람세경,안양시 동안구,,관양동,37.396395,126.955127,1.0,76.3,76.3,0.0,0.0,0.0,15.0,78.56666666666666,84.4,13.733333333333333,56.0,24,75.26666666666667,84.4,9.416666666666666,56.0,동,76.3,0.0,65.19999999999999,0.0,45.63999999999999
8775,초원8단지세경,안양시 동안구,,평촌동,37.390665,126.963292,,,,,,,15.0,78.56666666666666,84.4,13.733333333333333,56.0,24,75.26666666666667,84.4,9.416666666666666,56.0,시구,78.56666666666666,13.733333333333333,74.26666666666665,68.66666666666667,72.58666666666664
10307,목동롯데캐슬위너,강서구,,등촌동,37.546745,126.867264,1.0,76.9,76.9,10.0,10.0,0.0,22.0,72.8,77.9,3.409090909090909,11.0,22,72.8,77.9,3.409090909090909,11.0,동,76.9,10.0,67.60000000000002,50.0,62.320000000000014
74,광장현대3단지,송파구,,풍납동,37.540702,127.098828,1.0,71.1,71.1,1.0,1.0,1.0,29.0,74.12068965517241,83.5,5.241379310344827,17.0,29,74.12068965517241,83.5,5.241379310344827,17.0,동,71.1,1.0,44.39999999999998,5.0,32.579999999999984
119341,고덕아르테온,강동구,,강일동,37.555058,127.168387,3.0,70.3,73.7,10.0,3.333333333333333,0.0,19.0,72.88333333333334,83.6,5.526315789473684,20.0,19,72.88333333333334,83.6,5.526315789473684,20.0,동,70.3,3.333333333333333,41.19999999999999,16.666666666666664,33.83999999999999
2969,청솔주공9단지,성남시 분당구,,구미동,37.352416,127.11429,,,,,,,26.0,78.1576923076923,84.2,8.76,28.0,46,75.76739130434783,84.2,5.555555555555555,28.0,시구,78.1576923076923,8.76,72.6307692307692,43.8,63.98153846153844
165357,판교밸리제일풍경채,성남시 수정구,,고등동,37.427125,127.099329,,,,,,,10.0,73.02000000000001,79.7,2.4,14.0,46,75.76739130434783,84.2,5.555555555555555,28.0,시구,73.02000000000001,2.4,52.08000000000004,12.0,40.056000000000026
115706,목동파크자이,양천구,,신정동,37.509412,126.86874,,,,,,,18.0,71.30000000000001,80.9,9.22222222222222,29.0,18,71.30000000000001,80.9,9.22222222222222,29.0,시구,71.30000000000001,9.22222222222222,45.200000000000045,46.1111111111111,45.47333333333336
26106,송파파인타운7단지,강남구,,율현동,37.479158,127.130965,,,,,,,24.0,78.85416666666667,86.1,8.583333333333334,22.0,24,78.85416666666667,86.1,8.583333333333334,22.0,시구,78.85416666666667,8.583333333333334,75.41666666666669,42.91666666666667,65.66666666666669
147185,송파더플래티넘,송파구,,가락동,37.502968,127.136021,2.0,74.75,75.7,7.0,3.5,0.0,29.0,74.12068965517241,83.5,5.241379310344827,17.0,29,74.12068965517241,83.5,5.241379310344827,17.0,동,74.75,3.5,59.0,17.5,46.55
3022,목련3단지,안양시 동안구,,비산동,37.389306,126.955361,1.0,69.6,69.6,1.0,1.0,0.0,15.0,78.56666666666666,84.4,13.733333333333333,56.0,24,75.26666666666667,84.4,9.416666666666666,56.0,동,69.6,1.0,38.39999999999998,5.0,28.37999999999998
3449,문래삼환,영등포구,,당산동1가,37.513694,126.8899,,,,,,,12.0,73.81666666666666,80.8,3.4166666666666665,7.0,12,73.81666666666666,80.8,3.4166666666666665,7.0,시구,73.81666666666666,3.4166666666666665,55.26666666666665,17.083333333333332,43.81166666666665
1211,동아에코빌,영등포구,,당산동1가,37.509046,126.898678,,,,,,,12.0,73.81666666666666,80.8,3.4166666666666665,7.0,12,73.81666666666666,80.8,3.4166666666666665,7.0,시구,73.81666666666666,3.4166666666666665,55.26666666666665,17.083333333333332,43.81166666666665
3090,석수e-편한세상,안양시 만안구,,석수동,37.414989,126.913636,,,,,,,9.0,69.76666666666667,76.6,2.2222222222222223,7.0,24,75.26666666666667,84.4,9.416666666666666,56.0,시구,69.76666666666667,2.2222222222222223,39.06666666666666,11.111111111111112,30.68
148722,수지구청역롯데캐슬하이브엘(민간임대),용인시 기흥구,,보정동,37.32107,127.099329,1.0,81.8,81.8,17.0,17.0,0.0,18.0,75.97222222222223,81.8,5.722222222222222,17.0,50,74.958,81.8,6.041666666666667,18.0,동,81.8,17.0,87.19999999999999,85.0,86.53999999999999
703,문래두산위브,영등포구,,당산동1가,37.517216,126.885968,,,,,,,12.0,73.81666666666666,80.8,3.4166666666666665,7.0,12,73.81666666666666,80.8,3.4166666666666665,7.0,시구,73.81666666666666,3.4166666666666665,55.26666666666665,17.083333333333332,43.81166666666665
136,이화우성,영등포구,,대림동,37.489954,126.893983,2.0,68.94999999999999,71.6,2.0,1.0,0.0,12.0,73.81666666666666,80.8,3.4166666666666665,7.0,12,73.81666666666666,80.8,3.4166666666666665,7.0,동,68.94999999999999,1.0,35.799999999999955,5.0,26.559999999999967
103577,서초힐스,서초구,,우면동,37.45746,127.018151,1.0,71.5,71.5,2.0,2.0,0.0,16.0,76.86875,82.1,7.2,15.0,16,76.86875,82.1,7.2,15.0,동,71.5,2.0,46.0,10.0,35.2
166537,힐스테이트e편한세상문정,송파구,,가락동,37.489092,127.134467,2.0,74.75,75.7,7.0,3.5,0.0,29.0,74.12068965517241,83.5,5.241379310344827,17.0,29,74.12068965517241,83.5,5.241379310344827,17.0,동,74.75,3.5,59.0,17.5,46.55
422,현대리버빌1지구,송파구,,신천동,37.53062,127.115581,1.0,83.0,83.0,13.0,13.0,0.0,29.0,74.12068965517241,83.5,5.241379310344827,17.0,29,74.12068965517241,83.5,5.241379310344827,17.0,동,83.0,13.0,92.0,65.0,83.89999999999999
112793,동천센트럴자이,성남시 분당구,,금곡동,37.341629,127.093836,1.0,78.5,78.5,0.0,,0.0,26.0,78.1576923076923,84.2,8.76,28.0,46,75.76739130434783,84.2,5.555555555555555,28.0,동,78.5,8.76,74.0,43.8,64.94
159777,e편한세상금빛그랑메종2단지,성남시 수정구,,단대동,37.442751,127.162619,3.0,70.63333333333334,74.0,1.0,0.3333333333333333,0.0,10.0,73.02000000000001,79.7,2.4,14.0,46,75.76739130434783,84.2,5.555555555555555,28.0,동,70.63333333333334,0.3333333333333333,42.53333333333336,1.6666666666666667,30.27333333333335
112441,광교두산위브(실버주택),수원시 영통구,,원천동,37.280461,127.051199,3.0,74.73333333333333,78.3,12.0,4.0,0.3333333333333333,21.0,76.75238095238095,82.6,5.571428571428571,19.0,57,73.70877192982455,82.6,3.3508771929824563,19.0,동,74.73333333333333,4.0,58.93333333333334,20.0,47.25333333333333
129,현대(74-30),영등포구,,대림동,37.496233,126.892952,2.0,68.94999999999999,71.6,2.0,1.0,0.0,12.0,73.81666666666666,80.8,3.4166666666666665,7.0,12,73.81666666666666,80.8,3.4166666666666665,7.0,동,68.94999999999999,1.0,35.799999999999955,5.0,26.559999999999967
633,현대백조,송파구,,가락동,37.509087,127.129216,2.0,74.75,75.7,7.0,3.5,0.0,29.0,74.12068965517241,83.5,5.241379310344827,17.0,29,74.12068965517241,83.5,5.241379310344827,17.0,동,74.75,3.5,59.0,17.5,46.55
122682,평촌어바인퍼스트,군포시,,금정동,37.372609,126.956052,2.0,70.44999999999999,74.8,3.0,1.5,0.0,12.0,73.81666666666666,80.5,5.0,17.0,12,73.81666666666666,80.5,5.0,17.0,동,70.44999999999999,1.5,41.79999999999996,7.5,31.50999999999997
159780,e편한세상금빛그랑메종4단지,성남시 수정구,,단대동,37.445153,127.165928,3.0,70.63333333333334,74.0,1.0,0.3333333333333333,0.0,10.0,73.02000000000001,79.7,2.4,14.0,46,75.76739130434783,84.2,5.555555555555555,28.0,동,70.63333333333334,0.3333333333333333,42.53333333333336,1.6666666666666667,30.27333333333335
3080,더포레스트힐,안양시 동안구,,비산동,37.406045,126.932831,1.0,69.6,69.6,1.0,1.0,0.0,15.0,78.56666666666666,84.4,13.733333333333333,56.0,24,75.26666666666667,84.4,9.416666666666666,56.0,동,69.6,1.0,38.39999999999998,5.0,28.37999999999998
163177,광명센트럴아이파크,구로구,,개봉동,37.482754,126.857974,2.0,69.2,69.5,3.0,1.5,0.0,14.0,69.58571428571429,77.0,2.357142857142857,7.0,14,69.58571428571429,77.0,2.357142857142857,7.0,동,69.2,1.5,36.80000000000001,7.5,28.010000000000005
102624,광교호반베르디움(1184),수원시 영통구,,이의동,37.307307,127.043559,2.0,80.1,81.3,21.0,10.5,0.0,21.0,76.75238095238095,82.6,5.571428571428571,19.0,57,73.70877192982455,82.6,3.3508771929824563,19.0,동,80.1,10.5,80.39999999999998,52.5,72.02999999999997
1348,가양9단지,강서구,,가양동,37.558777,126.863756,1.0,67.6,67.6,4.0,4.0,0.0,22.0,72.8,77.9,3.409090909090909,11.0,22,72.8,77.9,3.409090909090909,11.0,동,67.6,4.0,30.399999999999977,20.0,27.279999999999983
870,염창동아3차,강서구,,등촌동,37.549809,126.877709,1.0,76.9,76.9,10.0,10.0,0.0,22.0,72.8,77.9,3.409090909090909,11.0,22,72.8,77.9,3.409090909090909,11.0,동,76.9,10.0,67.60000000000002,50.0,62.320000000000014
19578,프라이어팰리스,강동구,,고덕동,37.553577,127.139779,2.0,73.95,74.7,27.0,13.5,0.5,19.0,72.88333333333334,83.6,5.526315789473684,20.0,19,72.88333333333334,83.6,5.526315789473684,20.0,동,73.95,13.5,55.80000000000002,67.5,59.31000000000001
102119,광교e편한세상2차,수원시 영통구,,이의동,37.306725,127.046297,2.0,80.1,81.3,21.0,10.5,0.0,21.0,76.75238095238095,82.6,5.571428571428571,19.0,57,73.70877192982455,82.6,3.3508771929824563,19.0,동,80.1,10.5,80.39999999999998,52.5,72.02999999999997
103281,e편한세상인덕원더퍼스트,안양시 동안구,,평촌동,37.387806,126.978599,,,,,,,15.0,78.56666666666666,84.4,13.733333333333333,56.0,24,75.26666666666667,84.4,9.416666666666666,56.0,시구,78.56666666666666,13.733333333333333,74.26666666666665,68.66666666666667,72.58666666666664
2004,석수역푸르지오,안양시 만안구,,석수동,37.433476,126.904555,,,,,,,9.0,69.76666666666667,76.6,2.2222222222222223,7.0,24,75.26666666666667,84.4,9.416666666666666,56.0,시구,69.76666666666667,2.2222222222222223,39.06666666666666,11.111111111111112,30.68
9937,신도림현대,영등포구,,대림동,37.504962,126.886026,2.0,68.94999999999999,71.6,2.0,1.0,0.0,12.0,73.81666666666666,80.8,3.4166666666666665,7.0,12,73.81666666666666,80.8,3.4166666666666665,7.0,동,68.94999999999999,1.0,35.799999999999955,5.0,26.559999999999967
3033,문정래미안,송파구,,가락동,37.490585,127.130664,2.0,74.75,75.7,7.0,3.5,0.0,29.0,74.12068965517241,83.5,5.241379310344827,17.0,29,74.12068965517241,83.5,5.241379310344827,17.0,동,74.75,3.5,59.0,17.5,46.55
18542,성남어울림,성남시 수정구,,수진동,37.430637,127.138566,1.0,72.1,72.1,0.0,0.0,0.0,10.0,73.02000000000001,79.7,2.4,14.0,46,75.76739130434783,84.2,5.555555555555555,28.0,동,72.1,0.0,48.39999999999998,0.0,33.87999999999998
22752,샛별한양1단지,안양시 동안구,,관양동,37.396872,126.94892,1.0,76.3,76.3,0.0,0.0,0.0,15.0,78.56666666666666,84.4,13.733333333333333,56.0,24,75.26666666666667,84.4,9.416666666666666,56.0,동,76.3,0.0,65.19999999999999,0.0,45.63999999999999
1216,거성파스텔,양천구,,목동,37.531536,126.891967,2.0,70.5,74.2,26.0,13.0,0.5,18.0,71.30000000000001,80.9,9.22222222222222,29.0,18,71.30000000000001,80.9,9.22222222222222,29.0,동,70.5,13.0,42.0,65.0,48.9
694,우성1차,영등포구,,대림동,37.496461,126.900888,2.0,68.94999999999999,71.6,2.0,1.0,0.0,12.0,73.81666666666666,80.8,3.4166666666666665,7.0,12,73.81666666666666,80.8,3.4166666666666665,7.0,동,68.94999999999999,1.0,35.799999999999955,5.0,26.559999999999967
76,현대8단지,송파구,,풍납동,37.542105,127.099694,1.0,71.1,71.1,1.0,1.0,1.0,29.0,74.12068965517241,83.5,5.241379310344827,17.0,29,74.12068965517241,83.5,5.241379310344827,17.0,동,71.1,1.0,44.39999999999998,5.0,32.579999999999984
2591,"까치롯데,선경",성남시 분당구,,구미동,37.347022,127.113563,,,,,,,26.0,78.1576923076923,84.2,8.76,28.0,46,75.76739130434783,84.2,5.555555555555555,28.0,시구,78.1576923076923,8.76,72.6307692307692,43.8,63.98153846153844
2662,매화마을공무원1단지,성남시 분당구,,야탑동,37.415986,127.134893,1.0,72.7,72.7,0.0,0.0,0.0,26.0,78.1576923076923,84.2,8.76,28.0,46,75.76739130434783,84.2,5.555555555555555,28.0,동,72.7,0.0,50.80000000000001,0.0,35.56
109996,힐스테이트기흥,용인시 기흥구,,구갈동,37.27486,127.117962,1.0,75.9,75.9,1.0,1.0,0.0,18.0,75.97222222222223,81.8,5.722222222222222,17.0,50,74.958,81.8,6.041666666666667,18.0,동,75.9,1.0,63.60000000000002,5.0,46.02000000000001
8714,신도림5차e-편한세상,양천구,,신정동,37.506805,126.880796,,,,,,,18.0,71.30000000000001,80.9,9.22222222222222,29.0,18,71.30000000000001,80.9,9.22222222222222,29.0,시구,71.30000000000001,9.22222222222222,45.200000000000045,46.1111111111111,45.47333333333336
147085,안양어반포레자연앤e편한세상,안양시 동안구,,비산동,37.391393,126.922794,1.0,69.6,69.6,1.0,1.0,0.0,15.0,78.56666666666666,84.4,13.733333333333333,56.0,24,75.26666666666667,84.4,9.416666666666666,56.0,동,69.6,1.0,38.39999999999998,5.0,28.37999999999998
1483,초원2단지대림,안양시 동안구,,평촌동,37.388325,126.964657,,,,,,,15.0,78.56666666666666,84.4,13.733333333333333,56.0,24,75.26666666666667,84.4,9.416666666666666,56.0,시구,78.56666666666666,13.733333333333333,74.26666666666665,68.66666666666667,72.58666666666664
8213,진산마을삼성5차,용인시 기흥구,,보정동,37.317472,127.095193,1.0,81.8,81.8,17.0,17.0,0.0,18.0,75.97222222222223,81.8,5.722222222222222,17.0,50,74.958,81.8,6.041666666666667,18.0,동,81.8,17.0,87.19999999999999,85.0,86.53999999999999
131224,마곡엠밸리9단지,강서구,,공항동,37.562083,126.818879,2.0,68.5,69.4,4.0,2.0,0.0,22.0,72.8,77.9,3.409090909090909,11.0,22,72.8,77.9,3.409090909090909,11.0,동,68.5,2.0,34.0,10.0,26.8
131485,우장산숲아이파크,강서구,,내발산동,37.545133,126.839478,4.0,76.05000000000001,77.9,24.0,6.0,0.75,22.0,72.8,77.9,3.409090909090909,11.0,22,72.8,77.9,3.409090909090909,11.0,동,76.05000000000001,6.0,64.20000000000005,30.0,53.940000000000026
3349,현대,구로구,,개봉동,37.492453,126.85836,2.0,69.2,69.5,3.0,1.5,0.0,14.0,69.58571428571429,77.0,2.357142857142857,7.0,14,69.58571428571429,77.0,2.357142857142857,7.0,동,69.2,1.5,36.80000000000001,7.5,28.010000000000005
608,건영,강남구,,율현동,37.482,127.125324,,,,,,,24.0,78.85416666666667,86.1,8.583333333333334,22.0,24,78.85416666666667,86.1,8.583333333333334,22.0,시구,78.85416666666667,8.583333333333334,75.41666666666669,42.91666666666667,65.66666666666669
1353,까치신원,성남시 분당구,,구미동,37.349116,127.114035,,,,,,,26.0,78.1576923076923,84.2,8.76,28.0,46,75.76739130434783,84.2,5.555555555555555,28.0,시구,78.1576923076923,8.76,72.6307692307692,43.8,63.98153846153844
11234,독산중앙하이츠빌,금천구,,가산동,37.464875,126.888904,,,,,,,9.0,67.45555555555556,76.6,1.0,4.0,9,67.45555555555556,76.6,1.0,4.0,시구,67.45555555555556,1.0,29.82222222222225,5.0,22.37555555555557
1196,가락쌍용2차,강남구,,수서동,37.501756,127.122425,2.0,78.35,83.9,14.0,7.0,0.0,24.0,78.85416666666667,86.1,8.583333333333334,22.0,24,78.85416666666667,86.1,8.583333333333334,22.0,동,78.35,7.0,73.39999999999998,35.0,61.87999999999998
11491,까치건영,성남시 분당구,,구미동,37.348222,127.107815,,,,,,,26.0,78.1576923076923,84.2,8.76,28.0,46,75.76739130434783,84.2,5.555555555555555,28.0,시구,78.1576923076923,8.76,72.6307692307692,43.8,63.98153846153844
107504,마곡엠밸리14단지,강서구,,공항동,37.556556,126.824685,2.0,68.5,69.4,4.0,2.0,0.0,22.0,72.8,77.9,3.409090909090909,11.0,22,72.8,77.9,3.409090909090909,11.0,동,68.5,2.0,34.0,10.0,26.8
1034,태진한솔,강서구,,등촌동,37.549065,126.874302,1.0,76.9,76.9,10.0,10.0,0.0,22.0,72.8,77.9,3.409090909090909,11.0,22,72.8,77.9,3.409090909090909,11.0,동,76.9,10.0,67.60000000000002,50.0,62.320000000000014
106,한마을,구로구,,개봉동,37.49533,126.862308,2.0,69.2,69.5,3.0,1.5,0.0,14.0,69.58571428571429,77.0,2.357142857142857,7.0,14,69.58571428571429,77.0,2.357142857142857,7.0,동,69.2,1.5,36.80000000000001,7.5,28.010000000000005
2900,청솔유천화인,성남시 분당구,,구미동,37.354141,127.107655,,,,,,,26.0,78.1576923076923,84.2,8.76,28.0,46,75.76739130434783,84.2,5.555555555555555,28.0,시구,78.1576923076923,8.76,72.6307692307692,43.8,63.98153846153844
2942,"청솔서광,영남",성남시 분당구,,구미동,37.351956,127.107094,,,,,,,26.0,78.1576923076923,84.2,8.76,28.0,46,75.76739130434783,84.2,5.555555555555555,28.0,시구,78.1576923076923,8.76,72.6307692307692,43.8,63.98153846153844
1462,공작성일,안양시 동안구,,관양동,37.399462,126.958529,1.0,76.3,76.3,0.0,0.0,0.0,15.0,78.56666666666666,84.4,13.733333333333333,56.0,24,75.26666666666667,84.4,9.416666666666666,56.0,동,76.3,0.0,65.19999999999999,0.0,45.63999999999999
8390,주공그린빌,안양시 만안구,,석수동,37.420957,126.91007,,,,,,,9.0,69.76666666666667,76.6,2.2222222222222223,7.0,24,75.26666666666667,84.4,9.416666666666666,56.0,시구,69.76666666666667,2.2222222222222223,39.06666666666666,11.111111111111112,30.68
101193,여월휴먼시아3단지,부천시 오정구,,여월동,37.509418,126.806219,2.0,73.5,74.8,5.0,2.5,0.0,6.0,69.51666666666667,74.8,1.1666666666666667,4.0,33,71.78787878787878,79.9,2.6666666666666665,13.0,동,73.5,2.5,54.0,12.5,41.55
2879,청솔계룡,성남시 분당구,,구미동,37.353011,127.107205,,,,,,,26.0,78.1576923076923,84.2,8.76,28.0,46,75.76739130434783,84.2,5.555555555555555,28.0,시구,78.1576923076923,8.76,72.6307692307692,43.8,63.98153846153844
625,현대리버빌2차,송파구,,신천동,37.532249,127.116569,1.0,83.0,83.0,13.0,13.0,0.0,29.0,74.12068965517241,83.5,5.241379310344827,17.0,29,74.12068965517241,83.5,5.241379310344827,17.0,동,83.0,13.0,92.0,65.0,83.89999999999999
124842,판교퍼스트힐푸르지오,성남시 분당구,,대장동,37.374505,127.07006,,,,,,,26.0,78.1576923076923,84.2,8.76,28.0,46,75.76739130434783,84.2,5.555555555555555,28.0,시구,78.1576923076923,8.76,72.6307692307692,43.8,63.98153846153844
2063,"푸른벽산,신성,쌍용",성남시 분당구,,백현동,37.369695,127.126283,2.0,79.2,84.2,18.0,9.0,0.0,26.0,78.1576923076923,84.2,8.76,28.0,46,75.76739130434783,84.2,5.555555555555555,28.0,동,79.2,9.0,76.80000000000001,45.0,67.26
8194,인덕원대림2차,안양시 동안구,,평촌동,37.391978,126.976532,,,,,,,15.0,78.56666666666666,84.4,13.733333333333333,56.0,24,75.26666666666667,84.4,9.416666666666666,56.0,시구,78.56666666666666,13.733333333333333,74.26666666666665,68.66666666666667,72.58666666666664
2799,현대,안양시 만안구,,석수동,37.416433,126.908034,,,,,,,9.0,69.76666666666667,76.6,2.2222222222222223,7.0,24,75.26666666666667,84.4,9.416666666666666,56.0,시구,69.76666666666667,2.2222222222222223,39.06666666666666,11.111111111111112,30.68
3678,행원마을동아솔레시티,용인시 기흥구,,마북동,37.31224,127.112302,1.0,76.6,76.6,7.0,7.0,0.0,18.0,75.97222222222223,81.8,5.722222222222222,17.0,50,74.958,81.8,6.041666666666667,18.0,동,76.6,7.0,66.39999999999998,35.0,56.97999999999998
105172,서초네이처힐6단지,서초구,,양재동,37.461495,127.026712,,,,,,,16.0,76.86875,82.1,7.2,15.0,16,76.86875,82.1,7.2,15.0,시구,76.86875,7.2,67.47500000000002,36.0,58.03250000000001
105735,강남자곡힐스테이트,강남구,,세곡동,37.471168,127.088432,,,,,,,24.0,78.85416666666667,86.1,8.583333333333334,22.0,24,78.85416666666667,86.1,8.583333333333334,22.0,시구,78.85416666666667,8.583333333333334,75.41666666666669,42.91666666666667,65.66666666666669
159781,e편한세상금빛그랑메종5단지,성남시 수정구,,단대동,37.443805,127.167995,3.0,70.63333333333334,74.0,1.0,0.3333333333333333,0.0,10.0,73.02000000000001,79.7,2.4,14.0,46,75.76739130434783,84.2,5.555555555555555,28.0,동,70.63333333333334,0.3333333333333333,42.53333333333336,1.6666666666666667,30.27333333333335
135404,영흥숲푸르지오파크비엔,수원시 영통구,,매탄동,37.263289,127.06682,5.0,73.58,79.5,17.0,3.4,0.0,21.0,76.75238095238095,82.6,5.571428571428571,19.0,57,73.70877192982455,82.6,3.3508771929824563,19.0,동,73.58,3.4,54.31999999999999,17.0,43.124
126337,한양수자인평촌리버뷰,안양시 동안구,,비산동,37.392502,126.942108,1.0,69.6,69.6,1.0,1.0,0.0,15.0,78.56666666666666,84.4,13.733333333333333,56.0,24,75.26666666666667,84.4,9.416666666666666,56.0,동,69.6,1.0,38.39999999999998,5.0,28.37999999999998
162257,e편한세상구성역플랫폼시티,용인시 기흥구,,마북동,37.296057,127.111448,1.0,76.6,76.6,7.0,7.0,0.0,18.0,75.97222222222223,81.8,5.722222222222222,17.0,50,74.958,81.8,6.041666666666667,18.0,동,76.6,7.0,66.39999999999998,35.0,56.97999999999998
8484,정자뜰마을태영데시앙1차,용인시 수지구,,상현동,37.315412,127.082751,2.0,79.0,79.5,33.0,16.5,0.0,16.0,77.14375,81.8,11.0,18.0,50,74.958,81.8,6.041666666666667,18.0,동,79.0,16.5,76.0,82.5,77.94999999999999
3745,신정1단지주공,용인시 수지구,,성복동,37.322556,127.091894,2.0,76.8,77.8,34.0,17.0,0.0,16.0,77.14375,81.8,11.0,18.0,50,74.958,81.8,6.041666666666667,18.0,동,76.8,17.0,67.19999999999999,85.0,72.53999999999999
1346,강변3단지,강서구,,가양동,37.565331,126.855765,1.0,67.6,67.6,4.0,4.0,0.0,22.0,72.8,77.9,3.409090909090909,11.0,22,72.8,77.9,3.409090909090909,11.0,동,67.6,4.0,30.399999999999977,20.0,27.279999999999983
113008,목동롯데캐슬마에스트로,강서구,,등촌동,37.545585,126.865927,1.0,76.9,76.9,10.0,10.0,0.0,22.0,72.8,77.9,3.409090909090909,11.0,22,72.8,77.9,3.409090909090909,11.0,동,76.9,10.0,67.60000000000002,50.0,62.320000000000014
125,구로현대,영등포구,,대림동,37.488513,126.895983,2.0,68.94999999999999,71.6,2.0,1.0,0.0,12.0,73.81666666666666,80.8,3.4166666666666665,7.0,12,73.81666666666666,80.8,3.4166666666666665,7.0,동,68.94999999999999,1.0,35.799999999999955,5.0,26.559999999999967
154299,철산자이더헤리티지,구로구,,가리봉동,37.482863,126.869092,,,,,,,14.0,69.58571428571429,77.0,2.357142857142857,7.0,14,69.58571428571429,77.0,2.357142857142857,7.0,시구,69.58571428571429,2.357142857142857,38.34285714285716,11.785714285714285,30.37571428571429
646,쌍용,송파구,,방이동,37.527239,127.117669,3.0,71.33333333333333,75.8,0.0,0.0,0.0,29.0,74.12068965517241,83.5,5.241379310344827,17.0,29,74.12068965517241,83.5,5.241379310344827,17.0,동,71.33333333333333,0.0,45.333333333333314,0.0,31.73333333333332
1354,청솔한라,성남시 분당구,,궁내동,37.35581,127.10731,,,,,,,26.0,78.1576923076923,84.2,8.76,28.0,46,75.76739130434783,84.2,5.555555555555555,28.0,시구,78.1576923076923,8.76,72.6307692307692,43.8,63.98153846153844
3076,"관악(동성,현대,청구)",안양시 동안구,,비산동,37.395261,126.943024,1.0,69.6,69.6,1.0,1.0,0.0,15.0,78.56666666666666,84.4,13.733333333333333,56.0,24,75.26666666666667,84.4,9.416666666666666,56.0,동,69.6,1.0,38.39999999999998,5.0,28.37999999999998
111361,포레나광교상현,용인시 수지구,,상현동,37.305256,127.074078,2.0,79.0,79.5,33.0,16.5,0.0,16.0,77.14375,81.8,11.0,18.0,50,74.958,81.8,6.041666666666667,18.0,동,79.0,16.5,76.0,82.5,77.94999999999999
3447,신정아이파크,양천구,,목동,37.521766,126.871748,2.0,70.5,74.2,26.0,13.0,0.5,18.0,71.30000000000001,80.9,9.22222222222222,29.0,18,71.30000000000001,80.9,9.22222222222222,29.0,동,70.5,13.0,42.0,65.0,48.9
27631,판교원7단지모아미래도,성남시 분당구,,백현동,37.387968,127.092348,2.0,79.2,84.2,18.0,9.0,0.0,26.0,78.1576923076923,84.2,8.76,28.0,46,75.76739130434783,84.2,5.555555555555555,28.0,동,79.2,9.0,76.80000000000001,45.0,67.26
1808,영통포레파크원,수원시 영통구,,영통동,37.2624,127.0795,4.0,79.75,82.6,20.0,5.0,0.0,21.0,76.75238095238095,82.6,5.571428571428571,19.0,57,73.70877192982455,82.6,3.3508771929824563,19.0,동,79.75,5.0,79.0,25.0,62.8
136913,광교더리브,수원시 영통구,,이의동,37.289152,127.06358,2.0,80.1,81.3,21.0,10.5,0.0,21.0,76.75238095238095,82.6,5.571428571428571,19.0,57,73.70877192982455,82.6,3.3508771929824563,19.0,동,80.1,10.5,80.39999999999998,52.5,72.02999999999997
8919,신도림7차e-편한세상,양천구,,신정동,37.508337,126.882684,,,,,,,18.0,71.30000000000001,80.9,9.22222222222222,29.0,18,71.30000000000001,80.9,9.22222222222222,29.0,시구,71.30000000000001,9.22222222222222,45.200000000000045,46.1111111111111,45.47333333333336
107458,강남한양수자인,강남구,,세곡동,37.476662,127.112807,,,,,,,24.0,78.85416666666667,86.1,8.583333333333334,22.0,24,78.85416666666667,86.1,8.583333333333334,22.0,시구,78.85416666666667,8.583333333333334,75.41666666666669,42.91666666666667,65.66666666666669
110731,e편한세상테라스광교웨스트힐,수원시 영통구,,이의동,37.308992,127.045749,2.0,80.1,81.3,21.0,10.5,0.0,21.0,76.75238095238095,82.6,5.571428571428571,19.0,57,73.70877192982455,82.6,3.3508771929824563,19.0,동,80.1,10.5,80.39999999999998,52.5,72.02999999999997
1347,가양6단지,강서구,,가양동,37.563341,126.859656,1.0,67.6,67.6,4.0,4.0,0.0,22.0,72.8,77.9,3.409090909090909,11.0,22,72.8,77.9,3.409090909090909,11.0,동,67.6,4.0,30.399999999999977,20.0,27.279999999999983
1012,강나루현대,강서구,,가양동,37.560918,126.856953,1.0,67.6,67.6,4.0,4.0,0.0,22.0,72.8,77.9,3.409090909090909,11.0,22,72.8,77.9,3.409090909090909,11.0,동,67.6,4.0,30.399999999999977,20.0,27.279999999999983
25937,e편한세상센트레빌,광명시,,광명동,37.468654,126.867449,,,,,,,12.0,72.71666666666667,78.4,4.333333333333333,11.0,12,72.71666666666667,78.4,4.333333333333333,11.0,시구,72.71666666666667,4.333333333333333,50.866666666666674,21.666666666666664,42.10666666666667
3089,석수LG빌리지,광명시,,소하동,37.428968,126.901389,1.0,74.9,74.9,8.0,8.0,0.0,12.0,72.71666666666667,78.4,4.333333333333333,11.0,12,72.71666666666667,78.4,4.333333333333333,11.0,동,74.9,8.0,59.60000000000002,40.0,53.72000000000001
3081,호계현대홈타운1차,안양시 동안구,,비산동,37.38606,126.949037,1.0,69.6,69.6,1.0,1.0,0.0,15.0,78.56666666666666,84.4,13.733333333333333,56.0,24,75.26666666666667,84.4,9.416666666666666,56.0,동,69.6,1.0,38.39999999999998,5.0,28.37999999999998
107505,마곡엠밸리15단지,강서구,,가양동,37.556958,126.827983,1.0,67.6,67.6,4.0,4.0,0.0,22.0,72.8,77.9,3.409090909090909,11.0,22,72.8,77.9,3.409090909090909,11.0,동,67.6,4.0,30.399999999999977,20.0,27.279999999999983
508,동고,서초구,,양재동,37.471401,127.023757,,,,,,,16.0,76.86875,82.1,7.2,15.0,16,76.86875,82.1,7.2,15.0,시구,76.86875,7.2,67.47500000000002,36.0,58.03250000000001
3431,송파삼성래미안,송파구,,가락동,37.504744,127.118295,2.0,74.75,75.7,7.0,3.5,0.0,29.0,74.12068965517241,83.5,5.241379310344827,17.0,29,74.12068965517241,83.5,5.241379310344827,17.0,동,74.75,3.5,59.0,17.5,46.55
989,성안마을청구,송파구,,풍납동,37.531965,127.124413,1.0,71.1,71.1,1.0,1.0,1.0,29.0,74.12068965517241,83.5,5.241379310344827,17.0,29,74.12068965517241,83.5,5.241379310344827,17.0,동,71.1,1.0,44.39999999999998,5.0,32.579999999999984
77,현대9단지,송파구,,풍납동,37.542378,127.097619,1.0,71.1,71.1,1.0,1.0,1.0,29.0,74.12068965517241,83.5,5.241379310344827,17.0,29,74.12068965517241,83.5,5.241379310344827,17.0,동,71.1,1.0,44.39999999999998,5.0,32.579999999999984
25454,석수경남아너스빌,안양시 만안구,,석수동,37.417286,126.911648,,,,,,,9.0,69.76666666666667,76.6,2.2222222222222223,7.0,24,75.26666666666667,84.4,9.416666666666666,56.0,시구,69.76666666666667,2.2222222222222223,39.06666666666666,11.111111111111112,30.68
1477,초원3단지대원,안양시 동안구,,평촌동,37.388721,126.96674,,,,,,,15.0,78.56666666666666,84.4,13.733333333333333,56.0,24,75.26666666666667,84.4,9.416666666666666,56.0,시구,78.56666666666666,13.733333333333333,74.26666666666665,68.66666666666667,72.58666666666664
111385,기흥역더샵,용인시 기흥구,,구갈동,37.272317,127.118317,1.0,75.9,75.9,1.0,1.0,0.0,18.0,75.97222222222223,81.8,5.722222222222222,17.0,50,74.958,81.8,6.041666666666667,18.0,동,75.9,1.0,63.60000000000002,5.0,46.02000000000001
130826,호반써밋목동,양천구,,신월동,37.51643,126.852912,2.0,62.55,63.7,3.0,1.5,0.0,18.0,71.30000000000001,80.9,9.22222222222222,29.0,18,71.30000000000001,80.9,9.22222222222222,29.0,동,62.55,1.5,10.199999999999989,7.5,9.389999999999992
26481,송파파인타운6단지,송파구,,가락동,37.480619,127.132339,2.0,74.75,75.7,7.0,3.5,0.0,29.0,74.12068965517241,83.5,5.241379310344827,17.0,29,74.12068965517241,83.5,5.241379310344827,17.0,동,74.75,3.5,59.0,17.5,46.55
109217,성내올림픽파크한양수자인,송파구,,방이동,37.526798,127.128374,3.0,71.33333333333333,75.8,0.0,0.0,0.0,29.0,74.12068965517241,83.5,5.241379310344827,17.0,29,74.12068965517241,83.5,5.241379310344827,17.0,동,71.33333333333333,0.0,45.333333333333314,0.0,31.73333333333332
112792,동천자이,성남시 분당구,,동원동,37.345878,127.090312,1.0,72.9,72.9,0.0,0.0,1.0,26.0,78.1576923076923,84.2,8.76,28.0,46,75.76739130434783,84.2,5.555555555555555,28.0,동,72.9,0.0,51.60000000000002,0.0,36.12000000000001
132600,서광교파크스위첸,수원시 영통구,,이의동,37.294932,127.031557,2.0,80.1,81.3,21.0,10.5,0.0,21.0,76.75238095238095,82.6,5.571428571428571,19.0,57,73.70877192982455,82.6,3.3508771929824563,19.0,동,80.1,10.5,80.39999999999998,52.5,72.02999999999997
137233,광교더포레스트,수원시 영통구,,하동,37.295394,127.083606,1.0,77.7,77.7,4.0,4.0,0.0,21.0,76.75238095238095,82.6,5.571428571428571,19.0,57,73.70877192982455,82.6,3.3508771929824563,19.0,동,77.7,4.0,70.80000000000001,20.0,55.56
9161,강변힐스테이트,강서구,,등촌동,37.551261,126.874077,1.0,76.9,76.9,10.0,10.0,0.0,22.0,72.8,77.9,3.409090909090909,11.0,22,72.8,77.9,3.409090909090909,11.0,동,76.9,10.0,67.60000000000002,50.0,62.320000000000014
134382,광교풍경채어바니티(민간임대),수원시 영통구,,영통동,37.270552,127.070724,4.0,79.75,82.6,20.0,5.0,0.0,21.0,76.75238095238095,82.6,5.571428571428571,19.0,57,73.70877192982455,82.6,3.3508771929824563,19.0,동,79.75,5.0,79.0,25.0,62.8
1467,은하수(벽산),안양시 동안구,,비산동,37.392649,126.947172,1.0,69.6,69.6,1.0,1.0,0.0,15.0,78.56666666666666,84.4,13.733333333333333,56.0,24,75.26666666666667,84.4,9.416666666666666,56.0,동,69.6,1.0,38.39999999999998,5.0,28.37999999999998
1004,천호태영,송파구,,풍납동,37.538494,127.12996,1.0,71.1,71.1,1.0,1.0,1.0,29.0,74.12068965517241,83.5,5.241379310344827,17.0,29,74.12068965517241,83.5,5.241379310344827,17.0,동,71.1,1.0,44.39999999999998,5.0,32.579999999999984
27569,판교원5단지푸르지오,성남시 분당구,,백현동,37.387694,127.088308,2.0,79.2,84.2,18.0,9.0,0.0,26.0,78.1576923076923,84.2,8.76,28.0,46,75.76739130434783,84.2,5.555555555555555,28.0,동,79.2,9.0,76.80000000000001,45.0,67.26
121645,안양씨엘포레자이,안양시 동안구,,비산동,37.38776,126.922988,1.0,69.6,69.6,1.0,1.0,0.0,15.0,78.56666666666666,84.4,13.733333333333333,56.0,24,75.26666666666667,84.4,9.416666666666666,56.0,동,69.6,1.0,38.39999999999998,5.0,28.37999999999998
3023,목련5단지,안양시 동안구,,비산동,37.388143,126.956269,1.0,69.6,69.6,1.0,1.0,0.0,15.0,78.56666666666666,84.4,13.733333333333333,56.0,24,75.26666666666667,84.4,9.416666666666666,56.0,동,69.6,1.0,38.39999999999998,5.0,28.37999999999998
2042,한마음1단지,안양시 동안구,,비산동,37.39058,126.94533,1.0,69.6,69.6,1.0,1.0,0.0,15.0,78.56666666666666,84.4,13.733333333333333,56.0,24,75.26666666666667,84.4,9.416666666666666,56.0,동,69.6,1.0,38.39999999999998,5.0,28.37999999999998
10663,구로중앙하이츠(1269),영등포구,,도림동,37.49902,126.880799,,,,,,,12.0,73.81666666666666,80.8,3.4166666666666665,7.0,12,73.81666666666666,80.8,3.4166666666666665,7.0,시구,73.81666666666666,3.4166666666666665,55.26666666666665,17.083333333333332,43.81166666666665
25901,철산푸르지오하늘채,구로구,,가리봉동,37.472757,126.868732,,,,,,,14.0,69.58571428571429,77.0,2.357142857142857,7.0,14,69.58571428571429,77.0,2.357142857142857,7.0,시구,69.58571428571429,2.357142857142857,38.34285714285716,11.785714285714285,30.37571428571429
355,현대1차,송파구,,거여동,37.493159,127.140664,1.0,74.6,74.6,7.0,7.0,0.0,29.0,74.12068965517241,83.5,5.241379310344827,17.0,29,74.12068965517241,83.5,5.241379310344827,17.0,동,74.6,7.0,58.39999999999998,35.0,51.37999999999998
1460,공작럭키,안양시 동안구,,관양동,37.400976,126.957548,1.0,76.3,76.3,0.0,0.0,0.0,15.0,78.56666666666666,84.4,13.733333333333333,56.0,24,75.26666666666667,84.4,9.416666666666666,56.0,동,76.3,0.0,65.19999999999999,0.0,45.63999999999999
1350,가양우성,강서구,,가양동,37.562387,126.854226,1.0,67.6,67.6,4.0,4.0,0.0,22.0,72.8,77.9,3.409090909090909,11.0,22,72.8,77.9,3.409090909090909,11.0,동,67.6,4.0,30.399999999999977,20.0,27.279999999999983
595,가락대림,강남구,,수서동,37.499404,127.118675,2.0,78.35,83.9,14.0,7.0,0.0,24.0,78.85416666666667,86.1,8.583333333333334,22.0,24,78.85416666666667,86.1,8.583333333333334,22.0,동,78.35,7.0,73.39999999999998,35.0,61.87999999999998
118210,고덕센트럴아이파크,강동구,,고덕동,37.552385,127.166706,2.0,73.95,74.7,27.0,13.5,0.5,19.0,72.88333333333334,83.6,5.526315789473684,20.0,19,72.88333333333334,83.6,5.526315789473684,20.0,동,73.95,13.5,55.80000000000002,67.5,59.31000000000001
8357,아튼빌,성남시 중원구,,도촌동,37.428853,127.151094,1.0,73.8,73.8,2.0,2.0,0.0,10.0,72.3,76.8,0.7,2.0,46,75.76739130434783,84.2,5.555555555555555,28.0,동,73.8,2.0,55.2,10.0,41.63999999999999
1478,초원5단지LG,안양시 동안구,,평촌동,37.389369,126.968697,,,,,,,15.0,78.56666666666666,84.4,13.733333333333333,56.0,24,75.26666666666667,84.4,9.416666666666666,56.0,시구,78.56666666666666,13.733333333333333,74.26666666666665,68.66666666666667,72.58666666666664
25842,인덕원센트럴자이,안양시 동안구,,평촌동,37.384045,126.975014,,,,,,,15.0,78.56666666666666,84.4,13.733333333333333,56.0,24,75.26666666666667,84.4,9.416666666666666,56.0,시구,78.56666666666666,13.733333333333333,74.26666666666665,68.66666666666667,72.58666666666664
107728,신정뉴타운롯데캐슬,양천구,,신월동,37.519036,126.847468,2.0,62.55,63.7,3.0,1.5,0.0,18.0,71.30000000000001,80.9,9.22222222222222,29.0,18,71.30000000000001,80.9,9.22222222222222,29.0,동,62.55,1.5,10.199999999999989,7.5,9.389999999999992
707,베어스타운,영등포구,,당산동1가,37.519147,126.885261,,,,,,,12.0,73.81666666666666,80.8,3.4166666666666665,7.0,12,73.81666666666666,80.8,3.4166666666666665,7.0,시구,73.81666666666666,3.4166666666666665,55.26666666666665,17.083333333333332,43.81166666666665
3706,동천마을현대홈타운2차,성남시 분당구,,금곡동,37.338724,127.095852,1.0,78.5,78.5,0.0,,0.0,26.0,78.1576923076923,84.2,8.76,28.0,46,75.76739130434783,84.2,5.555555555555555,28.0,동,78.5,8.76,74.0,43.8,64.94
27632,판교원6단지판교대광로제비앙,성남시 분당구,,백현동,37.387916,127.090385,2.0,79.2,84.2,18.0,9.0,0.0,26.0,78.1576923076923,84.2,8.76,28.0,46,75.76739130434783,84.2,5.555555555555555,28.0,동,79.2,9.0,76.80000000000001,45.0,67.26
650,한강극동,송파구,,방이동,37.529691,127.112333,3.0,71.33333333333333,75.8,0.0,0.0,0.0,29.0,74.12068965517241,83.5,5.241379310344827,17.0,29,74.12068965517241,83.5,5.241379310344827,17.0,동,71.33333333333333,0.0,45.333333333333314,0.0,31.73333333333332
73,청구,송파구,,풍납동,37.542289,127.096557,1.0,71.1,71.1,1.0,1.0,1.0,29.0,74.12068965517241,83.5,5.241379310344827,17.0,29,74.12068965517241,83.5,5.241379310344827,17.0,동,71.1,1.0,44.39999999999998,5.0,32.579999999999984
127667,두산위브더아티움,안양시 만안구,,석수동,37.412683,126.915028,,,,,,,9.0,69.76666666666667,76.6,2.2222222222222223,7.0,24,75.26666666666667,84.4,9.416666666666666,56.0,시구,69.76666666666667,2.2222222222222223,39.06666666666666,11.111111111111112,30.68
3093,성동마을강남빌리지,용인시 수지구,,상현동,37.314477,127.077268,2.0,79.0,79.5,33.0,16.5,0.0,16.0,77.14375,81.8,11.0,18.0,50,74.958,81.8,6.041666666666667,18.0,동,79.0,16.5,76.0,82.5,77.94999999999999
1576,"까치대우,롯데,선경",성남시 분당구,,구미동,37.349988,127.117445,,,,,,,26.0,78.1576923076923,84.2,8.76,28.0,46,75.76739130434783,84.2,5.555555555555555,28.0,시구,78.1576923076923,8.76,72.6307692307692,43.8,63.98153846153844
127903,힐스테이트비산파크뷰,안양시 동안구,,비산동,37.405465,126.93436,1.0,69.6,69.6,1.0,1.0,0.0,15.0,78.56666666666666,84.4,13.733333333333333,56.0,24,75.26666666666667,84.4,9.416666666666666,56.0,동,69.6,1.0,38.39999999999998,5.0,28.37999999999998
8193,래미안인덕원더포인트,안양시 동안구,,평촌동,37.393119,126.979021,,,,,,,15.0,78.56666666666666,84.4,13.733333333333333,56.0,24,75.26666666666667,84.4,9.416666666666666,56.0,시구,78.56666666666666,13.733333333333333,74.26666666666665,68.66666666666667,72.58666666666664
609,문정시영,송파구,,가락동,37.491758,127.136406,2.0,74.75,75.7,7.0,3.5,0.0,29.0,74.12068965517241,83.5,5.241379310344827,17.0,29,74.12068965517241,83.5,5.241379310344827,17.0,동,74.75,3.5,59.0,17.5,46.55
75,광장현대5단지,송파구,,풍납동,37.539665,127.099836,1.0,71.1,71.1,1.0,1.0,1.0,29.0,74.12068965517241,83.5,5.241379310344827,17.0,29,74.12068965517241,83.5,5.241379310344827,17.0,동,71.1,1.0,44.39999999999998,5.0,32.579999999999984
22957,안양임곡휴먼시아,안양시 동안구,,비산동,37.401336,126.930233,1.0,69.6,69.6,1.0,1.0,0.0,15.0,78.56666666666666,84.4,13.733333333333333,56.0,24,75.26666666666667,84.4,9.416666666666666,56.0,동,69.6,1.0,38.39999999999998,5.0,28.37999999999998
1817,효자촌그린타운,성남시 분당구,,분당동,37.371569,127.136987,1.0,72.2,72.2,4.0,4.0,0.0,26.0,78.1576923076923,84.2,8.76,28.0,46,75.76739130434783,84.2,5.555555555555555,28.0,동,72.2,4.0,48.80000000000001,20.0,40.16
26414,두산위브인덕원센트럴2단지,안양시 동안구,,평촌동,37.391511,126.979791,,,,,,,15.0,78.56666666666666,84.4,13.733333333333333,56.0,24,75.26666666666667,84.4,9.416666666666666,56.0,시구,78.56666666666666,13.733333333333333,74.26666666666665,68.66666666666667,72.58666666666664
154917,평촌센텀퍼스트,안양시 동안구,,호계동,37.374167,126.960926,3.0,81.0,81.5,42.0,14.0,0.0,15.0,78.56666666666666,84.4,13.733333333333333,56.0,24,75.26666666666667,84.4,9.416666666666666,56.0,동,81.0,14.0,84.0,70.0,79.8
107475,마곡엠밸리5단지,강서구,,공항동,37.566144,126.817596,2.0,68.5,69.4,4.0,2.0,0.0,22.0,72.8,77.9,3.409090909090909,11.0,22,72.8,77.9,3.409090909090909,11.0,동,68.5,2.0,34.0,10.0,26.8
27392,판교원3단지푸르지오,성남시 분당구,,운중동,37.387992,127.086148,1.0,80.1,80.1,14.0,14.0,0.0,26.0,78.1576923076923,84.2,8.76,28.0,46,75.76739130434783,84.2,5.555555555555555,28.0,동,80.1,14.0,80.39999999999998,70.0,77.27999999999997
3696,성복역금호베스트빌,용인시 수지구,,상현동,37.30746,127.07808,2.0,79.0,79.5,33.0,16.5,0.0,16.0,77.14375,81.8,11.0,18.0,50,74.958,81.8,6.041666666666667,18.0,동,79.0,16.5,76.0,82.5,77.94999999999999
2690,정든신화,성남시 분당구,,궁내동,37.362948,127.117767,,,,,,,26.0,78.1576923076923,84.2,8.76,28.0,46,75.76739130434783,84.2,5.555555555555555,28.0,시구,78.1576923076923,8.76,72.6307692307692,43.8,63.98153846153844
164,금천현대,금천구,,가산동,37.462518,126.890273,,,,,,,9.0,67.45555555555556,76.6,1.0,4.0,9,67.45555555555556,76.6,1.0,4.0,시구,67.45555555555556,1.0,29.82222222222225,5.0,22.37555555555557
132779,호반써밋서초파크,서초구,,양재동,37.458206,127.023515,,,,,,,16.0,76.86875,82.1,7.2,15.0,16,76.86875,82.1,7.2,15.0,시구,76.86875,7.2,67.47500000000002,36.0,58.03250000000001
3079,비산삼성래미안,안양시 동안구,,비산동,37.400838,126.937999,1.0,69.6,69.6,1.0,1.0,0.0,15.0,78.56666666666666,84.4,13.733333333333333,56.0,24,75.26666666666667,84.4,9.416666666666666,56.0,동,69.6,1.0,38.39999999999998,5.0,28.37999999999998
3748,신정8단지현대성우,용인시 수지구,,상현동,37.318378,127.090037,2.0,79.0,79.5,33.0,16.5,0.0,16.0,77.14375,81.8,11.0,18.0,50,74.958,81.8,6.041666666666667,18.0,동,79.0,16.5,76.0,82.5,77.94999999999999
107477,마곡엠밸리7단지,강서구,,공항동,37.565186,126.822974,2.0,68.5,69.4,4.0,2.0,0.0,22.0,72.8,77.9,3.409090909090909,11.0,22,72.8,77.9,3.409090909090909,11.0,동,68.5,2.0,34.0,10.0,26.8
104034,호반써밋서초파크뷰,서초구,,양재동,37.45932,127.025146,,,,,,,16.0,76.86875,82.1,7.2,15.0,16,76.86875,82.1,7.2,15.0,시구,76.86875,7.2,67.47500000000002,36.0,58.03250000000001
104967,래미안강남힐즈,강남구,,세곡동,37.473934,127.094136,,,,,,,24.0,78.85416666666667,86.1,8.583333333333334,22.0,24,78.85416666666667,86.1,8.583333333333334,22.0,시구,78.85416666666667,8.583333333333334,75.41666666666669,42.91666666666667,65.66666666666669
22911,매탄위브하늘채,수원시 권선구,,권선동,37.262298,127.041412,3.0,71.2,74.9,5.0,1.6666666666666667,0.0,14.0,71.78571428571429,78.6,1.7142857142857142,4.0,57,73.70877192982455,82.6,3.3508771929824563,19.0,동,71.2,1.6666666666666667,44.80000000000001,8.333333333333334,33.86000000000001
3075,은하수(청구),안양시 동안구,,비산동,37.39182,126.94619,1.0,69.6,69.6,1.0,1.0,0.0,15.0,78.56666666666666,84.4,13.733333333333333,56.0,24,75.26666666666667,84.4,9.416666666666666,56.0,동,69.6,1.0,38.39999999999998,5.0,28.37999999999998
1468,은하수(신성),안양시 동안구,,비산동,37.394351,126.948142,1.0,69.6,69.6,1.0,1.0,0.0,15.0,78.56666666666666,84.4,13.733333333333333,56.0,24,75.26666666666667,84.4,9.416666666666666,56.0,동,69.6,1.0,38.39999999999998,5.0,28.37999999999998
10965,인덕원센트럴푸르지오,안양시 동안구,,평촌동,37.393464,126.981583,,,,,,,15.0,78.56666666666666,84.4,13.733333333333333,56.0,24,75.26666666666667,84.4,9.416666666666666,56.0,시구,78.56666666666666,13.733333333333333,74.26666666666665,68.66666666666667,72.58666666666664
3713,광교상현마을현대,용인시 수지구,,상현동,37.301808,127.073334,2.0,79.0,79.5,33.0,16.5,0.0,16.0,77.14375,81.8,11.0,18.0,50,74.958,81.8,6.041666666666667,18.0,동,79.0,16.5,76.0,82.5,77.94999999999999
139917,포레나송파,송파구,,거여동,37.485823,127.149025,1.0,74.6,74.6,7.0,7.0,0.0,29.0,74.12068965517241,83.5,5.241379310344827,17.0,29,74.12068965517241,83.5,5.241379310344827,17.0,동,74.6,7.0,58.39999999999998,35.0,51.37999999999998
108187,고덕래미안힐스테이트,강동구,,고덕동,37.559113,127.148905,2.0,73.95,74.7,27.0,13.5,0.5,19.0,72.88333333333334,83.6,5.526315789473684,20.0,19,72.88333333333334,83.6,5.526315789473684,20.0,동,73.95,13.5,55.80000000000002,67.5,59.31000000000001
2907,청솔공무원,성남시 분당구,,궁내동,37.355866,127.111766,,,,,,,26.0,78.1576923076923,84.2,8.76,28.0,46,75.76739130434783,84.2,5.555555555555555,28.0,시구,78.1576923076923,8.76,72.6307692307692,43.8,63.98153846153844
103034,광교해모로,수원시 영통구,,이의동,37.30703,127.052617,2.0,80.1,81.3,21.0,10.5,0.0,21.0,76.75238095238095,82.6,5.571428571428571,19.0,57,73.70877192982455,82.6,3.3508771929824563,19.0,동,80.1,10.5,80.39999999999998,52.5,72.02999999999997
1465,한가람삼성,안양시 동안구,,관양동,37.400142,126.955888,1.0,76.3,76.3,0.0,0.0,0.0,15.0,78.56666666666666,84.4,13.733333333333333,56.0,24,75.26666666666667,84.4,9.416666666666666,56.0,동,76.3,0.0,65.19999999999999,0.0,45.63999999999999
115869,송파레미니스1단지,송파구,,가락동,37.507848,127.135386,2.0,74.75,75.7,7.0,3.5,0.0,29.0,74.12068965517241,83.5,5.241379310344827,17.0,29,74.12068965517241,83.5,5.241379310344827,17.0,동,74.75,3.5,59.0,17.5,46.55
416,씨티극동,송파구,,풍납동,37.53994,127.11839,1.0,71.1,71.1,1.0,1.0,1.0,29.0,74.12068965517241,83.5,5.241379310344827,17.0,29,74.12068965517241,83.5,5.241379310344827,17.0,동,71.1,1.0,44.39999999999998,5.0,32.579999999999984
80,광나루현대,송파구,,풍납동,37.547082,127.108314,1.0,71.1,71.1,1.0,1.0,1.0,29.0,74.12068965517241,83.5,5.241379310344827,17.0,29,74.12068965517241,83.5,5.241379310344827,17.0,동,71.1,1.0,44.39999999999998,5.0,32.579999999999984
182278,도덕파크타운,광명시,,광명동,37.47001,126.864894,,,,,,,12.0,72.71666666666667,78.4,4.333333333333333,11.0,12,72.71666666666667,78.4,4.333333333333333,11.0,시구,72.71666666666667,4.333333333333333,50.866666666666674,21.666666666666664,42.10666666666667
101283,래미안하이어스,군포시,,금정동,37.368284,126.936087,2.0,70.44999999999999,74.8,3.0,1.5,0.0,12.0,73.81666666666666,80.5,5.0,17.0,12,73.81666666666666,80.5,5.0,17.0,동,70.44999999999999,1.5,41.79999999999996,7.5,31.50999999999997
2223,벽산타운1단지,성남시 분당구,,구미동,37.33661,127.10489,,,,,,,26.0,78.1576923076923,84.2,8.76,28.0,46,75.76739130434783,84.2,5.555555555555555,28.0,시구,78.1576923076923,8.76,72.6307692307692,43.8,63.98153846153844
1479,초원1단지성원,안양시 동안구,,평촌동,37.389214,126.963312,,,,,,,15.0,78.56666666666666,84.4,13.733333333333333,56.0,24,75.26666666666667,84.4,9.416666666666666,56.0,시구,78.56666666666666,13.733333333333333,74.26666666666665,68.66666666666667,72.58666666666664
3088,관악산현대홈타운,안양시 만안구,,석수동,37.420967,126.912092,,,,,,,9.0,69.76666666666667,76.6,2.2222222222222223,7.0,24,75.26666666666667,84.4,9.416666666666666,56.0,시구,69.76666666666667,2.2222222222222223,39.06666666666666,11.111111111111112,30.68
3746,용인수지신정9단지주공,용인시 수지구,,성복동,37.320078,127.09189,2.0,76.8,77.8,34.0,17.0,0.0,16.0,77.14375,81.8,11.0,18.0,50,74.958,81.8,6.041666666666667,18.0,동,76.8,17.0,67.19999999999999,85.0,72.53999999999999
165797,미사강변효성해링턴플레이스엔에이치에프,하남시,,망월동,37.562022,127.198592,1.0,82.7,82.7,6.0,6.0,0.0,13.0,79.63846153846154,84.3,3.230769230769231,12.0,13,79.63846153846154,84.3,3.230769230769231,12.0,동,82.7,6.0,90.8,30.0,72.56
3440,목동삼성래미안2차,양천구,,신정동,37.510109,126.868157,,,,,,,18.0,71.30000000000001,80.9,9.22222222222222,29.0,18,71.30000000000001,80.9,9.22222222222222,29.0,시구,71.30000000000001,9.22222222222222,45.200000000000045,46.1111111111111,45.47333333333336
22570,강동롯데캐슬퍼스트,강동구,,고덕동,37.556495,127.140819,2.0,73.95,74.7,27.0,13.5,0.5,19.0,72.88333333333334,83.6,5.526315789473684,20.0,19,72.88333333333334,83.6,5.526315789473684,20.0,동,73.95,13.5,55.80000000000002,67.5,59.31000000000001
1739,한신,성남시 수정구,,단대동,37.44505,127.151748,3.0,70.63333333333334,74.0,1.0,0.3333333333333333,0.0,10.0,73.02000000000001,79.7,2.4,14.0,46,75.76739130434783,84.2,5.555555555555555,28.0,동,70.63333333333334,0.3333333333333333,42.53333333333336,1.6666666666666667,30.27333333333335
1985,관악(성원),안양시 동안구,,관양동,37.3957,126.94634,1.0,76.3,76.3,0.0,0.0,0.0,15.0,78.56666666666666,84.4,13.733333333333333,56.0,24,75.26666666666667,84.4,9.416666666666666,56.0,동,76.3,0.0,65.19999999999999,0.0,45.63999999999999
8626,귀인마을현대홈타운,안양시 동안구,,평촌동,37.385278,126.962531,,,,,,,15.0,78.56666666666666,84.4,13.733333333333333,56.0,24,75.26666666666667,84.4,9.416666666666666,56.0,시구,78.56666666666666,13.733333333333333,74.26666666666665,68.66666666666667,72.58666666666664
8443,블루밍구성더센트럴,용인시 기흥구,,마북동,37.300852,127.111398,1.0,76.6,76.6,7.0,7.0,0.0,18.0,75.97222222222223,81.8,5.722222222222222,17.0,50,74.958,81.8,6.041666666666667,18.0,동,76.6,7.0,66.39999999999998,35.0,56.97999999999998
3083,한마음2단지,안양시 동안구,,비산동,37.390945,126.944022,1.0,69.6,69.6,1.0,1.0,0.0,15.0,78.56666666666666,84.4,13.733333333333333,56.0,24,75.26666666666667,84.4,9.416666666666666,56.0,동,69.6,1.0,38.39999999999998,5.0,28.37999999999998
8742,목동우성2차,양천구,,신정동,37.507451,126.865426,,,,,,,18.0,71.30000000000001,80.9,9.22222222222222,29.0,18,71.30000000000001,80.9,9.22222222222222,29.0,시구,71.30000000000001,9.22222222222222,45.200000000000045,46.1111111111111,45.47333333333336
107065,천왕연지타운1단지,구로구,,개봉동,37.486564,126.840188,2.0,69.2,69.5,3.0,1.5,0.0,14.0,69.58571428571429,77.0,2.357142857142857,7.0,14,69.58571428571429,77.0,2.357142857142857,7.0,동,69.2,1.5,36.80000000000001,7.5,28.010000000000005
160917,광명자이더샵포레나,구로구,,개봉동,37.488046,126.86366,2.0,69.2,69.5,3.0,1.5,0.0,14.0,69.58571428571429,77.0,2.357142857142857,7.0,14,69.58571428571429,77.0,2.357142857142857,7.0,동,69.2,1.5,36.80000000000001,7.5,28.010000000000005
1873,"무지개마을3단지신한,건영",성남시 분당구,,구미동,37.339047,127.114706,,,,,,,26.0,78.1576923076923,84.2,8.76,28.0,46,75.76739130434783,84.2,5.555555555555555,28.0,시구,78.1576923076923,8.76,72.6307692307692,43.8,63.98153846153844
2637,상록임광보성,성남시 분당구,,궁내동,37.357336,127.107143,,,,,,,26.0,78.1576923076923,84.2,8.76,28.0,46,75.76739130434783,84.2,5.555555555555555,28.0,시구,78.1576923076923,8.76,72.6307692307692,43.8,63.98153846153844
109412,힐스테이트영통,수원시 권선구,,곡반정동,37.243827,127.049093,1.0,78.1,78.1,3.0,3.0,0.0,14.0,71.78571428571429,78.6,1.7142857142857142,4.0,57,73.70877192982455,82.6,3.3508771929824563,19.0,동,78.1,3.0,72.39999999999998,15.0,55.17999999999998
3001,한가람한양,안양시 동안구,,관양동,37.399361,126.953245,1.0,76.3,76.3,0.0,0.0,0.0,15.0,78.56666666666666,84.4,13.733333333333333,56.0,24,75.26666666666667,84.4,9.416666666666666,56.0,동,76.3,0.0,65.19999999999999,0.0,45.63999999999999
24900,두산위브인덕원센트럴1단지,안양시 동안구,,평촌동,37.390778,126.978367,,,,,,,15.0,78.56666666666666,84.4,13.733333333333333,56.0,24,75.26666666666667,84.4,9.416666666666666,56.0,시구,78.56666666666666,13.733333333333333,74.26666666666665,68.66666666666667,72.58666666666664
8460,서홍마을우남퍼스트빌,용인시 수지구,,성복동,37.320232,127.080357,2.0,76.8,77.8,34.0,17.0,0.0,16.0,77.14375,81.8,11.0,18.0,50,74.958,81.8,6.041666666666667,18.0,동,76.8,17.0,67.19999999999999,85.0,72.53999999999999
695,현대1차,영등포구,,대림동,37.502172,126.894991,2.0,68.94999999999999,71.6,2.0,1.0,0.0,12.0,73.81666666666666,80.8,3.4166666666666665,7.0,12,73.81666666666666,80.8,3.4166666666666665,7.0,동,68.94999999999999,1.0,35.799999999999955,5.0,26.559999999999967
154118,강동헤리티지자이,강동구,,길동,37.539736,127.149365,,,,,,,19.0,72.88333333333334,83.6,5.526315789473684,20.0,19,72.88333333333334,83.6,5.526315789473684,20.0,시구,72.88333333333334,5.526315789473684,51.53333333333337,27.631578947368418,44.36280701754388
1687,장안타운건영2차,성남시 분당구,,분당동,37.370527,127.141072,1.0,72.2,72.2,4.0,4.0,0.0,26.0,78.1576923076923,84.2,8.76,28.0,46,75.76739130434783,84.2,5.555555555555555,28.0,동,72.2,4.0,48.80000000000001,20.0,40.16
1482,향촌현대5차,안양시 동안구,,평촌동,37.387274,126.961938,,,,,,,15.0,78.56666666666666,84.4,13.733333333333333,56.0,24,75.26666666666667,84.4,9.416666666666666,56.0,시구,78.56666666666666,13.733333333333333,74.26666666666665,68.66666666666667,72.58666666666664
1305,가양2단지성지,강서구,,가양동,37.570419,126.847209,1.0,67.6,67.6,4.0,4.0,0.0,22.0,72.8,77.9,3.409090909090909,11.0,22,72.8,77.9,3.409090909090909,11.0,동,67.6,4.0,30.399999999999977,20.0,27.279999999999983
102314,송파파크데일2단지,송파구,,거여동,37.495787,127.158943,1.0,74.6,74.6,7.0,7.0,0.0,29.0,74.12068965517241,83.5,5.241379310344827,17.0,29,74.12068965517241,83.5,5.241379310344827,17.0,동,74.6,7.0,58.39999999999998,35.0,51.37999999999998
2174,매화마을주공3단지,성남시 분당구,,야탑동,37.415348,127.141283,1.0,72.7,72.7,0.0,0.0,0.0,26.0,78.1576923076923,84.2,8.76,28.0,46,75.76739130434783,84.2,5.555555555555555,28.0,동,72.7,0.0,50.80000000000001,0.0,35.56
1461,한가람두산,안양시 동안구,,관양동,37.39873,126.956258,1.0,76.3,76.3,0.0,0.0,0.0,15.0,78.56666666666666,84.4,13.733333333333333,56.0,24,75.26666666666667,84.4,9.416666666666666,56.0,동,76.3,0.0,65.19999999999999,0.0,45.63999999999999
2225,현대,용인시 기흥구,,보정동,37.326415,127.094646,1.0,81.8,81.8,17.0,17.0,0.0,18.0,75.97222222222223,81.8,5.722222222222222,17.0,50,74.958,81.8,6.041666666666667,18.0,동,81.8,17.0,87.19999999999999,85.0,86.53999999999999
1017,등촌마을서광,강서구,,가양동,37.557794,126.85716,1.0,67.6,67.6,4.0,4.0,0.0,22.0,72.8,77.9,3.409090909090909,11.0,22,72.8,77.9,3.409090909090909,11.0,동,67.6,4.0,30.399999999999977,20.0,27.279999999999983
130,극동,영등포구,,대림동,37.490902,126.889401,2.0,68.94999999999999,71.6,2.0,1.0,0.0,12.0,73.81666666666666,80.8,3.4166666666666665,7.0,12,73.81666666666666,80.8,3.4166666666666665,7.0,동,68.94999999999999,1.0,35.799999999999955,5.0,26.559999999999967
113297,평촌더샵아이파크,군포시,,금정동,37.376515,126.958647,2.0,70.44999999999999,74.8,3.0,1.5,0.0,12.0,73.81666666666666,80.5,5.0,17.0,12,73.81666666666666,80.5,5.0,17.0,동,70.44999999999999,1.5,41.79999999999996,7.5,31.50999999999997
2659,진로,성남시 수정구,,단대동,37.451036,127.155896,3.0,70.63333333333334,74.0,1.0,0.3333333333333333,0.0,10.0,73.02000000000001,79.7,2.4,14.0,46,75.76739130434783,84.2,5.555555555555555,28.0,동,70.63333333333334,0.3333333333333333,42.53333333333336,1.6666666666666667,30.27333333333335
8216,인덕원동아에코빌,안양시 동안구,,평촌동,37.392418,126.982579,,,,,,,15.0,78.56666666666666,84.4,13.733333333333333,56.0,24,75.26666666666667,84.4,9.416666666666666,56.0,시구,78.56666666666666,13.733333333333333,74.26666666666665,68.66666666666667,72.58666666666664
711,현대2차,양천구,,신정동,37.520529,126.882797,,,,,,,18.0,71.30000000000001,80.9,9.22222222222222,29.0,18,71.30000000000001,80.9,9.22222222222222,29.0,시구,71.30000000000001,9.22222222222222,45.200000000000045,46.1111111111111,45.47333333333336
8186,철산리버빌주공,구로구,,가리봉동,37.494232,126.868137,,,,,,,14.0,69.58571428571429,77.0,2.357142857142857,7.0,14,69.58571428571429,77.0,2.357142857142857,7.0,시구,69.58571428571429,2.357142857142857,38.34285714285716,11.785714285714285,30.37571428571429
2797,한솔1단지청구,성남시 분당구,,금곡동,37.364278,127.122132,1.0,78.5,78.5,0.0,,0.0,26.0,78.1576923076923,84.2,8.76,28.0,46,75.76739130434783,84.2,5.555555555555555,28.0,동,78.5,8.76,74.0,43.8,64.94
2813,한솔3단지한일,성남시 분당구,,분당동,37.366916,127.120509,1.0,72.2,72.2,4.0,4.0,0.0,26.0,78.1576923076923,84.2,8.76,28.0,46,75.76739130434783,84.2,5.555555555555555,28.0,동,72.2,4.0,48.80000000000001,20.0,40.16
102038,LH동분당센트럴파크,성남시 분당구,,야탑동,37.413837,127.147897,1.0,72.7,72.7,0.0,0.0,0.0,26.0,78.1576923076923,84.2,8.76,28.0,46,75.76739130434783,84.2,5.555555555555555,28.0,동,72.7,0.0,50.80000000000001,0.0,35.56
1736,두산,성남시 수정구,,단대동,37.445342,127.149767,3.0,70.63333333333334,74.0,1.0,0.3333333333333333,0.0,10.0,73.02000000000001,79.7,2.4,14.0,46,75.76739130434783,84.2,5.555555555555555,28.0,동,70.63333333333334,0.3333333333333333,42.53333333333336,1.6666666666666667,30.27333333333335
109075,수원아이파크시티7단지,수원시 권선구,,곡반정동,37.246642,127.019986,1.0,78.1,78.1,3.0,3.0,0.0,14.0,71.78571428571429,78.6,1.7142857142857142,4.0,57,73.70877192982455,82.6,3.3508771929824563,19.0,동,78.1,3.0,72.39999999999998,15.0,55.17999999999998
124237,수원역푸르지오자이,수원시 권선구,,서둔동,37.275503,126.998949,1.0,69.7,69.7,0.0,0.0,0.0,14.0,71.78571428571429,78.6,1.7142857142857142,4.0,57,73.70877192982455,82.6,3.3508771929824563,19.0,동,69.7,0.0,38.80000000000001,0.0,27.160000000000007
12045,"벽적골8단지두산,우성,한신",수원시 영통구,,망포동,37.2477,127.059237,1.0,75.6,75.6,4.0,4.0,0.0,21.0,76.75238095238095,82.6,5.571428571428571,19.0,57,73.70877192982455,82.6,3.3508771929824563,19.0,동,75.6,4.0,62.39999999999998,20.0,49.67999999999998
103682,광교호반베르디움,수원시 영통구,,매탄동,37.273169,127.056417,5.0,73.58,79.5,17.0,3.4,0.0,21.0,76.75238095238095,82.6,5.571428571428571,19.0,57,73.70877192982455,82.6,3.3508771929824563,19.0,동,73.58,3.4,54.31999999999999,17.0,43.124
1809,청명마을주공,수원시 영통구,,영통동,37.25826,127.07886,4.0,79.75,82.6,20.0,5.0,0.0,21.0,76.75238095238095,82.6,5.571428571428571,19.0,57,73.70877192982455,82.6,3.3508771929824563,19.0,동,79.75,5.0,79.0,25.0,62.8
103,자양현대3차,송파구,,신천동,37.528249,127.083546,1.0,83.0,83.0,13.0,13.0,0.0,29.0,74.12068965517241,83.5,5.241379310344827,17.0,29,74.12068965517241,83.5,5.241379310344827,17.0,동,83.0,13.0,92.0,65.0,83.89999999999999
1290,길동우성,강동구,,길동,37.537054,127.143714,,,,,,,19.0,72.88333333333334,83.6,5.526315789473684,20.0,19,72.88333333333334,83.6,5.526315789473684,20.0,시구,72.88333333333334,5.526315789473684,51.53333333333337,27.631578947368418,44.36280701754388
1804,영통에듀파크,수원시 영통구,,영통동,37.257527,127.075968,4.0,79.75,82.6,20.0,5.0,0.0,21.0,76.75238095238095,82.6,5.571428571428571,19.0,57,73.70877192982455,82.6,3.3508771929824563,19.0,동,79.75,5.0,79.0,25.0,62.8
114527,수지파크푸르지오,용인시 기흥구,,보정동,37.32743,127.098283,1.0,81.8,81.8,17.0,17.0,0.0,18.0,75.97222222222223,81.8,5.722222222222222,17.0,50,74.958,81.8,6.041666666666667,18.0,동,81.8,17.0,87.19999999999999,85.0,86.53999999999999
3707,성복역아이파크,용인시 수지구,,상현동,37.310945,127.085479,2.0,79.0,79.5,33.0,16.5,0.0,16.0,77.14375,81.8,11.0,18.0,50,74.958,81.8,6.041666666666667,18.0,동,79.0,16.5,76.0,82.5,77.94999999999999
8692,성복역현대홈타운,용인시 수지구,,상현동,37.309312,127.08172,2.0,79.0,79.5,33.0,16.5,0.0,16.0,77.14375,81.8,11.0,18.0,50,74.958,81.8,6.041666666666667,18.0,동,79.0,16.5,76.0,82.5,77.94999999999999
22814,광명푸르지오,광명시,,광명동,37.473779,126.864409,,,,,,,12.0,72.71666666666667,78.4,4.333333333333333,11.0,12,72.71666666666667,78.4,4.333333333333333,11.0,시구,72.71666666666667,4.333333333333333,50.866666666666674,21.666666666666664,42.10666666666667
107639,금정역호계푸르지오,군포시,,금정동,37.374374,126.951097,2.0,70.44999999999999,74.8,3.0,1.5,0.0,12.0,73.81666666666666,80.5,5.0,17.0,12,73.81666666666666,80.5,5.0,17.0,동,70.44999999999999,1.5,41.79999999999996,7.5,31.50999999999997
145661,힐스테이트소사역,부천시 소사구,,괴안동,37.481651,126.796475,2.0,69.75,72.7,3.0,1.5,0.0,7.0,70.14285714285714,78.9,2.2857142857142856,5.0,33,71.78787878787878,79.9,2.6666666666666665,13.0,동,69.75,1.5,39.0,7.5,29.55
24290,용인수지벽산타운2단지,성남시 분당구,,구미동,37.33557,127.105347,,,,,,,26.0,78.1576923076923,84.2,8.76,28.0,46,75.76739130434783,84.2,5.555555555555555,28.0,시구,78.1576923076923,8.76,72.6307692307692,43.8,63.98153846153844
27863,산운11단지판교포레라움,성남시 분당구,,운중동,37.389023,127.073945,1.0,80.1,80.1,14.0,14.0,0.0,26.0,78.1576923076923,84.2,8.76,28.0,46,75.76739130434783,84.2,5.555555555555555,28.0,동,80.1,14.0,80.39999999999998,70.0,77.27999999999997
9364,강변한솔솔파크,강서구,,등촌동,37.55692,126.866533,1.0,76.9,76.9,10.0,10.0,0.0,22.0,72.8,77.9,3.409090909090909,11.0,22,72.8,77.9,3.409090909090909,11.0,동,76.9,10.0,67.60000000000002,50.0,62.320000000000014
3351,벽산블루밍,구로구,,개봉동,37.495668,126.864723,2.0,69.2,69.5,3.0,1.5,0.0,14.0,69.58571428571429,77.0,2.357142857142857,7.0,14,69.58571428571429,77.0,2.357142857142857,7.0,동,69.2,1.5,36.80000000000001,7.5,28.010000000000005
26479,송파파인타운2단지,강남구,,율현동,37.483654,127.130936,,,,,,,24.0,78.85416666666667,86.1,8.583333333333334,22.0,24,78.85416666666667,86.1,8.583333333333334,22.0,시구,78.85416666666667,8.583333333333334,75.41666666666669,42.91666666666667,65.66666666666669
26061,래미안에버하임,안양시 동안구,,평촌동,37.388153,126.977002,,,,,,,15.0,78.56666666666666,84.4,13.733333333333333,56.0,24,75.26666666666667,84.4,9.416666666666666,56.0,시구,78.56666666666666,13.733333333333333,74.26666666666665,68.66666666666667,72.58666666666664
113112,용인기흥효성해링턴플레이스,용인시 기흥구,,보라동,37.265372,127.097102,2.0,74.15,74.8,8.0,4.0,0.0,18.0,75.97222222222223,81.8,5.722222222222222,17.0,50,74.958,81.8,6.041666666666667,18.0,동,74.15,4.0,56.60000000000003,20.0,45.62000000000002
115644,더샵동천이스트포레,용인시 수지구,,동천동,37.333299,127.091647,2.0,75.55000000000001,77.2,19.0,9.5,0.0,16.0,77.14375,81.8,11.0,18.0,50,74.958,81.8,6.041666666666667,18.0,동,75.55000000000001,9.5,62.200000000000045,47.5,57.79000000000003
2511,벽산블루밍,용인시 수지구,,상현동,37.30883,127.077586,2.0,79.0,79.5,33.0,16.5,0.0,16.0,77.14375,81.8,11.0,18.0,50,74.958,81.8,6.041666666666667,18.0,동,79.0,16.5,76.0,82.5,77.94999999999999
34,삼성관음,강서구,,등촌동,37.552728,126.869165,1.0,76.9,76.9,10.0,10.0,0.0,22.0,72.8,77.9,3.409090909090909,11.0,22,72.8,77.9,3.409090909090909,11.0,동,76.9,10.0,67.60000000000002,50.0,62.320000000000014
117329,목동센트럴아이파크위브,양천구,,신월동,37.516804,126.843516,2.0,62.55,63.7,3.0,1.5,0.0,18.0,71.30000000000001,80.9,9.22222222222222,29.0,18,71.30000000000001,80.9,9.22222222222222,29.0,동,62.55,1.5,10.199999999999989,7.5,9.389999999999992
997,천호삼성,강동구,,길동,37.538722,127.135299,,,,,,,19.0,72.88333333333334,83.6,5.526315789473684,20.0,19,72.88333333333334,83.6,5.526315789473684,20.0,시구,72.88333333333334,5.526315789473684,51.53333333333337,27.631578947368418,44.36280701754388
1382,까치주공2단지,성남시 분당구,,구미동,37.347877,127.117097,,,,,,,26.0,78.1576923076923,84.2,8.76,28.0,46,75.76739130434783,84.2,5.555555555555555,28.0,시구,78.1576923076923,8.76,72.6307692307692,43.8,63.98153846153844
1789,효자촌현대,성남시 분당구,,분당동,37.37544,127.13266,1.0,72.2,72.2,4.0,4.0,0.0,26.0,78.1576923076923,84.2,8.76,28.0,46,75.76739130434783,84.2,5.555555555555555,28.0,동,72.2,4.0,48.80000000000001,20.0,40.16
2657,금광삼익,성남시 수정구,,단대동,37.449526,127.161439,3.0,70.63333333333334,74.0,1.0,0.3333333333333333,0.0,10.0,73.02000000000001,79.7,2.4,14.0,46,75.76739130434783,84.2,5.555555555555555,28.0,동,70.63333333333334,0.3333333333333333,42.53333333333336,1.6666666666666667,30.27333333333335
18527,성남자이,성남시 수정구,,신흥동,37.433334,127.156434,,,,,,,10.0,73.02000000000001,79.7,2.4,14.0,46,75.76739130434783,84.2,5.555555555555555,28.0,시구,73.02000000000001,2.4,52.08000000000004,12.0,40.056000000000026
113539,더샵수지포레,용인시 수지구,,상현동,37.307792,127.088812,2.0,79.0,79.5,33.0,16.5,0.0,16.0,77.14375,81.8,11.0,18.0,50,74.958,81.8,6.041666666666667,18.0,동,79.0,16.5,76.0,82.5,77.94999999999999
6,라인,강서구,,가양동,37.559531,126.856047,1.0,67.6,67.6,4.0,4.0,0.0,22.0,72.8,77.9,3.409090909090909,11.0,22,72.8,77.9,3.409090909090909,11.0,동,67.6,4.0,30.399999999999977,20.0,27.279999999999983
143,구로한신1차,구로구,,가리봉동,37.496403,126.873725,,,,,,,14.0,69.58571428571429,77.0,2.357142857142857,7.0,14,69.58571428571429,77.0,2.357142857142857,7.0,시구,69.58571428571429,2.357142857142857,38.34285714285716,11.785714285714285,30.37571428571429
1595,광명한진타운,구로구,,오류동,37.478042,126.852428,1.0,71.8,71.8,4.0,4.0,0.0,14.0,69.58571428571429,77.0,2.357142857142857,7.0,14,69.58571428571429,77.0,2.357142857142857,7.0,동,71.8,4.0,47.19999999999999,20.0,39.03999999999999
643,동아한가람,송파구,,풍납동,37.537339,127.115241,1.0,71.1,71.1,1.0,1.0,1.0,29.0,74.12068965517241,83.5,5.241379310344827,17.0,29,74.12068965517241,83.5,5.241379310344827,17.0,동,71.1,1.0,44.39999999999998,5.0,32.579999999999984
2742,정든한진7차,성남시 분당구,,궁내동,37.360517,127.11556,,,,,,,26.0,78.1576923076923,84.2,8.76,28.0,46,75.76739130434783,84.2,5.555555555555555,28.0,시구,78.1576923076923,8.76,72.6307692307692,43.8,63.98153846153844
124832,더샵판교포레스트11단지,성남시 분당구,,대장동,37.36805,127.074079,,,,,,,26.0,78.1576923076923,84.2,8.76,28.0,46,75.76739130434783,84.2,5.555555555555555,28.0,시구,78.1576923076923,8.76,72.6307692307692,43.8,63.98153846153844
27864,산운12단지판교센트럴포레와이시티,성남시 분당구,,운중동,37.389247,127.071457,1.0,80.1,80.1,14.0,14.0,0.0,26.0,78.1576923076923,84.2,8.76,28.0,46,75.76739130434783,84.2,5.555555555555555,28.0,동,80.1,14.0,80.39999999999998,70.0,77.27999999999997
100374,수원시청역SKVIEW,수원시 권선구,,권선동,37.257942,127.027646,3.0,71.2,74.9,5.0,1.6666666666666667,0.0,14.0,71.78571428571429,78.6,1.7142857142857142,4.0,57,73.70877192982455,82.6,3.3508771929824563,19.0,동,71.2,1.6666666666666667,44.80000000000001,8.333333333333334,33.86000000000001
2728,화서주공4단지,수원시 권선구,,서둔동,37.284656,126.992806,1.0,69.7,69.7,0.0,0.0,0.0,14.0,71.78571428571429,78.6,1.7142857142857142,4.0,57,73.70877192982455,82.6,3.3508771929824563,19.0,동,69.7,0.0,38.80000000000001,0.0,27.160000000000007
8212,풍산,용인시 수지구,,상현동,37.309843,127.079287,2.0,79.0,79.5,33.0,16.5,0.0,16.0,77.14375,81.8,11.0,18.0,50,74.958,81.8,6.041666666666667,18.0,동,79.0,16.5,76.0,82.5,77.94999999999999
108359,마곡힐스테이트,강서구,,공항동,37.564067,126.818111,2.0,68.5,69.4,4.0,2.0,0.0,22.0,72.8,77.9,3.409090909090909,11.0,22,72.8,77.9,3.409090909090909,11.0,동,68.5,2.0,34.0,10.0,26.8
109799,마곡13단지힐스테이트마스터,강서구,,공항동,37.557929,126.818221,2.0,68.5,69.4,4.0,2.0,0.0,22.0,72.8,77.9,3.409090909090909,11.0,22,72.8,77.9,3.409090909090909,11.0,동,68.5,2.0,34.0,10.0,26.8
109266,위례센트럴자이,송파구,,문정동,37.472909,127.139054,1.0,69.3,69.3,1.0,1.0,0.0,29.0,74.12068965517241,83.5,5.241379310344827,17.0,29,74.12068965517241,83.5,5.241379310344827,17.0,동,69.3,1.0,37.19999999999999,5.0,27.539999999999992
124826,더샵판교포레스트12단지,성남시 분당구,,대장동,37.364741,127.072591,,,,,,,26.0,78.1576923076923,84.2,8.76,28.0,46,75.76739130434783,84.2,5.555555555555555,28.0,시구,78.1576923076923,8.76,72.6307692307692,43.8,63.98153846153844
139920,송파레이크힐,송파구,,거여동,37.486247,127.144602,1.0,74.6,74.6,7.0,7.0,0.0,29.0,74.12068965517241,83.5,5.241379310344827,17.0,29,74.12068965517241,83.5,5.241379310344827,17.0,동,74.6,7.0,58.39999999999998,35.0,51.37999999999998
107250,수원역해모로,수원시 권선구,,권선동,37.264747,127.009407,3.0,71.2,74.9,5.0,1.6666666666666667,0.0,14.0,71.78571428571429,78.6,1.7142857142857142,4.0,57,73.70877192982455,82.6,3.3508771929824563,19.0,동,71.2,1.6666666666666667,44.80000000000001,8.333333333333334,33.86000000000001
1993,관악(부영),안양시 동안구,,관양동,37.396511,126.944769,1.0,76.3,76.3,0.0,0.0,0.0,15.0,78.56666666666666,84.4,13.733333333333333,56.0,24,75.26666666666667,84.4,9.416666666666666,56.0,동,76.3,0.0,65.19999999999999,0.0,45.63999999999999
8425,서원마을3단지아이파크,용인시 수지구,,상현동,37.308167,127.08047,2.0,79.0,79.5,33.0,16.5,0.0,16.0,77.14375,81.8,11.0,18.0,50,74.958,81.8,6.041666666666667,18.0,동,79.0,16.5,76.0,82.5,77.94999999999999
11231,신정7단지상록,용인시 수지구,,성복동,37.321305,127.089833,2.0,76.8,77.8,34.0,17.0,0.0,16.0,77.14375,81.8,11.0,18.0,50,74.958,81.8,6.041666666666667,18.0,동,76.8,17.0,67.19999999999999,85.0,72.53999999999999
107961,마곡엠밸리3단지,강서구,,공항동,37.568195,126.819963,2.0,68.5,69.4,4.0,2.0,0.0,22.0,72.8,77.9,3.409090909090909,11.0,22,72.8,77.9,3.409090909090909,11.0,동,68.5,2.0,34.0,10.0,26.8
13859,등촌아이파크,강서구,,등촌동,37.544062,126.859983,1.0,76.9,76.9,10.0,10.0,0.0,22.0,72.8,77.9,3.409090909090909,11.0,22,72.8,77.9,3.409090909090909,11.0,동,76.9,10.0,67.60000000000002,50.0,62.320000000000014
670,목동삼성,양천구,,신정동,37.515964,126.876541,,,,,,,18.0,71.30000000000001,80.9,9.22222222222222,29.0,18,71.30000000000001,80.9,9.22222222222222,29.0,시구,71.30000000000001,9.22222222222222,45.200000000000045,46.1111111111111,45.47333333333336
951,거여4단지,송파구,,거여동,37.489407,127.143873,1.0,74.6,74.6,7.0,7.0,0.0,29.0,74.12068965517241,83.5,5.241379310344827,17.0,29,74.12068965517241,83.5,5.241379310344827,17.0,동,74.6,7.0,58.39999999999998,35.0,51.37999999999998
25874,고덕아이파크,강동구,,고덕동,37.558909,127.155676,2.0,73.95,74.7,27.0,13.5,0.5,19.0,72.88333333333334,83.6,5.526315789473684,20.0,19,72.88333333333334,83.6,5.526315789473684,20.0,동,73.95,13.5,55.80000000000002,67.5,59.31000000000001
126520,판교풍경채어바니티5단지,성남시 분당구,,대장동,37.363967,127.070267,,,,,,,26.0,78.1576923076923,84.2,8.76,28.0,46,75.76739130434783,84.2,5.555555555555555,28.0,시구,78.1576923076923,8.76,72.6307692307692,43.8,63.98153846153844
24615,화서역블루밍푸른숲,수원시 권선구,,서둔동,37.282661,126.999905,1.0,69.7,69.7,0.0,0.0,0.0,14.0,71.78571428571429,78.6,1.7142857142857142,4.0,57,73.70877192982455,82.6,3.3508771929824563,19.0,동,69.7,0.0,38.80000000000001,0.0,27.160000000000007
2015,안양대우,안양시 동안구,,비산동,37.406269,126.92273,1.0,69.6,69.6,1.0,1.0,0.0,15.0,78.56666666666666,84.4,13.733333333333333,56.0,24,75.26666666666667,84.4,9.416666666666666,56.0,동,69.6,1.0,38.39999999999998,5.0,28.37999999999998
8800,호계효성,안양시 동안구,,비산동,37.385719,126.947178,1.0,69.6,69.6,1.0,1.0,0.0,15.0,78.56666666666666,84.4,13.733333333333333,56.0,24,75.26666666666667,84.4,9.416666666666666,56.0,동,69.6,1.0,38.39999999999998,5.0,28.37999999999998
3690,파크시엘,용인시 기흥구,,신갈동,37.288572,127.11399,1.0,75.1,75.1,1.0,1.0,0.0,18.0,75.97222222222223,81.8,5.722222222222222,17.0,50,74.958,81.8,6.041666666666667,18.0,동,75.1,1.0,60.39999999999998,5.0,43.77999999999998
14,등촌주공8단지,강서구,,가양동,37.561359,126.851355,1.0,67.6,67.6,4.0,4.0,0.0,22.0,72.8,77.9,3.409090909090909,11.0,22,72.8,77.9,3.409090909090909,11.0,동,67.6,4.0,30.399999999999977,20.0,27.279999999999983
24,방화5단지,강서구,,개화동,37.57728,126.810344,,,,,,,22.0,72.8,77.9,3.409090909090909,11.0,22,72.8,77.9,3.409090909090909,11.0,시구,72.8,3.409090909090909,51.19999999999999,17.045454545454547,40.95363636363636
112280,마곡엠밸리11단지,강서구,,공항동,37.559182,126.82115,2.0,68.5,69.4,4.0,2.0,0.0,22.0,72.8,77.9,3.409090909090909,11.0,22,72.8,77.9,3.409090909090909,11.0,동,68.5,2.0,34.0,10.0,26.8
100443,더헤리티지,성남시 분당구,,궁내동,37.358777,127.097587,,,,,,,26.0,78.1576923076923,84.2,8.76,28.0,46,75.76739130434783,84.2,5.555555555555555,28.0,시구,78.1576923076923,8.76,72.6307692307692,43.8,63.98153846153844
3637,주공그린빌5단지,수원시 권선구,,권선동,37.254635,127.040912,3.0,71.2,74.9,5.0,1.6666666666666667,0.0,14.0,71.78571428571429,78.6,1.7142857142857142,4.0,57,73.70877192982455,82.6,3.3508771929824563,19.0,동,71.2,1.6666666666666667,44.80000000000001,8.333333333333334,33.86000000000001
25902,철산래미안자이,구로구,,가리봉동,37.471957,126.874532,,,,,,,14.0,69.58571428571429,77.0,2.357142857142857,7.0,14,69.58571428571429,77.0,2.357142857142857,7.0,시구,69.58571428571429,2.357142857142857,38.34285714285716,11.785714285714285,30.37571428571429
3350,현대홈타운2단지,구로구,,개봉동,37.491878,126.861342,2.0,69.2,69.5,3.0,1.5,0.0,14.0,69.58571428571429,77.0,2.357142857142857,7.0,14,69.58571428571429,77.0,2.357142857142857,7.0,동,69.2,1.5,36.80000000000001,7.5,28.010000000000005
120265,e편한세상온수역,구로구,,궁동,37.489098,126.821258,,,,,,,14.0,69.58571428571429,77.0,2.357142857142857,7.0,14,69.58571428571429,77.0,2.357142857142857,7.0,시구,69.58571428571429,2.357142857142857,38.34285714285716,11.785714285714285,30.37571428571429
26222,송파파인타운3단지,송파구,,가락동,37.483677,127.132892,2.0,74.75,75.7,7.0,3.5,0.0,29.0,74.12068965517241,83.5,5.241379310344827,17.0,29,74.12068965517241,83.5,5.241379310344827,17.0,동,74.75,3.5,59.0,17.5,46.55
903,명일GS,강동구,,길동,37.549082,127.146089,,,,,,,19.0,72.88333333333334,83.6,5.526315789473684,20.0,19,72.88333333333334,83.6,5.526315789473684,20.0,시구,72.88333333333334,5.526315789473684,51.53333333333337,27.631578947368418,44.36280701754388
1724,효자촌동아,성남시 분당구,,분당동,37.377814,127.135727,1.0,72.2,72.2,4.0,4.0,0.0,26.0,78.1576923076923,84.2,8.76,28.0,46,75.76739130434783,84.2,5.555555555555555,28.0,동,72.2,4.0,48.80000000000001,20.0,40.16
3683,금화마을3단지주공그린빌,용인시 기흥구,,구갈동,37.262336,127.107341,1.0,75.9,75.9,1.0,1.0,0.0,18.0,75.97222222222223,81.8,5.722222222222222,17.0,50,74.958,81.8,6.041666666666667,18.0,동,75.9,1.0,63.60000000000002,5.0,46.02000000000001
103293,강서한강자이,강서구,,가양동,37.567012,126.849675,1.0,67.6,67.6,4.0,4.0,0.0,22.0,72.8,77.9,3.409090909090909,11.0,22,72.8,77.9,3.409090909090909,11.0,동,67.6,4.0,30.399999999999977,20.0,27.279999999999983
121977,고덕자이,강동구,,고덕동,37.552376,127.170896,2.0,73.95,74.7,27.0,13.5,0.5,19.0,72.88333333333334,83.6,5.526315789473684,20.0,19,72.88333333333334,83.6,5.526315789473684,20.0,동,73.95,13.5,55.80000000000002,67.5,59.31000000000001
27633,산운8단지사랑으로,성남시 분당구,,운중동,37.392676,127.072042,1.0,80.1,80.1,14.0,14.0,0.0,26.0,78.1576923076923,84.2,8.76,28.0,46,75.76739130434783,84.2,5.555555555555555,28.0,동,80.1,14.0,80.39999999999998,70.0,77.27999999999997
13698,현대힐스테이트,수원시 영통구,,매탄동,37.271727,127.039635,5.0,73.58,79.5,17.0,3.4,0.0,21.0,76.75238095238095,82.6,5.571428571428571,19.0,57,73.70877192982455,82.6,3.3508771929824563,19.0,동,73.58,3.4,54.31999999999999,17.0,43.124
1480,향촌롯데,안양시 동안구,,비산동,37.387953,126.959309,1.0,69.6,69.6,1.0,1.0,0.0,15.0,78.56666666666666,84.4,13.733333333333333,56.0,24,75.26666666666667,84.4,9.416666666666666,56.0,동,69.6,1.0,38.39999999999998,5.0,28.37999999999998
3016,목련8단지,안양시 동안구,,비산동,37.384674,126.953223,1.0,69.6,69.6,1.0,1.0,0.0,15.0,78.56666666666666,84.4,13.733333333333333,56.0,24,75.26666666666667,84.4,9.416666666666666,56.0,동,69.6,1.0,38.39999999999998,5.0,28.37999999999998
8637,삼성래미안,안양시 동안구,,평촌동,37.389637,126.975717,,,,,,,15.0,78.56666666666666,84.4,13.733333333333333,56.0,24,75.26666666666667,84.4,9.416666666666666,56.0,시구,78.56666666666666,13.733333333333333,74.26666666666665,68.66666666666667,72.58666666666664
9631,도현마을현대(아이파크),용인시 기흥구,,구갈동,37.285765,127.109839,1.0,75.9,75.9,1.0,1.0,0.0,18.0,75.97222222222223,81.8,5.722222222222222,17.0,50,74.958,81.8,6.041666666666667,18.0,동,75.9,1.0,63.60000000000002,5.0,46.02000000000001
9303,죽현마을아이파크,용인시 기흥구,,마북동,37.318109,127.11388,1.0,76.6,76.6,7.0,7.0,0.0,18.0,75.97222222222223,81.8,5.722222222222222,17.0,50,74.958,81.8,6.041666666666667,18.0,동,76.6,7.0,66.39999999999998,35.0,56.97999999999998
3330,화곡푸르지오,강서구,,내발산동,37.544791,126.831286,4.0,76.05000000000001,77.9,24.0,6.0,0.75,22.0,72.8,77.9,3.409090909090909,11.0,22,72.8,77.9,3.409090909090909,11.0,동,76.05000000000001,6.0,64.20000000000005,30.0,53.940000000000026
106166,강남브리즈힐,강남구,,세곡동,37.4729,127.090813,,,,,,,24.0,78.85416666666667,86.1,8.583333333333334,22.0,24,78.85416666666667,86.1,8.583333333333334,22.0,시구,78.85416666666667,8.583333333333334,75.41666666666669,42.91666666666667,65.66666666666669
3865,주공2-1단지,군포시,,금정동,37.356419,126.934637,2.0,70.44999999999999,74.8,3.0,1.5,0.0,12.0,73.81666666666666,80.5,5.0,17.0,12,73.81666666666666,80.5,5.0,17.0,동,70.44999999999999,1.5,41.79999999999996,7.5,31.50999999999997
3309,매화마을주공4단지,성남시 분당구,,야탑동,37.413417,127.142186,1.0,72.7,72.7,0.0,0.0,0.0,26.0,78.1576923076923,84.2,8.76,28.0,46,75.76739130434783,84.2,5.555555555555555,28.0,동,72.7,0.0,50.80000000000001,0.0,35.56
155738,수원성중흥S-클래스,수원시 장안구,,연무동,37.277313,127.022369,1.0,68.8,68.8,0.0,0.0,0.0,13.0,73.18461538461538,78.5,2.3846153846153846,9.0,57,73.70877192982455,82.6,3.3508771929824563,19.0,동,68.8,0.0,35.19999999999999,0.0,24.63999999999999
107215,래미안수지이스트파크,용인시 기흥구,,보정동,37.329689,127.099808,1.0,81.8,81.8,17.0,17.0,0.0,18.0,75.97222222222223,81.8,5.722222222222222,17.0,50,74.958,81.8,6.041666666666667,18.0,동,81.8,17.0,87.19999999999999,85.0,86.53999999999999
3701,만현마을1단지롯데캐슬,용인시 수지구,,상현동,37.31214,127.089663,2.0,79.0,79.5,33.0,16.5,0.0,16.0,77.14375,81.8,11.0,18.0,50,74.958,81.8,6.041666666666667,18.0,동,79.0,16.5,76.0,82.5,77.94999999999999
1016,한사랑삼성2차,강서구,,가양동,37.55453,126.864407,1.0,67.6,67.6,4.0,4.0,0.0,22.0,72.8,77.9,3.409090909090909,11.0,22,72.8,77.9,3.409090909090909,11.0,동,67.6,4.0,30.399999999999977,20.0,27.279999999999983
133083,광명푸르지오포레나,구로구,,천왕동,37.474447,126.858366,1.0,71.1,71.1,2.0,2.0,0.0,14.0,69.58571428571429,77.0,2.357142857142857,7.0,14,69.58571428571429,77.0,2.357142857142857,7.0,동,71.1,2.0,44.39999999999998,10.0,34.079999999999984
1705,무지개2단지LG,성남시 분당구,,구미동,37.33692,127.114618,,,,,,,26.0,78.1576923076923,84.2,8.76,28.0,46,75.76739130434783,84.2,5.555555555555555,28.0,시구,78.1576923076923,8.76,72.6307692307692,43.8,63.98153846153844
7954,"신성,신안,쌍용,진흥",수원시 영통구,,망포동,37.254442,127.065252,1.0,75.6,75.6,4.0,4.0,0.0,21.0,76.75238095238095,82.6,5.571428571428571,19.0,57,73.70877192982455,82.6,3.3508771929824563,19.0,동,75.6,4.0,62.39999999999998,20.0,49.67999999999998
25771,래미안노블클래스1단지,수원시 영통구,,매탄동,37.269643,127.035986,5.0,73.58,79.5,17.0,3.4,0.0,21.0,76.75238095238095,82.6,5.571428571428571,19.0,57,73.70877192982455,82.6,3.3508771929824563,19.0,동,73.58,3.4,54.31999999999999,17.0,43.124
3992,영통센트럴파크뷰,수원시 영통구,,영통동,37.26557,127.080143,4.0,79.75,82.6,20.0,5.0,0.0,21.0,76.75238095238095,82.6,5.571428571428571,19.0,57,73.70877192982455,82.6,3.3508771929824563,19.0,동,79.75,5.0,79.0,25.0,62.8
120092,대야역두산위브더파크,시흥시,,대야동,37.451164,126.788007,1.0,74.5,74.5,0.0,0.0,0.0,26.0,73.34230769230768,82.4,1.1153846153846154,4.0,26,73.34230769230768,82.4,1.1153846153846154,4.0,동,74.5,0.0,57.99999999999999,0.0,40.6
106774,기흥더샵프라임뷰,용인시 기흥구,,구갈동,37.281732,127.110337,1.0,75.9,75.9,1.0,1.0,0.0,18.0,75.97222222222223,81.8,5.722222222222222,17.0,50,74.958,81.8,6.041666666666667,18.0,동,75.9,1.0,63.60000000000002,5.0,46.02000000000001
3741,한국,용인시 수지구,,성복동,37.32377,127.093933,2.0,76.8,77.8,34.0,17.0,0.0,16.0,77.14375,81.8,11.0,18.0,50,74.958,81.8,6.041666666666667,18.0,동,76.8,17.0,67.19999999999999,85.0,72.53999999999999
107483,마곡엠밸리4단지,강서구,,공항동,37.569115,126.824635,2.0,68.5,69.4,4.0,2.0,0.0,22.0,72.8,77.9,3.409090909090909,11.0,22,72.8,77.9,3.409090909090909,11.0,동,68.5,2.0,34.0,10.0,26.8
9797,목동대원칸타빌,양천구,,목동,37.531378,126.86717,2.0,70.5,74.2,26.0,13.0,0.5,18.0,71.30000000000001,80.9,9.22222222222222,29.0,18,71.30000000000001,80.9,9.22222222222222,29.0,동,70.5,13.0,42.0,65.0,48.9
163557,철산자이브리에르,구로구,,가리봉동,37.485553,126.868552,,,,,,,14.0,69.58571428571429,77.0,2.357142857142857,7.0,14,69.58571428571429,77.0,2.357142857142857,7.0,시구,69.58571428571429,2.357142857142857,38.34285714285716,11.785714285714285,30.37571428571429
25930,송파파인타운11단지,송파구,,거여동,37.48008,127.133781,1.0,74.6,74.6,7.0,7.0,0.0,29.0,74.12068965517241,83.5,5.241379310344827,17.0,29,74.12068965517241,83.5,5.241379310344827,17.0,동,74.6,7.0,58.39999999999998,35.0,51.37999999999998
105286,미사강변골든센트로,강동구,,강일동,37.560885,127.196028,3.0,70.3,73.7,10.0,3.333333333333333,0.0,19.0,72.88333333333334,83.6,5.526315789473684,20.0,19,72.88333333333334,83.6,5.526315789473684,20.0,동,70.3,3.333333333333333,41.19999999999999,16.666666666666664,33.83999999999999
3116,삼성광나루,강동구,,암사동,37.554339,127.126947,,,,,,,19.0,72.88333333333334,83.6,5.526315789473684,20.0,19,72.88333333333334,83.6,5.526315789473684,20.0,시구,72.88333333333334,5.526315789473684,51.53333333333337,27.631578947368418,44.36280701754388
123900,평촌두산위브리버뷰,군포시,,금정동,37.366819,126.953948,2.0,70.44999999999999,74.8,3.0,1.5,0.0,12.0,73.81666666666666,80.5,5.0,17.0,12,73.81666666666666,80.5,5.0,17.0,동,70.44999999999999,1.5,41.79999999999996,7.5,31.50999999999997
126522,판교풍경채어바니티7단지,성남시 분당구,,대장동,37.367187,127.067582,,,,,,,26.0,78.1576923076923,84.2,8.76,28.0,46,75.76739130434783,84.2,5.555555555555555,28.0,시구,78.1576923076923,8.76,72.6307692307692,43.8,63.98153846153844
27212,둔촌푸르지오,강동구,,길동,37.534197,127.146111,,,,,,,19.0,72.88333333333334,83.6,5.526315789473684,20.0,19,72.88333333333334,83.6,5.526315789473684,20.0,시구,72.88333333333334,5.526315789473684,51.53333333333337,27.631578947368418,44.36280701754388
10509,호계신성미소지움,안양시 동안구,,호계동,37.38342,126.94948,3.0,81.0,81.5,42.0,14.0,0.0,15.0,78.56666666666666,84.4,13.733333333333333,56.0,24,75.26666666666667,84.4,9.416666666666666,56.0,동,81.0,14.0,84.0,70.0,79.8
113723,신흥덕롯데캐슬레이시티,용인시 기흥구,,상갈동,37.272469,127.101823,1.0,73.8,73.8,0.0,0.0,0.0,18.0,75.97222222222223,81.8,5.722222222222222,17.0,50,74.958,81.8,6.041666666666667,18.0,동,73.8,0.0,55.2,0.0,38.63999999999999
162,한신,금천구,,독산동,37.4559,126.889772,3.0,67.56666666666666,76.6,6.0,2.0,0.0,9.0,67.45555555555556,76.6,1.0,4.0,9,67.45555555555556,76.6,1.0,4.0,동,67.56666666666666,2.0,30.26666666666665,10.0,24.186666666666653
952,거여5단지,송파구,,거여동,37.488974,127.145043,1.0,74.6,74.6,7.0,7.0,0.0,29.0,74.12068965517241,83.5,5.241379310344827,17.0,29,74.12068965517241,83.5,5.241379310344827,17.0,동,74.6,7.0,58.39999999999998,35.0,51.37999999999998
24301,벽산타운4단지,성남시 분당구,,구미동,37.33461,127.104704,,,,,,,26.0,78.1576923076923,84.2,8.76,28.0,46,75.76739130434783,84.2,5.555555555555555,28.0,시구,78.1576923076923,8.76,72.6307692307692,43.8,63.98153846153844
102850,천왕이펜하우스1단지,구로구,,개봉동,37.48615,126.837347,2.0,69.2,69.5,3.0,1.5,0.0,14.0,69.58571428571429,77.0,2.357142857142857,7.0,14,69.58571428571429,77.0,2.357142857142857,7.0,동,69.2,1.5,36.80000000000001,7.5,28.010000000000005
125354,힐스테이트센트럴위례,송파구,,거여동,37.48653,127.155095,1.0,74.6,74.6,7.0,7.0,0.0,29.0,74.12068965517241,83.5,5.241379310344827,17.0,29,74.12068965517241,83.5,5.241379310344827,17.0,동,74.6,7.0,58.39999999999998,35.0,51.37999999999998
12,등촌주공3단지,강서구,,가양동,37.561808,126.841048,1.0,67.6,67.6,4.0,4.0,0.0,22.0,72.8,77.9,3.409090909090909,11.0,22,72.8,77.9,3.409090909090909,11.0,동,67.6,4.0,30.399999999999977,20.0,27.279999999999983
8174,현암마을동성2차,성남시 분당구,,구미동,37.327909,127.109816,,,,,,,26.0,78.1576923076923,84.2,8.76,28.0,46,75.76739130434783,84.2,5.555555555555555,28.0,시구,78.1576923076923,8.76,72.6307692307692,43.8,63.98153846153844
2829,정든한진8차,성남시 분당구,,궁내동,37.360005,127.118174,,,,,,,26.0,78.1576923076923,84.2,8.76,28.0,46,75.76739130434783,84.2,5.555555555555555,28.0,시구,78.1576923076923,8.76,72.6307692307692,43.8,63.98153846153844
25725,비산한화꿈에그린,안양시 동안구,,비산동,37.396552,126.935326,1.0,69.6,69.6,1.0,1.0,0.0,15.0,78.56666666666666,84.4,13.733333333333333,56.0,24,75.26666666666667,84.4,9.416666666666666,56.0,동,69.6,1.0,38.39999999999998,5.0,28.37999999999998
2215,성복역리버파크,용인시 수지구,,상현동,37.313736,127.087521,2.0,79.0,79.5,33.0,16.5,0.0,16.0,77.14375,81.8,11.0,18.0,50,74.958,81.8,6.041666666666667,18.0,동,79.0,16.5,76.0,82.5,77.94999999999999
3433,목동금호베스트빌,강서구,,등촌동,37.545411,126.868133,1.0,76.9,76.9,10.0,10.0,0.0,22.0,72.8,77.9,3.409090909090909,11.0,22,72.8,77.9,3.409090909090909,11.0,동,76.9,10.0,67.60000000000002,50.0,62.320000000000014
169598,트리우스광명,구로구,,개봉동,37.486354,126.860526,2.0,69.2,69.5,3.0,1.5,0.0,14.0,69.58571428571429,77.0,2.357142857142857,7.0,14,69.58571428571429,77.0,2.357142857142857,7.0,동,69.2,1.5,36.80000000000001,7.5,28.010000000000005
24701,수기마을힐스테이트2단지,김포시,,고촌읍,37.597904,126.769079,3.0,78.63333333333333,81.1,11.0,3.6666666666666665,0.0,24.0,75.575,83.5,4.791666666666667,19.0,24,75.575,83.5,4.791666666666667,19.0,동,78.63333333333333,3.6666666666666665,74.5333333333333,18.33333333333333,57.67333333333331
1788,임광,수원시 권선구,,권선동,37.257725,127.038539,3.0,71.2,74.9,5.0,1.6666666666666667,0.0,14.0,71.78571428571429,78.6,1.7142857142857142,4.0,57,73.70877192982455,82.6,3.3508771929824563,19.0,동,71.2,1.6666666666666667,44.80000000000001,8.333333333333334,33.86000000000001
3771,우성,강서구,,등촌동,37.541319,126.875508,1.0,76.9,76.9,10.0,10.0,0.0,22.0,72.8,77.9,3.409090909090909,11.0,22,72.8,77.9,3.409090909090909,11.0,동,76.9,10.0,67.60000000000002,50.0,62.320000000000014
122483,한양수자인성남마크뷰,성남시 수정구,,단대동,37.44847,127.172354,3.0,70.63333333333334,74.0,1.0,0.3333333333333333,0.0,10.0,73.02000000000001,79.7,2.4,14.0,46,75.76739130434783,84.2,5.555555555555555,28.0,동,70.63333333333334,0.3333333333333333,42.53333333333336,1.6666666666666667,30.27333333333335
3750,신정2단지현대프라임,용인시 수지구,,성복동,37.323684,127.089883,2.0,76.8,77.8,34.0,17.0,0.0,16.0,77.14375,81.8,11.0,18.0,50,74.958,81.8,6.041666666666667,18.0,동,76.8,17.0,67.19999999999999,85.0,72.53999999999999
112211,마곡엠밸리8단지,강서구,,공항동,37.563757,126.819535,2.0,68.5,69.4,4.0,2.0,0.0,22.0,72.8,77.9,3.409090909090909,11.0,22,72.8,77.9,3.409090909090909,11.0,동,68.5,2.0,34.0,10.0,26.8
107960,마곡엠밸리2단지,강서구,,공항동,37.569419,126.820725,2.0,68.5,69.4,4.0,2.0,0.0,22.0,72.8,77.9,3.409090909090909,11.0,22,72.8,77.9,3.409090909090909,11.0,동,68.5,2.0,34.0,10.0,26.8
3192,영화,구로구,,개봉동,37.496169,126.859671,2.0,69.2,69.5,3.0,1.5,0.0,14.0,69.58571428571429,77.0,2.357142857142857,7.0,14,69.58571428571429,77.0,2.357142857142857,7.0,동,69.2,1.5,36.80000000000001,7.5,28.010000000000005
102851,천왕이펜하우스2단지,구로구,,개봉동,37.484836,126.839536,2.0,69.2,69.5,3.0,1.5,0.0,14.0,69.58571428571429,77.0,2.357142857142857,7.0,14,69.58571428571429,77.0,2.357142857142857,7.0,동,69.2,1.5,36.80000000000001,7.5,28.010000000000005
113680,강남자곡아이파크,강남구,,세곡동,37.474668,127.101656,,,,,,,24.0,78.85416666666667,86.1,8.583333333333334,22.0,24,78.85416666666667,86.1,8.583333333333334,22.0,시구,78.85416666666667,8.583333333333334,75.41666666666669,42.91666666666667,65.66666666666669
22727,브라운스톤광명2단지,광명시,,광명동,37.47175,126.864225,,,,,,,12.0,72.71666666666667,78.4,4.333333333333333,11.0,12,72.71666666666667,78.4,4.333333333333333,11.0,시구,72.71666666666667,4.333333333333333,50.866666666666674,21.666666666666664,42.10666666666667
112279,마곡엠밸리10단지,강서구,,공항동,37.55971,126.819305,2.0,68.5,69.4,4.0,2.0,0.0,22.0,72.8,77.9,3.409090909090909,11.0,22,72.8,77.9,3.409090909090909,11.0,동,68.5,2.0,34.0,10.0,26.8
103578,세곡푸르지오,강남구,,세곡동,37.466781,127.0935,,,,,,,24.0,78.85416666666667,86.1,8.583333333333334,22.0,24,78.85416666666667,86.1,8.583333333333334,22.0,시구,78.85416666666667,8.583333333333334,75.41666666666669,42.91666666666667,65.66666666666669
104126,송파위례24단지꿈에그린,송파구,,거여동,37.476255,127.139377,1.0,74.6,74.6,7.0,7.0,0.0,29.0,74.12068965517241,83.5,5.241379310344827,17.0,29,74.12068965517241,83.5,5.241379310344827,17.0,동,74.6,7.0,58.39999999999998,35.0,51.37999999999998
152005,평촌두산위브더프라임,군포시,,금정동,37.367376,126.951938,2.0,70.44999999999999,74.8,3.0,1.5,0.0,12.0,73.81666666666666,80.5,5.0,17.0,12,73.81666666666666,80.5,5.0,17.0,동,70.44999999999999,1.5,41.79999999999996,7.5,31.50999999999997
8177,월드메르디앙,수원시 장안구,,연무동,37.280883,127.034128,1.0,68.8,68.8,0.0,0.0,0.0,13.0,73.18461538461538,78.5,2.3846153846153846,9.0,57,73.70877192982455,82.6,3.3508771929824563,19.0,동,68.8,0.0,35.19999999999999,0.0,24.63999999999999
3078,비산롯데캐슬,안양시 동안구,,비산동,37.398343,126.940033,1.0,69.6,69.6,1.0,1.0,0.0,15.0,78.56666666666666,84.4,13.733333333333333,56.0,24,75.26666666666667,84.4,9.416666666666666,56.0,동,69.6,1.0,38.39999999999998,5.0,28.37999999999998
13571,비산힐스테이트,안양시 동안구,,비산동,37.394345,126.940161,1.0,69.6,69.6,1.0,1.0,0.0,15.0,78.56666666666666,84.4,13.733333333333333,56.0,24,75.26666666666667,84.4,9.416666666666666,56.0,동,69.6,1.0,38.39999999999998,5.0,28.37999999999998
1605,쌍마한신,구로구,,가리봉동,37.47723,126.86803,,,,,,,14.0,69.58571428571429,77.0,2.357142857142857,7.0,14,69.58571428571429,77.0,2.357142857142857,7.0,시구,69.58571428571429,2.357142857142857,38.34285714285716,11.785714285714285,30.37571428571429
141,중앙구로하이츠(685-124),구로구,,가리봉동,37.497109,126.875931,,,,,,,14.0,69.58571428571429,77.0,2.357142857142857,7.0,14,69.58571428571429,77.0,2.357142857142857,7.0,시구,69.58571428571429,2.357142857142857,38.34285714285716,11.785714285714285,30.37571428571429
3864,세종주공6단지,군포시,,금정동,37.358887,126.929232,2.0,70.44999999999999,74.8,3.0,1.5,0.0,12.0,73.81666666666666,80.5,5.0,17.0,12,73.81666666666666,80.5,5.0,17.0,동,70.44999999999999,1.5,41.79999999999996,7.5,31.50999999999997
110501,고촌행정타운한양수자인,김포시,,고촌읍,37.602624,126.77171,3.0,78.63333333333333,81.1,11.0,3.6666666666666665,0.0,24.0,75.575,83.5,4.791666666666667,19.0,24,75.575,83.5,4.791666666666667,19.0,동,78.63333333333333,3.6666666666666665,74.5333333333333,18.33333333333333,57.67333333333331
11098,동아.삼익.풍림,용인시 기흥구,,보정동,37.331556,127.09639,1.0,81.8,81.8,17.0,17.0,0.0,18.0,75.97222222222223,81.8,5.722222222222222,17.0,50,74.958,81.8,6.041666666666667,18.0,동,81.8,17.0,87.19999999999999,85.0,86.53999999999999
119831,수지광교산아이파크,용인시 수지구,,동천동,37.327136,127.082956,2.0,75.55000000000001,77.2,19.0,9.5,0.0,16.0,77.14375,81.8,11.0,18.0,50,74.958,81.8,6.041666666666667,18.0,동,75.55000000000001,9.5,62.200000000000045,47.5,57.79000000000003
10959,수지진산마을푸르지오,용인시 수지구,,상현동,37.314983,127.093677,2.0,79.0,79.5,33.0,16.5,0.0,16.0,77.14375,81.8,11.0,18.0,50,74.958,81.8,6.041666666666667,18.0,동,79.0,16.5,76.0,82.5,77.94999999999999
25996,청계포레스트,의왕시,,청계동,37.393823,127.001545,1.0,76.4,76.4,6.0,6.0,0.0,8.0,72.5875,81.0,6.714285714285714,19.0,8,72.5875,81.0,6.714285714285714,19.0,동,76.4,6.0,65.60000000000002,30.0,54.920000000000016
119933,e편한세상강동에코포레,강동구,,길동,37.54134,127.148249,,,,,,,19.0,72.88333333333334,83.6,5.526315789473684,20.0,19,72.88333333333334,83.6,5.526315789473684,20.0,시구,72.88333333333334,5.526315789473684,51.53333333333337,27.631578947368418,44.36280701754388
2886,가야주공5단지1차,군포시,,금정동,37.351627,126.92455,2.0,70.44999999999999,74.8,3.0,1.5,0.0,12.0,73.81666666666666,80.5,5.0,17.0,12,73.81666666666666,80.5,5.0,17.0,동,70.44999999999999,1.5,41.79999999999996,7.5,31.50999999999997
10390,대한대우,수원시 권선구,,서둔동,37.264975,127.005447,1.0,69.7,69.7,0.0,0.0,0.0,14.0,71.78571428571429,78.6,1.7142857142857142,4.0,57,73.70877192982455,82.6,3.3508771929824563,19.0,동,69.7,0.0,38.80000000000001,0.0,27.160000000000007
26762,그대가프리미어,수원시 영통구,,망포동,37.244434,127.054194,1.0,75.6,75.6,4.0,4.0,0.0,21.0,76.75238095238095,82.6,5.571428571428571,19.0,57,73.70877192982455,82.6,3.3508771929824563,19.0,동,75.6,4.0,62.39999999999998,20.0,49.67999999999998
1481,향촌현대4차,안양시 동안구,,비산동,37.386483,126.960097,1.0,69.6,69.6,1.0,1.0,0.0,15.0,78.56666666666666,84.4,13.733333333333333,56.0,24,75.26666666666667,84.4,9.416666666666666,56.0,동,69.6,1.0,38.39999999999998,5.0,28.37999999999998
19492,"무궁화효성,한양",안양시 동안구,,평촌동,37.382459,126.954428,,,,,,,15.0,78.56666666666666,84.4,13.733333333333333,56.0,24,75.26666666666667,84.4,9.416666666666666,56.0,시구,78.56666666666666,13.733333333333333,74.26666666666665,68.66666666666667,72.58666666666664
2221,진산마을성원상떼빌,용인시 수지구,,상현동,37.312811,127.092799,2.0,79.0,79.5,33.0,16.5,0.0,16.0,77.14375,81.8,11.0,18.0,50,74.958,81.8,6.041666666666667,18.0,동,79.0,16.5,76.0,82.5,77.94999999999999
1351,한강타운,강서구,,가양동,37.571617,126.845289,1.0,67.6,67.6,4.0,4.0,0.0,22.0,72.8,77.9,3.409090909090909,11.0,22,72.8,77.9,3.409090909090909,11.0,동,67.6,4.0,30.399999999999977,20.0,27.279999999999983
36,한마음삼성,강서구,,등촌동,37.554575,126.868198,1.0,76.9,76.9,10.0,10.0,0.0,22.0,72.8,77.9,3.409090909090909,11.0,22,72.8,77.9,3.409090909090909,11.0,동,76.9,10.0,67.60000000000002,50.0,62.320000000000014
1777,효자촌임광,성남시 분당구,,분당동,37.376179,127.137642,1.0,72.2,72.2,4.0,4.0,0.0,26.0,78.1576923076923,84.2,8.76,28.0,46,75.76739130434783,84.2,5.555555555555555,28.0,동,72.2,4.0,48.80000000000001,20.0,40.16
2528,새릉골풍림,용인시 기흥구,,구갈동,37.287158,127.111728,1.0,75.9,75.9,1.0,1.0,0.0,18.0,75.97222222222223,81.8,5.722222222222222,17.0,50,74.958,81.8,6.041666666666667,18.0,동,75.9,1.0,63.60000000000002,5.0,46.02000000000001
115552,백운호수해링턴플레이스1단지,의왕시,,내손동,37.369437,127.005069,1.0,78.4,78.4,19.0,19.0,0.0,8.0,72.5875,81.0,6.714285714285714,19.0,8,72.5875,81.0,6.714285714285714,19.0,동,78.4,19.0,73.60000000000002,95.0,80.02000000000001
2588,신나무실5단지주공,수원시 영통구,,망포동,37.252238,127.063408,1.0,75.6,75.6,4.0,4.0,0.0,21.0,76.75238095238095,82.6,5.571428571428571,19.0,57,73.70877192982455,82.6,3.3508771929824563,19.0,동,75.6,4.0,62.39999999999998,20.0,49.67999999999998
115242,스프링카운티자이(실버주택),용인시 기흥구,,상하동,37.269456,127.148748,1.0,73.4,73.4,0.0,0.0,0.0,18.0,75.97222222222223,81.8,5.722222222222222,17.0,50,74.958,81.8,6.041666666666667,18.0,동,73.4,0.0,53.60000000000002,0.0,37.52000000000001
2527,"양현마을풍림,신안",용인시 기흥구,,신갈동,37.284038,127.106645,1.0,75.1,75.1,1.0,1.0,0.0,18.0,75.97222222222223,81.8,5.722222222222222,17.0,50,74.958,81.8,6.041666666666667,18.0,동,75.1,1.0,60.39999999999998,5.0,43.77999999999998
357,현대3차,송파구,,거여동,37.497216,127.144655,1.0,74.6,74.6,7.0,7.0,0.0,29.0,74.12068965517241,83.5,5.241379310344827,17.0,29,74.12068965517241,83.5,5.241379310344827,17.0,동,74.6,7.0,58.39999999999998,35.0,51.37999999999998
2890,주공1단지,군포시,,금정동,37.358247,126.937188,2.0,70.44999999999999,74.8,3.0,1.5,0.0,12.0,73.81666666666666,80.5,5.0,17.0,12,73.81666666666666,80.5,5.0,17.0,동,70.44999999999999,1.5,41.79999999999996,7.5,31.50999999999997
117302,은계어반리더스,부천시 소사구,,계수동,37.45115,126.79847,,,,,,,7.0,70.14285714285714,78.9,2.2857142857142856,5.0,33,71.78787878787878,79.9,2.6666666666666665,13.0,시구,70.14285714285714,2.2857142857142856,40.57142857142856,11.428571428571429,31.82857142857141
2789,무지개5단지청구,성남시 분당구,,구미동,37.339426,127.118437,,,,,,,26.0,78.1576923076923,84.2,8.76,28.0,46,75.76739130434783,84.2,5.555555555555555,28.0,시구,78.1576923076923,8.76,72.6307692307692,43.8,63.98153846153844
107276,수원역센트럴어반시티,수원시 권선구,,세류동,37.261027,127.006299,1.0,69.6,69.6,1.0,1.0,0.0,14.0,71.78571428571429,78.6,1.7142857142857142,4.0,57,73.70877192982455,82.6,3.3508771929824563,19.0,동,69.6,1.0,38.39999999999998,5.0,28.37999999999998
102313,송파파크데일1단지,송파구,,거여동,37.498915,127.159191,1.0,74.6,74.6,7.0,7.0,0.0,29.0,74.12068965517241,83.5,5.241379310344827,17.0,29,74.12068965517241,83.5,5.241379310344827,17.0,동,74.6,7.0,58.39999999999998,35.0,51.37999999999998
2719,정든우성6단지,성남시 분당구,,금곡동,37.361885,127.122656,1.0,78.5,78.5,0.0,,0.0,26.0,78.1576923076923,84.2,8.76,28.0,46,75.76739130434783,84.2,5.555555555555555,28.0,동,78.5,8.76,74.0,43.8,64.94
19006,센트라우스,수원시 권선구,,서둔동,37.268345,126.995774,1.0,69.7,69.7,0.0,0.0,0.0,14.0,71.78571428571429,78.6,1.7142857142857142,4.0,57,73.70877192982455,82.6,3.3508771929824563,19.0,동,69.7,0.0,38.80000000000001,0.0,27.160000000000007
10309,삼환로즈빌,구로구,,개봉동,37.498074,126.857256,2.0,69.2,69.5,3.0,1.5,0.0,14.0,69.58571428571429,77.0,2.357142857142857,7.0,14,69.58571428571429,77.0,2.357142857142857,7.0,동,69.2,1.5,36.80000000000001,7.5,28.010000000000005
102852,천왕이펜하우스3단지,구로구,,개봉동,37.482778,126.840032,2.0,69.2,69.5,3.0,1.5,0.0,14.0,69.58571428571429,77.0,2.357142857142857,7.0,14,69.58571428571429,77.0,2.357142857142857,7.0,동,69.2,1.5,36.80000000000001,7.5,28.010000000000005
107457,래미안포레,강남구,,세곡동,37.475497,127.109756,,,,,,,24.0,78.85416666666667,86.1,8.583333333333334,22.0,24,78.85416666666667,86.1,8.583333333333334,22.0,시구,78.85416666666667,8.583333333333334,75.41666666666669,42.91666666666667,65.66666666666669
117842,고덕센트럴푸르지오,강동구,,강일동,37.557728,127.17018,3.0,70.3,73.7,10.0,3.333333333333333,0.0,19.0,72.88333333333334,83.6,5.526315789473684,20.0,19,72.88333333333334,83.6,5.526315789473684,20.0,동,70.3,3.333333333333333,41.19999999999999,16.666666666666664,33.83999999999999
8627,새터마을죽전힐스테이트,성남시 분당구,,구미동,37.33436,127.121826,,,,,,,26.0,78.1576923076923,84.2,8.76,28.0,46,75.76739130434783,84.2,5.555555555555555,28.0,시구,78.1576923076923,8.76,72.6307692307692,43.8,63.98153846153844
2663,정든동아2단지,성남시 분당구,,금곡동,37.360127,127.121198,1.0,78.5,78.5,0.0,,0.0,26.0,78.1576923076923,84.2,8.76,28.0,46,75.76739130434783,84.2,5.555555555555555,28.0,동,78.5,8.76,74.0,43.8,64.94
2583,효자촌삼환,성남시 분당구,,분당동,37.373278,127.134051,1.0,72.2,72.2,4.0,4.0,0.0,26.0,78.1576923076923,84.2,8.76,28.0,46,75.76739130434783,84.2,5.555555555555555,28.0,동,72.2,4.0,48.80000000000001,20.0,40.16
115708,영통아이파크캐슬1단지,수원시 권선구,,곡반정동,37.242971,127.044877,1.0,78.1,78.1,3.0,3.0,0.0,14.0,71.78571428571429,78.6,1.7142857142857142,4.0,57,73.70877192982455,82.6,3.3508771929824563,19.0,동,78.1,3.0,72.39999999999998,15.0,55.17999999999998
107275,수원역센트럴타운,수원시 권선구,,세류동,37.262789,127.006862,1.0,69.6,69.6,1.0,1.0,0.0,14.0,71.78571428571429,78.6,1.7142857142857142,4.0,57,73.70877192982455,82.6,3.3508771929824563,19.0,동,69.6,1.0,38.39999999999998,5.0,28.37999999999998
25718,래미안노블클래스2단지,수원시 영통구,,매탄동,37.269002,127.033615,5.0,73.58,79.5,17.0,3.4,0.0,21.0,76.75238095238095,82.6,5.571428571428571,19.0,57,73.70877192982455,82.6,3.3508771929824563,19.0,동,73.58,3.4,54.31999999999999,17.0,43.124
26320,비산e-편한세상,안양시 동안구,,비산동,37.399959,126.942484,1.0,69.6,69.6,1.0,1.0,0.0,15.0,78.56666666666666,84.4,13.733333333333333,56.0,24,75.26666666666667,84.4,9.416666666666666,56.0,동,69.6,1.0,38.39999999999998,5.0,28.37999999999998
1471,무궁화경남,안양시 동안구,,평촌동,37.384082,126.957669,,,,,,,15.0,78.56666666666666,84.4,13.733333333333333,56.0,24,75.26666666666667,84.4,9.416666666666666,56.0,시구,78.56666666666666,13.733333333333333,74.26666666666665,68.66666666666667,72.58666666666664
25328,신봉마을자이3차,용인시 수지구,,성복동,37.321037,127.078418,2.0,76.8,77.8,34.0,17.0,0.0,16.0,77.14375,81.8,11.0,18.0,50,74.958,81.8,6.041666666666667,18.0,동,76.8,17.0,67.19999999999999,85.0,72.53999999999999
132188,미사레스티아,하남시,,덕풍동,37.557593,127.19798,1.0,69.8,69.8,0.0,0.0,0.0,13.0,79.63846153846154,84.3,3.230769230769231,12.0,13,79.63846153846154,84.3,3.230769230769231,12.0,동,69.8,0.0,39.19999999999999,0.0,27.43999999999999
11,등촌주공2단지,강서구,,가양동,37.565099,126.843069,1.0,67.6,67.6,4.0,4.0,0.0,22.0,72.8,77.9,3.409090909090909,11.0,22,72.8,77.9,3.409090909090909,11.0,동,67.6,4.0,30.399999999999977,20.0,27.279999999999983
25967,마곡수명산파크1단지,강서구,,가양동,37.554424,126.830513,1.0,67.6,67.6,4.0,4.0,0.0,22.0,72.8,77.9,3.409090909090909,11.0,22,72.8,77.9,3.409090909090909,11.0,동,67.6,4.0,30.399999999999977,20.0,27.279999999999983
1038,초록,강서구,,내발산동,37.546123,126.833868,4.0,76.05000000000001,77.9,24.0,6.0,0.75,22.0,72.8,77.9,3.409090909090909,11.0,22,72.8,77.9,3.409090909090909,11.0,동,76.05000000000001,6.0,64.20000000000005,30.0,53.940000000000026
114,삼호,구로구,,개봉동,37.494396,126.857097,2.0,69.2,69.5,3.0,1.5,0.0,14.0,69.58571428571429,77.0,2.357142857142857,7.0,14,69.58571428571429,77.0,2.357142857142857,7.0,동,69.2,1.5,36.80000000000001,7.5,28.010000000000005
1296,둔촌신성미소지움,송파구,,방이동,37.527848,127.142846,3.0,71.33333333333333,75.8,0.0,0.0,0.0,29.0,74.12068965517241,83.5,5.241379310344827,17.0,29,74.12068965517241,83.5,5.241379310344827,17.0,동,71.33333333333333,0.0,45.333333333333314,0.0,31.73333333333332
26993,두산위브,성남시 수정구,,단대동,37.455664,127.164231,3.0,70.63333333333334,74.0,1.0,0.3333333333333333,0.0,10.0,73.02000000000001,79.7,2.4,14.0,46,75.76739130434783,84.2,5.555555555555555,28.0,동,70.63333333333334,0.3333333333333333,42.53333333333336,1.6666666666666667,30.27333333333335
141066,덕소강변스타힐스,하남시,,미사동,37.57977,127.219896,,,,,,,13.0,79.63846153846154,84.3,3.230769230769231,12.0,13,79.63846153846154,84.3,3.230769230769231,12.0,시구,79.63846153846154,3.230769230769231,78.55384615384617,16.153846153846153,59.83384615384616
3317,둔촌신동아(파밀리에),송파구,,방이동,37.529319,127.141981,3.0,71.33333333333333,75.8,0.0,0.0,0.0,29.0,74.12068965517241,83.5,5.241379310344827,17.0,29,74.12068965517241,83.5,5.241379310344827,17.0,동,71.33333333333333,0.0,45.333333333333314,0.0,31.73333333333332
101406,동분당더퍼스트,성남시 분당구,,야탑동,37.416118,127.156966,1.0,72.7,72.7,0.0,0.0,0.0,26.0,78.1576923076923,84.2,8.76,28.0,46,75.76739130434783,84.2,5.555555555555555,28.0,동,72.7,0.0,50.80000000000001,0.0,35.56
3988,벽적골8단지주공,수원시 영통구,,망포동,37.25116,127.061572,1.0,75.6,75.6,4.0,4.0,0.0,21.0,76.75238095238095,82.6,5.571428571428571,19.0,57,73.70877192982455,82.6,3.3508771929824563,19.0,동,75.6,4.0,62.39999999999998,20.0,49.67999999999998
8246,신봉마을LG자이1차,용인시 수지구,,성복동,37.326106,127.077916,2.0,76.8,77.8,34.0,17.0,0.0,16.0,77.14375,81.8,11.0,18.0,50,74.958,81.8,6.041666666666667,18.0,동,76.8,17.0,67.19999999999999,85.0,72.53999999999999
3941,한강우성,하남시,,미사동,37.577883,127.223572,,,,,,,13.0,79.63846153846154,84.3,3.230769230769231,12.0,13,79.63846153846154,84.3,3.230769230769231,12.0,시구,79.63846153846154,3.230769230769231,78.55384615384617,16.153846153846153,59.83384615384616
8361,수진마을1단지써니벨리,성남시 분당구,,금곡동,37.337237,127.09341,1.0,78.5,78.5,0.0,,0.0,26.0,78.1576923076923,84.2,8.76,28.0,46,75.76739130434783,84.2,5.555555555555555,28.0,동,78.5,8.76,74.0,43.8,64.94
130135,수원하늘채더퍼스트1단지,수원시 권선구,,곡반정동,37.24332,127.035982,1.0,78.1,78.1,3.0,3.0,0.0,14.0,71.78571428571429,78.6,1.7142857142857142,4.0,57,73.70877192982455,82.6,3.3508771929824563,19.0,동,78.1,3.0,72.39999999999998,15.0,55.17999999999998
102005,권선자이e편한세상,수원시 권선구,,권선동,37.253276,127.025688,3.0,71.2,74.9,5.0,1.6666666666666667,0.0,14.0,71.78571428571429,78.6,1.7142857142857142,4.0,57,73.70877192982455,82.6,3.3508771929824563,19.0,동,71.2,1.6666666666666667,44.80000000000001,8.333333333333334,33.86000000000001
19101,플랫폼시티더퍼스트,용인시 기흥구,,마북동,37.290024,127.110555,1.0,76.6,76.6,7.0,7.0,0.0,18.0,75.97222222222223,81.8,5.722222222222222,17.0,50,74.958,81.8,6.041666666666667,18.0,동,76.6,7.0,66.39999999999998,35.0,56.97999999999998
9896,성호샤인힐즈,용인시 수지구,,성복동,37.3042,127.097743,2.0,76.8,77.8,34.0,17.0,0.0,16.0,77.14375,81.8,11.0,18.0,50,74.958,81.8,6.041666666666667,18.0,동,76.8,17.0,67.19999999999999,85.0,72.53999999999999
1035,현대1차,강서구,,등촌동,37.553298,126.875447,1.0,76.9,76.9,10.0,10.0,0.0,22.0,72.8,77.9,3.409090909090909,11.0,22,72.8,77.9,3.409090909090909,11.0,동,76.9,10.0,67.60000000000002,50.0,62.320000000000014
24299,벽산타운3단지,성남시 분당구,,구미동,37.334853,127.106946,,,,,,,26.0,78.1576923076923,84.2,8.76,28.0,46,75.76739130434783,84.2,5.555555555555555,28.0,시구,78.1576923076923,8.76,72.6307692307692,43.8,63.98153846153844
8413,선경상대원2차,성남시 수정구,,단대동,37.440812,127.169097,3.0,70.63333333333334,74.0,1.0,0.3333333333333333,0.0,10.0,73.02000000000001,79.7,2.4,14.0,46,75.76739130434783,84.2,5.555555555555555,28.0,동,70.63333333333334,0.3333333333333333,42.53333333333336,1.6666666666666667,30.27333333333335
107825,영통SK뷰,수원시 영통구,,망포동,37.243015,127.06223,1.0,75.6,75.6,4.0,4.0,0.0,21.0,76.75238095238095,82.6,5.571428571428571,19.0,57,73.70877192982455,82.6,3.3508771929824563,19.0,동,75.6,4.0,62.39999999999998,20.0,49.67999999999998
141607,북수원자이렉스비아,수원시 장안구,,송죽동,37.305191,126.990578,1.0,70.4,70.4,0.0,0.0,0.0,13.0,73.18461538461538,78.5,2.3846153846153846,9.0,57,73.70877192982455,82.6,3.3508771929824563,19.0,동,70.4,0.0,41.60000000000002,0.0,29.12000000000001
869,염창동아1차,강서구,,등촌동,37.554818,126.872846,1.0,76.9,76.9,10.0,10.0,0.0,22.0,72.8,77.9,3.409090909090909,11.0,22,72.8,77.9,3.409090909090909,11.0,동,76.9,10.0,67.60000000000002,50.0,62.320000000000014
10594,매탄권선역리버파크,수원시 권선구,,곡반정동,37.25043,127.03993,1.0,78.1,78.1,3.0,3.0,0.0,14.0,71.78571428571429,78.6,1.7142857142857142,4.0,57,73.70877192982455,82.6,3.3508771929824563,19.0,동,78.1,3.0,72.39999999999998,15.0,55.17999999999998
12103,죽현마을동원로얄듀크,용인시 기흥구,,마북동,37.31857,127.10976,1.0,76.6,76.6,7.0,7.0,0.0,18.0,75.97222222222223,81.8,5.722222222222222,17.0,50,74.958,81.8,6.041666666666667,18.0,동,76.6,7.0,66.39999999999998,35.0,56.97999999999998
3095,만현마을쌍용1차,용인시 수지구,,상현동,37.306051,127.088363,2.0,79.0,79.5,33.0,16.5,0.0,16.0,77.14375,81.8,11.0,18.0,50,74.958,81.8,6.041666666666667,18.0,동,79.0,16.5,76.0,82.5,77.94999999999999
159,두산위브,구로구,,가리봉동,37.47526,126.892301,,,,,,,14.0,69.58571428571429,77.0,2.357142857142857,7.0,14,69.58571428571429,77.0,2.357142857142857,7.0,시구,69.58571428571429,2.357142857142857,38.34285714285716,11.785714285714285,30.37571428571429
117309,고덕롯데캐슬베네루체,강동구,,명일동,37.549301,127.167349,,,,,,,19.0,72.88333333333334,83.6,5.526315789473684,20.0,19,72.88333333333334,83.6,5.526315789473684,20.0,시구,72.88333333333334,5.526315789473684,51.53333333333337,27.631578947368418,44.36280701754388
9938,태평선경,성남시 수정구,,단대동,37.446999,127.142131,3.0,70.63333333333334,74.0,1.0,0.3333333333333333,0.0,10.0,73.02000000000001,79.7,2.4,14.0,46,75.76739130434783,84.2,5.555555555555555,28.0,동,70.63333333333334,0.3333333333333333,42.53333333333336,1.6666666666666667,30.27333333333335
7952,"신나무실극동,풍림",수원시 영통구,,망포동,37.24981,127.068544,1.0,75.6,75.6,4.0,4.0,0.0,21.0,76.75238095238095,82.6,5.571428571428571,19.0,57,73.70877192982455,82.6,3.3508771929824563,19.0,동,75.6,4.0,62.39999999999998,20.0,49.67999999999998
114595,초지역메이저타운푸르지오메트로단지,안산시 단원구,,원곡동,37.322721,126.80593,2.0,70.15,72.2,0.0,0.0,0.0,15.0,68.95333333333333,76.0,0.5333333333333333,2.0,30,69.15666666666667,76.0,0.4666666666666667,2.0,동,70.15,0.0,40.60000000000002,0.0,28.42000000000001
3743,신정5단지성지,용인시 수지구,,성복동,37.321679,127.086884,2.0,76.8,77.8,34.0,17.0,0.0,16.0,77.14375,81.8,11.0,18.0,50,74.958,81.8,6.041666666666667,18.0,동,76.8,17.0,67.19999999999999,85.0,72.53999999999999
126607,힐스테이트광교산,용인시 수지구,,신봉동,37.333375,127.067948,1.0,74.7,74.7,7.0,7.0,0.0,16.0,77.14375,81.8,11.0,18.0,50,74.958,81.8,6.041666666666667,18.0,동,74.7,7.0,58.80000000000001,35.0,51.66
8386,율곡주공3단지,군포시,,금정동,37.354463,126.932298,2.0,70.44999999999999,74.8,3.0,1.5,0.0,12.0,73.81666666666666,80.5,5.0,17.0,12,73.81666666666666,80.5,5.0,17.0,동,70.44999999999999,1.5,41.79999999999996,7.5,31.50999999999997
8439,서홍마을4단지현대,용인시 수지구,,성복동,37.320622,127.081887,2.0,76.8,77.8,34.0,17.0,0.0,16.0,77.14375,81.8,11.0,18.0,50,74.958,81.8,6.041666666666667,18.0,동,76.8,17.0,67.19999999999999,85.0,72.53999999999999
905,마곡중앙하이츠,강서구,,공항동,37.570577,126.806817,2.0,68.5,69.4,4.0,2.0,0.0,22.0,72.8,77.9,3.409090909090909,11.0,22,72.8,77.9,3.409090909090909,11.0,동,68.5,2.0,34.0,10.0,26.8
107715,위례래미안이편한세상,송파구,,장지동,37.467286,127.14639,1.0,70.4,70.4,4.0,4.0,0.0,29.0,74.12068965517241,83.5,5.241379310344827,17.0,29,74.12068965517241,83.5,5.241379310344827,17.0,동,70.4,4.0,41.60000000000002,20.0,35.12000000000002
2617,무지개4단지주공,성남시 분당구,,구미동,37.339172,127.116928,,,,,,,26.0,78.1576923076923,84.2,8.76,28.0,46,75.76739130434783,84.2,5.555555555555555,28.0,시구,78.1576923076923,8.76,72.6307692307692,43.8,63.98153846153844
3636,주공그린빌4단지,수원시 권선구,,권선동,37.25544,127.043494,3.0,71.2,74.9,5.0,1.6666666666666667,0.0,14.0,71.78571428571429,78.6,1.7142857142857142,4.0,57,73.70877192982455,82.6,3.3508771929824563,19.0,동,71.2,1.6666666666666667,44.80000000000001,8.333333333333334,33.86000000000001
109883,영통로효성해링턴플레이스,수원시 영통구,,망포동,37.245795,127.070108,1.0,75.6,75.6,4.0,4.0,0.0,21.0,76.75238095238095,82.6,5.571428571428571,19.0,57,73.70877192982455,82.6,3.3508771929824563,19.0,동,75.6,4.0,62.39999999999998,20.0,49.67999999999998
7953,쌍용,수원시 영통구,,영통동,37.263918,127.083218,4.0,79.75,82.6,20.0,5.0,0.0,21.0,76.75238095238095,82.6,5.571428571428571,19.0,57,73.70877192982455,82.6,3.3508771929824563,19.0,동,79.75,5.0,79.0,25.0,62.8
3685,상갈메트로파크,용인시 기흥구,,구갈동,37.262952,127.110085,1.0,75.9,75.9,1.0,1.0,0.0,18.0,75.97222222222223,81.8,5.722222222222222,17.0,50,74.958,81.8,6.041666666666667,18.0,동,75.9,1.0,63.60000000000002,5.0,46.02000000000001
8441,연원마을엘지,용인시 기흥구,,마북동,37.301673,127.107925,1.0,76.6,76.6,7.0,7.0,0.0,18.0,75.97222222222223,81.8,5.722222222222222,17.0,50,74.958,81.8,6.041666666666667,18.0,동,76.6,7.0,66.39999999999998,35.0,56.97999999999998
10065,신봉마을자이2차,용인시 수지구,,신봉동,37.329305,127.074458,1.0,74.7,74.7,7.0,7.0,0.0,16.0,77.14375,81.8,11.0,18.0,50,74.958,81.8,6.041666666666667,18.0,동,74.7,7.0,58.80000000000001,35.0,51.66
170819,호반써밋개봉,구로구,,개봉동,37.499653,126.846687,2.0,69.2,69.5,3.0,1.5,0.0,14.0,69.58571428571429,77.0,2.357142857142857,7.0,14,69.58571428571429,77.0,2.357142857142857,7.0,동,69.2,1.5,36.80000000000001,7.5,28.010000000000005
3635,주공그린빌3단지,수원시 권선구,,권선동,37.256853,127.044423,3.0,71.2,74.9,5.0,1.6666666666666667,0.0,14.0,71.78571428571429,78.6,1.7142857142857142,4.0,57,73.70877192982455,82.6,3.3508771929824563,19.0,동,71.2,1.6666666666666667,44.80000000000001,8.333333333333334,33.86000000000001
146300,신천역에피트,시흥시,,대야동,37.436062,126.792999,1.0,74.5,74.5,0.0,0.0,0.0,26.0,73.34230769230768,82.4,1.1153846153846154,4.0,26,73.34230769230768,82.4,1.1153846153846154,4.0,동,74.5,0.0,57.99999999999999,0.0,40.6
1472,무궁화금호,안양시 동안구,,평촌동,37.383481,126.955927,,,,,,,15.0,78.56666666666666,84.4,13.733333333333333,56.0,24,75.26666666666667,84.4,9.416666666666666,56.0,시구,78.56666666666666,13.733333333333333,74.26666666666665,68.66666666666667,72.58666666666664
23576,팰리스카운티,부천시 소사구,,송내동,37.490189,126.767547,1.0,75.0,75.0,4.0,4.0,0.0,7.0,70.14285714285714,78.9,2.2857142857142856,5.0,33,71.78787878787878,79.9,2.6666666666666665,13.0,동,75.0,4.0,60.0,20.0,48.0
107328,래미안부천중동,부천시 오정구,,내동,37.508112,126.77638,1.0,60.6,60.6,0.0,0.0,0.0,6.0,69.51666666666667,74.8,1.1666666666666667,4.0,33,71.78787878787878,79.9,2.6666666666666665,13.0,동,60.6,0.0,2.4000000000000057,0.0,1.680000000000004
131763,더샵광교산퍼스트파크,수원시 장안구,,송죽동,37.298854,127.01779,1.0,70.4,70.4,0.0,0.0,0.0,13.0,73.18461538461538,78.5,2.3846153846153846,9.0,57,73.70877192982455,82.6,3.3508771929824563,19.0,동,70.4,0.0,41.60000000000002,0.0,29.12000000000001
2218,보원,용인시 수지구,,성복동,37.326483,127.090609,2.0,76.8,77.8,34.0,17.0,0.0,16.0,77.14375,81.8,11.0,18.0,50,74.958,81.8,6.041666666666667,18.0,동,76.8,17.0,67.19999999999999,85.0,72.53999999999999
25271,하남풍산아이파크5단지,하남시,,덕풍동,37.553185,127.203241,1.0,69.8,69.8,0.0,0.0,0.0,13.0,79.63846153846154,84.3,3.230769230769231,12.0,13,79.63846153846154,84.3,3.230769230769231,12.0,동,69.8,0.0,39.19999999999999,0.0,27.43999999999999
37,신동아,강서구,,등촌동,37.55526,126.869184,1.0,76.9,76.9,10.0,10.0,0.0,22.0,72.8,77.9,3.409090909090909,11.0,22,72.8,77.9,3.409090909090909,11.0,동,76.9,10.0,67.60000000000002,50.0,62.320000000000014
125937,e편한세상감일,송파구,,마천동,37.50456,127.152932,,,,,,,29.0,74.12068965517241,83.5,5.241379310344827,17.0,29,74.12068965517241,83.5,5.241379310344827,17.0,시구,74.12068965517241,5.241379310344827,56.48275862068965,26.20689655172413,47.39999999999999
3623,권선상록3단지,수원시 권선구,,곡반정동,37.25099,127.03877,1.0,78.1,78.1,3.0,3.0,0.0,14.0,71.78571428571429,78.6,1.7142857142857142,4.0,57,73.70877192982455,82.6,3.3508771929824563,19.0,동,78.1,3.0,72.39999999999998,15.0,55.17999999999998
103518,래미안영통마크원2단지,수원시 권선구,,곡반정동,37.246512,127.045974,1.0,78.1,78.1,3.0,3.0,0.0,14.0,71.78571428571429,78.6,1.7142857142857142,4.0,57,73.70877192982455,82.6,3.3508771929824563,19.0,동,78.1,3.0,72.39999999999998,15.0,55.17999999999998
3638,벽적골롯데,수원시 영통구,,망포동,37.247278,127.062872,1.0,75.6,75.6,4.0,4.0,0.0,21.0,76.75238095238095,82.6,5.571428571428571,19.0,57,73.70877192982455,82.6,3.3508771929824563,19.0,동,75.6,4.0,62.39999999999998,20.0,49.67999999999998
3628,망포역아이파크,수원시 영통구,,망포동,37.244317,127.057179,1.0,75.6,75.6,4.0,4.0,0.0,21.0,76.75238095238095,82.6,5.571428571428571,19.0,57,73.70877192982455,82.6,3.3508771929824563,19.0,동,75.6,4.0,62.39999999999998,20.0,49.67999999999998
181137,미사강변브라운스톤엔에이치에프,강동구,,강일동,37.55953,127.192948,3.0,70.3,73.7,10.0,3.333333333333333,0.0,19.0,72.88333333333334,83.6,5.526315789473684,20.0,19,72.88333333333334,83.6,5.526315789473684,20.0,동,70.3,3.333333333333333,41.19999999999999,16.666666666666664,33.83999999999999
11986,현대(1240),수원시 권선구,,권선동,37.25352,127.036698,3.0,71.2,74.9,5.0,1.6666666666666667,0.0,14.0,71.78571428571429,78.6,1.7142857142857142,4.0,57,73.70877192982455,82.6,3.3508771929824563,19.0,동,71.2,1.6666666666666667,44.80000000000001,8.333333333333334,33.86000000000001
3331,우장산롯데캐슬,강서구,,가양동,37.555616,126.84815,1.0,67.6,67.6,4.0,4.0,0.0,22.0,72.8,77.9,3.409090909090909,11.0,22,72.8,77.9,3.409090909090909,11.0,동,67.6,4.0,30.399999999999977,20.0,27.279999999999983
12021,세양청마루,양천구,,신정동,37.507173,126.863678,,,,,,,18.0,71.30000000000001,80.9,9.22222222222222,29.0,18,71.30000000000001,80.9,9.22222222222222,29.0,시구,71.30000000000001,9.22222222222222,45.200000000000045,46.1111111111111,45.47333333333336
10151,광명롯데낙천대,구로구,,개봉동,37.491477,126.867398,2.0,69.2,69.5,3.0,1.5,0.0,14.0,69.58571428571429,77.0,2.357142857142857,7.0,14,69.58571428571429,77.0,2.357142857142857,7.0,동,69.2,1.5,36.80000000000001,7.5,28.010000000000005
104934,개봉푸르지오,구로구,,개봉동,37.500804,126.847986,2.0,69.2,69.5,3.0,1.5,0.0,14.0,69.58571428571429,77.0,2.357142857142857,7.0,14,69.58571428571429,77.0,2.357142857142857,7.0,동,69.2,1.5,36.80000000000001,7.5,28.010000000000005
119675,광명아크포레자이위브,구로구,,천왕동,37.471456,126.854552,1.0,71.1,71.1,2.0,2.0,0.0,14.0,69.58571428571429,77.0,2.357142857142857,7.0,14,69.58571428571429,77.0,2.357142857142857,7.0,동,71.1,2.0,44.39999999999998,10.0,34.079999999999984
1311,명일삼환,강동구,,고덕동,37.55377,127.15381,2.0,73.95,74.7,27.0,13.5,0.5,19.0,72.88333333333334,83.6,5.526315789473684,20.0,19,72.88333333333334,83.6,5.526315789473684,20.0,동,73.95,13.5,55.80000000000002,67.5,59.31000000000001
9316,건건e-편한세상,군포시,,도마교동,37.311235,126.906218,,,,,,,12.0,73.81666666666666,80.5,5.0,17.0,12,73.81666666666666,80.5,5.0,17.0,시구,73.81666666666666,5.0,55.26666666666665,25.0,46.18666666666665
115556,백운호수해링턴플레이스2단지,의왕시,,내손동,37.372262,127.005074,1.0,78.4,78.4,19.0,19.0,0.0,8.0,72.5875,81.0,6.714285714285714,19.0,8,72.5875,81.0,6.714285714285714,19.0,동,78.4,19.0,73.60000000000002,95.0,80.02000000000001
17538,개봉아이파크,구로구,,개봉동,37.489991,126.859935,2.0,69.2,69.5,3.0,1.5,0.0,14.0,69.58571428571429,77.0,2.357142857142857,7.0,14,69.58571428571429,77.0,2.357142857142857,7.0,동,69.2,1.5,36.80000000000001,7.5,28.010000000000005
1749,하대원현대,성남시 수정구,,신흥동,37.432729,127.151265,,,,,,,10.0,73.02000000000001,79.7,2.4,14.0,46,75.76739130434783,84.2,5.555555555555555,28.0,시구,73.02000000000001,2.4,52.08000000000004,12.0,40.056000000000026
26276,인계파밀리에,수원시 팔달구,,교동,37.270374,127.02292,,,,,,,9.0,70.35555555555555,74.4,2.111111111111111,5.0,57,73.70877192982455,82.6,3.3508771929824563,19.0,시구,70.35555555555555,2.111111111111111,41.42222222222222,10.555555555555555,32.16222222222222
7,부영,강서구,,가양동,37.563653,126.843589,1.0,67.6,67.6,4.0,4.0,0.0,22.0,72.8,77.9,3.409090909090909,11.0,22,72.8,77.9,3.409090909090909,11.0,동,67.6,4.0,30.399999999999977,20.0,27.279999999999983
115593,동천파크자이,용인시 수지구,,동천동,37.331852,127.090112,2.0,75.55000000000001,77.2,19.0,9.5,0.0,16.0,77.14375,81.8,11.0,18.0,50,74.958,81.8,6.041666666666667,18.0,동,75.55000000000001,9.5,62.200000000000045,47.5,57.79000000000003
8465,수진마을3단지우미이노스빌,용인시 수지구,,동천동,37.335713,127.094433,2.0,75.55000000000001,77.2,19.0,9.5,0.0,16.0,77.14375,81.8,11.0,18.0,50,74.958,81.8,6.041666666666667,18.0,동,75.55000000000001,9.5,62.200000000000045,47.5,57.79000000000003
26925,버들치마을성복자이1차,용인시 수지구,,상현동,37.317328,127.064903,2.0,79.0,79.5,33.0,16.5,0.0,16.0,77.14375,81.8,11.0,18.0,50,74.958,81.8,6.041666666666667,18.0,동,79.0,16.5,76.0,82.5,77.94999999999999
144365,더샵하남에디피스,하남시,,덕풍동,37.543843,127.205933,1.0,69.8,69.8,0.0,0.0,0.0,13.0,79.63846153846154,84.3,3.230769230769231,12.0,13,79.63846153846154,84.3,3.230769230769231,12.0,동,69.8,0.0,39.19999999999999,0.0,27.43999999999999
103602,강남LH1단지(e편한세상),강남구,,세곡동,37.466828,127.102801,,,,,,,24.0,78.85416666666667,86.1,8.583333333333334,22.0,24,78.85416666666667,86.1,8.583333333333334,22.0,시구,78.85416666666667,8.583333333333334,75.41666666666669,42.91666666666667,65.66666666666669
2629,삼성,군포시,,금정동,37.369574,126.942267,2.0,70.44999999999999,74.8,3.0,1.5,0.0,12.0,73.81666666666666,80.5,5.0,17.0,12,73.81666666666666,80.5,5.0,17.0,동,70.44999999999999,1.5,41.79999999999996,7.5,31.50999999999997
103855,부천아이파크,부천시 오정구,,내동,37.515037,126.765963,1.0,60.6,60.6,0.0,0.0,0.0,6.0,69.51666666666667,74.8,1.1666666666666667,4.0,33,71.78787878787878,79.9,2.6666666666666665,13.0,동,60.6,0.0,2.4000000000000057,0.0,1.680000000000004
3645,주공뉴타운2단지,수원시 장안구,,송죽동,37.302549,127.019255,1.0,70.4,70.4,0.0,0.0,0.0,13.0,73.18461538461538,78.5,2.3846153846153846,9.0,57,73.70877192982455,82.6,3.3508771929824563,19.0,동,70.4,0.0,41.60000000000002,0.0,29.12000000000001
13,등촌주공5단지,강서구,,가양동,37.560782,126.844811,1.0,67.6,67.6,4.0,4.0,0.0,22.0,72.8,77.9,3.409090909090909,11.0,22,72.8,77.9,3.409090909090909,11.0,동,67.6,4.0,30.399999999999977,20.0,27.279999999999983
10398,화서주공5단지,수원시 권선구,,구운동,37.284062,126.990761,1.0,65.9,65.9,0.0,0.0,0.0,14.0,71.78571428571429,78.6,1.7142857142857142,4.0,57,73.70877192982455,82.6,3.3508771929824563,19.0,동,65.9,0.0,23.600000000000023,0.0,16.520000000000014
3991,벽적골9단지주공,수원시 영통구,,망포동,37.2475,127.065879,1.0,75.6,75.6,4.0,4.0,0.0,21.0,76.75238095238095,82.6,5.571428571428571,19.0,57,73.70877192982455,82.6,3.3508771929824563,19.0,동,75.6,4.0,62.39999999999998,20.0,49.67999999999998
104122,송파더센트레,송파구,,거여동,37.47943,127.139906,1.0,74.6,74.6,7.0,7.0,0.0,29.0,74.12068965517241,83.5,5.241379310344827,17.0,29,74.12068965517241,83.5,5.241379310344827,17.0,동,74.6,7.0,58.39999999999998,35.0,51.37999999999998
13865,한라주공4단지1차,군포시,,당동,37.34932,126.927529,3.0,74.60000000000001,78.4,7.0,2.333333333333333,0.0,12.0,73.81666666666666,80.5,5.0,17.0,12,73.81666666666666,80.5,5.0,17.0,동,74.60000000000001,2.333333333333333,58.40000000000003,11.666666666666666,44.38000000000002
109521,e편한세상오포3차,성남시 분당구,,분당동,37.359254,127.149994,1.0,72.2,72.2,4.0,4.0,0.0,26.0,78.1576923076923,84.2,8.76,28.0,46,75.76739130434783,84.2,5.555555555555555,28.0,동,72.2,4.0,48.80000000000001,20.0,40.16
26187,동분당포레스트,성남시 분당구,,야탑동,37.415465,127.153685,1.0,72.7,72.7,0.0,0.0,0.0,26.0,78.1576923076923,84.2,8.76,28.0,46,75.76739130434783,84.2,5.555555555555555,28.0,동,72.7,0.0,50.80000000000001,0.0,35.56
9075,원천레이크파크,수원시 영통구,,매탄동,37.268717,127.060881,5.0,73.58,79.5,17.0,3.4,0.0,21.0,76.75238095238095,82.6,5.571428571428571,19.0,57,73.70877192982455,82.6,3.3508771929824563,19.0,동,73.58,3.4,54.31999999999999,17.0,43.124
3747,신정6단지진흥,용인시 수지구,,성복동,37.31916,127.085041,2.0,76.8,77.8,34.0,17.0,0.0,16.0,77.14375,81.8,11.0,18.0,50,74.958,81.8,6.041666666666667,18.0,동,76.8,17.0,67.19999999999999,85.0,72.53999999999999
104360,신정뉴타운두산위브,양천구,,신월동,37.519379,126.845653,2.0,62.55,63.7,3.0,1.5,0.0,18.0,71.30000000000001,80.9,9.22222222222222,29.0,18,71.30000000000001,80.9,9.22222222222222,29.0,동,62.55,1.5,10.199999999999989,7.5,9.389999999999992
8646,신도브래뉴,구로구,,가리봉동,37.477289,126.900174,,,,,,,14.0,69.58571428571429,77.0,2.357142857142857,7.0,14,69.58571428571429,77.0,2.357142857142857,7.0,시구,69.58571428571429,2.357142857142857,38.34285714285716,11.785714285714285,30.37571428571429
27821,신촌휴먼시아1단지,금천구,,시흥동,37.450316,126.892013,1.0,72.5,72.5,2.0,2.0,1.0,9.0,67.45555555555556,76.6,1.0,4.0,9,67.45555555555556,76.6,1.0,4.0,동,72.5,2.0,50.0,10.0,38.0
110302,성균관대역동문디이스트,수원시 권선구,,입북동,37.297984,126.96565,,,,,,,14.0,71.78571428571429,78.6,1.7142857142857142,4.0,57,73.70877192982455,82.6,3.3508771929824563,19.0,시구,71.78571428571429,1.7142857142857142,47.14285714285717,8.571428571428571,35.571428571428584
26764,센트럴하이츠,수원시 영통구,,망포동,37.242528,127.059358,1.0,75.6,75.6,4.0,4.0,0.0,21.0,76.75238095238095,82.6,5.571428571428571,19.0,57,73.70877192982455,82.6,3.3508771929824563,19.0,동,75.6,4.0,62.39999999999998,20.0,49.67999999999998
1815,주공2단지,수원시 영통구,,원천동,37.280139,127.041276,3.0,74.73333333333333,78.3,12.0,4.0,0.3333333333333333,21.0,76.75238095238095,82.6,5.571428571428571,19.0,57,73.70877192982455,82.6,3.3508771929824563,19.0,동,74.73333333333333,4.0,58.93333333333334,20.0,47.25333333333333
25448,버들치마을경남아너스빌1차,수원시 영통구,,이의동,37.313749,127.062645,2.0,80.1,81.3,21.0,10.5,0.0,21.0,76.75238095238095,82.6,5.571428571428571,19.0,57,73.70877192982455,82.6,3.3508771929824563,19.0,동,80.1,10.5,80.39999999999998,52.5,72.02999999999997
133722,기흥푸르지오포레피스,용인시 기흥구,,보라동,37.267562,127.097981,2.0,74.15,74.8,8.0,4.0,0.0,18.0,75.97222222222223,81.8,5.722222222222222,17.0,50,74.958,81.8,6.041666666666667,18.0,동,74.15,4.0,56.60000000000003,20.0,45.62000000000002
26926,버들치마을성복힐스테이트3차,용인시 수지구,,성복동,37.321208,127.063747,2.0,76.8,77.8,34.0,17.0,0.0,16.0,77.14375,81.8,11.0,18.0,50,74.958,81.8,6.041666666666667,18.0,동,76.8,17.0,67.19999999999999,85.0,72.53999999999999
10,등촌주공10단지,강서구,,가양동,37.562241,126.848433,1.0,67.6,67.6,4.0,4.0,0.0,22.0,72.8,77.9,3.409090909090909,11.0,22,72.8,77.9,3.409090909090909,11.0,동,67.6,4.0,30.399999999999977,20.0,27.279999999999983
17848,래미안금광,성남시 수정구,,단대동,37.450447,127.173319,3.0,70.63333333333334,74.0,1.0,0.3333333333333333,0.0,10.0,73.02000000000001,79.7,2.4,14.0,46,75.76739130434783,84.2,5.555555555555555,28.0,동,70.63333333333334,0.3333333333333333,42.53333333333336,1.6666666666666667,30.27333333333335
8107,상떼빌구성역플랫폼시티,용인시 기흥구,,마북동,37.304172,127.109498,1.0,76.6,76.6,7.0,7.0,0.0,18.0,75.97222222222223,81.8,5.722222222222222,17.0,50,74.958,81.8,6.041666666666667,18.0,동,76.6,7.0,66.39999999999998,35.0,56.97999999999998
115558,의왕백운해링턴플레이스5단지,의왕시,,학의동,37.369664,127.011298,,,,,,,8.0,72.5875,81.0,6.714285714285714,19.0,8,72.5875,81.0,6.714285714285714,19.0,시구,72.5875,6.714285714285714,50.35000000000003,33.57142857142858,45.31642857142859
25784,광명두산위브트레지움,구로구,,가리봉동,37.469729,126.872429,,,,,,,14.0,69.58571428571429,77.0,2.357142857142857,7.0,14,69.58571428571429,77.0,2.357142857142857,7.0,시구,69.58571428571429,2.357142857142857,38.34285714285716,11.785714285714285,30.37571428571429
875,배재현대,강동구,,고덕동,37.556623,127.152205,2.0,73.95,74.7,27.0,13.5,0.5,19.0,72.88333333333334,83.6,5.526315789473684,20.0,19,72.88333333333334,83.6,5.526315789473684,20.0,동,73.95,13.5,55.80000000000002,67.5,59.31000000000001
103865,부천소사역푸르지오,부천시 소사구,,괴안동,37.479381,126.798545,2.0,69.75,72.7,3.0,1.5,0.0,7.0,70.14285714285714,78.9,2.2857142857142856,5.0,33,71.78787878787878,79.9,2.6666666666666665,13.0,동,69.75,1.5,39.0,7.5,29.55
115709,영통아이파크캐슬2단지,수원시 권선구,,곡반정동,37.242775,127.042169,1.0,78.1,78.1,3.0,3.0,0.0,14.0,71.78571428571429,78.6,1.7142857142857142,4.0,57,73.70877192982455,82.6,3.3508771929824563,19.0,동,78.1,3.0,72.39999999999998,15.0,55.17999999999998
1759,삼천리권선2차,수원시 권선구,,권선동,37.25427,127.03777,3.0,71.2,74.9,5.0,1.6666666666666667,0.0,14.0,71.78571428571429,78.6,1.7142857142857142,4.0,57,73.70877192982455,82.6,3.3508771929824563,19.0,동,71.2,1.6666666666666667,44.80000000000001,8.333333333333334,33.86000000000001
124165,호반써밋에듀파크,하남시,,당정동,37.545511,127.211202,,,,,,,13.0,79.63846153846154,84.3,3.230769230769231,12.0,13,79.63846153846154,84.3,3.230769230769231,12.0,시구,79.63846153846154,3.230769230769231,78.55384615384617,16.153846153846153,59.83384615384616
44,중앙하이츠,강서구,,화곡동,37.535739,126.843579,2.0,72.5,73.9,3.0,1.5,0.5,22.0,72.8,77.9,3.409090909090909,11.0,22,72.8,77.9,3.409090909090909,11.0,동,72.5,1.5,50.0,7.5,37.25
3564,동양2차,금천구,,독산동,37.45452,126.88793,3.0,67.56666666666666,76.6,6.0,2.0,0.0,9.0,67.45555555555556,76.6,1.0,4.0,9,67.45555555555556,76.6,1.0,4.0,동,67.56666666666666,2.0,30.26666666666665,10.0,24.186666666666653
131197,신동탄포레자이,수원시 영통구,,망포동,37.23835,127.065189,1.0,75.6,75.6,4.0,4.0,0.0,21.0,76.75238095238095,82.6,5.571428571428571,19.0,57,73.70877192982455,82.6,3.3508771929824563,19.0,동,75.6,4.0,62.39999999999998,20.0,49.67999999999998
3740,동부,용인시 수지구,,동천동,37.32813,127.092707,2.0,75.55000000000001,77.2,19.0,9.5,0.0,16.0,77.14375,81.8,11.0,18.0,50,74.958,81.8,6.041666666666667,18.0,동,75.55000000000001,9.5,62.200000000000045,47.5,57.79000000000003
9125,만현마을9단지엘지자이,용인시 수지구,,상현동,37.30434,127.090027,2.0,79.0,79.5,33.0,16.5,0.0,16.0,77.14375,81.8,11.0,18.0,50,74.958,81.8,6.041666666666667,18.0,동,79.0,16.5,76.0,82.5,77.94999999999999
3744,신정6단지우성,용인시 수지구,,성복동,37.320157,127.085841,2.0,76.8,77.8,34.0,17.0,0.0,16.0,77.14375,81.8,11.0,18.0,50,74.958,81.8,6.041666666666667,18.0,동,76.8,17.0,67.19999999999999,85.0,72.53999999999999
11232,신정6단지상록,용인시 수지구,,성복동,37.31902,127.086837,2.0,76.8,77.8,34.0,17.0,0.0,16.0,77.14375,81.8,11.0,18.0,50,74.958,81.8,6.041666666666667,18.0,동,76.8,17.0,67.19999999999999,85.0,72.53999999999999
672,신트리1단지,양천구,,신정동,37.514022,126.854411,,,,,,,18.0,71.30000000000001,80.9,9.22222222222222,29.0,18,71.30000000000001,80.9,9.22222222222222,29.0,시구,71.30000000000001,9.22222222222222,45.200000000000045,46.1111111111111,45.47333333333336
147,현대연예인,구로구,,가리봉동,37.492742,126.87724,,,,,,,14.0,69.58571428571429,77.0,2.357142857142857,7.0,14,69.58571428571429,77.0,2.357142857142857,7.0,시구,69.58571428571429,2.357142857142857,38.34285714285716,11.785714285714285,30.37571428571429
107066,천왕연지타운2단지,구로구,,개봉동,37.483212,126.844762,2.0,69.2,69.5,3.0,1.5,0.0,14.0,69.58571428571429,77.0,2.357142857142857,7.0,14,69.58571428571429,77.0,2.357142857142857,7.0,동,69.2,1.5,36.80000000000001,7.5,28.010000000000005
135549,광교모아엘가레이크파크,수원시 영통구,,매탄동,37.277521,127.067993,5.0,73.58,79.5,17.0,3.4,0.0,21.0,76.75238095238095,82.6,5.571428571428571,19.0,57,73.70877192982455,82.6,3.3508771929824563,19.0,동,73.58,3.4,54.31999999999999,17.0,43.124
23,도시개발2단지,강서구,,개화동,37.574928,126.819007,,,,,,,22.0,72.8,77.9,3.409090909090909,11.0,22,72.8,77.9,3.409090909090909,11.0,시구,72.8,3.409090909090909,51.19999999999999,17.045454545454547,40.95363636363636
25,동성,강서구,,개화동,37.579657,126.811993,,,,,,,22.0,72.8,77.9,3.409090909090909,11.0,22,72.8,77.9,3.409090909090909,11.0,시구,72.8,3.409090909090909,51.19999999999999,17.045454545454547,40.95363636363636
160638,서울대벤처타운역푸르지오,관악구,,신림동,37.460668,126.932754,7.0,68.84285714285714,73.1,5.0,0.7142857142857143,0.2857142857142857,16.0,69.8875,77.4,1.3125,5.0,16,69.8875,77.4,1.3125,5.0,동,68.84285714285714,0.7142857142857143,35.37142857142857,3.571428571428571,25.831428571428567
2625,개나리주공13단지,군포시,,금정동,37.37387,126.93139,2.0,70.44999999999999,74.8,3.0,1.5,0.0,12.0,73.81666666666666,80.5,5.0,17.0,12,73.81666666666666,80.5,5.0,17.0,동,70.44999999999999,1.5,41.79999999999996,7.5,31.50999999999997
121667,의왕더샵캐슬,군포시,,당정동,37.361721,126.96464,1.0,69.8,69.8,3.0,3.0,0.0,12.0,73.81666666666666,80.5,5.0,17.0,12,73.81666666666666,80.5,5.0,17.0,동,69.8,3.0,39.19999999999999,15.0,31.93999999999999
24702,수기마을힐스테이트1단지,김포시,,고촌읍,37.594893,126.766309,3.0,78.63333333333333,81.1,11.0,3.6666666666666665,0.0,24.0,75.575,83.5,4.791666666666667,19.0,24,75.575,83.5,4.791666666666667,19.0,동,78.63333333333333,3.6666666666666665,74.5333333333333,18.33333333333333,57.67333333333331
102605,광교레이크파크한양수자인,수원시 영통구,,원천동,37.280947,127.071476,3.0,74.73333333333333,78.3,12.0,4.0,0.3333333333333333,21.0,76.75238095238095,82.6,5.571428571428571,19.0,57,73.70877192982455,82.6,3.3508771929824563,19.0,동,74.73333333333333,4.0,58.93333333333334,20.0,47.25333333333333
3682,갈현마을현대홈타운,용인시 기흥구,,신갈동,37.282138,127.106724,1.0,75.1,75.1,1.0,1.0,0.0,18.0,75.97222222222223,81.8,5.722222222222222,17.0,50,74.958,81.8,6.041666666666667,18.0,동,75.1,1.0,60.39999999999998,5.0,43.77999999999998
3691,기흥파크뷰,용인시 기흥구,,신갈동,37.288679,127.118736,1.0,75.1,75.1,1.0,1.0,0.0,18.0,75.97222222222223,81.8,5.722222222222222,17.0,50,74.958,81.8,6.041666666666667,18.0,동,75.1,1.0,60.39999999999998,5.0,43.77999999999998
129683,쌍용더플래티넘오목천역,수원시 권선구,,고색동,37.242619,126.964102,,,,,,,14.0,71.78571428571429,78.6,1.7142857142857142,4.0,57,73.70877192982455,82.6,3.3508771929824563,19.0,시구,71.78571428571429,1.7142857142857142,47.14285714285717,8.571428571428571,35.571428571428584
2587,성원,수원시 권선구,,권선동,37.263314,127.015841,3.0,71.2,74.9,5.0,1.6666666666666667,0.0,14.0,71.78571428571429,78.6,1.7142857142857142,4.0,57,73.70877192982455,82.6,3.3508771929824563,19.0,동,71.2,1.6666666666666667,44.80000000000001,8.333333333333334,33.86000000000001
2727,화서주공3단지,수원시 권선구,,서둔동,37.286105,126.992561,1.0,69.7,69.7,0.0,0.0,0.0,14.0,71.78571428571429,78.6,1.7142857142857142,4.0,57,73.70877192982455,82.6,3.3508771929824563,19.0,동,69.7,0.0,38.80000000000001,0.0,27.160000000000007
139926,포레나북수원,수원시 장안구,,송죽동,37.313019,126.994137,1.0,70.4,70.4,0.0,0.0,0.0,13.0,73.18461538461538,78.5,2.3846153846153846,9.0,57,73.70877192982455,82.6,3.3508771929824563,19.0,동,70.4,0.0,41.60000000000002,0.0,29.12000000000001
119358,감일센트레빌,송파구,,거여동,37.498489,127.162113,1.0,74.6,74.6,7.0,7.0,0.0,29.0,74.12068965517241,83.5,5.241379310344827,17.0,29,74.12068965517241,83.5,5.241379310344827,17.0,동,74.6,7.0,58.39999999999998,35.0,51.37999999999998
27540,부천위브트레지움2단지,부천시 오정구,,내동,37.509866,126.772607,1.0,60.6,60.6,0.0,0.0,0.0,6.0,69.51666666666667,74.8,1.1666666666666667,4.0,33,71.78787878787878,79.9,2.6666666666666665,13.0,동,60.6,0.0,2.4000000000000057,0.0,1.680000000000004
109929,영통라온프라이빗,수원시 영통구,,망포동,37.244457,127.063804,1.0,75.6,75.6,4.0,4.0,0.0,21.0,76.75238095238095,82.6,5.571428571428571,19.0,57,73.70877192982455,82.6,3.3508771929824563,19.0,동,75.6,4.0,62.39999999999998,20.0,49.67999999999998
26758,한빛마을래미안이스트팰리스2단지,용인시 수지구,,동천동,37.336753,127.090472,2.0,75.55000000000001,77.2,19.0,9.5,0.0,16.0,77.14375,81.8,11.0,18.0,50,74.958,81.8,6.041666666666667,18.0,동,75.55000000000001,9.5,62.200000000000045,47.5,57.79000000000003
31,방화3단지청솔,강서구,,개화동,37.575754,126.812734,,,,,,,22.0,72.8,77.9,3.409090909090909,11.0,22,72.8,77.9,3.409090909090909,11.0,시구,72.8,3.409090909090909,51.19999999999999,17.045454545454547,40.95363636363636
2194,무지개1단지대림,성남시 분당구,,구미동,37.335029,127.117259,,,,,,,26.0,78.1576923076923,84.2,8.76,28.0,46,75.76739130434783,84.2,5.555555555555555,28.0,시구,78.1576923076923,8.76,72.6307692307692,43.8,63.98153846153844
12042,"신나무실6단지동보,신명",수원시 영통구,,망포동,37.251206,127.065032,1.0,75.6,75.6,4.0,4.0,0.0,21.0,76.75238095238095,82.6,5.571428571428571,19.0,57,73.70877192982455,82.6,3.3508771929824563,19.0,동,75.6,4.0,62.39999999999998,20.0,49.67999999999998
17347,지석마을그대가크레던스,용인시 기흥구,,구갈동,37.268635,127.136536,1.0,75.9,75.9,1.0,1.0,0.0,18.0,75.97222222222223,81.8,5.722222222222222,17.0,50,74.958,81.8,6.041666666666667,18.0,동,75.9,1.0,63.60000000000002,5.0,46.02000000000001
26759,한빛마을래미안이스트팰리스3단지,용인시 수지구,,동천동,37.334067,127.088876,2.0,75.55000000000001,77.2,19.0,9.5,0.0,16.0,77.14375,81.8,11.0,18.0,50,74.958,81.8,6.041666666666667,18.0,동,75.55000000000001,9.5,62.200000000000045,47.5,57.79000000000003
17418,한일유앤아이,구로구,,가리봉동,37.486298,126.876047,,,,,,,14.0,69.58571428571429,77.0,2.357142857142857,7.0,14,69.58571428571429,77.0,2.357142857142857,7.0,시구,69.58571428571429,2.357142857142857,38.34285714285716,11.785714285714285,30.37571428571429
26639,온수힐스테이트,구로구,,궁동,37.497141,126.82098,,,,,,,14.0,69.58571428571429,77.0,2.357142857142857,7.0,14,69.58571428571429,77.0,2.357142857142857,7.0,시구,69.58571428571429,2.357142857142857,38.34285714285716,11.785714285714285,30.37571428571429
110765,고덕숲아이파크,강동구,,고덕동,37.551186,127.162285,2.0,73.95,74.7,27.0,13.5,0.5,19.0,72.88333333333334,83.6,5.526315789473684,20.0,19,72.88333333333334,83.6,5.526315789473684,20.0,동,73.95,13.5,55.80000000000002,67.5,59.31000000000001
2906,주몽주공10단지,군포시,,금정동,37.36403,126.927974,2.0,70.44999999999999,74.8,3.0,1.5,0.0,12.0,73.81666666666666,80.5,5.0,17.0,12,73.81666666666666,80.5,5.0,17.0,동,70.44999999999999,1.5,41.79999999999996,7.5,31.50999999999997
8725,대지마을3차2단지현대홈타운,성남시 분당구,,구미동,37.332909,127.11444,,,,,,,26.0,78.1576923076923,84.2,8.76,28.0,46,75.76739130434783,84.2,5.555555555555555,28.0,시구,78.1576923076923,8.76,72.6307692307692,43.8,63.98153846153844
10685,"벽산,풍림",수원시 영통구,,영통동,37.266454,127.083672,4.0,79.75,82.6,20.0,5.0,0.0,21.0,76.75238095238095,82.6,5.571428571428571,19.0,57,73.70877192982455,82.6,3.3508771929824563,19.0,동,79.75,5.0,79.0,25.0,62.8
27584,흥덕마을7단지힐스테이트,수원시 영통구,,원천동,37.279737,127.073464,3.0,74.73333333333333,78.3,12.0,4.0,0.3333333333333333,21.0,76.75238095238095,82.6,5.571428571428571,19.0,57,73.70877192982455,82.6,3.3508771929824563,19.0,동,74.73333333333333,4.0,58.93333333333334,20.0,47.25333333333333
7969,화서역우방센트럴파크,수원시 장안구,,송죽동,37.290969,126.997627,1.0,70.4,70.4,0.0,0.0,0.0,13.0,73.18461538461538,78.5,2.3846153846153846,9.0,57,73.70877192982455,82.6,3.3508771929824563,19.0,동,70.4,0.0,41.60000000000002,0.0,29.12000000000001
116238,안산라프리모,안산시 단원구,,선부동,37.331677,126.805302,1.0,70.0,70.0,1.0,1.0,0.0,15.0,68.95333333333333,76.0,0.5333333333333333,2.0,30,69.15666666666667,76.0,0.4666666666666667,2.0,동,70.0,1.0,40.0,5.0,29.5
3687,금화마을대우현대,용인시 기흥구,,구갈동,37.264935,127.110185,1.0,75.9,75.9,1.0,1.0,0.0,18.0,75.97222222222223,81.8,5.722222222222222,17.0,50,74.958,81.8,6.041666666666667,18.0,동,75.9,1.0,63.60000000000002,5.0,46.02000000000001
3439,상현마을현대성우1차,용인시 수지구,,상현동,37.304714,127.084846,2.0,79.0,79.5,33.0,16.5,0.0,16.0,77.14375,81.8,11.0,18.0,50,74.958,81.8,6.041666666666667,18.0,동,79.0,16.5,76.0,82.5,77.94999999999999
8423,만현마을3단지성원상떼빌5차,용인시 수지구,,상현동,37.309698,127.090897,2.0,79.0,79.5,33.0,16.5,0.0,16.0,77.14375,81.8,11.0,18.0,50,74.958,81.8,6.041666666666667,18.0,동,79.0,16.5,76.0,82.5,77.94999999999999
105153,한양수자인에듀파크,수원시 영통구,,망포동,37.240845,127.057339,1.0,75.6,75.6,4.0,4.0,0.0,21.0,76.75238095238095,82.6,5.571428571428571,19.0,57,73.70877192982455,82.6,3.3508771929824563,19.0,동,75.6,4.0,62.39999999999998,20.0,49.67999999999998
13798,수리산성원상떼빌1차,안양시 만안구,,안양동,37.393851,126.917623,,,,,,,9.0,69.76666666666667,76.6,2.2222222222222223,7.0,24,75.26666666666667,84.4,9.416666666666666,56.0,시구,69.76666666666667,2.2222222222222223,39.06666666666666,11.111111111111112,30.68
25922,마곡수명산파크2단지,강서구,,가양동,37.554827,126.827519,1.0,67.6,67.6,4.0,4.0,0.0,22.0,72.8,77.9,3.409090909090909,11.0,22,72.8,77.9,3.409090909090909,11.0,동,67.6,4.0,30.399999999999977,20.0,27.279999999999983
119492,캐슬앤파밀리에시티2단지,김포시,,고촌읍,37.593048,126.760341,3.0,78.63333333333333,81.1,11.0,3.6666666666666665,0.0,24.0,75.575,83.5,4.791666666666667,19.0,24,75.575,83.5,4.791666666666667,19.0,동,78.63333333333333,3.6666666666666665,74.5333333333333,18.33333333333333,57.67333333333331
2222,동성1차,성남시 분당구,,구미동,37.330981,127.110863,,,,,,,26.0,78.1576923076923,84.2,8.76,28.0,46,75.76739130434783,84.2,5.555555555555555,28.0,시구,78.1576923076923,8.76,72.6307692307692,43.8,63.98153846153844
24672,화서위브하늘채,수원시 장안구,,송죽동,37.288441,127.00026,1.0,70.4,70.4,0.0,0.0,0.0,13.0,73.18461538461538,78.5,2.3846153846153846,9.0,57,73.70877192982455,82.6,3.3508771929824563,19.0,동,70.4,0.0,41.60000000000002,0.0,29.12000000000001
9046,오류푸르지오,구로구,,개봉동,37.492041,126.841901,2.0,69.2,69.5,3.0,1.5,0.0,14.0,69.58571428571429,77.0,2.357142857142857,7.0,14,69.58571428571429,77.0,2.357142857142857,7.0,동,69.2,1.5,36.80000000000001,7.5,28.010000000000005
2675,무지개12단지주공,성남시 분당구,,구미동,37.334959,127.11867,,,,,,,26.0,78.1576923076923,84.2,8.76,28.0,46,75.76739130434783,84.2,5.555555555555555,28.0,시구,78.1576923076923,8.76,72.6307692307692,43.8,63.98153846153844
2016,삼성,안양시 만안구,,석수동,37.413682,126.915552,,,,,,,9.0,69.76666666666667,76.6,2.2222222222222223,7.0,24,75.26666666666667,84.4,9.416666666666666,56.0,시구,69.76666666666667,2.2222222222222223,39.06666666666666,11.111111111111112,30.68
1621,철산한신,구로구,,가리봉동,37.472426,126.876538,,,,,,,14.0,69.58571428571429,77.0,2.357142857142857,7.0,14,69.58571428571429,77.0,2.357142857142857,7.0,시구,69.58571428571429,2.357142857142857,38.34285714285716,11.785714285714285,30.37571428571429
129842,주공2-2단지,군포시,,금정동,37.357349,126.933774,2.0,70.44999999999999,74.8,3.0,1.5,0.0,12.0,73.81666666666666,80.5,5.0,17.0,12,73.81666666666666,80.5,5.0,17.0,동,70.44999999999999,1.5,41.79999999999996,7.5,31.50999999999997
18607,e편한세상금정역에코센트럴,군포시,,금정동,37.366091,126.937789,2.0,70.44999999999999,74.8,3.0,1.5,0.0,12.0,73.81666666666666,80.5,5.0,17.0,12,73.81666666666666,80.5,5.0,17.0,동,70.44999999999999,1.5,41.79999999999996,7.5,31.50999999999997
166042,고촌센트럴자이,김포시,,고촌읍,37.591279,126.763021,3.0,78.63333333333333,81.1,11.0,3.6666666666666665,0.0,24.0,75.575,83.5,4.791666666666667,19.0,24,75.575,83.5,4.791666666666667,19.0,동,78.63333333333333,3.6666666666666665,74.5333333333333,18.33333333333333,57.67333333333331
162677,고촌역양우내안애,김포시,,고촌읍,37.606506,126.770918,3.0,78.63333333333333,81.1,11.0,3.6666666666666665,0.0,24.0,75.575,83.5,4.791666666666667,19.0,24,75.575,83.5,4.791666666666667,19.0,동,78.63333333333333,3.6666666666666665,74.5333333333333,18.33333333333333,57.67333333333331
101600,호반써밋레이크파크,수원시 영통구,,매탄동,37.277809,127.070037,5.0,73.58,79.5,17.0,3.4,0.0,21.0,76.75238095238095,82.6,5.571428571428571,19.0,57,73.70877192982455,82.6,3.3508771929824563,19.0,동,73.58,3.4,54.31999999999999,17.0,43.124
119885,힐스테이트구성,용인시 기흥구,,마북동,37.297805,127.119311,1.0,76.6,76.6,7.0,7.0,0.0,18.0,75.97222222222223,81.8,5.722222222222222,17.0,50,74.958,81.8,6.041666666666667,18.0,동,76.6,7.0,66.39999999999998,35.0,56.97999999999998
1604,광복현대,구로구,,개봉동,37.490436,126.866905,2.0,69.2,69.5,3.0,1.5,0.0,14.0,69.58571428571429,77.0,2.357142857142857,7.0,14,69.58571428571429,77.0,2.357142857142857,7.0,동,69.2,1.5,36.80000000000001,7.5,28.010000000000005
8164,더리버하임,성남시 분당구,,구미동,37.32836,127.11182,,,,,,,26.0,78.1576923076923,84.2,8.76,28.0,46,75.76739130434783,84.2,5.555555555555555,28.0,시구,78.1576923076923,8.76,72.6307692307692,43.8,63.98153846153844
8428,장미마을삼성래미안2차,용인시 기흥구,,마북동,37.293147,127.118538,1.0,76.6,76.6,7.0,7.0,0.0,18.0,75.97222222222223,81.8,5.722222222222222,17.0,50,74.958,81.8,6.041666666666667,18.0,동,76.6,7.0,66.39999999999998,35.0,56.97999999999998
140557,용인보평역서희스타힐스리버파크,용인시 처인구,,고림동,37.256342,127.216509,2.0,75.4,79.2,1.0,1.0,0.0,16.0,71.63125,80.1,0.7857142857142857,3.0,50,74.958,81.8,6.041666666666667,18.0,동,75.4,1.0,61.60000000000002,5.0,44.62000000000001
3944,덕소강변삼익,하남시,,선동,37.586667,127.207221,2.0,83.94999999999999,84.3,8.0,4.0,0.0,13.0,79.63846153846154,84.3,3.230769230769231,12.0,13,79.63846153846154,84.3,3.230769230769231,12.0,동,83.94999999999999,4.0,95.79999999999995,20.0,73.05999999999996
24833,마곡푸르지오,강서구,,공항동,37.570106,126.821846,2.0,68.5,69.4,4.0,2.0,0.0,22.0,72.8,77.9,3.409090909090909,11.0,22,72.8,77.9,3.409090909090909,11.0,동,68.5,2.0,34.0,10.0,26.8
8895,관악산휴먼시아2단지,금천구,,독산동,37.459396,126.919934,3.0,67.56666666666666,76.6,6.0,2.0,0.0,9.0,67.45555555555556,76.6,1.0,4.0,9,67.45555555555556,76.6,1.0,4.0,동,67.56666666666666,2.0,30.26666666666665,10.0,24.186666666666653
9950,천천삼성래미안,수원시 권선구,,입북동,37.29776,126.97647,,,,,,,14.0,71.78571428571429,78.6,1.7142857142857142,4.0,57,73.70877192982455,82.6,3.3508771929824563,19.0,시구,71.78571428571429,1.7142857142857142,47.14285714285717,8.571428571428571,35.571428571428584
1784,삼성1차,수원시 영통구,,매탄동,37.265862,127.041885,5.0,73.58,79.5,17.0,3.4,0.0,21.0,76.75238095238095,82.6,5.571428571428571,19.0,57,73.70877192982455,82.6,3.3508771929824563,19.0,동,73.58,3.4,54.31999999999999,17.0,43.124
8959,방화동부센트레빌2차,강서구,,개화동,37.574731,126.814947,,,,,,,22.0,72.8,77.9,3.409090909090909,11.0,22,72.8,77.9,3.409090909090909,11.0,시구,72.8,3.409090909090909,51.19999999999999,17.045454545454547,40.95363636363636
1062,개봉한진타운,구로구,,개봉동,37.484955,126.851689,2.0,69.2,69.5,3.0,1.5,0.0,14.0,69.58571428571429,77.0,2.357142857142857,7.0,14,69.58571428571429,77.0,2.357142857142857,7.0,동,69.2,1.5,36.80000000000001,7.5,28.010000000000005
12683,부천중동역푸르지오,부천시 소사구,,송내동,37.48538,126.765218,1.0,75.0,75.0,4.0,4.0,0.0,7.0,70.14285714285714,78.9,2.2857142857142856,5.0,33,71.78787878787878,79.9,2.6666666666666665,13.0,동,75.0,4.0,60.0,20.0,48.0
1412,금강마을,부천시 원미구,,상동,37.508261,126.760418,3.0,75.23333333333333,76.5,11.0,3.6666666666666665,0.0,15.0,72.18,79.9,2.8666666666666667,13.0,33,71.78787878787878,79.9,2.6666666666666665,13.0,동,75.23333333333333,3.6666666666666665,60.93333333333334,18.33333333333333,48.153333333333336
27656,광교레이크스위첸,수원시 영통구,,원천동,37.278915,127.071986,3.0,74.73333333333333,78.3,12.0,4.0,0.3333333333333333,21.0,76.75238095238095,82.6,5.571428571428571,19.0,57,73.70877192982455,82.6,3.3508771929824563,19.0,동,74.73333333333333,4.0,58.93333333333334,20.0,47.25333333333333
11648,주공4단지,수원시 영통구,,이의동,37.291764,127.030403,2.0,80.1,81.3,21.0,10.5,0.0,21.0,76.75238095238095,82.6,5.571428571428571,19.0,57,73.70877192982455,82.6,3.3508771929824563,19.0,동,80.1,10.5,80.39999999999998,52.5,72.02999999999997
3082,호계현대홈타운2차,안양시 동안구,,호계동,37.365324,126.960943,3.0,81.0,81.5,42.0,14.0,0.0,15.0,78.56666666666666,84.4,13.733333333333333,56.0,24,75.26666666666667,84.4,9.416666666666666,56.0,동,81.0,14.0,84.0,70.0,79.8
108350,하남더샵센트럴뷰,하남시,,덕풍동,37.54481,127.203789,1.0,69.8,69.8,0.0,0.0,0.0,13.0,79.63846153846154,84.3,3.230769230769231,12.0,13,79.63846153846154,84.3,3.230769230769231,12.0,동,69.8,0.0,39.19999999999999,0.0,27.43999999999999
25826,한라주공2단지(뜨란채),부천시 오정구,,내동,37.510008,126.762878,1.0,60.6,60.6,0.0,0.0,0.0,6.0,69.51666666666667,74.8,1.1666666666666667,4.0,33,71.78787878787878,79.9,2.6666666666666665,13.0,동,60.6,0.0,2.4000000000000057,0.0,1.680000000000004
23880,화서역푸르지오더에듀포레,수원시 장안구,,율전동,37.29224,126.980553,1.0,71.3,71.3,0.0,0.0,0.0,13.0,73.18461538461538,78.5,2.3846153846153846,9.0,57,73.70877192982455,82.6,3.3508771929824563,19.0,동,71.3,0.0,45.19999999999999,0.0,31.63999999999999
102614,수원SK스카이뷰,수원시 장안구,,율전동,37.30789,126.98487,1.0,71.3,71.3,0.0,0.0,0.0,13.0,73.18461538461538,78.5,2.3846153846153846,9.0,57,73.70877192982455,82.6,3.3508771929824563,19.0,동,71.3,0.0,45.19999999999999,0.0,31.63999999999999
118734,백운밸리레이크포레4단지,의왕시,,내손동,37.367704,127.003801,1.0,78.4,78.4,19.0,19.0,0.0,8.0,72.5875,81.0,6.714285714285714,19.0,8,72.5875,81.0,6.714285714285714,19.0,동,78.4,19.0,73.60000000000002,95.0,80.02000000000001
102622,역곡역e편한세상,구로구,,궁동,37.486988,126.809437,,,,,,,14.0,69.58571428571429,77.0,2.357142857142857,7.0,14,69.58571428571429,77.0,2.357142857142857,7.0,시구,69.58571428571429,2.357142857142857,38.34285714285716,11.785714285714285,30.37571428571429
3174,삼성산주공3단지,금천구,,시흥동,37.462459,126.926219,1.0,72.5,72.5,2.0,2.0,1.0,9.0,67.45555555555556,76.6,1.0,4.0,9,67.45555555555556,76.6,1.0,4.0,동,72.5,2.0,50.0,10.0,38.0
7956,동아하이빌,송파구,,풍납동,37.544788,127.134255,1.0,71.1,71.1,1.0,1.0,1.0,29.0,74.12068965517241,83.5,5.241379310344827,17.0,29,74.12068965517241,83.5,5.241379310344827,17.0,동,71.1,1.0,44.39999999999998,5.0,32.579999999999984
8036,호계e-편한세상,군포시,,당동,37.36423,126.962595,3.0,74.60000000000001,78.4,7.0,2.333333333333333,0.0,12.0,73.81666666666666,80.5,5.0,17.0,12,73.81666666666666,80.5,5.0,17.0,동,74.60000000000001,2.333333333333333,58.40000000000003,11.666666666666666,44.38000000000002
8406,설악주공,부천시 오정구,,내동,37.508479,126.770934,1.0,60.6,60.6,0.0,0.0,0.0,6.0,69.51666666666667,74.8,1.1666666666666667,4.0,33,71.78787878787878,79.9,2.6666666666666665,13.0,동,60.6,0.0,2.4000000000000057,0.0,1.680000000000004
7965,늘푸른벽산,수원시 영통구,,망포동,37.24,127.06106,1.0,75.6,75.6,4.0,4.0,0.0,21.0,76.75238095238095,82.6,5.571428571428571,19.0,57,73.70877192982455,82.6,3.3508771929824563,19.0,동,75.6,4.0,62.39999999999998,20.0,49.67999999999998
19039,수리산성원상떼빌2차,안양시 만안구,,안양동,37.393033,126.917905,,,,,,,9.0,69.76666666666667,76.6,2.2222222222222223,7.0,24,75.26666666666667,84.4,9.416666666666666,56.0,시구,69.76666666666667,2.2222222222222223,39.06666666666666,11.111111111111112,30.68
11926,목동금호어울림,양천구,,목동,37.533928,126.868725,2.0,70.5,74.2,26.0,13.0,0.5,18.0,71.30000000000001,80.9,9.22222222222222,29.0,18,71.30000000000001,80.9,9.22222222222222,29.0,동,70.5,13.0,42.0,65.0,48.9
2628,매화주공14단지2차,군포시,,금정동,37.375432,126.936427,2.0,70.44999999999999,74.8,3.0,1.5,0.0,12.0,73.81666666666666,80.5,5.0,17.0,12,73.81666666666666,80.5,5.0,17.0,동,70.44999999999999,1.5,41.79999999999996,7.5,31.50999999999997
3893,연원마을삼성명가타운,용인시 기흥구,,마북동,37.305531,127.108015,1.0,76.6,76.6,7.0,7.0,0.0,18.0,75.97222222222223,81.8,5.722222222222222,17.0,50,74.958,81.8,6.041666666666667,18.0,동,76.6,7.0,66.39999999999998,35.0,56.97999999999998
8437,서홍마을한화꿈에그린,용인시 수지구,,성복동,37.3234,127.081086,2.0,76.8,77.8,34.0,17.0,0.0,16.0,77.14375,81.8,11.0,18.0,50,74.958,81.8,6.041666666666667,18.0,동,76.8,17.0,67.19999999999999,85.0,72.53999999999999
10312,고척LIG리가,양천구,,신정동,37.505867,126.861797,,,,,,,18.0,71.30000000000001,80.9,9.22222222222222,29.0,18,71.30000000000001,80.9,9.22222222222222,29.0,시구,71.30000000000001,9.22222222222222,45.200000000000045,46.1111111111111,45.47333333333336
7998,퇴계주공3단지1차,군포시,,금정동,37.355228,126.930154,2.0,70.44999999999999,74.8,3.0,1.5,0.0,12.0,73.81666666666666,80.5,5.0,17.0,12,73.81666666666666,80.5,5.0,17.0,동,70.44999999999999,1.5,41.79999999999996,7.5,31.50999999999997
8165,대주한신,성남시 분당구,,구미동,37.328018,127.112342,,,,,,,26.0,78.1576923076923,84.2,8.76,28.0,46,75.76739130434783,84.2,5.555555555555555,28.0,시구,78.1576923076923,8.76,72.6307692307692,43.8,63.98153846153844
8414,황송마을,성남시 수정구,,단대동,37.444125,127.169897,3.0,70.63333333333334,74.0,1.0,0.3333333333333333,0.0,10.0,73.02000000000001,79.7,2.4,14.0,46,75.76739130434783,84.2,5.555555555555555,28.0,동,70.63333333333334,0.3333333333333333,42.53333333333336,1.6666666666666667,30.27333333333335
100273,매탄e-편한세상,수원시 영통구,,매탄동,37.269712,127.053393,5.0,73.58,79.5,17.0,3.4,0.0,21.0,76.75238095238095,82.6,5.571428571428571,19.0,57,73.70877192982455,82.6,3.3508771929824563,19.0,동,73.58,3.4,54.31999999999999,17.0,43.124
1812,영통포레스트,수원시 영통구,,영통동,37.268058,127.083754,4.0,79.75,82.6,20.0,5.0,0.0,21.0,76.75238095238095,82.6,5.571428571428571,19.0,57,73.70877192982455,82.6,3.3508771929824563,19.0,동,79.75,5.0,79.0,25.0,62.8
115928,e편한세상시흥센텀하임,시흥시,,계수동,37.4454,126.792575,1.0,72.1,72.1,1.0,1.0,0.0,26.0,73.34230769230768,82.4,1.1153846153846154,4.0,26,73.34230769230768,82.4,1.1153846153846154,4.0,동,72.1,1.0,48.39999999999998,5.0,35.37999999999998
2017,성원1차,안양시 만안구,,안양동,37.395003,126.914602,,,,,,,9.0,69.76666666666667,76.6,2.2222222222222223,7.0,24,75.26666666666667,84.4,9.416666666666666,56.0,시구,69.76666666666667,2.2222222222222223,39.06666666666666,11.111111111111112,30.68
4,등촌대림,강서구,,가양동,37.562883,126.846872,1.0,67.6,67.6,4.0,4.0,0.0,22.0,72.8,77.9,3.409090909090909,11.0,22,72.8,77.9,3.409090909090909,11.0,동,67.6,4.0,30.399999999999977,20.0,27.279999999999983
20490,두산위브,구로구,,개봉동,37.488965,126.865683,2.0,69.2,69.5,3.0,1.5,0.0,14.0,69.58571428571429,77.0,2.357142857142857,7.0,14,69.58571428571429,77.0,2.357142857142857,7.0,동,69.2,1.5,36.80000000000001,7.5,28.010000000000005
1314,고덕주공9단지,강동구,,길동,37.547941,127.151556,,,,,,,19.0,72.88333333333334,83.6,5.526315789473684,20.0,19,72.88333333333334,83.6,5.526315789473684,20.0,시구,72.88333333333334,5.526315789473684,51.53333333333337,27.631578947368418,44.36280701754388
2535,도담마을7단지뜨리에체,성남시 분당구,,구미동,37.324888,127.114286,,,,,,,26.0,78.1576923076923,84.2,8.76,28.0,46,75.76739130434783,84.2,5.555555555555555,28.0,시구,78.1576923076923,8.76,72.6307692307692,43.8,63.98153846153844
136398,영통롯데캐슬엘클래스1단지,수원시 권선구,,곡반정동,37.243326,127.040584,1.0,78.1,78.1,3.0,3.0,0.0,14.0,71.78571428571429,78.6,1.7142857142857142,4.0,57,73.70877192982455,82.6,3.3508771929824563,19.0,동,78.1,3.0,72.39999999999998,15.0,55.17999999999998
2712,수원한일타운,수원시 장안구,,송죽동,37.305843,127.008079,1.0,70.4,70.4,0.0,0.0,0.0,13.0,73.18461538461538,78.5,2.3846153846153846,9.0,57,73.70877192982455,82.6,3.3508771929824563,19.0,동,70.4,0.0,41.60000000000002,0.0,29.12000000000001
121990,제일풍경채센텀,시흥시,,광석동,37.369753,126.804775,,,,,,,26.0,73.34230769230768,82.4,1.1153846153846154,4.0,26,73.34230769230768,82.4,1.1153846153846154,4.0,시구,73.34230769230768,1.1153846153846154,53.36923076923073,5.5769230769230775,39.03153846153843
107019,광교산자이,용인시 수지구,,성복동,37.327809,127.071057,2.0,76.8,77.8,34.0,17.0,0.0,16.0,77.14375,81.8,11.0,18.0,50,74.958,81.8,6.041666666666667,18.0,동,76.8,17.0,67.19999999999999,85.0,72.53999999999999
1067,동아한신,영등포구,,문래동5가,37.501107,126.865319,,,,,,,12.0,73.81666666666666,80.8,3.4166666666666665,7.0,12,73.81666666666666,80.8,3.4166666666666665,7.0,시구,73.81666666666666,3.4166666666666665,55.26666666666665,17.083333333333332,43.81166666666665
109107,강남한신휴플러스6단지,강남구,,세곡동,37.467606,127.105468,,,,,,,24.0,78.85416666666667,86.1,8.583333333333334,22.0,24,78.85416666666667,86.1,8.583333333333334,22.0,시구,78.85416666666667,8.583333333333334,75.41666666666669,42.91666666666667,65.66666666666669
1414,꿈삼환한진,부천시 오정구,,여월동,37.50113,126.77948,2.0,73.5,74.8,5.0,2.5,0.0,6.0,69.51666666666667,74.8,1.1666666666666667,4.0,33,71.78787878787878,79.9,2.6666666666666665,13.0,동,73.5,2.5,54.0,12.5,41.55
8292,내대지마을건영캐스빌,성남시 분당구,,구미동,37.333565,127.126349,,,,,,,26.0,78.1576923076923,84.2,8.76,28.0,46,75.76739130434783,84.2,5.555555555555555,28.0,시구,78.1576923076923,8.76,72.6307692307692,43.8,63.98153846153844
3633,매탄에듀파크시티1,수원시 권선구,,권선동,37.26129,127.044874,3.0,71.2,74.9,5.0,1.6666666666666667,0.0,14.0,71.78571428571429,78.6,1.7142857142857142,4.0,57,73.70877192982455,82.6,3.3508771929824563,19.0,동,71.2,1.6666666666666667,44.80000000000001,8.333333333333334,33.86000000000001
114598,초지역메이저타운푸르지오파크단지,안산시 단원구,,원곡동,37.324275,126.807509,2.0,70.15,72.2,0.0,0.0,0.0,15.0,68.95333333333333,76.0,0.5333333333333333,2.0,30,69.15666666666667,76.0,0.4666666666666667,2.0,동,70.15,0.0,40.60000000000002,0.0,28.42000000000001
1474,무궁화코오롱,안양시 동안구,,평촌동,37.380739,126.955581,,,,,,,15.0,78.56666666666666,84.4,13.733333333333333,56.0,24,75.26666666666667,84.4,9.416666666666666,56.0,시구,78.56666666666666,13.733333333333333,74.26666666666665,68.66666666666667,72.58666666666664
26527,신봉마을3단지동일하이빌,용인시 수지구,,성복동,37.326399,127.066259,2.0,76.8,77.8,34.0,17.0,0.0,16.0,77.14375,81.8,11.0,18.0,50,74.958,81.8,6.041666666666667,18.0,동,76.8,17.0,67.19999999999999,85.0,72.53999999999999
26528,신봉마을4단지동일하이빌,용인시 수지구,,신봉동,37.328798,127.064637,1.0,74.7,74.7,7.0,7.0,0.0,16.0,77.14375,81.8,11.0,18.0,50,74.958,81.8,6.041666666666667,18.0,동,74.7,7.0,58.80000000000001,35.0,51.66
25853,고척파크푸르지오,양천구,,신정동,37.507589,126.858174,,,,,,,18.0,71.30000000000001,80.9,9.22222222222222,29.0,18,71.30000000000001,80.9,9.22222222222222,29.0,시구,71.30000000000001,9.22222222222222,45.200000000000045,46.1111111111111,45.47333333333336
125343,위례로제비앙,송파구,,거여동,37.487065,127.158637,1.0,74.6,74.6,7.0,7.0,0.0,29.0,74.12068965517241,83.5,5.241379310344827,17.0,29,74.12068965517241,83.5,5.241379310344827,17.0,동,74.6,7.0,58.39999999999998,35.0,51.37999999999998
2898,우륵주공7단지,군포시,,금정동,37.36009,126.925727,2.0,70.44999999999999,74.8,3.0,1.5,0.0,12.0,73.81666666666666,80.5,5.0,17.0,12,73.81666666666666,80.5,5.0,17.0,동,70.44999999999999,1.5,41.79999999999996,7.5,31.50999999999997
107015,풍무푸르지오,김포시,,사우동,37.608843,126.731716,1.0,75.9,75.9,5.0,5.0,0.0,24.0,75.575,83.5,4.791666666666667,19.0,24,75.575,83.5,4.791666666666667,19.0,동,75.9,5.0,63.60000000000002,25.0,52.02000000000001
8175,죽전아이뷰,성남시 분당구,,구미동,37.332236,127.110126,,,,,,,26.0,78.1576923076923,84.2,8.76,28.0,46,75.76739130434783,84.2,5.555555555555555,28.0,시구,78.1576923076923,8.76,72.6307692307692,43.8,63.98153846153844
9127,밤꽃마을뜨란채,수원시 권선구,,입북동,37.30653,126.968216,,,,,,,14.0,71.78571428571429,78.6,1.7142857142857142,4.0,57,73.70877192982455,82.6,3.3508771929824563,19.0,시구,71.78571428571429,1.7142857142857142,47.14285714285717,8.571428571428571,35.571428571428584
113909,초지역메이저타운푸르지오에코단지,안산시 단원구,,원곡동,37.324079,126.803197,2.0,70.15,72.2,0.0,0.0,0.0,15.0,68.95333333333333,76.0,0.5333333333333333,2.0,30,69.15666666666667,76.0,0.4666666666666667,2.0,동,70.15,0.0,40.60000000000002,0.0,28.42000000000001
25775,석수아이파크,안양시 만안구,,박달동,37.406714,126.90255,1.0,69.8,69.8,1.0,1.0,0.0,9.0,69.76666666666667,76.6,2.2222222222222223,7.0,24,75.26666666666667,84.4,9.416666666666666,56.0,동,69.8,1.0,39.19999999999999,5.0,28.93999999999999
101375,신동백롯데캐슬에코1단지,용인시 기흥구,,구갈동,37.283519,127.144982,1.0,75.9,75.9,1.0,1.0,0.0,18.0,75.97222222222223,81.8,5.722222222222222,17.0,50,74.958,81.8,6.041666666666667,18.0,동,75.9,1.0,63.60000000000002,5.0,46.02000000000001
8727,꽃메마을현대홈타운4차3단지,용인시 기흥구,,보정동,37.322822,127.117616,1.0,81.8,81.8,17.0,17.0,0.0,18.0,75.97222222222223,81.8,5.722222222222222,17.0,50,74.958,81.8,6.041666666666667,18.0,동,81.8,17.0,87.19999999999999,85.0,86.53999999999999
38,염창우성1차,강서구,,등촌동,37.556405,126.871124,1.0,76.9,76.9,10.0,10.0,0.0,22.0,72.8,77.9,3.409090909090909,11.0,22,72.8,77.9,3.409090909090909,11.0,동,76.9,10.0,67.60000000000002,50.0,62.320000000000014
131487,광명푸르지오센트베르,구로구,,천왕동,37.470756,126.852459,1.0,71.1,71.1,2.0,2.0,0.0,14.0,69.58571428571429,77.0,2.357142857142857,7.0,14,69.58571428571429,77.0,2.357142857142857,7.0,동,71.1,2.0,44.39999999999998,10.0,34.079999999999984
12939,청천마을대우,군포시,,당동,37.342733,126.951661,3.0,74.60000000000001,78.4,7.0,2.333333333333333,0.0,12.0,73.81666666666666,80.5,5.0,17.0,12,73.81666666666666,80.5,5.0,17.0,동,74.60000000000001,2.333333333333333,58.40000000000003,11.666666666666666,44.38000000000002
3718,모락산현대,군포시,,당정동,37.361871,126.968949,1.0,69.8,69.8,3.0,3.0,0.0,12.0,73.81666666666666,80.5,5.0,17.0,12,73.81666666666666,80.5,5.0,17.0,동,69.8,3.0,39.19999999999999,15.0,31.93999999999999
8283,미리내은하수타운,부천시 원미구,,상동,37.500435,126.770296,3.0,75.23333333333333,76.5,11.0,3.6666666666666665,0.0,15.0,72.18,79.9,2.8666666666666667,13.0,33,71.78787878787878,79.9,2.6666666666666665,13.0,동,75.23333333333333,3.6666666666666665,60.93333333333334,18.33333333333333,48.153333333333336
9930,강남마을5단지코오롱하늘채,용인시 기흥구,,구갈동,37.270301,127.129019,1.0,75.9,75.9,1.0,1.0,0.0,18.0,75.97222222222223,81.8,5.722222222222222,17.0,50,74.958,81.8,6.041666666666667,18.0,동,75.9,1.0,63.60000000000002,5.0,46.02000000000001
3946,덕소주공3단지,하남시,,선동,37.588883,127.20842,2.0,83.94999999999999,84.3,8.0,4.0,0.0,13.0,79.63846153846154,84.3,3.230769230769231,12.0,13,79.63846153846154,84.3,3.230769230769231,12.0,동,83.94999999999999,4.0,95.79999999999995,20.0,73.05999999999996
140,구일우성,구로구,,가리봉동,37.490255,126.877243,,,,,,,14.0,69.58571428571429,77.0,2.357142857142857,7.0,14,69.58571428571429,77.0,2.357142857142857,7.0,시구,69.58571428571429,2.357142857142857,38.34285714285716,11.785714285714285,30.37571428571429
27344,휴먼시아5단지,금천구,,독산동,37.451915,126.887582,3.0,67.56666666666666,76.6,6.0,2.0,0.0,9.0,67.45555555555556,76.6,1.0,4.0,9,67.45555555555556,76.6,1.0,4.0,동,67.56666666666666,2.0,30.26666666666665,10.0,24.186666666666653
8755,GS강동자이,강동구,,길동,37.537495,127.14862,,,,,,,19.0,72.88333333333334,83.6,5.526315789473684,20.0,19,72.88333333333334,83.6,5.526315789473684,20.0,시구,72.88333333333334,5.526315789473684,51.53333333333337,27.631578947368418,44.36280701754388
8843,권선대우,수원시 권선구,,곡반정동,37.249113,127.038874,1.0,78.1,78.1,3.0,3.0,0.0,14.0,71.78571428571429,78.6,1.7142857142857142,4.0,57,73.70877192982455,82.6,3.3508771929824563,19.0,동,78.1,3.0,72.39999999999998,15.0,55.17999999999998
1787,성일(810-4),수원시 영통구,,매탄동,37.265373,127.043865,5.0,73.58,79.5,17.0,3.4,0.0,21.0,76.75238095238095,82.6,5.571428571428571,19.0,57,73.70877192982455,82.6,3.3508771929824563,19.0,동,73.58,3.4,54.31999999999999,17.0,43.124
27029,청명호수마을신안인스빌1단지,수원시 영통구,,영통동,37.255229,127.088712,4.0,79.75,82.6,20.0,5.0,0.0,21.0,76.75238095238095,82.6,5.571428571428571,19.0,57,73.70877192982455,82.6,3.3508771929824563,19.0,동,79.75,5.0,79.0,25.0,62.8
3883,반도보라빌리지2단지,안양시 동안구,,평촌동,37.375617,126.972656,,,,,,,15.0,78.56666666666666,84.4,13.733333333333333,56.0,24,75.26666666666667,84.4,9.416666666666666,56.0,시구,78.56666666666666,13.733333333333333,74.26666666666665,68.66666666666667,72.58666666666664
102710,용인성복아이파크,용인시 수지구,,성복동,37.322515,127.06134,2.0,76.8,77.8,34.0,17.0,0.0,16.0,77.14375,81.8,11.0,18.0,50,74.958,81.8,6.041666666666667,18.0,동,76.8,17.0,67.19999999999999,85.0,72.53999999999999
3591,덕소두산위브,하남시,,미사동,37.579954,127.215297,,,,,,,13.0,79.63846153846154,84.3,3.230769230769231,12.0,13,79.63846153846154,84.3,3.230769230769231,12.0,시구,79.63846153846154,3.230769230769231,78.55384615384617,16.153846153846153,59.83384615384616
1076,동부골든,구로구,,개봉동,37.499391,126.83982,2.0,69.2,69.5,3.0,1.5,0.0,14.0,69.58571428571429,77.0,2.357142857142857,7.0,14,69.58571428571429,77.0,2.357142857142857,7.0,동,69.2,1.5,36.80000000000001,7.5,28.010000000000005
103252,강남데시앙파크,강남구,,세곡동,37.460324,127.101224,,,,,,,24.0,78.85416666666667,86.1,8.583333333333334,22.0,24,78.85416666666667,86.1,8.583333333333334,22.0,시구,78.85416666666667,8.583333333333334,75.41666666666669,42.91666666666667,65.66666666666669
2895,솔거대림,군포시,,금정동,37.361604,126.926801,2.0,70.44999999999999,74.8,3.0,1.5,0.0,12.0,73.81666666666666,80.5,5.0,17.0,12,73.81666666666666,80.5,5.0,17.0,동,70.44999999999999,1.5,41.79999999999996,7.5,31.50999999999997
26398,군포대야미e-편한세상,군포시,,대야미동,37.325583,126.916312,,,,,,,12.0,73.81666666666666,80.5,5.0,17.0,12,73.81666666666666,80.5,5.0,17.0,시구,73.81666666666666,5.0,55.26666666666665,25.0,46.18666666666665
108261,김포고촌우방아이유쉘,김포시,,고촌읍,37.604388,126.767013,3.0,78.63333333333333,81.1,11.0,3.6666666666666665,0.0,24.0,75.575,83.5,4.791666666666667,19.0,24,75.575,83.5,4.791666666666667,19.0,동,78.63333333333333,3.6666666666666665,74.5333333333333,18.33333333333333,57.67333333333331
1419,"미리내금호,한양,한신",부천시 원미구,,상동,37.500226,126.77358,3.0,75.23333333333333,76.5,11.0,3.6666666666666665,0.0,15.0,72.18,79.9,2.8666666666666667,13.0,33,71.78787878787878,79.9,2.6666666666666665,13.0,동,75.23333333333333,3.6666666666666665,60.93333333333334,18.33333333333333,48.153333333333336
2586,삼익,수원시 권선구,,권선동,37.26124,127.01749,3.0,71.2,74.9,5.0,1.6666666666666667,0.0,14.0,71.78571428571429,78.6,1.7142857142857142,4.0,57,73.70877192982455,82.6,3.3508771929824563,19.0,동,71.2,1.6666666666666667,44.80000000000001,8.333333333333334,33.86000000000001
1782,동남(810-2),수원시 영통구,,매탄동,37.267004,127.042728,5.0,73.58,79.5,17.0,3.4,0.0,21.0,76.75238095238095,82.6,5.571428571428571,19.0,57,73.70877192982455,82.6,3.3508771929824563,19.0,동,73.58,3.4,54.31999999999999,17.0,43.124
110641,용인서천효성해링턴플레이스,수원시 영통구,,영통동,37.244569,127.075038,4.0,79.75,82.6,20.0,5.0,0.0,21.0,76.75238095238095,82.6,5.571428571428571,19.0,57,73.70877192982455,82.6,3.3508771929824563,19.0,동,79.75,5.0,79.0,25.0,62.8
26281,광교호수아델리움,수원시 영통구,,하동,37.278448,127.078013,1.0,77.7,77.7,4.0,4.0,0.0,21.0,76.75238095238095,82.6,5.571428571428571,19.0,57,73.70877192982455,82.6,3.3508771929824563,19.0,동,77.7,4.0,70.80000000000001,20.0,55.56
110798,더샵동천포레스트,용인시 수지구,,동천동,37.338496,127.086082,2.0,75.55000000000001,77.2,19.0,9.5,0.0,16.0,77.14375,81.8,11.0,18.0,50,74.958,81.8,6.041666666666667,18.0,동,75.55000000000001,9.5,62.200000000000045,47.5,57.79000000000003
1063,우성현대,구로구,,개봉동,37.498856,126.862639,2.0,69.2,69.5,3.0,1.5,0.0,14.0,69.58571428571429,77.0,2.357142857142857,7.0,14,69.58571428571429,77.0,2.357142857142857,7.0,동,69.2,1.5,36.80000000000001,7.5,28.010000000000005
102668,강남신동아파밀리에1단지,강남구,,세곡동,37.464316,127.100522,,,,,,,24.0,78.85416666666667,86.1,8.583333333333334,22.0,24,78.85416666666667,86.1,8.583333333333334,22.0,시구,78.85416666666667,8.583333333333334,75.41666666666669,42.91666666666667,65.66666666666669
122025,포웰시티푸르지오라포레,송파구,,거여동,37.498206,127.164454,1.0,74.6,74.6,7.0,7.0,0.0,29.0,74.12068965517241,83.5,5.241379310344827,17.0,29,74.12068965517241,83.5,5.241379310344827,17.0,동,74.6,7.0,58.39999999999998,35.0,51.37999999999998
1313,우성(42),강동구,,고덕동,37.550955,127.152179,2.0,73.95,74.7,27.0,13.5,0.5,19.0,72.88333333333334,83.6,5.526315789473684,20.0,19,72.88333333333334,83.6,5.526315789473684,20.0,동,73.95,13.5,55.80000000000002,67.5,59.31000000000001
14462,소새울역중흥S클래스,부천시 소사구,,계수동,37.471514,126.802933,,,,,,,7.0,70.14285714285714,78.9,2.2857142857142856,5.0,33,71.78787878787878,79.9,2.6666666666666665,13.0,시구,70.14285714285714,2.2857142857142856,40.57142857142856,11.428571428571429,31.82857142857141
2720,평동동남,수원시 권선구,,서둔동,37.26241,127.00075,1.0,69.7,69.7,0.0,0.0,0.0,14.0,71.78571428571429,78.6,1.7142857142857142,4.0,57,73.70877192982455,82.6,3.3508771929824563,19.0,동,69.7,0.0,38.80000000000001,0.0,27.160000000000007
27534,흥덕우미린레이크포레,수원시 영통구,,원천동,37.277355,127.076493,3.0,74.73333333333333,78.3,12.0,4.0,0.3333333333333333,21.0,76.75238095238095,82.6,5.571428571428571,19.0,57,73.70877192982455,82.6,3.3508771929824563,19.0,동,74.73333333333333,4.0,58.93333333333334,20.0,47.25333333333333
115892,용인보라효성해링턴플레이스,용인시 기흥구,,보라동,37.254122,127.114313,2.0,74.15,74.8,8.0,4.0,0.0,18.0,75.97222222222223,81.8,5.722222222222222,17.0,50,74.958,81.8,6.041666666666667,18.0,동,74.15,4.0,56.60000000000003,20.0,45.62000000000002
15,미주진로,강서구,,가양동,37.560119,126.847085,1.0,67.6,67.6,4.0,4.0,0.0,22.0,72.8,77.9,3.409090909090909,11.0,22,72.8,77.9,3.409090909090909,11.0,동,67.6,4.0,30.399999999999977,20.0,27.279999999999983
26124,마곡수명산파크5단지,강서구,,공항동,37.551912,126.827078,2.0,68.5,69.4,4.0,2.0,0.0,22.0,72.8,77.9,3.409090909090909,11.0,22,72.8,77.9,3.409090909090909,11.0,동,68.5,2.0,34.0,10.0,26.8
55,건영3차,관악구,,봉천동,37.466932,126.943192,5.0,72.08,77.4,10.0,2.0,0.2,16.0,69.8875,77.4,1.3125,5.0,16,69.8875,77.4,1.3125,5.0,동,72.08,2.0,48.31999999999999,10.0,36.82399999999999
103517,래미안영통마크원1단지,수원시 권선구,,곡반정동,37.245869,127.043288,1.0,78.1,78.1,3.0,3.0,0.0,14.0,71.78571428571429,78.6,1.7142857142857142,4.0,57,73.70877192982455,82.6,3.3508771929824563,19.0,동,78.1,3.0,72.39999999999998,15.0,55.17999999999998
3634,주공그린빌2단지,수원시 권선구,,권선동,37.260405,127.046836,3.0,71.2,74.9,5.0,1.6666666666666667,0.0,14.0,71.78571428571429,78.6,1.7142857142857142,4.0,57,73.70877192982455,82.6,3.3508771929824563,19.0,동,71.2,1.6666666666666667,44.80000000000001,8.333333333333334,33.86000000000001
2695,신미주,수원시 영통구,,이의동,37.300551,127.031632,2.0,80.1,81.3,21.0,10.5,0.0,21.0,76.75238095238095,82.6,5.571428571428571,19.0,57,73.70877192982455,82.6,3.3508771929824563,19.0,동,80.1,10.5,80.39999999999998,52.5,72.02999999999997
161,주공14단지,금천구,,독산동,37.460436,126.886348,3.0,67.56666666666666,76.6,6.0,2.0,0.0,9.0,67.45555555555556,76.6,1.0,4.0,9,67.45555555555556,76.6,1.0,4.0,동,67.56666666666666,2.0,30.26666666666665,10.0,24.186666666666653
996,한강현대,강동구,,명일동,37.555617,127.131572,,,,,,,19.0,72.88333333333334,83.6,5.526315789473684,20.0,19,72.88333333333334,83.6,5.526315789473684,20.0,시구,72.88333333333334,5.526315789473684,51.53333333333337,27.631578947368418,44.36280701754388
2573,주공3단지,군포시,,당동,37.345255,126.945419,3.0,74.60000000000001,78.4,7.0,2.333333333333333,0.0,12.0,73.81666666666666,80.5,5.0,17.0,12,73.81666666666666,80.5,5.0,17.0,동,74.60000000000001,2.333333333333333,58.40000000000003,11.666666666666666,44.38000000000002
124533,래미안부천어반비스타,부천시 소사구,,송내동,37.481227,126.763017,1.0,75.0,75.0,4.0,4.0,0.0,7.0,70.14285714285714,78.9,2.2857142857142856,5.0,33,71.78787878787878,79.9,2.6666666666666665,13.0,동,75.0,4.0,60.0,20.0,48.0
2533,죽전퍼스트하임,성남시 분당구,,구미동,37.329828,127.114521,,,,,,,26.0,78.1576923076923,84.2,8.76,28.0,46,75.76739130434783,84.2,5.555555555555555,28.0,시구,78.1576923076923,8.76,72.6307692307692,43.8,63.98153846153844
1803,"삼성,태영",수원시 영통구,,망포동,37.249373,127.0635,1.0,75.6,75.6,4.0,4.0,0.0,21.0,76.75238095238095,82.6,5.571428571428571,19.0,57,73.70877192982455,82.6,3.3508771929824563,19.0,동,75.6,4.0,62.39999999999998,20.0,49.67999999999998
1441,샘대우한양,안양시 동안구,,평촌동,37.375983,126.964928,,,,,,,15.0,78.56666666666666,84.4,13.733333333333333,56.0,24,75.26666666666667,84.4,9.416666666666666,56.0,시구,78.56666666666666,13.733333333333333,74.26666666666665,68.66666666666667,72.58666666666664
103714,신동백서해그랑블2차,용인시 기흥구,,구갈동,37.279037,127.146905,1.0,75.9,75.9,1.0,1.0,0.0,18.0,75.97222222222223,81.8,5.722222222222222,17.0,50,74.958,81.8,6.041666666666667,18.0,동,75.9,1.0,63.60000000000002,5.0,46.02000000000001
115551,감일한라비발디,송파구,,거여동,37.502458,127.162001,1.0,74.6,74.6,7.0,7.0,0.0,29.0,74.12068965517241,83.5,5.241379310344827,17.0,29,74.12068965517241,83.5,5.241379310344827,17.0,동,74.6,7.0,58.39999999999998,35.0,51.37999999999998
2658,선경논골,성남시 수정구,,단대동,37.461824,127.157504,3.0,70.63333333333334,74.0,1.0,0.3333333333333333,0.0,10.0,73.02000000000001,79.7,2.4,14.0,46,75.76739130434783,84.2,5.555555555555555,28.0,동,70.63333333333334,0.3333333333333333,42.53333333333336,1.6666666666666667,30.27333333333335
112360,힐스테이트중앙,안산시 단원구,,고잔동,37.320149,126.835158,1.0,68.3,68.3,1.0,1.0,0.0,15.0,68.95333333333333,76.0,0.5333333333333333,2.0,30,69.15666666666667,76.0,0.4666666666666667,2.0,동,68.3,1.0,33.19999999999999,5.0,24.73999999999999
113,두산,구로구,,개봉동,37.495176,126.852901,2.0,69.2,69.5,3.0,1.5,0.0,14.0,69.58571428571429,77.0,2.357142857142857,7.0,14,69.58571428571429,77.0,2.357142857142857,7.0,동,69.2,1.5,36.80000000000001,7.5,28.010000000000005
102669,강남신동아파밀리에2단지,강남구,,세곡동,37.464302,127.102913,,,,,,,24.0,78.85416666666667,86.1,8.583333333333334,22.0,24,78.85416666666667,86.1,8.583333333333334,22.0,시구,78.85416666666667,8.583333333333334,75.41666666666669,42.91666666666667,65.66666666666669
9682,강동현대홈타운,강동구,,고덕동,37.556621,127.138318,2.0,73.95,74.7,27.0,13.5,0.5,19.0,72.88333333333334,83.6,5.526315789473684,20.0,19,72.88333333333334,83.6,5.526315789473684,20.0,동,73.95,13.5,55.80000000000002,67.5,59.31000000000001
8960,한라주공4단지2차,군포시,,당동,37.344451,126.926187,3.0,74.60000000000001,78.4,7.0,2.333333333333333,0.0,12.0,73.81666666666666,80.5,5.0,17.0,12,73.81666666666666,80.5,5.0,17.0,동,74.60000000000001,2.333333333333333,58.40000000000003,11.666666666666666,44.38000000000002
111120,풍무센트럴푸르지오,김포시,,북변동,37.610218,126.72771,1.0,79.0,79.0,14.0,14.0,0.0,24.0,75.575,83.5,4.791666666666667,19.0,24,75.575,83.5,4.791666666666667,19.0,동,79.0,14.0,76.0,70.0,74.19999999999999
9110,소사SK뷰,부천시 소사구,,계수동,37.477517,126.800463,,,,,,,7.0,70.14285714285714,78.9,2.2857142857142856,5.0,33,71.78787878787878,79.9,2.6666666666666665,13.0,시구,70.14285714285714,2.2857142857142856,40.57142857142856,11.428571428571429,31.82857142857141
122403,은계파크자이,시흥시,,대야동,37.436302,126.800036,1.0,74.5,74.5,0.0,0.0,0.0,26.0,73.34230769230768,82.4,1.1153846153846154,4.0,26,73.34230769230768,82.4,1.1153846153846154,4.0,동,74.5,0.0,57.99999999999999,0.0,40.6
111170,안산센트럴푸르지오,안산시 단원구,,고잔동,37.320002,126.839154,1.0,68.3,68.3,1.0,1.0,0.0,15.0,68.95333333333333,76.0,0.5333333333333333,2.0,30,69.15666666666667,76.0,0.4666666666666667,2.0,동,68.3,1.0,33.19999999999999,5.0,24.73999999999999
8106,연원마을현대,용인시 기흥구,,마북동,37.303067,127.112331,1.0,76.6,76.6,7.0,7.0,0.0,18.0,75.97222222222223,81.8,5.722222222222222,17.0,50,74.958,81.8,6.041666666666667,18.0,동,76.6,7.0,66.39999999999998,35.0,56.97999999999998
14316,금호어울림,금천구,,독산동,37.451815,126.889459,3.0,67.56666666666666,76.6,6.0,2.0,0.0,9.0,67.45555555555556,76.6,1.0,4.0,9,67.45555555555556,76.6,1.0,4.0,동,67.56666666666666,2.0,30.26666666666665,10.0,24.186666666666653
187478,미사강변아란티움,강동구,,강일동,37.558008,127.19256,3.0,70.3,73.7,10.0,3.333333333333333,0.0,19.0,72.88333333333334,83.6,5.526315789473684,20.0,19,72.88333333333334,83.6,5.526315789473684,20.0,동,70.3,3.333333333333333,41.19999999999999,16.666666666666664,33.83999999999999
130136,수원하늘채더퍼스트2단지,수원시 권선구,,곡반정동,37.239195,127.033775,1.0,78.1,78.1,3.0,3.0,0.0,14.0,71.78571428571429,78.6,1.7142857142857142,4.0,57,73.70877192982455,82.6,3.3508771929824563,19.0,동,78.1,3.0,72.39999999999998,15.0,55.17999999999998
2725,꽃뫼버들마을신동아,수원시 권선구,,구운동,37.286974,126.986753,1.0,65.9,65.9,0.0,0.0,0.0,14.0,71.78571428571429,78.6,1.7142857142857142,4.0,57,73.70877192982455,82.6,3.3508771929824563,19.0,동,65.9,0.0,23.600000000000023,0.0,16.520000000000014
1828,신일,수원시 권선구,,입북동,37.299859,126.966875,,,,,,,14.0,71.78571428571429,78.6,1.7142857142857142,4.0,57,73.70877192982455,82.6,3.3508771929824563,19.0,시구,71.78571428571429,1.7142857142857142,47.14285714285717,8.571428571428571,35.571428571428584
3627,망포역마을쌍용,수원시 영통구,,망포동,37.243,127.05227,1.0,75.6,75.6,4.0,4.0,0.0,21.0,76.75238095238095,82.6,5.571428571428571,19.0,57,73.70877192982455,82.6,3.3508771929824563,19.0,동,75.6,4.0,62.39999999999998,20.0,49.67999999999998
128005,e편한세상초지역센트럴포레,시흥시,,군자동,37.325294,126.800208,,,,,,,26.0,73.34230769230768,82.4,1.1153846153846154,4.0,26,73.34230769230768,82.4,1.1153846153846154,4.0,시구,73.34230769230768,1.1153846153846154,53.36923076923073,5.5769230769230775,39.03153846153843
101552,반도보라빌리지1단지,안양시 동안구,,평촌동,37.37709,126.976249,,,,,,,15.0,78.56666666666666,84.4,13.733333333333333,56.0,24,75.26666666666667,84.4,9.416666666666666,56.0,시구,78.56666666666666,13.733333333333333,74.26666666666665,68.66666666666667,72.58666666666664
3357,영풍마드레빌,구로구,,개봉동,37.491577,126.838753,2.0,69.2,69.5,3.0,1.5,0.0,14.0,69.58571428571429,77.0,2.357142857142857,7.0,14,69.58571428571429,77.0,2.357142857142857,7.0,동,69.2,1.5,36.80000000000001,7.5,28.010000000000005
114455,퇴계주공3단지2차,군포시,,금정동,37.354674,126.929431,2.0,70.44999999999999,74.8,3.0,1.5,0.0,12.0,73.81666666666666,80.5,5.0,17.0,12,73.81666666666666,80.5,5.0,17.0,동,70.44999999999999,1.5,41.79999999999996,7.5,31.50999999999997
103407,한강신도시반도유보라2차,김포시,,운양동,37.654361,126.680649,1.0,83.5,83.5,14.0,14.0,0.0,24.0,75.575,83.5,4.791666666666667,19.0,24,75.575,83.5,4.791666666666667,19.0,동,83.5,14.0,94.0,70.0,86.8
1438,포도삼보영남,부천시 원미구,,상동,37.501322,126.759402,3.0,75.23333333333333,76.5,11.0,3.6666666666666665,0.0,15.0,72.18,79.9,2.8666666666666667,13.0,33,71.78787878787878,79.9,2.6666666666666665,13.0,동,75.23333333333333,3.6666666666666665,60.93333333333334,18.33333333333333,48.153333333333336
9279,꽃뫼버들마을진흥,수원시 권선구,,구운동,37.289245,126.983609,1.0,65.9,65.9,0.0,0.0,0.0,14.0,71.78571428571429,78.6,1.7142857142857142,4.0,57,73.70877192982455,82.6,3.3508771929824563,19.0,동,65.9,0.0,23.600000000000023,0.0,16.520000000000014
3646,비단마을베스트타운,수원시 장안구,,율전동,37.298548,126.98089,1.0,71.3,71.3,0.0,0.0,0.0,13.0,73.18461538461538,78.5,2.3846153846153846,9.0,57,73.70877192982455,82.6,3.3508771929824563,19.0,동,71.3,0.0,45.19999999999999,0.0,31.63999999999999
129506,시흥시청역트리플포레,시흥시,,광석동,37.37369,126.806369,,,,,,,26.0,73.34230769230768,82.4,1.1153846153846154,4.0,26,73.34230769230768,82.4,1.1153846153846154,4.0,시구,73.34230769230768,1.1153846153846154,53.36923076923073,5.5769230769230775,39.03153846153843
3593,덕소강변현대홈타운,하남시,,선동,37.585199,127.208573,2.0,83.94999999999999,84.3,8.0,4.0,0.0,13.0,79.63846153846154,84.3,3.230769230769231,12.0,13,79.63846153846154,84.3,3.230769230769231,12.0,동,83.94999999999999,4.0,95.79999999999995,20.0,73.05999999999996
14490,당정마을LG2차,군포시,,당동,37.345095,126.955815,3.0,74.60000000000001,78.4,7.0,2.333333333333333,0.0,12.0,73.81666666666666,80.5,5.0,17.0,12,73.81666666666666,80.5,5.0,17.0,동,74.60000000000001,2.333333333333333,58.40000000000003,11.666666666666666,44.38000000000002
8146,청천마을성원,군포시,,당동,37.34388,126.95271,3.0,74.60000000000001,78.4,7.0,2.333333333333333,0.0,12.0,73.81666666666666,80.5,5.0,17.0,12,73.81666666666666,80.5,5.0,17.0,동,74.60000000000001,2.333333333333333,58.40000000000003,11.666666666666666,44.38000000000002
3960,주공1단지,부천시 소사구,,계수동,37.468344,126.802237,,,,,,,7.0,70.14285714285714,78.9,2.2857142857142856,5.0,33,71.78787878787878,79.9,2.6666666666666665,13.0,시구,70.14285714285714,2.2857142857142856,40.57142857142856,11.428571428571429,31.82857142857141
2213,도담마을죽전파크빌,성남시 분당구,,구미동,37.327308,127.11613,,,,,,,26.0,78.1576923076923,84.2,8.76,28.0,46,75.76739130434783,84.2,5.555555555555555,28.0,시구,78.1576923076923,8.76,72.6307692307692,43.8,63.98153846153844
10359,영통빌리지,수원시 영통구,,영통동,37.269016,127.075997,4.0,79.75,82.6,20.0,5.0,0.0,21.0,76.75238095238095,82.6,5.571428571428571,19.0,57,73.70877192982455,82.6,3.3508771929824563,19.0,동,79.75,5.0,79.0,25.0,62.8
124735,병점역아이파크캐슬,오산시,,세교동,37.203264,127.027494,1.0,75.4,75.4,0.0,0.0,0.0,10.0,74.49,79.0,0.8888888888888888,4.0,10,74.49,79.0,0.8888888888888888,4.0,동,75.4,0.0,61.60000000000002,0.0,43.12000000000001
1606,우성(KBS우성),구로구,,가리봉동,37.48887,126.8685,,,,,,,14.0,69.58571428571429,77.0,2.357142857142857,7.0,14,69.58571428571429,77.0,2.357142857142857,7.0,시구,69.58571428571429,2.357142857142857,38.34285714285716,11.785714285714285,30.37571428571429
154358,호반써밋그랜드에비뉴,구로구,,천왕동,37.471614,126.850538,1.0,71.1,71.1,2.0,2.0,0.0,14.0,69.58571428571429,77.0,2.357142857142857,7.0,14,69.58571428571429,77.0,2.357142857142857,7.0,동,71.1,2.0,44.39999999999998,10.0,34.079999999999984
22145,덕유주공4단지,부천시 오정구,,내동,37.509619,126.76699,1.0,60.6,60.6,0.0,0.0,0.0,6.0,69.51666666666667,74.8,1.1666666666666667,4.0,33,71.78787878787878,79.9,2.6666666666666665,13.0,동,60.6,0.0,2.4000000000000057,0.0,1.680000000000004
1826,삼호진덕,수원시 권선구,,입북동,37.30244,126.977702,,,,,,,14.0,71.78571428571429,78.6,1.7142857142857142,4.0,57,73.70877192982455,82.6,3.3508771929824563,19.0,시구,71.78571428571429,1.7142857142857142,47.14285714285717,8.571428571428571,35.571428571428584
1470,무궁화건영,군포시,,금정동,37.379627,126.956172,2.0,70.44999999999999,74.8,3.0,1.5,0.0,12.0,73.81666666666666,80.5,5.0,17.0,12,73.81666666666666,80.5,5.0,17.0,동,70.44999999999999,1.5,41.79999999999996,7.5,31.50999999999997
8403,중동대림,부천시 오정구,,내동,37.5071,126.777855,1.0,60.6,60.6,0.0,0.0,0.0,6.0,69.51666666666667,74.8,1.1666666666666667,4.0,33,71.78787878787878,79.9,2.6666666666666665,13.0,동,60.6,0.0,2.4000000000000057,0.0,1.680000000000004
3630,동수원자이2차,수원시 영통구,,망포동,37.241073,127.051982,1.0,75.6,75.6,4.0,4.0,0.0,21.0,76.75238095238095,82.6,5.571428571428571,19.0,57,73.70877192982455,82.6,3.3508771929824563,19.0,동,75.6,4.0,62.39999999999998,20.0,49.67999999999998
122012,시흥장현금강펜테리움센트럴파크,시흥시,,광석동,37.367813,126.804241,,,,,,,26.0,73.34230769230768,82.4,1.1153846153846154,4.0,26,73.34230769230768,82.4,1.1153846153846154,4.0,시구,73.34230769230768,1.1153846153846154,53.36923076923073,5.5769230769230775,39.03153846153843
3884,의왕상록,안양시 동안구,,평촌동,37.378085,126.973492,,,,,,,15.0,78.56666666666666,84.4,13.733333333333333,56.0,24,75.26666666666667,84.4,9.416666666666666,56.0,시구,78.56666666666666,13.733333333333333,74.26666666666665,68.66666666666667,72.58666666666664
104347,남서울힐스테이트,금천구,,시흥동,37.446594,126.901286,1.0,72.5,72.5,2.0,2.0,1.0,9.0,67.45555555555556,76.6,1.0,4.0,9,67.45555555555556,76.6,1.0,4.0,동,72.5,2.0,50.0,10.0,38.0
102670,세곡리엔파크3단지,강남구,,세곡동,37.463948,127.104478,,,,,,,24.0,78.85416666666667,86.1,8.583333333333334,22.0,24,78.85416666666667,86.1,8.583333333333334,22.0,시구,78.85416666666667,8.583333333333334,75.41666666666669,42.91666666666667,65.66666666666669
1315,한양,강동구,,고덕동,37.55059,127.155352,2.0,73.95,74.7,27.0,13.5,0.5,19.0,72.88333333333334,83.6,5.526315789473684,20.0,19,72.88333333333334,83.6,5.526315789473684,20.0,동,73.95,13.5,55.80000000000002,67.5,59.31000000000001
1473,무궁화진흥,안양시 동안구,,평촌동,37.38054,126.957503,,,,,,,15.0,78.56666666666666,84.4,13.733333333333333,56.0,24,75.26666666666667,84.4,9.416666666666666,56.0,시구,78.56666666666666,13.733333333333333,74.26666666666665,68.66666666666667,72.58666666666664
3684,금화마을5단지주공그린빌,용인시 기흥구,,구갈동,37.266845,127.11261,1.0,75.9,75.9,1.0,1.0,0.0,18.0,75.97222222222223,81.8,5.722222222222222,17.0,50,74.958,81.8,6.041666666666667,18.0,동,75.9,1.0,63.60000000000002,5.0,46.02000000000001
113712,용인기흥우방아이유쉘,용인시 기흥구,,상갈동,37.276559,127.100403,1.0,73.8,73.8,0.0,0.0,0.0,18.0,75.97222222222223,81.8,5.722222222222222,17.0,50,74.958,81.8,6.041666666666667,18.0,동,73.8,0.0,55.2,0.0,38.63999999999999
10179,덕소쌍용스윗닷홈리버,하남시,,미사동,37.576021,127.224112,,,,,,,13.0,79.63846153846154,84.3,3.230769230769231,12.0,13,79.63846153846154,84.3,3.230769230769231,12.0,시구,79.63846153846154,3.230769230769231,78.55384615384617,16.153846153846153,59.83384615384616
109215,미사강변센트럴자이,강동구,,강일동,37.558021,127.186257,3.0,70.3,73.7,10.0,3.333333333333333,0.0,19.0,72.88333333333334,83.6,5.526315789473684,20.0,19,72.88333333333334,83.6,5.526315789473684,20.0,동,70.3,3.333333333333333,41.19999999999999,16.666666666666664,33.83999999999999
100395,"광명하안현대1,2단지",광명시,,광명동,37.468431,126.863925,,,,,,,12.0,72.71666666666667,78.4,4.333333333333333,11.0,12,72.71666666666667,78.4,4.333333333333333,11.0,시구,72.71666666666667,4.333333333333333,50.866666666666674,21.666666666666664,42.10666666666667
107330,"수원아이파크시티5,6단지",수원시 권선구,,곡반정동,37.239568,127.025252,1.0,78.1,78.1,3.0,3.0,0.0,14.0,71.78571428571429,78.6,1.7142857142857142,4.0,57,73.70877192982455,82.6,3.3508771929824563,19.0,동,78.1,3.0,72.39999999999998,15.0,55.17999999999998
1832,삼성,수원시 영통구,,매탄동,37.271674,127.036445,5.0,73.58,79.5,17.0,3.4,0.0,21.0,76.75238095238095,82.6,5.571428571428571,19.0,57,73.70877192982455,82.6,3.3508771929824563,19.0,동,73.58,3.4,54.31999999999999,17.0,43.124
130337,안산푸르지오브리파크,시흥시,,군자동,37.326658,126.797954,,,,,,,26.0,73.34230769230768,82.4,1.1153846153846154,4.0,26,73.34230769230768,82.4,1.1153846153846154,4.0,시구,73.34230769230768,1.1153846153846154,53.36923076923073,5.5769230769230775,39.03153846153843
8163,한라비발디,안양시 만안구,,박달동,37.403602,126.902178,1.0,69.8,69.8,1.0,1.0,0.0,9.0,69.76666666666667,76.6,2.2222222222222223,7.0,24,75.26666666666667,84.4,9.416666666666666,56.0,동,69.8,1.0,39.19999999999999,5.0,28.93999999999999
9256,강남마을7단지계룡리슈빌,용인시 기흥구,,구갈동,37.269421,127.133134,1.0,75.9,75.9,1.0,1.0,0.0,18.0,75.97222222222223,81.8,5.722222222222222,17.0,50,74.958,81.8,6.041666666666667,18.0,동,75.9,1.0,63.60000000000002,5.0,46.02000000000001
8095,덕소쌍용,하남시,,미사동,37.578769,127.219985,,,,,,,13.0,79.63846153846154,84.3,3.230769230769231,12.0,13,79.63846153846154,84.3,3.230769230769231,12.0,시구,79.63846153846154,3.230769230769231,78.55384615384617,16.153846153846153,59.83384615384616
140148,고덕풍경채어바니티,강동구,,강일동,37.5634,127.168679,3.0,70.3,73.7,10.0,3.333333333333333,0.0,19.0,72.88333333333334,83.6,5.526315789473684,20.0,19,72.88333333333334,83.6,5.526315789473684,20.0,동,70.3,3.333333333333333,41.19999999999999,16.666666666666664,33.83999999999999
102235,고덕리엔파크3단지,강동구,,고덕동,37.55383,127.175132,2.0,73.95,74.7,27.0,13.5,0.5,19.0,72.88333333333334,83.6,5.526315789473684,20.0,19,72.88333333333334,83.6,5.526315789473684,20.0,동,73.95,13.5,55.80000000000002,67.5,59.31000000000001
122645,캐슬앤파밀리에시티1단지,김포시,,고촌읍,37.593856,126.756585,3.0,78.63333333333333,81.1,11.0,3.6666666666666665,0.0,24.0,75.575,83.5,4.791666666666667,19.0,24,75.575,83.5,4.791666666666667,19.0,동,78.63333333333333,3.6666666666666665,74.5333333333333,18.33333333333333,57.67333333333331
27539,부천위브트레지움1단지,부천시 오정구,,내동,37.511991,126.768105,1.0,60.6,60.6,0.0,0.0,0.0,6.0,69.51666666666667,74.8,1.1666666666666667,4.0,33,71.78787878787878,79.9,2.6666666666666665,13.0,동,60.6,0.0,2.4000000000000057,0.0,1.680000000000004
8894,강남마을9단지한라비발디,용인시 기흥구,,구갈동,37.27551,127.137653,1.0,75.9,75.9,1.0,1.0,0.0,18.0,75.97222222222223,81.8,5.722222222222222,17.0,50,74.958,81.8,6.041666666666667,18.0,동,75.9,1.0,63.60000000000002,5.0,46.02000000000001
2574,주공4단지,군포시,,당동,37.344115,126.943888,3.0,74.60000000000001,78.4,7.0,2.333333333333333,0.0,12.0,73.81666666666666,80.5,5.0,17.0,12,73.81666666666666,80.5,5.0,17.0,동,74.60000000000001,2.333333333333333,58.40000000000003,11.666666666666666,44.38000000000002
1433,은하마을주공1단지,부천시 오정구,,내동,37.507135,126.768139,1.0,60.6,60.6,0.0,0.0,0.0,6.0,69.51666666666667,74.8,1.1666666666666667,4.0,33,71.78787878787878,79.9,2.6666666666666665,13.0,동,60.6,0.0,2.4000000000000057,0.0,1.680000000000004
153672,e편한세상죽전프리미어포레,성남시 분당구,,구미동,37.32822,127.12984,,,,,,,26.0,78.1576923076923,84.2,8.76,28.0,46,75.76739130434783,84.2,5.555555555555555,28.0,시구,78.1576923076923,8.76,72.6307692307692,43.8,63.98153846153844
140881,용인드마크데시앙,용인시 처인구,,김량장동,37.233863,127.206809,2.0,74.5,80.1,3.0,1.5,0.0,16.0,71.63125,80.1,0.7857142857142857,3.0,50,74.958,81.8,6.041666666666667,18.0,동,74.5,1.5,57.99999999999999,7.5,42.85
25270,하남풍산아이파크1단지,하남시,,당정동,37.546067,127.208692,,,,,,,13.0,79.63846153846154,84.3,3.230769230769231,12.0,13,79.63846153846154,84.3,3.230769230769231,12.0,시구,79.63846153846154,3.230769230769231,78.55384615384617,16.153846153846153,59.83384615384616
117769,하남유시티대명루첸리버파크,하남시,,당정동,37.545446,127.214231,,,,,,,13.0,79.63846153846154,84.3,3.230769230769231,12.0,13,79.63846153846154,84.3,3.230769230769231,12.0,시구,79.63846153846154,3.230769230769231,78.55384615384617,16.153846153846153,59.83384615384616
3777,신안약수,양천구,,신월동,37.516487,126.847507,2.0,62.55,63.7,3.0,1.5,0.0,18.0,71.30000000000001,80.9,9.22222222222222,29.0,18,71.30000000000001,80.9,9.22222222222222,29.0,동,62.55,1.5,10.199999999999989,7.5,9.389999999999992
108756,송내역파인푸르지오1단지,부천시 소사구,,송내동,37.485643,126.754166,1.0,75.0,75.0,4.0,4.0,0.0,7.0,70.14285714285714,78.9,2.2857142857142856,5.0,33,71.78787878787878,79.9,2.6666666666666665,13.0,동,75.0,4.0,60.0,20.0,48.0
1795,성일(1199),수원시 영통구,,매탄동,37.270593,127.056596,5.0,73.58,79.5,17.0,3.4,0.0,21.0,76.75238095238095,82.6,5.571428571428571,19.0,57,73.70877192982455,82.6,3.3508771929824563,19.0,동,73.58,3.4,54.31999999999999,17.0,43.124
9716,마곡한진해모로,강서구,,공항동,37.571422,126.813788,2.0,68.5,69.4,4.0,2.0,0.0,22.0,72.8,77.9,3.409090909090909,11.0,22,72.8,77.9,3.409090909090909,11.0,동,68.5,2.0,34.0,10.0,26.8
137187,반정아이파크캐슬5단지,수원시 권선구,,곡반정동,37.236521,127.043058,1.0,78.1,78.1,3.0,3.0,0.0,14.0,71.78571428571429,78.6,1.7142857142857142,4.0,57,73.70877192982455,82.6,3.3508771929824563,19.0,동,78.1,3.0,72.39999999999998,15.0,55.17999999999998
1796,현대,수원시 영통구,,매탄동,37.26851,127.04283,5.0,73.58,79.5,17.0,3.4,0.0,21.0,76.75238095238095,82.6,5.571428571428571,19.0,57,73.70877192982455,82.6,3.3508771929824563,19.0,동,73.58,3.4,54.31999999999999,17.0,43.124
8328,해모로,안양시 동안구,,호계동,37.364499,126.966542,3.0,81.0,81.5,42.0,14.0,0.0,15.0,78.56666666666666,84.4,13.733333333333333,56.0,24,75.26666666666667,84.4,9.416666666666666,56.0,동,81.0,14.0,84.0,70.0,79.8
139952,힐스테이트용인둔전역,용인시 처인구,,고림동,37.264572,127.219921,2.0,75.4,79.2,1.0,1.0,0.0,16.0,71.63125,80.1,0.7857142857142857,3.0,50,74.958,81.8,6.041666666666667,18.0,동,75.4,1.0,61.60000000000002,5.0,44.62000000000001
3590,건영덕소리버파크,하남시,,미사동,37.575846,127.221586,,,,,,,13.0,79.63846153846154,84.3,3.230769230769231,12.0,13,79.63846153846154,84.3,3.230769230769231,12.0,시구,79.63846153846154,3.230769230769231,78.55384615384617,16.153846153846153,59.83384615384616
107663,미사강변푸르지오,강동구,,강일동,37.565293,127.184148,3.0,70.3,73.7,10.0,3.333333333333333,0.0,19.0,72.88333333333334,83.6,5.526315789473684,20.0,19,72.88333333333334,83.6,5.526315789473684,20.0,동,70.3,3.333333333333333,41.19999999999999,16.666666666666664,33.83999999999999
121911,건건동영무예다음,군포시,,도마교동,37.308463,126.904411,,,,,,,12.0,73.81666666666666,80.5,5.0,17.0,12,73.81666666666666,80.5,5.0,17.0,시구,73.81666666666666,5.0,55.26666666666665,25.0,46.18666666666665
116492,부천중동해링턴플레이스,부천시 소사구,,송내동,37.489797,126.770383,1.0,75.0,75.0,4.0,4.0,0.0,7.0,70.14285714285714,78.9,2.2857142857142856,5.0,33,71.78787878787878,79.9,2.6666666666666665,13.0,동,75.0,4.0,60.0,20.0,48.0
3711,대지마을현대홈타운2차,성남시 분당구,,구미동,37.330971,127.115568,,,,,,,26.0,78.1576923076923,84.2,8.76,28.0,46,75.76739130434783,84.2,5.555555555555555,28.0,시구,78.1576923076923,8.76,72.6307692307692,43.8,63.98153846153844
11236,방죽마을영통뜨란채,수원시 영통구,,망포동,37.243098,127.065335,1.0,75.6,75.6,4.0,4.0,0.0,21.0,76.75238095238095,82.6,5.571428571428571,19.0,57,73.70877192982455,82.6,3.3508771929824563,19.0,동,75.6,4.0,62.39999999999998,20.0,49.67999999999998
3688,서그내마을SK,수원시 영통구,,망포동,37.244324,127.071148,1.0,75.6,75.6,4.0,4.0,0.0,21.0,76.75238095238095,82.6,5.571428571428571,19.0,57,73.70877192982455,82.6,3.3508771929824563,19.0,동,75.6,4.0,62.39999999999998,20.0,49.67999999999998
100631,광교산임광그대가,수원시 장안구,,송죽동,37.307937,127.012789,1.0,70.4,70.4,0.0,0.0,0.0,13.0,73.18461538461538,78.5,2.3846153846153846,9.0,57,73.70877192982455,82.6,3.3508771929824563,19.0,동,70.4,0.0,41.60000000000002,0.0,29.12000000000001
192238,네이처뷰,시흥시,,광석동,37.382891,126.799952,,,,,,,26.0,73.34230769230768,82.4,1.1153846153846154,4.0,26,73.34230769230768,82.4,1.1153846153846154,4.0,시구,73.34230769230768,1.1153846153846154,53.36923076923073,5.5769230769230775,39.03153846153843
11188,월곶풍림아이원2차,시흥시,,월곶동,37.392433,126.739121,1.0,75.6,75.6,1.0,1.0,0.0,26.0,73.34230769230768,82.4,1.1153846153846154,4.0,26,73.34230769230768,82.4,1.1153846153846154,4.0,동,75.6,1.0,62.39999999999998,5.0,45.17999999999998
2800,냉천현대,안양시 만안구,,안양동,37.393458,126.919074,,,,,,,9.0,69.76666666666667,76.6,2.2222222222222223,7.0,24,75.26666666666667,84.4,9.416666666666666,56.0,시구,69.76666666666667,2.2222222222222223,39.06666666666666,11.111111111111112,30.68
2523,구성우림,용인시 기흥구,,마북동,37.29636,127.11339,1.0,76.6,76.6,7.0,7.0,0.0,18.0,75.97222222222223,81.8,5.722222222222222,17.0,50,74.958,81.8,6.041666666666667,18.0,동,76.6,7.0,66.39999999999998,35.0,56.97999999999998
104310,미사강변파밀리에,강동구,,강일동,37.568947,127.191731,3.0,70.3,73.7,10.0,3.333333333333333,0.0,19.0,72.88333333333334,83.6,5.526315789473684,20.0,19,72.88333333333334,83.6,5.526315789473684,20.0,동,70.3,3.333333333333333,41.19999999999999,16.666666666666664,33.83999999999999
3584,산본이편한세상센트럴파크,군포시,,금정동,37.364359,126.929572,2.0,70.44999999999999,74.8,3.0,1.5,0.0,12.0,73.81666666666666,80.5,5.0,17.0,12,73.81666666666666,80.5,5.0,17.0,동,70.44999999999999,1.5,41.79999999999996,7.5,31.50999999999997
1476,무궁화태영,군포시,,금정동,37.37835,126.95747,2.0,70.44999999999999,74.8,3.0,1.5,0.0,12.0,73.81666666666666,80.5,5.0,17.0,12,73.81666666666666,80.5,5.0,17.0,동,70.44999999999999,1.5,41.79999999999996,7.5,31.50999999999997
109249,e편한세상영통2차1단지,수원시 영통구,,망포동,37.240565,127.064397,1.0,75.6,75.6,4.0,4.0,0.0,21.0,76.75238095238095,82.6,5.571428571428571,19.0,57,73.70877192982455,82.6,3.3508771929824563,19.0,동,75.6,4.0,62.39999999999998,20.0,49.67999999999998
120742,e편한세상선부역어반스퀘어,안산시 단원구,,선부동,37.33379,126.805539,1.0,70.0,70.0,1.0,1.0,0.0,15.0,68.95333333333333,76.0,0.5333333333333333,2.0,30,69.15666666666667,76.0,0.4666666666666667,2.0,동,70.0,1.0,40.0,5.0,29.5
102014,대원칸타빌1단지,안양시 동안구,,평촌동,37.377257,126.970545,,,,,,,15.0,78.56666666666666,84.4,13.733333333333333,56.0,24,75.26666666666667,84.4,9.416666666666666,56.0,시구,78.56666666666666,13.733333333333333,74.26666666666665,68.66666666666667,72.58666666666664
8728,꽃메마을현대홈타운4차4단지,용인시 기흥구,,보정동,37.322022,127.116587,1.0,81.8,81.8,17.0,17.0,0.0,18.0,75.97222222222223,81.8,5.722222222222222,17.0,50,74.958,81.8,6.041666666666667,18.0,동,81.8,17.0,87.19999999999999,85.0,86.53999999999999
9410,마곡우림필유,강서구,,공항동,37.571676,126.821164,2.0,68.5,69.4,4.0,2.0,0.0,22.0,72.8,77.9,3.409090909090909,11.0,22,72.8,77.9,3.409090909090909,11.0,동,68.5,2.0,34.0,10.0,26.8
8378,성원2차,강서구,,등촌동,37.542041,126.864416,1.0,76.9,76.9,10.0,10.0,0.0,22.0,72.8,77.9,3.409090909090909,11.0,22,72.8,77.9,3.409090909090909,11.0,동,76.9,10.0,67.60000000000002,50.0,62.320000000000014
124942,위례포레자이,송파구,,거여동,37.486958,127.160978,1.0,74.6,74.6,7.0,7.0,0.0,29.0,74.12068965517241,83.5,5.241379310344827,17.0,29,74.12068965517241,83.5,5.241379310344827,17.0,동,74.6,7.0,58.39999999999998,35.0,51.37999999999998
107024,미사강변센텀팰리스,강동구,,강일동,37.561668,127.182559,3.0,70.3,73.7,10.0,3.333333333333333,0.0,19.0,72.88333333333334,83.6,5.526315789473684,20.0,19,72.88333333333334,83.6,5.526315789473684,20.0,동,70.3,3.333333333333333,41.19999999999999,16.666666666666664,33.83999999999999
2908,다산주공3단지,군포시,,금정동,37.351475,126.930703,2.0,70.44999999999999,74.8,3.0,1.5,0.0,12.0,73.81666666666666,80.5,5.0,17.0,12,73.81666666666666,80.5,5.0,17.0,동,70.44999999999999,1.5,41.79999999999996,7.5,31.50999999999997
8741,오룡한화,김포시,,고촌읍,37.602681,126.766565,3.0,78.63333333333333,81.1,11.0,3.6666666666666665,0.0,24.0,75.575,83.5,4.791666666666667,19.0,24,75.575,83.5,4.791666666666667,19.0,동,78.63333333333333,3.6666666666666665,74.5333333333333,18.33333333333333,57.67333333333331
26076,부천중동역푸르지오2차A단지,부천시 소사구,,송내동,37.485231,126.767301,1.0,75.0,75.0,4.0,4.0,0.0,7.0,70.14285714285714,78.9,2.2857142857142856,5.0,33,71.78787878787878,79.9,2.6666666666666665,13.0,동,75.0,4.0,60.0,20.0,48.0
8407,한라마을주공3단지(뜨란채),부천시 오정구,,삼정동,37.510316,126.761289,,,,,,,6.0,69.51666666666667,74.8,1.1666666666666667,4.0,33,71.78787878787878,79.9,2.6666666666666665,13.0,시구,69.51666666666667,1.1666666666666667,38.06666666666666,5.833333333333333,28.39666666666666
1762,"신동아,대원",수원시 권선구,,곡반정동,37.248752,127.032217,1.0,78.1,78.1,3.0,3.0,0.0,14.0,71.78571428571429,78.6,1.7142857142857142,4.0,57,73.70877192982455,82.6,3.3508771929824563,19.0,동,78.1,3.0,72.39999999999998,15.0,55.17999999999998
3643,꽃뫼버들마을코오롱,수원시 권선구,,구운동,37.284826,126.982101,1.0,65.9,65.9,0.0,0.0,0.0,14.0,71.78571428571429,78.6,1.7142857142857142,4.0,57,73.70877192982455,82.6,3.3508771929824563,19.0,동,65.9,0.0,23.600000000000023,0.0,16.520000000000014
122235,용인동백두산위브더제니스,용인시 기흥구,,동백동,37.283852,127.149989,2.0,76.35,77.0,15.0,7.5,0.0,18.0,75.97222222222223,81.8,5.722222222222222,17.0,50,74.958,81.8,6.041666666666667,18.0,동,76.35,7.5,65.39999999999998,37.5,57.02999999999998
107023,위례롯데캐슬,송파구,,거여동,37.475194,127.152548,1.0,74.6,74.6,7.0,7.0,0.0,29.0,74.12068965517241,83.5,5.241379310344827,17.0,29,74.12068965517241,83.5,5.241379310344827,17.0,동,74.6,7.0,58.39999999999998,35.0,51.37999999999998
107025,미사강변하우스디더레이크,강동구,,강일동,37.562114,127.185099,3.0,70.3,73.7,10.0,3.333333333333333,0.0,19.0,72.88333333333334,83.6,5.526315789473684,20.0,19,72.88333333333334,83.6,5.526315789473684,20.0,동,70.3,3.333333333333333,41.19999999999999,16.666666666666664,33.83999999999999
9743,원대마을신갈한신,용인시 기흥구,,상갈동,37.276188,127.106377,1.0,73.8,73.8,0.0,0.0,0.0,18.0,75.97222222222223,81.8,5.722222222222222,17.0,50,74.958,81.8,6.041666666666667,18.0,동,73.8,0.0,55.2,0.0,38.63999999999999
33,마곡현대1차,강서구,,공항동,37.57039,126.814268,2.0,68.5,69.4,4.0,2.0,0.0,22.0,72.8,77.9,3.409090909090909,11.0,22,72.8,77.9,3.409090909090909,11.0,동,68.5,2.0,34.0,10.0,26.8
910,청구,양천구,,신정동,37.501858,126.863758,,,,,,,18.0,71.30000000000001,80.9,9.22222222222222,29.0,18,71.30000000000001,80.9,9.22222222222222,29.0,시구,71.30000000000001,9.22222222222222,45.200000000000045,46.1111111111111,45.47333333333336
26325,광명해모로이연,구로구,,천왕동,37.472876,126.847315,1.0,71.1,71.1,2.0,2.0,0.0,14.0,69.58571428571429,77.0,2.357142857142857,7.0,14,69.58571428571429,77.0,2.357142857142857,7.0,동,71.1,2.0,44.39999999999998,10.0,34.079999999999984
27343,휴먼시아3단지,광명시,,소하동,37.449994,126.882615,1.0,74.9,74.9,8.0,8.0,0.0,12.0,72.71666666666667,78.4,4.333333333333333,11.0,12,72.71666666666667,78.4,4.333333333333333,11.0,동,74.9,8.0,59.60000000000002,40.0,53.72000000000001
2751,영광,수원시 권선구,,서둔동,37.279546,126.993731,1.0,69.7,69.7,0.0,0.0,0.0,14.0,71.78571428571429,78.6,1.7142857142857142,4.0,57,73.70877192982455,82.6,3.3508771929824563,19.0,동,69.7,0.0,38.80000000000001,0.0,27.160000000000007
3632,동수원자이1차,수원시 영통구,,망포동,37.23675,127.05365,1.0,75.6,75.6,4.0,4.0,0.0,21.0,76.75238095238095,82.6,5.571428571428571,19.0,57,73.70877192982455,82.6,3.3508771929824563,19.0,동,75.6,4.0,62.39999999999998,20.0,49.67999999999998
100282,주공뉴타운1단지,수원시 장안구,,송죽동,37.304565,127.015721,1.0,70.4,70.4,0.0,0.0,0.0,13.0,73.18461538461538,78.5,2.3846153846153846,9.0,57,73.70877192982455,82.6,3.3508771929824563,19.0,동,70.4,0.0,41.60000000000002,0.0,29.12000000000001
9624,갈천마을신일유토빌,용인시 기흥구,,구갈동,37.271861,127.138946,1.0,75.9,75.9,1.0,1.0,0.0,18.0,75.97222222222223,81.8,5.722222222222222,17.0,50,74.958,81.8,6.041666666666667,18.0,동,75.9,1.0,63.60000000000002,5.0,46.02000000000001
24088,센트럴아이파크,군포시,,대야미동,37.331818,126.915308,,,,,,,12.0,73.81666666666666,80.5,5.0,17.0,12,73.81666666666666,80.5,5.0,17.0,시구,73.81666666666666,5.0,55.26666666666665,25.0,46.18666666666665
110681,옥길호반베르디움,부천시 소사구,,계수동,37.462278,126.810925,,,,,,,7.0,70.14285714285714,78.9,2.2857142857142856,5.0,33,71.78787878787878,79.9,2.6666666666666665,13.0,시구,70.14285714285714,2.2857142857142856,40.57142857142856,11.428571428571429,31.82857142857141
1704,뉴서울,부천시 소사구,,송내동,37.48613,126.76272,1.0,75.0,75.0,4.0,4.0,0.0,7.0,70.14285714285714,78.9,2.2857142857142856,5.0,33,71.78787878787878,79.9,2.6666666666666665,13.0,동,75.0,4.0,60.0,20.0,48.0
101370,수원아이파크시티2단지,수원시 권선구,,곡반정동,37.244945,127.029425,1.0,78.1,78.1,3.0,3.0,0.0,14.0,71.78571428571429,78.6,1.7142857142857142,4.0,57,73.70877192982455,82.6,3.3508771929824563,19.0,동,78.1,3.0,72.39999999999998,15.0,55.17999999999998
110665,한양수자인에듀파크,안양시 만안구,,박달동,37.403229,126.904075,1.0,69.8,69.8,1.0,1.0,0.0,9.0,69.76666666666667,76.6,2.2222222222222223,7.0,24,75.26666666666667,84.4,9.416666666666666,56.0,동,69.8,1.0,39.19999999999999,5.0,28.93999999999999
9629,금강수목원,구로구,,궁동,37.488297,126.832348,,,,,,,14.0,69.58571428571429,77.0,2.357142857142857,7.0,14,69.58571428571429,77.0,2.357142857142857,7.0,시구,69.58571428571429,2.357142857142857,38.34285714285716,11.785714285714285,30.37571428571429
110632,위례역푸르지오,송파구,,장지동,37.466667,127.141528,1.0,70.4,70.4,4.0,4.0,0.0,29.0,74.12068965517241,83.5,5.241379310344827,17.0,29,74.12068965517241,83.5,5.241379310344827,17.0,동,70.4,4.0,41.60000000000002,20.0,35.12000000000002
143058,e편한세상고천파크루체,군포시,,당정동,37.347747,126.967922,1.0,69.8,69.8,3.0,3.0,0.0,12.0,73.81666666666666,80.5,5.0,17.0,12,73.81666666666666,80.5,5.0,17.0,동,69.8,3.0,39.19999999999999,15.0,31.93999999999999
3615,진달래효성,부천시 원미구,,상동,37.5086,126.757483,3.0,75.23333333333333,76.5,11.0,3.6666666666666665,0.0,15.0,72.18,79.9,2.8666666666666667,13.0,33,71.78787878787878,79.9,2.6666666666666665,13.0,동,75.23333333333333,3.6666666666666665,60.93333333333334,18.33333333333333,48.153333333333336
155,삼천리,구로구,,개봉동,37.492676,126.839573,2.0,69.2,69.5,3.0,1.5,0.0,14.0,69.58571428571429,77.0,2.357142857142857,7.0,14,69.58571428571429,77.0,2.357142857142857,7.0,동,69.2,1.5,36.80000000000001,7.5,28.010000000000005
1156,아남,강동구,,고덕동,37.557962,127.146791,2.0,73.95,74.7,27.0,13.5,0.5,19.0,72.88333333333334,83.6,5.526315789473684,20.0,19,72.88333333333334,83.6,5.526315789473684,20.0,동,73.95,13.5,55.80000000000002,67.5,59.31000000000001
2572,주공2단지,군포시,,당동,37.343615,126.941379,3.0,74.60000000000001,78.4,7.0,2.333333333333333,0.0,12.0,73.81666666666666,80.5,5.0,17.0,12,73.81666666666666,80.5,5.0,17.0,동,74.60000000000001,2.333333333333333,58.40000000000003,11.666666666666666,44.38000000000002
1436,중흥마을주공,부천시 오정구,,내동,37.506725,126.771211,1.0,60.6,60.6,0.0,0.0,0.0,6.0,69.51666666666667,74.8,1.1666666666666667,4.0,33,71.78787878787878,79.9,2.6666666666666665,13.0,동,60.6,0.0,2.4000000000000057,0.0,1.680000000000004
10422,도담마을우미이노스빌,성남시 분당구,,구미동,37.326134,127.119495,,,,,,,26.0,78.1576923076923,84.2,8.76,28.0,46,75.76739130434783,84.2,5.555555555555555,28.0,시구,78.1576923076923,8.76,72.6307692307692,43.8,63.98153846153844
14763,미영,수원시 권선구,,곡반정동,37.247991,127.014214,1.0,78.1,78.1,3.0,3.0,0.0,14.0,71.78571428571429,78.6,1.7142857142857142,4.0,57,73.70877192982455,82.6,3.3508771929824563,19.0,동,78.1,3.0,72.39999999999998,15.0,55.17999999999998
26700,대원칸타빌2단지,안양시 동안구,,평촌동,37.376352,126.970105,,,,,,,15.0,78.56666666666666,84.4,13.733333333333333,56.0,24,75.26666666666667,84.4,9.416666666666666,56.0,시구,78.56666666666666,13.733333333333333,74.26666666666665,68.66666666666667,72.58666666666664
2018,정우,안양시 만안구,,안양동,37.39819,126.91233,,,,,,,9.0,69.76666666666667,76.6,2.2222222222222223,7.0,24,75.26666666666667,84.4,9.416666666666666,56.0,시구,69.76666666666667,2.2222222222222223,39.06666666666666,11.111111111111112,30.68
25968,마곡수명산파크3단지,강서구,,공항동,37.552717,126.824677,2.0,68.5,69.4,4.0,2.0,0.0,22.0,72.8,77.9,3.409090909090909,11.0,22,72.8,77.9,3.409090909090909,11.0,동,68.5,2.0,34.0,10.0,26.8
12089,용호마을e-편한세상,군포시,,당동,37.343737,126.936856,3.0,74.60000000000001,78.4,7.0,2.333333333333333,0.0,12.0,73.81666666666666,80.5,5.0,17.0,12,73.81666666666666,80.5,5.0,17.0,동,74.60000000000001,2.333333333333333,58.40000000000003,11.666666666666666,44.38000000000002
3612,라일락신성미소지움,부천시 오정구,,삼정동,37.511319,126.752993,,,,,,,6.0,69.51666666666667,74.8,1.1666666666666667,4.0,33,71.78787878787878,79.9,2.6666666666666665,13.0,시구,69.51666666666667,1.1666666666666667,38.06666666666666,5.833333333333333,28.39666666666666
1413,꿈동아,부천시 오정구,,여월동,37.50022,126.77984,2.0,73.5,74.8,5.0,2.5,0.0,6.0,69.51666666666667,74.8,1.1666666666666667,4.0,33,71.78787878787878,79.9,2.6666666666666665,13.0,동,73.5,2.5,54.0,12.5,41.55
10850,도담마을한양수자인,성남시 분당구,,구미동,37.32507,127.11883,,,,,,,26.0,78.1576923076923,84.2,8.76,28.0,46,75.76739130434783,84.2,5.555555555555555,28.0,시구,78.1576923076923,8.76,72.6307692307692,43.8,63.98153846153844
1845,동신1차,수원시 장안구,,송죽동,37.302982,126.994682,1.0,70.4,70.4,0.0,0.0,0.0,13.0,73.18461538461538,78.5,2.3846153846153846,9.0,57,73.70877192982455,82.6,3.3508771929824563,19.0,동,70.4,0.0,41.60000000000002,0.0,29.12000000000001
8080,초원마을성원상떼빌,용인시 기흥구,,마북동,37.289649,127.123112,1.0,76.6,76.6,7.0,7.0,0.0,18.0,75.97222222222223,81.8,5.722222222222222,17.0,50,74.958,81.8,6.041666666666667,18.0,동,76.6,7.0,66.39999999999998,35.0,56.97999999999998
8604,용화마을태영데시앙1,용인시 기흥구,,마북동,37.294142,127.114173,1.0,76.6,76.6,7.0,7.0,0.0,18.0,75.97222222222223,81.8,5.722222222222222,17.0,50,74.958,81.8,6.041666666666667,18.0,동,76.6,7.0,66.39999999999998,35.0,56.97999999999998
2630,설악주공8단지,군포시,,금정동,37.358028,126.92,2.0,70.44999999999999,74.8,3.0,1.5,0.0,12.0,73.81666666666666,80.5,5.0,17.0,12,73.81666666666666,80.5,5.0,17.0,동,70.44999999999999,1.5,41.79999999999996,7.5,31.50999999999997
117077,한강메트로자이2단지,김포시,,감정동,37.634924,126.698884,1.0,74.5,74.5,0.0,0.0,0.0,24.0,75.575,83.5,4.791666666666667,19.0,24,75.575,83.5,4.791666666666667,19.0,동,74.5,0.0,57.99999999999999,0.0,40.6
137068,용인고림양우내안애더센트럴,용인시 처인구,,고림동,37.243119,127.215289,2.0,75.4,79.2,1.0,1.0,0.0,16.0,71.63125,80.1,0.7857142857142857,3.0,50,74.958,81.8,6.041666666666667,18.0,동,75.4,1.0,61.60000000000002,5.0,44.62000000000001
22142,덕유주공3단지,부천시 오정구,,내동,37.50952,126.76873,1.0,60.6,60.6,0.0,0.0,0.0,6.0,69.51666666666667,74.8,1.1666666666666667,4.0,33,71.78787878787878,79.9,2.6666666666666665,13.0,동,60.6,0.0,2.4000000000000057,0.0,1.680000000000004
9101,매탄레이크파크,수원시 영통구,,매탄동,37.266436,127.056219,5.0,73.58,79.5,17.0,3.4,0.0,21.0,76.75238095238095,82.6,5.571428571428571,19.0,57,73.70877192982455,82.6,3.3508771929824563,19.0,동,73.58,3.4,54.31999999999999,17.0,43.124
1785,삼성2차,수원시 영통구,,매탄동,37.269434,127.043464,5.0,73.58,79.5,17.0,3.4,0.0,21.0,76.75238095238095,82.6,5.571428571428571,19.0,57,73.70877192982455,82.6,3.3508771929824563,19.0,동,73.58,3.4,54.31999999999999,17.0,43.124
1848,벽산,수원시 장안구,,송죽동,37.297791,127.021426,1.0,70.4,70.4,0.0,0.0,0.0,13.0,73.18461538461538,78.5,2.3846153846153846,9.0,57,73.70877192982455,82.6,3.3508771929824563,19.0,동,70.4,0.0,41.60000000000002,0.0,29.12000000000001
4003,화서역파크뷰,수원시 장안구,,송죽동,37.29218,126.99051,1.0,70.4,70.4,0.0,0.0,0.0,13.0,73.18461538461538,78.5,2.3846153846153846,9.0,57,73.70877192982455,82.6,3.3508771929824563,19.0,동,70.4,0.0,41.60000000000002,0.0,29.12000000000001
115114,의왕역푸르지오라포레,수원시 장안구,,이목동,37.318969,126.963709,1.0,74.2,74.2,5.0,5.0,0.0,13.0,73.18461538461538,78.5,2.3846153846153846,9.0,57,73.70877192982455,82.6,3.3508771929824563,19.0,동,74.2,5.0,56.8,25.0,47.26
25297,강남마을6단지자연앤,용인시 기흥구,,구갈동,37.269389,127.131161,1.0,75.9,75.9,1.0,1.0,0.0,18.0,75.97222222222223,81.8,5.722222222222222,17.0,50,74.958,81.8,6.041666666666667,18.0,동,75.9,1.0,63.60000000000002,5.0,46.02000000000001
17124,현대(982),금천구,,시흥동,37.439677,126.901888,1.0,72.5,72.5,2.0,2.0,1.0,9.0,67.45555555555556,76.6,1.0,4.0,9,67.45555555555556,76.6,1.0,4.0,동,72.5,2.0,50.0,10.0,38.0
12913,율전이안,수원시 권선구,,입북동,37.296766,126.96659,,,,,,,14.0,71.78571428571429,78.6,1.7142857142857142,4.0,57,73.70877192982455,82.6,3.3508771929824563,19.0,시구,71.78571428571429,1.7142857142857142,47.14285714285717,8.571428571428571,35.571428571428584
17267,동신2차,수원시 장안구,,송죽동,37.300924,126.993153,1.0,70.4,70.4,0.0,0.0,0.0,13.0,73.18461538461538,78.5,2.3846153846153846,9.0,57,73.70877192982455,82.6,3.3508771929824563,19.0,동,70.4,0.0,41.60000000000002,0.0,29.12000000000001
26123,마곡수명산파크4단지,강서구,,공항동,37.551103,126.823661,2.0,68.5,69.4,4.0,2.0,0.0,22.0,72.8,77.9,3.409090909090909,11.0,22,72.8,77.9,3.409090909090909,11.0,동,68.5,2.0,34.0,10.0,26.8
1394,반달극동,부천시 소사구,,송내동,37.490594,126.750364,1.0,75.0,75.0,4.0,4.0,0.0,7.0,70.14285714285714,78.9,2.2857142857142856,5.0,33,71.78787878787878,79.9,2.6666666666666665,13.0,동,75.0,4.0,60.0,20.0,48.0
8807,시흥은행푸르지오,시흥시,,계수동,37.440598,126.795662,1.0,72.1,72.1,1.0,1.0,0.0,26.0,73.34230769230768,82.4,1.1153846153846154,4.0,26,73.34230769230768,82.4,1.1153846153846154,4.0,동,72.1,1.0,48.39999999999998,5.0,35.37999999999998
2622,신환,군포시,,금정동,37.361695,126.940933,2.0,70.44999999999999,74.8,3.0,1.5,0.0,12.0,73.81666666666666,80.5,5.0,17.0,12,73.81666666666666,80.5,5.0,17.0,동,70.44999999999999,1.5,41.79999999999996,7.5,31.50999999999997
8333,무지개마을대림,군포시,,당동,37.349512,126.939761,3.0,74.60000000000001,78.4,7.0,2.333333333333333,0.0,12.0,73.81666666666666,80.5,5.0,17.0,12,73.81666666666666,80.5,5.0,17.0,동,74.60000000000001,2.333333333333333,58.40000000000003,11.666666666666666,44.38000000000002
13824,은하마을주공2단지,부천시 오정구,,내동,37.507591,126.764365,1.0,60.6,60.6,0.0,0.0,0.0,6.0,69.51666666666667,74.8,1.1666666666666667,4.0,33,71.78787878787878,79.9,2.6666666666666665,13.0,동,60.6,0.0,2.4000000000000057,0.0,1.680000000000004
1794,한국2차,수원시 영통구,,매탄동,37.267417,127.051494,5.0,73.58,79.5,17.0,3.4,0.0,21.0,76.75238095238095,82.6,5.571428571428571,19.0,57,73.70877192982455,82.6,3.3508771929824563,19.0,동,73.58,3.4,54.31999999999999,17.0,43.124
101509,수원장안힐스테이트,수원시 장안구,,율전동,37.312536,126.98439,1.0,71.3,71.3,0.0,0.0,0.0,13.0,73.18461538461538,78.5,2.3846153846153846,9.0,57,73.70877192982455,82.6,3.3508771929824563,19.0,동,71.3,0.0,45.19999999999999,0.0,31.63999999999999
103333,시흥신천삼환나우빌,시흥시,,계수동,37.436937,126.791857,1.0,72.1,72.1,1.0,1.0,0.0,26.0,73.34230769230768,82.4,1.1153846153846154,4.0,26,73.34230769230768,82.4,1.1153846153846154,4.0,동,72.1,1.0,48.39999999999998,5.0,35.37999999999998
25298,강남마을4단지자연앤,용인시 기흥구,,구갈동,37.270746,127.131889,1.0,75.9,75.9,1.0,1.0,0.0,18.0,75.97222222222223,81.8,5.722222222222222,17.0,50,74.958,81.8,6.041666666666667,18.0,동,75.9,1.0,63.60000000000002,5.0,46.02000000000001
8796,강변해태,하남시,,미사동,37.577791,127.220573,,,,,,,13.0,79.63846153846154,84.3,3.230769230769231,12.0,13,79.63846153846154,84.3,3.230769230769231,12.0,시구,79.63846153846154,3.230769230769231,78.55384615384617,16.153846153846153,59.83384615384616
1068,고척대우,양천구,,신정동,37.502964,126.856017,,,,,,,18.0,71.30000000000001,80.9,9.22222222222222,29.0,18,71.30000000000001,80.9,9.22222222222222,29.0,시구,71.30000000000001,9.22222222222222,45.200000000000045,46.1111111111111,45.47333333333336
1292,프라자,강동구,,길동,37.535591,127.148234,,,,,,,19.0,72.88333333333334,83.6,5.526315789473684,20.0,19,72.88333333333334,83.6,5.526315789473684,20.0,시구,72.88333333333334,5.526315789473684,51.53333333333337,27.631578947368418,44.36280701754388
26541,석수코오롱하늘채,광명시,,일직동,37.408798,126.898013,,,,,,,12.0,72.71666666666667,78.4,4.333333333333333,11.0,12,72.71666666666667,78.4,4.333333333333333,11.0,시구,72.71666666666667,4.333333333333333,50.866666666666674,21.666666666666664,42.10666666666667
1421,미리내롯데,부천시 원미구,,상동,37.498456,126.774016,3.0,75.23333333333333,76.5,11.0,3.6666666666666665,0.0,15.0,72.18,79.9,2.8666666666666667,13.0,33,71.78787878787878,79.9,2.6666666666666665,13.0,동,75.23333333333333,3.6666666666666665,60.93333333333334,18.33333333333333,48.153333333333336
3625,권선3주공1단지,수원시 권선구,,곡반정동,37.248584,127.033707,1.0,78.1,78.1,3.0,3.0,0.0,14.0,71.78571428571429,78.6,1.7142857142857142,4.0,57,73.70877192982455,82.6,3.3508771929824563,19.0,동,78.1,3.0,72.39999999999998,15.0,55.17999999999998
101132,수원아이파크시티3단지,수원시 권선구,,곡반정동,37.242663,127.025825,1.0,78.1,78.1,3.0,3.0,0.0,14.0,71.78571428571429,78.6,1.7142857142857142,4.0,57,73.70877192982455,82.6,3.3508771929824563,19.0,동,78.1,3.0,72.39999999999998,15.0,55.17999999999998
112013,안산파크푸르지오,안산시 단원구,,고잔동,37.319475,126.847379,1.0,68.3,68.3,1.0,1.0,0.0,15.0,68.95333333333333,76.0,0.5333333333333333,2.0,30,69.15666666666667,76.0,0.4666666666666667,2.0,동,68.3,1.0,33.19999999999999,5.0,24.73999999999999
1444,샘마을임광,안양시 동안구,,평촌동,37.379642,126.96717,,,,,,,15.0,78.56666666666666,84.4,13.733333333333333,56.0,24,75.26666666666667,84.4,9.416666666666666,56.0,시구,78.56666666666666,13.733333333333333,74.26666666666665,68.66666666666667,72.58666666666664
114092,미사힐즈파크푸르지오2단지,하남시,,덕풍동,37.543713,127.194991,1.0,69.8,69.8,0.0,0.0,0.0,13.0,79.63846153846154,84.3,3.230769230769231,12.0,13,79.63846153846154,84.3,3.230769230769231,12.0,동,69.8,0.0,39.19999999999999,0.0,27.43999999999999
110790,옥길센트리뷰,광명시,,옥길동,37.464157,126.818593,,,,,,,12.0,72.71666666666667,78.4,4.333333333333333,11.0,12,72.71666666666667,78.4,4.333333333333333,11.0,시구,72.71666666666667,4.333333333333333,50.866666666666674,21.666666666666664,42.10666666666667
109526,한강신도시푸르지오3차,김포시,,구래동,37.641306,126.622864,1.0,79.1,79.1,4.0,4.0,0.0,24.0,75.575,83.5,4.791666666666667,19.0,24,75.575,83.5,4.791666666666667,19.0,동,79.1,4.0,76.39999999999998,20.0,59.47999999999998
1830,현대,수원시 권선구,,입북동,37.30246,126.97903,,,,,,,14.0,71.78571428571429,78.6,1.7142857142857142,4.0,57,73.70877192982455,82.6,3.3508771929824563,19.0,시구,71.78571428571429,1.7142857142857142,47.14285714285717,8.571428571428571,35.571428571428584
115381,시흥은계우미린레이크,시흥시,,계수동,37.44797,126.801975,1.0,72.1,72.1,1.0,1.0,0.0,26.0,73.34230769230768,82.4,1.1153846153846154,4.0,26,73.34230769230768,82.4,1.1153846153846154,4.0,동,72.1,1.0,48.39999999999998,5.0,35.37999999999998
112380,고잔롯데캐슬골드파크,안산시 단원구,,고잔동,37.322225,126.827632,1.0,68.3,68.3,1.0,1.0,0.0,15.0,68.95333333333333,76.0,0.5333333333333333,2.0,30,69.15666666666667,76.0,0.4666666666666667,2.0,동,68.3,1.0,33.19999999999999,5.0,24.73999999999999
107924,위례더힐55,송파구,,장지동,37.46972,127.1542,1.0,70.4,70.4,4.0,4.0,0.0,29.0,74.12068965517241,83.5,5.241379310344827,17.0,29,74.12068965517241,83.5,5.241379310344827,17.0,동,70.4,4.0,41.60000000000002,20.0,35.12000000000002
111766,김포사우아이파크,김포시,,북변동,37.62169,126.726446,1.0,79.0,79.0,14.0,14.0,0.0,24.0,75.575,83.5,4.791666666666667,19.0,24,75.575,83.5,4.791666666666667,19.0,동,79.0,14.0,76.0,70.0,74.19999999999999
2494,선경3차,수원시 영통구,,매탄동,37.2754,127.035788,5.0,73.58,79.5,17.0,3.4,0.0,21.0,76.75238095238095,82.6,5.571428571428571,19.0,57,73.70877192982455,82.6,3.3508771929824563,19.0,동,73.58,3.4,54.31999999999999,17.0,43.124
7967,화서역현대벽산,수원시 장안구,,송죽동,37.293467,126.996782,1.0,70.4,70.4,0.0,0.0,0.0,13.0,73.18461538461538,78.5,2.3846153846153846,9.0,57,73.70877192982455,82.6,3.3508771929824563,19.0,동,70.4,0.0,41.60000000000002,0.0,29.12000000000001
174587,네이처포레,시흥시,,계수동,37.438795,126.806514,1.0,72.1,72.1,1.0,1.0,0.0,26.0,73.34230769230768,82.4,1.1153846153846154,4.0,26,73.34230769230768,82.4,1.1153846153846154,4.0,동,72.1,1.0,48.39999999999998,5.0,35.37999999999998
119589,시흥시청역동원로얄듀크,시흥시,,광석동,37.376711,126.810355,,,,,,,26.0,73.34230769230768,82.4,1.1153846153846154,4.0,26,73.34230769230768,82.4,1.1153846153846154,4.0,시구,73.34230769230768,1.1153846153846154,53.36923076923073,5.5769230769230775,39.03153846153843
101284,한신휴플러스타운3차,안양시 만안구,,박달동,37.404803,126.90643,1.0,69.8,69.8,1.0,1.0,0.0,9.0,69.76666666666667,76.6,2.2222222222222223,7.0,24,75.26666666666667,84.4,9.416666666666666,56.0,동,69.8,1.0,39.19999999999999,5.0,28.93999999999999
184257,동백호수공원두산위브더제니스,용인시 기흥구,,동백동,37.278679,127.150392,2.0,76.35,77.0,15.0,7.5,0.0,18.0,75.97222222222223,81.8,5.722222222222222,17.0,50,74.958,81.8,6.041666666666667,18.0,동,76.35,7.5,65.39999999999998,37.5,57.02999999999998
22,장미(도시개발1단지),강서구,,개화동,37.57455,126.817519,,,,,,,22.0,72.8,77.9,3.409090909090909,11.0,22,72.8,77.9,3.409090909090909,11.0,시구,72.8,3.409090909090909,51.19999999999999,17.045454545454547,40.95363636363636
3359,벽산5단지,금천구,,시흥동,37.448874,126.919204,1.0,72.5,72.5,2.0,2.0,1.0,9.0,67.45555555555556,76.6,1.0,4.0,9,67.45555555555556,76.6,1.0,4.0,동,72.5,2.0,50.0,10.0,38.0
113236,신안인스빌,강동구,,강일동,37.556613,127.195816,3.0,70.3,73.7,10.0,3.333333333333333,0.0,19.0,72.88333333333334,83.6,5.526315789473684,20.0,19,72.88333333333334,83.6,5.526315789473684,20.0,동,70.3,3.333333333333333,41.19999999999999,16.666666666666664,33.83999999999999
1664,동아,군포시,,당동,37.349719,126.94679,3.0,74.60000000000001,78.4,7.0,2.333333333333333,0.0,12.0,73.81666666666666,80.5,5.0,17.0,12,73.81666666666666,80.5,5.0,17.0,동,74.60000000000001,2.333333333333333,58.40000000000003,11.666666666666666,44.38000000000002
22144,덕유주공2단지,부천시 오정구,,내동,37.508519,126.766014,1.0,60.6,60.6,0.0,0.0,0.0,6.0,69.51666666666667,74.8,1.1666666666666667,4.0,33,71.78787878787878,79.9,2.6666666666666665,13.0,동,60.6,0.0,2.4000000000000057,0.0,1.680000000000004
1415,꿈건영서안,부천시 오정구,,여월동,37.498983,126.780555,2.0,73.5,74.8,5.0,2.5,0.0,6.0,69.51666666666667,74.8,1.1666666666666667,4.0,33,71.78787878787878,79.9,2.6666666666666665,13.0,동,73.5,2.5,54.0,12.5,41.55
3664,안산고잔푸르지오3차,안산시 단원구,,고잔동,37.313776,126.835391,1.0,68.3,68.3,1.0,1.0,0.0,15.0,68.95333333333333,76.0,0.5333333333333333,2.0,30,69.15666666666667,76.0,0.4666666666666667,2.0,동,68.3,1.0,33.19999999999999,5.0,24.73999999999999
1635,주공8단지,금천구,,독산동,37.457748,126.882273,3.0,67.56666666666666,76.6,6.0,2.0,0.0,9.0,67.45555555555556,76.6,1.0,4.0,9,67.45555555555556,76.6,1.0,4.0,동,67.56666666666666,2.0,30.26666666666665,10.0,24.186666666666653
107694,옥길브리즈힐,광명시,,옥길동,37.463044,126.820739,,,,,,,12.0,72.71666666666667,78.4,4.333333333333333,11.0,12,72.71666666666667,78.4,4.333333333333333,11.0,시구,72.71666666666667,4.333333333333333,50.866666666666674,21.666666666666664,42.10666666666667
1435,중흥신동아영남,부천시 원미구,,도당동,37.5055,126.77079,,,,,,,15.0,72.18,79.9,2.8666666666666667,13.0,33,71.78787878787878,79.9,2.6666666666666665,13.0,시구,72.18,2.8666666666666667,48.72000000000003,14.333333333333334,38.40400000000001
110169,오목천역서희스타힐스,수원시 권선구,,고색동,37.248176,126.962795,,,,,,,14.0,71.78571428571429,78.6,1.7142857142857142,4.0,57,73.70877192982455,82.6,3.3508771929824563,19.0,시구,71.78571428571429,1.7142857142857142,47.14285714285717,8.571428571428571,35.571428571428584
10732,벽산블루밍,수원시 권선구,,입북동,37.304423,126.966372,,,,,,,14.0,71.78571428571429,78.6,1.7142857142857142,4.0,57,73.70877192982455,82.6,3.3508771929824563,19.0,시구,71.78571428571429,1.7142857142857142,47.14285714285717,8.571428571428571,35.571428571428584
2491,풍림,수원시 영통구,,이의동,37.287686,127.031989,2.0,80.1,81.3,21.0,10.5,0.0,21.0,76.75238095238095,82.6,5.571428571428571,19.0,57,73.70877192982455,82.6,3.3508771929824563,19.0,동,80.1,10.5,80.39999999999998,52.5,72.02999999999997
3947,벽산,하남시,,미사동,37.580534,127.217102,,,,,,,13.0,79.63846153846154,84.3,3.230769230769231,12.0,13,79.63846153846154,84.3,3.230769230769231,12.0,시구,79.63846153846154,3.230769230769231,78.55384615384617,16.153846153846153,59.83384615384616
100344,관악산휴먼시아1단지,금천구,,시흥동,37.461931,126.921243,1.0,72.5,72.5,2.0,2.0,1.0,9.0,67.45555555555556,76.6,1.0,4.0,9,67.45555555555556,76.6,1.0,4.0,동,72.5,2.0,50.0,10.0,38.0
100232,광명역세권루미엘,광명시,,소하동,37.432735,126.88225,1.0,74.9,74.9,8.0,8.0,0.0,12.0,72.71666666666667,78.4,4.333333333333333,11.0,12,72.71666666666667,78.4,4.333333333333333,11.0,동,74.9,8.0,59.60000000000002,40.0,53.72000000000001
7963,한양수리,군포시,,산본동,37.35695,126.918333,4.0,77.125,80.5,42.0,10.5,0.0,12.0,73.81666666666666,80.5,5.0,17.0,12,73.81666666666666,80.5,5.0,17.0,동,77.125,10.5,68.5,52.5,63.7
119894,의왕푸르지오포레움(2블럭),수원시 장안구,,이목동,37.319363,126.959682,1.0,74.2,74.2,5.0,5.0,0.0,13.0,73.18461538461538,78.5,2.3846153846153846,9.0,57,73.70877192982455,82.6,3.3508771929824563,19.0,동,74.2,5.0,56.8,25.0,47.26
101395,신동백롯데캐슬에코2단지,용인시 기흥구,,동백동,37.282449,127.147757,2.0,76.35,77.0,15.0,7.5,0.0,18.0,75.97222222222223,81.8,5.722222222222222,17.0,50,74.958,81.8,6.041666666666667,18.0,동,76.35,7.5,65.39999999999998,37.5,57.02999999999998
1718,일두맨션,구로구,,궁동,37.486203,126.809404,,,,,,,14.0,69.58571428571429,77.0,2.357142857142857,7.0,14,69.58571428571429,77.0,2.357142857142857,7.0,시구,69.58571428571429,2.357142857142857,38.34285714285716,11.785714285714285,30.37571428571429
9449,임광관악파크,금천구,,독산동,37.469816,126.919309,3.0,67.56666666666666,76.6,6.0,2.0,0.0,9.0,67.45555555555556,76.6,1.0,4.0,9,67.45555555555556,76.6,1.0,4.0,동,67.56666666666666,2.0,30.26666666666665,10.0,24.186666666666653
137330,반정아이파크캐슬4단지,수원시 권선구,,곡반정동,37.237606,127.04105,1.0,78.1,78.1,3.0,3.0,0.0,14.0,71.78571428571429,78.6,1.7142857142857142,4.0,57,73.70877192982455,82.6,3.3508771929824563,19.0,동,78.1,3.0,72.39999999999998,15.0,55.17999999999998
133673,영통아이파크캐슬3단지,수원시 권선구,,곡반정동,37.240133,127.041672,1.0,78.1,78.1,3.0,3.0,0.0,14.0,71.78571428571429,78.6,1.7142857142857142,4.0,57,73.70877192982455,82.6,3.3508771929824563,19.0,동,78.1,3.0,72.39999999999998,15.0,55.17999999999998
136422,영통롯데캐슬엘클래스2단지,수원시 권선구,,곡반정동,37.240487,127.038991,1.0,78.1,78.1,3.0,3.0,0.0,14.0,71.78571428571429,78.6,1.7142857142857142,4.0,57,73.70877192982455,82.6,3.3508771929824563,19.0,동,78.1,3.0,72.39999999999998,15.0,55.17999999999998
1816,선경,수원시 영통구,,매탄동,37.277416,127.039969,5.0,73.58,79.5,17.0,3.4,0.0,21.0,76.75238095238095,82.6,5.571428571428571,19.0,57,73.70877192982455,82.6,3.3508771929824563,19.0,동,73.58,3.4,54.31999999999999,17.0,43.124
110227,우미린센트럴파크,용인시 처인구,,김량장동,37.234232,127.185849,2.0,74.5,80.1,3.0,1.5,0.0,16.0,71.63125,80.1,0.7857142857142857,3.0,50,74.958,81.8,6.041666666666667,18.0,동,74.5,1.5,57.99999999999999,7.5,42.85
118,서울가든,양천구,,신정동,37.50274,126.860827,,,,,,,18.0,71.30000000000001,80.9,9.22222222222222,29.0,18,71.30000000000001,80.9,9.22222222222222,29.0,시구,71.30000000000001,9.22222222222222,45.200000000000045,46.1111111111111,45.47333333333336
102853,천왕이펜하우스5단지,구로구,,개봉동,37.48044,126.841863,2.0,69.2,69.5,3.0,1.5,0.0,14.0,69.58571428571429,77.0,2.357142857142857,7.0,14,69.58571428571429,77.0,2.357142857142857,7.0,동,69.2,1.5,36.80000000000001,7.5,28.010000000000005
8400,영통풍림아이원3차,수원시 영통구,,망포동,37.2447,127.06671,1.0,75.6,75.6,4.0,4.0,0.0,21.0,76.75238095238095,82.6,5.571428571428571,19.0,57,73.70877192982455,82.6,3.3508771929824563,19.0,동,75.6,4.0,62.39999999999998,20.0,49.67999999999998
130787,LH트리플센텀,시흥시,,광석동,37.380946,126.797502,,,,,,,26.0,73.34230769230768,82.4,1.1153846153846154,4.0,26,73.34230769230768,82.4,1.1153846153846154,4.0,시구,73.34230769230768,1.1153846153846154,53.36923076923073,5.5769230769230775,39.03153846153843
103433,세마역트루엘더퍼스트,오산시,,금암동,37.185688,127.040297,1.0,73.0,73.0,0.0,0.0,0.0,10.0,74.49,79.0,0.8888888888888888,4.0,10,74.49,79.0,0.8888888888888888,4.0,동,73.0,0.0,52.0,0.0,36.4
119713,미사힐즈파크푸르지오,하남시,,덕풍동,37.543754,127.193015,1.0,69.8,69.8,0.0,0.0,0.0,13.0,79.63846153846154,84.3,3.230769230769231,12.0,13,79.63846153846154,84.3,3.230769230769231,12.0,동,69.8,0.0,39.19999999999999,0.0,27.43999999999999
103269,천왕이펜하우스4단지,구로구,,개봉동,37.480188,126.838734,2.0,69.2,69.5,3.0,1.5,0.0,14.0,69.58571428571429,77.0,2.357142857142857,7.0,14,69.58571428571429,77.0,2.357142857142857,7.0,동,69.2,1.5,36.80000000000001,7.5,28.010000000000005
2897,신안모란,군포시,,금정동,37.370095,126.931139,2.0,70.44999999999999,74.8,3.0,1.5,0.0,12.0,73.81666666666666,80.5,5.0,17.0,12,73.81666666666666,80.5,5.0,17.0,동,70.44999999999999,1.5,41.79999999999996,7.5,31.50999999999997
7978,꽃뫼버들마을LG,수원시 권선구,,구운동,37.288065,126.980445,1.0,65.9,65.9,0.0,0.0,0.0,14.0,71.78571428571429,78.6,1.7142857142857142,4.0,57,73.70877192982455,82.6,3.3508771929824563,19.0,동,65.9,0.0,23.600000000000023,0.0,16.520000000000014
1837,백설마을5단지삼환나우빌,수원시 장안구,,송죽동,37.294184,126.988979,1.0,70.4,70.4,0.0,0.0,0.0,13.0,73.18461538461538,78.5,2.3846153846153846,9.0,57,73.70877192982455,82.6,3.3508771929824563,19.0,동,70.4,0.0,41.60000000000002,0.0,29.12000000000001
3647,비단마을신명,수원시 장안구,,율전동,37.302432,126.981932,1.0,71.3,71.3,0.0,0.0,0.0,13.0,73.18461538461538,78.5,2.3846153846153846,9.0,57,73.70877192982455,82.6,3.3508771929824563,19.0,동,71.3,0.0,45.19999999999999,0.0,31.63999999999999
27319,휴먼시아,시흥시,,대야동,37.436365,126.790611,1.0,74.5,74.5,0.0,0.0,0.0,26.0,73.34230769230768,82.4,1.1153846153846154,4.0,26,73.34230769230768,82.4,1.1153846153846154,4.0,동,74.5,0.0,57.99999999999999,0.0,40.6
102635,동명벽산블루밍,안산시 단원구,,선부동,37.337962,126.811082,1.0,70.0,70.0,1.0,1.0,0.0,15.0,68.95333333333333,76.0,0.5333333333333333,2.0,30,69.15666666666667,76.0,0.4666666666666667,2.0,동,70.0,1.0,40.0,5.0,29.5
101488,교동마을구성자이3차,용인시 기흥구,,마북동,37.302259,127.118702,1.0,76.6,76.6,7.0,7.0,0.0,18.0,75.97222222222223,81.8,5.722222222222222,17.0,50,74.958,81.8,6.041666666666667,18.0,동,76.6,7.0,66.39999999999998,35.0,56.97999999999998
14041,동백역벽산블루밍,용인시 기흥구,,상하동,37.268254,127.154817,1.0,73.4,73.4,0.0,0.0,0.0,18.0,75.97222222222223,81.8,5.722222222222222,17.0,50,74.958,81.8,6.041666666666667,18.0,동,73.4,0.0,53.60000000000002,0.0,37.52000000000001
142757,힐스테이트용인고진역1단지,용인시 처인구,,고림동,37.246043,127.222689,2.0,75.4,79.2,1.0,1.0,0.0,16.0,71.63125,80.1,0.7857142857142857,3.0,50,74.958,81.8,6.041666666666667,18.0,동,75.4,1.0,61.60000000000002,5.0,44.62000000000001
10204,하남한솔솔파크,하남시,,덕풍동,37.5433,127.201401,1.0,69.8,69.8,0.0,0.0,0.0,13.0,79.63846153846154,84.3,3.230769230769231,12.0,13,79.63846153846154,84.3,3.230769230769231,12.0,동,69.8,0.0,39.19999999999999,0.0,27.43999999999999
169,벽산1단지,금천구,,시흥동,37.450628,126.91905,1.0,72.5,72.5,2.0,2.0,1.0,9.0,67.45555555555556,76.6,1.0,4.0,9,67.45555555555556,76.6,1.0,4.0,동,72.5,2.0,50.0,10.0,38.0
1701,풍림,부천시 소사구,,계수동,37.465886,126.801184,,,,,,,7.0,70.14285714285714,78.9,2.2857142857142856,5.0,33,71.78787878787878,79.9,2.6666666666666665,13.0,시구,70.14285714285714,2.2857142857142856,40.57142857142856,11.428571428571429,31.82857142857141
1754,벽산,수원시 권선구,,곡반정동,37.250569,127.032892,1.0,78.1,78.1,3.0,3.0,0.0,14.0,71.78571428571429,78.6,1.7142857142857142,4.0,57,73.70877192982455,82.6,3.3508771929824563,19.0,동,78.1,3.0,72.39999999999998,15.0,55.17999999999998
1824,삼성2단지,수원시 권선구,,입북동,37.294451,126.968719,,,,,,,14.0,71.78571428571429,78.6,1.7142857142857142,4.0,57,73.70877192982455,82.6,3.3508771929824563,19.0,시구,71.78571428571429,1.7142857142857142,47.14285714285717,8.571428571428571,35.571428571428584
8810,진주마을풍림아이원1차,시흥시,,월곶동,37.39089,126.73761,1.0,75.6,75.6,1.0,1.0,0.0,26.0,73.34230769230768,82.4,1.1153846153846154,4.0,26,73.34230769230768,82.4,1.1153846153846154,4.0,동,75.6,1.0,62.39999999999998,5.0,45.17999999999998
8081,현대,하남시,,미사동,37.580712,127.214077,,,,,,,13.0,79.63846153846154,84.3,3.230769230769231,12.0,13,79.63846153846154,84.3,3.230769230769231,12.0,시구,79.63846153846154,3.230769230769231,78.55384615384617,16.153846153846153,59.83384615384616
115601,다산신안인스빌퍼스트리버,하남시,,선동,37.595784,127.170196,2.0,83.94999999999999,84.3,8.0,4.0,0.0,13.0,79.63846153846154,84.3,3.230769230769231,12.0,13,79.63846153846154,84.3,3.230769230769231,12.0,동,83.94999999999999,4.0,95.79999999999995,20.0,73.05999999999996
3443,신트리3단지,양천구,,신정동,37.511963,126.853052,,,,,,,18.0,71.30000000000001,80.9,9.22222222222222,29.0,18,71.30000000000001,80.9,9.22222222222222,29.0,시구,71.30000000000001,9.22222222222222,45.200000000000045,46.1111111111111,45.47333333333336
19009,"부천동부센트레빌1,2단지",구로구,,온수동,37.488854,126.806897,,,,,,,14.0,69.58571428571429,77.0,2.357142857142857,7.0,14,69.58571428571429,77.0,2.357142857142857,7.0,시구,69.58571428571429,2.357142857142857,38.34285714285716,11.785714285714285,30.37571428571429
127082,일루미스테이트,구로구,,항동,37.46902,126.810087,1.0,72.2,72.2,2.0,2.0,0.0,14.0,69.58571428571429,77.0,2.357142857142857,7.0,14,69.58571428571429,77.0,2.357142857142857,7.0,동,72.2,2.0,48.80000000000001,10.0,37.16
122024,더샵포웰시티,송파구,,거여동,37.502515,127.165035,1.0,74.6,74.6,7.0,7.0,0.0,29.0,74.12068965517241,83.5,5.241379310344827,17.0,29,74.12068965517241,83.5,5.241379310344827,17.0,동,74.6,7.0,58.39999999999998,35.0,51.37999999999998
1420,미리내동성,부천시 원미구,,상동,37.499215,126.769932,3.0,75.23333333333333,76.5,11.0,3.6666666666666665,0.0,15.0,72.18,79.9,2.8666666666666667,13.0,33,71.78787878787878,79.9,2.6666666666666665,13.0,동,75.23333333333333,3.6666666666666665,60.93333333333334,18.33333333333333,48.153333333333336
3599,"라일락대우,유림",부천시 원미구,,상동,37.509027,126.750147,3.0,75.23333333333333,76.5,11.0,3.6666666666666665,0.0,15.0,72.18,79.9,2.8666666666666667,13.0,33,71.78787878787878,79.9,2.6666666666666665,13.0,동,75.23333333333333,3.6666666666666665,60.93333333333334,18.33333333333333,48.153333333333336
1766,"보성,유원",수원시 권선구,,곡반정동,37.249277,127.028051,1.0,78.1,78.1,3.0,3.0,0.0,14.0,71.78571428571429,78.6,1.7142857142857142,4.0,57,73.70877192982455,82.6,3.3508771929824563,19.0,동,78.1,3.0,72.39999999999998,15.0,55.17999999999998
11743,동남(197),수원시 영통구,,매탄동,37.270835,127.043998,5.0,73.58,79.5,17.0,3.4,0.0,21.0,76.75238095238095,82.6,5.571428571428571,19.0,57,73.70877192982455,82.6,3.3508771929824563,19.0,동,73.58,3.4,54.31999999999999,17.0,43.124
10757,화서역위너스파크,수원시 장안구,,율전동,37.292811,126.985366,1.0,71.3,71.3,0.0,0.0,0.0,13.0,73.18461538461538,78.5,2.3846153846153846,9.0,57,73.70877192982455,82.6,3.3508771929824563,19.0,동,71.3,0.0,45.19999999999999,0.0,31.63999999999999
100495,벽산베스트블루밍,양천구,,신정동,37.504706,126.859134,,,,,,,18.0,71.30000000000001,80.9,9.22222222222222,29.0,18,71.30000000000001,80.9,9.22222222222222,29.0,시구,71.30000000000001,9.22222222222222,45.200000000000045,46.1111111111111,45.47333333333336
3874,숲속대우,김포시,,고촌읍,37.605644,126.768215,3.0,78.63333333333333,81.1,11.0,3.6666666666666665,0.0,24.0,75.575,83.5,4.791666666666667,19.0,24,75.575,83.5,4.791666666666667,19.0,동,78.63333333333333,3.6666666666666665,74.5333333333333,18.33333333333333,57.67333333333331
18995,우림필유,수원시 권선구,,고색동,37.247561,126.978365,,,,,,,14.0,71.78571428571429,78.6,1.7142857142857142,4.0,57,73.70877192982455,82.6,3.3508771929824563,19.0,시구,71.78571428571429,1.7142857142857142,47.14285714285717,8.571428571428571,35.571428571428584
102501,수원장안STX-KAN1단지,수원시 장안구,,이목동,37.314431,126.982672,1.0,74.2,74.2,5.0,5.0,0.0,13.0,73.18461538461538,78.5,2.3846153846153846,9.0,57,73.70877192982455,82.6,3.3508771929824563,19.0,동,74.2,5.0,56.8,25.0,47.26
101351,한강신도시초당마을중흥S-클래스리버티,김포시,,장기동,37.638452,126.669512,2.0,74.25,75.1,17.0,8.5,0.0,24.0,75.575,83.5,4.791666666666667,19.0,24,75.575,83.5,4.791666666666667,19.0,동,74.25,8.5,56.99999999999999,42.5,52.64999999999999
101371,수원아이파크시티4단지,수원시 권선구,,곡반정동,37.241752,127.027956,1.0,78.1,78.1,3.0,3.0,0.0,14.0,71.78571428571429,78.6,1.7142857142857142,4.0,57,73.70877192982455,82.6,3.3508771929824563,19.0,동,78.1,3.0,72.39999999999998,15.0,55.17999999999998
131810,영통자이,수원시 영통구,,망포동,37.234385,127.054997,1.0,75.6,75.6,4.0,4.0,0.0,21.0,76.75238095238095,82.6,5.571428571428571,19.0,57,73.70877192982455,82.6,3.3508771929824563,19.0,동,75.6,4.0,62.39999999999998,20.0,49.67999999999998
7991,우성2차,시흥시,,계수동,37.447633,126.793696,1.0,72.1,72.1,1.0,1.0,0.0,26.0,73.34230769230768,82.4,1.1153846153846154,4.0,26,73.34230769230768,82.4,1.1153846153846154,4.0,동,72.1,1.0,48.39999999999998,5.0,35.37999999999998
122649,더샵오산센트럴,오산시,,궐동,37.167499,127.065812,,,,,,,10.0,74.49,79.0,0.8888888888888888,4.0,10,74.49,79.0,0.8888888888888888,4.0,시구,74.49,0.8888888888888888,57.95999999999998,4.444444444444444,41.90533333333332
142758,힐스테이트용인고진역2단지,용인시 처인구,,고림동,37.243653,127.223352,2.0,75.4,79.2,1.0,1.0,0.0,16.0,71.63125,80.1,0.7857142857142857,3.0,50,74.958,81.8,6.041666666666667,18.0,동,75.4,1.0,61.60000000000002,5.0,44.62000000000001
113508,용인명지대역동원로얄듀크,용인시 처인구,,김량장동,37.235828,127.18661,2.0,74.5,80.1,3.0,1.5,0.0,16.0,71.63125,80.1,0.7857142857142857,3.0,50,74.958,81.8,6.041666666666667,18.0,동,74.5,1.5,57.99999999999999,7.5,42.85
114290,역북신원아침도시,용인시 처인구,,김량장동,37.238876,127.19751,2.0,74.5,80.1,3.0,1.5,0.0,16.0,71.63125,80.1,0.7857142857142857,3.0,50,74.958,81.8,6.041666666666667,18.0,동,74.5,1.5,57.99999999999999,7.5,42.85
3444,신트리4단지,양천구,,신정동,37.511138,126.850655,,,,,,,18.0,71.30000000000001,80.9,9.22222222222222,29.0,18,71.30000000000001,80.9,9.22222222222222,29.0,시구,71.30000000000001,9.22222222222222,45.200000000000045,46.1111111111111,45.47333333333336
100253,광명역세권휴먼시아4단지,광명시,,소하동,37.431202,126.882058,1.0,74.9,74.9,8.0,8.0,0.0,12.0,72.71666666666667,78.4,4.333333333333333,11.0,12,72.71666666666667,78.4,4.333333333333333,11.0,동,74.9,8.0,59.60000000000002,40.0,53.72000000000001
105159,한강신도시롯데캐슬,김포시,,운양동,37.655693,126.678914,1.0,83.5,83.5,14.0,14.0,0.0,24.0,75.575,83.5,4.791666666666667,19.0,24,75.575,83.5,4.791666666666667,19.0,동,83.5,14.0,94.0,70.0,86.8
1425,보람마을아주,부천시 원미구,,상동,37.498824,126.758335,3.0,75.23333333333333,76.5,11.0,3.6666666666666665,0.0,15.0,72.18,79.9,2.8666666666666667,13.0,33,71.78787878787878,79.9,2.6666666666666665,13.0,동,75.23333333333333,3.6666666666666665,60.93333333333334,18.33333333333333,48.153333333333336
3631,LG동수원자이3단지,수원시 영통구,,망포동,37.23689,127.05624,1.0,75.6,75.6,4.0,4.0,0.0,21.0,76.75238095238095,82.6,5.571428571428571,19.0,57,73.70877192982455,82.6,3.3508771929824563,19.0,동,75.6,4.0,62.39999999999998,20.0,49.67999999999998
3629,망포마을현대아이파크2차,수원시 영통구,,망포동,37.240238,127.051215,1.0,75.6,75.6,4.0,4.0,0.0,21.0,76.75238095238095,82.6,5.571428571428571,19.0,57,73.70877192982455,82.6,3.3508771929824563,19.0,동,75.6,4.0,62.39999999999998,20.0,49.67999999999998
8920,원천1차삼성,수원시 영통구,,매탄동,37.264822,127.062835,5.0,73.58,79.5,17.0,3.4,0.0,21.0,76.75238095238095,82.6,5.571428571428571,19.0,57,73.70877192982455,82.6,3.3508771929824563,19.0,동,73.58,3.4,54.31999999999999,17.0,43.124
1786,매탄삼성3차,수원시 영통구,,매탄동,37.2662,127.050292,5.0,73.58,79.5,17.0,3.4,0.0,21.0,76.75238095238095,82.6,5.571428571428571,19.0,57,73.70877192982455,82.6,3.3508771929824563,19.0,동,73.58,3.4,54.31999999999999,17.0,43.124
113169,은계센트럴타운,시흥시,,계수동,37.440065,126.800869,1.0,72.1,72.1,1.0,1.0,0.0,26.0,73.34230769230768,82.4,1.1153846153846154,4.0,26,73.34230769230768,82.4,1.1153846153846154,4.0,동,72.1,1.0,48.39999999999998,5.0,35.37999999999998
11443,동백역월드메르디앙,용인시 기흥구,,상하동,37.264752,127.154067,1.0,73.4,73.4,0.0,0.0,0.0,18.0,75.97222222222223,81.8,5.722222222222222,17.0,50,74.958,81.8,6.041666666666667,18.0,동,73.4,0.0,53.60000000000002,0.0,37.52000000000001
102234,고덕리엔파크2단지,강동구,,강일동,37.55978,127.173109,3.0,70.3,73.7,10.0,3.333333333333333,0.0,19.0,72.88333333333334,83.6,5.526315789473684,20.0,19,72.88333333333334,83.6,5.526315789473684,20.0,동,70.3,3.333333333333333,41.19999999999999,16.666666666666664,33.83999999999999
2888,한양목련,군포시,,금정동,37.369552,126.928878,2.0,70.44999999999999,74.8,3.0,1.5,0.0,12.0,73.81666666666666,80.5,5.0,17.0,12,73.81666666666666,80.5,5.0,17.0,동,70.44999999999999,1.5,41.79999999999996,7.5,31.50999999999997
1665,두산,군포시,,당동,37.347998,126.945888,3.0,74.60000000000001,78.4,7.0,2.333333333333333,0.0,12.0,73.81666666666666,80.5,5.0,17.0,12,73.81666666666666,80.5,5.0,17.0,동,74.60000000000001,2.333333333333333,58.40000000000003,11.666666666666666,44.38000000000002
2648,두산,부천시 소사구,,심곡본동,37.495616,126.793954,,,,,,,7.0,70.14285714285714,78.9,2.2857142857142856,5.0,33,71.78787878787878,79.9,2.6666666666666665,13.0,시구,70.14285714285714,2.2857142857142856,40.57142857142856,11.428571428571429,31.82857142857141
24123,서수원자이,수원시 권선구,,당수동,37.296772,126.960025,,,,,,,14.0,71.78571428571429,78.6,1.7142857142857142,4.0,57,73.70877192982455,82.6,3.3508771929824563,19.0,시구,71.78571428571429,1.7142857142857142,47.14285714285717,8.571428571428571,35.571428571428584
1829,천천일성,수원시 장안구,,율전동,37.301176,126.979524,1.0,71.3,71.3,0.0,0.0,0.0,13.0,73.18461538461538,78.5,2.3846153846153846,9.0,57,73.70877192982455,82.6,3.3508771929824563,19.0,동,71.3,0.0,45.19999999999999,0.0,31.63999999999999
113203,오산대역세교자이,오산시,,궐동,37.174706,127.063095,,,,,,,10.0,74.49,79.0,0.8888888888888888,4.0,10,74.49,79.0,0.8888888888888888,4.0,시구,74.49,0.8888888888888888,57.95999999999998,4.444444444444444,41.90533333333332
19437,광명월드메르디앙,구로구,,천왕동,37.47683,126.84683,1.0,71.1,71.1,2.0,2.0,0.0,14.0,69.58571428571429,77.0,2.357142857142857,7.0,14,69.58571428571429,77.0,2.357142857142857,7.0,동,71.1,2.0,44.39999999999998,10.0,34.079999999999984
59,현대,관악구,,봉천동,37.464207,126.937691,5.0,72.08,77.4,10.0,2.0,0.2,16.0,69.8875,77.4,1.3125,5.0,16,69.8875,77.4,1.3125,5.0,동,72.08,2.0,48.31999999999999,10.0,36.82399999999999
2887,우방목련,군포시,,금정동,37.367553,126.928963,2.0,70.44999999999999,74.8,3.0,1.5,0.0,12.0,73.81666666666666,80.5,5.0,17.0,12,73.81666666666666,80.5,5.0,17.0,동,70.44999999999999,1.5,41.79999999999996,7.5,31.50999999999997
114454,가야주공5단지3차,군포시,,당동,37.344306,126.923086,3.0,74.60000000000001,78.4,7.0,2.333333333333333,0.0,12.0,73.81666666666666,80.5,5.0,17.0,12,73.81666666666666,80.5,5.0,17.0,동,74.60000000000001,2.333333333333333,58.40000000000003,11.666666666666666,44.38000000000002
27454,대명솔채,군포시,,당정동,37.359958,126.970691,1.0,69.8,69.8,3.0,3.0,0.0,12.0,73.81666666666666,80.5,5.0,17.0,12,73.81666666666666,80.5,5.0,17.0,동,69.8,3.0,39.19999999999999,15.0,31.93999999999999
101347,호수마을e편한세상2단지,김포시,,구래동,37.649824,126.628852,1.0,79.1,79.1,4.0,4.0,0.0,24.0,75.575,83.5,4.791666666666667,19.0,24,75.575,83.5,4.791666666666667,19.0,동,79.1,4.0,76.39999999999998,20.0,59.47999999999998
8496,화서성원상떼빌,수원시 권선구,,서둔동,37.284881,127.004429,1.0,69.7,69.7,0.0,0.0,0.0,14.0,71.78571428571429,78.6,1.7142857142857142,4.0,57,73.70877192982455,82.6,3.3508771929824563,19.0,동,69.7,0.0,38.80000000000001,0.0,27.160000000000007
1833,선경1차,수원시 영통구,,매탄동,37.276172,127.036602,5.0,73.58,79.5,17.0,3.4,0.0,21.0,76.75238095238095,82.6,5.571428571428571,19.0,57,73.70877192982455,82.6,3.3508771929824563,19.0,동,73.58,3.4,54.31999999999999,17.0,43.124
441,신정현대5차,양천구,,신정동,37.512411,126.854594,,,,,,,18.0,71.30000000000001,80.9,9.22222222222222,29.0,18,71.30000000000001,80.9,9.22222222222222,29.0,시구,71.30000000000001,9.22222222222222,45.200000000000045,46.1111111111111,45.47333333333336
125022,힐스테이트포웰시티,송파구,,마천동,37.506503,127.160752,,,,,,,29.0,74.12068965517241,83.5,5.241379310344827,17.0,29,74.12068965517241,83.5,5.241379310344827,17.0,시구,74.12068965517241,5.241379310344827,56.48275862068965,26.20689655172413,47.39999999999999
102233,고덕리엔파크1단지,강동구,,강일동,37.561499,127.171539,3.0,70.3,73.7,10.0,3.333333333333333,0.0,19.0,72.88333333333334,83.6,5.526315789473684,20.0,19,72.88333333333334,83.6,5.526315789473684,20.0,동,70.3,3.333333333333333,41.19999999999999,16.666666666666664,33.83999999999999
110004,한강신도시반도유보라3차,김포시,,구래동,37.638118,126.642424,1.0,79.1,79.1,4.0,4.0,0.0,24.0,75.575,83.5,4.791666666666667,19.0,24,75.575,83.5,4.791666666666667,19.0,동,79.1,4.0,76.39999999999998,20.0,59.47999999999998
3597,진달래대림e-편한세상,부천시 오정구,,삼정동,37.51125,126.75816,,,,,,,6.0,69.51666666666667,74.8,1.1666666666666667,4.0,33,71.78787878787878,79.9,2.6666666666666665,13.0,시구,69.51666666666667,1.1666666666666667,38.06666666666666,5.833333333333333,28.39666666666666
3655,북수원리버파크,수원시 장안구,,율전동,37.300437,126.985715,1.0,71.3,71.3,0.0,0.0,0.0,13.0,73.18461538461538,78.5,2.3846153846153846,9.0,57,73.70877192982455,82.6,3.3508771929824563,19.0,동,71.3,0.0,45.19999999999999,0.0,31.63999999999999
3650,청솔마을한라,수원시 장안구,,율전동,37.294152,126.984141,1.0,71.3,71.3,0.0,0.0,0.0,13.0,73.18461538461538,78.5,2.3846153846153846,9.0,57,73.70877192982455,82.6,3.3508771929824563,19.0,동,71.3,0.0,45.19999999999999,0.0,31.63999999999999
9772,보라마을현대모닝사이드,용인시 기흥구,,보라동,37.253251,127.106689,2.0,74.15,74.8,8.0,4.0,0.0,18.0,75.97222222222223,81.8,5.722222222222222,17.0,50,74.958,81.8,6.041666666666667,18.0,동,74.15,4.0,56.60000000000003,20.0,45.62000000000002
3610,푸른창보밀레시티,부천시 원미구,,상동,37.50273,126.75383,3.0,75.23333333333333,76.5,11.0,3.6666666666666665,0.0,15.0,72.18,79.9,2.8666666666666667,13.0,33,71.78787878787878,79.9,2.6666666666666665,13.0,동,75.23333333333333,3.6666666666666665,60.93333333333334,18.33333333333333,48.153333333333336
9052,군자주공12단지,안산시 단원구,,고잔동,37.331152,126.813988,1.0,68.3,68.3,1.0,1.0,0.0,15.0,68.95333333333333,76.0,0.5333333333333333,2.0,30,69.15666666666667,76.0,0.4666666666666667,2.0,동,68.3,1.0,33.19999999999999,5.0,24.73999999999999
113412,양우내안애에듀파크,용인시 처인구,,고림동,37.241178,127.213539,2.0,75.4,79.2,1.0,1.0,0.0,16.0,71.63125,80.1,0.7857142857142857,3.0,50,74.958,81.8,6.041666666666667,18.0,동,75.4,1.0,61.60000000000002,5.0,44.62000000000001
42,화곡대림,강서구,,화곡동,37.533749,126.837229,2.0,72.5,73.9,3.0,1.5,0.5,22.0,72.8,77.9,3.409090909090909,11.0,22,72.8,77.9,3.409090909090909,11.0,동,72.5,1.5,50.0,7.5,37.25
1430,연화쌍용,부천시 원미구,,상동,37.497873,126.780347,3.0,75.23333333333333,76.5,11.0,3.6666666666666665,0.0,15.0,72.18,79.9,2.8666666666666667,13.0,33,71.78787878787878,79.9,2.6666666666666665,13.0,동,75.23333333333333,3.6666666666666665,60.93333333333334,18.33333333333333,48.153333333333336
2670,고색태산2차,수원시 권선구,,고색동,37.252106,126.979848,,,,,,,14.0,71.78571428571429,78.6,1.7142857142857142,4.0,57,73.70877192982455,82.6,3.3508771929824563,19.0,시구,71.78571428571429,1.7142857142857142,47.14285714285717,8.571428571428571,35.571428571428584
101122,수원아이파크시티1단지,수원시 권선구,,곡반정동,37.245899,127.027079,1.0,78.1,78.1,3.0,3.0,0.0,14.0,71.78571428571429,78.6,1.7142857142857142,4.0,57,73.70877192982455,82.6,3.3508771929824563,19.0,동,78.1,3.0,72.39999999999998,15.0,55.17999999999998
14042,동백역경남아너스빌,용인시 기흥구,,상하동,37.267067,127.155248,1.0,73.4,73.4,0.0,0.0,0.0,18.0,75.97222222222223,81.8,5.722222222222222,17.0,50,74.958,81.8,6.041666666666667,18.0,동,73.4,0.0,53.60000000000002,0.0,37.52000000000001
25969,마곡수명산파크6단지,강서구,,공항동,37.550674,126.82583,2.0,68.5,69.4,4.0,2.0,0.0,22.0,72.8,77.9,3.409090909090909,11.0,22,72.8,77.9,3.409090909090909,11.0,동,68.5,2.0,34.0,10.0,26.8
12882,현진에버빌,구로구,,천왕동,37.475973,126.847158,1.0,71.1,71.1,2.0,2.0,0.0,14.0,69.58571428571429,77.0,2.357142857142857,7.0,14,69.58571428571429,77.0,2.357142857142857,7.0,동,71.1,2.0,44.39999999999998,10.0,34.079999999999984
2626,금강주공9단지1차,군포시,,금정동,37.360048,126.920118,2.0,70.44999999999999,74.8,3.0,1.5,0.0,12.0,73.81666666666666,80.5,5.0,17.0,12,73.81666666666666,80.5,5.0,17.0,동,70.44999999999999,1.5,41.79999999999996,7.5,31.50999999999997
3613,푸른한라비발디,부천시 원미구,,상동,37.50247,126.7559,3.0,75.23333333333333,76.5,11.0,3.6666666666666665,0.0,15.0,72.18,79.9,2.8666666666666667,13.0,33,71.78787878787878,79.9,2.6666666666666665,13.0,동,75.23333333333333,3.6666666666666665,60.93333333333334,18.33333333333333,48.153333333333336
2536,현대1차,성남시 분당구,,구미동,37.331929,127.129313,,,,,,,26.0,78.1576923076923,84.2,8.76,28.0,46,75.76739130434783,84.2,5.555555555555555,28.0,시구,78.1576923076923,8.76,72.6307692307692,43.8,63.98153846153844
1877,대우3차,시흥시,,계수동,37.442799,126.796814,1.0,72.1,72.1,1.0,1.0,0.0,26.0,73.34230769230768,82.4,1.1153846153846154,4.0,26,73.34230769230768,82.4,1.1153846153846154,4.0,동,72.1,1.0,48.39999999999998,5.0,35.37999999999998
8795,이안의왕역센트럴,군포시,,부곡동,37.32355,126.955719,1.0,70.5,70.5,3.0,3.0,0.0,12.0,73.81666666666666,80.5,5.0,17.0,12,73.81666666666666,80.5,5.0,17.0,동,70.5,3.0,42.0,15.0,33.9
2647,원미풍림,부천시 소사구,,괴안동,37.491737,126.791822,2.0,69.75,72.7,3.0,1.5,0.0,7.0,70.14285714285714,78.9,2.2857142857142856,5.0,33,71.78787878787878,79.9,2.6666666666666665,13.0,동,69.75,1.5,39.0,7.5,29.55
2708,꽃뫼노을마을신안,수원시 장안구,,송죽동,37.2932,126.9931,1.0,70.4,70.4,0.0,0.0,0.0,13.0,73.18461538461538,78.5,2.3846153846153846,9.0,57,73.70877192982455,82.6,3.3508771929824563,19.0,동,70.4,0.0,41.60000000000002,0.0,29.12000000000001
8305,대명강변타운,하남시,,덕풍동,37.541685,127.221809,1.0,69.8,69.8,0.0,0.0,0.0,13.0,79.63846153846154,84.3,3.230769230769231,12.0,13,79.63846153846154,84.3,3.230769230769231,12.0,동,69.8,0.0,39.19999999999999,0.0,27.43999999999999
131669,DMC한강자이더헤리티지,강서구,,가양동,37.580473,126.861749,1.0,67.6,67.6,4.0,4.0,0.0,22.0,72.8,77.9,3.409090909090909,11.0,22,72.8,77.9,3.409090909090909,11.0,동,67.6,4.0,30.399999999999977,20.0,27.279999999999983
167,럭키,금천구,,시흥동,37.448237,126.898972,1.0,72.5,72.5,2.0,2.0,1.0,9.0,67.45555555555556,76.6,1.0,4.0,9,67.45555555555556,76.6,1.0,4.0,동,72.5,2.0,50.0,10.0,38.0
8789,대명구름채,군포시,,당정동,37.361935,126.966961,1.0,69.8,69.8,3.0,3.0,0.0,12.0,73.81666666666666,80.5,5.0,17.0,12,73.81666666666666,80.5,5.0,17.0,동,69.8,3.0,39.19999999999999,15.0,31.93999999999999
101480,의왕역센트럴시티,군포시,,도마교동,37.324494,126.941286,,,,,,,12.0,73.81666666666666,80.5,5.0,17.0,12,73.81666666666666,80.5,5.0,17.0,시구,73.81666666666666,5.0,55.26666666666665,25.0,46.18666666666665
107680,구래역화성파크드림,김포시,,구래동,37.64184,126.628749,1.0,79.1,79.1,4.0,4.0,0.0,24.0,75.575,83.5,4.791666666666667,19.0,24,75.575,83.5,4.791666666666667,19.0,동,79.1,4.0,76.39999999999998,20.0,59.47999999999998
171897,힐스테이트수원파크포레,수원시 권선구,,구운동,37.274061,126.980154,1.0,65.9,65.9,0.0,0.0,0.0,14.0,71.78571428571429,78.6,1.7142857142857142,4.0,57,73.70877192982455,82.6,3.3508771929824563,19.0,동,65.9,0.0,23.600000000000023,0.0,16.520000000000014
10285,청현마을대명레이크빌,수원시 영통구,,영통동,37.26551,127.09223,4.0,79.75,82.6,20.0,5.0,0.0,21.0,76.75238095238095,82.6,5.571428571428571,19.0,57,73.70877192982455,82.6,3.3508771929824563,19.0,동,79.75,5.0,79.0,25.0,62.8
3686,민속마을쌍용,용인시 기흥구,,공세동,37.252801,127.117418,,,,,,,18.0,75.97222222222223,81.8,5.722222222222222,17.0,50,74.958,81.8,6.041666666666667,18.0,시구,75.97222222222223,5.722222222222222,63.888888888888914,28.61111111111111,53.30555555555557
179517,LH옥길센트럴힐,광명시,,옥길동,37.462348,126.824693,,,,,,,12.0,72.71666666666667,78.4,4.333333333333333,11.0,12,72.71666666666667,78.4,4.333333333333333,11.0,시구,72.71666666666667,4.333333333333333,50.866666666666674,21.666666666666664,42.10666666666667
104554,풍경마을래미안한강2차,김포시,,운양동,37.653007,126.674825,1.0,83.5,83.5,14.0,14.0,0.0,24.0,75.575,83.5,4.791666666666667,19.0,24,75.575,83.5,4.791666666666667,19.0,동,83.5,14.0,94.0,70.0,86.8
22322,대동(494-1),부천시 원미구,,상동,37.489715,126.741355,3.0,75.23333333333333,76.5,11.0,3.6666666666666665,0.0,15.0,72.18,79.9,2.8666666666666667,13.0,33,71.78787878787878,79.9,2.6666666666666665,13.0,동,75.23333333333333,3.6666666666666665,60.93333333333334,18.33333333333333,48.153333333333336
2076,진달래,안양시 동안구,,호계동,37.366953,126.965809,3.0,81.0,81.5,42.0,14.0,0.0,15.0,78.56666666666666,84.4,13.733333333333333,56.0,24,75.26666666666667,84.4,9.416666666666666,56.0,동,81.0,14.0,84.0,70.0,79.8
2524,풍림,용인시 기흥구,,구갈동,37.27275,127.139804,1.0,75.9,75.9,1.0,1.0,0.0,18.0,75.97222222222223,81.8,5.722222222222222,17.0,50,74.958,81.8,6.041666666666667,18.0,동,75.9,1.0,63.60000000000002,5.0,46.02000000000001
50,국제산장,금천구,,시흥동,37.461281,126.928079,1.0,72.5,72.5,2.0,2.0,1.0,9.0,67.45555555555556,76.6,1.0,4.0,9,67.45555555555556,76.6,1.0,4.0,동,72.5,2.0,50.0,10.0,38.0
19220,신림푸르지오2차,금천구,,시흥동,37.461374,126.920425,1.0,72.5,72.5,2.0,2.0,1.0,9.0,67.45555555555556,76.6,1.0,4.0,9,67.45555555555556,76.6,1.0,4.0,동,72.5,2.0,50.0,10.0,38.0
107550,위례아이파크2차,송파구,,거여동,37.480075,127.143739,1.0,74.6,74.6,7.0,7.0,0.0,29.0,74.12068965517241,83.5,5.241379310344827,17.0,29,74.12068965517241,83.5,5.241379310344827,17.0,동,74.6,7.0,58.39999999999998,35.0,51.37999999999998
1324,명일중앙하이츠,강동구,,고덕동,37.550909,127.159626,2.0,73.95,74.7,27.0,13.5,0.5,19.0,72.88333333333334,83.6,5.526315789473684,20.0,19,72.88333333333334,83.6,5.526315789473684,20.0,동,73.95,13.5,55.80000000000002,67.5,59.31000000000001
2668,대원,수원시 권선구,,고색동,37.24885,126.98417,,,,,,,14.0,71.78571428571429,78.6,1.7142857142857142,4.0,57,73.70877192982455,82.6,3.3508771929824563,19.0,시구,71.78571428571429,1.7142857142857142,47.14285714285717,8.571428571428571,35.571428571428584
100547,상록힐스테이트,시흥시,,광석동,37.366754,126.811396,,,,,,,26.0,73.34230769230768,82.4,1.1153846153846154,4.0,26,73.34230769230768,82.4,1.1153846153846154,4.0,시구,73.34230769230768,1.1153846153846154,53.36923076923073,5.5769230769230775,39.03153846153843
107339,위례아이파크,송파구,,거여동,37.476494,127.142224,1.0,74.6,74.6,7.0,7.0,0.0,29.0,74.12068965517241,83.5,5.241379310344827,17.0,29,74.12068965517241,83.5,5.241379310344827,17.0,동,74.6,7.0,58.39999999999998,35.0,51.37999999999998
113318,김포한강아이파크,김포시,,구래동,37.651512,126.632632,1.0,79.1,79.1,4.0,4.0,0.0,24.0,75.575,83.5,4.791666666666667,19.0,24,75.575,83.5,4.791666666666667,19.0,동,79.1,4.0,76.39999999999998,20.0,59.47999999999998
24201,한진해모로,부천시 오정구,,대장동,37.558286,126.756976,,,,,,,6.0,69.51666666666667,74.8,1.1666666666666667,4.0,33,71.78787878787878,79.9,2.6666666666666665,13.0,시구,69.51666666666667,1.1666666666666667,38.06666666666666,5.833333333333333,28.39666666666666
11120,어정마을서희삼정,용인시 기흥구,,구갈동,37.27951,127.145073,1.0,75.9,75.9,1.0,1.0,0.0,18.0,75.97222222222223,81.8,5.722222222222222,17.0,50,74.958,81.8,6.041666666666667,18.0,동,75.9,1.0,63.60000000000002,5.0,46.02000000000001
103170,센트럴파크원,용인시 기흥구,,농서동,37.239459,127.072402,,,,,,,18.0,75.97222222222223,81.8,5.722222222222222,17.0,50,74.958,81.8,6.041666666666667,18.0,시구,75.97222222222223,5.722222222222222,63.888888888888914,28.61111111111111,53.30555555555557
145021,옥길데시앙,광명시,,옥길동,37.46512,126.823814,,,,,,,12.0,72.71666666666667,78.4,4.333333333333333,11.0,12,72.71666666666667,78.4,4.333333333333333,11.0,시구,72.71666666666667,4.333333333333333,50.866666666666674,21.666666666666664,42.10666666666667
2071,동백,군포시,,당정동,37.356439,126.971168,1.0,69.8,69.8,3.0,3.0,0.0,12.0,73.81666666666666,80.5,5.0,17.0,12,73.81666666666666,80.5,5.0,17.0,동,69.8,3.0,39.19999999999999,15.0,31.93999999999999
109360,e편한세상반월나노시티역,수원시 영통구,,망포동,37.225354,127.061811,1.0,75.6,75.6,4.0,4.0,0.0,21.0,76.75238095238095,82.6,5.571428571428571,19.0,57,73.70877192982455,82.6,3.3508771929824563,19.0,동,75.6,4.0,62.39999999999998,20.0,49.67999999999998
22878,정자벽산블루밍,수원시 장안구,,송죽동,37.304865,126.994623,1.0,70.4,70.4,0.0,0.0,0.0,13.0,73.18461538461538,78.5,2.3846153846153846,9.0,57,73.70877192982455,82.6,3.3508771929824563,19.0,동,70.4,0.0,41.60000000000002,0.0,29.12000000000001
107490,안산초지두산위브,시흥시,,군자동,37.325881,126.803972,,,,,,,26.0,73.34230769230768,82.4,1.1153846153846154,4.0,26,73.34230769230768,82.4,1.1153846153846154,4.0,시구,73.34230769230768,1.1153846153846154,53.36923076923073,5.5769230769230775,39.03153846153843
1948,군자주공15단지,안산시 단원구,,선부동,37.335548,126.814743,1.0,70.0,70.0,1.0,1.0,0.0,15.0,68.95333333333333,76.0,0.5333333333333333,2.0,30,69.15666666666667,76.0,0.4666666666666667,2.0,동,70.0,1.0,40.0,5.0,29.5
112392,서동탄역파크자이,오산시,,세교동,37.202436,127.049956,1.0,75.4,75.4,0.0,0.0,0.0,10.0,74.49,79.0,0.8888888888888888,4.0,10,74.49,79.0,0.8888888888888888,4.0,동,75.4,0.0,61.60000000000002,0.0,43.12000000000001
10425,청현마을기흥데시앙,용인시 기흥구,,보라동,37.265381,127.094103,2.0,74.15,74.8,8.0,4.0,0.0,18.0,75.97222222222223,81.8,5.722222222222222,17.0,50,74.958,81.8,6.041666666666667,18.0,동,74.15,4.0,56.60000000000003,20.0,45.62000000000002
115451,용인고림지구2차양우내안애에듀퍼스트,용인시 처인구,,고림동,37.248956,127.220325,2.0,75.4,79.2,1.0,1.0,0.0,16.0,71.63125,80.1,0.7857142857142857,3.0,50,74.958,81.8,6.041666666666667,18.0,동,75.4,1.0,61.60000000000002,5.0,44.62000000000001
103430,행정타운두산위브2단지,용인시 처인구,,삼가동,37.23981,127.168096,,,,,,,16.0,71.63125,80.1,0.7857142857142857,3.0,50,74.958,81.8,6.041666666666667,18.0,시구,71.63125,0.7857142857142857,46.52499999999998,3.928571428571429,33.74607142857141
125299,하버라인2단지,구로구,,오류동,37.481992,126.822252,1.0,71.8,71.8,4.0,4.0,0.0,14.0,69.58571428571429,77.0,2.357142857142857,7.0,14,69.58571428571429,77.0,2.357142857142857,7.0,동,71.8,4.0,47.19999999999999,20.0,39.03999999999999
13336,성현마을우미이노스빌,성남시 분당구,,구미동,37.32476,127.123686,,,,,,,26.0,78.1576923076923,84.2,8.76,28.0,46,75.76739130434783,84.2,5.555555555555555,28.0,시구,78.1576923076923,8.76,72.6307692307692,43.8,63.98153846153844
140763,안산중흥S-클래스더퍼스트,시흥시,,군자동,37.341445,126.802069,,,,,,,26.0,73.34230769230768,82.4,1.1153846153846154,4.0,26,73.34230769230768,82.4,1.1153846153846154,4.0,시구,73.34230769230768,1.1153846153846154,53.36923076923073,5.5769230769230775,39.03153846153843
2780,태산,시흥시,,미산동,37.4075,126.78317,,,,,,,26.0,73.34230769230768,82.4,1.1153846153846154,4.0,26,73.34230769230768,82.4,1.1153846153846154,4.0,시구,73.34230769230768,1.1153846153846154,53.36923076923073,5.5769230769230775,39.03153846153843
9810,병점역센트럴허브시티,오산시,,세교동,37.203925,127.040157,1.0,75.4,75.4,0.0,0.0,0.0,10.0,74.49,79.0,0.8888888888888888,4.0,10,74.49,79.0,0.8888888888888888,4.0,동,75.4,0.0,61.60000000000002,0.0,43.12000000000001
101508,스파팰리스리가,용인시 기흥구,,마북동,37.292757,127.125377,1.0,76.6,76.6,7.0,7.0,0.0,18.0,75.97222222222223,81.8,5.722222222222222,17.0,50,74.958,81.8,6.041666666666667,18.0,동,76.6,7.0,66.39999999999998,35.0,56.97999999999998
132869,서희스타힐스포레스트,용인시 처인구,,김량장동,37.246721,127.195146,2.0,74.5,80.1,3.0,1.5,0.0,16.0,71.63125,80.1,0.7857142857142857,3.0,50,74.958,81.8,6.041666666666667,18.0,동,74.5,1.5,57.99999999999999,7.5,42.85
137417,DMC한강호반써밋,강서구,,가양동,37.582831,126.861836,1.0,67.6,67.6,4.0,4.0,0.0,22.0,72.8,77.9,3.409090909090909,11.0,22,72.8,77.9,3.409090909090909,11.0,동,67.6,4.0,30.399999999999977,20.0,27.279999999999983
115228,한강파크뷰우방아이유쉘,김포시,,감정동,37.63466,126.708321,1.0,74.5,74.5,0.0,0.0,0.0,24.0,75.575,83.5,4.791666666666667,19.0,24,75.575,83.5,4.791666666666667,19.0,동,74.5,0.0,57.99999999999999,0.0,40.6
1709,우성,부천시 소사구,,송내동,37.48497,126.760487,1.0,75.0,75.0,4.0,4.0,0.0,7.0,70.14285714285714,78.9,2.2857142857142856,5.0,33,71.78787878787878,79.9,2.6666666666666665,13.0,동,75.0,4.0,60.0,20.0,48.0
3596,행복한금호어울림,부천시 원미구,,상동,37.503459,126.749312,3.0,75.23333333333333,76.5,11.0,3.6666666666666665,0.0,15.0,72.18,79.9,2.8666666666666667,13.0,33,71.78787878787878,79.9,2.6666666666666665,13.0,동,75.23333333333333,3.6666666666666665,60.93333333333334,18.33333333333333,48.153333333333336
120057,시흥능곡역모아미래도에듀포레,시흥시,,광석동,37.374048,126.797056,,,,,,,26.0,73.34230769230768,82.4,1.1153846153846154,4.0,26,73.34230769230768,82.4,1.1153846153846154,4.0,시구,73.34230769230768,1.1153846153846154,53.36923076923073,5.5769230769230775,39.03153846153843
109817,호반베르디움센트로하임,시흥시,,배곧동,37.370595,126.733602,,,,,,,26.0,73.34230769230768,82.4,1.1153846153846154,4.0,26,73.34230769230768,82.4,1.1153846153846154,4.0,시구,73.34230769230768,1.1153846153846154,53.36923076923073,5.5769230769230775,39.03153846153843
110547,하남유니온시티에일린의뜰,하남시,,당정동,37.544505,127.218807,,,,,,,13.0,79.63846153846154,84.3,3.230769230769231,12.0,13,79.63846153846154,84.3,3.230769230769231,12.0,시구,79.63846153846154,3.230769230769231,78.55384615384617,16.153846153846153,59.83384615384616
115679,하남덕풍역파크어울림,하남시,,덕풍동,37.53893,127.19758,1.0,69.8,69.8,0.0,0.0,0.0,13.0,79.63846153846154,84.3,3.230769230769231,12.0,13,79.63846153846154,84.3,3.230769230769231,12.0,동,69.8,0.0,39.19999999999999,0.0,27.43999999999999
26801,오스타파라곤2블록,김포시,,감정동,37.633149,126.705676,1.0,74.5,74.5,0.0,0.0,0.0,24.0,75.575,83.5,4.791666666666667,19.0,24,75.575,83.5,4.791666666666667,19.0,동,74.5,0.0,57.99999999999999,0.0,40.6
19435,경남아너스빌,수원시 장안구,,송죽동,37.301729,126.996684,1.0,70.4,70.4,0.0,0.0,0.0,13.0,73.18461538461538,78.5,2.3846153846153846,9.0,57,73.70877192982455,82.6,3.3508771929824563,19.0,동,70.4,0.0,41.60000000000002,0.0,29.12000000000001
1940,공작한양,안산시 단원구,,선부동,37.340004,126.812528,1.0,70.0,70.0,1.0,1.0,0.0,15.0,68.95333333333333,76.0,0.5333333333333333,2.0,30,69.15666666666667,76.0,0.4666666666666667,2.0,동,70.0,1.0,40.0,5.0,29.5
121,센츄리,양천구,,신정동,37.504238,126.862059,,,,,,,18.0,71.30000000000001,80.9,9.22222222222222,29.0,18,71.30000000000001,80.9,9.22222222222222,29.0,시구,71.30000000000001,9.22222222222222,45.200000000000045,46.1111111111111,45.47333333333336
109174,위례중앙푸르지오,송파구,,거여동,37.474793,127.142238,1.0,74.6,74.6,7.0,7.0,0.0,29.0,74.12068965517241,83.5,5.241379310344827,17.0,29,74.12068965517241,83.5,5.241379310344827,17.0,동,74.6,7.0,58.39999999999998,35.0,51.37999999999998
125346,감일파크센트레빌,송파구,,마천동,37.507814,127.157158,,,,,,,29.0,74.12068965517241,83.5,5.241379310344827,17.0,29,74.12068965517241,83.5,5.241379310344827,17.0,시구,74.12068965517241,5.241379310344827,56.48275862068965,26.20689655172413,47.39999999999999
2667,대한,수원시 권선구,,고색동,37.246208,126.979285,,,,,,,14.0,71.78571428571429,78.6,1.7142857142857142,4.0,57,73.70877192982455,82.6,3.3508771929824563,19.0,시구,71.78571428571429,1.7142857142857142,47.14285714285717,8.571428571428571,35.571428571428584
2669,고색태산1차,수원시 권선구,,고색동,37.250826,126.976585,,,,,,,14.0,71.78571428571429,78.6,1.7142857142857142,4.0,57,73.70877192982455,82.6,3.3508771929824563,19.0,시구,71.78571428571429,1.7142857142857142,47.14285714285717,8.571428571428571,35.571428571428584
125927,장현동원로얄듀크메트로포레,시흥시,,광석동,37.366085,126.80113,,,,,,,26.0,73.34230769230768,82.4,1.1153846153846154,4.0,26,73.34230769230768,82.4,1.1153846153846154,4.0,시구,73.34230769230768,1.1153846153846154,53.36923076923073,5.5769230769230775,39.03153846153843
13195,경남아너스빌,시흥시,,군자동,37.329263,126.804438,,,,,,,26.0,73.34230769230768,82.4,1.1153846153846154,4.0,26,73.34230769230768,82.4,1.1153846153846154,4.0,시구,73.34230769230768,1.1153846153846154,53.36923076923073,5.5769230769230775,39.03153846153843
105746,SK뷰파크,화성시 동탄구,,능동,37.222935,127.056683,,,,,,,,,,,,49,76.79795918367347,85.6,3.6222222222222222,20.0,시,76.79795918367347,3.6222222222222222,67.19183673469388,18.11111111111111,52.467619047619046
100685,고창마을한양수자인리버팰리스,김포시,,마산동,37.643874,126.659963,,,,,,,24.0,75.575,83.5,4.791666666666667,19.0,24,75.575,83.5,4.791666666666667,19.0,시구,75.575,4.791666666666667,62.30000000000001,23.958333333333336,50.79750000000001
9243,현대홈타운,수원시 영통구,,망포동,37.24183,127.067853,1.0,75.6,75.6,4.0,4.0,0.0,21.0,76.75238095238095,82.6,5.571428571428571,19.0,57,73.70877192982455,82.6,3.3508771929824563,19.0,동,75.6,4.0,62.39999999999998,20.0,49.67999999999998
136150,감일금강펜테리움센트럴파크,송파구,,마천동,37.512346,127.157886,,,,,,,29.0,74.12068965517241,83.5,5.241379310344827,17.0,29,74.12068965517241,83.5,5.241379310344827,17.0,시구,74.12068965517241,5.241379310344827,56.48275862068965,26.20689655172413,47.39999999999999
100380,고창마을케이씨씨스위첸,김포시,,장기동,37.645741,126.66326,2.0,74.25,75.1,17.0,8.5,0.0,24.0,75.575,83.5,4.791666666666667,19.0,24,75.575,83.5,4.791666666666667,19.0,동,74.25,8.5,56.99999999999999,42.5,52.64999999999999
8247,다정한금강KCC,부천시 오정구,,삼정동,37.513249,126.755777,,,,,,,6.0,69.51666666666667,74.8,1.1666666666666667,4.0,33,71.78787878787878,79.9,2.6666666666666665,13.0,시구,69.51666666666667,1.1666666666666667,38.06666666666666,5.833333333333333,28.39666666666666
112917,시흥은계한양수자인더클래스,시흥시,,대야동,37.434121,126.802635,1.0,74.5,74.5,0.0,0.0,0.0,26.0,73.34230769230768,82.4,1.1153846153846154,4.0,26,73.34230769230768,82.4,1.1153846153846154,4.0,동,74.5,0.0,57.99999999999999,0.0,40.6
2077,신원수선화,안양시 동안구,,호계동,37.365669,126.965296,3.0,81.0,81.5,42.0,14.0,0.0,15.0,78.56666666666666,84.4,13.733333333333333,56.0,24,75.26666666666667,84.4,9.416666666666666,56.0,동,81.0,14.0,84.0,70.0,79.8
8584,주공(율목주공),안양시 만안구,,박달동,37.394278,126.910219,1.0,69.8,69.8,1.0,1.0,0.0,9.0,69.76666666666667,76.6,2.2222222222222223,7.0,24,75.26666666666667,84.4,9.416666666666666,56.0,동,69.8,1.0,39.19999999999999,5.0,28.93999999999999
8820,용인영덕신일1단지,용인시 기흥구,,보라동,37.268226,127.094917,2.0,74.15,74.8,8.0,4.0,0.0,18.0,75.97222222222223,81.8,5.722222222222222,17.0,50,74.958,81.8,6.041666666666667,18.0,동,74.15,4.0,56.60000000000003,20.0,45.62000000000002
102854,천왕이펜하우스6단지,구로구,,오류동,37.478463,126.841082,1.0,71.8,71.8,4.0,4.0,0.0,14.0,69.58571428571429,77.0,2.357142857142857,7.0,14,69.58571428571429,77.0,2.357142857142857,7.0,동,71.8,4.0,47.19999999999999,20.0,39.03999999999999
118711,항동중흥S-클래스베르데카운티,구로구,,오류동,37.481194,126.820891,1.0,71.8,71.8,4.0,4.0,0.0,14.0,69.58571428571429,77.0,2.357142857142857,7.0,14,69.58571428571429,77.0,2.357142857142857,7.0,동,71.8,4.0,47.19999999999999,20.0,39.03999999999999
135705,호수마을e편한세상3단지,김포시,,구래동,37.648111,126.629575,1.0,79.1,79.1,4.0,4.0,0.0,24.0,75.575,83.5,4.791666666666667,19.0,24,75.575,83.5,4.791666666666667,19.0,동,79.1,4.0,76.39999999999998,20.0,59.47999999999998
25982,남광하우스토리1차,수원시 권선구,,고색동,37.245186,126.965356,,,,,,,14.0,71.78571428571429,78.6,1.7142857142857142,4.0,57,73.70877192982455,82.6,3.3508771929824563,19.0,시구,71.78571428571429,1.7142857142857142,47.14285714285717,8.571428571428571,35.571428571428584
119357,시흥능곡역장현리슈빌퍼스트클래스,시흥시,,광석동,37.369761,126.795981,,,,,,,26.0,73.34230769230768,82.4,1.1153846153846154,4.0,26,73.34230769230768,82.4,1.1153846153846154,4.0,시구,73.34230769230768,1.1153846153846154,53.36923076923073,5.5769230769230775,39.03153846153843
1942,한양산호3차(군자산호한양),안산시 단원구,,선부동,37.337122,126.813544,1.0,70.0,70.0,1.0,1.0,0.0,15.0,68.95333333333333,76.0,0.5333333333333333,2.0,30,69.15666666666667,76.0,0.4666666666666667,2.0,동,70.0,1.0,40.0,5.0,29.5
1020,마곡벽산,강서구,,가양동,37.57615,126.83803,1.0,67.6,67.6,4.0,4.0,0.0,22.0,72.8,77.9,3.409090909090909,11.0,22,72.8,77.9,3.409090909090909,11.0,동,67.6,4.0,30.399999999999977,20.0,27.279999999999983
19415,부천동부센트레빌3단지,구로구,,궁동,37.491618,126.812021,,,,,,,14.0,69.58571428571429,77.0,2.357142857142857,7.0,14,69.58571428571429,77.0,2.357142857142857,7.0,시구,69.58571428571429,2.357142857142857,38.34285714285716,11.785714285714285,30.37571428571429
112142,e편한세상미사,강동구,,강일동,37.555005,127.193975,3.0,70.3,73.7,10.0,3.333333333333333,0.0,19.0,72.88333333333334,83.6,5.526315789473684,20.0,19,72.88333333333334,83.6,5.526315789473684,20.0,동,70.3,3.333333333333333,41.19999999999999,16.666666666666664,33.83999999999999
113266,금강펜테리움센트럴파크2차,군포시,,대야미동,37.318953,126.919698,,,,,,,12.0,73.81666666666666,80.5,5.0,17.0,12,73.81666666666666,80.5,5.0,17.0,시구,73.81666666666666,5.0,55.26666666666665,25.0,46.18666666666665
3587,청송현대홈타운2단지,김포시,,장기동,37.647698,126.668245,2.0,74.25,75.1,17.0,8.5,0.0,24.0,75.575,83.5,4.791666666666667,19.0,24,75.575,83.5,4.791666666666667,19.0,동,74.25,8.5,56.99999999999999,42.5,52.64999999999999
3601,라일락동양덱스빌,부천시 오정구,,삼정동,37.51071,126.75077,,,,,,,6.0,69.51666666666667,74.8,1.1666666666666667,4.0,33,71.78787878787878,79.9,2.6666666666666665,13.0,시구,69.51666666666667,1.1666666666666667,38.06666666666666,5.833333333333333,28.39666666666666
135200,나노시티역롯데캐슬,수원시 영통구,,망포동,37.227524,127.060532,1.0,75.6,75.6,4.0,4.0,0.0,21.0,76.75238095238095,82.6,5.571428571428571,19.0,57,73.70877192982455,82.6,3.3508771929824563,19.0,동,75.6,4.0,62.39999999999998,20.0,49.67999999999998
13863,경남아너스빌,시흥시,,대야동,37.434925,126.790714,1.0,74.5,74.5,0.0,0.0,0.0,26.0,73.34230769230768,82.4,1.1153846153846154,4.0,26,73.34230769230768,82.4,1.1153846153846154,4.0,동,74.5,0.0,57.99999999999999,0.0,40.6
22631,동백마을동원로얄듀크,용인시 기흥구,,동백동,37.279934,127.148834,2.0,76.35,77.0,15.0,7.5,0.0,18.0,75.97222222222223,81.8,5.722222222222222,17.0,50,74.958,81.8,6.041666666666667,18.0,동,76.35,7.5,65.39999999999998,37.5,57.02999999999998
1404,"한아름삼환,동아,동성",부천시 원미구,,상동,37.495563,126.752463,3.0,75.23333333333333,76.5,11.0,3.6666666666666665,0.0,15.0,72.18,79.9,2.8666666666666667,13.0,33,71.78787878787878,79.9,2.6666666666666665,13.0,동,75.23333333333333,3.6666666666666665,60.93333333333334,18.33333333333333,48.153333333333336
1757,권선삼성,수원시 권선구,,권선동,37.253901,127.022794,3.0,71.2,74.9,5.0,1.6666666666666667,0.0,14.0,71.78571428571429,78.6,1.7142857142857142,4.0,57,73.70877192982455,82.6,3.3508771929824563,19.0,동,71.2,1.6666666666666667,44.80000000000001,8.333333333333334,33.86000000000001
4012,"새재마을대동,청구",시흥시,,광석동,37.380109,126.799081,,,,,,,26.0,73.34230769230768,82.4,1.1153846153846154,4.0,26,73.34230769230768,82.4,1.1153846153846154,4.0,시구,73.34230769230768,1.1153846153846154,53.36923076923073,5.5769230769230775,39.03153846153843
167058,세교쌍용예가엔에이치에프,오산시,,궐동,37.172414,127.067615,,,,,,,10.0,74.49,79.0,0.8888888888888888,4.0,10,74.49,79.0,0.8888888888888888,4.0,시구,74.49,0.8888888888888888,57.95999999999998,4.444444444444444,41.90533333333332
3680,하마비마을동일하이빌1,용인시 기흥구,,마북동,37.295497,127.124319,1.0,76.6,76.6,7.0,7.0,0.0,18.0,75.97222222222223,81.8,5.722222222222222,17.0,50,74.958,81.8,6.041666666666667,18.0,동,76.6,7.0,66.39999999999998,35.0,56.97999999999998
8173,용인죽전동부센트레빌,성남시 분당구,,구미동,37.330641,127.125773,,,,,,,26.0,78.1576923076923,84.2,8.76,28.0,46,75.76739130434783,84.2,5.555555555555555,28.0,시구,78.1576923076923,8.76,72.6307692307692,43.8,63.98153846153844
3980,일월청구,수원시 권선구,,구운동,37.285719,126.978007,1.0,65.9,65.9,0.0,0.0,0.0,14.0,71.78571428571429,78.6,1.7142857142857142,4.0,57,73.70877192982455,82.6,3.3508771929824563,19.0,동,65.9,0.0,23.600000000000023,0.0,16.520000000000014
115535,은계브리즈힐,시흥시,,계수동,37.438808,126.802956,1.0,72.1,72.1,1.0,1.0,0.0,26.0,73.34230769230768,82.4,1.1153846153846154,4.0,26,73.34230769230768,82.4,1.1153846153846154,4.0,동,72.1,1.0,48.39999999999998,5.0,35.37999999999998
11194,서동탄역우남퍼스트빌,오산시,,세교동,37.19859,127.04963,1.0,75.4,75.4,0.0,0.0,0.0,10.0,74.49,79.0,0.8888888888888888,4.0,10,74.49,79.0,0.8888888888888888,4.0,동,75.4,0.0,61.60000000000002,0.0,43.12000000000001
19152,하남자이,하남시,,덕풍동,37.540201,127.196647,1.0,69.8,69.8,0.0,0.0,0.0,13.0,79.63846153846154,84.3,3.230769230769231,12.0,13,79.63846153846154,84.3,3.230769230769231,12.0,동,69.8,0.0,39.19999999999999,0.0,27.43999999999999
145260,반월역두산위브더센트럴,군포시,,도마교동,37.302186,126.904857,,,,,,,12.0,73.81666666666666,80.5,5.0,17.0,12,73.81666666666666,80.5,5.0,17.0,시구,73.81666666666666,5.0,55.26666666666665,25.0,46.18666666666665
101348,한강힐스테이트,김포시,,구래동,37.639573,126.634558,1.0,79.1,79.1,4.0,4.0,0.0,24.0,75.575,83.5,4.791666666666667,19.0,24,75.575,83.5,4.791666666666667,19.0,동,79.1,4.0,76.39999999999998,20.0,59.47999999999998
25776,복사골건영,부천시 소사구,,송내동,37.494412,126.768156,1.0,75.0,75.0,4.0,4.0,0.0,7.0,70.14285714285714,78.9,2.2857142857142856,5.0,33,71.78787878787878,79.9,2.6666666666666665,13.0,동,75.0,4.0,60.0,20.0,48.0
3609,라일락경남아너스빌,부천시 오정구,,삼정동,37.51185,126.75095,,,,,,,6.0,69.51666666666667,74.8,1.1666666666666667,4.0,33,71.78787878787878,79.9,2.6666666666666665,13.0,시구,69.51666666666667,1.1666666666666667,38.06666666666666,5.833333333333333,28.39666666666666
1409,그린타운우성2차,부천시 원미구,,상동,37.497214,126.775065,3.0,75.23333333333333,76.5,11.0,3.6666666666666665,0.0,15.0,72.18,79.9,2.8666666666666667,13.0,33,71.78787878787878,79.9,2.6666666666666665,13.0,동,75.23333333333333,3.6666666666666665,60.93333333333334,18.33333333333333,48.153333333333336
1851,서강2차,시흥시,,계수동,37.4451,126.79461,1.0,72.1,72.1,1.0,1.0,0.0,26.0,73.34230769230768,82.4,1.1153846153846154,4.0,26,73.34230769230768,82.4,1.1153846153846154,4.0,동,72.1,1.0,48.39999999999998,5.0,35.37999999999998
8508,안산고잔푸르지오5차,안산시 단원구,,고잔동,37.311519,126.824021,1.0,68.3,68.3,1.0,1.0,0.0,15.0,68.95333333333333,76.0,0.5333333333333333,2.0,30,69.15666666666667,76.0,0.4666666666666667,2.0,동,68.3,1.0,33.19999999999999,5.0,24.73999999999999
1943,수정한양,안산시 단원구,,선부동,37.339424,126.815742,1.0,70.0,70.0,1.0,1.0,0.0,15.0,68.95333333333333,76.0,0.5333333333333333,2.0,30,69.15666666666667,76.0,0.4666666666666667,2.0,동,70.0,1.0,40.0,5.0,29.5
15805,서울가든,구로구,,궁동,37.492529,126.831117,,,,,,,14.0,69.58571428571429,77.0,2.357142857142857,7.0,14,69.58571428571429,77.0,2.357142857142857,7.0,시구,69.58571428571429,2.357142857142857,38.34285714285716,11.785714285714285,30.37571428571429
3235,삼익,금천구,,가산동,37.463697,126.909461,,,,,,,9.0,67.45555555555556,76.6,1.0,4.0,9,67.45555555555556,76.6,1.0,4.0,시구,67.45555555555556,1.0,29.82222222222225,5.0,22.37555555555557
1052,신림쌍용,금천구,,독산동,37.472296,126.911767,3.0,67.56666666666666,76.6,6.0,2.0,0.0,9.0,67.45555555555556,76.6,1.0,4.0,9,67.45555555555556,76.6,1.0,4.0,동,67.56666666666666,2.0,30.26666666666665,10.0,24.186666666666653
109097,미사강변도시8단지스타힐스,강동구,,강일동,37.571594,127.184927,3.0,70.3,73.7,10.0,3.333333333333333,0.0,19.0,72.88333333333334,83.6,5.526315789473684,20.0,19,72.88333333333334,83.6,5.526315789473684,20.0,동,70.3,3.333333333333333,41.19999999999999,16.666666666666664,33.83999999999999
111115,금강펜테리움센트럴파크1차,군포시,,대야미동,37.317303,126.91759,,,,,,,12.0,73.81666666666666,80.5,5.0,17.0,12,73.81666666666666,80.5,5.0,17.0,시구,73.81666666666666,5.0,55.26666666666665,25.0,46.18666666666665
101325,한강호반베르디움,김포시,,마산동,37.64621,126.659399,,,,,,,24.0,75.575,83.5,4.791666666666667,19.0,24,75.575,83.5,4.791666666666667,19.0,시구,75.575,4.791666666666667,62.30000000000001,23.958333333333336,50.79750000000001
1429,연화대원,부천시 원미구,,상동,37.496584,126.780356,3.0,75.23333333333333,76.5,11.0,3.6666666666666665,0.0,15.0,72.18,79.9,2.8666666666666667,13.0,33,71.78787878787878,79.9,2.6666666666666665,13.0,동,75.23333333333333,3.6666666666666665,60.93333333333334,18.33333333333333,48.153333333333336
2736,청구1차,시흥시,,계수동,37.446935,126.795097,1.0,72.1,72.1,1.0,1.0,0.0,26.0,73.34230769230768,82.4,1.1153846153846154,4.0,26,73.34230769230768,82.4,1.1153846153846154,4.0,동,72.1,1.0,48.39999999999998,5.0,35.37999999999998
114227,호반써밋더숲,시흥시,,목감동,37.371155,126.847819,,,,,,,26.0,73.34230769230768,82.4,1.1153846153846154,4.0,26,73.34230769230768,82.4,1.1153846153846154,4.0,시구,73.34230769230768,1.1153846153846154,53.36923076923073,5.5769230769230775,39.03153846153843
53,건영2차,금천구,,독산동,37.471043,126.916623,3.0,67.56666666666666,76.6,6.0,2.0,0.0,9.0,67.45555555555556,76.6,1.0,4.0,9,67.45555555555556,76.6,1.0,4.0,동,67.56666666666666,2.0,30.26666666666665,10.0,24.186666666666653
3581,용호마을LG1차,군포시,,당동,37.34725,126.938754,3.0,74.60000000000001,78.4,7.0,2.333333333333333,0.0,12.0,73.81666666666666,80.5,5.0,17.0,12,73.81666666666666,80.5,5.0,17.0,동,74.60000000000001,2.333333333333333,58.40000000000003,11.666666666666666,44.38000000000002
113035,e편한세상한강신도시2차,김포시,,구래동,37.636215,126.639164,1.0,79.1,79.1,4.0,4.0,0.0,24.0,75.575,83.5,4.791666666666667,19.0,24,75.575,83.5,4.791666666666667,19.0,동,79.1,4.0,76.39999999999998,20.0,59.47999999999998
166117,리벤티움,시흥시,,목감동,37.374167,126.856253,,,,,,,26.0,73.34230769230768,82.4,1.1153846153846154,4.0,26,73.34230769230768,82.4,1.1153846153846154,4.0,시구,73.34230769230768,1.1153846153846154,53.36923076923073,5.5769230769230775,39.03153846153843
19181,월곶풍림아이원4차,시흥시,,월곶동,37.388416,126.743502,1.0,75.6,75.6,1.0,1.0,0.0,26.0,73.34230769230768,82.4,1.1153846153846154,4.0,26,73.34230769230768,82.4,1.1153846153846154,4.0,동,75.6,1.0,62.39999999999998,5.0,45.17999999999998
11512,박달한일유앤아이,안양시 만안구,,박달동,37.402933,126.898099,1.0,69.8,69.8,1.0,1.0,0.0,9.0,69.76666666666667,76.6,2.2222222222222223,7.0,24,75.26666666666667,84.4,9.416666666666666,56.0,동,69.8,1.0,39.19999999999999,5.0,28.93999999999999
3671,대림한숲타운,안양시 만안구,,박달동,37.404377,126.89252,1.0,69.8,69.8,1.0,1.0,0.0,9.0,69.76666666666667,76.6,2.2222222222222223,7.0,24,75.26666666666667,84.4,9.416666666666666,56.0,동,69.8,1.0,39.19999999999999,5.0,28.93999999999999
109211,힐스테이트서천,용인시 기흥구,,농서동,37.237877,127.075247,,,,,,,18.0,75.97222222222223,81.8,5.722222222222222,17.0,50,74.958,81.8,6.041666666666667,18.0,시구,75.97222222222223,5.722222222222222,63.888888888888914,28.61111111111111,53.30555555555557
131899,감일수자인,송파구,,마천동,37.510194,127.156878,,,,,,,29.0,74.12068965517241,83.5,5.241379310344827,17.0,29,74.12068965517241,83.5,5.241379310344827,17.0,시구,74.12068965517241,5.241379310344827,56.48275862068965,26.20689655172413,47.39999999999999
125345,감일스타힐스,송파구,,마천동,37.509741,127.158554,,,,,,,29.0,74.12068965517241,83.5,5.241379310344827,17.0,29,74.12068965517241,83.5,5.241379310344827,17.0,시구,74.12068965517241,5.241379310344827,56.48275862068965,26.20689655172413,47.39999999999999
3602,다정한삼성래미안,부천시 오정구,,삼정동,37.51445,126.75897,,,,,,,6.0,69.51666666666667,74.8,1.1666666666666667,4.0,33,71.78787878787878,79.9,2.6666666666666665,13.0,시구,69.51666666666667,1.1666666666666667,38.06666666666666,5.833333333333333,28.39666666666666
1764,신우,수원시 권선구,,곡반정동,37.251208,127.028409,1.0,78.1,78.1,3.0,3.0,0.0,14.0,71.78571428571429,78.6,1.7142857142857142,4.0,57,73.70877192982455,82.6,3.3508771929824563,19.0,동,78.1,3.0,72.39999999999998,15.0,55.17999999999998
7974,백설마을5단지현대.코오롱,수원시 장안구,,송죽동,37.296457,126.988204,1.0,70.4,70.4,0.0,0.0,0.0,13.0,73.18461538461538,78.5,2.3846153846153846,9.0,57,73.70877192982455,82.6,3.3508771929824563,19.0,동,70.4,0.0,41.60000000000002,0.0,29.12000000000001
27293,시흥능곡신안인스빌,시흥시,,능곡동,37.364792,126.809801,1.0,72.1,72.1,2.0,2.0,0.0,26.0,73.34230769230768,82.4,1.1153846153846154,4.0,26,73.34230769230768,82.4,1.1153846153846154,4.0,동,72.1,2.0,48.39999999999998,10.0,36.87999999999998
8398,푸른마을5단지,안산시 상록구,,사동,37.30311,126.856931,2.0,65.45,73.7,2.0,1.0,0.0,15.0,69.36,75.3,0.4,2.0,30,69.15666666666667,76.0,0.4666666666666667,2.0,동,65.45,1.0,21.80000000000001,5.0,16.760000000000005
1982,벽산,안양시 만안구,,박달동,37.403255,126.906554,1.0,69.8,69.8,1.0,1.0,0.0,9.0,69.76666666666667,76.6,2.2222222222222223,7.0,24,75.26666666666667,84.4,9.416666666666666,56.0,동,69.8,1.0,39.19999999999999,5.0,28.93999999999999
27051,김량장어울림,용인시 처인구,,김량장동,37.236494,127.196849,2.0,74.5,80.1,3.0,1.5,0.0,16.0,71.63125,80.1,0.7857142857142857,3.0,50,74.958,81.8,6.041666666666667,18.0,동,74.5,1.5,57.99999999999999,7.5,42.85
115497,호반베르디움더레이크3차,김포시,,구래동,37.645551,126.632738,1.0,79.1,79.1,4.0,4.0,0.0,24.0,75.575,83.5,4.791666666666667,19.0,24,75.575,83.5,4.791666666666667,19.0,동,79.1,4.0,76.39999999999998,20.0,59.47999999999998
14432,안산푸르지오8차,시흥시,,군자동,37.330432,126.801519,,,,,,,26.0,73.34230769230768,82.4,1.1153846153846154,4.0,26,73.34230769230768,82.4,1.1153846153846154,4.0,시구,73.34230769230768,1.1153846153846154,53.36923076923073,5.5769230769230775,39.03153846153843
106156,안산레이크타운푸르지오,안산시 단원구,,고잔동,37.306076,126.83134,1.0,68.3,68.3,1.0,1.0,0.0,15.0,68.95333333333333,76.0,0.5333333333333333,2.0,30,69.15666666666667,76.0,0.4666666666666667,2.0,동,68.3,1.0,33.19999999999999,5.0,24.73999999999999
1931,한양,안산시 상록구,,본오동,37.2962,126.860802,1.0,65.1,65.1,0.0,0.0,0.0,15.0,69.36,75.3,0.4,2.0,30,69.15666666666667,76.0,0.4666666666666667,2.0,동,65.1,0.0,20.399999999999977,0.0,14.279999999999983
1981,금호타운,안양시 만안구,,박달동,37.39901,126.9016,1.0,69.8,69.8,1.0,1.0,0.0,9.0,69.76666666666667,76.6,2.2222222222222223,7.0,24,75.26666666666667,84.4,9.416666666666666,56.0,동,69.8,1.0,39.19999999999999,5.0,28.93999999999999
3894,교동마을현대홈타운,용인시 기흥구,,마북동,37.300437,127.1246,1.0,76.6,76.6,7.0,7.0,0.0,18.0,75.97222222222223,81.8,5.722222222222222,17.0,50,74.958,81.8,6.041666666666667,18.0,동,76.6,7.0,66.39999999999998,35.0,56.97999999999998
2203,두진,용인시 기흥구,,보라동,37.268892,127.096068,2.0,74.15,74.8,8.0,4.0,0.0,18.0,75.97222222222223,81.8,5.722222222222222,17.0,50,74.958,81.8,6.041666666666667,18.0,동,74.15,4.0,56.60000000000003,20.0,45.62000000000002
8864,부천범박힐스테이트4단지,구로구,,항동,37.471909,126.807211,1.0,72.2,72.2,2.0,2.0,0.0,14.0,69.58571428571429,77.0,2.357142857142857,7.0,14,69.58571428571429,77.0,2.357142857142857,7.0,동,72.2,2.0,48.80000000000001,10.0,37.16
110485,옥길제일풍경채제이드카운티,광명시,,옥길동,37.465166,126.827299,,,,,,,12.0,72.71666666666667,78.4,4.333333333333333,11.0,12,72.71666666666667,78.4,4.333333333333333,11.0,시구,72.71666666666667,4.333333333333333,50.866666666666674,21.666666666666664,42.10666666666667
9347,성원이화1차,군포시,,당정동,37.358505,126.970474,1.0,69.8,69.8,3.0,3.0,0.0,12.0,73.81666666666666,80.5,5.0,17.0,12,73.81666666666666,80.5,5.0,17.0,동,69.8,3.0,39.19999999999999,15.0,31.93999999999999
2067,효성청솔,군포시,,부곡동,37.319348,126.955382,1.0,70.5,70.5,3.0,3.0,0.0,12.0,73.81666666666666,80.5,5.0,17.0,12,73.81666666666666,80.5,5.0,17.0,동,70.5,3.0,42.0,15.0,33.9
163417,한강센트럴블루힐,김포시,,구래동,37.635789,126.630619,1.0,79.1,79.1,4.0,4.0,0.0,24.0,75.575,83.5,4.791666666666667,19.0,24,75.575,83.5,4.791666666666667,19.0,동,79.1,4.0,76.39999999999998,20.0,59.47999999999998
115496,호반베르디움더레이크2차,김포시,,구래동,37.646878,126.63251,1.0,79.1,79.1,4.0,4.0,0.0,24.0,75.575,83.5,4.791666666666667,19.0,24,75.575,83.5,4.791666666666667,19.0,동,79.1,4.0,76.39999999999998,20.0,59.47999999999998
2145,라인,하남시,,덕풍동,37.5447,127.199767,1.0,69.8,69.8,0.0,0.0,0.0,13.0,79.63846153846154,84.3,3.230769230769231,12.0,13,79.63846153846154,84.3,3.230769230769231,12.0,동,69.8,0.0,39.19999999999999,0.0,27.43999999999999
105368,은여울마을경남아너스빌,김포시,,구래동,37.638255,126.637403,1.0,79.1,79.1,4.0,4.0,0.0,24.0,75.575,83.5,4.791666666666667,19.0,24,75.575,83.5,4.791666666666667,19.0,동,79.1,4.0,76.39999999999998,20.0,59.47999999999998
122647,한강동일스위트더파크뷰2단지,김포시,,구래동,37.634923,126.641078,1.0,79.1,79.1,4.0,4.0,0.0,24.0,75.575,83.5,4.791666666666667,19.0,24,75.575,83.5,4.791666666666667,19.0,동,79.1,4.0,76.39999999999998,20.0,59.47999999999998
18957,주공3단지,부천시 소사구,,계수동,37.473873,126.805462,,,,,,,7.0,70.14285714285714,78.9,2.2857142857142856,5.0,33,71.78787878787878,79.9,2.6666666666666665,13.0,시구,70.14285714285714,2.2857142857142856,40.57142857142856,11.428571428571429,31.82857142857141
26987,송내자이,부천시 소사구,,송내동,37.48224,126.757,1.0,75.0,75.0,4.0,4.0,0.0,7.0,70.14285714285714,78.9,2.2857142857142856,5.0,33,71.78787878787878,79.9,2.6666666666666665,13.0,동,75.0,4.0,60.0,20.0,48.0
11214,청구2차,수원시 권선구,,고색동,37.243697,126.961916,,,,,,,14.0,71.78571428571429,78.6,1.7142857142857142,4.0,57,73.70877192982455,82.6,3.3508771929824563,19.0,시구,71.78571428571429,1.7142857142857142,47.14285714285717,8.571428571428571,35.571428571428584
19015,오목천푸르지오2단지,수원시 권선구,,고색동,37.244145,126.967895,,,,,,,14.0,71.78571428571429,78.6,1.7142857142857142,4.0,57,73.70877192982455,82.6,3.3508771929824563,19.0,시구,71.78571428571429,1.7142857142857142,47.14285714285717,8.571428571428571,35.571428571428584
122648,장현호반써밋,시흥시,,광석동,37.375693,126.79542,,,,,,,26.0,73.34230769230768,82.4,1.1153846153846154,4.0,26,73.34230769230768,82.4,1.1153846153846154,4.0,시구,73.34230769230768,1.1153846153846154,53.36923076923073,5.5769230769230775,39.03153846153843
113281,e편한세상선부파크플레이스,안산시 단원구,,선부동,37.328397,126.808022,1.0,70.0,70.0,1.0,1.0,0.0,15.0,68.95333333333333,76.0,0.5333333333333333,2.0,30,69.15666666666667,76.0,0.4666666666666667,2.0,동,70.0,1.0,40.0,5.0,29.5
132472,DMC자이더포레리버뷰,강서구,,가양동,37.581465,126.859689,1.0,67.6,67.6,4.0,4.0,0.0,22.0,72.8,77.9,3.409090909090909,11.0,22,72.8,77.9,3.409090909090909,11.0,동,67.6,4.0,30.399999999999977,20.0,27.279999999999983
120395,구래역한강리슈빌,김포시,,구래동,37.642209,126.627395,1.0,79.1,79.1,4.0,4.0,0.0,24.0,75.575,83.5,4.791666666666667,19.0,24,75.575,83.5,4.791666666666667,19.0,동,79.1,4.0,76.39999999999998,20.0,59.47999999999998
1417,무지개동신,부천시 원미구,,상동,37.49823,126.76712,3.0,75.23333333333333,76.5,11.0,3.6666666666666665,0.0,15.0,72.18,79.9,2.8666666666666667,13.0,33,71.78787878787878,79.9,2.6666666666666665,13.0,동,75.23333333333333,3.6666666666666665,60.93333333333334,18.33333333333333,48.153333333333336
8351,부개주공6단지(휴먼시아),부천시 원미구,,상동,37.49995,126.741307,3.0,75.23333333333333,76.5,11.0,3.6666666666666665,0.0,15.0,72.18,79.9,2.8666666666666667,13.0,33,71.78787878787878,79.9,2.6666666666666665,13.0,동,75.23333333333333,3.6666666666666665,60.93333333333334,18.33333333333333,48.153333333333336
1771,권선한양,수원시 권선구,,곡반정동,37.252988,127.021273,1.0,78.1,78.1,3.0,3.0,0.0,14.0,71.78571428571429,78.6,1.7142857142857142,4.0,57,73.70877192982455,82.6,3.3508771929824563,19.0,동,78.1,3.0,72.39999999999998,15.0,55.17999999999998
1761,성지,수원시 권선구,,곡반정동,37.252186,127.022422,1.0,78.1,78.1,3.0,3.0,0.0,14.0,71.78571428571429,78.6,1.7142857142857142,4.0,57,73.70877192982455,82.6,3.3508771929824563,19.0,동,78.1,3.0,72.39999999999998,15.0,55.17999999999998
142498,호매실13단지,수원시 권선구,,구운동,37.265139,126.959595,1.0,65.9,65.9,0.0,0.0,0.0,14.0,71.78571428571429,78.6,1.7142857142857142,4.0,57,73.70877192982455,82.6,3.3508771929824563,19.0,동,65.9,0.0,23.600000000000023,0.0,16.520000000000014
3970,극동,시흥시,,대야동,37.44932,126.786854,1.0,74.5,74.5,0.0,0.0,0.0,26.0,73.34230769230768,82.4,1.1153846153846154,4.0,26,73.34230769230768,82.4,1.1153846153846154,4.0,동,74.5,0.0,57.99999999999999,0.0,40.6
1945,군자주공11단지,안산시 단원구,,고잔동,37.329804,126.812497,1.0,68.3,68.3,1.0,1.0,0.0,15.0,68.95333333333333,76.0,0.5333333333333333,2.0,30,69.15666666666667,76.0,0.4666666666666667,2.0,동,68.3,1.0,33.19999999999999,5.0,24.73999999999999
109408,오산대역호반써밋,오산시,,궐동,37.174608,127.06738,,,,,,,10.0,74.49,79.0,0.8888888888888888,4.0,10,74.49,79.0,0.8888888888888888,4.0,시구,74.49,0.8888888888888888,57.95999999999998,4.444444444444444,41.90533333333332
3677,하마비마을동부센트레빌,용인시 기흥구,,마북동,37.294862,127.121281,1.0,76.6,76.6,7.0,7.0,0.0,18.0,75.97222222222223,81.8,5.722222222222222,17.0,50,74.958,81.8,6.041666666666667,18.0,동,76.6,7.0,66.39999999999998,35.0,56.97999999999998
2889,묘향롯데,군포시,,금정동,37.362517,126.921211,2.0,70.44999999999999,74.8,3.0,1.5,0.0,12.0,73.81666666666666,80.5,5.0,17.0,12,73.81666666666666,80.5,5.0,17.0,동,70.44999999999999,1.5,41.79999999999996,7.5,31.50999999999997
1689,삼익세라믹,부천시 소사구,,계수동,37.475786,126.803046,,,,,,,7.0,70.14285714285714,78.9,2.2857142857142856,5.0,33,71.78787878787878,79.9,2.6666666666666665,13.0,시구,70.14285714285714,2.2857142857142856,40.57142857142856,11.428571428571429,31.82857142857141
2666,거산,수원시 권선구,,고색동,37.24812,126.98615,,,,,,,14.0,71.78571428571429,78.6,1.7142857142857142,4.0,57,73.70877192982455,82.6,3.3508771929824563,19.0,시구,71.78571428571429,1.7142857142857142,47.14285714285717,8.571428571428571,35.571428571428584
9692,벽산블루밍,시흥시,,군자동,37.328627,126.799438,,,,,,,26.0,73.34230769230768,82.4,1.1153846153846154,4.0,26,73.34230769230768,82.4,1.1153846153846154,4.0,시구,73.34230769230768,1.1153846153846154,53.36923076923073,5.5769230769230775,39.03153846153843
115677,서동탄역더샵파크시티,오산시,,내삼미동,37.191855,127.06408,,,,,,,10.0,74.49,79.0,0.8888888888888888,4.0,10,74.49,79.0,0.8888888888888888,4.0,시구,74.49,0.8888888888888888,57.95999999999998,4.444444444444444,41.90533333333332
110816,역북푸르지오,용인시 처인구,,남동,37.23134,127.182672,1.0,61.9,61.9,1.0,1.0,1.0,16.0,71.63125,80.1,0.7857142857142857,3.0,50,74.958,81.8,6.041666666666667,18.0,동,61.9,1.0,7.599999999999994,5.0,6.819999999999996
103431,용인행정타운두산위브3단지,용인시 처인구,,삼가동,37.239265,127.170029,,,,,,,16.0,71.63125,80.1,0.7857142857142857,3.0,50,74.958,81.8,6.041666666666667,18.0,시구,71.63125,0.7857142857142857,46.52499999999998,3.928571428571429,33.74607142857141
110647,부천옥길자이,부천시 소사구,,계수동,37.463965,126.812666,,,,,,,7.0,70.14285714285714,78.9,2.2857142857142856,5.0,33,71.78787878787878,79.9,2.6666666666666665,13.0,시구,70.14285714285714,2.2857142857142856,40.57142857142856,11.428571428571429,31.82857142857141
113080,e편한세상부천심곡,부천시 소사구,,송내동,37.477803,126.773999,1.0,75.0,75.0,4.0,4.0,0.0,7.0,70.14285714285714,78.9,2.2857142857142856,5.0,33,71.78787878787878,79.9,2.6666666666666665,13.0,동,75.0,4.0,60.0,20.0,48.0
4004,늘푸른벽산,시흥시,,계수동,37.44605,126.794897,1.0,72.1,72.1,1.0,1.0,0.0,26.0,73.34230769230768,82.4,1.1153846153846154,4.0,26,73.34230769230768,82.4,1.1153846153846154,4.0,동,72.1,1.0,48.39999999999998,5.0,35.37999999999998
3663,안산고잔푸르지오4차,안산시 단원구,,고잔동,37.31391,126.826127,1.0,68.3,68.3,1.0,1.0,0.0,15.0,68.95333333333333,76.0,0.5333333333333333,2.0,30,69.15666666666667,76.0,0.4666666666666667,2.0,동,68.3,1.0,33.19999999999999,5.0,24.73999999999999
104999,삼성마을시티프라디움,군포시,,당동,37.340981,126.932003,3.0,74.60000000000001,78.4,7.0,2.333333333333333,0.0,12.0,73.81666666666666,80.5,5.0,17.0,12,73.81666666666666,80.5,5.0,17.0,동,74.60000000000001,2.333333333333333,58.40000000000003,11.666666666666666,44.38000000000002
1392,반달건영,부천시 소사구,,송내동,37.492671,126.750804,1.0,75.0,75.0,4.0,4.0,0.0,7.0,70.14285714285714,78.9,2.2857142857142856,5.0,33,71.78787878787878,79.9,2.6666666666666665,13.0,동,75.0,4.0,60.0,20.0,48.0
2660,산성,성남시 수정구,,양지동,37.44228,127.17865,,,,,,,10.0,73.02000000000001,79.7,2.4,14.0,46,75.76739130434783,84.2,5.555555555555555,28.0,시구,73.02000000000001,2.4,52.08000000000004,12.0,40.056000000000026
175497,시흥배곧신도시대방노블랜드엘리트시티,시흥시,,배곧동,37.374295,126.736607,,,,,,,26.0,73.34230769230768,82.4,1.1153846153846154,4.0,26,73.34230769230768,82.4,1.1153846153846154,4.0,시구,73.34230769230768,1.1153846153846154,53.36923076923073,5.5769230769230775,39.03153846153843
111252,안산롯데캐슬더퍼스트,안산시 단원구,,선부동,37.32757,126.805581,1.0,70.0,70.0,1.0,1.0,0.0,15.0,68.95333333333333,76.0,0.5333333333333333,2.0,30,69.15666666666667,76.0,0.4666666666666667,2.0,동,70.0,1.0,40.0,5.0,29.5
141520,서동탄역양우내안애,오산시,,세교동,37.202228,127.052487,1.0,75.4,75.4,0.0,0.0,0.0,10.0,74.49,79.0,0.8888888888888888,4.0,10,74.49,79.0,0.8888888888888888,4.0,동,75.4,0.0,61.60000000000002,0.0,43.12000000000001
8079,교동마을현대필그린,용인시 기흥구,,마북동,37.303032,127.120927,1.0,76.6,76.6,7.0,7.0,0.0,18.0,75.97222222222223,81.8,5.722222222222222,17.0,50,74.958,81.8,6.041666666666667,18.0,동,76.6,7.0,66.39999999999998,35.0,56.97999999999998
2155,꿈동산신안,하남시,,신장동,37.536573,127.225505,1.0,79.4,79.4,1.0,1.0,0.0,13.0,79.63846153846154,84.3,3.230769230769231,12.0,13,79.63846153846154,84.3,3.230769230769231,12.0,동,79.4,1.0,77.60000000000002,5.0,55.820000000000014
122446,하버라인3단지,구로구,,오류동,37.479396,126.824617,1.0,71.8,71.8,4.0,4.0,0.0,14.0,69.58571428571429,77.0,2.357142857142857,7.0,14,69.58571428571429,77.0,2.357142857142857,7.0,동,71.8,4.0,47.19999999999999,20.0,39.03999999999999
26924,오스타파라곤1블록,김포시,,감정동,37.634763,126.704119,1.0,74.5,74.5,0.0,0.0,0.0,24.0,75.575,83.5,4.791666666666667,19.0,24,75.575,83.5,4.791666666666667,19.0,동,74.5,0.0,57.99999999999999,0.0,40.6
3608,다정한경남아너스빌,부천시 오정구,,삼정동,37.51474,126.756149,,,,,,,6.0,69.51666666666667,74.8,1.1666666666666667,4.0,33,71.78787878787878,79.9,2.6666666666666665,13.0,시구,69.51666666666667,1.1666666666666667,38.06666666666666,5.833333333333333,28.39666666666666
173177,벨섬시티,수원시 권선구,,구운동,37.26258,126.960454,1.0,65.9,65.9,0.0,0.0,0.0,14.0,71.78571428571429,78.6,1.7142857142857142,4.0,57,73.70877192982455,82.6,3.3508771929824563,19.0,동,65.9,0.0,23.600000000000023,0.0,16.520000000000014
3641,백설에듀빌,수원시 장안구,,송죽동,37.296291,126.990868,1.0,70.4,70.4,0.0,0.0,0.0,13.0,73.18461538461538,78.5,2.3846153846153846,9.0,57,73.70877192982455,82.6,3.3508771929824563,19.0,동,70.4,0.0,41.60000000000002,0.0,29.12000000000001
1926,우성(에버그린우성),안산시 상록구,,본오동,37.298091,126.865342,1.0,65.1,65.1,0.0,0.0,0.0,15.0,69.36,75.3,0.4,2.0,30,69.15666666666667,76.0,0.4666666666666667,2.0,동,65.1,0.0,20.399999999999977,0.0,14.279999999999983
2154,부영,하남시,,신장동,37.540952,127.225392,1.0,79.4,79.4,1.0,1.0,0.0,13.0,79.63846153846154,84.3,3.230769230769231,12.0,13,79.63846153846154,84.3,3.230769230769231,12.0,동,79.4,1.0,77.60000000000002,5.0,55.820000000000014
1627,주공1단지,금천구,,가산동,37.465764,126.874286,,,,,,,9.0,67.45555555555556,76.6,1.0,4.0,9,67.45555555555556,76.6,1.0,4.0,시구,67.45555555555556,1.0,29.82222222222225,5.0,22.37555555555557
1823,삼성1단지,수원시 권선구,,입북동,37.292618,126.969331,,,,,,,14.0,71.78571428571429,78.6,1.7142857142857142,4.0,57,73.70877192982455,82.6,3.3508771929824563,19.0,시구,71.78571428571429,1.7142857142857142,47.14285714285717,8.571428571428571,35.571428571428584
3972,서해,시흥시,,계수동,37.443812,126.793622,1.0,72.1,72.1,1.0,1.0,0.0,26.0,73.34230769230768,82.4,1.1153846153846154,4.0,26,73.34230769230768,82.4,1.1153846153846154,4.0,동,72.1,1.0,48.39999999999998,5.0,35.37999999999998
140365,장현더포레마제,시흥시,,장곡동,37.373365,126.788666,2.0,74.1,77.3,4.0,2.0,0.0,26.0,73.34230769230768,82.4,1.1153846153846154,4.0,26,73.34230769230768,82.4,1.1153846153846154,4.0,동,74.1,2.0,56.39999999999997,10.0,42.479999999999976
8780,장미,의왕시,,삼동,37.322282,126.956052,,,,,,,8.0,72.5875,81.0,6.714285714285714,19.0,8,72.5875,81.0,6.714285714285714,19.0,시구,72.5875,6.714285714285714,50.35000000000003,33.57142857142858,45.31642857142859
11038,벽산블루밍,하남시,,덕풍동,37.53667,127.204786,1.0,69.8,69.8,0.0,0.0,0.0,13.0,79.63846153846154,84.3,3.230769230769231,12.0,13,79.63846153846154,84.3,3.230769230769231,12.0,동,69.8,0.0,39.19999999999999,0.0,27.43999999999999
1398,반달동아,부천시 소사구,,송내동,37.492204,126.749172,1.0,75.0,75.0,4.0,4.0,0.0,7.0,70.14285714285714,78.9,2.2857142857142856,5.0,33,71.78787878787878,79.9,2.6666666666666665,13.0,동,75.0,4.0,60.0,20.0,48.0
10726,행복한한양수자인,부천시 원미구,,상동,37.501706,126.748844,3.0,75.23333333333333,76.5,11.0,3.6666666666666665,0.0,15.0,72.18,79.9,2.8666666666666667,13.0,33,71.78787878787878,79.9,2.6666666666666665,13.0,동,75.23333333333333,3.6666666666666665,60.93333333333334,18.33333333333333,48.153333333333336
19014,오목천푸르지오1단지,수원시 권선구,,고색동,37.246373,126.967143,,,,,,,14.0,71.78571428571429,78.6,1.7142857142857142,4.0,57,73.70877192982455,82.6,3.3508771929824563,19.0,시구,71.78571428571429,1.7142857142857142,47.14285714285717,8.571428571428571,35.571428571428584
22521,반달마을1단지두산위브,수원시 영통구,,망포동,37.236935,127.066448,1.0,75.6,75.6,4.0,4.0,0.0,21.0,76.75238095238095,82.6,5.571428571428571,19.0,57,73.70877192982455,82.6,3.3508771929824563,19.0,동,75.6,4.0,62.39999999999998,20.0,49.67999999999998
1921,주공9단지,안산시 단원구,,고잔동,37.323064,126.838802,1.0,68.3,68.3,1.0,1.0,0.0,15.0,68.95333333333333,76.0,0.5333333333333333,2.0,30,69.15666666666667,76.0,0.4666666666666667,2.0,동,68.3,1.0,33.19999999999999,5.0,24.73999999999999
9119,성일,부천시 원미구,,상동,37.490697,126.741395,3.0,75.23333333333333,76.5,11.0,3.6666666666666665,0.0,15.0,72.18,79.9,2.8666666666666667,13.0,33,71.78787878787878,79.9,2.6666666666666665,13.0,동,75.23333333333333,3.6666666666666665,60.93333333333334,18.33333333333333,48.153333333333336
115419,호매실스타힐스,수원시 권선구,,오목천동,37.254084,126.959066,1.0,78.6,78.6,0.0,0.0,1.0,14.0,71.78571428571429,78.6,1.7142857142857142,4.0,57,73.70877192982455,82.6,3.3508771929824563,19.0,동,78.6,0.0,74.39999999999998,0.0,52.079999999999984
121989,제일풍경채에듀,시흥시,,광석동,37.371492,126.796837,,,,,,,26.0,73.34230769230768,82.4,1.1153846153846154,4.0,26,73.34230769230768,82.4,1.1153846153846154,4.0,시구,73.34230769230768,1.1153846153846154,53.36923076923073,5.5769230769230775,39.03153846153843
8323,네오빌6단지,안산시 단원구,,고잔동,37.311107,126.834315,1.0,68.3,68.3,1.0,1.0,0.0,15.0,68.95333333333333,76.0,0.5333333333333333,2.0,30,69.15666666666667,76.0,0.4666666666666667,2.0,동,68.3,1.0,33.19999999999999,5.0,24.73999999999999
8777,효성,안양시 만안구,,박달동,37.393008,126.903416,1.0,69.8,69.8,1.0,1.0,0.0,9.0,69.76666666666667,76.6,2.2222222222222223,7.0,24,75.26666666666667,84.4,9.416666666666666,56.0,동,69.8,1.0,39.19999999999999,5.0,28.93999999999999
19508,오산역e-편한세상1단지,오산시,,가수동,37.140529,127.070257,,,,,,,10.0,74.49,79.0,0.8888888888888888,4.0,10,74.49,79.0,0.8888888888888888,4.0,시구,74.49,0.8888888888888888,57.95999999999998,4.444444444444444,41.90533333333332
26218,동탄푸른마을신일해피트리,오산시,,세교동,37.200182,127.054375,1.0,75.4,75.4,0.0,0.0,0.0,10.0,74.49,79.0,0.8888888888888888,4.0,10,74.49,79.0,0.8888888888888888,4.0,동,75.4,0.0,61.60000000000002,0.0,43.12000000000001
26460,에코타운2단지,하남시,,덕풍동,37.542568,127.210913,1.0,69.8,69.8,0.0,0.0,0.0,13.0,79.63846153846154,84.3,3.230769230769231,12.0,13,79.63846153846154,84.3,3.230769230769231,12.0,동,69.8,0.0,39.19999999999999,0.0,27.43999999999999
102876,신정이펜하우스3단지,구로구,,궁동,37.512905,126.830539,,,,,,,14.0,69.58571428571429,77.0,2.357142857142857,7.0,14,69.58571428571429,77.0,2.357142857142857,7.0,시구,69.58571428571429,2.357142857142857,38.34285714285716,11.785714285714285,30.37571428571429
122646,한강동일스위트더파크뷰1단지,김포시,,구래동,37.637067,126.633971,1.0,79.1,79.1,4.0,4.0,0.0,24.0,75.575,83.5,4.791666666666667,19.0,24,75.575,83.5,4.791666666666667,19.0,동,79.1,4.0,76.39999999999998,20.0,59.47999999999998
7976,연꽃마을벽산,수원시 장안구,,송죽동,37.298844,126.995493,1.0,70.4,70.4,0.0,0.0,0.0,13.0,73.18461538461538,78.5,2.3846153846153846,9.0,57,73.70877192982455,82.6,3.3508771929824563,19.0,동,70.4,0.0,41.60000000000002,0.0,29.12000000000001
10344,대월마을8단지대림진흥,수원시 장안구,,송죽동,37.30053,126.98861,1.0,70.4,70.4,0.0,0.0,0.0,13.0,73.18461538461538,78.5,2.3846153846153846,9.0,57,73.70877192982455,82.6,3.3508771929824563,19.0,동,70.4,0.0,41.60000000000002,0.0,29.12000000000001
2737,청구2차,시흥시,,계수동,37.44209,126.79294,1.0,72.1,72.1,1.0,1.0,0.0,26.0,73.34230769230768,82.4,1.1153846153846154,4.0,26,73.34230769230768,82.4,1.1153846153846154,4.0,동,72.1,1.0,48.39999999999998,5.0,35.37999999999998
174299,가온수플,시흥시,,목감동,37.376657,126.854555,,,,,,,26.0,73.34230769230768,82.4,1.1153846153846154,4.0,26,73.34230769230768,82.4,1.1153846153846154,4.0,시구,73.34230769230768,1.1153846153846154,53.36923076923073,5.5769230769230775,39.03153846153843
113117,미사강변동일하이빌,강동구,,강일동,37.558115,127.182767,3.0,70.3,73.7,10.0,3.333333333333333,0.0,19.0,72.88333333333334,83.6,5.526315789473684,20.0,19,72.88333333333334,83.6,5.526315789473684,20.0,동,70.3,3.333333333333333,41.19999999999999,16.666666666666664,33.83999999999999
4702,풍년2단지청구한라,김포시,,북변동,37.6224,126.71907,1.0,79.0,79.0,14.0,14.0,0.0,24.0,75.575,83.5,4.791666666666667,19.0,24,75.575,83.5,4.791666666666667,19.0,동,79.0,14.0,76.0,70.0,74.19999999999999
1393,반달삼익,부천시 소사구,,송내동,37.49348,126.75243,1.0,75.0,75.0,4.0,4.0,0.0,7.0,70.14285714285714,78.9,2.2857142857142856,5.0,33,71.78787878787878,79.9,2.6666666666666665,13.0,동,75.0,4.0,60.0,20.0,48.0
1758,삼천리권선1차,수원시 권선구,,곡반정동,37.252478,127.023906,1.0,78.1,78.1,3.0,3.0,0.0,14.0,71.78571428571429,78.6,1.7142857142857142,4.0,57,73.70877192982455,82.6,3.3508771929824563,19.0,동,78.1,3.0,72.39999999999998,15.0,55.17999999999998
115414,한양수자인파크원,수원시 권선구,,금곡동,37.264655,126.951267,2.0,75.6,76.7,7.0,3.5,0.0,14.0,71.78571428571429,78.6,1.7142857142857142,4.0,57,73.70877192982455,82.6,3.3508771929824563,19.0,동,75.6,3.5,62.39999999999998,17.5,48.92999999999998
130782,장현서한이다음포레미엘,시흥시,,광석동,37.379527,126.793922,,,,,,,26.0,73.34230769230768,82.4,1.1153846153846154,4.0,26,73.34230769230768,82.4,1.1153846153846154,4.0,시구,73.34230769230768,1.1153846153846154,53.36923076923073,5.5769230769230775,39.03153846153843
109557,호반베르디움더프라임,시흥시,,논곡동,37.384377,126.86215,1.0,67.2,67.2,0.0,0.0,0.0,26.0,73.34230769230768,82.4,1.1153846153846154,4.0,26,73.34230769230768,82.4,1.1153846153846154,4.0,동,67.2,0.0,28.800000000000008,0.0,20.160000000000004
114162,목감중흥S-클래스레이크힐스,시흥시,,목감동,37.374638,126.841216,,,,,,,26.0,73.34230769230768,82.4,1.1153846153846154,4.0,26,73.34230769230768,82.4,1.1153846153846154,4.0,시구,73.34230769230768,1.1153846153846154,53.36923076923073,5.5769230769230775,39.03153846153843
109558,목감호반써밋더레이크,시흥시,,목감동,37.376725,126.84876,,,,,,,26.0,73.34230769230768,82.4,1.1153846153846154,4.0,26,73.34230769230768,82.4,1.1153846153846154,4.0,시구,73.34230769230768,1.1153846153846154,53.36923076923073,5.5769230769230775,39.03153846153843
17562,수리산힐스테이트,안양시 만안구,,박달동,37.385247,126.902174,1.0,69.8,69.8,1.0,1.0,0.0,9.0,69.76666666666667,76.6,2.2222222222222223,7.0,24,75.26666666666667,84.4,9.416666666666666,56.0,동,69.8,1.0,39.19999999999999,5.0,28.93999999999999
24954,지석마을진흥더루벤스2단지,용인시 기흥구,,구갈동,37.260084,127.13899,1.0,75.9,75.9,1.0,1.0,0.0,18.0,75.97222222222223,81.8,5.722222222222222,17.0,50,74.958,81.8,6.041666666666667,18.0,동,75.9,1.0,63.60000000000002,5.0,46.02000000000001
26086,교동마을마북e편한세상,용인시 기흥구,,마북동,37.306825,127.12817,1.0,76.6,76.6,7.0,7.0,0.0,18.0,75.97222222222223,81.8,5.722222222222222,17.0,50,74.958,81.8,6.041666666666667,18.0,동,76.6,7.0,66.39999999999998,35.0,56.97999999999998
26128,마곡수명산파크7단지,강서구,,공항동,37.548342,126.822381,2.0,68.5,69.4,4.0,2.0,0.0,22.0,72.8,77.9,3.409090909090909,11.0,22,72.8,77.9,3.409090909090909,11.0,동,68.5,2.0,34.0,10.0,26.8
138694,삼성마을더숲,군포시,,당동,37.338987,126.930723,3.0,74.60000000000001,78.4,7.0,2.333333333333333,0.0,12.0,73.81666666666666,80.5,5.0,17.0,12,73.81666666666666,80.5,5.0,17.0,동,74.60000000000001,2.333333333333333,58.40000000000003,11.666666666666666,44.38000000000002
2078,신안,군포시,,당정동,37.357764,126.968091,1.0,69.8,69.8,3.0,3.0,0.0,12.0,73.81666666666666,80.5,5.0,17.0,12,73.81666666666666,80.5,5.0,17.0,동,69.8,3.0,39.19999999999999,15.0,31.93999999999999
10376,해든마을동문굿모닝힐,용인시 기흥구,,동백동,37.280778,127.150911,2.0,76.35,77.0,15.0,7.5,0.0,18.0,75.97222222222223,81.8,5.722222222222222,17.0,50,74.958,81.8,6.041666666666667,18.0,동,76.35,7.5,65.39999999999998,37.5,57.02999999999998
146946,힐스테이트몬테로이2단지,용인시 처인구,,모현읍,37.344142,127.256588,1.0,69.9,69.9,0.0,,0.0,16.0,71.63125,80.1,0.7857142857142857,3.0,50,74.958,81.8,6.041666666666667,18.0,동,69.9,0.7857142857142857,39.60000000000002,3.928571428571429,28.89857142857144
3724,한솔리치빌1단지,하남시,,교산동,37.533747,127.196286,,,,,,,13.0,79.63846153846154,84.3,3.230769230769231,12.0,13,79.63846153846154,84.3,3.230769230769231,12.0,시구,79.63846153846154,3.230769230769231,78.55384615384617,16.153846153846153,59.83384615384616
143074,미사강변파크뷰,강동구,,강일동,37.571112,127.188251,3.0,70.3,73.7,10.0,3.333333333333333,0.0,19.0,72.88333333333334,83.6,5.526315789473684,20.0,19,72.88333333333334,83.6,5.526315789473684,20.0,동,70.3,3.333333333333333,41.19999999999999,16.666666666666664,33.83999999999999
8393,늘푸른,안산시 단원구,,고잔동,37.306002,126.851269,1.0,68.3,68.3,1.0,1.0,0.0,15.0,68.95333333333333,76.0,0.5333333333333333,2.0,30,69.15666666666667,76.0,0.4666666666666667,2.0,동,68.3,1.0,33.19999999999999,5.0,24.73999999999999
1922,신안1차,안산시 상록구,,본오동,37.295042,126.864914,1.0,65.1,65.1,0.0,0.0,0.0,15.0,69.36,75.3,0.4,2.0,30,69.15666666666667,76.0,0.4666666666666667,2.0,동,65.1,0.0,20.399999999999977,0.0,14.279999999999983
135025,세마역에듀파크,오산시,,금암동,37.182188,127.041228,1.0,73.0,73.0,0.0,0.0,0.0,10.0,74.49,79.0,0.8888888888888888,4.0,10,74.49,79.0,0.8888888888888888,4.0,동,73.0,0.0,52.0,0.0,36.4
145475,역북우남퍼스트빌2단지,용인시 처인구,,김량장동,37.241793,127.195716,2.0,74.5,80.1,3.0,1.5,0.0,16.0,71.63125,80.1,0.7857142857142857,3.0,50,74.958,81.8,6.041666666666667,18.0,동,74.5,1.5,57.99999999999999,7.5,42.85
115505,미사강변센트럴풍경채,강동구,,강일동,37.556806,127.183115,3.0,70.3,73.7,10.0,3.333333333333333,0.0,19.0,72.88333333333334,83.6,5.526315789473684,20.0,19,72.88333333333334,83.6,5.526315789473684,20.0,동,70.3,3.333333333333333,41.19999999999999,16.666666666666664,33.83999999999999
26242,한강신도시어울림,김포시,,장기동,37.644837,126.66458,2.0,74.25,75.1,17.0,8.5,0.0,24.0,75.575,83.5,4.791666666666667,19.0,24,75.575,83.5,4.791666666666667,19.0,동,74.25,8.5,56.99999999999999,42.5,52.64999999999999
1428,연화건영,부천시 소사구,,송내동,37.495074,126.781602,1.0,75.0,75.0,4.0,4.0,0.0,7.0,70.14285714285714,78.9,2.2857142857142856,5.0,33,71.78787878787878,79.9,2.6666666666666665,13.0,동,75.0,4.0,60.0,20.0,48.0
1406,"한아름라이프,현대",부천시 원미구,,상동,37.495408,126.749718,3.0,75.23333333333333,76.5,11.0,3.6666666666666665,0.0,15.0,72.18,79.9,2.8666666666666667,13.0,33,71.78787878787878,79.9,2.6666666666666665,13.0,동,75.23333333333333,3.6666666666666665,60.93333333333334,18.33333333333333,48.153333333333336
9945,백송상동자이,부천시 원미구,,상동,37.500461,126.748718,3.0,75.23333333333333,76.5,11.0,3.6666666666666665,0.0,15.0,72.18,79.9,2.8666666666666667,13.0,33,71.78787878787878,79.9,2.6666666666666665,13.0,동,75.23333333333333,3.6666666666666665,60.93333333333334,18.33333333333333,48.153333333333336
144628,안산한신더휴,시흥시,,군자동,37.339676,126.801882,,,,,,,26.0,73.34230769230768,82.4,1.1153846153846154,4.0,26,73.34230769230768,82.4,1.1153846153846154,4.0,시구,73.34230769230768,1.1153846153846154,53.36923076923073,5.5769230769230775,39.03153846153843
108811,네이처하임,시흥시,,목감동,37.379935,126.864663,,,,,,,26.0,73.34230769230768,82.4,1.1153846153846154,4.0,26,73.34230769230768,82.4,1.1153846153846154,4.0,시구,73.34230769230768,1.1153846153846154,53.36923076923073,5.5769230769230775,39.03153846153843
113309,김포한강이랜드타운힐스,김포시,,운양동,37.654821,126.676413,1.0,83.5,83.5,14.0,14.0,0.0,24.0,75.575,83.5,4.791666666666667,19.0,24,75.575,83.5,4.791666666666667,19.0,동,83.5,14.0,94.0,70.0,86.8
3611,백송풍림아이원,부천시 원미구,,상동,37.49871,126.74879,3.0,75.23333333333333,76.5,11.0,3.6666666666666665,0.0,15.0,72.18,79.9,2.8666666666666667,13.0,33,71.78787878787878,79.9,2.6666666666666665,13.0,동,75.23333333333333,3.6666666666666665,60.93333333333334,18.33333333333333,48.153333333333336
108819,목감한양수자인,시흥시,,논곡동,37.388448,126.859966,1.0,67.2,67.2,0.0,0.0,0.0,26.0,73.34230769230768,82.4,1.1153846153846154,4.0,26,73.34230769230768,82.4,1.1153846153846154,4.0,동,67.2,0.0,28.800000000000008,0.0,20.160000000000004
11772,군자주공14단지,안산시 단원구,,고잔동,37.33327,126.81502,1.0,68.3,68.3,1.0,1.0,0.0,15.0,68.95333333333333,76.0,0.5333333333333333,2.0,30,69.15666666666667,76.0,0.4666666666666667,2.0,동,68.3,1.0,33.19999999999999,5.0,24.73999999999999
103981,오산대역엘크루,오산시,,궐동,37.170781,127.068175,,,,,,,10.0,74.49,79.0,0.8888888888888888,4.0,10,74.49,79.0,0.8888888888888888,4.0,시구,74.49,0.8888888888888888,57.95999999999998,4.444444444444444,41.90533333333332
18367,금전마을계룡리슈빌,용인시 처인구,,유방동,37.266486,127.216137,,,,,,,16.0,71.63125,80.1,0.7857142857142857,3.0,50,74.958,81.8,6.041666666666667,18.0,시구,71.63125,0.7857142857142857,46.52499999999998,3.928571428571429,33.74607142857141
110459,SK뷰파크2차,화성시 동탄구,,능동,37.217105,127.053283,,,,,,,,,,,,49,76.79795918367347,85.6,3.6222222222222222,20.0,시,76.79795918367347,3.6222222222222222,67.19183673469388,18.11111111111111,52.467619047619046
15137,신일해피트리,구로구,,온수동,37.479414,126.809828,,,,,,,14.0,69.58571428571429,77.0,2.357142857142857,7.0,14,69.58571428571429,77.0,2.357142857142857,7.0,시구,69.58571428571429,2.357142857142857,38.34285714285716,11.785714285714285,30.37571428571429
106200,미사강변루나리움,강동구,,강일동,37.568151,127.180793,3.0,70.3,73.7,10.0,3.333333333333333,0.0,19.0,72.88333333333334,83.6,5.526315789473684,20.0,19,72.88333333333334,83.6,5.526315789473684,20.0,동,70.3,3.333333333333333,41.19999999999999,16.666666666666664,33.83999999999999
2896,금강주공9단지2차,군포시,,금정동,37.360971,126.92252,2.0,70.44999999999999,74.8,3.0,1.5,0.0,12.0,73.81666666666666,80.5,5.0,17.0,12,73.81666666666666,80.5,5.0,17.0,동,70.44999999999999,1.5,41.79999999999996,7.5,31.50999999999997
112810,한강신도시레이크에일린의뜰,김포시,,구래동,37.643903,126.637715,1.0,79.1,79.1,4.0,4.0,0.0,24.0,75.575,83.5,4.791666666666667,19.0,24,75.575,83.5,4.791666666666667,19.0,동,79.1,4.0,76.39999999999998,20.0,59.47999999999998
100674,수정마을쌍용예가,김포시,,운양동,37.642542,126.680835,1.0,83.5,83.5,14.0,14.0,0.0,24.0,75.575,83.5,4.791666666666667,19.0,24,75.575,83.5,4.791666666666667,19.0,동,83.5,14.0,94.0,70.0,86.8
109529,시흥목감한신더휴센트럴파크,시흥시,,목감동,37.375132,126.849201,,,,,,,26.0,73.34230769230768,82.4,1.1153846153846154,4.0,26,73.34230769230768,82.4,1.1153846153846154,4.0,시구,73.34230769230768,1.1153846153846154,53.36923076923073,5.5769230769230775,39.03153846153843
110216,시흥배곧한신더휴,시흥시,,배곧동,37.371908,126.731273,,,,,,,26.0,73.34230769230768,82.4,1.1153846153846154,4.0,26,73.34230769230768,82.4,1.1153846153846154,4.0,시구,73.34230769230768,1.1153846153846154,53.36923076923073,5.5769230769230775,39.03153846153843
118123,금강펜테리움센트럴파크3차,군포시,,대야미동,37.316464,126.926076,,,,,,,12.0,73.81666666666666,80.5,5.0,17.0,12,73.81666666666666,80.5,5.0,17.0,시구,73.81666666666666,5.0,55.26666666666665,25.0,46.18666666666665
128038,청송마을모아미래도엘가,김포시,,마산동,37.649824,126.662202,,,,,,,24.0,75.575,83.5,4.791666666666667,19.0,24,75.575,83.5,4.791666666666667,19.0,시구,75.575,4.791666666666667,62.30000000000001,23.958333333333336,50.79750000000001
2487,삼익,부천시 소사구,,송내동,37.482443,126.770399,1.0,75.0,75.0,4.0,4.0,0.0,7.0,70.14285714285714,78.9,2.2857142857142856,5.0,33,71.78787878787878,79.9,2.6666666666666665,13.0,동,75.0,4.0,60.0,20.0,48.0
2672,코오롱하늘채,수원시 권선구,,구운동,37.285039,126.975513,1.0,65.9,65.9,0.0,0.0,0.0,14.0,71.78571428571429,78.6,1.7142857142857142,4.0,57,73.70877192982455,82.6,3.3508771929824563,19.0,동,65.9,0.0,23.600000000000023,0.0,16.520000000000014
3667,주공그린빌8단지,안산시 단원구,,고잔동,37.310608,126.837617,1.0,68.3,68.3,1.0,1.0,0.0,15.0,68.95333333333333,76.0,0.5333333333333333,2.0,30,69.15666666666667,76.0,0.4666666666666667,2.0,동,68.3,1.0,33.19999999999999,5.0,24.73999999999999
3668,주공그린빌9단지,안산시 단원구,,고잔동,37.31047,126.84018,1.0,68.3,68.3,1.0,1.0,0.0,15.0,68.95333333333333,76.0,0.5333333333333333,2.0,30,69.15666666666667,76.0,0.4666666666666667,2.0,동,68.3,1.0,33.19999999999999,5.0,24.73999999999999
1935,예누림,안산시 상록구,,본오동,37.290345,126.85444,1.0,65.1,65.1,0.0,0.0,0.0,15.0,69.36,75.3,0.4,2.0,30,69.15666666666667,76.0,0.4666666666666667,2.0,동,65.1,0.0,20.399999999999977,0.0,14.279999999999983
2509,언남동부,용인시 기흥구,,마북동,37.293397,127.122979,1.0,76.6,76.6,7.0,7.0,0.0,18.0,75.97222222222223,81.8,5.722222222222222,17.0,50,74.958,81.8,6.041666666666667,18.0,동,76.6,7.0,66.39999999999998,35.0,56.97999999999998
118655,한강메트로자이3단지,김포시,,감정동,37.637099,126.702364,1.0,74.5,74.5,0.0,0.0,0.0,24.0,75.575,83.5,4.791666666666667,19.0,24,75.575,83.5,4.791666666666667,19.0,동,74.5,0.0,57.99999999999999,0.0,40.6
1399,반달선경,부천시 소사구,,송내동,37.493221,126.749099,1.0,75.0,75.0,4.0,4.0,0.0,7.0,70.14285714285714,78.9,2.2857142857142856,5.0,33,71.78787878787878,79.9,2.6666666666666665,13.0,동,75.0,4.0,60.0,20.0,48.0
107336,목감퍼스트리움,시흥시,,목감동,37.380183,126.859624,,,,,,,26.0,73.34230769230768,82.4,1.1153846153846154,4.0,26,73.34230769230768,82.4,1.1153846153846154,4.0,시구,73.34230769230768,1.1153846153846154,53.36923076923073,5.5769230769230775,39.03153846153843
8391,주공그린빌11단지,안산시 단원구,,고잔동,37.311934,126.818622,1.0,68.3,68.3,1.0,1.0,0.0,15.0,68.95333333333333,76.0,0.5333333333333333,2.0,30,69.15666666666667,76.0,0.4666666666666667,2.0,동,68.3,1.0,33.19999999999999,5.0,24.73999999999999
23768,푸른마을포스코더샵2차,오산시,,세교동,37.203129,127.057797,1.0,75.4,75.4,0.0,0.0,0.0,10.0,74.49,79.0,0.8888888888888888,4.0,10,74.49,79.0,0.8888888888888888,4.0,동,75.4,0.0,61.60000000000002,0.0,43.12000000000001
8866,부천범박힐스테이트6단지,구로구,,항동,37.469214,126.806271,1.0,72.2,72.2,2.0,2.0,0.0,14.0,69.58571428571429,77.0,2.357142857142857,7.0,14,69.58571428571429,77.0,2.357142857142857,7.0,동,72.2,2.0,48.80000000000001,10.0,37.16
130790,시흥장현예다음아르테,시흥시,,장곡동,37.380354,126.790573,2.0,74.1,77.3,4.0,2.0,0.0,26.0,73.34230769230768,82.4,1.1153846153846154,4.0,26,73.34230769230768,82.4,1.1153846153846154,4.0,동,74.1,2.0,56.39999999999997,10.0,42.479999999999976
110639,목감레이크푸르지오,시흥시,,목감동,37.376072,126.843084,,,,,,,26.0,73.34230769230768,82.4,1.1153846153846154,4.0,26,73.34230769230768,82.4,1.1153846153846154,4.0,시구,73.34230769230768,1.1153846153846154,53.36923076923073,5.5769230769230775,39.03153846153843
19622,오산역e-편한세상2단지,오산시,,가수동,37.137563,127.071228,,,,,,,10.0,74.49,79.0,0.8888888888888888,4.0,10,74.49,79.0,0.8888888888888888,4.0,시구,74.49,0.8888888888888888,57.95999999999998,4.444444444444444,41.90533333333332
9663,에코타운1단지,하남시,,덕풍동,37.540822,127.209981,1.0,69.8,69.8,0.0,0.0,0.0,13.0,79.63846153846154,84.3,3.230769230769231,12.0,13,79.63846153846154,84.3,3.230769230769231,12.0,동,69.8,0.0,39.19999999999999,0.0,27.43999999999999
118214,LH송정마을,군포시,,도마교동,37.313687,126.926181,,,,,,,12.0,73.81666666666666,80.5,5.0,17.0,12,73.81666666666666,80.5,5.0,17.0,시구,73.81666666666666,5.0,55.26666666666665,25.0,46.18666666666665
3725,신영통현대1단지,수원시 영통구,,망포동,37.234132,127.059541,1.0,75.6,75.6,4.0,4.0,0.0,21.0,76.75238095238095,82.6,5.571428571428571,19.0,57,73.70877192982455,82.6,3.3508771929824563,19.0,동,75.6,4.0,62.39999999999998,20.0,49.67999999999998
119516,제일풍경채더숲,시흥시,,계수동,37.440167,126.806145,1.0,72.1,72.1,1.0,1.0,0.0,26.0,73.34230769230768,82.4,1.1153846153846154,4.0,26,73.34230769230768,82.4,1.1153846153846154,4.0,동,72.1,1.0,48.39999999999998,5.0,35.37999999999998
1956,주공10단지,안산시 단원구,,고잔동,37.321678,126.847251,1.0,68.3,68.3,1.0,1.0,0.0,15.0,68.95333333333333,76.0,0.5333333333333333,2.0,30,69.15666666666667,76.0,0.4666666666666667,2.0,동,68.3,1.0,33.19999999999999,5.0,24.73999999999999
1939,상록수현대2차,안산시 상록구,,본오동,37.29166,126.85454,1.0,65.1,65.1,0.0,0.0,0.0,15.0,69.36,75.3,0.4,2.0,30,69.15666666666667,76.0,0.4666666666666667,2.0,동,65.1,0.0,20.399999999999977,0.0,14.279999999999983
1979,극동,안양시 만안구,,박달동,37.400161,126.903244,1.0,69.8,69.8,1.0,1.0,0.0,9.0,69.76666666666667,76.6,2.2222222222222223,7.0,24,75.26666666666667,84.4,9.416666666666666,56.0,동,69.8,1.0,39.19999999999999,5.0,28.93999999999999
3617,송내대우,부천시 소사구,,송내동,37.481157,126.768905,1.0,75.0,75.0,4.0,4.0,0.0,7.0,70.14285714285714,78.9,2.2857142857142856,5.0,33,71.78787878787878,79.9,2.6666666666666665,13.0,동,75.0,4.0,60.0,20.0,48.0
25374,송내e-편한세상,부천시 소사구,,송내동,37.478867,126.767055,1.0,75.0,75.0,4.0,4.0,0.0,7.0,70.14285714285714,78.9,2.2857142857142856,5.0,33,71.78787878787878,79.9,2.6666666666666665,13.0,동,75.0,4.0,60.0,20.0,48.0
111111,신안인스빌엘센트로,시흥시,,목감동,37.37368,126.853786,,,,,,,26.0,73.34230769230768,82.4,1.1153846153846154,4.0,26,73.34230769230768,82.4,1.1153846153846154,4.0,시구,73.34230769230768,1.1153846153846154,53.36923076923073,5.5769230769230775,39.03153846153843
10723,오산대역우미린,오산시,,궐동,37.172155,127.057427,,,,,,,10.0,74.49,79.0,0.8888888888888888,4.0,10,74.49,79.0,0.8888888888888888,4.0,시구,74.49,0.8888888888888888,57.95999999999998,4.444444444444444,41.90533333333332
26219,동탄푸른마을모아미래도,오산시,,세교동,37.20084,127.057769,1.0,75.4,75.4,0.0,0.0,0.0,10.0,74.49,79.0,0.8888888888888888,4.0,10,74.49,79.0,0.8888888888888888,4.0,동,75.4,0.0,61.60000000000002,0.0,43.12000000000001
2146,덕풍서해,하남시,,덕풍동,37.543059,127.197336,1.0,69.8,69.8,0.0,0.0,0.0,13.0,79.63846153846154,84.3,3.230769230769231,12.0,13,79.63846153846154,84.3,3.230769230769231,12.0,동,69.8,0.0,39.19999999999999,0.0,27.43999999999999
8719,진모루마을현대,하남시,,덕풍동,37.541381,127.205902,1.0,69.8,69.8,0.0,0.0,0.0,13.0,79.63846153846154,84.3,3.230769230769231,12.0,13,79.63846153846154,84.3,3.230769230769231,12.0,동,69.8,0.0,39.19999999999999,0.0,27.43999999999999
11109,주공1단지,화성시 동탄구,,능동,37.207729,127.04039,,,,,,,,,,,,49,76.79795918367347,85.6,3.6222222222222222,20.0,시,76.79795918367347,3.6222222222222222,67.19183673469388,18.11111111111111,52.467619047619046
8759,신정e-편한세상,구로구,,고척동,37.512768,126.843153,1.0,67.6,67.6,7.0,7.0,0.0,14.0,69.58571428571429,77.0,2.357142857142857,7.0,14,69.58571428571429,77.0,2.357142857142857,7.0,동,67.6,7.0,30.399999999999977,35.0,31.779999999999983
103405,한강신도시푸르지오,김포시,,운양동,37.649336,126.67726,1.0,83.5,83.5,14.0,14.0,0.0,24.0,75.575,83.5,4.791666666666667,19.0,24,75.575,83.5,4.791666666666667,19.0,동,83.5,14.0,94.0,70.0,86.8
104300,서수원레이크푸르지오2단지,수원시 권선구,,당수동,37.299134,126.953011,,,,,,,14.0,71.78571428571429,78.6,1.7142857142857142,4.0,57,73.70877192982455,82.6,3.3508771929824563,19.0,시구,71.78571428571429,1.7142857142857142,47.14285714285717,8.571428571428571,35.571428571428584
3726,신영통현대타운2단지,수원시 영통구,,망포동,37.231792,127.056606,1.0,75.6,75.6,4.0,4.0,0.0,21.0,76.75238095238095,82.6,5.571428571428571,19.0,57,73.70877192982455,82.6,3.3508771929824563,19.0,동,75.6,4.0,62.39999999999998,20.0,49.67999999999998
3657,우남,시흥시,,계수동,37.445108,126.800585,1.0,72.1,72.1,1.0,1.0,0.0,26.0,73.34230769230768,82.4,1.1153846153846154,4.0,26,73.34230769230768,82.4,1.1153846153846154,4.0,동,72.1,1.0,48.39999999999998,5.0,35.37999999999998
11753,안산신길온천역휴먼빌1차,시흥시,,군자동,37.33696,126.772098,,,,,,,26.0,73.34230769230768,82.4,1.1153846153846154,4.0,26,73.34230769230768,82.4,1.1153846153846154,4.0,시구,73.34230769230768,1.1153846153846154,53.36923076923073,5.5769230769230775,39.03153846153843
188497,호수품애,시흥시,,목감동,37.374579,126.843426,,,,,,,26.0,73.34230769230768,82.4,1.1153846153846154,4.0,26,73.34230769230768,82.4,1.1153846153846154,4.0,시구,73.34230769230768,1.1153846153846154,53.36923076923073,5.5769230769230775,39.03153846153843
128376,유승한내들퍼스트파크,시흥시,,장곡동,37.378011,126.791239,2.0,74.1,77.3,4.0,2.0,0.0,26.0,73.34230769230768,82.4,1.1153846153846154,4.0,26,73.34230769230768,82.4,1.1153846153846154,4.0,동,74.1,2.0,56.39999999999997,10.0,42.479999999999976
10717,다정마을병점역신한에스빌1단지,화성시 병점구,,기산동,37.209858,127.038425,,,,,,,,,,,,49,76.79795918367347,85.6,3.6222222222222222,20.0,시,76.79795918367347,3.6222222222222222,67.19183673469388,18.11111111111111,52.467619047619046
2073,백합,군포시,,당정동,37.356173,126.969625,1.0,69.8,69.8,3.0,3.0,0.0,12.0,73.81666666666666,80.5,5.0,17.0,12,73.81666666666666,80.5,5.0,17.0,동,69.8,3.0,39.19999999999999,15.0,31.93999999999999
17269,동신3차,수원시 장안구,,송죽동,37.301092,126.996049,1.0,70.4,70.4,0.0,0.0,0.0,13.0,73.18461538461538,78.5,2.3846153846153846,9.0,57,73.70877192982455,82.6,3.3508771929824563,19.0,동,70.4,0.0,41.60000000000002,0.0,29.12000000000001
111479,서창센트럴푸르지오,시흥시,,방산동,37.429441,126.748747,,,,,,,26.0,73.34230769230768,82.4,1.1153846153846154,4.0,26,73.34230769230768,82.4,1.1153846153846154,4.0,시구,73.34230769230768,1.1153846153846154,53.36923076923073,5.5769230769230775,39.03153846153843
2677,성원,수원시 권선구,,구운동,37.28346,126.97617,1.0,65.9,65.9,0.0,0.0,0.0,14.0,71.78571428571429,78.6,1.7142857142857142,4.0,57,73.70877192982455,82.6,3.3508771929824563,19.0,동,65.9,0.0,23.600000000000023,0.0,16.520000000000014
109819,호반베르디움더센트럴,수원시 권선구,,금곡동,37.270272,126.951303,2.0,75.6,76.7,7.0,3.5,0.0,14.0,71.78571428571429,78.6,1.7142857142857142,4.0,57,73.70877192982455,82.6,3.3508771929824563,19.0,동,75.6,3.5,62.39999999999998,17.5,48.92999999999998
17498,한화꿈에그린,시흥시,,군자동,37.326817,126.803145,,,,,,,26.0,73.34230769230768,82.4,1.1153846153846154,4.0,26,73.34230769230768,82.4,1.1153846153846154,4.0,시구,73.34230769230768,1.1153846153846154,53.36923076923073,5.5769230769230775,39.03153846153843
2788,서해,군포시,,도마교동,37.30562,126.90477,,,,,,,12.0,73.81666666666666,80.5,5.0,17.0,12,73.81666666666666,80.5,5.0,17.0,시구,73.81666666666666,5.0,55.26666666666665,25.0,46.18666666666665
3877,북변산호,김포시,,감정동,37.62868,126.70485,1.0,74.5,74.5,0.0,0.0,0.0,24.0,75.575,83.5,4.791666666666667,19.0,24,75.575,83.5,4.791666666666667,19.0,동,74.5,0.0,57.99999999999999,0.0,40.6
1712,부천극동,부천시 소사구,,소사본동,37.477252,126.781391,1.0,66.1,66.1,1.0,1.0,0.0,7.0,70.14285714285714,78.9,2.2857142857142856,5.0,33,71.78787878787878,79.9,2.6666666666666665,13.0,동,66.1,1.0,24.399999999999977,5.0,18.579999999999984
1875,시흥성원,시흥시,,계수동,37.44313,126.79882,1.0,72.1,72.1,1.0,1.0,0.0,26.0,73.34230769230768,82.4,1.1153846153846154,4.0,26,73.34230769230768,82.4,1.1153846153846154,4.0,동,72.1,1.0,48.39999999999998,5.0,35.37999999999998
26355,물푸레마을휴먼시아3단지,용인시 기흥구,,동백동,37.299675,127.151048,2.0,76.35,77.0,15.0,7.5,0.0,18.0,75.97222222222223,81.8,5.722222222222222,17.0,50,74.958,81.8,6.041666666666667,18.0,동,76.35,7.5,65.39999999999998,37.5,57.02999999999998
3930,"풍년1단지동양,신명",김포시,,북변동,37.620711,126.721003,1.0,79.0,79.0,14.0,14.0,0.0,24.0,75.575,83.5,4.791666666666667,19.0,24,75.575,83.5,4.791666666666667,19.0,동,79.0,14.0,76.0,70.0,74.19999999999999
2425,풍림,부천시 원미구,,상동,37.483017,126.743616,3.0,75.23333333333333,76.5,11.0,3.6666666666666665,0.0,15.0,72.18,79.9,2.8666666666666667,13.0,33,71.78787878787878,79.9,2.6666666666666665,13.0,동,75.23333333333333,3.6666666666666665,60.93333333333334,18.33333333333333,48.153333333333336
2498,보성,시흥시,,배곧동,37.362292,126.734817,,,,,,,26.0,73.34230769230768,82.4,1.1153846153846154,4.0,26,73.34230769230768,82.4,1.1153846153846154,4.0,시구,73.34230769230768,1.1153846153846154,53.36923076923073,5.5769230769230775,39.03153846153843
114567,서동탄역파크자이2차,오산시,,세교동,37.202047,127.047446,1.0,75.4,75.4,0.0,0.0,0.0,10.0,74.49,79.0,0.8888888888888888,4.0,10,74.49,79.0,0.8888888888888888,4.0,동,75.4,0.0,61.60000000000002,0.0,43.12000000000001
9413,하얀경남,부천시 원미구,,상동,37.498114,126.754264,3.0,75.23333333333333,76.5,11.0,3.6666666666666665,0.0,15.0,72.18,79.9,2.8666666666666667,13.0,33,71.78787878787878,79.9,2.6666666666666665,13.0,동,75.23333333333333,3.6666666666666665,60.93333333333334,18.33333333333333,48.153333333333336
3600,백송동남디아망,부천시 원미구,,상동,37.498111,126.750533,3.0,75.23333333333333,76.5,11.0,3.6666666666666665,0.0,15.0,72.18,79.9,2.8666666666666667,13.0,33,71.78787878787878,79.9,2.6666666666666665,13.0,동,75.23333333333333,3.6666666666666665,60.93333333333334,18.33333333333333,48.153333333333336
2671,강남,수원시 권선구,,구운동,37.28182,126.97658,1.0,65.9,65.9,0.0,0.0,0.0,14.0,71.78571428571429,78.6,1.7142857142857142,4.0,57,73.70877192982455,82.6,3.3508771929824563,19.0,동,65.9,0.0,23.600000000000023,0.0,16.520000000000014
13289,월곶풍림아이원3차,시흥시,,월곶동,37.386665,126.742323,1.0,75.6,75.6,1.0,1.0,0.0,26.0,73.34230769230768,82.4,1.1153846153846154,4.0,26,73.34230769230768,82.4,1.1153846153846154,4.0,동,75.6,1.0,62.39999999999998,5.0,45.17999999999998
26142,한보라더힐,용인시 기흥구,,공세동,37.247505,127.107227,,,,,,,18.0,75.97222222222223,81.8,5.722222222222222,17.0,50,74.958,81.8,6.041666666666667,18.0,시구,75.97222222222223,5.722222222222222,63.888888888888914,28.61111111111111,53.30555555555557
103169,서천마을쌍용예가,용인시 기흥구,,농서동,37.235835,127.074441,,,,,,,18.0,75.97222222222223,81.8,5.722222222222222,17.0,50,74.958,81.8,6.041666666666667,18.0,시구,75.97222222222223,5.722222222222222,63.888888888888914,28.61111111111111,53.30555555555557
3360,관악우방,금천구,,시흥동,37.449071,126.914149,1.0,72.5,72.5,2.0,2.0,1.0,9.0,67.45555555555556,76.6,1.0,4.0,9,67.45555555555556,76.6,1.0,4.0,동,72.5,2.0,50.0,10.0,38.0
143079,미사강변트래지안,강동구,,강일동,37.572473,127.192436,3.0,70.3,73.7,10.0,3.333333333333333,0.0,19.0,72.88333333333334,83.6,5.526315789473684,20.0,19,72.88333333333334,83.6,5.526315789473684,20.0,동,70.3,3.333333333333333,41.19999999999999,16.666666666666664,33.83999999999999
104998,삼성마을센트럴파크,군포시,,당동,37.33764,126.931238,3.0,74.60000000000001,78.4,7.0,2.333333333333333,0.0,12.0,73.81666666666666,80.5,5.0,17.0,12,73.81666666666666,80.5,5.0,17.0,동,74.60000000000001,2.333333333333333,58.40000000000003,11.666666666666666,44.38000000000002
1953,선경,안산시 단원구,,고잔동,37.325527,126.843785,1.0,68.3,68.3,1.0,1.0,0.0,15.0,68.95333333333333,76.0,0.5333333333333333,2.0,30,69.15666666666667,76.0,0.4666666666666667,2.0,동,68.3,1.0,33.19999999999999,5.0,24.73999999999999
114098,그랑시티자이(주거복합),안산시 상록구,,사동,37.282783,126.830429,2.0,65.45,73.7,2.0,1.0,0.0,15.0,69.36,75.3,0.4,2.0,30,69.15666666666667,76.0,0.4666666666666667,2.0,동,65.45,1.0,21.80000000000001,5.0,16.760000000000005
9993,민속마을현대모닝사이드,용인시 기흥구,,공세동,37.251406,127.119886,,,,,,,18.0,75.97222222222223,81.8,5.722222222222222,17.0,50,74.958,81.8,6.041666666666667,18.0,시구,75.97222222222223,5.722222222222222,63.888888888888914,28.61111111111111,53.30555555555557
3681,교동마을엘지자이,용인시 기흥구,,마북동,37.304584,127.126018,1.0,76.6,76.6,7.0,7.0,0.0,18.0,75.97222222222223,81.8,5.722222222222222,17.0,50,74.958,81.8,6.041666666666667,18.0,동,76.6,7.0,66.39999999999998,35.0,56.97999999999998
145472,역북우남퍼스트빌1단지,용인시 처인구,,김량장동,37.243138,127.197025,2.0,74.5,80.1,3.0,1.5,0.0,16.0,71.63125,80.1,0.7857142857142857,3.0,50,74.958,81.8,6.041666666666667,18.0,동,74.5,1.5,57.99999999999999,7.5,42.85
148117,신검단중앙역풍경채어바니티2차,김포시,,감정동,37.611302,126.697016,1.0,74.5,74.5,0.0,0.0,0.0,24.0,75.575,83.5,4.791666666666667,19.0,24,75.575,83.5,4.791666666666667,19.0,동,74.5,0.0,57.99999999999999,0.0,40.6
148541,힐스테이트신검단센트럴,김포시,,사우동,37.606326,126.697177,1.0,75.9,75.9,5.0,5.0,0.0,24.0,75.575,83.5,4.791666666666667,19.0,24,75.575,83.5,4.791666666666667,19.0,동,75.9,5.0,63.60000000000002,25.0,52.02000000000001
110544,한강신도시2차KCC스위첸,김포시,,운양동,37.643862,126.691286,1.0,83.5,83.5,14.0,14.0,0.0,24.0,75.575,83.5,4.791666666666667,19.0,24,75.575,83.5,4.791666666666667,19.0,동,83.5,14.0,94.0,70.0,86.8
124980,검단신도시푸르지오더베뉴,김포시,,풍무동,37.598321,126.709549,2.0,79.1,82.1,24.0,12.0,0.0,24.0,75.575,83.5,4.791666666666667,19.0,24,75.575,83.5,4.791666666666667,19.0,동,79.1,12.0,76.39999999999998,60.0,71.47999999999999
137351,쌍용더플래티넘프리미어,안성시,,공도읍,36.995526,127.165764,3.0,73.8,75.8,1.0,0.3333333333333333,0.0,13.0,70.87692307692308,78.5,0.1538461538461538,1.0,13,70.87692307692308,78.5,0.1538461538461538,1.0,동,73.8,0.3333333333333333,55.2,1.6666666666666667,39.13999999999999
180097,오산세교우미린센트럴시티,오산시,,가수동,37.13575,127.044676,,,,,,,10.0,74.49,79.0,0.8888888888888888,4.0,10,74.49,79.0,0.8888888888888888,4.0,시구,74.49,0.8888888888888888,57.95999999999998,4.444444444444444,41.90533333333332
137731,오산롯데캐슬스카이파크,오산시,,고현동,37.139977,127.094306,,,,,,,10.0,74.49,79.0,0.8888888888888888,4.0,10,74.49,79.0,0.8888888888888888,4.0,시구,74.49,0.8888888888888888,57.95999999999998,4.444444444444444,41.90533333333332
23766,동탄푸른마을두산위브,오산시,,세교동,37.203354,127.054347,1.0,75.4,75.4,0.0,0.0,0.0,10.0,74.49,79.0,0.8888888888888888,4.0,10,74.49,79.0,0.8888888888888888,4.0,동,75.4,0.0,61.60000000000002,0.0,43.12000000000001
124846,검단금호어울림센트럴(AB14BL),김포시,,풍무동,37.596858,126.714143,2.0,79.1,82.1,24.0,12.0,0.0,24.0,75.575,83.5,4.791666666666667,19.0,24,75.575,83.5,4.791666666666667,19.0,동,79.1,12.0,76.39999999999998,60.0,71.47999999999999
3660,호수공원대림,안산시 단원구,,고잔동,37.306988,126.823223,1.0,68.3,68.3,1.0,1.0,0.0,15.0,68.95333333333333,76.0,0.5333333333333333,2.0,30,69.15666666666667,76.0,0.4666666666666667,2.0,동,68.3,1.0,33.19999999999999,5.0,24.73999999999999
1933,신우,안산시 상록구,,본오동,37.28902,126.85416,1.0,65.1,65.1,0.0,0.0,0.0,15.0,69.36,75.3,0.4,2.0,30,69.15666666666667,76.0,0.4666666666666667,2.0,동,65.1,0.0,20.399999999999977,0.0,14.279999999999983
117350,그랑시티자이2차(주거복합),안산시 상록구,,사동,37.280385,126.831797,2.0,65.45,73.7,2.0,1.0,0.0,15.0,69.36,75.3,0.4,2.0,30,69.15666666666667,76.0,0.4666666666666667,2.0,동,65.45,1.0,21.80000000000001,5.0,16.760000000000005
3674,수원동마을쌍용3단지,용인시 기흥구,,중동,37.257237,127.137861,1.0,79.1,79.1,6.0,6.0,0.0,18.0,75.97222222222223,81.8,5.722222222222222,17.0,50,74.958,81.8,6.041666666666667,18.0,동,79.1,6.0,76.39999999999998,30.0,62.47999999999998
1626,주공2단지,금천구,,가산동,37.466173,126.875648,,,,,,,9.0,67.45555555555556,76.6,1.0,4.0,9,67.45555555555556,76.6,1.0,4.0,시구,67.45555555555556,1.0,29.82222222222225,5.0,22.37555555555557
1424,보람마을동남,부천시 원미구,,상동,37.49726,126.76069,3.0,75.23333333333333,76.5,11.0,3.6666666666666665,0.0,15.0,72.18,79.9,2.8666666666666667,13.0,33,71.78787878787878,79.9,2.6666666666666665,13.0,동,75.23333333333333,3.6666666666666665,60.93333333333334,18.33333333333333,48.153333333333336
173937,그레미움,시흥시,,목감동,37.372091,126.85589,,,,,,,26.0,73.34230769230768,82.4,1.1153846153846154,4.0,26,73.34230769230768,82.4,1.1153846153846154,4.0,시구,73.34230769230768,1.1153846153846154,53.36923076923073,5.5769230769230775,39.03153846153843
2072,목련,군포시,,당정동,37.35508,126.970295,1.0,69.8,69.8,3.0,3.0,0.0,12.0,73.81666666666666,80.5,5.0,17.0,12,73.81666666666666,80.5,5.0,17.0,동,69.8,3.0,39.19999999999999,15.0,31.93999999999999
101481,의왕역센트럴파크,군포시,,대야미동,37.322157,126.933974,,,,,,,12.0,73.81666666666666,80.5,5.0,17.0,12,73.81666666666666,80.5,5.0,17.0,시구,73.81666666666666,5.0,55.26666666666665,25.0,46.18666666666665
110479,김포한강신도시모아엘가2차,김포시,,구래동,37.638478,126.629816,1.0,79.1,79.1,4.0,4.0,0.0,24.0,75.575,83.5,4.791666666666667,19.0,24,75.575,83.5,4.791666666666667,19.0,동,79.1,4.0,76.39999999999998,20.0,59.47999999999998
11144,송내복사골뜨란채,부천시 소사구,,송내동,37.481186,126.756151,1.0,75.0,75.0,4.0,4.0,0.0,7.0,70.14285714285714,78.9,2.2857142857142856,5.0,33,71.78787878787878,79.9,2.6666666666666665,13.0,동,75.0,4.0,60.0,20.0,48.0
1418,무지개LG,부천시 원미구,,상동,37.49669,126.76656,3.0,75.23333333333333,76.5,11.0,3.6666666666666665,0.0,15.0,72.18,79.9,2.8666666666666667,13.0,33,71.78787878787878,79.9,2.6666666666666665,13.0,동,75.23333333333333,3.6666666666666665,60.93333333333334,18.33333333333333,48.153333333333336
104987,호매실스위첸,수원시 권선구,,금곡동,37.259965,126.961321,2.0,75.6,76.7,7.0,3.5,0.0,14.0,71.78571428571429,78.6,1.7142857142857142,4.0,57,73.70877192982455,82.6,3.3508771929824563,19.0,동,75.6,3.5,62.39999999999998,17.5,48.92999999999998
1876,신명,시흥시,,계수동,37.443426,126.798205,1.0,72.1,72.1,1.0,1.0,0.0,26.0,73.34230769230768,82.4,1.1153846153846154,4.0,26,73.34230769230768,82.4,1.1153846153846154,4.0,동,72.1,1.0,48.39999999999998,5.0,35.37999999999998
8245,언동해피트리,용인시 기흥구,,마북동,37.291024,127.12992,1.0,76.6,76.6,7.0,7.0,0.0,18.0,75.97222222222223,81.8,5.722222222222222,17.0,50,74.958,81.8,6.041666666666667,18.0,동,76.6,7.0,66.39999999999998,35.0,56.97999999999998
108487,한강센트럴자이1단지,김포시,,감정동,37.6337,126.678434,1.0,74.5,74.5,0.0,0.0,0.0,24.0,75.575,83.5,4.791666666666667,19.0,24,75.575,83.5,4.791666666666667,19.0,동,74.5,0.0,57.99999999999999,0.0,40.6
26988,세마e편한세상,오산시,,세교동,37.195872,127.033928,1.0,75.4,75.4,0.0,0.0,0.0,10.0,74.49,79.0,0.8888888888888888,4.0,10,74.49,79.0,0.8888888888888888,4.0,동,75.4,0.0,61.60000000000002,0.0,43.12000000000001
9656,인정멜로디,용인시 처인구,,유방동,37.270874,127.212033,,,,,,,16.0,71.63125,80.1,0.7857142857142857,3.0,50,74.958,81.8,6.041666666666667,18.0,시구,71.63125,0.7857142857142857,46.52499999999998,3.928571428571429,33.74607142857141
8533,민들레베스파트,의왕시,,고천동,37.349303,126.979572,,,,,,,8.0,72.5875,81.0,6.714285714285714,19.0,8,72.5875,81.0,6.714285714285714,19.0,시구,72.5875,6.714285714285714,50.35000000000003,33.57142857142858,45.31642857142859
146059,신검단중앙역풍경채어바니티,김포시,,사우동,37.605446,126.701291,1.0,75.9,75.9,5.0,5.0,0.0,24.0,75.575,83.5,4.791666666666667,19.0,24,75.575,83.5,4.791666666666667,19.0,동,75.9,5.0,63.60000000000002,25.0,52.02000000000001
128423,검단신도시디에트르더힐,김포시,,풍무동,37.602248,126.709011,2.0,79.1,82.1,24.0,12.0,0.0,24.0,75.575,83.5,4.791666666666667,19.0,24,75.575,83.5,4.791666666666667,19.0,동,79.1,12.0,76.39999999999998,60.0,71.47999999999999
101719,서수원레이크푸르지오1단지,수원시 권선구,,당수동,37.300598,126.953509,,,,,,,14.0,71.78571428571429,78.6,1.7142857142857142,4.0,57,73.70877192982455,82.6,3.3508771929824563,19.0,시구,71.78571428571429,1.7142857142857142,47.14285714285717,8.571428571428571,35.571428571428584
140743,호반써밋라포레,오산시,,가장동,37.165352,127.05107,,,,,,,10.0,74.49,79.0,0.8888888888888888,4.0,10,74.49,79.0,0.8888888888888888,4.0,시구,74.49,0.8888888888888888,57.95999999999998,4.444444444444444,41.90533333333332
2525,삼성래미안,용인시 기흥구,,공세동,37.251783,127.106237,,,,,,,18.0,75.97222222222223,81.8,5.722222222222222,17.0,50,74.958,81.8,6.041666666666667,18.0,시구,75.97222222222223,5.722222222222222,63.888888888888914,28.61111111111111,53.30555555555557
104996,삼성마을2단지,군포시,,당동,37.336734,126.932662,3.0,74.60000000000001,78.4,7.0,2.333333333333333,0.0,12.0,73.81666666666666,80.5,5.0,17.0,12,73.81666666666666,80.5,5.0,17.0,동,74.60000000000001,2.333333333333333,58.40000000000003,11.666666666666666,44.38000000000002
188277,숲속반디채,군포시,,도마교동,37.313732,126.924085,,,,,,,12.0,73.81666666666666,80.5,5.0,17.0,12,73.81666666666666,80.5,5.0,17.0,시구,73.81666666666666,5.0,55.26666666666665,25.0,46.18666666666665
3935,풍년1단지현대,김포시,,북변동,37.62039,126.72251,1.0,79.0,79.0,14.0,14.0,0.0,24.0,75.575,83.5,4.791666666666667,19.0,24,75.575,83.5,4.791666666666667,19.0,동,79.0,14.0,76.0,70.0,74.19999999999999
104891,안산아이파크,시흥시,,군자동,37.334477,126.785578,,,,,,,26.0,73.34230769230768,82.4,1.1153846153846154,4.0,26,73.34230769230768,82.4,1.1153846153846154,4.0,시구,73.34230769230768,1.1153846153846154,53.36923076923073,5.5769230769230775,39.03153846153843
113173,안성당왕지구삼정그린코아더베스트,안성시,,구포동,37.018367,127.261969,,,,,,,13.0,70.87692307692308,78.5,0.1538461538461538,1.0,13,70.87692307692308,78.5,0.1538461538461538,1.0,시구,70.87692307692308,0.1538461538461538,43.50769230769231,0.769230769230769,30.686153846153843
2147,덕풍쌍용,하남시,,교산동,37.533055,127.199292,,,,,,,13.0,79.63846153846154,84.3,3.230769230769231,12.0,13,79.63846153846154,84.3,3.230769230769231,12.0,시구,79.63846153846154,3.230769230769231,78.55384615384617,16.153846153846153,59.83384615384616
23778,동탄숲속마을자연앤데시앙,화성시 동탄구,,능동,37.20712,127.054221,,,,,,,,,,,,49,76.79795918367347,85.6,3.6222222222222222,20.0,시,76.79795918367347,3.6222222222222222,67.19183673469388,18.11111111111111,52.467619047619046
115544,동탄더샵레이크에듀타운,화성시 동탄구,,목동,37.174264,127.10842,,,,,,,,,,,,49,76.79795918367347,85.6,3.6222222222222222,20.0,시,76.79795918367347,3.6222222222222222,67.19183673469388,18.11111111111111,52.467619047619046
111028,미사강변더샵센트럴포레,강동구,,강일동,37.555171,127.185014,3.0,70.3,73.7,10.0,3.333333333333333,0.0,19.0,72.88333333333334,83.6,5.526315789473684,20.0,19,72.88333333333334,83.6,5.526315789473684,20.0,동,70.3,3.333333333333333,41.19999999999999,16.666666666666664,33.83999999999999
2503,안산본오주공,안산시 상록구,,본오동,37.30056,126.861616,1.0,65.1,65.1,0.0,0.0,0.0,15.0,69.36,75.3,0.4,2.0,30,69.15666666666667,76.0,0.4666666666666667,2.0,동,65.1,0.0,20.399999999999977,0.0,14.279999999999983
2538,신원1차,용인시 처인구,,유방동,37.26805,127.21615,,,,,,,16.0,71.63125,80.1,0.7857142857142857,3.0,50,74.958,81.8,6.041666666666667,18.0,시구,71.63125,0.7857142857142857,46.52499999999998,3.928571428571429,33.74607142857141
115473,힐스테이트동탄,화성시 동탄구,,목동,37.184681,127.120679,,,,,,,,,,,,49,76.79795918367347,85.6,3.6222222222222222,20.0,시,76.79795918367347,3.6222222222222222,67.19183673469388,18.11111111111111,52.467619047619046
14020,한일유앤아이,양천구,,신정동,37.508384,126.851003,,,,,,,18.0,71.30000000000001,80.9,9.22222222222222,29.0,18,71.30000000000001,80.9,9.22222222222222,29.0,시구,71.30000000000001,9.22222222222222,45.200000000000045,46.1111111111111,45.47333333333336
1711,현대(450-1),부천시 소사구,,송내동,37.478609,126.765668,1.0,75.0,75.0,4.0,4.0,0.0,7.0,70.14285714285714,78.9,2.2857142857142856,5.0,33,71.78787878787878,79.9,2.6666666666666665,13.0,동,75.0,4.0,60.0,20.0,48.0
8491,망포마을벽산이빌리지,수원시 권선구,,곡반정동,37.237314,127.047307,1.0,78.1,78.1,3.0,3.0,0.0,14.0,71.78571428571429,78.6,1.7142857142857142,4.0,57,73.70877192982455,82.6,3.3508771929824563,19.0,동,78.1,3.0,72.39999999999998,15.0,55.17999999999998
26379,안산신길온천역휴먼빌2차,시흥시,,군자동,37.337494,126.774955,,,,,,,26.0,73.34230769230768,82.4,1.1153846153846154,4.0,26,73.34230769230768,82.4,1.1153846153846154,4.0,시구,73.34230769230768,1.1153846153846154,53.36923076923073,5.5769230769230775,39.03153846153843
147232,e편한세상안성그랑루체,안성시,,가사동,37.020593,127.26998,,,,,,,13.0,70.87692307692308,78.5,0.1538461538461538,1.0,13,70.87692307692308,78.5,0.1538461538461538,1.0,시구,70.87692307692308,0.1538461538461538,43.50769230769231,0.769230769230769,30.686153846153843
2197,교동마을정광,용인시 기흥구,,마북동,37.302388,127.125164,1.0,76.6,76.6,7.0,7.0,0.0,18.0,75.97222222222223,81.8,5.722222222222222,17.0,50,74.958,81.8,6.041666666666667,18.0,동,76.6,7.0,66.39999999999998,35.0,56.97999999999998
146651,반월자이더파크,수원시 권선구,,곡반정동,37.228247,127.047992,1.0,78.1,78.1,3.0,3.0,0.0,14.0,71.78571428571429,78.6,1.7142857142857142,4.0,57,73.70877192982455,82.6,3.3508771929824563,19.0,동,78.1,3.0,72.39999999999998,15.0,55.17999999999998
110548,한라비발디캠퍼스2차,시흥시,,배곧동,37.362753,126.715113,,,,,,,26.0,73.34230769230768,82.4,1.1153846153846154,4.0,26,73.34230769230768,82.4,1.1153846153846154,4.0,시구,73.34230769230768,1.1153846153846154,53.36923076923073,5.5769230769230775,39.03153846153843
182377,센텀베이2차,시흥시,,배곧동,37.376278,126.73515,,,,,,,26.0,73.34230769230768,82.4,1.1153846153846154,4.0,26,73.34230769230768,82.4,1.1153846153846154,4.0,시구,73.34230769230768,1.1153846153846154,53.36923076923073,5.5769230769230775,39.03153846153843
108033,오산세교e편한세상,오산시,,가장동,37.168305,127.027865,,,,,,,10.0,74.49,79.0,0.8888888888888888,4.0,10,74.49,79.0,0.8888888888888888,4.0,시구,74.49,0.8888888888888888,57.95999999999998,4.444444444444444,41.90533333333332
25539,용인삼환나우빌,용인시 처인구,,김량장동,37.233434,127.194785,2.0,74.5,80.1,3.0,1.5,0.0,16.0,71.63125,80.1,0.7857142857142857,3.0,50,74.958,81.8,6.041666666666667,18.0,동,74.5,1.5,57.99999999999999,7.5,42.85
27884,한솔리치빌2단지,하남시,,교산동,37.535483,127.19715,,,,,,,13.0,79.63846153846154,84.3,3.230769230769231,12.0,13,79.63846153846154,84.3,3.230769230769231,12.0,시구,79.63846153846154,3.230769230769231,78.55384615384617,16.153846153846153,59.83384615384616
111626,e편한세상동탄,화성시 동탄구,,목동,37.192288,127.126753,,,,,,,,,,,,49,76.79795918367347,85.6,3.6222222222222222,20.0,시,76.79795918367347,3.6222222222222222,67.19183673469388,18.11111111111111,52.467619047619046
115536,레이크힐반도유보라아이비파크10.2,화성시 동탄구,,산척동,37.165537,127.129055,,,,,,,,,,,,49,76.79795918367347,85.6,3.6222222222222222,20.0,시,76.79795918367347,3.6222222222222222,67.19183673469388,18.11111111111111,52.467619047619046
27482,강일리버파크10단지,강동구,,강일동,37.560728,127.181055,3.0,70.3,73.7,10.0,3.333333333333333,0.0,19.0,72.88333333333334,83.6,5.526315789473684,20.0,19,72.88333333333334,83.6,5.526315789473684,20.0,동,70.3,3.333333333333333,41.19999999999999,16.666666666666664,33.83999999999999
132751,호매실역서희스타힐스,수원시 권선구,,금곡동,37.27295,126.939901,2.0,75.6,76.7,7.0,3.5,0.0,14.0,71.78571428571429,78.6,1.7142857142857142,4.0,57,73.70877192982455,82.6,3.3508771929824563,19.0,동,75.6,3.5,62.39999999999998,17.5,48.92999999999998
1897,세종1차,시흥시,,배곧동,37.363058,126.736441,,,,,,,26.0,73.34230769230768,82.4,1.1153846153846154,4.0,26,73.34230769230768,82.4,1.1153846153846154,4.0,시구,73.34230769230768,1.1153846153846154,53.36923076923073,5.5769230769230775,39.03153846153843
2075,무궁화,의왕시,,고천동,37.35114,126.97932,,,,,,,8.0,72.5875,81.0,6.714285714285714,19.0,8,72.5875,81.0,6.714285714285714,19.0,시구,72.5875,6.714285714285714,50.35000000000003,33.57142857142858,45.31642857142859
2153,백조현대,하남시,,덕풍동,37.53977,127.219056,1.0,69.8,69.8,0.0,0.0,0.0,13.0,79.63846153846154,84.3,3.230769230769231,12.0,13,79.63846153846154,84.3,3.230769230769231,12.0,동,69.8,0.0,39.19999999999999,0.0,27.43999999999999
26227,고창마을제일풍경채,김포시,,장기동,37.643139,126.66342,2.0,74.25,75.1,17.0,8.5,0.0,24.0,75.575,83.5,4.791666666666667,19.0,24,75.575,83.5,4.791666666666667,19.0,동,74.25,8.5,56.99999999999999,42.5,52.64999999999999
12681,신동탄푸르지오,수원시 권선구,,곡반정동,37.227675,127.044483,1.0,78.1,78.1,3.0,3.0,0.0,14.0,71.78571428571429,78.6,1.7142857142857142,4.0,57,73.70877192982455,82.6,3.3508771929824563,19.0,동,78.1,3.0,72.39999999999998,15.0,55.17999999999998
140601,라포리엘,수원시 권선구,,당수동,37.287287,126.94243,,,,,,,14.0,71.78571428571429,78.6,1.7142857142857142,4.0,57,73.70877192982455,82.6,3.3508771929824563,19.0,시구,71.78571428571429,1.7142857142857142,47.14285714285717,8.571428571428571,35.571428571428584
136526,군자서희스타힐스,시흥시,,거모동,37.364188,126.772461,1.0,70.6,70.6,0.0,0.0,0.0,26.0,73.34230769230768,82.4,1.1153846153846154,4.0,26,73.34230769230768,82.4,1.1153846153846154,4.0,동,70.6,0.0,42.39999999999998,0.0,29.679999999999986
144611,포레하임,시흥시,,목감동,37.371632,126.853451,,,,,,,26.0,73.34230769230768,82.4,1.1153846153846154,4.0,26,73.34230769230768,82.4,1.1153846153846154,4.0,시구,73.34230769230768,1.1153846153846154,53.36923076923073,5.5769230769230775,39.03153846153843
1928,태영,안산시 상록구,,본오동,37.298991,126.861459,1.0,65.1,65.1,0.0,0.0,0.0,15.0,69.36,75.3,0.4,2.0,30,69.15666666666667,76.0,0.4666666666666667,2.0,동,65.1,0.0,20.399999999999977,0.0,14.279999999999983
22633,호수마을상록롯데캐슬,용인시 기흥구,,동백동,37.279321,127.155088,2.0,76.35,77.0,15.0,7.5,0.0,18.0,75.97222222222223,81.8,5.722222222222222,17.0,50,74.958,81.8,6.041666666666667,18.0,동,76.35,7.5,65.39999999999998,37.5,57.02999999999998
2151,한국,하남시,,덕풍동,37.542324,127.217694,1.0,69.8,69.8,0.0,0.0,0.0,13.0,79.63846153846154,84.3,3.230769230769231,12.0,13,79.63846153846154,84.3,3.230769230769231,12.0,동,69.8,0.0,39.19999999999999,0.0,27.43999999999999
23769,행복마을참누리에듀파크,화성시 동탄구,,능동,37.219825,127.052871,,,,,,,,,,,,49,76.79795918367347,85.6,3.6222222222222222,20.0,시,76.79795918367347,3.6222222222222222,67.19183673469388,18.11111111111111,52.467619047619046
10698,청구1차,수원시 권선구,,고색동,37.240592,126.967571,,,,,,,14.0,71.78571428571429,78.6,1.7142857142857142,4.0,57,73.70877192982455,82.6,3.3508771929824563,19.0,시구,71.78571428571429,1.7142857142857142,47.14285714285717,8.571428571428571,35.571428571428584
117005,극동스타클래스,수원시 권선구,,금곡동,37.270102,126.946004,2.0,75.6,76.7,7.0,3.5,0.0,14.0,71.78571428571429,78.6,1.7142857142857142,4.0,57,73.70877192982455,82.6,3.3508771929824563,19.0,동,75.6,3.5,62.39999999999998,17.5,48.92999999999998
109216,한라비발디캠퍼스,시흥시,,배곧동,37.364276,126.712908,,,,,,,26.0,73.34230769230768,82.4,1.1153846153846154,4.0,26,73.34230769230768,82.4,1.1153846153846154,4.0,시구,73.34230769230768,1.1153846153846154,53.36923076923073,5.5769230769230775,39.03153846153843
1936,상록수타운월드,안산시 상록구,,본오동,37.287389,126.853391,1.0,65.1,65.1,0.0,0.0,0.0,15.0,69.36,75.3,0.4,2.0,30,69.15666666666667,76.0,0.4666666666666667,2.0,동,65.1,0.0,20.399999999999977,0.0,14.279999999999983
8011,오산대우,오산시,,궐동,37.163494,127.06286,,,,,,,10.0,74.49,79.0,0.8888888888888888,4.0,10,74.49,79.0,0.8888888888888888,4.0,시구,74.49,0.8888888888888888,57.95999999999998,4.444444444444444,41.90533333333332
2196,교동마을신창,용인시 기흥구,,마북동,37.30585,127.1267,1.0,76.6,76.6,7.0,7.0,0.0,18.0,75.97222222222223,81.8,5.722222222222222,17.0,50,74.958,81.8,6.041666666666667,18.0,동,76.6,7.0,66.39999999999998,35.0,56.97999999999998
12959,느치미마을주공2단지,화성시 동탄구,,능동,37.208448,127.042319,,,,,,,,,,,,49,76.79795918367347,85.6,3.6222222222222222,20.0,시,76.79795918367347,3.6222222222222222,67.19183673469388,18.11111111111111,52.467619047619046
109804,호반베르디움센트럴포레,화성시 동탄구,,목동,37.18097,127.117783,,,,,,,,,,,,49,76.79795918367347,85.6,3.6222222222222222,20.0,시,76.79795918367347,3.6222222222222222,67.19183673469388,18.11111111111111,52.467619047619046
119598,항동제일풍경채포레스트,구로구,,항동,37.475607,126.816118,1.0,72.2,72.2,2.0,2.0,0.0,14.0,69.58571428571429,77.0,2.357142857142857,7.0,14,69.58571428571429,77.0,2.357142857142857,7.0,동,72.2,2.0,48.80000000000001,10.0,37.16
3971,삼호,시흥시,,대야동,37.446571,126.785,1.0,74.5,74.5,0.0,0.0,0.0,26.0,73.34230769230768,82.4,1.1153846153846154,4.0,26,73.34230769230768,82.4,1.1153846153846154,4.0,동,74.5,0.0,57.99999999999999,0.0,40.6
11216,호수마을풍림아이원,안산시 단원구,,고잔동,37.306941,126.818519,1.0,68.3,68.3,1.0,1.0,0.0,15.0,68.95333333333333,76.0,0.5333333333333333,2.0,30,69.15666666666667,76.0,0.4666666666666667,2.0,동,68.3,1.0,33.19999999999999,5.0,24.73999999999999
14036,백현동일하이빌,용인시 기흥구,,동백동,37.278897,127.157529,2.0,76.35,77.0,15.0,7.5,0.0,18.0,75.97222222222223,81.8,5.722222222222222,17.0,50,74.958,81.8,6.041666666666667,18.0,동,76.35,7.5,65.39999999999998,37.5,57.02999999999998
1719,한국,구로구,,궁동,37.493092,126.813467,,,,,,,14.0,69.58571428571429,77.0,2.357142857142857,7.0,14,69.58571428571429,77.0,2.357142857142857,7.0,시구,69.58571428571429,2.357142857142857,38.34285714285716,11.785714285714285,30.37571428571429
120035,우남퍼스트빌더센트럴,구로구,,오류동,37.477276,126.820813,1.0,71.8,71.8,4.0,4.0,0.0,14.0,69.58571428571429,77.0,2.357142857142857,7.0,14,69.58571428571429,77.0,2.357142857142857,7.0,동,71.8,4.0,47.19999999999999,20.0,39.03999999999999
124978,우미린더시그니처,김포시,,풍무동,37.595922,126.71172,2.0,79.1,82.1,24.0,12.0,0.0,24.0,75.575,83.5,4.791666666666667,19.0,24,75.575,83.5,4.791666666666667,19.0,동,79.1,12.0,76.39999999999998,60.0,71.47999999999999
2636,부천롯데,부천시 소사구,,소사본동,37.476224,126.779772,1.0,66.1,66.1,1.0,1.0,0.0,7.0,70.14285714285714,78.9,2.2857142857142856,5.0,33,71.78787878787878,79.9,2.6666666666666665,13.0,동,66.1,1.0,24.399999999999977,5.0,18.579999999999984
2721,호매실GS,수원시 권선구,,구운동,37.268088,126.959755,1.0,65.9,65.9,0.0,0.0,0.0,14.0,71.78571428571429,78.6,1.7142857142857142,4.0,57,73.70877192982455,82.6,3.3508771929824563,19.0,동,65.9,0.0,23.600000000000023,0.0,16.520000000000014
23770,반달마을2단지두산위브,수원시 영통구,,망포동,37.234931,127.064873,1.0,75.6,75.6,4.0,4.0,0.0,21.0,76.75238095238095,82.6,5.571428571428571,19.0,57,73.70877192982455,82.6,3.3508771929824563,19.0,동,75.6,4.0,62.39999999999998,20.0,49.67999999999998
22472,한보라에듀포레,용인시 기흥구,,공세동,37.249274,127.110101,,,,,,,18.0,75.97222222222223,81.8,5.722222222222222,17.0,50,74.958,81.8,6.041666666666667,18.0,시구,75.97222222222223,5.722222222222222,63.888888888888914,28.61111111111111,53.30555555555557
11511,신성,용인시 처인구,,김량장동,37.235354,127.189536,2.0,74.5,80.1,3.0,1.5,0.0,16.0,71.63125,80.1,0.7857142857142857,3.0,50,74.958,81.8,6.041666666666667,18.0,동,74.5,1.5,57.99999999999999,7.5,42.85
3876,북변대우,김포시,,감정동,37.62982,126.70327,1.0,74.5,74.5,0.0,0.0,0.0,24.0,75.575,83.5,4.791666666666667,19.0,24,75.575,83.5,4.791666666666667,19.0,동,74.5,0.0,57.99999999999999,0.0,40.6
1871,두산,시흥시,,계수동,37.44359,126.80134,1.0,72.1,72.1,1.0,1.0,0.0,26.0,73.34230769230768,82.4,1.1153846153846154,4.0,26,73.34230769230768,82.4,1.1153846153846154,4.0,동,72.1,1.0,48.39999999999998,5.0,35.37999999999998
107658,안성롯데캐슬,안성시,,대덕면,37.014733,127.224518,,,,,,,13.0,70.87692307692308,78.5,0.1538461538461538,1.0,13,70.87692307692308,78.5,0.1538461538461538,1.0,시구,70.87692307692308,0.1538461538461538,43.50769230769231,0.769230769230769,30.686153846153843
8022,오산운암주공5단지,오산시,,갈곶동,37.145337,127.075579,,,,,,,10.0,74.49,79.0,0.8888888888888888,4.0,10,74.49,79.0,0.8888888888888888,4.0,시구,74.49,0.8888888888888888,57.95999999999998,4.444444444444444,41.90533333333332
109078,동탄2신도시하우스디더레이크,화성시 동탄구,,목동,37.174111,127.103809,,,,,,,,,,,,49,76.79795918367347,85.6,3.6222222222222222,20.0,시,76.79795918367347,3.6222222222222222,67.19183673469388,18.11111111111111,52.467619047619046
4708,풍년2단지신일,김포시,,북변동,37.62269,126.71783,1.0,79.0,79.0,14.0,14.0,0.0,24.0,75.575,83.5,4.791666666666667,19.0,24,75.575,83.5,4.791666666666667,19.0,동,79.0,14.0,76.0,70.0,74.19999999999999
128035,검단신도시예미지트리플에듀,김포시,,풍무동,37.60081,126.713173,2.0,79.1,82.1,24.0,12.0,0.0,24.0,75.575,83.5,4.791666666666667,19.0,24,75.575,83.5,4.791666666666667,19.0,동,79.1,12.0,76.39999999999998,60.0,71.47999999999999
148049,안성금호어울림더프라임(민간임대),안성시,,가사동,37.016991,127.270798,,,,,,,13.0,70.87692307692308,78.5,0.1538461538461538,1.0,13,70.87692307692308,78.5,0.1538461538461538,1.0,시구,70.87692307692308,0.1538461538461538,43.50769230769231,0.769230769230769,30.686153846153843
144401,중흥S-클래스에듀파크,오산시,,가수동,37.158846,127.047766,,,,,,,10.0,74.49,79.0,0.8888888888888888,4.0,10,74.49,79.0,0.8888888888888888,4.0,시구,74.49,0.8888888888888888,57.95999999999998,4.444444444444444,41.90533333333332
2148,덕풍현대,하남시,,교산동,37.533113,127.201124,,,,,,,13.0,79.63846153846154,84.3,3.230769230769231,12.0,13,79.63846153846154,84.3,3.230769230769231,12.0,시구,79.63846153846154,3.230769230769231,78.55384615384617,16.153846153846153,59.83384615384616
1594,광명중앙하이츠1차,구로구,,천왕동,37.469399,126.854946,1.0,71.1,71.1,2.0,2.0,0.0,14.0,69.58571428571429,77.0,2.357142857142857,7.0,14,69.58571428571429,77.0,2.357142857142857,7.0,동,71.1,2.0,44.39999999999998,10.0,34.079999999999984
3919,청송현대홈타운3단지,김포시,,장기동,37.649092,126.66643,2.0,74.25,75.1,17.0,8.5,0.0,24.0,75.575,83.5,4.791666666666667,19.0,24,75.575,83.5,4.791666666666667,19.0,동,74.25,8.5,56.99999999999999,42.5,52.64999999999999
1957,주공11단지,안산시 단원구,,고잔동,37.325667,126.847991,1.0,68.3,68.3,1.0,1.0,0.0,15.0,68.95333333333333,76.0,0.5333333333333333,2.0,30,69.15666666666667,76.0,0.4666666666666667,2.0,동,68.3,1.0,33.19999999999999,5.0,24.73999999999999
1924,신안2차,안산시 상록구,,본오동,37.297726,126.861118,1.0,65.1,65.1,0.0,0.0,0.0,15.0,69.36,75.3,0.4,2.0,30,69.15666666666667,76.0,0.4666666666666667,2.0,동,65.1,0.0,20.399999999999977,0.0,14.279999999999983
107234,시흥6차푸르지오1단지,시흥시,,거모동,37.349936,126.761751,1.0,70.6,70.6,0.0,0.0,0.0,26.0,73.34230769230768,82.4,1.1153846153846154,4.0,26,73.34230769230768,82.4,1.1153846153846154,4.0,동,70.6,0.0,42.39999999999998,0.0,29.679999999999986
110151,이편한세상서창,시흥시,,방산동,37.426172,126.750124,,,,,,,26.0,73.34230769230768,82.4,1.1153846153846154,4.0,26,73.34230769230768,82.4,1.1153846153846154,4.0,시구,73.34230769230768,1.1153846153846154,53.36923076923073,5.5769230769230775,39.03153846153843
115455,안성공도우미린더퍼스트,안성시,,공도읍,37.00201,127.168,3.0,73.8,75.8,1.0,0.3333333333333333,0.0,13.0,70.87692307692308,78.5,0.1538461538461538,1.0,13,70.87692307692308,78.5,0.1538461538461538,1.0,동,73.8,0.3333333333333333,55.2,1.6666666666666667,39.13999999999999
3694,민속마을신창미션힐,용인시 기흥구,,공세동,37.252562,127.121925,,,,,,,18.0,75.97222222222223,81.8,5.722222222222222,17.0,50,74.958,81.8,6.041666666666667,18.0,시구,75.97222222222223,5.722222222222222,63.888888888888914,28.61111111111111,53.30555555555557
2199,대우,용인시 기흥구,,구갈동,37.262657,127.140889,1.0,75.9,75.9,1.0,1.0,0.0,18.0,75.97222222222223,81.8,5.722222222222222,17.0,50,74.958,81.8,6.041666666666667,18.0,동,75.9,1.0,63.60000000000002,5.0,46.02000000000001
23776,동탄예당마을우미린제일풍경채,용인시 기흥구,,농서동,37.212623,127.077913,,,,,,,18.0,75.97222222222223,81.8,5.722222222222222,17.0,50,74.958,81.8,6.041666666666667,18.0,시구,75.97222222222223,5.722222222222222,63.888888888888914,28.61111111111111,53.30555555555557
9211,진우,용인시 처인구,,삼가동,37.239069,127.171632,,,,,,,16.0,71.63125,80.1,0.7857142857142857,3.0,50,74.958,81.8,6.041666666666667,18.0,시구,71.63125,0.7857142857142857,46.52499999999998,3.928571428571429,33.74607142857141
106031,동탄역시범한화꿈에그린프레스티지,화성시 동탄구,,여울동,37.19728,127.10255,,,,,,,,,,,,49,76.79795918367347,85.6,3.6222222222222222,20.0,시,76.79795918367347,3.6222222222222222,67.19183673469388,18.11111111111111,52.467619047619046
127671,강동리버스트4단지,강동구,,강일동,37.572611,127.1731,3.0,70.3,73.7,10.0,3.333333333333333,0.0,19.0,72.88333333333334,83.6,5.526315789473684,20.0,19,72.88333333333334,83.6,5.526315789473684,20.0,동,70.3,3.333333333333333,41.19999999999999,16.666666666666664,33.83999999999999
1706,송내동신,부천시 소사구,,송내동,37.47966,126.76337,1.0,75.0,75.0,4.0,4.0,0.0,7.0,70.14285714285714,78.9,2.2857142857142856,5.0,33,71.78787878787878,79.9,2.6666666666666665,13.0,동,75.0,4.0,60.0,20.0,48.0
1870,벽산3차,시흥시,,계수동,37.440461,126.798162,1.0,72.1,72.1,1.0,1.0,0.0,26.0,73.34230769230768,82.4,1.1153846153846154,4.0,26,73.34230769230768,82.4,1.1153846153846154,4.0,동,72.1,1.0,48.39999999999998,5.0,35.37999999999998
110818,청광플러스원,시흥시,,방산동,37.431072,126.74877,,,,,,,26.0,73.34230769230768,82.4,1.1153846153846154,4.0,26,73.34230769230768,82.4,1.1153846153846154,4.0,시구,73.34230769230768,1.1153846153846154,53.36923076923073,5.5769230769230775,39.03153846153843
110119,골드클래스,용인시 처인구,,김량장동,37.230138,127.184453,2.0,74.5,80.1,3.0,1.5,0.0,16.0,71.63125,80.1,0.7857142857142857,3.0,50,74.958,81.8,6.041666666666667,18.0,동,74.5,1.5,57.99999999999999,7.5,42.85
9200,금령마을우남퍼스트빌,용인시 처인구,,삼가동,37.240993,127.173674,,,,,,,16.0,71.63125,80.1,0.7857142857142857,3.0,50,74.958,81.8,6.041666666666667,18.0,시구,71.63125,0.7857142857142857,46.52499999999998,3.928571428571429,33.74607142857141
3866,전원월드1단지,김포시,,운양동,37.646064,126.684818,1.0,83.5,83.5,14.0,14.0,0.0,24.0,75.575,83.5,4.791666666666667,19.0,24,75.575,83.5,4.791666666666667,19.0,동,83.5,14.0,94.0,70.0,86.8
104018,한화유로메트로2단지,김포시,,풍무동,37.602337,126.727456,2.0,79.1,82.1,24.0,12.0,0.0,24.0,75.575,83.5,4.791666666666667,19.0,24,75.575,83.5,4.791666666666667,19.0,동,79.1,12.0,76.39999999999998,60.0,71.47999999999999
23773,반달마을3단지대우푸르지오,수원시 영통구,,망포동,37.232952,127.067681,1.0,75.6,75.6,4.0,4.0,0.0,21.0,76.75238095238095,82.6,5.571428571428571,19.0,57,73.70877192982455,82.6,3.3508771929824563,19.0,동,75.6,4.0,62.39999999999998,20.0,49.67999999999998
101267,연꽃마을태평2단지,시흥시,,광석동,37.390147,126.811546,,,,,,,26.0,73.34230769230768,82.4,1.1153846153846154,4.0,26,73.34230769230768,82.4,1.1153846153846154,4.0,시구,73.34230769230768,1.1153846153846154,53.36923076923073,5.5769230769230775,39.03153846153843
15522,주공그린빌13단지,안산시 단원구,,고잔동,37.312091,126.813554,1.0,68.3,68.3,1.0,1.0,0.0,15.0,68.95333333333333,76.0,0.5333333333333333,2.0,30,69.15666666666667,76.0,0.4666666666666667,2.0,동,68.3,1.0,33.19999999999999,5.0,24.73999999999999
107686,미사강변동원로얄듀크,강동구,,강일동,37.554487,127.18281,3.0,70.3,73.7,10.0,3.333333333333333,0.0,19.0,72.88333333333334,83.6,5.526315789473684,20.0,19,72.88333333333334,83.6,5.526315789473684,20.0,동,70.3,3.333333333333333,41.19999999999999,16.666666666666664,33.83999999999999
124847,호반써밋1차,김포시,,풍무동,37.595613,126.709228,2.0,79.1,82.1,24.0,12.0,0.0,24.0,75.575,83.5,4.791666666666667,19.0,24,75.575,83.5,4.791666666666667,19.0,동,79.1,12.0,76.39999999999998,60.0,71.47999999999999
22104,GS부평자이,부천시 소사구,,송내동,37.476948,126.749879,1.0,75.0,75.0,4.0,4.0,0.0,7.0,70.14285714285714,78.9,2.2857142857142856,5.0,33,71.78787878787878,79.9,2.6666666666666665,13.0,동,75.0,4.0,60.0,20.0,48.0
107740,우방아이유쉘1단지,수원시 권선구,,오목천동,37.237357,126.956176,1.0,78.6,78.6,0.0,0.0,1.0,14.0,71.78571428571429,78.6,1.7142857142857142,4.0,57,73.70877192982455,82.6,3.3508771929824563,19.0,동,78.6,0.0,74.39999999999998,0.0,52.079999999999984
3728,신영통현대타운4단지,수원시 영통구,,망포동,37.233591,127.061813,1.0,75.6,75.6,4.0,4.0,0.0,21.0,76.75238095238095,82.6,5.571428571428571,19.0,57,73.70877192982455,82.6,3.3508771929824563,19.0,동,75.6,4.0,62.39999999999998,20.0,49.67999999999998
112329,한라비발디캠퍼스3차,시흥시,,배곧동,37.361753,126.718709,,,,,,,26.0,73.34230769230768,82.4,1.1153846153846154,4.0,26,73.34230769230768,82.4,1.1153846153846154,4.0,시구,73.34230769230768,1.1153846153846154,53.36923076923073,5.5769230769230775,39.03153846153843
8397,푸른마을4단지,안산시 상록구,,사동,37.304322,126.850866,2.0,65.45,73.7,2.0,1.0,0.0,15.0,69.36,75.3,0.4,2.0,30,69.15666666666667,76.0,0.4666666666666667,2.0,동,65.45,1.0,21.80000000000001,5.0,16.760000000000005
129864,동탄2디에트르포레,화성시 동탄구,,목동,37.175513,127.127951,,,,,,,,,,,,49,76.79795918367347,85.6,3.6222222222222222,20.0,시,76.79795918367347,3.6222222222222222,67.19183673469388,18.11111111111111,52.467619047619046
105405,동탄역시범우남퍼스트빌,화성시 동탄구,,여울동,37.203542,127.100877,,,,,,,,,,,,49,76.79795918367347,85.6,3.6222222222222222,20.0,시,76.79795918367347,3.6222222222222222,67.19183673469388,18.11111111111111,52.467619047619046
109632,호반써밋수원,수원시 권선구,,구운동,37.271849,126.953555,1.0,65.9,65.9,0.0,0.0,0.0,14.0,71.78571428571429,78.6,1.7142857142857142,4.0,57,73.70877192982455,82.6,3.3508771929824563,19.0,동,65.9,0.0,23.600000000000023,0.0,16.520000000000014
3727,신영통현대타운3단지,수원시 영통구,,망포동,37.23181,127.0605,1.0,75.6,75.6,4.0,4.0,0.0,21.0,76.75238095238095,82.6,5.571428571428571,19.0,57,73.70877192982455,82.6,3.3508771929824563,19.0,동,75.6,4.0,62.39999999999998,20.0,49.67999999999998
103473,시흥6차푸르지오2단지,시흥시,,거모동,37.347031,126.761415,1.0,70.6,70.6,0.0,0.0,0.0,26.0,73.34230769230768,82.4,1.1153846153846154,4.0,26,73.34230769230768,82.4,1.1153846153846154,4.0,동,70.6,0.0,42.39999999999998,0.0,29.679999999999986
106126,시흥배곧신도시호반베르디움센트럴파크,시흥시,,배곧동,37.374633,126.726921,,,,,,,26.0,73.34230769230768,82.4,1.1153846153846154,4.0,26,73.34230769230768,82.4,1.1153846153846154,4.0,시구,73.34230769230768,1.1153846153846154,53.36923076923073,5.5769230769230775,39.03153846153843
106123,시흥배곧SK뷰,시흥시,,배곧동,37.375897,126.724653,,,,,,,26.0,73.34230769230768,82.4,1.1153846153846154,4.0,26,73.34230769230768,82.4,1.1153846153846154,4.0,시구,73.34230769230768,1.1153846153846154,53.36923076923073,5.5769230769230775,39.03153846153843
8850,대창(대창그린),오산시,,외삼미동,37.206293,127.038887,,,,,,,10.0,74.49,79.0,0.8888888888888888,4.0,10,74.49,79.0,0.8888888888888888,4.0,시구,74.49,0.8888888888888888,57.95999999999998,4.444444444444444,41.90533333333332
112809,한강신도시리버에일린의뜰,김포시,,운양동,37.653649,126.673056,1.0,83.5,83.5,14.0,14.0,0.0,24.0,75.575,83.5,4.791666666666667,19.0,24,75.575,83.5,4.791666666666667,19.0,동,83.5,14.0,94.0,70.0,86.8
110807,수원모아미래도센트럴타운2단지,수원시 권선구,,금곡동,37.275992,126.940433,2.0,75.6,76.7,7.0,3.5,0.0,14.0,71.78571428571429,78.6,1.7142857142857142,4.0,57,73.70877192982455,82.6,3.3508771929824563,19.0,동,75.6,3.5,62.39999999999998,17.5,48.92999999999998
109841,한강센트럴자이2단지,김포시,,감정동,37.635331,126.673875,1.0,74.5,74.5,0.0,0.0,0.0,24.0,75.575,83.5,4.791666666666667,19.0,24,75.575,83.5,4.791666666666667,19.0,동,74.5,0.0,57.99999999999999,0.0,40.6
140599,서수원한라비발디3단지,수원시 권선구,,당수동,37.287694,126.941012,,,,,,,14.0,71.78571428571429,78.6,1.7142857142857142,4.0,57,73.70877192982455,82.6,3.3508771929824563,19.0,시구,71.78571428571429,1.7142857142857142,47.14285714285717,8.571428571428571,35.571428571428584
2149,백송한신,하남시,,덕풍동,37.539162,127.217773,1.0,69.8,69.8,0.0,0.0,0.0,13.0,79.63846153846154,84.3,3.230769230769231,12.0,13,79.63846153846154,84.3,3.230769230769231,12.0,동,69.8,0.0,39.19999999999999,0.0,27.43999999999999
110837,동탄역포레너스,화성시 동탄구,,여울동,37.205961,127.116928,,,,,,,,,,,,49,76.79795918367347,85.6,3.6222222222222222,20.0,시,76.79795918367347,3.6222222222222222,67.19183673469388,18.11111111111111,52.467619047619046
108423,미사강변센트리버,강동구,,강일동,37.573652,127.183484,3.0,70.3,73.7,10.0,3.333333333333333,0.0,19.0,72.88333333333334,83.6,5.526315789473684,20.0,19,72.88333333333334,83.6,5.526315789473684,20.0,동,70.3,3.333333333333333,41.19999999999999,16.666666666666664,33.83999999999999
106199,미사강변한신휴플러스,강동구,,강일동,37.574364,127.191944,3.0,70.3,73.7,10.0,3.333333333333333,0.0,19.0,72.88333333333334,83.6,5.526315789473684,20.0,19,72.88333333333334,83.6,5.526315789473684,20.0,동,70.3,3.333333333333333,41.19999999999999,16.666666666666664,33.83999999999999
3934,풍년1단지진흥흥화,김포시,,북변동,37.62378,126.724813,1.0,79.0,79.0,14.0,14.0,0.0,24.0,75.575,83.5,4.791666666666667,19.0,24,75.575,83.5,4.791666666666667,19.0,동,79.0,14.0,76.0,70.0,74.19999999999999
4909,풍년3단지대림,김포시,,북변동,37.623174,126.71626,1.0,79.0,79.0,14.0,14.0,0.0,24.0,75.575,83.5,4.791666666666667,19.0,24,75.575,83.5,4.791666666666667,19.0,동,79.0,14.0,76.0,70.0,74.19999999999999
108480,호반베르디움더프라임,시흥시,,배곧동,37.373193,126.729047,,,,,,,26.0,73.34230769230768,82.4,1.1153846153846154,4.0,26,73.34230769230768,82.4,1.1153846153846154,4.0,시구,73.34230769230768,1.1153846153846154,53.36923076923073,5.5769230769230775,39.03153846153843
1888,대림4단지,시흥시,,배곧동,37.36589,126.736743,,,,,,,26.0,73.34230769230768,82.4,1.1153846153846154,4.0,26,73.34230769230768,82.4,1.1153846153846154,4.0,시구,73.34230769230768,1.1153846153846154,53.36923076923073,5.5769230769230775,39.03153846153843
8392,주공그린빌12단지,안산시 단원구,,고잔동,37.309499,126.818457,1.0,68.3,68.3,1.0,1.0,0.0,15.0,68.95333333333333,76.0,0.5333333333333333,2.0,30,69.15666666666667,76.0,0.4666666666666667,2.0,동,68.3,1.0,33.19999999999999,5.0,24.73999999999999
8318,푸르지오1차,안산시 단원구,,고잔동,37.306846,126.834336,1.0,68.3,68.3,1.0,1.0,0.0,15.0,68.95333333333333,76.0,0.5333333333333333,2.0,30,69.15666666666667,76.0,0.4666666666666667,2.0,동,68.3,1.0,33.19999999999999,5.0,24.73999999999999
9762,한신,오산시,,세교동,37.203003,127.043221,1.0,75.4,75.4,0.0,0.0,0.0,10.0,74.49,79.0,0.8888888888888888,4.0,10,74.49,79.0,0.8888888888888888,4.0,동,75.4,0.0,61.60000000000002,0.0,43.12000000000001
2079,솔거,의왕시,,고천동,37.343924,126.977546,,,,,,,8.0,72.5875,81.0,6.714285714285714,19.0,8,72.5875,81.0,6.714285714285714,19.0,시구,72.5875,6.714285714285714,50.35000000000003,33.57142857142858,45.31642857142859
177678,중흥S-클래스에듀하이,화성시 동탄구,,목동,37.173811,127.115416,,,,,,,,,,,,49,76.79795918367347,85.6,3.6222222222222222,20.0,시,76.79795918367347,3.6222222222222222,67.19183673469388,18.11111111111111,52.467619047619046
115471,그린힐반도유보라아이비파크10,화성시 동탄구,,산척동,37.167302,127.129162,,,,,,,,,,,,49,76.79795918367347,85.6,3.6222222222222222,20.0,시,76.79795918367347,3.6222222222222222,67.19183673469388,18.11111111111111,52.467619047619046
165,건영2차,금천구,,시흥동,37.44951,126.910865,1.0,72.5,72.5,2.0,2.0,1.0,9.0,67.45555555555556,76.6,1.0,4.0,9,67.45555555555556,76.6,1.0,4.0,동,72.5,2.0,50.0,10.0,38.0
2504,삼익,시흥시,,군자동,37.337818,126.777523,,,,,,,26.0,73.34230769230768,82.4,1.1153846153846154,4.0,26,73.34230769230768,82.4,1.1153846153846154,4.0,시구,73.34230769230768,1.1153846153846154,53.36923076923073,5.5769230769230775,39.03153846153843
141420,포레나안산고잔,안산시 단원구,,고잔동,37.329721,126.835749,1.0,68.3,68.3,1.0,1.0,0.0,15.0,68.95333333333333,76.0,0.5333333333333333,2.0,30,69.15666666666667,76.0,0.4666666666666667,2.0,동,68.3,1.0,33.19999999999999,5.0,24.73999999999999
10497,주공8단지,안산시 단원구,,고잔동,37.325859,126.839063,1.0,68.3,68.3,1.0,1.0,0.0,15.0,68.95333333333333,76.0,0.5333333333333333,2.0,30,69.15666666666667,76.0,0.4666666666666667,2.0,동,68.3,1.0,33.19999999999999,5.0,24.73999999999999
10799,우남퍼스트빌,오산시,,궐동,37.16355,127.055147,,,,,,,10.0,74.49,79.0,0.8888888888888888,4.0,10,74.49,79.0,0.8888888888888888,4.0,시구,74.49,0.8888888888888888,57.95999999999998,4.444444444444444,41.90533333333332
112841,동탄파크푸르지오,용인시 기흥구,,고매동,37.217863,127.111751,,,,,,,18.0,75.97222222222223,81.8,5.722222222222222,17.0,50,74.958,81.8,6.041666666666667,18.0,시구,75.97222222222223,5.722222222222222,63.888888888888914,28.61111111111111,53.30555555555557
18431,안화동마을주공9단지,화성시 동탄구,,능동,37.213139,127.044085,,,,,,,,,,,,49,76.79795918367347,85.6,3.6222222222222222,20.0,시,76.79795918367347,3.6222222222222222,67.19183673469388,18.11111111111111,52.467619047619046
3622,곡반정현대아이파크,수원시 권선구,,곡반정동,37.23699,127.02758,1.0,78.1,78.1,3.0,3.0,0.0,14.0,71.78571428571429,78.6,1.7142857142857142,4.0,57,73.70877192982455,82.6,3.3508771929824563,19.0,동,78.1,3.0,72.39999999999998,15.0,55.17999999999998
1867,대우그린,시흥시,,계수동,37.44156,126.799015,1.0,72.1,72.1,1.0,1.0,0.0,26.0,73.34230769230768,82.4,1.1153846153846154,4.0,26,73.34230769230768,82.4,1.1153846153846154,4.0,동,72.1,1.0,48.39999999999998,5.0,35.37999999999998
22065,동탄시범다은마을월드메르디앙반도유보라,오산시,,외삼미동,37.202662,127.066003,,,,,,,10.0,74.49,79.0,0.8888888888888888,4.0,10,74.49,79.0,0.8888888888888888,4.0,시구,74.49,0.8888888888888888,57.95999999999998,4.444444444444444,41.90533333333332
11287,자봉마을써니밸리,용인시 기흥구,,지곡동,37.251751,127.135602,,,,,,,18.0,75.97222222222223,81.8,5.722222222222222,17.0,50,74.958,81.8,6.041666666666667,18.0,시구,75.97222222222223,5.722222222222222,63.888888888888914,28.61111111111111,53.30555555555557
106549,동탄역센트럴푸르지오,화성시 동탄구,,목동,37.197235,127.116072,,,,,,,,,,,,49,76.79795918367347,85.6,3.6222222222222222,20.0,시,76.79795918367347,3.6222222222222222,67.19183673469388,18.11111111111111,52.467619047619046
109163,봉담센트럴푸르지오,화성시 효행구,,기안동,37.212983,126.968207,,,,,,,,,,,,49,76.79795918367347,85.6,3.6222222222222222,20.0,시,76.79795918367347,3.6222222222222222,67.19183673469388,18.11111111111111,52.467619047619046
108472,미사강변더샵리버포레,강동구,,강일동,37.573892,127.185967,3.0,70.3,73.7,10.0,3.333333333333333,0.0,19.0,72.88333333333334,83.6,5.526315789473684,20.0,19,72.88333333333334,83.6,5.526315789473684,20.0,동,70.3,3.333333333333333,41.19999999999999,16.666666666666664,33.83999999999999
134513,강동리엔파크14단지,강동구,,상일동,37.55094,127.181253,2.0,83.6,83.6,26.0,13.0,0.5,19.0,72.88333333333334,83.6,5.526315789473684,20.0,19,72.88333333333334,83.6,5.526315789473684,20.0,동,83.6,13.0,94.39999999999998,65.0,85.57999999999998
156458,신검단중앙역금강펜테리움센트럴파크,김포시,,감정동,37.610183,126.694745,1.0,74.5,74.5,0.0,0.0,0.0,24.0,75.575,83.5,4.791666666666667,19.0,24,75.575,83.5,4.791666666666667,19.0,동,74.5,0.0,57.99999999999999,0.0,40.6
104017,한화유로메트로1단지,김포시,,풍무동,37.60269,126.724279,2.0,79.1,82.1,24.0,12.0,0.0,24.0,75.575,83.5,4.791666666666667,19.0,24,75.575,83.5,4.791666666666667,19.0,동,79.1,12.0,76.39999999999998,60.0,71.47999999999999
1405,한아름한국,부천시 원미구,,상동,37.49676,126.75457,3.0,75.23333333333333,76.5,11.0,3.6666666666666665,0.0,15.0,72.18,79.9,2.8666666666666667,13.0,33,71.78787878787878,79.9,2.6666666666666665,13.0,동,75.23333333333333,3.6666666666666665,60.93333333333334,18.33333333333333,48.153333333333336
102629,서창베라체,시흥시,,방산동,37.420715,126.75067,,,,,,,26.0,73.34230769230768,82.4,1.1153846153846154,4.0,26,73.34230769230768,82.4,1.1153846153846154,4.0,시구,73.34230769230768,1.1153846153846154,53.36923076923073,5.5769230769230775,39.03153846153843
19534,한보라마을9단지경남아너스빌,용인시 기흥구,,공세동,37.242875,127.108555,,,,,,,18.0,75.97222222222223,81.8,5.722222222222222,17.0,50,74.958,81.8,6.041666666666667,18.0,시구,75.97222222222223,5.722222222222222,63.888888888888914,28.61111111111111,53.30555555555557
11362,청덕마을광도와이드빌,용인시 기흥구,,구갈동,37.287433,127.145423,1.0,75.9,75.9,1.0,1.0,0.0,18.0,75.97222222222223,81.8,5.722222222222222,17.0,50,74.958,81.8,6.041666666666667,18.0,동,75.9,1.0,63.60000000000002,5.0,46.02000000000001
2226,인정프린스1차,용인시 처인구,,고림동,37.265171,127.216275,2.0,75.4,79.2,1.0,1.0,0.0,16.0,71.63125,80.1,0.7857142857142857,3.0,50,74.958,81.8,6.041666666666667,18.0,동,75.4,1.0,61.60000000000002,5.0,44.62000000000001
2084,원효선경,의왕시,,고천동,37.345074,126.977169,,,,,,,8.0,72.5875,81.0,6.714285714285714,19.0,8,72.5875,81.0,6.714285714285714,19.0,시구,72.5875,6.714285714285714,50.35000000000003,33.57142857142858,45.31642857142859
23764,동탄예당마을롯데캐슬,화성시 동탄구,,능동,37.210163,127.073369,,,,,,,,,,,,49,76.79795918367347,85.6,3.6222222222222222,20.0,시,76.79795918367347,3.6222222222222222,67.19183673469388,18.11111111111111,52.467619047619046
112840,동탄금강펜테리움센트럴파크Ⅳ,화성시 동탄구,,목동,37.189635,127.128801,,,,,,,,,,,,49,76.79795918367347,85.6,3.6222222222222222,20.0,시,76.79795918367347,3.6222222222222222,67.19183673469388,18.11111111111111,52.467619047619046
117278,봉담한신더휴에듀파크,화성시 효행구,,기안동,37.214878,126.967322,,,,,,,,,,,,49,76.79795918367347,85.6,3.6222222222222222,20.0,시,76.79795918367347,3.6222222222222222,67.19183673469388,18.11111111111111,52.467619047619046
134508,중흥에스클래스에듀파크,화성시 효행구,,봉담읍,37.231447,126.944491,,,,,,,,,,,,49,76.79795918367347,85.6,3.6222222222222222,20.0,시,76.79795918367347,3.6222222222222222,67.19183673469388,18.11111111111111,52.467619047619046
110806,수원모아미래도센트럴타운1단지,수원시 권선구,,금곡동,37.275904,126.938189,2.0,75.6,76.7,7.0,3.5,0.0,14.0,71.78571428571429,78.6,1.7142857142857142,4.0,57,73.70877192982455,82.6,3.3508771929824563,19.0,동,75.6,3.5,62.39999999999998,17.5,48.92999999999998
132609,호매실경남아너스빌,수원시 권선구,,금곡동,37.260456,126.952373,2.0,75.6,76.7,7.0,3.5,0.0,14.0,71.78571428571429,78.6,1.7142857142857142,4.0,57,73.70877192982455,82.6,3.3508771929824563,19.0,동,75.6,3.5,62.39999999999998,17.5,48.92999999999998
27228,휴먼시아6단지,시흥시,,군자동,37.336459,126.789022,,,,,,,26.0,73.34230769230768,82.4,1.1153846153846154,4.0,26,73.34230769230768,82.4,1.1153846153846154,4.0,시구,73.34230769230768,1.1153846153846154,53.36923076923073,5.5769230769230775,39.03153846153843
2783,"연꽃마을대우,삼호",시흥시,,도창동,37.395649,126.812995,,,,,,,26.0,73.34230769230768,82.4,1.1153846153846154,4.0,26,73.34230769230768,82.4,1.1153846153846154,4.0,시구,73.34230769230768,1.1153846153846154,53.36923076923073,5.5769230769230775,39.03153846153843
1932,선경,안산시 상록구,,본오동,37.29216,126.850138,1.0,65.1,65.1,0.0,0.0,0.0,15.0,69.36,75.3,0.4,2.0,30,69.15666666666667,76.0,0.4666666666666667,2.0,동,65.1,0.0,20.399999999999977,0.0,14.279999999999983
1934,요진,안산시 상록구,,본오동,37.290688,126.849788,1.0,65.1,65.1,0.0,0.0,0.0,15.0,69.36,75.3,0.4,2.0,30,69.15666666666667,76.0,0.4666666666666667,2.0,동,65.1,0.0,20.399999999999977,0.0,14.279999999999983
14035,호수마을동보노빌리티,용인시 기흥구,,동백동,37.282156,127.154696,2.0,76.35,77.0,15.0,7.5,0.0,18.0,75.97222222222223,81.8,5.722222222222222,17.0,50,74.958,81.8,6.041666666666667,18.0,동,76.35,7.5,65.39999999999998,37.5,57.02999999999998
2856,더우개마을동일,하남시,,덕풍동,37.541348,127.219877,1.0,69.8,69.8,0.0,0.0,0.0,13.0,79.63846153846154,84.3,3.230769230769231,12.0,13,79.63846153846154,84.3,3.230769230769231,12.0,동,69.8,0.0,39.19999999999999,0.0,27.43999999999999
17633,월드메르디앙1단지,화성시 병점구,,기산동,37.215684,127.036774,,,,,,,,,,,,49,76.79795918367347,85.6,3.6222222222222222,20.0,시,76.79795918367347,3.6222222222222222,67.19183673469388,18.11111111111111,52.467619047619046
27481,강일리버파크9단지,강동구,,강일동,37.560613,127.178804,3.0,70.3,73.7,10.0,3.333333333333333,0.0,19.0,72.88333333333334,83.6,5.526315789473684,20.0,19,72.88333333333334,83.6,5.526315789473684,20.0,동,70.3,3.333333333333333,41.19999999999999,16.666666666666664,33.83999999999999
9415,문영센스빌,시흥시,,배곧동,37.363403,126.732529,,,,,,,26.0,73.34230769230768,82.4,1.1153846153846154,4.0,26,73.34230769230768,82.4,1.1153846153846154,4.0,시구,73.34230769230768,1.1153846153846154,53.36923076923073,5.5769230769230775,39.03153846153843
3662,푸르지오2차,안산시 단원구,,고잔동,37.30944,126.84316,1.0,68.3,68.3,1.0,1.0,0.0,15.0,68.95333333333333,76.0,0.5333333333333333,2.0,30,69.15666666666667,76.0,0.4666666666666667,2.0,동,68.3,1.0,33.19999999999999,5.0,24.73999999999999
101050,행정타운늘푸른오스카빌1단지,용인시 처인구,,삼가동,37.238707,127.172673,,,,,,,16.0,71.63125,80.1,0.7857142857142857,3.0,50,74.958,81.8,6.041666666666667,18.0,시구,71.63125,0.7857142857142857,46.52499999999998,3.928571428571429,33.74607142857141
2770,부성파스텔,시흥시,,배곧동,37.360943,126.732537,,,,,,,26.0,73.34230769230768,82.4,1.1153846153846154,4.0,26,73.34230769230768,82.4,1.1153846153846154,4.0,시구,73.34230769230768,1.1153846153846154,53.36923076923073,5.5769230769230775,39.03153846153843
108474,시흥배곧신도시골드클래스,시흥시,,배곧동,37.3764,126.732511,,,,,,,26.0,73.34230769230768,82.4,1.1153846153846154,4.0,26,73.34230769230768,82.4,1.1153846153846154,4.0,시구,73.34230769230768,1.1153846153846154,53.36923076923073,5.5769230769230775,39.03153846153843
3666,주공그린빌7단지,안산시 단원구,,고잔동,37.309029,126.833693,1.0,68.3,68.3,1.0,1.0,0.0,15.0,68.95333333333333,76.0,0.5333333333333333,2.0,30,69.15666666666667,76.0,0.4666666666666667,2.0,동,68.3,1.0,33.19999999999999,5.0,24.73999999999999
9090,병점역에듀포레,화성시 동탄구,,능동,37.20741,127.04548,,,,,,,,,,,,49,76.79795918367347,85.6,3.6222222222222222,20.0,시,76.79795918367347,3.6222222222222222,67.19183673469388,18.11111111111111,52.467619047619046
102875,신정이펜하우스2단지,양천구,,신월동,37.515968,126.83048,2.0,62.55,63.7,3.0,1.5,0.0,18.0,71.30000000000001,80.9,9.22222222222222,29.0,18,71.30000000000001,80.9,9.22222222222222,29.0,동,62.55,1.5,10.199999999999989,7.5,9.389999999999992
102877,신정이펜하우스4단지,구로구,,궁동,37.510609,126.829783,,,,,,,14.0,69.58571428571429,77.0,2.357142857142857,7.0,14,69.58571428571429,77.0,2.357142857142857,7.0,시구,69.58571428571429,2.357142857142857,38.34285714285716,11.785714285714285,30.37571428571429
1938,상록수현대1차,안산시 상록구,,본오동,37.289262,126.850543,1.0,65.1,65.1,0.0,0.0,0.0,15.0,69.36,75.3,0.4,2.0,30,69.15666666666667,76.0,0.4666666666666667,2.0,동,65.1,0.0,20.399999999999977,0.0,14.279999999999983
151367,라포르테공도,안성시,,공도읍,37.013665,127.173787,3.0,73.8,75.8,1.0,0.3333333333333333,0.0,13.0,70.87692307692308,78.5,0.1538461538461538,1.0,13,70.87692307692308,78.5,0.1538461538461538,1.0,동,73.8,0.3333333333333333,55.2,1.6666666666666667,39.13999999999999
116003,오산시티자이2차,오산시,,부산동,37.151512,127.092847,,,,,,,10.0,74.49,79.0,0.8888888888888888,4.0,10,74.49,79.0,0.8888888888888888,4.0,시구,74.49,0.8888888888888888,57.95999999999998,4.444444444444444,41.90533333333332
9074,남수원두산,오산시,,외삼미동,37.20483,127.04263,,,,,,,10.0,74.49,79.0,0.8888888888888888,4.0,10,74.49,79.0,0.8888888888888888,4.0,시구,74.49,0.8888888888888888,57.95999999999998,4.444444444444444,41.90533333333332
2083,포은,의왕시,,고천동,37.344599,126.979523,,,,,,,8.0,72.5875,81.0,6.714285714285714,19.0,8,72.5875,81.0,6.714285714285714,19.0,시구,72.5875,6.714285714285714,50.35000000000003,33.57142857142858,45.31642857142859
11472,병점역센트럴뷰,화성시 동탄구,,능동,37.210537,127.043273,,,,,,,,,,,,49,76.79795918367347,85.6,3.6222222222222222,20.0,시,76.79795918367347,3.6222222222222222,67.19183673469388,18.11111111111111,52.467619047619046
114379,호수공원역센트럴시티,화성시 동탄구,,방교동,37.167274,127.108752,,,,,,,,,,,,49,76.79795918367347,85.6,3.6222222222222222,20.0,시,76.79795918367347,3.6222222222222222,67.19183673469388,18.11111111111111,52.467619047619046
8973,부천범박힐스테이트1단지,구로구,,항동,37.474379,126.809976,1.0,72.2,72.2,2.0,2.0,0.0,14.0,69.58571428571429,77.0,2.357142857142857,7.0,14,69.58571428571429,77.0,2.357142857142857,7.0,동,72.2,2.0,48.80000000000001,10.0,37.16
150276,시흥센트럴헤센,시흥시,,월곶동,37.380799,126.766645,1.0,75.6,75.6,1.0,1.0,0.0,26.0,73.34230769230768,82.4,1.1153846153846154,4.0,26,73.34230769230768,82.4,1.1153846153846154,4.0,동,75.6,1.0,62.39999999999998,5.0,45.17999999999998
3669,주공그린빌14단지,안산시 단원구,,고잔동,37.309874,126.813589,1.0,68.3,68.3,1.0,1.0,0.0,15.0,68.95333333333333,76.0,0.5333333333333333,2.0,30,69.15666666666667,76.0,0.4666666666666667,2.0,동,68.3,1.0,33.19999999999999,5.0,24.73999999999999
144463,중흥S-클래스에듀하이,오산시,,가수동,37.142922,127.052036,,,,,,,10.0,74.49,79.0,0.8888888888888888,4.0,10,74.49,79.0,0.8888888888888888,4.0,시구,74.49,0.8888888888888888,57.95999999999998,4.444444444444444,41.90533333333332
112842,동탄역센트럴상록,화성시 동탄구,,영천동,37.208199,127.100681,,,,,,,,,,,,49,76.79795918367347,85.6,3.6222222222222222,20.0,시,76.79795918367347,3.6222222222222222,67.19183673469388,18.11111111111111,52.467619047619046
114583,한신더휴테라스12단지,김포시,,운양동,37.651048,126.694735,1.0,83.5,83.5,14.0,14.0,0.0,24.0,75.575,83.5,4.791666666666667,19.0,24,75.575,83.5,4.791666666666667,19.0,동,83.5,14.0,94.0,70.0,86.8
2787,참이슬,시흥시,,광석동,37.394559,126.806733,,,,,,,26.0,73.34230769230768,82.4,1.1153846153846154,4.0,26,73.34230769230768,82.4,1.1153846153846154,4.0,시구,73.34230769230768,1.1153846153846154,53.36923076923073,5.5769230769230775,39.03153846153843
134510,강동리버스트8단지,강동구,,강일동,37.571829,127.176297,3.0,70.3,73.7,10.0,3.333333333333333,0.0,19.0,72.88333333333334,83.6,5.526315789473684,20.0,19,72.88333333333334,83.6,5.526315789473684,20.0,동,70.3,3.333333333333333,41.19999999999999,16.666666666666664,33.83999999999999
118008,동탄파크한양수자인,용인시 기흥구,,고매동,37.216088,127.114154,,,,,,,18.0,75.97222222222223,81.8,5.722222222222222,17.0,50,74.958,81.8,6.041666666666667,18.0,시구,75.97222222222223,5.722222222222222,63.888888888888914,28.61111111111111,53.30555555555557
26805,물푸레마을휴먼시아7단지,용인시 기흥구,,동백동,37.292942,127.152037,2.0,76.35,77.0,15.0,7.5,0.0,18.0,75.97222222222223,81.8,5.722222222222222,17.0,50,74.958,81.8,6.041666666666667,18.0,동,76.35,7.5,65.39999999999998,37.5,57.02999999999998
9209,풍림,용인시 처인구,,삼가동,37.246074,127.167035,,,,,,,16.0,71.63125,80.1,0.7857142857142857,3.0,50,74.958,81.8,6.041666666666667,18.0,시구,71.63125,0.7857142857142857,46.52499999999998,3.928571428571429,33.74607142857141
119166,한양수자인에듀힐즈,구로구,,오류동,37.477935,126.825486,1.0,71.8,71.8,4.0,4.0,0.0,14.0,69.58571428571429,77.0,2.357142857142857,7.0,14,69.58571428571429,77.0,2.357142857142857,7.0,동,71.8,4.0,47.19999999999999,20.0,39.03999999999999
27479,강일리버파크7단지,강동구,,강일동,37.56493,127.17896,3.0,70.3,73.7,10.0,3.333333333333333,0.0,19.0,72.88333333333334,83.6,5.526315789473684,20.0,19,72.88333333333334,83.6,5.526315789473684,20.0,동,70.3,3.333333333333333,41.19999999999999,16.666666666666664,33.83999999999999
101735,중봉마을신안실크밸리,김포시,,감정동,37.622096,126.696863,1.0,74.5,74.5,0.0,0.0,0.0,24.0,75.575,83.5,4.791666666666667,19.0,24,75.575,83.5,4.791666666666667,19.0,동,74.5,0.0,57.99999999999999,0.0,40.6
102619,휴먼시아4단지,시흥시,,군자동,37.336985,126.785876,,,,,,,26.0,73.34230769230768,82.4,1.1153846153846154,4.0,26,73.34230769230768,82.4,1.1153846153846154,4.0,시구,73.34230769230768,1.1153846153846154,53.36923076923073,5.5769230769230775,39.03153846153843
110312,호반베르디움,시흥시,,방산동,37.422894,126.747479,,,,,,,26.0,73.34230769230768,82.4,1.1153846153846154,4.0,26,73.34230769230768,82.4,1.1153846153846154,4.0,시구,73.34230769230768,1.1153846153846154,53.36923076923073,5.5769230769230775,39.03153846153843
1965,한양1차,안산시 단원구,,고잔동,37.332321,126.84842,1.0,68.3,68.3,1.0,1.0,0.0,15.0,68.95333333333333,76.0,0.5333333333333333,2.0,30,69.15666666666667,76.0,0.4666666666666667,2.0,동,68.3,1.0,33.19999999999999,5.0,24.73999999999999
142200,더샵오산엘리포레,오산시,,가수동,37.154791,127.045492,,,,,,,10.0,74.49,79.0,0.8888888888888888,4.0,10,74.49,79.0,0.8888888888888888,4.0,시구,74.49,0.8888888888888888,57.95999999999998,4.444444444444444,41.90533333333332
156804,힐스테이트오산더퍼스트,오산시,,갈곶동,37.127611,127.071128,,,,,,,10.0,74.49,79.0,0.8888888888888888,4.0,10,74.49,79.0,0.8888888888888888,4.0,시구,74.49,0.8888888888888888,57.95999999999998,4.444444444444444,41.90533333333332
112414,동탄호수자이파밀리에,오산시,,부산동,37.159913,127.106763,,,,,,,10.0,74.49,79.0,0.8888888888888888,4.0,10,74.49,79.0,0.8888888888888888,4.0,시구,74.49,0.8888888888888888,57.95999999999998,4.444444444444444,41.90533333333332
26383,동탄숲속마을모아미래도1단지,화성시 동탄구,,능동,37.206649,127.057404,,,,,,,,,,,,49,76.79795918367347,85.6,3.6222222222222222,20.0,시,76.79795918367347,3.6222222222222222,67.19183673469388,18.11111111111111,52.467619047619046
110140,동탄역푸르지오,화성시 동탄구,,반송동,37.208407,127.0895,,,,,,,,,,,,49,76.79795918367347,85.6,3.6222222222222222,20.0,시,76.79795918367347,3.6222222222222222,67.19183673469388,18.11111111111111,52.467619047619046
10470,화남,화성시 병점구,,기산동,37.212969,127.036963,,,,,,,,,,,,49,76.79795918367347,85.6,3.6222222222222222,20.0,시,76.79795918367347,3.6222222222222222,67.19183673469388,18.11111111111111,52.467619047619046
148023,예미지센트럴에듀,화성시 효행구,,비봉면,37.247241,126.869345,,,,,,,,,,,,49,76.79795918367347,85.6,3.6222222222222222,20.0,시,76.79795918367347,3.6222222222222222,67.19183673469388,18.11111111111111,52.467619047619046
102874,신정이펜하우스1단지,양천구,,신월동,37.514855,126.827274,2.0,62.55,63.7,3.0,1.5,0.0,18.0,71.30000000000001,80.9,9.22222222222222,29.0,18,71.30000000000001,80.9,9.22222222222222,29.0,동,62.55,1.5,10.199999999999989,7.5,9.389999999999992
1915,화성,시흥시,,배곧동,37.359024,126.734206,,,,,,,26.0,73.34230769230768,82.4,1.1153846153846154,4.0,26,73.34230769230768,82.4,1.1153846153846154,4.0,시구,73.34230769230768,1.1153846153846154,53.36923076923073,5.5769230769230775,39.03153846153843
110141,오산시티자이1차1단지,오산시,,부산동,37.149976,127.089363,,,,,,,10.0,74.49,79.0,0.8888888888888888,4.0,10,74.49,79.0,0.8888888888888888,4.0,시구,74.49,0.8888888888888888,57.95999999999998,4.444444444444444,41.90533333333332
25730,진안골마을주공10단지,화성시 동탄구,,능동,37.216204,127.042052,,,,,,,,,,,,49,76.79795918367347,85.6,3.6222222222222222,20.0,시,76.79795918367347,3.6222222222222222,67.19183673469388,18.11111111111111,52.467619047619046
17469,동일하이빌2단지,구로구,,고척동,37.510865,126.840264,1.0,67.6,67.6,7.0,7.0,0.0,14.0,69.58571428571429,77.0,2.357142857142857,7.0,14,69.58571428571429,77.0,2.357142857142857,7.0,동,67.6,7.0,30.399999999999977,35.0,31.779999999999983
130792,검단신도시대방디에트르리버파크,김포시,,풍무동,37.590618,126.720172,2.0,79.1,82.1,24.0,12.0,0.0,24.0,75.575,83.5,4.791666666666667,19.0,24,75.575,83.5,4.791666666666667,19.0,동,79.1,12.0,76.39999999999998,60.0,71.47999999999999
125933,검단신도시파라곤보타닉파크,김포시,,풍무동,37.59962,126.706738,2.0,79.1,82.1,24.0,12.0,0.0,24.0,75.575,83.5,4.791666666666667,19.0,24,75.575,83.5,4.791666666666667,19.0,동,79.1,12.0,76.39999999999998,60.0,71.47999999999999
1773,금곡LG,수원시 권선구,,금곡동,37.273036,126.936617,2.0,75.6,76.7,7.0,3.5,0.0,14.0,71.78571428571429,78.6,1.7142857142857142,4.0,57,73.70877192982455,82.6,3.3508771929824563,19.0,동,75.6,3.5,62.39999999999998,17.5,48.92999999999998
118142,호매실금호어울림에듀포레,수원시 권선구,,금곡동,37.258373,126.953211,2.0,75.6,76.7,7.0,3.5,0.0,14.0,71.78571428571429,78.6,1.7142857142857142,4.0,57,73.70877192982455,82.6,3.3508771929824563,19.0,동,75.6,3.5,62.39999999999998,17.5,48.92999999999998
1920,주공7단지,안산시 단원구,,고잔동,37.327051,126.839304,1.0,68.3,68.3,1.0,1.0,0.0,15.0,68.95333333333333,76.0,0.5333333333333333,2.0,30,69.15666666666667,76.0,0.4666666666666667,2.0,동,68.3,1.0,33.19999999999999,5.0,24.73999999999999
11449,안산고잔푸르지오6차,안산시 상록구,,사동,37.296283,126.823141,2.0,65.45,73.7,2.0,1.0,0.0,15.0,69.36,75.3,0.4,2.0,30,69.15666666666667,76.0,0.4666666666666667,2.0,동,65.45,1.0,21.80000000000001,5.0,16.760000000000005
26804,구성더포레스트,용인시 기흥구,,동백동,37.296024,127.153401,2.0,76.35,77.0,15.0,7.5,0.0,18.0,75.97222222222223,81.8,5.722222222222222,17.0,50,74.958,81.8,6.041666666666667,18.0,동,76.35,7.5,65.39999999999998,37.5,57.02999999999998
108370,반도유보라아이비파크3.0,화성시 동탄구,,목동,37.182135,127.105572,,,,,,,,,,,,49,76.79795918367347,85.6,3.6222222222222222,20.0,시,76.79795918367347,3.6222222222222222,67.19183673469388,18.11111111111111,52.467619047619046
151666,신검단중앙역우미린클래스원,김포시,,사우동,37.607296,126.700342,1.0,75.9,75.9,5.0,5.0,0.0,24.0,75.575,83.5,4.791666666666667,19.0,24,75.575,83.5,4.791666666666667,19.0,동,75.9,5.0,63.60000000000002,25.0,52.02000000000001
113204,호매실엔루체,수원시 권선구,,고색동,37.258046,126.961392,,,,,,,14.0,71.78571428571429,78.6,1.7142857142857142,4.0,57,73.70877192982455,82.6,3.3508771929824563,19.0,시구,71.78571428571429,1.7142857142857142,47.14285714285717,8.571428571428571,35.571428571428584
109626,우방아이유쉘2단지,수원시 권선구,,오목천동,37.235977,126.956217,1.0,78.6,78.6,0.0,0.0,1.0,14.0,71.78571428571429,78.6,1.7142857142857142,4.0,57,73.70877192982455,82.6,3.3508771929824563,19.0,동,78.6,0.0,74.39999999999998,0.0,52.079999999999984
2227,인정프린스2차,용인시 처인구,,고림동,37.264526,127.2168,2.0,75.4,79.2,1.0,1.0,0.0,16.0,71.63125,80.1,0.7857142857142857,3.0,50,74.958,81.8,6.041666666666667,18.0,동,75.4,1.0,61.60000000000002,5.0,44.62000000000001
102503,용인포곡삼성쉐르빌,용인시 처인구,,포곡읍,37.273691,127.221091,1.0,66.6,66.6,0.0,0.0,0.0,16.0,71.63125,80.1,0.7857142857142857,3.0,50,74.958,81.8,6.041666666666667,18.0,동,66.6,0.0,26.399999999999977,0.0,18.479999999999983
151323,봉담자이라젠느,화성시 효행구,,기안동,37.222525,126.967061,,,,,,,,,,,,49,76.79795918367347,85.6,3.6222222222222222,20.0,시,76.79795918367347,3.6222222222222222,67.19183673469388,18.11111111111111,52.467619047619046
171078,미사강변리슈빌NHF,강동구,,강일동,37.57284,127.180394,3.0,70.3,73.7,10.0,3.333333333333333,0.0,19.0,72.88333333333334,83.6,5.526315789473684,20.0,19,72.88333333333334,83.6,5.526315789473684,20.0,동,70.3,3.333333333333333,41.19999999999999,16.666666666666664,33.83999999999999
136828,김포마송대방엘리움센트럴파크1차,김포시,,통진읍,37.685422,126.59874,2.0,70.85,72.0,0.0,0.0,0.5,24.0,75.575,83.5,4.791666666666667,19.0,24,75.575,83.5,4.791666666666667,19.0,동,70.85,0.0,43.39999999999998,0.0,30.37999999999998
2738,에이스,시흥시,,도창동,37.409569,126.817361,,,,,,,26.0,73.34230769230768,82.4,1.1153846153846154,4.0,26,73.34230769230768,82.4,1.1153846153846154,4.0,시구,73.34230769230768,1.1153846153846154,53.36923076923073,5.5769230769230775,39.03153846153843
1898,세종2차,시흥시,,배곧동,37.364138,126.733883,,,,,,,26.0,73.34230769230768,82.4,1.1153846153846154,4.0,26,73.34230769230768,82.4,1.1153846153846154,4.0,시구,73.34230769230768,1.1153846153846154,53.36923076923073,5.5769230769230775,39.03153846153843
27259,디자인시티블루밍,안성시,,공도읍,36.999829,127.175201,3.0,73.8,75.8,1.0,0.3333333333333333,0.0,13.0,70.87692307692308,78.5,0.1538461538461538,1.0,13,70.87692307692308,78.5,0.1538461538461538,1.0,동,73.8,0.3333333333333333,55.2,1.6666666666666667,39.13999999999999
173540,오산세교한신더휴,오산시,,가수동,37.135502,127.05011,,,,,,,10.0,74.49,79.0,0.8888888888888888,4.0,10,74.49,79.0,0.8888888888888888,4.0,시구,74.49,0.8888888888888888,57.95999999999998,4.444444444444444,41.90533333333332
2228,인정프린스3차,용인시 처인구,,고림동,37.264022,127.216997,2.0,75.4,79.2,1.0,1.0,0.0,16.0,71.63125,80.1,0.7857142857142857,3.0,50,74.958,81.8,6.041666666666667,18.0,동,75.4,1.0,61.60000000000002,5.0,44.62000000000001
2497,동원,시흥시,,배곧동,37.367085,126.735617,,,,,,,26.0,73.34230769230768,82.4,1.1153846153846154,4.0,26,73.34230769230768,82.4,1.1153846153846154,4.0,시구,73.34230769230768,1.1153846153846154,53.36923076923073,5.5769230769230775,39.03153846153843
1910,주공4단지,시흥시,,정왕동,37.35182,126.73468,7.0,74.39999999999999,82.4,11.0,1.5714285714285714,0.0,26.0,73.34230769230768,82.4,1.1153846153846154,4.0,26,73.34230769230768,82.4,1.1153846153846154,4.0,동,74.39999999999999,1.5714285714285714,57.599999999999966,7.857142857142857,42.677142857142826
110811,송산그린시티반도유보라아이비파크,안산시 상록구,,사동,37.28036,126.821687,2.0,65.45,73.7,2.0,1.0,0.0,15.0,69.36,75.3,0.4,2.0,30,69.15666666666667,76.0,0.4666666666666667,2.0,동,65.45,1.0,21.80000000000001,5.0,16.760000000000005
18501,백현모아미래도1단지,용인시 기흥구,,동백동,37.283091,127.160606,2.0,76.35,77.0,15.0,7.5,0.0,18.0,75.97222222222223,81.8,5.722222222222222,17.0,50,74.958,81.8,6.041666666666667,18.0,동,76.35,7.5,65.39999999999998,37.5,57.02999999999998
134507,중흥에스클래스더센트럴,화성시 효행구,,봉담읍,37.225629,126.94889,,,,,,,,,,,,49,76.79795918367347,85.6,3.6222222222222222,20.0,시,76.79795918367347,3.6222222222222222,67.19183673469388,18.11111111111111,52.467619047619046
9897,푸른마을4단지,양천구,,신월동,37.513297,126.839209,2.0,62.55,63.7,3.0,1.5,0.0,18.0,71.30000000000001,80.9,9.22222222222222,29.0,18,71.30000000000001,80.9,9.22222222222222,29.0,동,62.55,1.5,10.199999999999989,7.5,9.389999999999992
3783,신정현대6차,구로구,,개봉동,37.508323,126.841989,2.0,69.2,69.5,3.0,1.5,0.0,14.0,69.58571428571429,77.0,2.357142857142857,7.0,14,69.58571428571429,77.0,2.357142857142857,7.0,동,69.2,1.5,36.80000000000001,7.5,28.010000000000005
138204,힐스테이트리슈빌강일,강동구,,강일동,37.573715,127.174816,3.0,70.3,73.7,10.0,3.333333333333333,0.0,19.0,72.88333333333334,83.6,5.526315789473684,20.0,19,72.88333333333334,83.6,5.526315789473684,20.0,동,70.3,3.333333333333333,41.19999999999999,16.666666666666664,33.83999999999999
2781,연꽃마을금호타운,시흥시,,광석동,37.394541,126.813024,,,,,,,26.0,73.34230769230768,82.4,1.1153846153846154,4.0,26,73.34230769230768,82.4,1.1153846153846154,4.0,시구,73.34230769230768,1.1153846153846154,53.36923076923073,5.5769230769230775,39.03153846153843
150860,시흥배곧신도시이지더원더퍼스트1차,시흥시,,배곧동,37.382604,126.729279,,,,,,,26.0,73.34230769230768,82.4,1.1153846153846154,4.0,26,73.34230769230768,82.4,1.1153846153846154,4.0,시구,73.34230769230768,1.1153846153846154,53.36923076923073,5.5769230769230775,39.03153846153843
3659,단원금강,안산시 단원구,,고잔동,37.309144,126.826178,1.0,68.3,68.3,1.0,1.0,0.0,15.0,68.95333333333333,76.0,0.5333333333333333,2.0,30,69.15666666666667,76.0,0.4666666666666667,2.0,동,68.3,1.0,33.19999999999999,5.0,24.73999999999999
14031,호수마을계룡리슈빌,용인시 기흥구,,동백동,37.284724,127.1549,2.0,76.35,77.0,15.0,7.5,0.0,18.0,75.97222222222223,81.8,5.722222222222222,17.0,50,74.958,81.8,6.041666666666667,18.0,동,76.35,7.5,65.39999999999998,37.5,57.02999999999998
157686,중흥S-클래스센트럴에듀,화성시 효행구,,기안동,37.220974,126.967426,,,,,,,,,,,,49,76.79795918367347,85.6,3.6222222222222222,20.0,시,76.79795918367347,3.6222222222222222,67.19183673469388,18.11111111111111,52.467619047619046
138266,중흥에스클래스에듀시티,화성시 효행구,,봉담읍,37.231213,126.940454,,,,,,,,,,,,49,76.79795918367347,85.6,3.6222222222222222,20.0,시,76.79795918367347,3.6222222222222222,67.19183673469388,18.11111111111111,52.467619047619046
3784,학마을1단지,양천구,,신정동,37.508104,126.844413,,,,,,,18.0,71.30000000000001,80.9,9.22222222222222,29.0,18,71.30000000000001,80.9,9.22222222222222,29.0,시구,71.30000000000001,9.22222222222222,45.200000000000045,46.1111111111111,45.47333333333336
8656,삼성(수원권선삼성래미안),수원시 권선구,,곡반정동,37.23591,127.028729,1.0,78.1,78.1,3.0,3.0,0.0,14.0,71.78571428571429,78.6,1.7142857142857142,4.0,57,73.70877192982455,82.6,3.3508771929824563,19.0,동,78.1,3.0,72.39999999999998,15.0,55.17999999999998
2762,숲속마을1단지,시흥시,,장곡동,37.378589,126.781705,2.0,74.1,77.3,4.0,2.0,0.0,26.0,73.34230769230768,82.4,1.1153846153846154,4.0,26,73.34230769230768,82.4,1.1153846153846154,4.0,동,74.1,2.0,56.39999999999997,10.0,42.479999999999976
115819,송산신도시대방노블랜드더센트럴3차,화성시 만세구,,새솔동,37.288034,126.816709,,,,,,,,,,,,49,76.79795918367347,85.6,3.6222222222222222,20.0,시,76.79795918367347,3.6222222222222222,67.19183673469388,18.11111111111111,52.467619047619046
118211,e편한세상신봉담,화성시 효행구,,봉담읍,37.229223,126.940356,,,,,,,,,,,,49,76.79795918367347,85.6,3.6222222222222222,20.0,시,76.79795918367347,3.6222222222222222,67.19183673469388,18.11111111111111,52.467619047619046
148032,우미린더퍼스트,화성시 효행구,,비봉면,37.241995,126.872241,,,,,,,,,,,,49,76.79795918367347,85.6,3.6222222222222222,20.0,시,76.79795918367347,3.6222222222222222,67.19183673469388,18.11111111111111,52.467619047619046
8678,부천범박힐스테이트3단지,구로구,,항동,37.473096,126.810595,1.0,72.2,72.2,2.0,2.0,0.0,14.0,69.58571428571429,77.0,2.357142857142857,7.0,14,69.58571428571429,77.0,2.357142857142857,7.0,동,72.2,2.0,48.80000000000001,10.0,37.16
104986,와이시티,수원시 권선구,,금곡동,37.269452,126.939836,2.0,75.6,76.7,7.0,3.5,0.0,14.0,71.78571428571429,78.6,1.7142857142857142,4.0,57,73.70877192982455,82.6,3.3508771929824563,19.0,동,75.6,3.5,62.39999999999998,17.5,48.92999999999998
25983,양지마을쌍용예가,수원시 권선구,,오목천동,37.241989,126.953171,1.0,78.6,78.6,0.0,0.0,1.0,14.0,71.78571428571429,78.6,1.7142857142857142,4.0,57,73.70877192982455,82.6,3.3508771929824563,19.0,동,78.6,0.0,74.39999999999998,0.0,52.079999999999984
146137,공도서희스타힐스,안성시,,공도읍,36.996154,127.158808,3.0,73.8,75.8,1.0,0.3333333333333333,0.0,13.0,70.87692307692308,78.5,0.1538461538461538,1.0,13,70.87692307692308,78.5,0.1538461538461538,1.0,동,73.8,0.3333333333333333,55.2,1.6666666666666667,39.13999999999999
147048,오산세교한양수자인,오산시,,가수동,37.155253,127.043902,,,,,,,10.0,74.49,79.0,0.8888888888888888,4.0,10,74.49,79.0,0.8888888888888888,4.0,시구,74.49,0.8888888888888888,57.95999999999998,4.444444444444444,41.90533333333332
115543,오산센트럴푸르지오,오산시,,부산동,37.160334,127.08242,,,,,,,10.0,74.49,79.0,0.8888888888888888,4.0,10,74.49,79.0,0.8888888888888888,4.0,시구,74.49,0.8888888888888888,57.95999999999998,4.444444444444444,41.90533333333332
19105,푸른마을용인자이,용인시 처인구,,김량장동,37.234446,127.217979,2.0,74.5,80.1,3.0,1.5,0.0,16.0,71.63125,80.1,0.7857142857142857,3.0,50,74.958,81.8,6.041666666666667,18.0,동,74.5,1.5,57.99999999999999,7.5,42.85
191177,엔에이치에프경남아너스빌,화성시 동탄구,,목동,37.18631,127.127406,,,,,,,,,,,,49,76.79795918367347,85.6,3.6222222222222222,20.0,시,76.79795918367347,3.6222222222222222,67.19183673469388,18.11111111111111,52.467619047619046
115463,한신더휴,화성시 동탄구,,목동,37.186742,127.12512,,,,,,,,,,,,49,76.79795918367347,85.6,3.6222222222222222,20.0,시,76.79795918367347,3.6222222222222222,67.19183673469388,18.11111111111111,52.467619047619046
11455,진안파크자이,화성시 병점구,,기산동,37.217064,127.035866,,,,,,,,,,,,49,76.79795918367347,85.6,3.6222222222222222,20.0,시,76.79795918367347,3.6222222222222222,67.19183673469388,18.11111111111111,52.467619047619046
126335,봉담2지구중흥S클래스더퍼스트,화성시 효행구,,봉담읍,37.219625,126.944468,,,,,,,,,,,,49,76.79795918367347,85.6,3.6222222222222222,20.0,시,76.79795918367347,3.6222222222222222,67.19183673469388,18.11111111111111,52.467619047619046
146784,화성비봉호반써밋,화성시 효행구,,비봉면,37.24964,126.868746,,,,,,,,,,,,49,76.79795918367347,85.6,3.6222222222222222,20.0,시,76.79795918367347,3.6222222222222222,67.19183673469388,18.11111111111111,52.467619047619046
26927,풍무자이2단지,김포시,,풍무동,37.603614,126.728068,2.0,79.1,82.1,24.0,12.0,0.0,24.0,75.575,83.5,4.791666666666667,19.0,24,75.575,83.5,4.791666666666667,19.0,동,79.1,12.0,76.39999999999998,60.0,71.47999999999999
170557,서희스타힐스NHF,안성시,,계동,37.0042,127.258489,,,,,,,13.0,70.87692307692308,78.5,0.1538461538461538,1.0,13,70.87692307692308,78.5,0.1538461538461538,1.0,시구,70.87692307692308,0.1538461538461538,43.50769230769231,0.769230769230769,30.686153846153843
102557,죽미마을9단지휴튼,오산시,,가장동,37.177289,127.049142,,,,,,,10.0,74.49,79.0,0.8888888888888888,4.0,10,74.49,79.0,0.8888888888888888,4.0,시구,74.49,0.8888888888888888,57.95999999999998,4.444444444444444,41.90533333333332
193277,엔에이치에프엘크루,오산시,,부산동,37.162452,127.094269,,,,,,,10.0,74.49,79.0,0.8888888888888888,4.0,10,74.49,79.0,0.8888888888888888,4.0,시구,74.49,0.8888888888888888,57.95999999999998,4.444444444444444,41.90533333333332
17542,호수마을자연앤데시앙,용인시 기흥구,,동백동,37.287064,127.15163,2.0,76.35,77.0,15.0,7.5,0.0,18.0,75.97222222222223,81.8,5.722222222222222,17.0,50,74.958,81.8,6.041666666666667,18.0,동,76.35,7.5,65.39999999999998,37.5,57.02999999999998
23782,동탄예당마을푸르지오,화성시 동탄구,,능동,37.209773,127.078759,,,,,,,,,,,,49,76.79795918367347,85.6,3.6222222222222222,20.0,시,76.79795918367347,3.6222222222222222,67.19183673469388,18.11111111111111,52.467619047619046
107651,동탄역반도유보라아이비파크2.0,화성시 동탄구,,영천동,37.209379,127.117023,,,,,,,,,,,,49,76.79795918367347,85.6,3.6222222222222222,20.0,시,76.79795918367347,3.6222222222222222,67.19183673469388,18.11111111111111,52.467619047619046
104009,서창센트라스,시흥시,,방산동,37.425197,126.746108,,,,,,,26.0,73.34230769230768,82.4,1.1153846153846154,4.0,26,73.34230769230768,82.4,1.1153846153846154,4.0,시구,73.34230769230768,1.1153846153846154,53.36923076923073,5.5769230769230775,39.03153846153843
1895,아주,시흥시,,배곧동,37.353181,126.735455,,,,,,,26.0,73.34230769230768,82.4,1.1153846153846154,4.0,26,73.34230769230768,82.4,1.1153846153846154,4.0,시구,73.34230769230768,1.1153846153846154,53.36923076923073,5.5769230769230775,39.03153846153843
144228,평택지제역동문디이스트5단지,안성시,,원곡면,37.025067,127.11038,,,,,,,13.0,70.87692307692308,78.5,0.1538461538461538,1.0,13,70.87692307692308,78.5,0.1538461538461538,1.0,시구,70.87692307692308,0.1538461538461538,43.50769230769231,0.769230769230769,30.686153846153843
110150,오산시티자이1차2단지,오산시,,부산동,37.149483,127.092083,,,,,,,10.0,74.49,79.0,0.8888888888888888,4.0,10,74.49,79.0,0.8888888888888888,4.0,시구,74.49,0.8888888888888888,57.95999999999998,4.444444444444444,41.90533333333332
127192,한화포레나동탄호수,오산시,,부산동,37.163917,127.0986,,,,,,,10.0,74.49,79.0,0.8888888888888888,4.0,10,74.49,79.0,0.8888888888888888,4.0,시구,74.49,0.8888888888888888,57.95999999999998,4.444444444444444,41.90533333333332
141620,봉담자이라피네,화성시 효행구,,기안동,37.221382,126.970302,,,,,,,,,,,,49,76.79795918367347,85.6,3.6222222222222222,20.0,시,76.79795918367347,3.6222222222222222,67.19183673469388,18.11111111111111,52.467619047619046
125772,화성우방아이유쉘메가시티2단지,화성시 효행구,,기안동,37.222374,126.97775,,,,,,,,,,,,49,76.79795918367347,85.6,3.6222222222222222,20.0,시,76.79795918367347,3.6222222222222222,67.19183673469388,18.11111111111111,52.467619047619046
149425,힐스테이트검단포레스트,김포시,,감정동,37.616416,126.683201,1.0,74.5,74.5,0.0,0.0,0.0,24.0,75.575,83.5,4.791666666666667,19.0,24,75.575,83.5,4.791666666666667,19.0,동,74.5,0.0,57.99999999999999,0.0,40.6
128034,검단신도시로제비앙라포레,김포시,,풍무동,37.60412,126.711199,2.0,79.1,82.1,24.0,12.0,0.0,24.0,75.575,83.5,4.791666666666667,19.0,24,75.575,83.5,4.791666666666667,19.0,동,79.1,12.0,76.39999999999998,60.0,71.47999999999999
114416,호수공원역센트리체,화성시 동탄구,,산척동,37.167224,127.112541,,,,,,,,,,,,49,76.79795918367347,85.6,3.6222222222222222,20.0,시,76.79795918367347,3.6222222222222222,67.19183673469388,18.11111111111111,52.467619047619046
8655,한솔,수원시 권선구,,곡반정동,37.235755,127.027413,1.0,78.1,78.1,3.0,3.0,0.0,14.0,71.78571428571429,78.6,1.7142857142857142,4.0,57,73.70877192982455,82.6,3.3508771929824563,19.0,동,78.1,3.0,72.39999999999998,15.0,55.17999999999998
9513,수원탑동우방파크타운,수원시 권선구,,구운동,37.267774,126.974348,1.0,65.9,65.9,0.0,0.0,0.0,14.0,71.78571428571429,78.6,1.7142857142857142,4.0,57,73.70877192982455,82.6,3.3508771929824563,19.0,동,65.9,0.0,23.600000000000023,0.0,16.520000000000014
110814,시흥배곧신도시이지더원에듀그린2차,시흥시,,배곧동,37.359117,126.714094,,,,,,,26.0,73.34230769230768,82.4,1.1153846153846154,4.0,26,73.34230769230768,82.4,1.1153846153846154,4.0,시구,73.34230769230768,1.1153846153846154,53.36923076923073,5.5769230769230775,39.03153846153843
14039,호수마을서해그랑블,용인시 기흥구,,동백동,37.281969,127.157404,2.0,76.35,77.0,15.0,7.5,0.0,18.0,75.97222222222223,81.8,5.722222222222222,17.0,50,74.958,81.8,6.041666666666667,18.0,동,76.35,7.5,65.39999999999998,37.5,57.02999999999998
17644,호수마을휴먼시아(어울림),용인시 기흥구,,동백동,37.286751,127.15498,2.0,76.35,77.0,15.0,7.5,0.0,18.0,75.97222222222223,81.8,5.722222222222222,17.0,50,74.958,81.8,6.041666666666667,18.0,동,76.35,7.5,65.39999999999998,37.5,57.02999999999998
113408,동탄2신도시베라체,화성시 동탄구,,목동,37.19141,127.123891,,,,,,,,,,,,49,76.79795918367347,85.6,3.6222222222222222,20.0,시,76.79795918367347,3.6222222222222222,67.19183673469388,18.11111111111111,52.467619047619046
152683,동탄호수공원금강펜테리움센트럴파크Ⅱ,화성시 동탄구,,목동,37.177673,127.115764,,,,,,,,,,,,49,76.79795918367347,85.6,3.6222222222222222,20.0,시,76.79795918367347,3.6222222222222222,67.19183673469388,18.11111111111111,52.467619047619046
105407,동탄역시범호반써밋,화성시 동탄구,,목동,37.197803,127.109835,,,,,,,,,,,,49,76.79795918367347,85.6,3.6222222222222222,20.0,시,76.79795918367347,3.6222222222222222,67.19183673469388,18.11111111111111,52.467619047619046
119213,김포센트럴헤센1단지,김포시,,감정동,37.615054,126.703904,1.0,74.5,74.5,0.0,0.0,0.0,24.0,75.575,83.5,4.791666666666667,19.0,24,75.575,83.5,4.791666666666667,19.0,동,74.5,0.0,57.99999999999999,0.0,40.6
3963,동보,시흥시,,거모동,37.357923,126.774251,1.0,70.6,70.6,0.0,0.0,0.0,26.0,73.34230769230768,82.4,1.1153846153846154,4.0,26,73.34230769230768,82.4,1.1153846153846154,4.0,동,70.6,0.0,42.39999999999998,0.0,29.679999999999986
145871,효성해링턴플레이스안성공도,안성시,,공도읍,36.995012,127.161125,3.0,73.8,75.8,1.0,0.3333333333333333,0.0,13.0,70.87692307692308,78.5,0.1538461538461538,1.0,13,70.87692307692308,78.5,0.1538461538461538,1.0,동,73.8,0.3333333333333333,55.2,1.6666666666666667,39.13999999999999
115483,한화포레나김포풍무4단지,김포시,,풍무동,37.599793,126.725159,2.0,79.1,82.1,24.0,12.0,0.0,24.0,75.575,83.5,4.791666666666667,19.0,24,75.575,83.5,4.791666666666667,19.0,동,79.1,12.0,76.39999999999998,60.0,71.47999999999999
107018,호매실더센트라고,수원시 권선구,,금곡동,37.276047,126.94272,2.0,75.6,76.7,7.0,3.5,0.0,14.0,71.78571428571429,78.6,1.7142857142857142,4.0,57,73.70877192982455,82.6,3.3508771929824563,19.0,동,75.6,3.5,62.39999999999998,17.5,48.92999999999998
1905,영남2차,시흥시,,배곧동,37.35768,126.732366,,,,,,,26.0,73.34230769230768,82.4,1.1153846153846154,4.0,26,73.34230769230768,82.4,1.1153846153846154,4.0,시구,73.34230769230768,1.1153846153846154,53.36923076923073,5.5769230769230775,39.03153846153843
1880,건영2차,시흥시,,배곧동,37.358684,126.730249,,,,,,,26.0,73.34230769230768,82.4,1.1153846153846154,4.0,26,73.34230769230768,82.4,1.1153846153846154,4.0,시구,73.34230769230768,1.1153846153846154,53.36923076923073,5.5769230769230775,39.03153846153843
3658,양지마을,안산시 단원구,,고잔동,37.30598,126.836978,1.0,68.3,68.3,1.0,1.0,0.0,15.0,68.95333333333333,76.0,0.5333333333333333,2.0,30,69.15666666666667,76.0,0.4666666666666667,2.0,동,68.3,1.0,33.19999999999999,5.0,24.73999999999999
131671,안성이트리니티공도센트럴파크,안성시,,공도읍,37.008806,127.175008,3.0,73.8,75.8,1.0,0.3333333333333333,0.0,13.0,70.87692307692308,78.5,0.1538461538461538,1.0,13,70.87692307692308,78.5,0.1538461538461538,1.0,동,73.8,0.3333333333333333,55.2,1.6666666666666667,39.13999999999999
10201,보평마을삼정그린뷰,용인시 처인구,,고림동,37.265169,127.222848,2.0,75.4,79.2,1.0,1.0,0.0,16.0,71.63125,80.1,0.7857142857142857,3.0,50,74.958,81.8,6.041666666666667,18.0,동,75.4,1.0,61.60000000000002,5.0,44.62000000000001
9329,행림마을삼성래미안1차,화성시 동탄구,,능동,37.222692,127.048742,,,,,,,,,,,,49,76.79795918367347,85.6,3.6222222222222222,20.0,시,76.79795918367347,3.6222222222222222,67.19183673469388,18.11111111111111,52.467619047619046
168057,르파비스,화성시 동탄구,,목동,37.183655,127.126343,,,,,,,,,,,,49,76.79795918367347,85.6,3.6222222222222222,20.0,시,76.79795918367347,3.6222222222222222,67.19183673469388,18.11111111111111,52.467619047619046
160319,동탄2LH26단지,화성시 동탄구,,목동,37.176361,127.103478,,,,,,,,,,,,49,76.79795918367347,85.6,3.6222222222222222,20.0,시,76.79795918367347,3.6222222222222222,67.19183673469388,18.11111111111111,52.467619047619046
168399,서희스타힐스엔에이치에프,화성시 동탄구,,목동,37.173276,127.117996,,,,,,,,,,,,49,76.79795918367347,85.6,3.6222222222222222,20.0,시,76.79795918367347,3.6222222222222222,67.19183673469388,18.11111111111111,52.467619047619046
3931,풍년1단지삼보,김포시,,북변동,37.62443,126.72392,1.0,79.0,79.0,14.0,14.0,0.0,24.0,75.575,83.5,4.791666666666667,19.0,24,75.575,83.5,4.791666666666667,19.0,동,79.0,14.0,76.0,70.0,74.19999999999999
100724,모담마을한강화성파크드림,김포시,,운양동,37.645249,126.692504,1.0,83.5,83.5,14.0,14.0,0.0,24.0,75.575,83.5,4.791666666666667,19.0,24,75.575,83.5,4.791666666666667,19.0,동,83.5,14.0,94.0,70.0,86.8
1896,영남4차,시흥시,,배곧동,37.3531,126.7363,,,,,,,26.0,73.34230769230768,82.4,1.1153846153846154,4.0,26,73.34230769230768,82.4,1.1153846153846154,4.0,시구,73.34230769230768,1.1153846153846154,53.36923076923073,5.5769230769230775,39.03153846153843
112886,송산그린시티이지더원레이크뷰,안산시 상록구,,사동,37.284426,126.823018,2.0,65.45,73.7,2.0,1.0,0.0,15.0,69.36,75.3,0.4,2.0,30,69.15666666666667,76.0,0.4666666666666667,2.0,동,65.45,1.0,21.80000000000001,5.0,16.760000000000005
119346,공도우방아이유쉘,안성시,,공도읍,36.997523,127.17213,3.0,73.8,75.8,1.0,0.3333333333333333,0.0,13.0,70.87692307692308,78.5,0.1538461538461538,1.0,13,70.87692307692308,78.5,0.1538461538461538,1.0,동,73.8,0.3333333333333333,55.2,1.6666666666666667,39.13999999999999
115506,동탄동원로얄듀크2차,화성시 동탄구,,목동,37.187631,127.122503,,,,,,,,,,,,49,76.79795918367347,85.6,3.6222222222222222,20.0,시,76.79795918367347,3.6222222222222222,67.19183673469388,18.11111111111111,52.467619047619046
112401,금호어울림레이크(A91블록),화성시 동탄구,,방교동,37.163247,127.107664,,,,,,,,,,,,49,76.79795918367347,85.6,3.6222222222222222,20.0,시,76.79795918367347,3.6222222222222222,67.19183673469388,18.11111111111111,52.467619047619046
114417,동탄호수공원역레이크시티,화성시 동탄구,,산척동,37.167818,127.116147,,,,,,,,,,,,49,76.79795918367347,85.6,3.6222222222222222,20.0,시,76.79795918367347,3.6222222222222222,67.19183673469388,18.11111111111111,52.467619047619046
113506,시티프라디움1차,화성시 만세구,,남양읍,37.198727,126.821841,,,,,,,,,,,,49,76.79795918367347,85.6,3.6222222222222222,20.0,시,76.79795918367347,3.6222222222222222,67.19183673469388,18.11111111111111,52.467619047619046
18926,안산고잔푸르지오7차,화성시 만세구,,새솔동,37.29612,126.818553,,,,,,,,,,,,49,76.79795918367347,85.6,3.6222222222222222,20.0,시,76.79795918367347,3.6222222222222222,67.19183673469388,18.11111111111111,52.467619047619046
19177,병점역동문굿모닝힐,화성시 병점구,,송산동,37.20472,127.021683,,,,,,,,,,,,49,76.79795918367347,85.6,3.6222222222222222,20.0,시,76.79795918367347,3.6222222222222222,67.19183673469388,18.11111111111111,52.467619047619046
27480,강일리버파크8단지,강동구,,강일동,37.562019,127.177611,3.0,70.3,73.7,10.0,3.333333333333333,0.0,19.0,72.88333333333334,83.6,5.526315789473684,20.0,19,72.88333333333334,83.6,5.526315789473684,20.0,동,70.3,3.333333333333333,41.19999999999999,16.666666666666664,33.83999999999999
27227,휴먼시아3단지,시흥시,,군자동,37.33633,126.782569,,,,,,,26.0,73.34230769230768,82.4,1.1153846153846154,4.0,26,73.34230769230768,82.4,1.1153846153846154,4.0,시구,73.34230769230768,1.1153846153846154,53.36923076923073,5.5769230769230775,39.03153846153843
2768,주공5단지,시흥시,,정왕동,37.350551,126.73305,7.0,74.39999999999999,82.4,11.0,1.5714285714285714,0.0,26.0,73.34230769230768,82.4,1.1153846153846154,4.0,26,73.34230769230768,82.4,1.1153846153846154,4.0,동,74.39999999999999,1.5714285714285714,57.599999999999966,7.857142857142857,42.677142857142826
113018,원곡제일오투그란데,안성시,,원곡면,37.037245,127.130309,,,,,,,13.0,70.87692307692308,78.5,0.1538461538461538,1.0,13,70.87692307692308,78.5,0.1538461538461538,1.0,시구,70.87692307692308,0.1538461538461538,43.50769230769231,0.769230769230769,30.686153846153843
119469,동탄레이크자연앤푸르지오,오산시,,부산동,37.165038,127.103024,,,,,,,10.0,74.49,79.0,0.8888888888888888,4.0,10,74.49,79.0,0.8888888888888888,4.0,시구,74.49,0.8888888888888888,57.95999999999998,4.444444444444444,41.90533333333332
125003,송산그린시티노블랜드리버파크5차,화성시 만세구,,새솔동,37.291281,126.814112,,,,,,,,,,,,49,76.79795918367347,85.6,3.6222222222222222,20.0,시,76.79795918367347,3.6222222222222222,67.19183673469388,18.11111111111111,52.467619047619046
141130,우미린센트포레2단지,화성시 병점구,,송산동,37.205337,127.004184,,,,,,,,,,,,49,76.79795918367347,85.6,3.6222222222222222,20.0,시,76.79795918367347,3.6222222222222222,67.19183673469388,18.11111111111111,52.467619047619046
141062,우미린센트포레1단지,화성시 병점구,,송산동,37.20685,127.001373,,,,,,,,,,,,49,76.79795918367347,85.6,3.6222222222222222,20.0,시,76.79795918367347,3.6222222222222222,67.19183673469388,18.11111111111111,52.467619047619046
27474,강일리버파크3단지,강동구,,강일동,37.567057,127.175156,3.0,70.3,73.7,10.0,3.333333333333333,0.0,19.0,72.88333333333334,83.6,5.526315789473684,20.0,19,72.88333333333334,83.6,5.526315789473684,20.0,동,70.3,3.333333333333333,41.19999999999999,16.666666666666664,33.83999999999999
3872,푸른실크벨리1차,김포시,,감정동,37.619377,126.700365,1.0,74.5,74.5,0.0,0.0,0.0,24.0,75.575,83.5,4.791666666666667,19.0,24,75.575,83.5,4.791666666666667,19.0,동,74.5,0.0,57.99999999999999,0.0,40.6
8161,당곡3단지월드메르디앙,김포시,,풍무동,37.602544,126.7182,2.0,79.1,82.1,24.0,12.0,0.0,24.0,75.575,83.5,4.791666666666667,19.0,24,75.575,83.5,4.791666666666667,19.0,동,79.1,12.0,76.39999999999998,60.0,71.47999999999999
1902,영남3차,시흥시,,배곧동,37.356153,126.735349,,,,,,,26.0,73.34230769230768,82.4,1.1153846153846154,4.0,26,73.34230769230768,82.4,1.1153846153846154,4.0,시구,73.34230769230768,1.1153846153846154,53.36923076923073,5.5769230769230775,39.03153846153843
143398,안성센트럴파밀리에,안성시,,구포동,37.010373,127.253866,,,,,,,13.0,70.87692307692308,78.5,0.1538461538461538,1.0,13,70.87692307692308,78.5,0.1538461538461538,1.0,시구,70.87692307692308,0.1538461538461538,43.50769230769231,0.769230769230769,30.686153846153843
106551,동탄역호반써밋,화성시 동탄구,,목동,37.198209,127.118241,,,,,,,,,,,,49,76.79795918367347,85.6,3.6222222222222222,20.0,시,76.79795918367347,3.6222222222222222,67.19183673469388,18.11111111111111,52.467619047619046
4706,풍년3단지서광신안,김포시,,감정동,37.626118,126.713637,1.0,74.5,74.5,0.0,0.0,0.0,24.0,75.575,83.5,4.791666666666667,19.0,24,75.575,83.5,4.791666666666667,19.0,동,74.5,0.0,57.99999999999999,0.0,40.6
3867,전원월드2단지,김포시,,운양동,37.647042,126.68522,1.0,83.5,83.5,14.0,14.0,0.0,24.0,75.575,83.5,4.791666666666667,19.0,24,75.575,83.5,4.791666666666667,19.0,동,83.5,14.0,94.0,70.0,86.8
128333,검단신도시모아엘가그랑데,김포시,,풍무동,37.593674,126.719247,2.0,79.1,82.1,24.0,12.0,0.0,24.0,75.575,83.5,4.791666666666667,19.0,24,75.575,83.5,4.791666666666667,19.0,동,79.1,12.0,76.39999999999998,60.0,71.47999999999999
1892,모아,시흥시,,배곧동,37.362335,126.731271,,,,,,,26.0,73.34230769230768,82.4,1.1153846153846154,4.0,26,73.34230769230768,82.4,1.1153846153846154,4.0,시구,73.34230769230768,1.1153846153846154,53.36923076923073,5.5769230769230775,39.03153846153843
11173,병점임광그대가,오산시,,세교동,37.201591,127.042383,1.0,75.4,75.4,0.0,0.0,0.0,10.0,74.49,79.0,0.8888888888888888,4.0,10,74.49,79.0,0.8888888888888888,4.0,동,75.4,0.0,61.60000000000002,0.0,43.12000000000001
106552,동탄역신안인스빌리베라,화성시 동탄구,,목동,37.194257,127.117977,,,,,,,,,,,,49,76.79795918367347,85.6,3.6222222222222222,20.0,시,76.79795918367347,3.6222222222222222,67.19183673469388,18.11111111111111,52.467619047619046
106690,동탄역시범반도유보라아이비파크1.0,화성시 동탄구,,여울동,37.202332,127.111649,,,,,,,,,,,,49,76.79795918367347,85.6,3.6222222222222222,20.0,시,76.79795918367347,3.6222222222222222,67.19183673469388,18.11111111111111,52.467619047619046
26856,풍무자이1단지,김포시,,풍무동,37.604112,126.724889,2.0,79.1,82.1,24.0,12.0,0.0,24.0,75.575,83.5,4.791666666666667,19.0,24,75.575,83.5,4.791666666666667,19.0,동,79.1,12.0,76.39999999999998,60.0,71.47999999999999
2772,삼호,시흥시,,논곡동,37.38389,126.85894,1.0,67.2,67.2,0.0,0.0,0.0,26.0,73.34230769230768,82.4,1.1153846153846154,4.0,26,73.34230769230768,82.4,1.1153846153846154,4.0,동,67.2,0.0,28.800000000000008,0.0,20.160000000000004
112562,더펠리체휴먼빌,안산시 상록구,,사동,37.280587,126.824115,2.0,65.45,73.7,2.0,1.0,0.0,15.0,69.36,75.3,0.4,2.0,30,69.15666666666667,76.0,0.4666666666666667,2.0,동,65.45,1.0,21.80000000000001,5.0,16.760000000000005
117343,금강펜테리움센트럴파크송산,안산시 상록구,,사동,37.283691,126.82054,2.0,65.45,73.7,2.0,1.0,0.0,15.0,69.36,75.3,0.4,2.0,30,69.15666666666667,76.0,0.4666666666666667,2.0,동,65.45,1.0,21.80000000000001,5.0,16.760000000000005
110124,안녕우방아이유쉘,오산시,,양산동,37.203078,127.006768,,,,,,,10.0,74.49,79.0,0.8888888888888888,4.0,10,74.49,79.0,0.8888888888888888,4.0,시구,74.49,0.8888888888888888,57.95999999999998,4.444444444444444,41.90533333333332
115424,동탄역더샵센트럴시티2차,화성시 동탄구,,금곡동,37.189025,127.089453,,,,,,,,,,,,49,76.79795918367347,85.6,3.6222222222222222,20.0,시,76.79795918367347,3.6222222222222222,67.19183673469388,18.11111111111111,52.467619047619046
109208,시범반도유보라아이비파크4.0,화성시 동탄구,,목동,37.19921,127.114233,,,,,,,,,,,,49,76.79795918367347,85.6,3.6222222222222222,20.0,시,76.79795918367347,3.6222222222222222,67.19183673469388,18.11111111111111,52.467619047619046
136146,e편한세상남양뉴타운,화성시 만세구,,남양읍,37.211089,126.837776,,,,,,,,,,,,49,76.79795918367347,85.6,3.6222222222222222,20.0,시,76.79795918367347,3.6222222222222222,67.19183673469388,18.11111111111111,52.467619047619046
113383,송산신도시대방노블랜드더퍼스티지1차,화성시 만세구,,새솔동,37.286142,126.819347,,,,,,,,,,,,49,76.79795918367347,85.6,3.6222222222222222,20.0,시,76.79795918367347,3.6222222222222222,67.19183673469388,18.11111111111111,52.467619047619046
129104,에듀시티파라곤,화성시 효행구,,기안동,37.218213,126.968994,,,,,,,,,,,,49,76.79795918367347,85.6,3.6222222222222222,20.0,시,76.79795918367347,3.6222222222222222,67.19183673469388,18.11111111111111,52.467619047619046
3786,푸른마을2단지,양천구,,신월동,37.513611,126.835426,2.0,62.55,63.7,3.0,1.5,0.0,18.0,71.30000000000001,80.9,9.22222222222222,29.0,18,71.30000000000001,80.9,9.22222222222222,29.0,동,62.55,1.5,10.199999999999989,7.5,9.389999999999992
27478,강일리버파크6단지,강동구,,강일동,37.564203,127.176705,3.0,70.3,73.7,10.0,3.333333333333333,0.0,19.0,72.88333333333334,83.6,5.526315789473684,20.0,19,72.88333333333334,83.6,5.526315789473684,20.0,동,70.3,3.333333333333333,41.19999999999999,16.666666666666664,33.83999999999999
25554,한울마을신창비바패밀리1단지,수원시 권선구,,오목천동,37.234283,126.95605,1.0,78.6,78.6,0.0,0.0,1.0,14.0,71.78571428571429,78.6,1.7142857142857142,4.0,57,73.70877192982455,82.6,3.3508771929824563,19.0,동,78.6,0.0,74.39999999999998,0.0,52.079999999999984
10019,주은풍림,안성시,,공도읍,36.999219,127.158939,3.0,73.8,75.8,1.0,0.3333333333333333,0.0,13.0,70.87692307692308,78.5,0.1538461538461538,1.0,13,70.87692307692308,78.5,0.1538461538461538,1.0,동,73.8,0.3333333333333333,55.2,1.6666666666666667,39.13999999999999
114664,금호어울림레이크2차,오산시,,부산동,37.162226,127.10171,,,,,,,10.0,74.49,79.0,0.8888888888888888,4.0,10,74.49,79.0,0.8888888888888888,4.0,시구,74.49,0.8888888888888888,57.95999999999998,4.444444444444444,41.90533333333332
2531,현대,용인시 처인구,,김량장동,37.230528,127.21154,2.0,74.5,80.1,3.0,1.5,0.0,16.0,71.63125,80.1,0.7857142857142857,3.0,50,74.958,81.8,6.041666666666667,18.0,동,74.5,1.5,57.99999999999999,7.5,42.85
108481,금강펜테리움센트럴파크동탄,화성시 동탄구,,목동,37.180613,127.108816,,,,,,,,,,,,49,76.79795918367347,85.6,3.6222222222222222,20.0,시,76.79795918367347,3.6222222222222222,67.19183673469388,18.11111111111111,52.467619047619046
106558,동탄역시범더샵센트럴시티,화성시 동탄구,,여울동,37.1987,127.100329,,,,,,,,,,,,49,76.79795918367347,85.6,3.6222222222222222,20.0,시,76.79795918367347,3.6222222222222222,67.19183673469388,18.11111111111111,52.467619047619046
3787,푸른마을3단지,구로구,,궁동,37.512033,126.837181,,,,,,,14.0,69.58571428571429,77.0,2.357142857142857,7.0,14,69.58571428571429,77.0,2.357142857142857,7.0,시구,69.58571428571429,2.357142857142857,38.34285714285716,11.785714285714285,30.37571428571429
3933,농장마을신안,김포시,,감정동,37.619079,126.710134,1.0,74.5,74.5,0.0,0.0,0.0,24.0,75.575,83.5,4.791666666666667,19.0,24,75.575,83.5,4.791666666666667,19.0,동,74.5,0.0,57.99999999999999,0.0,40.6
127111,e편한세상김포로얄하임,김포시,,통진읍,37.689449,126.595658,2.0,70.85,72.0,0.0,0.0,0.5,24.0,75.575,83.5,4.791666666666667,19.0,24,75.575,83.5,4.791666666666667,19.0,동,70.85,0.0,43.39999999999998,0.0,30.37999999999998
130335,우미린더헤리티지,김포시,,풍무동,37.592542,126.720316,2.0,79.1,82.1,24.0,12.0,0.0,24.0,75.575,83.5,4.791666666666667,19.0,24,75.575,83.5,4.791666666666667,19.0,동,79.1,12.0,76.39999999999998,60.0,71.47999999999999
117552,송산그린시티요진와이시티,안산시 상록구,,사동,37.287322,126.820882,2.0,65.45,73.7,2.0,1.0,0.0,15.0,69.36,75.3,0.4,2.0,30,69.15666666666667,76.0,0.4666666666666667,2.0,동,65.45,1.0,21.80000000000001,5.0,16.760000000000005
114643,안성푸르지오,안성시,,가사동,37.011505,127.289635,,,,,,,13.0,70.87692307692308,78.5,0.1538461538461538,1.0,13,70.87692307692308,78.5,0.1538461538461538,1.0,시구,70.87692307692308,0.1538461538461538,43.50769230769231,0.769230769230769,30.686153846153843
27069,KCC스위첸,안성시,,공도읍,37.000901,127.177717,3.0,73.8,75.8,1.0,0.3333333333333333,0.0,13.0,70.87692307692308,78.5,0.1538461538461538,1.0,13,70.87692307692308,78.5,0.1538461538461538,1.0,동,73.8,0.3333333333333333,55.2,1.6666666666666667,39.13999999999999
12482,병점성호,오산시,,세교동,37.200438,127.042409,1.0,75.4,75.4,0.0,0.0,0.0,10.0,74.49,79.0,0.8888888888888888,4.0,10,74.49,79.0,0.8888888888888888,4.0,동,75.4,0.0,61.60000000000002,0.0,43.12000000000001
19451,안화동마을주공5단지,화성시 동탄구,,능동,37.210467,127.046957,,,,,,,,,,,,49,76.79795918367347,85.6,3.6222222222222222,20.0,시,76.79795918367347,3.6222222222222222,67.19183673469388,18.11111111111111,52.467619047619046
100218,부천범박힐스테이트2단지,구로구,,항동,37.474737,126.807958,1.0,72.2,72.2,2.0,2.0,0.0,14.0,69.58571428571429,77.0,2.357142857142857,7.0,14,69.58571428571429,77.0,2.357142857142857,7.0,동,72.2,2.0,48.80000000000001,10.0,37.16
125319,검단대광로제비앙센트럴포레,김포시,,감정동,37.611996,126.689967,1.0,74.5,74.5,0.0,0.0,0.0,24.0,75.575,83.5,4.791666666666667,19.0,24,75.575,83.5,4.791666666666667,19.0,동,74.5,0.0,57.99999999999999,0.0,40.6
2840,한국,김포시,,감정동,37.62615,126.700043,1.0,74.5,74.5,0.0,0.0,0.0,24.0,75.575,83.5,4.791666666666667,19.0,24,75.575,83.5,4.791666666666667,19.0,동,74.5,0.0,57.99999999999999,0.0,40.6
3670,주공그린빌15단지,안산시 단원구,,고잔동,37.307598,126.812982,1.0,68.3,68.3,1.0,1.0,0.0,15.0,68.95333333333333,76.0,0.5333333333333333,2.0,30,69.15666666666667,76.0,0.4666666666666667,2.0,동,68.3,1.0,33.19999999999999,5.0,24.73999999999999
131409,세교센트럴파크,오산시,,가장동,37.175446,127.046179,,,,,,,10.0,74.49,79.0,0.8888888888888888,4.0,10,74.49,79.0,0.8888888888888888,4.0,시구,74.49,0.8888888888888888,57.95999999999998,4.444444444444444,41.90533333333332
27337,병점역한일타운,오산시,,세교동,37.19944,127.03901,1.0,75.4,75.4,0.0,0.0,0.0,10.0,74.49,79.0,0.8888888888888888,4.0,10,74.49,79.0,0.8888888888888888,4.0,동,75.4,0.0,61.60000000000002,0.0,43.12000000000001
11195,병점역우남퍼스트빌3차,오산시,,세교동,37.198882,127.04173,1.0,75.4,75.4,0.0,0.0,0.0,10.0,74.49,79.0,0.8888888888888888,4.0,10,74.49,79.0,0.8888888888888888,4.0,동,75.4,0.0,61.60000000000002,0.0,43.12000000000001
2532,마평우성,용인시 처인구,,김량장동,37.23508,127.21512,2.0,74.5,80.1,3.0,1.5,0.0,16.0,71.63125,80.1,0.7857142857142857,3.0,50,74.958,81.8,6.041666666666667,18.0,동,74.5,1.5,57.99999999999999,7.5,42.85
111113,동탄2신도시호반베르디움22단지,화성시 동탄구,,목동,37.184749,127.124478,,,,,,,,,,,,49,76.79795918367347,85.6,3.6222222222222222,20.0,시,76.79795918367347,3.6222222222222222,67.19183673469388,18.11111111111111,52.467619047619046
113538,동탄더레이크팰리스,화성시 동탄구,,목동,37.171528,127.108612,,,,,,,,,,,,49,76.79795918367347,85.6,3.6222222222222222,20.0,시,76.79795918367347,3.6222222222222222,67.19183673469388,18.11111111111111,52.467619047619046
137942,화성남양시티프라디움4차,화성시 만세구,,남양읍,37.213822,126.833938,,,,,,,,,,,,49,76.79795918367347,85.6,3.6222222222222222,20.0,시,76.79795918367347,3.6222222222222222,67.19183673469388,18.11111111111111,52.467619047619046
140030,김포마송디에트르퍼스티지,김포시,,통진읍,37.690219,126.604897,2.0,70.85,72.0,0.0,0.0,0.5,24.0,75.575,83.5,4.791666666666667,19.0,24,75.575,83.5,4.791666666666667,19.0,동,70.85,0.0,43.39999999999998,0.0,30.37999999999998
134804,e편한세상김포어반베뉴,김포시,,통진읍,37.687045,126.605671,2.0,70.85,72.0,0.0,0.0,0.5,24.0,75.575,83.5,4.791666666666667,19.0,24,75.575,83.5,4.791666666666667,19.0,동,70.85,0.0,43.39999999999998,0.0,30.37999999999998
115713,안성아양시티프라디움,안성시,,구포동,37.007176,127.255261,,,,,,,13.0,70.87692307692308,78.5,0.1538461538461538,1.0,13,70.87692307692308,78.5,0.1538461538461538,1.0,시구,70.87692307692308,0.1538461538461538,43.50769230769231,0.769230769230769,30.686153846153843
24675,홍익,안성시,,금광면,37.010172,127.327762,,,,,,,13.0,70.87692307692308,78.5,0.1538461538461538,1.0,13,70.87692307692308,78.5,0.1538461538461538,1.0,시구,70.87692307692308,0.1538461538461538,43.50769230769231,0.769230769230769,30.686153846153843
12982,안화동마을주공7단지,화성시 동탄구,,능동,37.213529,127.048981,,,,,,,,,,,,49,76.79795918367347,85.6,3.6222222222222222,20.0,시,76.79795918367347,3.6222222222222222,67.19183673469388,18.11111111111111,52.467619047619046
121988,송산신도시모아미래도에듀포레,화성시 만세구,,새솔동,37.27548,126.82851,,,,,,,,,,,,49,76.79795918367347,85.6,3.6222222222222222,20.0,시,76.79795918367347,3.6222222222222222,67.19183673469388,18.11111111111111,52.467619047619046
3929,김포길훈4차,김포시,,북변동,37.615657,126.726017,1.0,79.0,79.0,14.0,14.0,0.0,24.0,75.575,83.5,4.791666666666667,19.0,24,75.575,83.5,4.791666666666667,19.0,동,79.0,14.0,76.0,70.0,74.19999999999999
2681,삼정,수원시 권선구,,당수동,37.290771,126.942785,,,,,,,14.0,71.78571428571429,78.6,1.7142857142857142,4.0,57,73.70877192982455,82.6,3.3508771929824563,19.0,시구,71.78571428571429,1.7142857142857142,47.14285714285717,8.571428571428571,35.571428571428584
18496,늘푸른오스카빌,오산시,,세교동,37.1905,127.03255,1.0,75.4,75.4,0.0,0.0,0.0,10.0,74.49,79.0,0.8888888888888888,4.0,10,74.49,79.0,0.8888888888888888,4.0,동,75.4,0.0,61.60000000000002,0.0,43.12000000000001
23771,동탄시범다은마을센트럴파크뷰,오산시,,외삼미동,37.200398,127.063373,,,,,,,10.0,74.49,79.0,0.8888888888888888,4.0,10,74.49,79.0,0.8888888888888888,4.0,시구,74.49,0.8888888888888888,57.95999999999998,4.444444444444444,41.90533333333332
2529,호수청구,용인시 기흥구,,고매동,37.240373,127.103272,,,,,,,18.0,75.97222222222223,81.8,5.722222222222222,17.0,50,74.958,81.8,6.041666666666667,18.0,시구,75.97222222222223,5.722222222222222,63.888888888888914,28.61111111111111,53.30555555555557
25960,능동역이지더원,화성시 동탄구,,능동,37.213146,127.056309,,,,,,,,,,,,49,76.79795918367347,85.6,3.6222222222222222,20.0,시,76.79795918367347,3.6222222222222222,67.19183673469388,18.11111111111111,52.467619047619046
110838,동탄역더힐,화성시 동탄구,,목동,37.198177,127.120298,,,,,,,,,,,,49,76.79795918367347,85.6,3.6222222222222222,20.0,시,76.79795918367347,3.6222222222222222,67.19183673469388,18.11111111111111,52.467619047619046
113039,동광뷰엘,화성시 만세구,,남양읍,37.209149,126.828038,,,,,,,,,,,,49,76.79795918367347,85.6,3.6222222222222222,20.0,시,76.79795918367347,3.6222222222222222,67.19183673469388,18.11111111111111,52.467619047619046
10135,기안마을풍성신미주,화성시 효행구,,기안동,37.221283,126.987508,,,,,,,,,,,,49,76.79795918367347,85.6,3.6222222222222222,20.0,시,76.79795918367347,3.6222222222222222,67.19183673469388,18.11111111111111,52.467619047619046
27477,강일리버파크5단지,강동구,,강일동,37.567872,127.17826,3.0,70.3,73.7,10.0,3.333333333333333,0.0,19.0,72.88333333333334,83.6,5.526315789473684,20.0,19,72.88333333333334,83.6,5.526315789473684,20.0,동,70.3,3.333333333333333,41.19999999999999,16.666666666666664,33.83999999999999
120122,김포한강삼정그린코아더베스트,김포시,,구래동,37.65814,126.626335,1.0,79.1,79.1,4.0,4.0,0.0,24.0,75.575,83.5,4.791666666666667,19.0,24,75.575,83.5,4.791666666666667,19.0,동,79.1,4.0,76.39999999999998,20.0,59.47999999999998
1774,강남,수원시 권선구,,구운동,37.279,126.95366,1.0,65.9,65.9,0.0,0.0,0.0,14.0,71.78571428571429,78.6,1.7142857142857142,4.0,57,73.70877192982455,82.6,3.3508771929824563,19.0,동,65.9,0.0,23.600000000000023,0.0,16.520000000000014
127086,동탄호수하우스디,오산시,,부산동,37.162297,127.096828,,,,,,,10.0,74.49,79.0,0.8888888888888888,4.0,10,74.49,79.0,0.8888888888888888,4.0,시구,74.49,0.8888888888888888,57.95999999999998,4.444444444444444,41.90533333333332
115434,동탄역동원로얄듀크1차,용인시 기흥구,,고매동,37.210704,127.102312,,,,,,,18.0,75.97222222222223,81.8,5.722222222222222,17.0,50,74.958,81.8,6.041666666666667,18.0,시구,75.97222222222223,5.722222222222222,63.888888888888914,28.61111111111111,53.30555555555557
1779,삼익3차,수원시 권선구,,구운동,37.277146,126.953846,1.0,65.9,65.9,0.0,0.0,0.0,14.0,71.78571428571429,78.6,1.7142857142857142,4.0,57,73.70877192982455,82.6,3.3508771929824563,19.0,동,65.9,0.0,23.600000000000023,0.0,16.520000000000014
2499,삼환,시흥시,,배곧동,37.361318,126.730544,,,,,,,26.0,73.34230769230768,82.4,1.1153846153846154,4.0,26,73.34230769230768,82.4,1.1153846153846154,4.0,시구,73.34230769230768,1.1153846153846154,53.36923076923073,5.5769230769230775,39.03153846153843
8007,오산운암주공1단지,오산시,,부산동,37.157619,127.080203,,,,,,,10.0,74.49,79.0,0.8888888888888888,4.0,10,74.49,79.0,0.8888888888888888,4.0,시구,74.49,0.8888888888888888,57.95999999999998,4.444444444444444,41.90533333333332
8008,오산운암주공3단지,오산시,,부산동,37.154419,127.078846,,,,,,,10.0,74.49,79.0,0.8888888888888888,4.0,10,74.49,79.0,0.8888888888888888,4.0,시구,74.49,0.8888888888888888,57.95999999999998,4.444444444444444,41.90533333333332
11320,병점역성호플레르빌,오산시,,세교동,37.20035,127.025006,1.0,75.4,75.4,0.0,0.0,0.0,10.0,74.49,79.0,0.8888888888888888,4.0,10,74.49,79.0,0.8888888888888888,4.0,동,75.4,0.0,61.60000000000002,0.0,43.12000000000001
14045,백현마을코아루,용인시 기흥구,,동백동,37.281053,127.159219,2.0,76.35,77.0,15.0,7.5,0.0,18.0,75.97222222222223,81.8,5.722222222222222,17.0,50,74.958,81.8,6.041666666666667,18.0,동,76.35,7.5,65.39999999999998,37.5,57.02999999999998
14038,백현마을서해그랑블,용인시 기흥구,,동백동,37.285237,127.160796,2.0,76.35,77.0,15.0,7.5,0.0,18.0,75.97222222222223,81.8,5.722222222222222,17.0,50,74.958,81.8,6.041666666666667,18.0,동,76.35,7.5,65.39999999999998,37.5,57.02999999999998
9091,진안골마을주공11단지,화성시 동탄구,,능동,37.216821,127.044883,,,,,,,,,,,,49,76.79795918367347,85.6,3.6222222222222222,20.0,시,76.79795918367347,3.6222222222222222,67.19183673469388,18.11111111111111,52.467619047619046
114414,더레이크파크뷰,화성시 동탄구,,산척동,37.170856,127.117918,,,,,,,,,,,,49,76.79795918367347,85.6,3.6222222222222222,20.0,시,76.79795918367347,3.6222222222222222,67.19183673469388,18.11111111111111,52.467619047619046
111353,레이크반도유보라아이비파크9.0,화성시 동탄구,,산척동,37.162761,127.11703,,,,,,,,,,,,49,76.79795918367347,85.6,3.6222222222222222,20.0,시,76.79795918367347,3.6222222222222222,67.19183673469388,18.11111111111111,52.467619047619046
2540,신화,김포시,,감정동,37.6249,126.70088,1.0,74.5,74.5,0.0,0.0,0.0,24.0,75.575,83.5,4.791666666666667,19.0,24,75.575,83.5,4.791666666666667,19.0,동,74.5,0.0,57.99999999999999,0.0,40.6
101566,김포한강신원아침도시고다니마을,김포시,,구래동,37.655157,126.631145,1.0,79.1,79.1,4.0,4.0,0.0,24.0,75.575,83.5,4.791666666666667,19.0,24,75.575,83.5,4.791666666666667,19.0,동,79.1,4.0,76.39999999999998,20.0,59.47999999999998
148022,아라역금강펜테리움더시글로2차,김포시,,풍무동,37.591016,126.706783,2.0,79.1,82.1,24.0,12.0,0.0,24.0,75.575,83.5,4.791666666666667,19.0,24,75.575,83.5,4.791666666666667,19.0,동,79.1,12.0,76.39999999999998,60.0,71.47999999999999
18996,한라비발디2단지,수원시 권선구,,당수동,37.292874,126.939135,,,,,,,14.0,71.78571428571429,78.6,1.7142857142857142,4.0,57,73.70877192982455,82.6,3.3508771929824563,19.0,시구,71.78571428571429,1.7142857142857142,47.14285714285717,8.571428571428571,35.571428571428584
144350,안성아양흥화하브,안성시,,구포동,37.005448,127.26069,,,,,,,13.0,70.87692307692308,78.5,0.1538461538461538,1.0,13,70.87692307692308,78.5,0.1538461538461538,1.0,시구,70.87692307692308,0.1538461538461538,43.50769230769231,0.769230769230769,30.686153846153843
175958,안성하우스토리퍼스트시티,안성시,,죽산면,37.073144,127.425644,2.0,65.95,73.2,0.0,0.0,0.5,13.0,70.87692307692308,78.5,0.1538461538461538,1.0,13,70.87692307692308,78.5,0.1538461538461538,1.0,동,65.95,0.0,23.80000000000001,0.0,16.660000000000007
117065,제일풍경채에듀앤파크,화성시 동탄구,,산척동,37.158701,127.111455,,,,,,,,,,,,49,76.79795918367347,85.6,3.6222222222222222,20.0,시,76.79795918367347,3.6222222222222222,67.19183673469388,18.11111111111111,52.467619047619046
2785,관곡마을동아,시흥시,,도창동,37.399829,126.801296,,,,,,,26.0,73.34230769230768,82.4,1.1153846153846154,4.0,26,73.34230769230768,82.4,1.1153846153846154,4.0,시구,73.34230769230768,1.1153846153846154,53.36923076923073,5.5769230769230775,39.03153846153843
13210,한솔솔파크,오산시,,가수동,37.134777,127.067649,,,,,,,10.0,74.49,79.0,0.8888888888888888,4.0,10,74.49,79.0,0.8888888888888888,4.0,시구,74.49,0.8888888888888888,57.95999999999998,4.444444444444444,41.90533333333332
17645,백현마을경남아너스빌,용인시 기흥구,,동백동,37.283669,127.164704,2.0,76.35,77.0,15.0,7.5,0.0,18.0,75.97222222222223,81.8,5.722222222222222,17.0,50,74.958,81.8,6.041666666666667,18.0,동,76.35,7.5,65.39999999999998,37.5,57.02999999999998
23777,동탄숲속마을능동역리체더포레스트,화성시 동탄구,,능동,37.210802,127.050423,,,,,,,,,,,,49,76.79795918367347,85.6,3.6222222222222222,20.0,시,76.79795918367347,3.6222222222222222,67.19183673469388,18.11111111111111,52.467619047619046
165262,화성동탄2센트럴힐즈동탄,화성시 동탄구,,목동,37.181502,127.111236,,,,,,,,,,,,49,76.79795918367347,85.6,3.6222222222222222,20.0,시,76.79795918367347,3.6222222222222222,67.19183673469388,18.11111111111111,52.467619047619046
109932,동탄역반도유보라아이비파크6.0,화성시 동탄구,,반송동,37.203988,127.09122,,,,,,,,,,,,49,76.79795918367347,85.6,3.6222222222222222,20.0,시,76.79795918367347,3.6222222222222222,67.19183673469388,18.11111111111111,52.467619047619046
137070,화성봉담2엘크루루엘리안,화성시 효행구,,봉담읍,37.229243,126.944253,,,,,,,,,,,,49,76.79795918367347,85.6,3.6222222222222222,20.0,시,76.79795918367347,3.6222222222222222,67.19183673469388,18.11111111111111,52.467619047619046
102634,원종금호어울림,강서구,,오쇠동,37.528603,126.802904,,,,,,,22.0,72.8,77.9,3.409090909090909,11.0,22,72.8,77.9,3.409090909090909,11.0,시구,72.8,3.409090909090909,51.19999999999999,17.045454545454547,40.95363636363636
135415,세교서희스타힐스,오산시,,가장동,37.175986,127.05275,,,,,,,10.0,74.49,79.0,0.8888888888888888,4.0,10,74.49,79.0,0.8888888888888888,4.0,시구,74.49,0.8888888888888888,57.95999999999998,4.444444444444444,41.90533333333332
146068,오산라온프라이빗스위트,오산시,,갈곶동,37.132878,127.082911,,,,,,,10.0,74.49,79.0,0.8888888888888888,4.0,10,74.49,79.0,0.8888888888888888,4.0,시구,74.49,0.8888888888888888,57.95999999999998,4.444444444444444,41.90533333333332
17217,영화I-nix,용인시 처인구,,고림동,37.252847,127.226356,2.0,75.4,79.2,1.0,1.0,0.0,16.0,71.63125,80.1,0.7857142857142857,3.0,50,74.958,81.8,6.041666666666667,18.0,동,75.4,1.0,61.60000000000002,5.0,44.62000000000001
147939,용인경남아너스빌디센트2단지,용인시 처인구,,양지읍,37.228834,127.285453,,,,,,,16.0,71.63125,80.1,0.7857142857142857,3.0,50,74.958,81.8,6.041666666666667,18.0,시구,71.63125,0.7857142857142857,46.52499999999998,3.928571428571429,33.74607142857141
27210,능동역센트럴경남아너스빌,화성시 동탄구,,능동,37.208098,127.059402,,,,,,,,,,,,49,76.79795918367347,85.6,3.6222222222222222,20.0,시,76.79795918367347,3.6222222222222222,67.19183673469388,18.11111111111111,52.467619047619046
19357,동탄시범한빛마을삼부르네상스,화성시 동탄구,,능동,37.207824,127.071449,,,,,,,,,,,,49,76.79795918367347,85.6,3.6222222222222222,20.0,시,76.79795918367347,3.6222222222222222,67.19183673469388,18.11111111111111,52.467619047619046
115899,세영리첼에듀파크,화성시 만세구,,새솔동,37.276407,126.825932,,,,,,,,,,,,49,76.79795918367347,85.6,3.6222222222222222,20.0,시,76.79795918367347,3.6222222222222222,67.19183673469388,18.11111111111111,52.467619047619046
3922,김포길훈,김포시,,북변동,37.61319,126.71926,1.0,79.0,79.0,14.0,14.0,0.0,24.0,75.575,83.5,4.791666666666667,19.0,24,75.575,83.5,4.791666666666667,19.0,동,79.0,14.0,76.0,70.0,74.19999999999999
2761,"진말삼환,한진",시흥시,,장곡동,37.38192,126.78704,2.0,74.1,77.3,4.0,2.0,0.0,26.0,73.34230769230768,82.4,1.1153846153846154,4.0,26,73.34230769230768,82.4,1.1153846153846154,4.0,동,74.1,2.0,56.39999999999997,10.0,42.479999999999976
8394,상록삼보,안산시 단원구,,고잔동,37.30599,126.842584,1.0,68.3,68.3,1.0,1.0,0.0,15.0,68.95333333333333,76.0,0.5333333333333333,2.0,30,69.15666666666667,76.0,0.4666666666666667,2.0,동,68.3,1.0,33.19999999999999,5.0,24.73999999999999
2792,본오,안산시 상록구,,본오동,37.280091,126.853535,1.0,65.1,65.1,0.0,0.0,0.0,15.0,69.36,75.3,0.4,2.0,30,69.15666666666667,76.0,0.4666666666666667,2.0,동,65.1,0.0,20.399999999999977,0.0,14.279999999999983
148199,안성공도센트럴카운티에듀파크,안성시,,공도읍,37.003348,127.156234,3.0,73.8,75.8,1.0,0.3333333333333333,0.0,13.0,70.87692307692308,78.5,0.1538461538461538,1.0,13,70.87692307692308,78.5,0.1538461538461538,1.0,동,73.8,0.3333333333333333,55.2,1.6666666666666667,39.13999999999999
19204,동탄시범한빛마을동탄아이파크,화성시 동탄구,,능동,37.2068,127.07013,,,,,,,,,,,,49,76.79795918367347,85.6,3.6222222222222222,20.0,시,76.79795918367347,3.6222222222222222,67.19183673469388,18.11111111111111,52.467619047619046
106553,동탄역대원칸타빌포레지움,화성시 동탄구,,목동,37.195822,127.120908,,,,,,,,,,,,49,76.79795918367347,85.6,3.6222222222222222,20.0,시,76.79795918367347,3.6222222222222222,67.19183673469388,18.11111111111111,52.467619047619046
111865,리버스위트칸타빌,강동구,,강일동,37.575116,127.179543,3.0,70.3,73.7,10.0,3.333333333333333,0.0,19.0,72.88333333333334,83.6,5.526315789473684,20.0,19,72.88333333333334,83.6,5.526315789473684,20.0,동,70.3,3.333333333333333,41.19999999999999,16.666666666666664,33.83999999999999
120232,한강금호어울림2단지,김포시,,양촌읍,37.66058,126.631849,2.0,71.0,72.8,1.0,0.5,0.5,24.0,75.575,83.5,4.791666666666667,19.0,24,75.575,83.5,4.791666666666667,19.0,동,71.0,0.5,44.0,2.5,31.55
10644,한라비발디1단지,수원시 권선구,,당수동,37.290369,126.939136,,,,,,,14.0,71.78571428571429,78.6,1.7142857142857142,4.0,57,73.70877192982455,82.6,3.3508771929824563,19.0,시구,71.78571428571429,1.7142857142857142,47.14285714285717,8.571428571428571,35.571428571428584
1909,월드,시흥시,,배곧동,37.35622,126.73146,,,,,,,26.0,73.34230769230768,82.4,1.1153846153846154,4.0,26,73.34230769230768,82.4,1.1153846153846154,4.0,시구,73.34230769230768,1.1153846153846154,53.36923076923073,5.5769230769230775,39.03153846153843
10381,금평마을영화,용인시 처인구,,포곡읍,37.26554,127.225753,1.0,66.6,66.6,0.0,0.0,0.0,16.0,71.63125,80.1,0.7857142857142857,3.0,50,74.958,81.8,6.041666666666667,18.0,동,66.6,0.0,26.399999999999977,0.0,18.479999999999983
108408,동탄역신안인스빌리베라2차,화성시 동탄구,,목동,37.200544,127.116898,,,,,,,,,,,,49,76.79795918367347,85.6,3.6222222222222222,20.0,시,76.79795918367347,3.6222222222222222,67.19183673469388,18.11111111111111,52.467619047619046
115950,동탄2아이파크(A100BL),화성시 동탄구,,산척동,37.160029,127.120862,,,,,,,,,,,,49,76.79795918367347,85.6,3.6222222222222222,20.0,시,76.79795918367347,3.6222222222222222,67.19183673469388,18.11111111111111,52.467619047619046
106548,동탄역이지더원,화성시 동탄구,,영천동,37.209349,127.110945,,,,,,,,,,,,49,76.79795918367347,85.6,3.6222222222222222,20.0,시,76.79795918367347,3.6222222222222222,67.19183673469388,18.11111111111111,52.467619047619046
125771,화성우방아이유쉘메가시티1단지,화성시 효행구,,기안동,37.220476,126.978435,,,,,,,,,,,,49,76.79795918367347,85.6,3.6222222222222222,20.0,시,76.79795918367347,3.6222222222222222,67.19183673469388,18.11111111111111,52.467619047619046
25088,봉담그대가3단지,화성시 효행구,,기안동,37.215776,126.972721,,,,,,,,,,,,49,76.79795918367347,85.6,3.6222222222222222,20.0,시,76.79795918367347,3.6222222222222222,67.19183673469388,18.11111111111111,52.467619047619046
106204,화성봉담신동아파밀리에,화성시 효행구,,봉담읍,37.222188,126.958094,,,,,,,,,,,,49,76.79795918367347,85.6,3.6222222222222222,20.0,시,76.79795918367347,3.6222222222222222,67.19183673469388,18.11111111111111,52.467619047619046
2333,월드,김포시,,감정동,37.617498,126.692559,1.0,74.5,74.5,0.0,0.0,0.0,24.0,75.575,83.5,4.791666666666667,19.0,24,75.575,83.5,4.791666666666667,19.0,동,74.5,0.0,57.99999999999999,0.0,40.6
120231,한강금호어울림1단지,김포시,,구래동,37.658151,126.633308,1.0,79.1,79.1,4.0,4.0,0.0,24.0,75.575,83.5,4.791666666666667,19.0,24,75.575,83.5,4.791666666666667,19.0,동,79.1,4.0,76.39999999999998,20.0,59.47999999999998
2786,관곡마을성원,시흥시,,도창동,37.398056,126.801527,,,,,,,26.0,73.34230769230768,82.4,1.1153846153846154,4.0,26,73.34230769230768,82.4,1.1153846153846154,4.0,시구,73.34230769230768,1.1153846153846154,53.36923076923073,5.5769230769230775,39.03153846153843
1882,금강,시흥시,,정왕동,37.343445,126.740087,7.0,74.39999999999999,82.4,11.0,1.5714285714285714,0.0,26.0,73.34230769230768,82.4,1.1153846153846154,4.0,26,73.34230769230768,82.4,1.1153846153846154,4.0,동,74.39999999999999,1.5714285714285714,57.599999999999966,7.857142857142857,42.677142857142826
1962,주공1단지,안산시 단원구,,고잔동,37.32888,126.849375,1.0,68.3,68.3,1.0,1.0,0.0,15.0,68.95333333333333,76.0,0.5333333333333333,2.0,30,69.15666666666667,76.0,0.4666666666666667,2.0,동,68.3,1.0,33.19999999999999,5.0,24.73999999999999
113273,안성아양광신프로그레스,안성시,,구포동,37.007189,127.253839,,,,,,,13.0,70.87692307692308,78.5,0.1538461538461538,1.0,13,70.87692307692308,78.5,0.1538461538461538,1.0,시구,70.87692307692308,0.1538461538461538,43.50769230769231,0.769230769230769,30.686153846153843
114292,한양수자인,오산시,,갈곶동,37.142056,127.087951,,,,,,,10.0,74.49,79.0,0.8888888888888888,4.0,10,74.49,79.0,0.8888888888888888,4.0,시구,74.49,0.8888888888888888,57.95999999999998,4.444444444444444,41.90533333333332
27101,오산세마효성백년가약,오산시,,세교동,37.196442,127.030835,1.0,75.4,75.4,0.0,0.0,0.0,10.0,74.49,79.0,0.8888888888888888,4.0,10,74.49,79.0,0.8888888888888888,4.0,동,75.4,0.0,61.60000000000002,0.0,43.12000000000001
9553,수원동마을쌍용스윗닷홈2단지,용인시 기흥구,,중동,37.255945,127.141134,1.0,79.1,79.1,6.0,6.0,0.0,18.0,75.97222222222223,81.8,5.722222222222222,17.0,50,74.958,81.8,6.041666666666667,18.0,동,79.1,6.0,76.39999999999998,30.0,62.47999999999998
125004,송산그린시티노블랜드스타빌리지6차,화성시 만세구,,새솔동,37.289265,126.813813,,,,,,,,,,,,49,76.79795918367347,85.6,3.6222222222222222,20.0,시,76.79795918367347,3.6222222222222222,67.19183673469388,18.11111111111111,52.467619047619046
104311,리버나인,강동구,,강일동,37.576387,127.18736,3.0,70.3,73.7,10.0,3.333333333333333,0.0,19.0,72.88333333333334,83.6,5.526315789473684,20.0,19,72.88333333333334,83.6,5.526315789473684,20.0,동,70.3,3.333333333333333,41.19999999999999,16.666666666666664,33.83999999999999
4009,숲속마을2단지,시흥시,,장곡동,37.377093,126.780781,2.0,74.1,77.3,4.0,2.0,0.0,26.0,73.34230769230768,82.4,1.1153846153846154,4.0,26,73.34230769230768,82.4,1.1153846153846154,4.0,동,74.1,2.0,56.39999999999997,10.0,42.479999999999976
25966,오산자이,오산시,,갈곶동,37.131451,127.081319,,,,,,,10.0,74.49,79.0,0.8888888888888888,4.0,10,74.49,79.0,0.8888888888888888,4.0,시구,74.49,0.8888888888888888,57.95999999999998,4.444444444444444,41.90533333333332
147940,용인경남아너스빌디센트3단지,용인시 처인구,,양지읍,37.228065,127.286697,,,,,,,16.0,71.63125,80.1,0.7857142857142857,3.0,50,74.958,81.8,6.041666666666667,18.0,시구,71.63125,0.7857142857142857,46.52499999999998,3.928571428571429,33.74607142857141
114415,더레이크시티부영2단지,화성시 동탄구,,목동,37.171667,127.115301,,,,,,,,,,,,49,76.79795918367347,85.6,3.6222222222222222,20.0,시,76.79795918367347,3.6222222222222222,67.19183673469388,18.11111111111111,52.467619047619046
115948,동탄2아이파크1단지,화성시 동탄구,,산척동,37.161991,127.120449,,,,,,,,,,,,49,76.79795918367347,85.6,3.6222222222222222,20.0,시,76.79795918367347,3.6222222222222222,67.19183673469388,18.11111111111111,52.467619047619046
105414,동탄역센트럴자이,화성시 동탄구,,여울동,37.206888,127.102024,,,,,,,,,,,,49,76.79795918367347,85.6,3.6222222222222222,20.0,시,76.79795918367347,3.6222222222222222,67.19183673469388,18.11111111111111,52.467619047619046
132322,화성남양뉴타운리젠시빌란트,화성시 만세구,,남양읍,37.200076,126.820395,,,,,,,,,,,,49,76.79795918367347,85.6,3.6222222222222222,20.0,시,76.79795918367347,3.6222222222222222,67.19183673469388,18.11111111111111,52.467619047619046
115818,송산신도시대방노블랜드리버스위트2차,화성시 만세구,,새솔동,37.289883,126.817997,,,,,,,,,,,,49,76.79795918367347,85.6,3.6222222222222222,20.0,시,76.79795918367347,3.6222222222222222,67.19183673469388,18.11111111111111,52.467619047619046
662,신안파크,양천구,,신월동,37.523518,126.829502,2.0,62.55,63.7,3.0,1.5,0.0,18.0,71.30000000000001,80.9,9.22222222222222,29.0,18,71.30000000000001,80.9,9.22222222222222,29.0,동,62.55,1.5,10.199999999999989,7.5,9.389999999999992
110010,미사강변리버뷰자이,강동구,,강일동,37.574372,127.177641,3.0,70.3,73.7,10.0,3.333333333333333,0.0,19.0,72.88333333333334,83.6,5.526315789473684,20.0,19,72.88333333333334,83.6,5.526315789473684,20.0,동,70.3,3.333333333333333,41.19999999999999,16.666666666666664,33.83999999999999
1963,주공2단지,안산시 단원구,,고잔동,37.329957,126.843401,1.0,68.3,68.3,1.0,1.0,0.0,15.0,68.95333333333333,76.0,0.5333333333333333,2.0,30,69.15666666666667,76.0,0.4666666666666667,2.0,동,68.3,1.0,33.19999999999999,5.0,24.73999999999999
14051,백현마을한라비발디2차,용인시 기흥구,,동백동,37.28005,127.16094,2.0,76.35,77.0,15.0,7.5,0.0,18.0,75.97222222222223,81.8,5.722222222222222,17.0,50,74.958,81.8,6.041666666666667,18.0,동,76.35,7.5,65.39999999999998,37.5,57.02999999999998
106154,동탄역시범리슈빌,화성시 동탄구,,여울동,37.202626,127.104662,,,,,,,,,,,,49,76.79795918367347,85.6,3.6222222222222222,20.0,시,76.79795918367347,3.6222222222222222,67.19183673469388,18.11111111111111,52.467619047619046
3926,유현마을신동아,김포시,,풍무동,37.597569,126.723143,2.0,79.1,82.1,24.0,12.0,0.0,24.0,75.575,83.5,4.791666666666667,19.0,24,75.575,83.5,4.791666666666667,19.0,동,79.1,12.0,76.39999999999998,60.0,71.47999999999999
1913,한신,시흥시,,배곧동,37.355772,126.733481,,,,,,,26.0,73.34230769230768,82.4,1.1153846153846154,4.0,26,73.34230769230768,82.4,1.1153846153846154,4.0,시구,73.34230769230768,1.1153846153846154,53.36923076923073,5.5769230769230775,39.03153846153843
109931,동탄역반도유보라아이비파크5.0,화성시 동탄구,,반송동,37.195254,127.0906,,,,,,,,,,,,49,76.79795918367347,85.6,3.6222222222222222,20.0,시,76.79795918367347,3.6222222222222222,67.19183673469388,18.11111111111111,52.467619047619046
105416,동탄역KCC스위첸,화성시 동탄구,,영천동,37.201968,127.118416,,,,,,,,,,,,49,76.79795918367347,85.6,3.6222222222222222,20.0,시,76.79795918367347,3.6222222222222222,67.19183673469388,18.11111111111111,52.467619047619046
163398,시티프라디움2차,화성시 만세구,,남양읍,37.210647,126.822411,,,,,,,,,,,,49,76.79795918367347,85.6,3.6222222222222222,20.0,시,76.79795918367347,3.6222222222222222,67.19183673469388,18.11111111111111,52.467619047619046
181938,화성남양시티프라디움3차,화성시 만세구,,남양읍,37.209295,126.820615,,,,,,,,,,,,49,76.79795918367347,85.6,3.6222222222222222,20.0,시,76.79795918367347,3.6222222222222222,67.19183673469388,18.11111111111111,52.467619047619046
106201,미사강변도시베라체,강동구,,강일동,37.572533,127.178685,3.0,70.3,73.7,10.0,3.333333333333333,0.0,19.0,72.88333333333334,83.6,5.526315789473684,20.0,19,72.88333333333334,83.6,5.526315789473684,20.0,동,70.3,3.333333333333333,41.19999999999999,16.666666666666664,33.83999999999999
25553,한울마을신창비바패밀리2단지,수원시 권선구,,오목천동,37.237129,126.952855,1.0,78.6,78.6,0.0,0.0,1.0,14.0,71.78571428571429,78.6,1.7142857142857142,4.0,57,73.70877192982455,82.6,3.3508771929824563,19.0,동,78.6,0.0,74.39999999999998,0.0,52.079999999999984
1968,안산현대2차,안산시 단원구,,고잔동,37.331508,126.850001,1.0,68.3,68.3,1.0,1.0,0.0,15.0,68.95333333333333,76.0,0.5333333333333333,2.0,30,69.15666666666667,76.0,0.4666666666666667,2.0,동,68.3,1.0,33.19999999999999,5.0,24.73999999999999
147941,용인경남아너스빌디센트1단지,용인시 처인구,,양지읍,37.229251,127.2838,,,,,,,16.0,71.63125,80.1,0.7857142857142857,3.0,50,74.958,81.8,6.041666666666667,18.0,시구,71.63125,0.7857142857142857,46.52499999999998,3.928571428571429,33.74607142857141
121615,동탄역중흥에스클래스,화성시 동탄구,,금곡동,37.186194,127.086674,,,,,,,,,,,,49,76.79795918367347,85.6,3.6222222222222222,20.0,시,76.79795918367347,3.6222222222222222,67.19183673469388,18.11111111111111,52.467619047619046
1893,삼성,시흥시,,배곧동,37.354258,126.734252,,,,,,,26.0,73.34230769230768,82.4,1.1153846153846154,4.0,26,73.34230769230768,82.4,1.1153846153846154,4.0,시구,73.34230769230768,1.1153846153846154,53.36923076923073,5.5769230769230775,39.03153846153843
26216,능동역경남아너스빌,화성시 동탄구,,능동,37.209703,127.054966,,,,,,,,,,,,49,76.79795918367347,85.6,3.6222222222222222,20.0,시,76.79795918367347,3.6222222222222222,67.19183673469388,18.11111111111111,52.467619047619046
110026,동탄역센트럴예미지,화성시 동탄구,,여울동,37.206722,127.105441,,,,,,,,,,,,49,76.79795918367347,85.6,3.6222222222222222,20.0,시,76.79795918367347,3.6222222222222222,67.19183673469388,18.11111111111111,52.467619047619046
1883,미주,시흥시,,배곧동,37.359571,126.728925,,,,,,,26.0,73.34230769230768,82.4,1.1153846153846154,4.0,26,73.34230769230768,82.4,1.1153846153846154,4.0,시구,73.34230769230768,1.1153846153846154,53.36923076923073,5.5769230769230775,39.03153846153843
9166,현대,안산시 상록구,,건건동,37.29515,126.91675,,,,,,,15.0,69.36,75.3,0.4,2.0,30,69.15666666666667,76.0,0.4666666666666667,2.0,시구,69.36,0.4,37.44,2.0,26.808
8018,동부삼환,오산시,,가수동,37.133468,127.07076,,,,,,,10.0,74.49,79.0,0.8888888888888888,4.0,10,74.49,79.0,0.8888888888888888,4.0,시구,74.49,0.8888888888888888,57.95999999999998,4.444444444444444,41.90533333333332
8017,오산운암주공4단지,오산시,,궐동,37.1507,127.0754,,,,,,,10.0,74.49,79.0,0.8888888888888888,4.0,10,74.49,79.0,0.8888888888888888,4.0,시구,74.49,0.8888888888888888,57.95999999999998,4.444444444444444,41.90533333333332
19208,동탄시범다은마을우남퍼스트빌,오산시,,외삼미동,37.199854,127.066342,,,,,,,10.0,74.49,79.0,0.8888888888888888,4.0,10,74.49,79.0,0.8888888888888888,4.0,시구,74.49,0.8888888888888888,57.95999999999998,4.444444444444444,41.90533333333332
27476,강일리버파크4단지,강동구,,강일동,37.567108,127.176005,3.0,70.3,73.7,10.0,3.333333333333333,0.0,19.0,72.88333333333334,83.6,5.526315789473684,20.0,19,72.88333333333334,83.6,5.526315789473684,20.0,동,70.3,3.333333333333333,41.19999999999999,16.666666666666664,33.83999999999999
2791,숲속마을,안산시 상록구,,사동,37.30417,126.84114,2.0,65.45,73.7,2.0,1.0,0.0,15.0,69.36,75.3,0.4,2.0,30,69.15666666666667,76.0,0.4666666666666667,2.0,동,65.45,1.0,21.80000000000001,5.0,16.760000000000005
19672,동탄솔빛마을쌍용예가,오산시,,외삼미동,37.194973,127.07253,,,,,,,10.0,74.49,79.0,0.8888888888888888,4.0,10,74.49,79.0,0.8888888888888888,4.0,시구,74.49,0.8888888888888888,57.95999999999998,4.444444444444444,41.90533333333332
101726,용인모현스위첸,용인시 처인구,,모현읍,37.334657,127.254283,1.0,69.9,69.9,0.0,,0.0,16.0,71.63125,80.1,0.7857142857142857,3.0,50,74.958,81.8,6.041666666666667,18.0,동,69.9,0.7857142857142857,39.60000000000002,3.928571428571429,28.89857142857144
19201,동탄시범한빛마을KCC스위첸,화성시 동탄구,,능동,37.20957,127.068926,,,,,,,,,,,,49,76.79795918367347,85.6,3.6222222222222222,20.0,시,76.79795918367347,3.6222222222222222,67.19183673469388,18.11111111111111,52.467619047619046
110293,양우내안애2차에듀타운,화성시 만세구,,남양읍,37.201457,126.823448,,,,,,,,,,,,49,76.79795918367347,85.6,3.6222222222222222,20.0,시,76.79795918367347,3.6222222222222222,67.19183673469388,18.11111111111111,52.467619047619046
2763,"진말대우,우성",시흥시,,장곡동,37.380532,126.78662,2.0,74.1,77.3,4.0,2.0,0.0,26.0,73.34230769230768,82.4,1.1153846153846154,4.0,26,73.34230769230768,82.4,1.1153846153846154,4.0,동,74.1,2.0,56.39999999999997,10.0,42.479999999999976
1907,영남6차,시흥시,,정왕동,37.342127,126.739015,7.0,74.39999999999999,82.4,11.0,1.5714285714285714,0.0,26.0,73.34230769230768,82.4,1.1153846153846154,4.0,26,73.34230769230768,82.4,1.1153846153846154,4.0,동,74.39999999999999,1.5714285714285714,57.599999999999966,7.857142857142857,42.677142857142826
100446,동광,안성시,,계동,36.979795,127.266993,,,,,,,13.0,70.87692307692308,78.5,0.1538461538461538,1.0,13,70.87692307692308,78.5,0.1538461538461538,1.0,시구,70.87692307692308,0.1538461538461538,43.50769230769231,0.769230769230769,30.686153846153843
13080,불곡마을벽산블루밍,용인시 기흥구,,고매동,37.232444,127.117724,,,,,,,18.0,75.97222222222223,81.8,5.722222222222222,17.0,50,74.958,81.8,6.041666666666667,18.0,시구,75.97222222222223,5.722222222222222,63.888888888888914,28.61111111111111,53.30555555555557
14050,백현마을한라비발디1차,용인시 기흥구,,동백동,37.281109,127.161992,2.0,76.35,77.0,15.0,7.5,0.0,18.0,75.97222222222223,81.8,5.722222222222222,17.0,50,74.958,81.8,6.041666666666667,18.0,동,76.35,7.5,65.39999999999998,37.5,57.02999999999998
100729,송전마을세광엔리치타워,용인시 처인구,,이동읍,37.138843,127.201102,2.0,71.15,71.4,1.0,0.5,0.0,16.0,71.63125,80.1,0.7857142857142857,3.0,50,74.958,81.8,6.041666666666667,18.0,동,71.15,0.5,44.60000000000002,2.5,31.970000000000013
109947,동탄역에일린의뜰,화성시 동탄구,,금곡동,37.189247,127.086926,,,,,,,,,,,,49,76.79795918367347,85.6,3.6222222222222222,20.0,시,76.79795918367347,3.6222222222222222,67.19183673469388,18.11111111111111,52.467619047619046
22290,동탄시범한빛마을한화꿈에그린,화성시 동탄구,,능동,37.207748,127.067619,,,,,,,,,,,,49,76.79795918367347,85.6,3.6222222222222222,20.0,시,76.79795918367347,3.6222222222222222,67.19183673469388,18.11111111111111,52.467619047619046
118154,동탄2신도시호반베르디움33차,화성시 동탄구,,산척동,37.157447,127.11185,,,,,,,,,,,,49,76.79795918367347,85.6,3.6222222222222222,20.0,시,76.79795918367347,3.6222222222222222,67.19183673469388,18.11111111111111,52.467619047619046
26548,봉담아이파크,화성시 효행구,,기안동,37.213244,126.970603,,,,,,,,,,,,49,76.79795918367347,85.6,3.6222222222222222,20.0,시,76.79795918367347,3.6222222222222222,67.19183673469388,18.11111111111111,52.467619047619046
25045,동화마을휴먼시아5단지,화성시 효행구,,기안동,37.21345,126.96334,,,,,,,,,,,,49,76.79795918367347,85.6,3.6222222222222222,20.0,시,76.79795918367347,3.6222222222222222,67.19183673469388,18.11111111111111,52.467619047619046
3654,쌍용,김포시,,감정동,37.624951,126.697778,1.0,74.5,74.5,0.0,0.0,0.0,24.0,75.575,83.5,4.791666666666667,19.0,24,75.575,83.5,4.791666666666667,19.0,동,74.5,0.0,57.99999999999999,0.0,40.6
2766,서해1차,시흥시,,배곧동,37.361601,126.72748,,,,,,,26.0,73.34230769230768,82.4,1.1153846153846154,4.0,26,73.34230769230768,82.4,1.1153846153846154,4.0,시구,73.34230769230768,1.1153846153846154,53.36923076923073,5.5769230769230775,39.03153846153843
10599,운암청구,오산시,,고현동,37.147513,127.077185,,,,,,,10.0,74.49,79.0,0.8888888888888888,4.0,10,74.49,79.0,0.8888888888888888,4.0,시구,74.49,0.8888888888888888,57.95999999999998,4.444444444444444,41.90533333333332
18502,백현모아미래도2단지,용인시 기흥구,,동백동,37.28211,127.163368,2.0,76.35,77.0,15.0,7.5,0.0,18.0,75.97222222222223,81.8,5.722222222222222,17.0,50,74.958,81.8,6.041666666666667,18.0,동,76.35,7.5,65.39999999999998,37.5,57.02999999999998
10454,효천마을신안인스빌2단지,용인시 처인구,,모현읍,37.336466,127.245474,1.0,69.9,69.9,0.0,,0.0,16.0,71.63125,80.1,0.7857142857142857,3.0,50,74.958,81.8,6.041666666666667,18.0,동,69.9,0.7857142857142857,39.60000000000002,3.928571428571429,28.89857142857144
1894,서해2차,시흥시,,배곧동,37.360431,126.7268,,,,,,,26.0,73.34230769230768,82.4,1.1153846153846154,4.0,26,73.34230769230768,82.4,1.1153846153846154,4.0,시구,73.34230769230768,1.1153846153846154,53.36923076923073,5.5769230769230775,39.03153846153843
1881,계룡1차,시흥시,,정왕동,37.34855,126.731278,7.0,74.39999999999999,82.4,11.0,1.5714285714285714,0.0,26.0,73.34230769230768,82.4,1.1153846153846154,4.0,26,73.34230769230768,82.4,1.1153846153846154,4.0,동,74.39999999999999,1.5714285714285714,57.599999999999966,7.857142857142857,42.677142857142826
19358,동탄시범한빛마을금호어울림,오산시,,외삼미동,37.205841,127.066832,,,,,,,10.0,74.49,79.0,0.8888888888888888,4.0,10,74.49,79.0,0.8888888888888888,4.0,시구,74.49,0.8888888888888888,57.95999999999998,4.444444444444444,41.90533333333332
106155,동탄역시범대원칸타빌,화성시 동탄구,,목동,37.199308,127.105684,,,,,,,,,,,,49,76.79795918367347,85.6,3.6222222222222222,20.0,시,76.79795918367347,3.6222222222222222,67.19183673469388,18.11111111111111,52.467619047619046
107542,동탄역시범예미지,화성시 동탄구,,여울동,37.202514,127.108141,,,,,,,,,,,,49,76.79795918367347,85.6,3.6222222222222222,20.0,시,76.79795918367347,3.6222222222222222,67.19183673469388,18.11111111111111,52.467619047619046
102711,화성조암한라비발디,화성시 만세구,,우정읍,37.089098,126.824081,,,,,,,,,,,,49,76.79795918367347,85.6,3.6222222222222222,20.0,시,76.79795918367347,3.6222222222222222,67.19183673469388,18.11111111111111,52.467619047619046
102779,범박파밀리에포레스트,구로구,,항동,37.467145,126.815612,1.0,72.2,72.2,2.0,2.0,0.0,14.0,69.58571428571429,77.0,2.357142857142857,7.0,14,69.58571428571429,77.0,2.357142857142857,7.0,동,72.2,2.0,48.80000000000001,10.0,37.16
1964,주공3단지,안산시 단원구,,고잔동,37.33044,126.84633,1.0,68.3,68.3,1.0,1.0,0.0,15.0,68.95333333333333,76.0,0.5333333333333333,2.0,30,69.15666666666667,76.0,0.4666666666666667,2.0,동,68.3,1.0,33.19999999999999,5.0,24.73999999999999
2793,본오2차,안산시 상록구,,본오동,37.28114,126.85323,1.0,65.1,65.1,0.0,0.0,0.0,15.0,69.36,75.3,0.4,2.0,30,69.15666666666667,76.0,0.4666666666666667,2.0,동,65.1,0.0,20.399999999999977,0.0,14.279999999999983
1673,동문미도,양천구,,신월동,37.525352,126.826419,2.0,62.55,63.7,3.0,1.5,0.0,18.0,71.30000000000001,80.9,9.22222222222222,29.0,18,71.30000000000001,80.9,9.22222222222222,29.0,동,62.55,1.5,10.199999999999989,7.5,9.389999999999992
4010,연성대우3차,시흥시,,장곡동,37.378548,126.786493,2.0,74.1,77.3,4.0,2.0,0.0,26.0,73.34230769230768,82.4,1.1153846153846154,4.0,26,73.34230769230768,82.4,1.1153846153846154,4.0,동,74.1,2.0,56.39999999999997,10.0,42.479999999999976
19074,늘푸른오스카빌,오산시,,가수동,37.14651,127.04755,,,,,,,10.0,74.49,79.0,0.8888888888888888,4.0,10,74.49,79.0,0.8888888888888888,4.0,시구,74.49,0.8888888888888888,57.95999999999998,4.444444444444444,41.90533333333332
8016,오산운암주공2단지,오산시,,부산동,37.155027,127.075945,,,,,,,10.0,74.49,79.0,0.8888888888888888,4.0,10,74.49,79.0,0.8888888888888888,4.0,시구,74.49,0.8888888888888888,57.95999999999998,4.444444444444444,41.90533333333332
105415,동탄역모아미래도,화성시 동탄구,,여울동,37.202805,127.115299,,,,,,,,,,,,49,76.79795918367347,85.6,3.6222222222222222,20.0,시,76.79795918367347,3.6222222222222222,67.19183673469388,18.11111111111111,52.467619047619046
1780,신미주,수원시 권선구,,구운동,37.2697,126.95297,1.0,65.9,65.9,0.0,0.0,0.0,14.0,71.78571428571429,78.6,1.7142857142857142,4.0,57,73.70877192982455,82.6,3.3508771929824563,19.0,동,65.9,0.0,23.600000000000023,0.0,16.520000000000014
2682,인정프린스,수원시 권선구,,당수동,37.291975,126.938358,,,,,,,14.0,71.78571428571429,78.6,1.7142857142857142,4.0,57,73.70877192982455,82.6,3.3508771929824563,19.0,시구,71.78571428571429,1.7142857142857142,47.14285714285717,8.571428571428571,35.571428571428584
8074,청솔,시흥시,,정왕동,37.34722,126.72998,7.0,74.39999999999999,82.4,11.0,1.5714285714285714,0.0,26.0,73.34230769230768,82.4,1.1153846153846154,4.0,26,73.34230769230768,82.4,1.1153846153846154,4.0,동,74.39999999999999,1.5714285714285714,57.599999999999966,7.857142857142857,42.677142857142826
25959,동탄숲속마을광명메이루즈,화성시 동탄구,,능동,37.208924,127.057961,,,,,,,,,,,,49,76.79795918367347,85.6,3.6222222222222222,20.0,시,76.79795918367347,3.6222222222222222,67.19183673469388,18.11111111111111,52.467619047619046
107719,남양뉴타운양우내안애,화성시 만세구,,남양읍,37.202578,126.822038,,,,,,,,,,,,49,76.79795918367347,85.6,3.6222222222222222,20.0,시,76.79795918367347,3.6222222222222222,67.19183673469388,18.11111111111111,52.467619047619046
12047,신일해피트리,화성시 효행구,,기안동,37.223628,126.978361,,,,,,,,,,,,49,76.79795918367347,85.6,3.6222222222222222,20.0,시,76.79795918367347,3.6222222222222222,67.19183673469388,18.11111111111111,52.467619047619046
2502,주공3단지,시흥시,,배곧동,37.354123,126.730112,,,,,,,26.0,73.34230769230768,82.4,1.1153846153846154,4.0,26,73.34230769230768,82.4,1.1153846153846154,4.0,시구,73.34230769230768,1.1153846153846154,53.36923076923073,5.5769230769230775,39.03153846153843
127686,동탄센트럴포레스트,오산시,,외삼미동,37.196881,127.067417,,,,,,,10.0,74.49,79.0,0.8888888888888888,4.0,10,74.49,79.0,0.8888888888888888,4.0,시구,74.49,0.8888888888888888,57.95999999999998,4.444444444444444,41.90533333333332
8964,시화평안마을건영5차,시흥시,,정왕동,37.342035,126.742278,7.0,74.39999999999999,82.4,11.0,1.5714285714285714,0.0,26.0,73.34230769230768,82.4,1.1153846153846154,4.0,26,73.34230769230768,82.4,1.1153846153846154,4.0,동,74.39999999999999,1.5714285714285714,57.599999999999966,7.857142857142857,42.677142857142826
19595,안성신소현코아루,안성시,,구포동,37.016615,127.256694,,,,,,,13.0,70.87692307692308,78.5,0.1538461538461538,1.0,13,70.87692307692308,78.5,0.1538461538461538,1.0,시구,70.87692307692308,0.1538461538461538,43.50769230769231,0.769230769230769,30.686153846153843
108407,동탄역경남아너스빌,화성시 동탄구,,여울동,37.204872,127.110769,,,,,,,,,,,,49,76.79795918367347,85.6,3.6222222222222222,20.0,시,76.79795918367347,3.6222222222222222,67.19183673469388,18.11111111111111,52.467619047619046
101455,봉담휴먼빌,화성시 효행구,,기안동,37.214546,126.971194,,,,,,,,,,,,49,76.79795918367347,85.6,3.6222222222222222,20.0,시,76.79795918367347,3.6222222222222222,67.19183673469388,18.11111111111111,52.467619047619046
4008,매꼴마을삼성,시흥시,,장곡동,37.378245,126.778967,2.0,74.1,77.3,4.0,2.0,0.0,26.0,73.34230769230768,82.4,1.1153846153846154,4.0,26,73.34230769230768,82.4,1.1153846153846154,4.0,동,74.1,2.0,56.39999999999997,10.0,42.479999999999976
3868,전원월드3단지,김포시,,운양동,37.6452,126.6881,1.0,83.5,83.5,14.0,14.0,0.0,24.0,75.575,83.5,4.791666666666667,19.0,24,75.575,83.5,4.791666666666667,19.0,동,83.5,14.0,94.0,70.0,86.8
2722,삼익2차,수원시 권선구,,구운동,37.268771,126.957457,1.0,65.9,65.9,0.0,0.0,0.0,14.0,71.78571428571429,78.6,1.7142857142857142,4.0,57,73.70877192982455,82.6,3.3508771929824563,19.0,동,65.9,0.0,23.600000000000023,0.0,16.520000000000014
11053,제일하이빌,오산시,,가수동,37.161043,127.054885,,,,,,,10.0,74.49,79.0,0.8888888888888888,4.0,10,74.49,79.0,0.8888888888888888,4.0,시구,74.49,0.8888888888888888,57.95999999999998,4.444444444444444,41.90533333333332
26096,오산고현아이파크,오산시,,갈곶동,37.134438,127.080776,,,,,,,10.0,74.49,79.0,0.8888888888888888,4.0,10,74.49,79.0,0.8888888888888888,4.0,시구,74.49,0.8888888888888888,57.95999999999998,4.444444444444444,41.90533333333332
17454,오산원동푸르지오,오산시,,갈곶동,37.137425,127.082485,,,,,,,10.0,74.49,79.0,0.8888888888888888,4.0,10,74.49,79.0,0.8888888888888888,4.0,시구,74.49,0.8888888888888888,57.95999999999998,4.444444444444444,41.90533333333332
14372,솔뫼마을한승미메이드,화성시 병점구,,송산동,37.20791,127.014139,,,,,,,,,,,,49,76.79795918367347,85.6,3.6222222222222222,20.0,시,76.79795918367347,3.6222222222222222,67.19183673469388,18.11111111111111,52.467619047619046
25044,동화마을휴먼시아6단지,화성시 효행구,,봉담읍,37.214304,126.95993,,,,,,,,,,,,49,76.79795918367347,85.6,3.6222222222222222,20.0,시,76.79795918367347,3.6222222222222222,67.19183673469388,18.11111111111111,52.467619047619046
100462,신원아침도시,안성시,,구포동,37.008975,127.259769,,,,,,,13.0,70.87692307692308,78.5,0.1538461538461538,1.0,13,70.87692307692308,78.5,0.1538461538461538,1.0,시구,70.87692307692308,0.1538461538461538,43.50769230769231,0.769230769230769,30.686153846153843
19675,동탄나루마을한화꿈에그린우림필유,화성시 동탄구,,능동,37.19498,127.076889,,,,,,,,,,,,49,76.79795918367347,85.6,3.6222222222222222,20.0,시,76.79795918367347,3.6222222222222222,67.19183673469388,18.11111111111111,52.467619047619046
18690,다온마을쌍용스윗닷홈,화성시 효행구,,기안동,37.210588,126.969817,,,,,,,,,,,,49,76.79795918367347,85.6,3.6222222222222222,20.0,시,76.79795918367347,3.6222222222222222,67.19183673469388,18.11111111111111,52.467619047619046
22208,오정휴먼시아3단지,강서구,,오쇠동,37.53277,126.78768,,,,,,,22.0,72.8,77.9,3.409090909090909,11.0,22,72.8,77.9,3.409090909090909,11.0,시구,72.8,3.409090909090909,51.19999999999999,17.045454545454547,40.95363636363636
3927,신안,김포시,,사우동,37.60568,126.72048,1.0,75.9,75.9,5.0,5.0,0.0,24.0,75.575,83.5,4.791666666666667,19.0,24,75.575,83.5,4.791666666666667,19.0,동,75.9,5.0,63.60000000000002,25.0,52.02000000000001
1776,삼익1차,수원시 권선구,,구운동,37.269728,126.956665,1.0,65.9,65.9,0.0,0.0,0.0,14.0,71.78571428571429,78.6,1.7142857142857142,4.0,57,73.70877192982455,82.6,3.3508771929824563,19.0,동,65.9,0.0,23.600000000000023,0.0,16.520000000000014
10453,효천마을신안인스빌1단지,용인시 처인구,,모현읍,37.337076,127.243617,1.0,69.9,69.9,0.0,,0.0,16.0,71.63125,80.1,0.7857142857142857,3.0,50,74.958,81.8,6.041666666666667,18.0,동,69.9,0.7857142857142857,39.60000000000002,3.928571428571429,28.89857142857144
100447,안성중리동광2차,안성시,,계동,36.981985,127.266983,,,,,,,13.0,70.87692307692308,78.5,0.1538461538461538,1.0,13,70.87692307692308,78.5,0.1538461538461538,1.0,시구,70.87692307692308,0.1538461538461538,43.50769230769231,0.769230769230769,30.686153846153843
27071,오산KCC스위첸,오산시,,가수동,37.131926,127.067189,,,,,,,10.0,74.49,79.0,0.8888888888888888,4.0,10,74.49,79.0,0.8888888888888888,4.0,시구,74.49,0.8888888888888888,57.95999999999998,4.444444444444444,41.90533333333332
19203,동탄시범다은마을삼성래미안,오산시,,외삼미동,37.201114,127.068422,,,,,,,10.0,74.49,79.0,0.8888888888888888,4.0,10,74.49,79.0,0.8888888888888888,4.0,시구,74.49,0.8888888888888888,57.95999999999998,4.444444444444444,41.90533333333332
22211,광도와이드빌,화성시 효행구,,기안동,37.227431,126.975289,,,,,,,,,,,,49,76.79795918367347,85.6,3.6222222222222222,20.0,시,76.79795918367347,3.6222222222222222,67.19183673469388,18.11111111111111,52.467619047619046
22209,오정휴먼시아1단지,강서구,,오쇠동,37.53123,126.78314,,,,,,,22.0,72.8,77.9,3.409090909090909,11.0,22,72.8,77.9,3.409090909090909,11.0,시구,72.8,3.409090909090909,51.19999999999999,17.045454545454547,40.95363636363636
8171,양도대림e편한세상,김포시,,사우동,37.604648,126.720372,1.0,75.9,75.9,5.0,5.0,0.0,24.0,75.575,83.5,4.791666666666667,19.0,24,75.575,83.5,4.791666666666667,19.0,동,75.9,5.0,63.60000000000002,25.0,52.02000000000001
8014,운암현대,오산시,,궐동,37.152953,127.0757,,,,,,,10.0,74.49,79.0,0.8888888888888888,4.0,10,74.49,79.0,0.8888888888888888,4.0,시구,74.49,0.8888888888888888,57.95999999999998,4.444444444444444,41.90533333333332
23758,아름마을신한미지엔,오산시,,양산동,37.200851,127.007246,,,,,,,10.0,74.49,79.0,0.8888888888888888,4.0,10,74.49,79.0,0.8888888888888888,4.0,시구,74.49,0.8888888888888888,57.95999999999998,4.444444444444444,41.90533333333332
8814,신미주,화성시 동탄구,,능동,37.212117,127.051488,,,,,,,,,,,,49,76.79795918367347,85.6,3.6222222222222222,20.0,시,76.79795918367347,3.6222222222222222,67.19183673469388,18.11111111111111,52.467619047619046
16291,우림그린빌리지,화성시 만세구,,남양읍,37.20382,126.803919,,,,,,,,,,,,49,76.79795918367347,85.6,3.6222222222222222,20.0,시,76.79795918367347,3.6222222222222222,67.19183673469388,18.11111111111111,52.467619047619046
26738,동남훼미리,화성시 효행구,,정남면,37.16148,126.98467,,,,,,,,,,,,49,76.79795918367347,85.6,3.6222222222222222,20.0,시,76.79795918367347,3.6222222222222222,67.19183673469388,18.11111111111111,52.467619047619046
22215,오정휴먼시아2단지,강서구,,오쇠동,37.53121,126.78675,,,,,,,22.0,72.8,77.9,3.409090909090909,11.0,22,72.8,77.9,3.409090909090909,11.0,시구,72.8,3.409090909090909,51.19999999999999,17.045454545454547,40.95363636363636
2760,매꼴마을동양덱스빌,시흥시,,장곡동,37.38051,126.779247,2.0,74.1,77.3,4.0,2.0,0.0,26.0,73.34230769230768,82.4,1.1153846153846154,4.0,26,73.34230769230768,82.4,1.1153846153846154,4.0,동,74.1,2.0,56.39999999999997,10.0,42.479999999999976
19200,동탄시범다은마을포스코더샵,오산시,,외삼미동,37.199535,127.069376,,,,,,,10.0,74.49,79.0,0.8888888888888888,4.0,10,74.49,79.0,0.8888888888888888,4.0,시구,74.49,0.8888888888888888,57.95999999999998,4.444444444444444,41.90533333333332
15381,수정마을동남메리트,화성시 효행구,,봉담읍,37.223273,126.950094,,,,,,,,,,,,49,76.79795918367347,85.6,3.6222222222222222,20.0,시,76.79795918367347,3.6222222222222222,67.19183673469388,18.11111111111111,52.467619047619046
1904,영남1차,시흥시,,배곧동,37.358366,126.7275,,,,,,,26.0,73.34230769230768,82.4,1.1153846153846154,4.0,26,73.34230769230768,82.4,1.1153846153846154,4.0,시구,73.34230769230768,1.1153846153846154,53.36923076923073,5.5769230769230775,39.03153846153843
8019,"원동두산,동아",오산시,,가수동,37.134332,127.070569,,,,,,,10.0,74.49,79.0,0.8888888888888888,4.0,10,74.49,79.0,0.8888888888888888,4.0,시구,74.49,0.8888888888888888,57.95999999999998,4.444444444444444,41.90533333333332
2501,주공2단지,시흥시,,배곧동,37.35361,126.7282,,,,,,,26.0,73.34230769230768,82.4,1.1153846153846154,4.0,26,73.34230769230768,82.4,1.1153846153846154,4.0,시구,73.34230769230768,1.1153846153846154,53.36923076923073,5.5769230769230775,39.03153846153843
22090,동탄솔빛마을신도브래뉴,오산시,,외삼미동,37.196614,127.074886,,,,,,,10.0,74.49,79.0,0.8888888888888888,4.0,10,74.49,79.0,0.8888888888888888,4.0,시구,74.49,0.8888888888888888,57.95999999999998,4.444444444444444,41.90533333333332
2765,고합,시흥시,,배곧동,37.3595,126.72603,,,,,,,26.0,73.34230769230768,82.4,1.1153846153846154,4.0,26,73.34230769230768,82.4,1.1153846153846154,4.0,시구,73.34230769230768,1.1153846153846154,53.36923076923073,5.5769230769230775,39.03153846153843
19206,동탄시범다은마을메타역롯데캐슬,오산시,,외삼미동,37.200812,127.070012,,,,,,,10.0,74.49,79.0,0.8888888888888888,4.0,10,74.49,79.0,0.8888888888888888,4.0,시구,74.49,0.8888888888888888,57.95999999999998,4.444444444444444,41.90533333333332
22091,동탄나루마을동탄역유보라여울숲1.0,화성시 동탄구,,능동,37.194092,127.079659,,,,,,,,,,,,49,76.79795918367347,85.6,3.6222222222222222,20.0,시,76.79795918367347,3.6222222222222222,67.19183673469388,18.11111111111111,52.467619047619046
3588,장릉삼성쉐르빌,김포시,,사우동,37.605788,126.710035,1.0,75.9,75.9,5.0,5.0,0.0,24.0,75.575,83.5,4.791666666666667,19.0,24,75.575,83.5,4.791666666666667,19.0,동,75.9,5.0,63.60000000000002,25.0,52.02000000000001
1878,건영1차,시흥시,,정왕동,37.33995,126.74615,7.0,74.39999999999999,82.4,11.0,1.5714285714285714,0.0,26.0,73.34230769230768,82.4,1.1153846153846154,4.0,26,73.34230769230768,82.4,1.1153846153846154,4.0,동,74.39999999999999,1.5714285714285714,57.599999999999966,7.857142857142857,42.677142857142826
13190,산수화,안성시,,공도읍,37.00288,127.15282,3.0,73.8,75.8,1.0,0.3333333333333333,0.0,13.0,70.87692307692308,78.5,0.1538461538461538,1.0,13,70.87692307692308,78.5,0.1538461538461538,1.0,동,73.8,0.3333333333333333,55.2,1.6666666666666667,39.13999999999999
26097,오산원동힐스테이트,오산시,,가수동,37.132386,127.073002,,,,,,,10.0,74.49,79.0,0.8888888888888888,4.0,10,74.49,79.0,0.8888888888888888,4.0,시구,74.49,0.8888888888888888,57.95999999999998,4.444444444444444,41.90533333333332
8025,태영,오산시,,갈곶동,37.13906,127.077208,,,,,,,10.0,74.49,79.0,0.8888888888888888,4.0,10,74.49,79.0,0.8888888888888888,4.0,시구,74.49,0.8888888888888888,57.95999999999998,4.444444444444444,41.90533333333332
13769,대원,오산시,,갈곶동,37.143215,127.087806,,,,,,,10.0,74.49,79.0,0.8888888888888888,4.0,10,74.49,79.0,0.8888888888888888,4.0,시구,74.49,0.8888888888888888,57.95999999999998,4.444444444444444,41.90533333333332
9855,이삭,용인시 처인구,,고림동,37.252439,127.227364,2.0,75.4,79.2,1.0,1.0,0.0,16.0,71.63125,80.1,0.7857142857142857,3.0,50,74.958,81.8,6.041666666666667,18.0,동,75.4,1.0,61.60000000000002,5.0,44.62000000000001
27475,강일리버파크2단지,강동구,,강일동,37.569339,127.176727,3.0,70.3,73.7,10.0,3.333333333333333,0.0,19.0,72.88333333333334,83.6,5.526315789473684,20.0,19,72.88333333333334,83.6,5.526315789473684,20.0,동,70.3,3.333333333333333,41.19999999999999,16.666666666666664,33.83999999999999
2200,인정프린스,용인시 기흥구,,중동,37.255867,127.142792,1.0,79.1,79.1,6.0,6.0,0.0,18.0,75.97222222222223,81.8,5.722222222222222,17.0,50,74.958,81.8,6.041666666666667,18.0,동,79.1,6.0,76.39999999999998,30.0,62.47999999999998
8991,세원,용인시 기흥구,,고매동,37.231248,127.10968,,,,,,,18.0,75.97222222222223,81.8,5.722222222222222,17.0,50,74.958,81.8,6.041666666666667,18.0,시구,75.97222222222223,5.722222222222222,63.888888888888914,28.61111111111111,53.30555555555557
22756,안성부영,안성시,,공도읍,37.008169,127.183684,3.0,73.8,75.8,1.0,0.3333333333333333,0.0,13.0,70.87692307692308,78.5,0.1538461538461538,1.0,13,70.87692307692308,78.5,0.1538461538461538,1.0,동,73.8,0.3333333333333333,55.2,1.6666666666666667,39.13999999999999
14846,"대우,경남",안성시,,구포동,37.015006,127.260171,,,,,,,13.0,70.87692307692308,78.5,0.1538461538461538,1.0,13,70.87692307692308,78.5,0.1538461538461538,1.0,시구,70.87692307692308,0.1538461538461538,43.50769230769231,0.769230769230769,30.686153846153843
101567,양곡더숲,김포시,,양촌읍,37.662296,126.632975,2.0,71.0,72.8,1.0,0.5,0.5,24.0,75.575,83.5,4.791666666666667,19.0,24,75.575,83.5,4.791666666666667,19.0,동,71.0,0.5,44.0,2.5,31.55
26832,한빛마을우남퍼스트빌,안성시,,구포동,37.011434,127.259678,,,,,,,13.0,70.87692307692308,78.5,0.1538461538461538,1.0,13,70.87692307692308,78.5,0.1538461538461538,1.0,시구,70.87692307692308,0.1538461538461538,43.50769230769231,0.769230769230769,30.686153846153843
24980,호수마을동문굿모닝힐,화성시 효행구,,봉담읍,37.218809,126.952748,,,,,,,,,,,,49,76.79795918367347,85.6,3.6222222222222222,20.0,시,76.79795918367347,3.6222222222222222,67.19183673469388,18.11111111111111,52.467619047619046
9681,청운마을신안인스빌,화성시 효행구,,봉담읍,37.216571,126.948294,,,,,,,,,,,,49,76.79795918367347,85.6,3.6222222222222222,20.0,시,76.79795918367347,3.6222222222222222,67.19183673469388,18.11111111111111,52.467619047619046
26120,삼보해피하임2단지,김포시,,감정동,37.609863,126.685762,1.0,74.5,74.5,0.0,0.0,0.0,24.0,75.575,83.5,4.791666666666667,19.0,24,75.575,83.5,4.791666666666667,19.0,동,74.5,0.0,57.99999999999999,0.0,40.6
7995,주공6단지,시흥시,,정왕동,37.340808,126.740271,7.0,74.39999999999999,82.4,11.0,1.5714285714285714,0.0,26.0,73.34230769230768,82.4,1.1153846153846154,4.0,26,73.34230769230768,82.4,1.1153846153846154,4.0,동,74.39999999999999,1.5714285714285714,57.599999999999966,7.857142857142857,42.677142857142826
25204,안성공도금호어울림1단지,안성시,,공도읍,37.005447,127.173118,3.0,73.8,75.8,1.0,0.3333333333333333,0.0,13.0,70.87692307692308,78.5,0.1538461538461538,1.0,13,70.87692307692308,78.5,0.1538461538461538,1.0,동,73.8,0.3333333333333333,55.2,1.6666666666666667,39.13999999999999
8003,우방힐타운,오산시,,가수동,37.133915,127.067986,,,,,,,10.0,74.49,79.0,0.8888888888888888,4.0,10,74.49,79.0,0.8888888888888888,4.0,시구,74.49,0.8888888888888888,57.95999999999998,4.444444444444444,41.90533333333332
10403,우림,오산시,,갈곶동,37.131035,127.073029,,,,,,,10.0,74.49,79.0,0.8888888888888888,4.0,10,74.49,79.0,0.8888888888888888,4.0,시구,74.49,0.8888888888888888,57.95999999999998,4.444444444444444,41.90533333333332
2579,주공,강서구,,오쇠동,37.52859,126.801614,,,,,,,22.0,72.8,77.9,3.409090909090909,11.0,22,72.8,77.9,3.409090909090909,11.0,시구,72.8,3.409090909090909,51.19999999999999,17.045454545454547,40.95363636363636
8010,신동아2차,오산시,,가수동,37.143972,127.04428,,,,,,,10.0,74.49,79.0,0.8888888888888888,4.0,10,74.49,79.0,0.8888888888888888,4.0,시구,74.49,0.8888888888888888,57.95999999999998,4.444444444444444,41.90533333333332
11376,불로e-편한세상,김포시,,감정동,37.618729,126.694701,1.0,74.5,74.5,0.0,0.0,0.0,24.0,75.575,83.5,4.791666666666667,19.0,24,75.575,83.5,4.791666666666667,19.0,동,74.5,0.0,57.99999999999999,0.0,40.6
8006,한라그린타운,오산시,,가수동,37.142395,127.049951,,,,,,,10.0,74.49,79.0,0.8888888888888888,4.0,10,74.49,79.0,0.8888888888888888,4.0,시구,74.49,0.8888888888888888,57.95999999999998,4.444444444444444,41.90533333333332
14371,동탄역신미주,화성시 동탄구,,금곡동,37.190931,127.091558,,,,,,,,,,,,49,76.79795918367347,85.6,3.6222222222222222,20.0,시,76.79795918367347,3.6222222222222222,67.19183673469388,18.11111111111111,52.467619047619046
26656,남양우림필유,화성시 만세구,,남양읍,37.208176,126.832217,,,,,,,,,,,,49,76.79795918367347,85.6,3.6222222222222222,20.0,시,76.79795918367347,3.6222222222222222,67.19183673469388,18.11111111111111,52.467619047619046
2732,유호,시흥시,,거모동,37.348648,126.786196,1.0,70.6,70.6,0.0,0.0,0.0,26.0,73.34230769230768,82.4,1.1153846153846154,4.0,26,73.34230769230768,82.4,1.1153846153846154,4.0,동,70.6,0.0,42.39999999999998,0.0,29.679999999999986
1891,두산,시흥시,,정왕동,37.338414,126.744031,7.0,74.39999999999999,82.4,11.0,1.5714285714285714,0.0,26.0,73.34230769230768,82.4,1.1153846153846154,4.0,26,73.34230769230768,82.4,1.1153846153846154,4.0,동,74.39999999999999,1.5714285714285714,57.599999999999966,7.857142857142857,42.677142857142826
23643,금호어울림,김포시,,감정동,37.613211,126.687856,1.0,74.5,74.5,0.0,0.0,0.0,24.0,75.575,83.5,4.791666666666667,19.0,24,75.575,83.5,4.791666666666667,19.0,동,74.5,0.0,57.99999999999999,0.0,40.6
1906,영남5차,시흥시,,배곧동,37.356726,126.727415,,,,,,,26.0,73.34230769230768,82.4,1.1153846153846154,4.0,26,73.34230769230768,82.4,1.1153846153846154,4.0,시구,73.34230769230768,1.1153846153846154,53.36923076923073,5.5769230769230775,39.03153846153843
8002,동부,오산시,,갈곶동,37.129837,127.069645,,,,,,,10.0,74.49,79.0,0.8888888888888888,4.0,10,74.49,79.0,0.8888888888888888,4.0,시구,74.49,0.8888888888888888,57.95999999999998,4.444444444444444,41.90533333333332
10074,풍산햇빛마을,용인시 처인구,,모현읍,37.332394,127.249837,1.0,69.9,69.9,0.0,,0.0,16.0,71.63125,80.1,0.7857142857142857,3.0,50,74.958,81.8,6.041666666666667,18.0,동,69.9,0.7857142857142857,39.60000000000002,3.928571428571429,28.89857142857144
14547,신일해피트리2차,화성시 효행구,,기안동,37.216632,126.977926,,,,,,,,,,,,49,76.79795918367347,85.6,3.6222222222222222,20.0,시,76.79795918367347,3.6222222222222222,67.19183673469388,18.11111111111111,52.467619047619046
8160,당곡2단지현대,김포시,,풍무동,37.598773,126.71942,2.0,79.1,82.1,24.0,12.0,0.0,24.0,75.575,83.5,4.791666666666667,19.0,24,75.575,83.5,4.791666666666667,19.0,동,79.1,12.0,76.39999999999998,60.0,71.47999999999999
25202,금호어울림3단지,안성시,,공도읍,37.003387,127.171129,3.0,73.8,75.8,1.0,0.3333333333333333,0.0,13.0,70.87692307692308,78.5,0.1538461538461538,1.0,13,70.87692307692308,78.5,0.1538461538461538,1.0,동,73.8,0.3333333333333333,55.2,1.6666666666666667,39.13999999999999
26119,삼보해피하임1단지,김포시,,감정동,37.611362,126.68526,1.0,74.5,74.5,0.0,0.0,0.0,24.0,75.575,83.5,4.791666666666667,19.0,24,75.575,83.5,4.791666666666667,19.0,동,74.5,0.0,57.99999999999999,0.0,40.6
8024,원동청구,오산시,,가수동,37.135302,127.07139,,,,,,,10.0,74.49,79.0,0.8888888888888888,4.0,10,74.49,79.0,0.8888888888888888,4.0,시구,74.49,0.8888888888888888,57.95999999999998,4.444444444444444,41.90533333333332
9854,예진피렌체빌리지2차,용인시 처인구,,고림동,37.24663,127.229136,2.0,75.4,79.2,1.0,1.0,0.0,16.0,71.63125,80.1,0.7857142857142857,3.0,50,74.958,81.8,6.041666666666667,18.0,동,75.4,1.0,61.60000000000002,5.0,44.62000000000001
10167,동탄퍼스트파크,화성시 동탄구,,영천동,37.210227,127.109871,,,,,,,,,,,,49,76.79795918367347,85.6,3.6222222222222222,20.0,시,76.79795918367347,3.6222222222222222,67.19183673469388,18.11111111111111,52.467619047619046
15234,우림그린빌리지,화성시 효행구,,기안동,37.225622,126.974424,,,,,,,,,,,,49,76.79795918367347,85.6,3.6222222222222222,20.0,시,76.79795918367347,3.6222222222222222,67.19183673469388,18.11111111111111,52.467619047619046
3924,삼용,김포시,,풍무동,37.603927,126.722853,2.0,79.1,82.1,24.0,12.0,0.0,24.0,75.575,83.5,4.791666666666667,19.0,24,75.575,83.5,4.791666666666667,19.0,동,79.1,12.0,76.39999999999998,60.0,71.47999999999999
1914,한일,시흥시,,배곧동,37.358205,126.724252,,,,,,,26.0,73.34230769230768,82.4,1.1153846153846154,4.0,26,73.34230769230768,82.4,1.1153846153846154,4.0,시구,73.34230769230768,1.1153846153846154,53.36923076923073,5.5769230769230775,39.03153846153843
9862,예진피렌체빌리지3차,용인시 처인구,,고림동,37.244586,127.230859,2.0,75.4,79.2,1.0,1.0,0.0,16.0,71.63125,80.1,0.7857142857142857,3.0,50,74.958,81.8,6.041666666666667,18.0,동,75.4,1.0,61.60000000000002,5.0,44.62000000000001
1908,요진,시흥시,,정왕동,37.351495,126.726996,7.0,74.39999999999999,82.4,11.0,1.5714285714285714,0.0,26.0,73.34230769230768,82.4,1.1153846153846154,4.0,26,73.34230769230768,82.4,1.1153846153846154,4.0,동,74.39999999999999,1.5714285714285714,57.599999999999966,7.857142857142857,42.677142857142826
9543,인정피렌체빌리지1차,용인시 처인구,,고림동,37.245685,127.230791,2.0,75.4,79.2,1.0,1.0,0.0,16.0,71.63125,80.1,0.7857142857142857,3.0,50,74.958,81.8,6.041666666666667,18.0,동,75.4,1.0,61.60000000000002,5.0,44.62000000000001
25986,해오름마을봉담그대가1단지,화성시 효행구,,기안동,37.215412,126.974393,,,,,,,,,,,,49,76.79795918367347,85.6,3.6222222222222222,20.0,시,76.79795918367347,3.6222222222222222,67.19183673469388,18.11111111111111,52.467619047619046
8000,동남,시흥시,,배곧동,37.353385,126.719266,,,,,,,26.0,73.34230769230768,82.4,1.1153846153846154,4.0,26,73.34230769230768,82.4,1.1153846153846154,4.0,시구,73.34230769230768,1.1153846153846154,53.36923076923073,5.5769230769230775,39.03153846153843
1912,주공1단지,시흥시,,배곧동,37.35706,126.72307,,,,,,,26.0,73.34230769230768,82.4,1.1153846153846154,4.0,26,73.34230769230768,82.4,1.1153846153846154,4.0,시구,73.34230769230768,1.1153846153846154,53.36923076923073,5.5769230769230775,39.03153846153843
11471,예원마을코아루,용인시 처인구,,고림동,37.25825,127.236943,2.0,75.4,79.2,1.0,1.0,0.0,16.0,71.63125,80.1,0.7857142857142857,3.0,50,74.958,81.8,6.041666666666667,18.0,동,75.4,1.0,61.60000000000002,5.0,44.62000000000001
11806,"신일,우남클래식타운",화성시 효행구,,기안동,37.226154,126.971408,,,,,,,,,,,,49,76.79795918367347,85.6,3.6222222222222222,20.0,시,76.79795918367347,3.6222222222222222,67.19183673469388,18.11111111111111,52.467619047619046
8167,퀸스타운동성,김포시,,감정동,37.615944,126.688067,1.0,74.5,74.5,0.0,0.0,0.0,24.0,75.575,83.5,4.791666666666667,19.0,24,75.575,83.5,4.791666666666667,19.0,동,74.5,0.0,57.99999999999999,0.0,40.6
1886,대림2단지,시흥시,,정왕동,37.35031,126.7254,7.0,74.39999999999999,82.4,11.0,1.5714285714285714,0.0,26.0,73.34230769230768,82.4,1.1153846153846154,4.0,26,73.34230769230768,82.4,1.1153846153846154,4.0,동,74.39999999999999,1.5714285714285714,57.599999999999966,7.857142857142857,42.677142857142826
12928,대광파인밸리골드,화성시 만세구,,남양읍,37.19806,126.81785,,,,,,,,,,,,49,76.79795918367347,85.6,3.6222222222222222,20.0,시,76.79795918367347,3.6222222222222222,67.19183673469388,18.11111111111111,52.467619047619046
8168,퀸스타운길훈,김포시,,감정동,37.614288,126.686646,1.0,74.5,74.5,0.0,0.0,0.0,24.0,75.575,83.5,4.791666666666667,19.0,24,75.575,83.5,4.791666666666667,19.0,동,74.5,0.0,57.99999999999999,0.0,40.6
1884,대림1단지,시흥시,,배곧동,37.354872,126.721013,,,,,,,26.0,73.34230769230768,82.4,1.1153846153846154,4.0,26,73.34230769230768,82.4,1.1153846153846154,4.0,시구,73.34230769230768,1.1153846153846154,53.36923076923073,5.5769230769230775,39.03153846153843
11649,대우1차,안성시,,구포동,37.014725,127.255713,,,,,,,13.0,70.87692307692308,78.5,0.1538461538461538,1.0,13,70.87692307692308,78.5,0.1538461538461538,1.0,시구,70.87692307692308,0.1538461538461538,43.50769230769231,0.769230769230769,30.686153846153843
102041,일죽IC타운,안성시,,일죽면,37.090887,127.472113,1.0,75.1,75.1,0.0,0.0,0.0,13.0,70.87692307692308,78.5,0.1538461538461538,1.0,13,70.87692307692308,78.5,0.1538461538461538,1.0,동,75.1,0.0,60.39999999999998,0.0,42.27999999999998
16149,지에프(다빈치),안성시,,죽산면,37.069149,127.421299,2.0,65.95,73.2,0.0,0.0,0.5,13.0,70.87692307692308,78.5,0.1538461538461538,1.0,13,70.87692307692308,78.5,0.1538461538461538,1.0,동,65.95,0.0,23.80000000000001,0.0,16.660000000000007
2730,동원,시흥시,,거모동,37.342173,126.785646,1.0,70.6,70.6,0.0,0.0,0.0,26.0,73.34230769230768,82.4,1.1153846153846154,4.0,26,73.34230769230768,82.4,1.1153846153846154,4.0,동,70.6,0.0,42.39999999999998,0.0,29.679999999999986
3923,당곡1단지범양,김포시,,풍무동,37.599073,126.721328,2.0,79.1,82.1,24.0,12.0,0.0,24.0,75.575,83.5,4.791666666666667,19.0,24,75.575,83.5,4.791666666666667,19.0,동,79.1,12.0,76.39999999999998,60.0,71.47999999999999
2764,계룡2차,시흥시,,배곧동,37.35656,126.71881,,,,,,,26.0,73.34230769230768,82.4,1.1153846153846154,4.0,26,73.34230769230768,82.4,1.1153846153846154,4.0,시구,73.34230769230768,1.1153846153846154,53.36923076923073,5.5769230769230775,39.03153846153843
25957,태산1차,안성시,,공도읍,37.001064,127.153503,3.0,73.8,75.8,1.0,0.3333333333333333,0.0,13.0,70.87692307692308,78.5,0.1538461538461538,1.0,13,70.87692307692308,78.5,0.1538461538461538,1.0,동,73.8,0.3333333333333333,55.2,1.6666666666666667,39.13999999999999
109964,신라,안성시,,대덕면,37.003814,127.224887,,,,,,,13.0,70.87692307692308,78.5,0.1538461538461538,1.0,13,70.87692307692308,78.5,0.1538461538461538,1.0,시구,70.87692307692308,0.1538461538461538,43.50769230769231,0.769230769230769,30.686153846153843
2519,퀸스타운신명,김포시,,감정동,37.617475,126.689637,1.0,74.5,74.5,0.0,0.0,0.0,24.0,75.575,83.5,4.791666666666667,19.0,24,75.575,83.5,4.791666666666667,19.0,동,74.5,0.0,57.99999999999999,0.0,40.6
13474,안성아양2차,안성시,,구포동,37.00783,127.261241,,,,,,,13.0,70.87692307692308,78.5,0.1538461538461538,1.0,13,70.87692307692308,78.5,0.1538461538461538,1.0,시구,70.87692307692308,0.1538461538461538,43.50769230769231,0.769230769230769,30.686153846153843
8166,동부,김포시,,감정동,37.620133,126.690486,1.0,74.5,74.5,0.0,0.0,0.0,24.0,75.575,83.5,4.791666666666667,19.0,24,75.575,83.5,4.791666666666667,19.0,동,74.5,0.0,57.99999999999999,0.0,40.6
1903,신호새피앙,시흥시,,배곧동,37.355331,126.725904,,,,,,,26.0,73.34230769230768,82.4,1.1153846153846154,4.0,26,73.34230769230768,82.4,1.1153846153846154,4.0,시구,73.34230769230768,1.1153846153846154,53.36923076923073,5.5769230769230775,39.03153846153843
10543,남수원현대,화성시 병점구,,송산동,37.206514,127.009921,,,,,,,,,,,,49,76.79795918367347,85.6,3.6222222222222222,20.0,시,76.79795918367347,3.6222222222222222,67.19183673469388,18.11111111111111,52.467619047619046
13897,우남블루존,화성시 병점구,,송산동,37.209206,127.008511,,,,,,,,,,,,49,76.79795918367347,85.6,3.6222222222222222,20.0,시,76.79795918367347,3.6222222222222222,67.19183673469388,18.11111111111111,52.467619047619046
10529,한신,화성시 효행구,,봉담읍,37.216395,126.949829,,,,,,,,,,,,49,76.79795918367347,85.6,3.6222222222222222,20.0,시,76.79795918367347,3.6222222222222222,67.19183673469388,18.11111111111111,52.467619047619046
3920,마송현대1차,김포시,,통진읍,37.692743,126.594058,2.0,70.85,72.0,0.0,0.0,0.5,24.0,75.575,83.5,4.791666666666667,19.0,24,75.575,83.5,4.791666666666667,19.0,동,70.85,0.0,43.39999999999998,0.0,30.37999999999998
2769,진로,시흥시,,정왕동,37.348352,126.727974,7.0,74.39999999999999,82.4,11.0,1.5714285714285714,0.0,26.0,73.34230769230768,82.4,1.1153846153846154,4.0,26,73.34230769230768,82.4,1.1153846153846154,4.0,동,74.39999999999999,1.5714285714285714,57.599999999999966,7.857142857142857,42.677142857142826
1911,시화유천,시흥시,,죽율동,37.336262,126.750194,,,,,,,26.0,73.34230769230768,82.4,1.1153846153846154,4.0,26,73.34230769230768,82.4,1.1153846153846154,4.0,시구,73.34230769230768,1.1153846153846154,53.36923076923073,5.5769230769230775,39.03153846153843
13111,신명,화성시 효행구,,기안동,37.213175,126.973105,,,,,,,,,,,,49,76.79795918367347,85.6,3.6222222222222222,20.0,시,76.79795918367347,3.6222222222222222,67.19183673469388,18.11111111111111,52.467619047619046
1890,동보,시흥시,,배곧동,37.35528,126.71752,,,,,,,26.0,73.34230769230768,82.4,1.1153846153846154,4.0,26,73.34230769230768,82.4,1.1153846153846154,4.0,시구,73.34230769230768,1.1153846153846154,53.36923076923073,5.5769230769230775,39.03153846153843
13198,주은청설,안성시,,구포동,37.01439,127.26725,,,,,,,13.0,70.87692307692308,78.5,0.1538461538461538,1.0,13,70.87692307692308,78.5,0.1538461538461538,1.0,시구,70.87692307692308,0.1538461538461538,43.50769230769231,0.769230769230769,30.686153846153843
2646,세종2차,강서구,,오쇠동,37.529605,126.78896,,,,,,,22.0,72.8,77.9,3.409090909090909,11.0,22,72.8,77.9,3.409090909090909,11.0,시구,72.8,3.409090909090909,51.19999999999999,17.045454545454547,40.95363636363636
27117,안성동남타운,안성시,,금석동,37.03003,127.26645,,,,,,,13.0,70.87692307692308,78.5,0.1538461538461538,1.0,13,70.87692307692308,78.5,0.1538461538461538,1.0,시구,70.87692307692308,0.1538461538461538,43.50769230769231,0.769230769230769,30.686153846153843
12870,삼두,강서구,,오쇠동,37.52858,126.789113,,,,,,,22.0,72.8,77.9,3.409090909090909,11.0,22,72.8,77.9,3.409090909090909,11.0,시구,72.8,3.409090909090909,51.19999999999999,17.045454545454547,40.95363636363636
1885,무진,시흥시,,죽율동,37.335081,126.749289,,,,,,,26.0,73.34230769230768,82.4,1.1153846153846154,4.0,26,73.34230769230768,82.4,1.1153846153846154,4.0,시구,73.34230769230768,1.1153846153846154,53.36923076923073,5.5769230769230775,39.03153846153843
14852,동신,안성시,,가사동,37.012243,127.275424,,,,,,,13.0,70.87692307692308,78.5,0.1538461538461538,1.0,13,70.87692307692308,78.5,0.1538461538461538,1.0,시구,70.87692307692308,0.1538461538461538,43.50769230769231,0.769230769230769,30.686153846153843
14848,쌍용,안성시,,구포동,37.01547,127.26472,,,,,,,13.0,70.87692307692308,78.5,0.1538461538461538,1.0,13,70.87692307692308,78.5,0.1538461538461538,1.0,시구,70.87692307692308,0.1538461538461538,43.50769230769231,0.769230769230769,30.686153846153843
8009,신동아1차,오산시,,가수동,37.144519,127.042878,,,,,,,10.0,74.49,79.0,0.8888888888888888,4.0,10,74.49,79.0,0.8888888888888888,4.0,시구,74.49,0.8888888888888888,57.95999999999998,4.444444444444444,41.90533333333332
26019,한일,오산시,,갈곶동,37.126399,127.070126,,,,,,,10.0,74.49,79.0,0.8888888888888888,4.0,10,74.49,79.0,0.8888888888888888,4.0,시구,74.49,0.8888888888888888,57.95999999999998,4.444444444444444,41.90533333333332
100546,신동아2단지,시흥시,,배곧동,37.358317,126.720424,,,,,,,26.0,73.34230769230768,82.4,1.1153846153846154,4.0,26,73.34230769230768,82.4,1.1153846153846154,4.0,시구,73.34230769230768,1.1153846153846154,53.36923076923073,5.5769230769230775,39.03153846153843
14849,한주,안성시,,가사동,37.00995,127.27814,,,,,,,13.0,70.87692307692308,78.5,0.1538461538461538,1.0,13,70.87692307692308,78.5,0.1538461538461538,1.0,시구,70.87692307692308,0.1538461538461538,43.50769230769231,0.769230769230769,30.686153846153843
8004,화남,오산시,,갈곶동,37.129815,127.066787,,,,,,,10.0,74.49,79.0,0.8888888888888888,4.0,10,74.49,79.0,0.8888888888888888,4.0,시구,74.49,0.8888888888888888,57.95999999999998,4.444444444444444,41.90533333333332
15231,산호,화성시 만세구,,우정읍,37.07556,126.816553,,,,,,,,,,,,49,76.79795918367347,85.6,3.6222222222222222,20.0,시,76.79795918367347,3.6222222222222222,67.19183673469388,18.11111111111111,52.467619047619046
1900,신동아1단지,시흥시,,배곧동,37.35937,126.7222,,,,,,,26.0,73.34230769230768,82.4,1.1153846153846154,4.0,26,73.34230769230768,82.4,1.1153846153846154,4.0,시구,73.34230769230768,1.1153846153846154,53.36923076923073,5.5769230769230775,39.03153846153843
