검색어,단지번호,단지명_검색결과,주소_검색결과,단지명,주소,총세대수,총동수,입주연월,최저층,최고층,주차대수,용적률,건폐율,위도,경도,평형번호,평형명,공급면적_㎡,전용면적_㎡,전용평,전용률_%,세대수,방수,욕실수,현관구조,매매건수,매매가_최저,매매가_최고,매매가_범위,매매_평단가,전세건수,전세가_최저,전세가_최고,전세가_범위,전세_평단가,전세가율_%,월세건수,월세가_범위,관리비_연평균,관리비_여름,관리비_겨울,매물번호,매물명,거래종류,매물가격,매물_공급면적_㎡,매물_전용면적_㎡,층정보,향,동,확인일자,매물특징,중개사
하안주공9단지,1636,주공9단지,경기도 광명시 하안동,주공9단지,경기도 광명시 하안동,1818,15,19900910,15,15,,169,14,37.46762,126.87775,1,19,63.6,45.77,13.84,72,420,1,1,복도식,9,"4억 8,000","6억 5,000","4억 8,000~6억 5,000","(2,495~3,379만원/3.3㎡)",0,,,,,,0,,173511,147712,220733,2626563488,주공9단지,매매,"4억 9,000",63,45,13/15,남동향,903동,20260515,"올수리,학세권단지,시립도서관인근,철산역도보가,재건축조합설립단지,현금청산매",제일 공인중개사사무소
하안주공9단지,1636,주공9단지,경기도 광명시 하안동,주공9단지,경기도 광명시 하안동,1818,15,19900910,15,15,,169,14,37.46762,126.87775,1,19,63.6,45.77,13.84,72,420,1,1,복도식,9,"4억 8,000","6억 5,000","4억 8,000~6억 5,000","(2,495~3,379만원/3.3㎡)",0,,,,,,0,,173511,147712,220733,2625348825,주공9단지,매매,"6억 5,000",63,45,13/15,남동향,911동,20260509,"올수리,승계가능결혼,하일초,진성고,세이브존",신성  공인중개사사무소
하안주공9단지,1636,주공9단지,경기도 광명시 하안동,주공9단지,경기도 광명시 하안동,1818,15,19900910,15,15,,169,14,37.46762,126.87775,1,19,63.6,45.77,13.84,72,420,1,1,복도식,9,"4억 8,000","6억 5,000","4억 8,000~6억 5,000","(2,495~3,379만원/3.3㎡)",0,,,,,,0,,173511,147712,220733,2625343724,주공9단지,매매,"6억 5,000",63,45,13/15,남동향,911동,20260509,"올수리, 재건축진행중, 조합원승계가능, 빠른입주가능.",세화 공인중개사사무소
하안주공9단지,1636,주공9단지,경기도 광명시 하안동,주공9단지,경기도 광명시 하안동,1818,15,19900910,15,15,,169,14,37.46762,126.87775,1,19,63.6,45.77,13.84,72,420,1,1,복도식,9,"4억 8,000","6억 5,000","4억 8,000~6억 5,000","(2,495~3,379만원/3.3㎡)",0,,,,,,0,,173511,147712,220733,2624760605,주공9단지,매매,"4억 8,000",63,45,2/15,남동향,911동,20260507,"올수리,초,중고,교인근,안양천,철산역이용편리.현금청산매물",제일 공인중개사사무소
하안주공9단지,1636,주공9단지,경기도 광명시 하안동,주공9단지,경기도 광명시 하안동,1818,15,19900910,15,15,,169,14,37.46762,126.87775,1,19,63.6,45.77,13.84,72,420,1,1,복도식,9,"4억 8,000","6억 5,000","4억 8,000~6억 5,000","(2,495~3,379만원/3.3㎡)",0,,,,,,0,,173511,147712,220733,2624473863,주공9단지,매매,"6억 5,000",63,45,5/15,남동향,910동,20260506,올수리함 조합원 승계가능함,대청공인중개사사무소
하안주공9단지,1636,주공9단지,경기도 광명시 하안동,주공9단지,경기도 광명시 하안동,1818,15,19900910,15,15,,169,14,37.46762,126.87775,1,19,63.6,45.77,13.84,72,420,1,1,복도식,9,"4억 8,000","6억 5,000","4억 8,000~6억 5,000","(2,495~3,379만원/3.3㎡)",0,,,,,,0,,173511,147712,220733,2623097271,주공9단지,매매,"4억 9,000",63,45,13/15,남동향,903동,20260428,사업시행자지정신탁방식.현금청산.올수리.철산역도보가능.교통생활권편리함,대성공인중개사사무소
하안주공9단지,1636,주공9단지,경기도 광명시 하안동,주공9단지,경기도 광명시 하안동,1818,15,19900910,15,15,,169,14,37.46762,126.87775,1,19,63.6,45.77,13.84,72,420,1,1,복도식,9,"4억 8,000","6억 5,000","4억 8,000~6억 5,000","(2,495~3,379만원/3.3㎡)",0,,,,,,0,,173511,147712,220733,2623558037,주공9단지,매매,"4억 9,000",63,45,13/15,남동향,903동,20260430,현금청산.샷시포함 올수리.정상입주,휴먼공인중개사사무소
하안주공9단지,1636,주공9단지,경기도 광명시 하안동,주공9단지,경기도 광명시 하안동,1818,15,19900910,15,15,,169,14,37.46762,126.87775,1,19,63.6,45.77,13.84,72,420,1,1,복도식,9,"4억 8,000","6억 5,000","4억 8,000~6억 5,000","(2,495~3,379만원/3.3㎡)",0,,,,,,0,,173511,147712,220733,2622879778,주공9단지,매매,"6억 5,000",63,45,5/15,남동향,910동,20260427,"재건축조합원지위승계 매물,올수리,안양천낀 단지,학군우수",엔젤공인중개사사무소
하안주공9단지,1636,주공9단지,경기도 광명시 하안동,주공9단지,경기도 광명시 하안동,1818,15,19900910,15,15,,169,14,37.46762,126.87775,1,19,63.6,45.77,13.84,72,420,1,1,복도식,9,"4억 8,000","6억 5,000","4억 8,000~6억 5,000","(2,495~3,379만원/3.3㎡)",0,,,,,,0,,173511,147712,220733,2621956567,주공9단지,매매,"4억 9,000",63,45,13/15,남동향,903동,20260422,3년전올수리 입주가능 현금보상매물  단지내초중고 철산역가까운 하안주공단지,광명역공인중개사사무소
하안주공9단지,1636,주공9단지,경기도 광명시 하안동,주공9단지,경기도 광명시 하안동,1818,15,19900910,15,15,,169,14,37.46762,126.87775,2,24A,80.17,58.01,17.54,72,528,2,1,복도식,9,8억,"9억 8,000","8억~9억 8,000","(3,299~4,041만원/3.3㎡)",0,,,,,,0,,219912,187213,279761,2626440735,주공9단지,매매,8억,80,58,1/15,남동향,912동,20260515,"재건축승계조건갖춤,조용한동,상업지역이용과 교통편리함",엔젤공인중개사사무소
하안주공9단지,1636,주공9단지,경기도 광명시 하안동,주공9단지,경기도 광명시 하안동,1818,15,19900910,15,15,,169,14,37.46762,126.87775,2,24A,80.17,58.01,17.54,72,528,2,1,복도식,9,8억,"9억 8,000","8억~9억 8,000","(3,299~4,041만원/3.3㎡)",0,,,,,,0,,219912,187213,279761,2625128419,주공9단지,매매,"9억 8,000",80,58,저/15,남동향,912동,20260508,경축 시공사 선정예정 2032년 입주 목표 빛의 속도 신탁특례 재건축,-
하안주공9단지,1636,주공9단지,경기도 광명시 하안동,주공9단지,경기도 광명시 하안동,1818,15,19900910,15,15,,169,14,37.46762,126.87775,2,24A,80.17,58.01,17.54,72,528,2,1,복도식,9,8억,"9억 8,000","8억~9억 8,000","(3,299~4,041만원/3.3㎡)",0,,,,,,0,,219912,187213,279761,2625003665,주공9단지,매매,8억,80,58,1/15,남동향,912동,20260508,1주택자 조합원 지위승계가능 매물,대청공인중개사사무소
하안주공9단지,1636,주공9단지,경기도 광명시 하안동,주공9단지,경기도 광명시 하안동,1818,15,19900910,15,15,,169,14,37.46762,126.87775,2,24A,80.17,58.01,17.54,72,528,2,1,복도식,9,8억,"9억 8,000","8억~9억 8,000","(3,299~4,041만원/3.3㎡)",0,,,,,,0,,219912,187213,279761,2623259467,주공9단지,매매,8억,80,58,11/15,남향,913동,20260429,재건축입주권 뻥뷰 주인거주중,하안공인중개사사무소
하안주공9단지,1636,주공9단지,경기도 광명시 하안동,주공9단지,경기도 광명시 하안동,1818,15,19900910,15,15,,169,14,37.46762,126.87775,2,24A,80.17,58.01,17.54,72,528,2,1,복도식,9,8억,"9억 8,000","8억~9억 8,000","(3,299~4,041만원/3.3㎡)",0,,,,,,0,,219912,187213,279761,2622024235,주공9단지,매매,8억,80,58,8/15,남동향,912동,20260423,조합원지위승계됨 주인거주,하안공인중개사사무소
하안주공9단지,1636,주공9단지,경기도 광명시 하안동,주공9단지,경기도 광명시 하안동,1818,15,19900910,15,15,,169,14,37.46762,126.87775,2,24A,80.17,58.01,17.54,72,528,2,1,복도식,9,8억,"9억 8,000","8억~9억 8,000","(3,299~4,041만원/3.3㎡)",0,,,,,,0,,219912,187213,279761,2622486352,주공9단지,매매,9억,80,58,11/15,남향,913동,20260424,내부 수리되어 있습니다. 입주권 승계가능,목화 공인중개사사무소
하안주공9단지,1636,주공9단지,경기도 광명시 하안동,주공9단지,경기도 광명시 하안동,1818,15,19900910,15,15,,169,14,37.46762,126.87775,2,24A,80.17,58.01,17.54,72,528,2,1,복도식,9,8억,"9억 8,000","8억~9억 8,000","(3,299~4,041만원/3.3㎡)",0,,,,,,0,,219912,187213,279761,2622486078,주공9단지,매매,9억,80,58,8/15,남동향,912동,20260424,내부 올수리 되어 있습니다. 입주권 승계 가능,목화 공인중개사사무소
하안주공9단지,1636,주공9단지,경기도 광명시 하안동,주공9단지,경기도 광명시 하안동,1818,15,19900910,15,15,,169,14,37.46762,126.87775,2,24A,80.17,58.01,17.54,72,528,2,1,복도식,9,8억,"9억 8,000","8억~9억 8,000","(3,299~4,041만원/3.3㎡)",0,,,,,,0,,219912,187213,279761,2621751884,주공9단지,매매,9억,80,58,8/15,남동향,912동,20260421,"내부올수리,입주권승계가능,입주협의",이편한스타 공인중개사사무소
하안주공9단지,1636,주공9단지,경기도 광명시 하안동,주공9단지,경기도 광명시 하안동,1818,15,19900910,15,15,,169,14,37.46762,126.87775,2,24A,80.17,58.01,17.54,72,528,2,1,복도식,9,8억,"9억 8,000","8억~9억 8,000","(3,299~4,041만원/3.3㎡)",0,,,,,,0,,219912,187213,279761,2621751615,주공9단지,매매,9억,80,58,11/15,남향,913동,20260421,"올수리,독산역도보가능,입주권승계,생활하기 편리한동",이편한스타 공인중개사사무소
하안주공9단지,1636,주공9단지,경기도 광명시 하안동,주공9단지,경기도 광명시 하안동,1818,15,19900910,15,15,,169,14,37.46762,126.87775,4,24B,82.53,59.39,17.96,72,630,2,1,복도식,1,"6억 7,000","6억 7,000","6억 7,000","(2,684만원/3.3㎡)",0,,,,,,1,"3,000/110",225143,191667,286417,2625877869,주공9단지,매매,"6억 7,000",82,59,12/15,남동향,910동,20260512,"현금청산대상, 조합원입주권안됨, 올수리, 전세만기 28년2월",나눔공인중개사사무소
하안주공9단지,1636,주공9단지,경기도 광명시 하안동,주공9단지,경기도 광명시 하안동,1818,15,19900910,15,15,,169,14,37.46762,126.87775,3,31,105.49,79.07,23.91,75,240,3,1,복도식,,,,,,,,,,,,,,299749,255180,381327,,,,,,,,,,,,
강서힐스테이트,103305,강서힐스테이트,서울시 강서구 화곡동,강서힐스테이트,서울시 강서구 화곡동,2603,37,20150819,8,21,,259,22,37.546914,126.839257,1,24,82.13,59.99,18.14,73,530,3,2,계단식,48,"13억 6,000",15억,"13억 6,000~15억","(5,474~6,038만원/3.3㎡)",5,"6억 8,000","7억 2,000","6억 8,000~7억 2,000","(2,737~2,898만원/3.3㎡)",45~53%,1,1억/240,196975,174064,254498,2626708885,강서힐스테이트,매매,"13억 9,000",82,59,6/16,남서향,137동,20260516,"확장형, 입주가능, 트인전망, 우장초 인접동",주식회사우대빵부동산중개센터 강서지점
강서힐스테이트,103305,강서힐스테이트,서울시 강서구 화곡동,강서힐스테이트,서울시 강서구 화곡동,2603,37,20150819,8,21,,259,22,37.546914,126.839257,1,24,82.13,59.99,18.14,73,530,3,2,계단식,48,"13억 6,000",15억,"13억 6,000~15억","(5,474~6,038만원/3.3㎡)",5,"6억 8,000","7억 2,000","6억 8,000~7억 2,000","(2,737~2,898만원/3.3㎡)",45~53%,1,1억/240,196975,174064,254498,2626503324,강서힐스테이트,매매,"13억 9,000",82,59,6/16,남서향,137동,20260515,"확장,입주,채광굿,조망굿",삼성공인중개사사무소
강서힐스테이트,103305,강서힐스테이트,서울시 강서구 화곡동,강서힐스테이트,서울시 강서구 화곡동,2603,37,20150819,8,21,,259,22,37.546914,126.839257,1,24,82.13,59.99,18.14,73,530,3,2,계단식,48,"13억 6,000",15억,"13억 6,000~15억","(5,474~6,038만원/3.3㎡)",5,"6억 8,000","7억 2,000","6억 8,000~7억 2,000","(2,737~2,898만원/3.3㎡)",45~53%,1,1억/240,196975,174064,254498,2626486932,강서힐스테이트,매매,"13억 9,000",82,59,6/16,남서향,137동,20260515,"입주가능, 확장형, 전망트여 아주 좋아요",강서현대공인중개사사무소
강서힐스테이트,103305,강서힐스테이트,서울시 강서구 화곡동,강서힐스테이트,서울시 강서구 화곡동,2603,37,20150819,8,21,,259,22,37.546914,126.839257,1,24,82.13,59.99,18.14,73,530,3,2,계단식,48,"13억 6,000",15억,"13억 6,000~15억","(5,474~6,038만원/3.3㎡)",5,"6억 8,000","7억 2,000","6억 8,000~7억 2,000","(2,737~2,898만원/3.3㎡)",45~53%,1,1억/240,196975,174064,254498,2626489742,강서힐스테이트,매매,"13억 9,000",82,59,6/16,남향,137동,20260515,"24귀한남향매물,내부상태아주깨끗,올확장형,거실조망굿,입주협의",대한(힐스테이트)공인중개사사무소
강서힐스테이트,103305,강서힐스테이트,서울시 강서구 화곡동,강서힐스테이트,서울시 강서구 화곡동,2603,37,20150819,8,21,,259,22,37.546914,126.839257,1,24,82.13,59.99,18.14,73,530,3,2,계단식,48,"13억 6,000",15억,"13억 6,000~15억","(5,474~6,038만원/3.3㎡)",5,"6억 8,000","7억 2,000","6억 8,000~7억 2,000","(2,737~2,898만원/3.3㎡)",45~53%,1,1억/240,196975,174064,254498,2626299086,강서힐스테이트,매매,"14억 2,000",82,59,3/16,남향,137동,20260514,남향 초록뷰가 이쁜집  시스텡에어컨 세안고,우장산신화부동산공인중개사사무소
강서힐스테이트,103305,강서힐스테이트,서울시 강서구 화곡동,강서힐스테이트,서울시 강서구 화곡동,2603,37,20150819,8,21,,259,22,37.546914,126.839257,1,24,82.13,59.99,18.14,73,530,3,2,계단식,48,"13억 6,000",15억,"13억 6,000~15억","(5,474~6,038만원/3.3㎡)",5,"6억 8,000","7억 2,000","6억 8,000~7억 2,000","(2,737~2,898만원/3.3㎡)",45~53%,1,1억/240,196975,174064,254498,2626314891,강서힐스테이트,매매,"14억 2,000",82,59,3/16,남서향,137동,20260514,"24남향,막힘없는거실조망,확장형,에어컨유,세안고입니다",대한(힐스테이트)공인중개사사무소
강서힐스테이트,103305,강서힐스테이트,서울시 강서구 화곡동,강서힐스테이트,서울시 강서구 화곡동,2603,37,20150819,8,21,,259,22,37.546914,126.839257,1,24,82.13,59.99,18.14,73,530,3,2,계단식,48,"13억 6,000",15억,"13억 6,000~15억","(5,474~6,038만원/3.3㎡)",5,"6억 8,000","7억 2,000","6억 8,000~7억 2,000","(2,737~2,898만원/3.3㎡)",45~53%,1,1억/240,196975,174064,254498,2626833637,강서힐스테이트,매매,"13억 9,000",82,59,중/16,남향,137동,20260518,"귀한남향,확장형,앞이트인시야,집상태최고,입주가능",힐스테이트강서탑공인중개사사무소
강서힐스테이트,103305,강서힐스테이트,서울시 강서구 화곡동,강서힐스테이트,서울시 강서구 화곡동,2603,37,20150819,8,21,,259,22,37.546914,126.839257,1,24,82.13,59.99,18.14,73,530,3,2,계단식,48,"13억 6,000",15억,"13억 6,000~15억","(5,474~6,038만원/3.3㎡)",5,"6억 8,000","7억 2,000","6억 8,000~7억 2,000","(2,737~2,898만원/3.3㎡)",45~53%,1,1억/240,196975,174064,254498,2626818776,강서힐스테이트,매매,"14억 2,000",82,59,저/16,남서향,137동,20260518,남향  확장 시스템에어컨 깨끗하고 관리잘된집 전망틔고 채광좋아요,아이파크공인중개사사무소
강서힐스테이트,103305,강서힐스테이트,서울시 강서구 화곡동,강서힐스테이트,서울시 강서구 화곡동,2603,37,20150819,8,21,,259,22,37.546914,126.839257,1,24,82.13,59.99,18.14,73,530,3,2,계단식,48,"13억 6,000",15억,"13억 6,000~15억","(5,474~6,038만원/3.3㎡)",5,"6억 8,000","7억 2,000","6억 8,000~7억 2,000","(2,737~2,898만원/3.3㎡)",45~53%,1,1억/240,196975,174064,254498,2626773603,강서힐스테이트,매매,"14억 2,000",82,59,저/16,남서향,137동,20260518,"24p, 남향, 올확장, 시스템에어컨",청담공인중개사사무소
강서힐스테이트,103305,강서힐스테이트,서울시 강서구 화곡동,강서힐스테이트,서울시 강서구 화곡동,2603,37,20150819,8,21,,259,22,37.546914,126.839257,1,24,82.13,59.99,18.14,73,530,3,2,계단식,48,"13억 6,000",15억,"13억 6,000~15억","(5,474~6,038만원/3.3㎡)",5,"6억 8,000","7억 2,000","6억 8,000~7억 2,000","(2,737~2,898만원/3.3㎡)",45~53%,1,1억/240,196975,174064,254498,2626771962,강서힐스테이트,매매,"14억 2,000",82,59,저/16,남향,137동,20260518,"24p,올확장,시스템에어컨",칠성공인중개사사무소
강서힐스테이트,103305,강서힐스테이트,서울시 강서구 화곡동,강서힐스테이트,서울시 강서구 화곡동,2603,37,20150819,8,21,,259,22,37.546914,126.839257,1,24,82.13,59.99,18.14,73,530,3,2,계단식,48,"13억 6,000",15억,"13억 6,000~15억","(5,474~6,038만원/3.3㎡)",5,"6억 8,000","7억 2,000","6억 8,000~7억 2,000","(2,737~2,898만원/3.3㎡)",45~53%,1,1억/240,196975,174064,254498,2626815954,강서힐스테이트,매매,"13억 6,000",82,59,저/19,동향,129동,20260518,정원뷰 확장 깨끗하고 관리잘된집 입주가,아이파크공인중개사사무소
강서힐스테이트,103305,강서힐스테이트,서울시 강서구 화곡동,강서힐스테이트,서울시 강서구 화곡동,2603,37,20150819,8,21,,259,22,37.546914,126.839257,1,24,82.13,59.99,18.14,73,530,3,2,계단식,48,"13억 6,000",15억,"13억 6,000~15억","(5,474~6,038만원/3.3㎡)",5,"6억 8,000","7억 2,000","6억 8,000~7억 2,000","(2,737~2,898만원/3.3㎡)",45~53%,1,1억/240,196975,174064,254498,2626923815,강서힐스테이트,매매,"13억 6,000",82,59,저/19,남동향,129동,20260518,귀한입주  확장형  초록공원뷰 상태깨끗,우장산신화부동산공인중개사사무소
강서힐스테이트,103305,강서힐스테이트,서울시 강서구 화곡동,강서힐스테이트,서울시 강서구 화곡동,2603,37,20150819,8,21,,259,22,37.546914,126.839257,1,24,82.13,59.99,18.14,73,530,3,2,계단식,48,"13억 6,000",15억,"13억 6,000~15억","(5,474~6,038만원/3.3㎡)",5,"6억 8,000","7억 2,000","6억 8,000~7억 2,000","(2,737~2,898만원/3.3㎡)",45~53%,1,1억/240,196975,174064,254498,2626793619,강서힐스테이트,매매,"14억 2,000",82,59,저/20,서향,108동,20260518,확장  입주가능 깨끗해요,강서힐스테이트단지공인중개사사무소
강서힐스테이트,103305,강서힐스테이트,서울시 강서구 화곡동,강서힐스테이트,서울시 강서구 화곡동,2603,37,20150819,8,21,,259,22,37.546914,126.839257,1,24,82.13,59.99,18.14,73,530,3,2,계단식,48,"13억 6,000",15억,"13억 6,000~15억","(5,474~6,038만원/3.3㎡)",5,"6억 8,000","7억 2,000","6억 8,000~7억 2,000","(2,737~2,898만원/3.3㎡)",45~53%,1,1억/240,196975,174064,254498,2626770715,강서힐스테이트,매매,14억,82,59,중/16,남향,137동,20260518,공동환영.집주인직매물.입주협의.남향.트인뷰,골드(단지내02-6334-4989)공인중개사사무소
강서힐스테이트,103305,강서힐스테이트,서울시 강서구 화곡동,강서힐스테이트,서울시 강서구 화곡동,2603,37,20150819,8,21,,259,22,37.546914,126.839257,1,24,82.13,59.99,18.14,73,530,3,2,계단식,48,"13억 6,000",15억,"13억 6,000~15억","(5,474~6,038만원/3.3㎡)",5,"6억 8,000","7억 2,000","6억 8,000~7억 2,000","(2,737~2,898만원/3.3㎡)",45~53%,1,1억/240,196975,174064,254498,2626766572,강서힐스테이트,매매,"14억 2,000",82,59,저/16,남향,137동,20260517,"올확장,입주협의.시스템이에컨설치,깨끗한집",조은아이파크(2601-3300)공인중개사사무소
강서힐스테이트,103305,강서힐스테이트,서울시 강서구 화곡동,강서힐스테이트,서울시 강서구 화곡동,2603,37,20150819,8,21,,259,22,37.546914,126.839257,1,24,82.13,59.99,18.14,73,530,3,2,계단식,48,"13억 6,000",15억,"13억 6,000~15억","(5,474~6,038만원/3.3㎡)",5,"6억 8,000","7억 2,000","6억 8,000~7억 2,000","(2,737~2,898만원/3.3㎡)",45~53%,1,1억/240,196975,174064,254498,2626635094,강서힐스테이트,매매,"14억 2,000",82,59,저/16,남서향,137동,20260516,"남향,올확장,시스템에어컨 설치됨,늦은입주가능,틔인전망,햇볕잘드는집",조은아이파크(2601-3300)공인중개사사무소
강서힐스테이트,103305,강서힐스테이트,서울시 강서구 화곡동,강서힐스테이트,서울시 강서구 화곡동,2603,37,20150819,8,21,,259,22,37.546914,126.839257,1,24,82.13,59.99,18.14,73,530,3,2,계단식,48,"13억 6,000",15억,"13억 6,000~15억","(5,474~6,038만원/3.3㎡)",5,"6억 8,000","7억 2,000","6억 8,000~7억 2,000","(2,737~2,898만원/3.3㎡)",45~53%,1,1억/240,196975,174064,254498,2626680300,강서힐스테이트,매매,"14억 3,000",82,59,저/17,동향,120동,20260516,"확장,정원뷰,천정에어컨,관리잘된집,상태최상,너무예쁜집",조은아이파크(2601-3300)공인중개사사무소
강서힐스테이트,103305,강서힐스테이트,서울시 강서구 화곡동,강서힐스테이트,서울시 강서구 화곡동,2603,37,20150819,8,21,,259,22,37.546914,126.839257,1,24,82.13,59.99,18.14,73,530,3,2,계단식,48,"13억 6,000",15억,"13억 6,000~15억","(5,474~6,038만원/3.3㎡)",5,"6억 8,000","7억 2,000","6억 8,000~7억 2,000","(2,737~2,898만원/3.3㎡)",45~53%,1,1억/240,196975,174064,254498,2626674357,강서힐스테이트,매매,"14억 3,000",82,59,저/17,동향,120동,20260516,"확장,전망좋은로얄동,시스템에어컨5대,주인거주,상태최상,집볼수있어요",조은아이파크(2601-3300)공인중개사사무소
강서힐스테이트,103305,강서힐스테이트,서울시 강서구 화곡동,강서힐스테이트,서울시 강서구 화곡동,2603,37,20150819,8,21,,259,22,37.546914,126.839257,1,24,82.13,59.99,18.14,73,530,3,2,계단식,48,"13억 6,000",15억,"13억 6,000~15억","(5,474~6,038만원/3.3㎡)",5,"6억 8,000","7억 2,000","6억 8,000~7억 2,000","(2,737~2,898만원/3.3㎡)",45~53%,1,1억/240,196975,174064,254498,2626594225,강서힐스테이트,매매,14억,82,59,중/16,남향,137동,20260516,공동환영.집주인직매물.입주협의.남향.트인뷰,골드(단지내02-6334-4989)공인중개사사무소
강서힐스테이트,103305,강서힐스테이트,서울시 강서구 화곡동,강서힐스테이트,서울시 강서구 화곡동,2603,37,20150819,8,21,,259,22,37.546914,126.839257,1,24,82.13,59.99,18.14,73,530,3,2,계단식,48,"13억 6,000",15억,"13억 6,000~15억","(5,474~6,038만원/3.3㎡)",5,"6억 8,000","7억 2,000","6억 8,000~7억 2,000","(2,737~2,898만원/3.3㎡)",45~53%,1,1억/240,196975,174064,254498,2626565279,강서힐스테이트,매매,"13억 9,000",82,59,중/16,남동향,137동,20260515,"확장형, 탁 트인뷰  입주가능",대림부동산공인중개사사무소
강서힐스테이트,103305,강서힐스테이트,서울시 강서구 화곡동,강서힐스테이트,서울시 강서구 화곡동,2603,37,20150819,8,21,,259,22,37.546914,126.839257,1,24,82.13,59.99,18.14,73,530,3,2,계단식,48,"13억 6,000",15억,"13억 6,000~15억","(5,474~6,038만원/3.3㎡)",5,"6억 8,000","7억 2,000","6억 8,000~7억 2,000","(2,737~2,898만원/3.3㎡)",45~53%,1,1억/240,196975,174064,254498,2626424599,강서힐스테이트,매매,"14억 2,000",82,59,저/16,남향,137동,20260515,,힐스테이트강서탑공인중개사사무소
강서힐스테이트,103305,강서힐스테이트,서울시 강서구 화곡동,강서힐스테이트,서울시 강서구 화곡동,2603,37,20150819,8,21,,259,22,37.546914,126.839257,1,24,82.13,59.99,18.14,73,530,3,2,계단식,48,"13억 6,000",15억,"13억 6,000~15억","(5,474~6,038만원/3.3㎡)",5,"6억 8,000","7억 2,000","6억 8,000~7억 2,000","(2,737~2,898만원/3.3㎡)",45~53%,1,1억/240,196975,174064,254498,2626525801,강서힐스테이트,매매,"13억 9,000",82,59,중/16,남향,137동,20260515,남향.확장형.깨끗하고 뷰좋은집.우장초인접동,샘터부동산(02-2658-9898)공인중개사사무소
강서힐스테이트,103305,강서힐스테이트,서울시 강서구 화곡동,강서힐스테이트,서울시 강서구 화곡동,2603,37,20150819,8,21,,259,22,37.546914,126.839257,1,24,82.13,59.99,18.14,73,530,3,2,계단식,48,"13억 6,000",15억,"13억 6,000~15억","(5,474~6,038만원/3.3㎡)",5,"6억 8,000","7억 2,000","6억 8,000~7억 2,000","(2,737~2,898만원/3.3㎡)",45~53%,1,1억/240,196975,174064,254498,2626341718,강서힐스테이트,매매,"13억 6,000",82,59,저/19,동향,129동,20260514,"급매.올확장,틔인전망,입주가능,내부상태 깨끗,전자계약가능",조은아이파크(2601-3300)공인중개사사무소
강서힐스테이트,103305,강서힐스테이트,서울시 강서구 화곡동,강서힐스테이트,서울시 강서구 화곡동,2603,37,20150819,8,21,,259,22,37.546914,126.839257,1,24,82.13,59.99,18.14,73,530,3,2,계단식,48,"13억 6,000",15억,"13억 6,000~15억","(5,474~6,038만원/3.3㎡)",5,"6억 8,000","7억 2,000","6억 8,000~7억 2,000","(2,737~2,898만원/3.3㎡)",45~53%,1,1억/240,196975,174064,254498,2626536832,강서힐스테이트,매매,"14억 2,000",82,59,저/16,남향,137동,20260515,"남향,올확장,세안고매매27년3월10일입주협의가,우장산인근,시스템에어컨있음",마곡씨유공인중개사사무소
강서힐스테이트,103305,강서힐스테이트,서울시 강서구 화곡동,강서힐스테이트,서울시 강서구 화곡동,2603,37,20150819,8,21,,259,22,37.546914,126.839257,1,24,82.13,59.99,18.14,73,530,3,2,계단식,48,"13억 6,000",15억,"13억 6,000~15억","(5,474~6,038만원/3.3㎡)",5,"6억 8,000","7억 2,000","6억 8,000~7억 2,000","(2,737~2,898만원/3.3㎡)",45~53%,1,1억/240,196975,174064,254498,2626013475,강서힐스테이트,매매,"14억 2,000",82,59,저/16,남향,137동,20260513,"남향, 올확장, 에어컨 유",대림부동산공인중개사사무소
강서힐스테이트,103305,강서힐스테이트,서울시 강서구 화곡동,강서힐스테이트,서울시 강서구 화곡동,2603,37,20150819,8,21,,259,22,37.546914,126.839257,1,24,82.13,59.99,18.14,73,530,3,2,계단식,48,"13억 6,000",15억,"13억 6,000~15억","(5,474~6,038만원/3.3㎡)",5,"6억 8,000","7억 2,000","6억 8,000~7억 2,000","(2,737~2,898만원/3.3㎡)",45~53%,1,1억/240,196975,174064,254498,2625927176,강서힐스테이트,매매,14억,82,59,중/16,남향,137동,20260513,"남향,확장,환한조망,깨끗,입주가능",강서힐사랑공인중개사사무소
강서힐스테이트,103305,강서힐스테이트,서울시 강서구 화곡동,강서힐스테이트,서울시 강서구 화곡동,2603,37,20150819,8,21,,259,22,37.546914,126.839257,1,24,82.13,59.99,18.14,73,530,3,2,계단식,48,"13억 6,000",15억,"13억 6,000~15억","(5,474~6,038만원/3.3㎡)",5,"6억 8,000","7억 2,000","6억 8,000~7억 2,000","(2,737~2,898만원/3.3㎡)",45~53%,1,1억/240,196975,174064,254498,2625765563,강서힐스테이트,매매,"13억 6,000",82,59,저/19,남동향,129동,20260512,"저렴매물, 확장형, 초록초록 나무뷰로 아주 좋아요. 입주협의",강서현대공인중개사사무소
강서힐스테이트,103305,강서힐스테이트,서울시 강서구 화곡동,강서힐스테이트,서울시 강서구 화곡동,2603,37,20150819,8,21,,259,22,37.546914,126.839257,1,24,82.13,59.99,18.14,73,530,3,2,계단식,48,"13억 6,000",15억,"13억 6,000~15억","(5,474~6,038만원/3.3㎡)",5,"6억 8,000","7억 2,000","6억 8,000~7억 2,000","(2,737~2,898만원/3.3㎡)",45~53%,1,1억/240,196975,174064,254498,2625903098,강서힐스테이트,매매,"13억 6,000",82,59,저/19,남향,129동,20260512,"올확장,입주가능",삼성공인중개사사무소
강서힐스테이트,103305,강서힐스테이트,서울시 강서구 화곡동,강서힐스테이트,서울시 강서구 화곡동,2603,37,20150819,8,21,,259,22,37.546914,126.839257,1,24,82.13,59.99,18.14,73,530,3,2,계단식,48,"13억 6,000",15억,"13억 6,000~15억","(5,474~6,038만원/3.3㎡)",5,"6억 8,000","7억 2,000","6억 8,000~7억 2,000","(2,737~2,898만원/3.3㎡)",45~53%,1,1억/240,196975,174064,254498,2625765266,강서힐스테이트,매매,15억,82,59,고/17,동향,115동,20260512,"채광좋고뻥뚫린뷰,층간소음해방,시스템에어컨5대,올확장,커뮤니티근접,입주가능",힐스테이트강서탑공인중개사사무소
강서힐스테이트,103305,강서힐스테이트,서울시 강서구 화곡동,강서힐스테이트,서울시 강서구 화곡동,2603,37,20150819,8,21,,259,22,37.546914,126.839257,1,24,82.13,59.99,18.14,73,530,3,2,계단식,48,"13억 6,000",15억,"13억 6,000~15억","(5,474~6,038만원/3.3㎡)",5,"6억 8,000","7억 2,000","6억 8,000~7억 2,000","(2,737~2,898만원/3.3㎡)",45~53%,1,1억/240,196975,174064,254498,2625781197,강서힐스테이트,매매,"13억 6,000",82,59,저/19,남동향,129동,20260512,"확장,편한조망,입주가능",강서힐사랑공인중개사사무소
강서힐스테이트,103305,강서힐스테이트,서울시 강서구 화곡동,강서힐스테이트,서울시 강서구 화곡동,2603,37,20150819,8,21,,259,22,37.546914,126.839257,1,24,82.13,59.99,18.14,73,530,3,2,계단식,48,"13억 6,000",15억,"13억 6,000~15억","(5,474~6,038만원/3.3㎡)",5,"6억 8,000","7억 2,000","6억 8,000~7억 2,000","(2,737~2,898만원/3.3㎡)",45~53%,1,1억/240,196975,174064,254498,2625884824,강서힐스테이트,매매,"13억 9,000",82,59,중/16,남향,137동,20260512,"확장형 남향, 트인뷰로 관리잘된집, 입주협의가",늘푸른(02-3664-8558)힐스테이트공인중개사사무소
강서힐스테이트,103305,강서힐스테이트,서울시 강서구 화곡동,강서힐스테이트,서울시 강서구 화곡동,2603,37,20150819,8,21,,259,22,37.546914,126.839257,1,24,82.13,59.99,18.14,73,530,3,2,계단식,48,"13억 6,000",15억,"13억 6,000~15억","(5,474~6,038만원/3.3㎡)",5,"6억 8,000","7억 2,000","6억 8,000~7억 2,000","(2,737~2,898만원/3.3㎡)",45~53%,1,1억/240,196975,174064,254498,2624974256,강서힐스테이트,매매,14억,82,59,저/17,동향,115동,20260508,"역가까운 앞동매물, 수납공간 드레스룸,  작은방확장,관리잘된매물,입주협의",주식회사우대빵부동산중개센터 강서지점
강서힐스테이트,103305,강서힐스테이트,서울시 강서구 화곡동,강서힐스테이트,서울시 강서구 화곡동,2603,37,20150819,8,21,,259,22,37.546914,126.839257,1,24,82.13,59.99,18.14,73,530,3,2,계단식,48,"13억 6,000",15억,"13억 6,000~15억","(5,474~6,038만원/3.3㎡)",5,"6억 8,000","7억 2,000","6억 8,000~7억 2,000","(2,737~2,898만원/3.3㎡)",45~53%,1,1억/240,196975,174064,254498,2624715664,강서힐스테이트,매매,"14억 2,000",82,59,고/18,동향,123동,20260507,올확장,파크공인중개사사무소
강서힐스테이트,103305,강서힐스테이트,서울시 강서구 화곡동,강서힐스테이트,서울시 강서구 화곡동,2603,37,20150819,8,21,,259,22,37.546914,126.839257,1,24,82.13,59.99,18.14,73,530,3,2,계단식,48,"13억 6,000",15억,"13억 6,000~15억","(5,474~6,038만원/3.3㎡)",5,"6억 8,000","7억 2,000","6억 8,000~7억 2,000","(2,737~2,898만원/3.3㎡)",45~53%,1,1억/240,196975,174064,254498,2624464989,강서힐스테이트,매매,14억,82,59,저/19,남동향,129동,20260506,"추천,깨끗깔끔 컨디션 굿,입주가능,입주일조율가능,정원뷰,전망굿,생활편리",주식회사우대빵부동산중개센터 강서지점
강서힐스테이트,103305,강서힐스테이트,서울시 강서구 화곡동,강서힐스테이트,서울시 강서구 화곡동,2603,37,20150819,8,21,,259,22,37.546914,126.839257,1,24,82.13,59.99,18.14,73,530,3,2,계단식,48,"13억 6,000",15억,"13억 6,000~15억","(5,474~6,038만원/3.3㎡)",5,"6억 8,000","7억 2,000","6억 8,000~7억 2,000","(2,737~2,898만원/3.3㎡)",45~53%,1,1억/240,196975,174064,254498,2626588471,강서힐스테이트,매매,"14억 2,000",82,59,저/20,서향,108동,20260516,강추 역세권 확장 깨끗하게 관리잘된 이쁜 집 입주협의,우장산단지공인중개사사무소
강서힐스테이트,103305,강서힐스테이트,서울시 강서구 화곡동,강서힐스테이트,서울시 강서구 화곡동,2603,37,20150819,8,21,,259,22,37.546914,126.839257,1,24,82.13,59.99,18.14,73,530,3,2,계단식,48,"13억 6,000",15억,"13억 6,000~15억","(5,474~6,038만원/3.3㎡)",5,"6억 8,000","7억 2,000","6억 8,000~7억 2,000","(2,737~2,898만원/3.3㎡)",45~53%,1,1억/240,196975,174064,254498,2624442869,강서힐스테이트,매매,15억,82,59,고/17,동향,115동,20260505,"채광좋고 뻥뚫린 뷰, 층간소음해방,시스템에어컨5대,올확장,커뮤니티근접",주식회사우대빵부동산중개센터 강서지점
강서힐스테이트,103305,강서힐스테이트,서울시 강서구 화곡동,강서힐스테이트,서울시 강서구 화곡동,2603,37,20150819,8,21,,259,22,37.546914,126.839257,1,24,82.13,59.99,18.14,73,530,3,2,계단식,48,"13억 6,000",15억,"13억 6,000~15억","(5,474~6,038만원/3.3㎡)",5,"6억 8,000","7억 2,000","6억 8,000~7억 2,000","(2,737~2,898만원/3.3㎡)",45~53%,1,1억/240,196975,174064,254498,2624353502,강서힐스테이트,매매,"14억 1,000",82,59,저/19,남동향,129동,20260505,"확트인뷰,깨끗하게 관리된집.입주협의",샘터부동산(02-2658-9898)공인중개사사무소
강서힐스테이트,103305,강서힐스테이트,서울시 강서구 화곡동,강서힐스테이트,서울시 강서구 화곡동,2603,37,20150819,8,21,,259,22,37.546914,126.839257,1,24,82.13,59.99,18.14,73,530,3,2,계단식,48,"13억 6,000",15억,"13억 6,000~15억","(5,474~6,038만원/3.3㎡)",5,"6억 8,000","7억 2,000","6억 8,000~7억 2,000","(2,737~2,898만원/3.3㎡)",45~53%,1,1억/240,196975,174064,254498,2626065537,강서힐스테이트,매매,"14억 2,000",82,59,중/17,동향,115동,20260513,,힐스테이트강서탑공인중개사사무소
강서힐스테이트,103305,강서힐스테이트,서울시 강서구 화곡동,강서힐스테이트,서울시 강서구 화곡동,2603,37,20150819,8,21,,259,22,37.546914,126.839257,1,24,82.13,59.99,18.14,73,530,3,2,계단식,48,"13억 6,000",15억,"13억 6,000~15억","(5,474~6,038만원/3.3㎡)",5,"6억 8,000","7억 2,000","6억 8,000~7억 2,000","(2,737~2,898만원/3.3㎡)",45~53%,1,1억/240,196975,174064,254498,2623788254,강서힐스테이트,매매,14억,82,59,저/19,남동향,129동,20260501,59신혼집추천. 확장형방3욕2. 밝은색인테리어. 입주가능,금강부동산공인중개사사무소
강서힐스테이트,103305,강서힐스테이트,서울시 강서구 화곡동,강서힐스테이트,서울시 강서구 화곡동,2603,37,20150819,8,21,,259,22,37.546914,126.839257,1,24,82.13,59.99,18.14,73,530,3,2,계단식,48,"13억 6,000",15억,"13억 6,000~15억","(5,474~6,038만원/3.3㎡)",5,"6억 8,000","7억 2,000","6억 8,000~7억 2,000","(2,737~2,898만원/3.3㎡)",45~53%,1,1억/240,196975,174064,254498,2623391018,강서힐스테이트,매매,"14억 3,000",82,59,저/20,남향,109동,20260429,"4년 전 특올수리, 시스템 3대, 입주협의, 따뜻한 남향, 커뮤니티 다양",주식회사우대빵부동산중개센터 강서지점
강서힐스테이트,103305,강서힐스테이트,서울시 강서구 화곡동,강서힐스테이트,서울시 강서구 화곡동,2603,37,20150819,8,21,,259,22,37.546914,126.839257,1,24,82.13,59.99,18.14,73,530,3,2,계단식,48,"13억 6,000",15억,"13억 6,000~15억","(5,474~6,038만원/3.3㎡)",5,"6억 8,000","7억 2,000","6억 8,000~7억 2,000","(2,737~2,898만원/3.3㎡)",45~53%,1,1억/240,196975,174064,254498,2623274274,강서힐스테이트,매매,14억,82,59,저/19,남동향,129동,20260429,"초록향가득, 답답함없는 뷰, 안정감최고",부동산이즈우장산숲아이파크공인중개사사무소
강서힐스테이트,103305,강서힐스테이트,서울시 강서구 화곡동,강서힐스테이트,서울시 강서구 화곡동,2603,37,20150819,8,21,,259,22,37.546914,126.839257,1,24,82.13,59.99,18.14,73,530,3,2,계단식,48,"13억 6,000",15억,"13억 6,000~15억","(5,474~6,038만원/3.3㎡)",5,"6억 8,000","7억 2,000","6억 8,000~7억 2,000","(2,737~2,898만원/3.3㎡)",45~53%,1,1억/240,196975,174064,254498,2621740411,강서힐스테이트,매매,"13억 9,000",82,59,3/16,남서향,137동,20260421,"24P,올확장,입주가능.초등학교 가까운동,환하고 밝음.집상태좋음.",혜성공인중개사사무소
강서힐스테이트,103305,강서힐스테이트,서울시 강서구 화곡동,강서힐스테이트,서울시 강서구 화곡동,2603,37,20150819,8,21,,259,22,37.546914,126.839257,1,24,82.13,59.99,18.14,73,530,3,2,계단식,48,"13억 6,000",15억,"13억 6,000~15억","(5,474~6,038만원/3.3㎡)",5,"6억 8,000","7억 2,000","6억 8,000~7억 2,000","(2,737~2,898만원/3.3㎡)",45~53%,1,1억/240,196975,174064,254498,2622528273,강서힐스테이트,매매,"14억 3,000",82,59,저/17,동향,120동,20260425,컨디션 좋은 확장형 시스템에어컨5대 정원뷰,주식회사우대빵부동산중개센터 강서지점
강서힐스테이트,103305,강서힐스테이트,서울시 강서구 화곡동,강서힐스테이트,서울시 강서구 화곡동,2603,37,20150819,8,21,,259,22,37.546914,126.839257,1,24,82.13,59.99,18.14,73,530,3,2,계단식,48,"13억 6,000",15억,"13억 6,000~15억","(5,474~6,038만원/3.3㎡)",5,"6억 8,000","7억 2,000","6억 8,000~7억 2,000","(2,737~2,898만원/3.3㎡)",45~53%,1,1억/240,196975,174064,254498,2623361022,강서힐스테이트,매매,14억,82,59,6/16,남향,137동,20260429,남향및 확장형  빠른입주가능,명문효자부동산공인중개사사무소
강서힐스테이트,103305,강서힐스테이트,서울시 강서구 화곡동,강서힐스테이트,서울시 강서구 화곡동,2603,37,20150819,8,21,,259,22,37.546914,126.839257,1,24,82.13,59.99,18.14,73,530,3,2,계단식,48,"13억 6,000",15억,"13억 6,000~15억","(5,474~6,038만원/3.3㎡)",5,"6억 8,000","7억 2,000","6억 8,000~7억 2,000","(2,737~2,898만원/3.3㎡)",45~53%,1,1억/240,196975,174064,254498,2625731509,강서힐스테이트,매매,"13억 6,000",82,59,저/19,동향,129동,20260512,,칠성공인중개사사무소
강서힐스테이트,103305,강서힐스테이트,서울시 강서구 화곡동,강서힐스테이트,서울시 강서구 화곡동,2603,37,20150819,8,21,,259,22,37.546914,126.839257,1,24,82.13,59.99,18.14,73,530,3,2,계단식,48,"13억 6,000",15억,"13억 6,000~15억","(5,474~6,038만원/3.3㎡)",5,"6억 8,000","7억 2,000","6억 8,000~7억 2,000","(2,737~2,898만원/3.3㎡)",45~53%,1,1억/240,196975,174064,254498,2625757515,강서힐스테이트,매매,"13억 6,000",82,59,저/19,동향,129동,20260512,급매 확장 상태좋음 입주가,아이파크
강서힐스테이트,103305,강서힐스테이트,서울시 강서구 화곡동,강서힐스테이트,서울시 강서구 화곡동,2603,37,20150819,8,21,,259,22,37.546914,126.839257,1,24,82.13,59.99,18.14,73,530,3,2,계단식,48,"13억 6,000",15억,"13억 6,000~15억","(5,474~6,038만원/3.3㎡)",5,"6억 8,000","7억 2,000","6억 8,000~7억 2,000","(2,737~2,898만원/3.3㎡)",45~53%,1,1억/240,196975,174064,254498,2624645697,강서힐스테이트,매매,14억,82,59,중/16,남향,137동,20260506,"확장형, 입주협의, 전망트여서 아주 좋아요",강서현대공인중개사사무소
강서힐스테이트,103305,강서힐스테이트,서울시 강서구 화곡동,강서힐스테이트,서울시 강서구 화곡동,2603,37,20150819,8,21,,259,22,37.546914,126.839257,1,24,82.13,59.99,18.14,73,530,3,2,계단식,48,"13억 6,000",15억,"13억 6,000~15억","(5,474~6,038만원/3.3㎡)",5,"6억 8,000","7억 2,000","6억 8,000~7억 2,000","(2,737~2,898만원/3.3㎡)",45~53%,1,1억/240,196975,174064,254498,2623302441,강서힐스테이트,매매,"13억 7,000",82,59,저/19,남동향,129동,20260429,"급매,가격저렴,확장,탁틔인전망,상태최상급,입주가",조은아이파크(2601-3300)공인중개사사무소
강서힐스테이트,103305,강서힐스테이트,서울시 강서구 화곡동,강서힐스테이트,서울시 강서구 화곡동,2603,37,20150819,8,21,,259,22,37.546914,126.839257,2,33A,111.24,84.99,25.7,76,383,3,2,계단식,22,"15억 4,000","19억 5,000","15억 4,000~19억 5,000","(4,577~5,795만원/3.3㎡)",1,"8억 5,000","8억 5,000","8억 5,000","(2,526만원/3.3㎡)",44~55%,3,1억/300~2억/270,279061,246602,360556,2626834056,강서힐스테이트,매매,"15억 5,000",111,84,4/20,동향,136동,20260518,"아주조용한동,판상형A,확장형,입주가능",힐스테이트강서탑공인중개사사무소
강서힐스테이트,103305,강서힐스테이트,서울시 강서구 화곡동,강서힐스테이트,서울시 강서구 화곡동,2603,37,20150819,8,21,,259,22,37.546914,126.839257,2,33A,111.24,84.99,25.7,76,383,3,2,계단식,22,"15억 4,000","19억 5,000","15억 4,000~19억 5,000","(4,577~5,795만원/3.3㎡)",1,"8억 5,000","8억 5,000","8억 5,000","(2,526만원/3.3㎡)",44~55%,3,1억/300~2억/270,279061,246602,360556,2626561002,강서힐스테이트,매매,"15억 5,000",111,84,4/20,남향,136동,20260515,"입주가능,좋은입주매물",강서힐사랑공인중개사사무소
강서힐스테이트,103305,강서힐스테이트,서울시 강서구 화곡동,강서힐스테이트,서울시 강서구 화곡동,2603,37,20150819,8,21,,259,22,37.546914,126.839257,2,33A,111.24,84.99,25.7,76,383,3,2,계단식,22,"15억 4,000","19억 5,000","15억 4,000~19억 5,000","(4,577~5,795만원/3.3㎡)",1,"8억 5,000","8억 5,000","8억 5,000","(2,526만원/3.3㎡)",44~55%,3,1억/300~2억/270,279061,246602,360556,2626292967,강서힐스테이트,매매,"15억 5,000",111,84,4/20,남동향,136동,20260514,"33p 판상형,내부상태 깨끗,거실조망굿, 입주가능",칠성공인중개사사무소
강서힐스테이트,103305,강서힐스테이트,서울시 강서구 화곡동,강서힐스테이트,서울시 강서구 화곡동,2603,37,20150819,8,21,,259,22,37.546914,126.839257,2,33A,111.24,84.99,25.7,76,383,3,2,계단식,22,"15억 4,000","19억 5,000","15억 4,000~19억 5,000","(4,577~5,795만원/3.3㎡)",1,"8억 5,000","8억 5,000","8억 5,000","(2,526만원/3.3㎡)",44~55%,3,1억/300~2억/270,279061,246602,360556,2626773922,강서힐스테이트,매매,"15억 5,000",111,84,저/20,남동향,136동,20260518,"33 강추, 확장형, 트인정원뷰, 판상형, 입주가",청담공인중개사사무소
강서힐스테이트,103305,강서힐스테이트,서울시 강서구 화곡동,강서힐스테이트,서울시 강서구 화곡동,2603,37,20150819,8,21,,259,22,37.546914,126.839257,2,33A,111.24,84.99,25.7,76,383,3,2,계단식,22,"15억 4,000","19억 5,000","15억 4,000~19억 5,000","(4,577~5,795만원/3.3㎡)",1,"8억 5,000","8억 5,000","8억 5,000","(2,526만원/3.3㎡)",44~55%,3,1억/300~2억/270,279061,246602,360556,2626774118,강서힐스테이트,매매,"15억 5,000",111,84,저/20,남동향,136동,20260518,"33강추, 판상형, 올확장, 이쁜 정원뷰,입주가",청담공인중개사사무소
강서힐스테이트,103305,강서힐스테이트,서울시 강서구 화곡동,강서힐스테이트,서울시 강서구 화곡동,2603,37,20150819,8,21,,259,22,37.546914,126.839257,2,33A,111.24,84.99,25.7,76,383,3,2,계단식,22,"15억 4,000","19억 5,000","15억 4,000~19억 5,000","(4,577~5,795만원/3.3㎡)",1,"8억 5,000","8억 5,000","8억 5,000","(2,526만원/3.3㎡)",44~55%,3,1억/300~2억/270,279061,246602,360556,2626771982,강서힐스테이트,매매,"16억 5,000",111,84,중/18,남향,130동,20260518,"33p,판상형 정남향 확장형 로얄동 로얄층 입주가능",칠성공인중개사사무소
강서힐스테이트,103305,강서힐스테이트,서울시 강서구 화곡동,강서힐스테이트,서울시 강서구 화곡동,2603,37,20150819,8,21,,259,22,37.546914,126.839257,2,33A,111.24,84.99,25.7,76,383,3,2,계단식,22,"15억 4,000","19억 5,000","15억 4,000~19억 5,000","(4,577~5,795만원/3.3㎡)",1,"8억 5,000","8억 5,000","8억 5,000","(2,526만원/3.3㎡)",44~55%,3,1억/300~2억/270,279061,246602,360556,2626766585,강서힐스테이트,매매,"16억 5,000",111,84,중/18,남향,130동,20260517,"입주가능,정남향,판상형구조,빠른입주가능,내부상태깨끗",조은아이파크(2601-3300)공인중개사사무소
강서힐스테이트,103305,강서힐스테이트,서울시 강서구 화곡동,강서힐스테이트,서울시 강서구 화곡동,2603,37,20150819,8,21,,259,22,37.546914,126.839257,2,33A,111.24,84.99,25.7,76,383,3,2,계단식,22,"15억 4,000","19억 5,000","15억 4,000~19억 5,000","(4,577~5,795만원/3.3㎡)",1,"8억 5,000","8억 5,000","8억 5,000","(2,526만원/3.3㎡)",44~55%,3,1억/300~2억/270,279061,246602,360556,2626314862,강서힐스테이트,매매,"16억 5,000",111,84,고/20,남향,132동,20260514,"남향 판상형 뻥트인뷰, 입주가능",대림부동산공인중개사사무소
강서힐스테이트,103305,강서힐스테이트,서울시 강서구 화곡동,강서힐스테이트,서울시 강서구 화곡동,2603,37,20150819,8,21,,259,22,37.546914,126.839257,2,33A,111.24,84.99,25.7,76,383,3,2,계단식,22,"15억 4,000","19억 5,000","15억 4,000~19억 5,000","(4,577~5,795만원/3.3㎡)",1,"8억 5,000","8억 5,000","8억 5,000","(2,526만원/3.3㎡)",44~55%,3,1억/300~2억/270,279061,246602,360556,2625860162,강서힐스테이트,매매,"15억 5,000",111,84,저/20,남동향,136동,20260512,"33조용하고 채광좋아요,확장형,입주협의",대한(힐스테이트)공인중개사사무소
강서힐스테이트,103305,강서힐스테이트,서울시 강서구 화곡동,강서힐스테이트,서울시 강서구 화곡동,2603,37,20150819,8,21,,259,22,37.546914,126.839257,2,33A,111.24,84.99,25.7,76,383,3,2,계단식,22,"15억 4,000","19억 5,000","15억 4,000~19억 5,000","(4,577~5,795만원/3.3㎡)",1,"8억 5,000","8억 5,000","8억 5,000","(2,526만원/3.3㎡)",44~55%,3,1억/300~2억/270,279061,246602,360556,2625579499,강서힐스테이트,매매,16억,111,84,중/20,남동향,134동,20260511,"뻥 트인 조망에 채광풍부, 로얄층, 초등학교가까운동, 비확장",GO부동산공인중개사사무소
강서힐스테이트,103305,강서힐스테이트,서울시 강서구 화곡동,강서힐스테이트,서울시 강서구 화곡동,2603,37,20150819,8,21,,259,22,37.546914,126.839257,2,33A,111.24,84.99,25.7,76,383,3,2,계단식,22,"15억 4,000","19억 5,000","15억 4,000~19억 5,000","(4,577~5,795만원/3.3㎡)",1,"8억 5,000","8억 5,000","8억 5,000","(2,526만원/3.3㎡)",44~55%,3,1억/300~2억/270,279061,246602,360556,2625613277,강서힐스테이트,매매,"19억 5,000",111,84,저/20,남향,132동,20260511,"선호하는 판상형A타입, 확장형, 살기좋은사이즈 o34o",GO부동산공인중개사사무소
강서힐스테이트,103305,강서힐스테이트,서울시 강서구 화곡동,강서힐스테이트,서울시 강서구 화곡동,2603,37,20150819,8,21,,259,22,37.546914,126.839257,2,33A,111.24,84.99,25.7,76,383,3,2,계단식,22,"15억 4,000","19억 5,000","15억 4,000~19억 5,000","(4,577~5,795만원/3.3㎡)",1,"8억 5,000","8억 5,000","8억 5,000","(2,526만원/3.3㎡)",44~55%,3,1억/300~2억/270,279061,246602,360556,2625692217,강서힐스테이트,매매,"19억 5,000",111,84,저/20,남서향,132동,20260511,"추천,확장형, 주인거주,입주가능,서비스면적, 채광 좋은 깨끗하게 관리된집",주식회사우대빵부동산중개센터 강서지점
강서힐스테이트,103305,강서힐스테이트,서울시 강서구 화곡동,강서힐스테이트,서울시 강서구 화곡동,2603,37,20150819,8,21,,259,22,37.546914,126.839257,2,33A,111.24,84.99,25.7,76,383,3,2,계단식,22,"15억 4,000","19억 5,000","15억 4,000~19억 5,000","(4,577~5,795만원/3.3㎡)",1,"8억 5,000","8억 5,000","8억 5,000","(2,526만원/3.3㎡)",44~55%,3,1억/300~2억/270,279061,246602,360556,2625616047,강서힐스테이트,매매,16억,111,84,중/20,남동향,134동,20260511,"우장산역세권, 로얄층, 트인조망, 채광굿,초등학교가까운동,비확장",GO부동산공인중개사사무소
강서힐스테이트,103305,강서힐스테이트,서울시 강서구 화곡동,강서힐스테이트,서울시 강서구 화곡동,2603,37,20150819,8,21,,259,22,37.546914,126.839257,2,33A,111.24,84.99,25.7,76,383,3,2,계단식,22,"15억 4,000","19억 5,000","15억 4,000~19억 5,000","(4,577~5,795만원/3.3㎡)",1,"8억 5,000","8억 5,000","8억 5,000","(2,526만원/3.3㎡)",44~55%,3,1억/300~2억/270,279061,246602,360556,2625580973,강서힐스테이트,매매,"19억 5,000",111,84,저/20,남향,132동,20260511,"선호하는 판상형A타입, 확장형, 살기좋은사이즈 o34o",GO부동산공인중개사사무소
강서힐스테이트,103305,강서힐스테이트,서울시 강서구 화곡동,강서힐스테이트,서울시 강서구 화곡동,2603,37,20150819,8,21,,259,22,37.546914,126.839257,2,33A,111.24,84.99,25.7,76,383,3,2,계단식,22,"15억 4,000","19억 5,000","15억 4,000~19억 5,000","(4,577~5,795만원/3.3㎡)",1,"8억 5,000","8억 5,000","8억 5,000","(2,526만원/3.3㎡)",44~55%,3,1억/300~2억/270,279061,246602,360556,2624312220,강서힐스테이트,매매,"19억 5,000",111,84,저/20,남향,132동,20260504,"판상형, 트인뷰 확장형, 입주가능",대림부동산공인중개사사무소
강서힐스테이트,103305,강서힐스테이트,서울시 강서구 화곡동,강서힐스테이트,서울시 강서구 화곡동,2603,37,20150819,8,21,,259,22,37.546914,126.839257,2,33A,111.24,84.99,25.7,76,383,3,2,계단식,22,"15억 4,000","19억 5,000","15억 4,000~19억 5,000","(4,577~5,795만원/3.3㎡)",1,"8억 5,000","8억 5,000","8억 5,000","(2,526만원/3.3㎡)",44~55%,3,1억/300~2억/270,279061,246602,360556,2626113142,강서힐스테이트,매매,"15억 5,000",111,84,고/20,남동향,131동,20260514,"판상형, 채광 좋은 집, 빠른입주가능",대림부동산공인중개사사무소
강서힐스테이트,103305,강서힐스테이트,서울시 강서구 화곡동,강서힐스테이트,서울시 강서구 화곡동,2603,37,20150819,8,21,,259,22,37.546914,126.839257,2,33A,111.24,84.99,25.7,76,383,3,2,계단식,22,"15억 4,000","19억 5,000","15억 4,000~19억 5,000","(4,577~5,795만원/3.3㎡)",1,"8억 5,000","8억 5,000","8억 5,000","(2,526만원/3.3㎡)",44~55%,3,1억/300~2억/270,279061,246602,360556,2625973068,강서힐스테이트,매매,"16억 5,000",111,84,중/18,남향,130동,20260513,"남향,확장형,판상형구조,입주가능,집상태최고",힐스테이트강서탑공인중개사사무소
강서힐스테이트,103305,강서힐스테이트,서울시 강서구 화곡동,강서힐스테이트,서울시 강서구 화곡동,2603,37,20150819,8,21,,259,22,37.546914,126.839257,2,33A,111.24,84.99,25.7,76,383,3,2,계단식,22,"15억 4,000","19억 5,000","15억 4,000~19억 5,000","(4,577~5,795만원/3.3㎡)",1,"8억 5,000","8억 5,000","8억 5,000","(2,526만원/3.3㎡)",44~55%,3,1억/300~2억/270,279061,246602,360556,2624400871,강서힐스테이트,매매,"15억 5,000",111,84,저/20,동향,136동,20260506,"판상형, 확장형, 깔끔한 집",대림부동산공인중개사사무소
강서힐스테이트,103305,강서힐스테이트,서울시 강서구 화곡동,강서힐스테이트,서울시 강서구 화곡동,2603,37,20150819,8,21,,259,22,37.546914,126.839257,2,33A,111.24,84.99,25.7,76,383,3,2,계단식,22,"15억 4,000","19억 5,000","15억 4,000~19억 5,000","(4,577~5,795만원/3.3㎡)",1,"8억 5,000","8억 5,000","8억 5,000","(2,526만원/3.3㎡)",44~55%,3,1억/300~2억/270,279061,246602,360556,2624158762,강서힐스테이트,매매,17억,111,84,저/20,남동향,134동,20260504,,대명공인중개사사무소
강서힐스테이트,103305,강서힐스테이트,서울시 강서구 화곡동,강서힐스테이트,서울시 강서구 화곡동,2603,37,20150819,8,21,,259,22,37.546914,126.839257,2,33A,111.24,84.99,25.7,76,383,3,2,계단식,22,"15억 4,000","19억 5,000","15억 4,000~19억 5,000","(4,577~5,795만원/3.3㎡)",1,"8억 5,000","8억 5,000","8억 5,000","(2,526만원/3.3㎡)",44~55%,3,1억/300~2억/270,279061,246602,360556,2626233434,강서힐스테이트,매매,"15억 5,000",111,84,저/20,동향,136동,20260514,"판상형, 입주가능.초록나무뷰가좋아요",강서현대공인중개사사무소
강서힐스테이트,103305,강서힐스테이트,서울시 강서구 화곡동,강서힐스테이트,서울시 강서구 화곡동,2603,37,20150819,8,21,,259,22,37.546914,126.839257,2,33A,111.24,84.99,25.7,76,383,3,2,계단식,22,"15억 4,000","19억 5,000","15억 4,000~19억 5,000","(4,577~5,795만원/3.3㎡)",1,"8억 5,000","8억 5,000","8억 5,000","(2,526만원/3.3㎡)",44~55%,3,1억/300~2억/270,279061,246602,360556,2624945920,강서힐스테이트,매매,"15억 4,000",111,84,저/20,남동향,136동,20260507,확장형 정원뷰 집상태깨끗 초등가까운동,아이파크
강서힐스테이트,103305,강서힐스테이트,서울시 강서구 화곡동,강서힐스테이트,서울시 강서구 화곡동,2603,37,20150819,8,21,,259,22,37.546914,126.839257,2,33A,111.24,84.99,25.7,76,383,3,2,계단식,22,"15억 4,000","19억 5,000","15억 4,000~19억 5,000","(4,577~5,795만원/3.3㎡)",1,"8억 5,000","8억 5,000","8억 5,000","(2,526만원/3.3㎡)",44~55%,3,1억/300~2억/270,279061,246602,360556,2624400104,강서힐스테이트,매매,"15억 4,000",111,84,저/20,남동향,136동,20260505,,칠성공인중개사사무소
강서힐스테이트,103305,강서힐스테이트,서울시 강서구 화곡동,강서힐스테이트,서울시 강서구 화곡동,2603,37,20150819,8,21,,259,22,37.546914,126.839257,4,33C,111.85,84.99,25.7,76,171,3,2,계단식,,,,,,,,,,,,,,279061,246602,360556,,,,,,,,,,,,
강서힐스테이트,103305,강서힐스테이트,서울시 강서구 화곡동,강서힐스테이트,서울시 강서구 화곡동,2603,37,20150819,8,21,,259,22,37.546914,126.839257,6,33E,111.54,84.99,25.7,76,37,3,2,계단식,1,"16억 7,000","16억 7,000","16억 7,000","(4,949만원/3.3㎡)",0,,,,,,0,,279061,246602,360556,2623751354,강서힐스테이트,매매,"16억 7,000",111,84,중/19,남향,101동,20260501,"초역세권,남향,트인뷰,확장형,판상형,입주가능",힐스테이트강서탑공인중개사사무소
강서힐스테이트,103305,강서힐스테이트,서울시 강서구 화곡동,강서힐스테이트,서울시 강서구 화곡동,2603,37,20150819,8,21,,259,22,37.546914,126.839257,7,33F,112.34,84.99,25.7,76,300,3,2,계단식,32,"15억 2,000","17억 5,000","15억 2,000~17억 5,000","(4,473~5,150만원/3.3㎡)",0,,,,,,0,,279061,246602,360556,2626836490,강서힐스테이트,매매,"16억 2,000",112,84,13/20,북동향,118동,20260518,"입주협의, 역세권동, 확장형, 로얄층, 전망굿, 깨끗하게 관리잘됨",주식회사우대빵부동산중개센터 강서지점
강서힐스테이트,103305,강서힐스테이트,서울시 강서구 화곡동,강서힐스테이트,서울시 강서구 화곡동,2603,37,20150819,8,21,,259,22,37.546914,126.839257,7,33F,112.34,84.99,25.7,76,300,3,2,계단식,32,"15억 2,000","17억 5,000","15억 2,000~17억 5,000","(4,473~5,150만원/3.3㎡)",0,,,,,,0,,279061,246602,360556,2626773650,강서힐스테이트,매매,"16억 2,000",112,84,13/20,북동향,118동,20260518,"33 역세권, 확장형, 상태깨끗, 조망굿, 입주가",청담공인중개사사무소
강서힐스테이트,103305,강서힐스테이트,서울시 강서구 화곡동,강서힐스테이트,서울시 강서구 화곡동,2603,37,20150819,8,21,,259,22,37.546914,126.839257,7,33F,112.34,84.99,25.7,76,300,3,2,계단식,32,"15억 2,000","17억 5,000","15억 2,000~17억 5,000","(4,473~5,150만원/3.3㎡)",0,,,,,,0,,279061,246602,360556,2626638019,강서힐스테이트,매매,"17억 5,000",112,84,15/20,남향,119동,20260516,"로얄동로얄층,특올수리,완전새아파트,그냥이사들어오시면되요",조은아이파크(2601-3300)공인중개사사무소
강서힐스테이트,103305,강서힐스테이트,서울시 강서구 화곡동,강서힐스테이트,서울시 강서구 화곡동,2603,37,20150819,8,21,,259,22,37.546914,126.839257,7,33F,112.34,84.99,25.7,76,300,3,2,계단식,32,"15억 2,000","17억 5,000","15억 2,000~17억 5,000","(4,473~5,150만원/3.3㎡)",0,,,,,,0,,279061,246602,360556,2626070966,강서힐스테이트,매매,"16억 2,000",112,84,13/20,북동향,118동,20260513,확장형 빠른입주가능. 잔금전 인테리어가능,스타공인중개사사무소
강서힐스테이트,103305,강서힐스테이트,서울시 강서구 화곡동,강서힐스테이트,서울시 강서구 화곡동,2603,37,20150819,8,21,,259,22,37.546914,126.839257,7,33F,112.34,84.99,25.7,76,300,3,2,계단식,32,"15억 2,000","17억 5,000","15억 2,000~17억 5,000","(4,473~5,150만원/3.3㎡)",0,,,,,,0,,279061,246602,360556,2626078721,강서힐스테이트,매매,"16억 2,000",112,84,13/20,북동향,118동,20260513,"올확장수리, 역세권로얄동, 잔금전인테리어가능, 마곡생활권",늘푸른(02-3664-8558)힐스테이트공인중개사사무소
강서힐스테이트,103305,강서힐스테이트,서울시 강서구 화곡동,강서힐스테이트,서울시 강서구 화곡동,2603,37,20150819,8,21,,259,22,37.546914,126.839257,7,33F,112.34,84.99,25.7,76,300,3,2,계단식,32,"15억 2,000","17억 5,000","15억 2,000~17억 5,000","(4,473~5,150만원/3.3㎡)",0,,,,,,0,,279061,246602,360556,2626923922,강서힐스테이트,매매,"16억 2,000",112,84,중/20,동향,118동,20260518,귀한입주  방확장  조망굿  빠른입주가,우장산신화부동산공인중개사사무소
강서힐스테이트,103305,강서힐스테이트,서울시 강서구 화곡동,강서힐스테이트,서울시 강서구 화곡동,2603,37,20150819,8,21,,259,22,37.546914,126.839257,7,33F,112.34,84.99,25.7,76,300,3,2,계단식,32,"15억 2,000","17억 5,000","15억 2,000~17억 5,000","(4,473~5,150만원/3.3㎡)",0,,,,,,0,,279061,246602,360556,2626837753,강서힐스테이트,매매,"16억 2,000",112,84,중/20,동향,118동,20260518,"역세권동,확장형,입주협의",힐스테이트강서탑공인중개사사무소
강서힐스테이트,103305,강서힐스테이트,서울시 강서구 화곡동,강서힐스테이트,서울시 강서구 화곡동,2603,37,20150819,8,21,,259,22,37.546914,126.839257,7,33F,112.34,84.99,25.7,76,300,3,2,계단식,32,"15억 2,000","17억 5,000","15억 2,000~17억 5,000","(4,473~5,150만원/3.3㎡)",0,,,,,,0,,279061,246602,360556,2625877644,강서힐스테이트,매매,"16억 2,000",112,84,13/20,북동향,118동,20260512,"역가까운동, 로얄층, 입주협의가능잔금전인테리어 협의가능",마곡중앙부동산공인중개사사무소
강서힐스테이트,103305,강서힐스테이트,서울시 강서구 화곡동,강서힐스테이트,서울시 강서구 화곡동,2603,37,20150819,8,21,,259,22,37.546914,126.839257,7,33F,112.34,84.99,25.7,76,300,3,2,계단식,32,"15억 2,000","17억 5,000","15억 2,000~17억 5,000","(4,473~5,150만원/3.3㎡)",0,,,,,,0,,279061,246602,360556,2625903664,강서힐스테이트,매매,"16억 2,000",112,84,13/20,북동향,118동,20260512,"역세권동,확장형, 빠른입주 가능,거실뷰굿 잔금전 이테리어 가능 ",우리자이(02-3663-1212)공인중개사사무소
강서힐스테이트,103305,강서힐스테이트,서울시 강서구 화곡동,강서힐스테이트,서울시 강서구 화곡동,2603,37,20150819,8,21,,259,22,37.546914,126.839257,7,33F,112.34,84.99,25.7,76,300,3,2,계단식,32,"15억 2,000","17억 5,000","15억 2,000~17억 5,000","(4,473~5,150만원/3.3㎡)",0,,,,,,0,,279061,246602,360556,2625452847,강서힐스테이트,매매,"17억 5,000",112,84,15/20,남동향,119동,20260511,역세권 로얄동 로얄층 올수리 완전깨끗,아이파크공인중개사사무소
강서힐스테이트,103305,강서힐스테이트,서울시 강서구 화곡동,강서힐스테이트,서울시 강서구 화곡동,2603,37,20150819,8,21,,259,22,37.546914,126.839257,7,33F,112.34,84.99,25.7,76,300,3,2,계단식,32,"15억 2,000","17억 5,000","15억 2,000~17억 5,000","(4,473~5,150만원/3.3㎡)",0,,,,,,0,,279061,246602,360556,2626766580,강서힐스테이트,매매,"16억 2,000",112,84,중/20,북동향,118동,20260517,"확장형,빠른입주가능.깨끗한집.입주가능",조은아이파크(2601-3300)공인중개사사무소
강서힐스테이트,103305,강서힐스테이트,서울시 강서구 화곡동,강서힐스테이트,서울시 강서구 화곡동,2603,37,20150819,8,21,,259,22,37.546914,126.839257,7,33F,112.34,84.99,25.7,76,300,3,2,계단식,32,"15억 2,000","17억 5,000","15억 2,000~17억 5,000","(4,473~5,150만원/3.3㎡)",0,,,,,,0,,279061,246602,360556,2626886194,강서힐스테이트,매매,"17억 5,000",112,84,고/20,남동향,119동,20260518,"주인거주로 깔끔한 리모델링,트인전망,교통편리,5호선",마곡중앙부동산공인중개사사무소
강서힐스테이트,103305,강서힐스테이트,서울시 강서구 화곡동,강서힐스테이트,서울시 강서구 화곡동,2603,37,20150819,8,21,,259,22,37.546914,126.839257,7,33F,112.34,84.99,25.7,76,300,3,2,계단식,32,"15억 2,000","17억 5,000","15억 2,000~17억 5,000","(4,473~5,150만원/3.3㎡)",0,,,,,,0,,279061,246602,360556,2626639548,강서힐스테이트,매매,"16억 2,000",112,84,중/20,북동향,118동,20260516,"역세권동,확장형.빠른입주가능,인테리어 기간 줄수있는 집.깨끗",조은아이파크(2601-3300)공인중개사사무소
강서힐스테이트,103305,강서힐스테이트,서울시 강서구 화곡동,강서힐스테이트,서울시 강서구 화곡동,2603,37,20150819,8,21,,259,22,37.546914,126.839257,7,33F,112.34,84.99,25.7,76,300,3,2,계단식,32,"15억 2,000","17억 5,000","15억 2,000~17억 5,000","(4,473~5,150만원/3.3㎡)",0,,,,,,0,,279061,246602,360556,2626453830,강서힐스테이트,매매,"16억 2,000",112,84,중/20,동향,118동,20260515,"33역세권동,올확장형,거실조망굿,채광양호",대한(힐스테이트)공인중개사사무소
강서힐스테이트,103305,강서힐스테이트,서울시 강서구 화곡동,강서힐스테이트,서울시 강서구 화곡동,2603,37,20150819,8,21,,259,22,37.546914,126.839257,7,33F,112.34,84.99,25.7,76,300,3,2,계단식,32,"15억 2,000","17억 5,000","15억 2,000~17억 5,000","(4,473~5,150만원/3.3㎡)",0,,,,,,0,,279061,246602,360556,2626566514,강서힐스테이트,매매,"17억 5,000",112,84,고/20,남동향,119동,20260515,특올수리 역세권 뷰 좋음 입주가능,칠성공인중개사사무소
강서힐스테이트,103305,강서힐스테이트,서울시 강서구 화곡동,강서힐스테이트,서울시 강서구 화곡동,2603,37,20150819,8,21,,259,22,37.546914,126.839257,7,33F,112.34,84.99,25.7,76,300,3,2,계단식,32,"15억 2,000","17억 5,000","15억 2,000~17억 5,000","(4,473~5,150만원/3.3㎡)",0,,,,,,0,,279061,246602,360556,2626105106,강서힐스테이트,매매,"16억 2,000",112,84,중/20,북동향,118동,20260513,"역세권, 빠른 입주 가능, 확장형",대림부동산공인중개사사무소
강서힐스테이트,103305,강서힐스테이트,서울시 강서구 화곡동,강서힐스테이트,서울시 강서구 화곡동,2603,37,20150819,8,21,,259,22,37.546914,126.839257,7,33F,112.34,84.99,25.7,76,300,3,2,계단식,32,"15억 2,000","17억 5,000","15억 2,000~17억 5,000","(4,473~5,150만원/3.3㎡)",0,,,,,,0,,279061,246602,360556,2626106783,강서힐스테이트,매매,"17억 5,000",112,84,고/20,남서향,119동,20260513,특올수리 확장 탁트인뷰 럭스리합니다,대림부동산공인중개사사무소
강서힐스테이트,103305,강서힐스테이트,서울시 강서구 화곡동,강서힐스테이트,서울시 강서구 화곡동,2603,37,20150819,8,21,,259,22,37.546914,126.839257,7,33F,112.34,84.99,25.7,76,300,3,2,계단식,32,"15억 2,000","17억 5,000","15억 2,000~17억 5,000","(4,473~5,150만원/3.3㎡)",0,,,,,,0,,279061,246602,360556,2624462324,강서힐스테이트,매매,"17억 5,000",112,84,15/20,남동향,119동,20260506,"로얄층, 리모델링, 타워형, 숲뷰, 주인거주 관리잘된집",주식회사우대빵부동산중개센터 강서지점
강서힐스테이트,103305,강서힐스테이트,서울시 강서구 화곡동,강서힐스테이트,서울시 강서구 화곡동,2603,37,20150819,8,21,,259,22,37.546914,126.839257,7,33F,112.34,84.99,25.7,76,300,3,2,계단식,32,"15억 2,000","17억 5,000","15억 2,000~17억 5,000","(4,473~5,150만원/3.3㎡)",0,,,,,,0,,279061,246602,360556,2625871736,강서힐스테이트,매매,"16억 2,000",112,84,중/20,북동향,118동,20260512,"33, 확장형,빠른입주가능,거실뷰굿,잔금전 인테리어가능",부동산이즈우장산숲아이파크공인중개사사무소
강서힐스테이트,103305,강서힐스테이트,서울시 강서구 화곡동,강서힐스테이트,서울시 강서구 화곡동,2603,37,20150819,8,21,,259,22,37.546914,126.839257,7,33F,112.34,84.99,25.7,76,300,3,2,계단식,32,"15억 2,000","17억 5,000","15억 2,000~17억 5,000","(4,473~5,150만원/3.3㎡)",0,,,,,,0,,279061,246602,360556,2626126184,강서힐스테이트,매매,"16억 2,000",112,84,중/20,북동향,118동,20260513,33ㅍ 방3화2 보안 관리 굿 즉시입주 5호선 우장산역 이용,바오공인중개사사무소
강서힐스테이트,103305,강서힐스테이트,서울시 강서구 화곡동,강서힐스테이트,서울시 강서구 화곡동,2603,37,20150819,8,21,,259,22,37.546914,126.839257,7,33F,112.34,84.99,25.7,76,300,3,2,계단식,32,"15억 2,000","17억 5,000","15억 2,000~17억 5,000","(4,473~5,150만원/3.3㎡)",0,,,,,,0,,279061,246602,360556,2625703642,강서힐스테이트,매매,16억,112,84,저/20,남동향,113동,20260512,역세권 학군단지 로얄동 확장형 시스템에어컨6대 상태좋음 입주협의,주식회사우대빵부동산중개센터 강서지점
강서힐스테이트,103305,강서힐스테이트,서울시 강서구 화곡동,강서힐스테이트,서울시 강서구 화곡동,2603,37,20150819,8,21,,259,22,37.546914,126.839257,7,33F,112.34,84.99,25.7,76,300,3,2,계단식,32,"15억 2,000","17억 5,000","15억 2,000~17억 5,000","(4,473~5,150만원/3.3㎡)",0,,,,,,0,,279061,246602,360556,2625872568,강서힐스테이트,매매,"16억 2,000",112,84,중/20,북동향,118동,20260512,"우장산역로얄동로얄층,엘베2대타워동즉시입주잔금전인테리어가능",마곡씨유공인중개사사무소
강서힐스테이트,103305,강서힐스테이트,서울시 강서구 화곡동,강서힐스테이트,서울시 강서구 화곡동,2603,37,20150819,8,21,,259,22,37.546914,126.839257,7,33F,112.34,84.99,25.7,76,300,3,2,계단식,32,"15억 2,000","17억 5,000","15억 2,000~17억 5,000","(4,473~5,150만원/3.3㎡)",0,,,,,,0,,279061,246602,360556,2625616232,강서힐스테이트,매매,"16억 2,000",112,84,중/20,북동향,118동,20260511,"우장산역세권,빠른입주가,뷰좋음,집구경환영",GO부동산공인중개사사무소
강서힐스테이트,103305,강서힐스테이트,서울시 강서구 화곡동,강서힐스테이트,서울시 강서구 화곡동,2603,37,20150819,8,21,,259,22,37.546914,126.839257,7,33F,112.34,84.99,25.7,76,300,3,2,계단식,32,"15억 2,000","17억 5,000","15억 2,000~17억 5,000","(4,473~5,150만원/3.3㎡)",0,,,,,,0,,279061,246602,360556,2625581873,강서힐스테이트,매매,"16억 2,000",112,84,중/20,북동향,118동,20260511,"우장산역세권,일부수리,빠른입주도가능,잔금전인테리어가능,집구경환영",GO부동산공인중개사사무소
강서힐스테이트,103305,강서힐스테이트,서울시 강서구 화곡동,강서힐스테이트,서울시 강서구 화곡동,2603,37,20150819,8,21,,259,22,37.546914,126.839257,7,33F,112.34,84.99,25.7,76,300,3,2,계단식,32,"15억 2,000","17억 5,000","15억 2,000~17억 5,000","(4,473~5,150만원/3.3㎡)",0,,,,,,0,,279061,246602,360556,2625229489,강서힐스테이트,매매,"17억 5,000",112,84,고/20,남동향,119동,20260509,YL 올수리 로얄동 타워형 고층뷰 입주협의가능,13단지유림공인중개사사무소
강서힐스테이트,103305,강서힐스테이트,서울시 강서구 화곡동,강서힐스테이트,서울시 강서구 화곡동,2603,37,20150819,8,21,,259,22,37.546914,126.839257,7,33F,112.34,84.99,25.7,76,300,3,2,계단식,32,"15억 2,000","17억 5,000","15억 2,000~17억 5,000","(4,473~5,150만원/3.3㎡)",0,,,,,,0,,279061,246602,360556,2624942264,강서힐스테이트,매매,"16억 2,000",112,84,중/20,동향,118동,20260507,M. 돈 모으기 보다 더 중요한 현명하게 집 찾기.,부동산명가공인중개사사무소
강서힐스테이트,103305,강서힐스테이트,서울시 강서구 화곡동,강서힐스테이트,서울시 강서구 화곡동,2603,37,20150819,8,21,,259,22,37.546914,126.839257,7,33F,112.34,84.99,25.7,76,300,3,2,계단식,32,"15억 2,000","17억 5,000","15억 2,000~17억 5,000","(4,473~5,150만원/3.3㎡)",0,,,,,,0,,279061,246602,360556,2625079012,강서힐스테이트,매매,16억,112,84,고/20,북서향,114동,20260508,역세권 확장 완전깨끗 시스템에어컨 상태아주좋아요,우장산대야공인중개사사무소
강서힐스테이트,103305,강서힐스테이트,서울시 강서구 화곡동,강서힐스테이트,서울시 강서구 화곡동,2603,37,20150819,8,21,,259,22,37.546914,126.839257,7,33F,112.34,84.99,25.7,76,300,3,2,계단식,32,"15억 2,000","17억 5,000","15억 2,000~17억 5,000","(4,473~5,150만원/3.3㎡)",0,,,,,,0,,279061,246602,360556,2625614471,강서힐스테이트,매매,"15억 2,000",112,84,저/20,남동향,114동,20260511,"우장산역세권,벗꽃정원뷰,정상입주가,커뮤니티근접,집구경환영",GO부동산공인중개사사무소
강서힐스테이트,103305,강서힐스테이트,서울시 강서구 화곡동,강서힐스테이트,서울시 강서구 화곡동,2603,37,20150819,8,21,,259,22,37.546914,126.839257,7,33F,112.34,84.99,25.7,76,300,3,2,계단식,32,"15억 2,000","17억 5,000","15억 2,000~17억 5,000","(4,473~5,150만원/3.3㎡)",0,,,,,,0,,279061,246602,360556,2623340179,강서힐스테이트,매매,"17억 5,000",112,84,고/20,남동향,119동,20260429,역세권.올수리.올확장.로얄동.뷰좋은집,샘터부동산(02-2658-9898)공인중개사사무소
강서힐스테이트,103305,강서힐스테이트,서울시 강서구 화곡동,강서힐스테이트,서울시 강서구 화곡동,2603,37,20150819,8,21,,259,22,37.546914,126.839257,7,33F,112.34,84.99,25.7,76,300,3,2,계단식,32,"15억 2,000","17억 5,000","15억 2,000~17억 5,000","(4,473~5,150만원/3.3㎡)",0,,,,,,0,,279061,246602,360556,2622721477,강서힐스테이트,매매,"17억 5,000",112,84,고/20,남동향,119동,20260427,소유자 직접 의뢰 특올수리 트인뷰 로얄동 로얄층 입주협의 공동가능,재테크공인중개사사무소
강서힐스테이트,103305,강서힐스테이트,서울시 강서구 화곡동,강서힐스테이트,서울시 강서구 화곡동,2603,37,20150819,8,21,,259,22,37.546914,126.839257,7,33F,112.34,84.99,25.7,76,300,3,2,계단식,32,"15억 2,000","17억 5,000","15억 2,000~17억 5,000","(4,473~5,150만원/3.3㎡)",0,,,,,,0,,279061,246602,360556,2622098511,강서힐스테이트,매매,"17억 5,000",112,84,고/20,남동향,119동,20260423,M. 고층.전망좋고.집도 좋고.아주 좋고고고.,부동산명가공인중개사사무소
강서힐스테이트,103305,강서힐스테이트,서울시 강서구 화곡동,강서힐스테이트,서울시 강서구 화곡동,2603,37,20150819,8,21,,259,22,37.546914,126.839257,7,33F,112.34,84.99,25.7,76,300,3,2,계단식,32,"15억 2,000","17억 5,000","15억 2,000~17억 5,000","(4,473~5,150만원/3.3㎡)",0,,,,,,0,,279061,246602,360556,2622088875,강서힐스테이트,매매,"17억 5,000",112,84,고/20,남동향,119동,20260423,"뷰굿,아주깨끗,거실확장,올수리,입주협의 02.2658.3080",박사공인중개사사무소
강서힐스테이트,103305,강서힐스테이트,서울시 강서구 화곡동,강서힐스테이트,서울시 강서구 화곡동,2603,37,20150819,8,21,,259,22,37.546914,126.839257,5,33D,112.03,84.99,25.7,76,149,3,2,계단식,4,17억,"17억 5,000","17억~17억 5,000","(5,016~5,164만원/3.3㎡)",0,,,,,,0,,279061,246602,360556,2626717180,강서힐스테이트,매매,17억,112,84,중/21,남향,103동,20260516,"편의시설 초 인접,  뻥트인뷰, 관리 상태 최고, 하루종일 햇살 가득",주식회사우대빵부동산중개센터 강서지점
강서힐스테이트,103305,강서힐스테이트,서울시 강서구 화곡동,강서힐스테이트,서울시 강서구 화곡동,2603,37,20150819,8,21,,259,22,37.546914,126.839257,5,33D,112.03,84.99,25.7,76,149,3,2,계단식,4,17억,"17억 5,000","17억~17억 5,000","(5,016~5,164만원/3.3㎡)",0,,,,,,0,,279061,246602,360556,2626452411,강서힐스테이트,매매,17억,112,84,중/21,남향,103동,20260515,"33초역세권남향매물,올확장형,입주매물",대한(힐스테이트)공인중개사사무소
강서힐스테이트,103305,강서힐스테이트,서울시 강서구 화곡동,강서힐스테이트,서울시 강서구 화곡동,2603,37,20150819,8,21,,259,22,37.546914,126.839257,5,33D,112.03,84.99,25.7,76,149,3,2,계단식,4,17억,"17억 5,000","17억~17억 5,000","(5,016~5,164만원/3.3㎡)",0,,,,,,0,,279061,246602,360556,2626420928,강서힐스테이트,매매,17억,112,84,중/21,남향,103동,20260515,"초역세권남향,확장형,입주가능",힐스테이트강서탑공인중개사사무소
강서힐스테이트,103305,강서힐스테이트,서울시 강서구 화곡동,강서힐스테이트,서울시 강서구 화곡동,2603,37,20150819,8,21,,259,22,37.546914,126.839257,5,33D,112.03,84.99,25.7,76,149,3,2,계단식,4,17억,"17억 5,000","17억~17억 5,000","(5,016~5,164만원/3.3㎡)",0,,,,,,0,,279061,246602,360556,2624682273,강서힐스테이트,매매,"17억 5,000",112,84,고/20,남향,127동,20260506,"남향,확장형,천정형에어컨,입주가능",힐스테이트강서탑공인중개사사무소
강서힐스테이트,103305,강서힐스테이트,서울시 강서구 화곡동,강서힐스테이트,서울시 강서구 화곡동,2603,37,20150819,8,21,,259,22,37.546914,126.839257,3,33B,112.22,84.99,25.7,76,46,3,2,계단식,,,,,,,,,,,,,,279061,246602,360556,,,,,,,,,,,,
강서힐스테이트,103305,강서힐스테이트,서울시 강서구 화곡동,강서힐스테이트,서울시 강서구 화곡동,2603,37,20150819,8,21,,259,22,37.546914,126.839257,8,45,151.89,119.63,36.18,79,68,4,2,계단식,1,"16억 8,000","16억 8,000","16억 8,000","(3,656만원/3.3㎡)",0,,,,,,0,,392800,347112,507510,2626635476,강서힐스테이트,매매,"16억 8,000",151,119,저/19,남향,124동,20260516,"정남향,판상형구조,동간거리 넓은동,역세권,올확장형,입주가능",조은아이파크(2601-3300)공인중개사사무소
강서힐스테이트,103305,강서힐스테이트,서울시 강서구 화곡동,강서힐스테이트,서울시 강서구 화곡동,2603,37,20150819,8,21,,259,22,37.546914,126.839257,9,48A,160.67,128.81,38.96,80,338,4,2,계단식,37,17억,18억,17억~18억,"(3,498~3,703만원/3.3㎡)",38,11억,12억,11억~12억,"(2,263~2,469만원/3.3㎡)",61~71%,0,,422942,373749,546454,2626772337,강서힐스테이트,매매,17억,160,128,13/20,남동향,135동,20260518,"48P, 판상형, 확트인뷰, 상태깨끗",청담공인중개사사무소
강서힐스테이트,103305,강서힐스테이트,서울시 강서구 화곡동,강서힐스테이트,서울시 강서구 화곡동,2603,37,20150819,8,21,,259,22,37.546914,126.839257,9,48A,160.67,128.81,38.96,80,338,4,2,계단식,37,17억,18억,17억~18억,"(3,498~3,703만원/3.3㎡)",38,11억,12억,11억~12억,"(2,263~2,469만원/3.3㎡)",61~71%,0,,422942,373749,546454,2626463246,강서힐스테이트,매매,17억,160,128,13/20,남동향,135동,20260515,"48판상형구조,조용한동 채광굿,확장형,관리잘됀 입주매물",대한(힐스테이트)공인중개사사무소
강서힐스테이트,103305,강서힐스테이트,서울시 강서구 화곡동,강서힐스테이트,서울시 강서구 화곡동,2603,37,20150819,8,21,,259,22,37.546914,126.839257,9,48A,160.67,128.81,38.96,80,338,4,2,계단식,37,17억,18억,17억~18억,"(3,498~3,703만원/3.3㎡)",38,11억,12억,11억~12억,"(2,263~2,469만원/3.3㎡)",61~71%,0,,422942,373749,546454,2626442309,강서힐스테이트,매매,17억,160,128,13/20,남동향,135동,20260515,"판상형구조,트인조망,조용한 동,관리잘된집.",우장산신화부동산공인중개사사무소
강서힐스테이트,103305,강서힐스테이트,서울시 강서구 화곡동,강서힐스테이트,서울시 강서구 화곡동,2603,37,20150819,8,21,,259,22,37.546914,126.839257,9,48A,160.67,128.81,38.96,80,338,4,2,계단식,37,17억,18억,17억~18억,"(3,498~3,703만원/3.3㎡)",38,11억,12억,11억~12억,"(2,263~2,469만원/3.3㎡)",61~71%,0,,422942,373749,546454,2626331235,강서힐스테이트,매매,17억,160,128,13/20,남동향,135동,20260514,"판상형,조망최고,조용하고 산책로좋음,입주가능",강서힐사랑공인중개사사무소
강서힐스테이트,103305,강서힐스테이트,서울시 강서구 화곡동,강서힐스테이트,서울시 강서구 화곡동,2603,37,20150819,8,21,,259,22,37.546914,126.839257,9,48A,160.67,128.81,38.96,80,338,4,2,계단식,37,17억,18억,17억~18억,"(3,498~3,703만원/3.3㎡)",38,11억,12억,11억~12억,"(2,263~2,469만원/3.3㎡)",61~71%,0,,422942,373749,546454,2626042788,강서힐스테이트,매매,17억,160,128,13/20,남동향,135동,20260513,판상형구조 탁트인조망  조용한동   일조량 풍부 입주협의,힐스테이트금성공인중개사사무소
강서힐스테이트,103305,강서힐스테이트,서울시 강서구 화곡동,강서힐스테이트,서울시 강서구 화곡동,2603,37,20150819,8,21,,259,22,37.546914,126.839257,9,48A,160.67,128.81,38.96,80,338,4,2,계단식,37,17억,18억,17억~18억,"(3,498~3,703만원/3.3㎡)",38,11억,12억,11억~12억,"(2,263~2,469만원/3.3㎡)",61~71%,0,,422942,373749,546454,2626840428,강서힐스테이트,매매,17억,160,128,중/20,동향,135동,20260518,"시원하게 뚫린 전망,판상형,입주가능",힐스테이트강서탑공인중개사사무소
강서힐스테이트,103305,강서힐스테이트,서울시 강서구 화곡동,강서힐스테이트,서울시 강서구 화곡동,2603,37,20150819,8,21,,259,22,37.546914,126.839257,9,48A,160.67,128.81,38.96,80,338,4,2,계단식,37,17억,18억,17억~18억,"(3,498~3,703만원/3.3㎡)",38,11억,12억,11억~12억,"(2,263~2,469만원/3.3㎡)",61~71%,0,,422942,373749,546454,2626829131,강서힐스테이트,매매,"17억 5,000",160,128,고/18,남향,121동,20260518,"남향,확장형,전세입자거주",힐스테이트강서탑공인중개사사무소
강서힐스테이트,103305,강서힐스테이트,서울시 강서구 화곡동,강서힐스테이트,서울시 강서구 화곡동,2603,37,20150819,8,21,,259,22,37.546914,126.839257,9,48A,160.67,128.81,38.96,80,338,4,2,계단식,37,17억,18억,17억~18억,"(3,498~3,703만원/3.3㎡)",38,11억,12억,11억~12억,"(2,263~2,469만원/3.3㎡)",61~71%,0,,422942,373749,546454,2626766611,강서힐스테이트,매매,17억,160,128,중/20,남동향,135동,20260517,"파노라마 뷰 맛집 ,프리미엄가치,초등학교 근접동,판상형구조",조은아이파크(2601-3300)공인중개사사무소
강서힐스테이트,103305,강서힐스테이트,서울시 강서구 화곡동,강서힐스테이트,서울시 강서구 화곡동,2603,37,20150819,8,21,,259,22,37.546914,126.839257,9,48A,160.67,128.81,38.96,80,338,4,2,계단식,37,17억,18억,17억~18억,"(3,498~3,703만원/3.3㎡)",38,11억,12억,11억~12억,"(2,263~2,469만원/3.3㎡)",61~71%,0,,422942,373749,546454,2626640924,강서힐스테이트,매매,17억,160,128,중/20,남동향,135동,20260516,"탁트인 전망과 조용한 동 원하는 분 추천매물,풍부한 일조량,맞통풍 구조",조은아이파크(2601-3300)공인중개사사무소
강서힐스테이트,103305,강서힐스테이트,서울시 강서구 화곡동,강서힐스테이트,서울시 강서구 화곡동,2603,37,20150819,8,21,,259,22,37.546914,126.839257,9,48A,160.67,128.81,38.96,80,338,4,2,계단식,37,17억,18억,17억~18억,"(3,498~3,703만원/3.3㎡)",38,11억,12억,11억~12억,"(2,263~2,469만원/3.3㎡)",61~71%,0,,422942,373749,546454,2626588615,강서힐스테이트,매매,17억,160,128,저/19,남향,111동,20260515,48P 역세권 구조좋은 판상형 올확장 관리 아주 잘된 집 입주정상,우장산단지공인중개사사무소
강서힐스테이트,103305,강서힐스테이트,서울시 강서구 화곡동,강서힐스테이트,서울시 강서구 화곡동,2603,37,20150819,8,21,,259,22,37.546914,126.839257,9,48A,160.67,128.81,38.96,80,338,4,2,계단식,37,17억,18억,17억~18억,"(3,498~3,703만원/3.3㎡)",38,11억,12억,11억~12억,"(2,263~2,469만원/3.3㎡)",61~71%,0,,422942,373749,546454,2626446622,강서힐스테이트,매매,"17억 5,000",160,128,고/18,남향,121동,20260515,인기타입  확장형  상태최상  채광통풍굿  입주협의,우장산신화부동산공인중개사사무소
강서힐스테이트,103305,강서힐스테이트,서울시 강서구 화곡동,강서힐스테이트,서울시 강서구 화곡동,2603,37,20150819,8,21,,259,22,37.546914,126.839257,9,48A,160.67,128.81,38.96,80,338,4,2,계단식,37,17억,18억,17억~18억,"(3,498~3,703만원/3.3㎡)",38,11억,12억,11억~12억,"(2,263~2,469만원/3.3㎡)",61~71%,0,,422942,373749,546454,2626314912,강서힐스테이트,매매,17억,160,128,저/19,남향,111동,20260514,"초역세권,판상형  올확장,완전깨끗합니다.",대림부동산공인중개사사무소
강서힐스테이트,103305,강서힐스테이트,서울시 강서구 화곡동,강서힐스테이트,서울시 강서구 화곡동,2603,37,20150819,8,21,,259,22,37.546914,126.839257,9,48A,160.67,128.81,38.96,80,338,4,2,계단식,37,17억,18억,17억~18억,"(3,498~3,703만원/3.3㎡)",38,11억,12억,11억~12억,"(2,263~2,469만원/3.3㎡)",61~71%,0,,422942,373749,546454,2626314813,강서힐스테이트,매매,17억,160,128,중/20,남동향,135동,20260514,"트윈 뷰, 판상형, 관리 잘된 집",대림부동산공인중개사사무소
강서힐스테이트,103305,강서힐스테이트,서울시 강서구 화곡동,강서힐스테이트,서울시 강서구 화곡동,2603,37,20150819,8,21,,259,22,37.546914,126.839257,9,48A,160.67,128.81,38.96,80,338,4,2,계단식,37,17억,18억,17억~18억,"(3,498~3,703만원/3.3㎡)",38,11억,12억,11억~12억,"(2,263~2,469만원/3.3㎡)",61~71%,0,,422942,373749,546454,2626130004,강서힐스테이트,매매,17억,160,128,중/20,남동향,135동,20260514,"48A타입,인기좋은 판상형, 초입동, 시원시원한뷰,전망굿 ,비확장",GO부동산공인중개사사무소
강서힐스테이트,103305,강서힐스테이트,서울시 강서구 화곡동,강서힐스테이트,서울시 강서구 화곡동,2603,37,20150819,8,21,,259,22,37.546914,126.839257,9,48A,160.67,128.81,38.96,80,338,4,2,계단식,37,17억,18억,17억~18억,"(3,498~3,703만원/3.3㎡)",38,11억,12억,11억~12억,"(2,263~2,469만원/3.3㎡)",61~71%,0,,422942,373749,546454,2626043815,강서힐스테이트,매매,17억,160,128,저/19,남향,111동,20260513,48P. 초역세권  정남향   확장형  관리잘된집  입주가능,힐스테이트금성공인중개사사무소
강서힐스테이트,103305,강서힐스테이트,서울시 강서구 화곡동,강서힐스테이트,서울시 강서구 화곡동,2603,37,20150819,8,21,,259,22,37.546914,126.839257,9,48A,160.67,128.81,38.96,80,338,4,2,계단식,37,17억,18억,17억~18억,"(3,498~3,703만원/3.3㎡)",38,11억,12억,11억~12억,"(2,263~2,469만원/3.3㎡)",61~71%,0,,422942,373749,546454,2626766607,강서힐스테이트,매매,"17억 5,000",160,128,고/18,남향,116동,20260518,"역세권로얄매물,고층,엄청밝은집,확장형,집상태완전깨끗,입주가",조은아이파크(2601-3300)공인중개사사무소
강서힐스테이트,103305,강서힐스테이트,서울시 강서구 화곡동,강서힐스테이트,서울시 강서구 화곡동,2603,37,20150819,8,21,,259,22,37.546914,126.839257,9,48A,160.67,128.81,38.96,80,338,4,2,계단식,37,17억,18억,17억~18억,"(3,498~3,703만원/3.3㎡)",38,11억,12억,11억~12억,"(2,263~2,469만원/3.3㎡)",61~71%,0,,422942,373749,546454,2625580697,강서힐스테이트,매매,17억,160,128,중/20,남동향,135동,20260511,"판상형,우장초근접동,집구경환영, 48A,비확장",GO부동산공인중개사사무소
강서힐스테이트,103305,강서힐스테이트,서울시 강서구 화곡동,강서힐스테이트,서울시 강서구 화곡동,2603,37,20150819,8,21,,259,22,37.546914,126.839257,9,48A,160.67,128.81,38.96,80,338,4,2,계단식,37,17억,18억,17억~18억,"(3,498~3,703만원/3.3㎡)",38,11억,12억,11억~12억,"(2,263~2,469만원/3.3㎡)",61~71%,0,,422942,373749,546454,2624168197,강서힐스테이트,매매,17억,160,128,13/20,남동향,135동,20260504,"판상형,  전망트여있어요, 조용한동입니다",강서현대공인중개사사무소
강서힐스테이트,103305,강서힐스테이트,서울시 강서구 화곡동,강서힐스테이트,서울시 강서구 화곡동,2603,37,20150819,8,21,,259,22,37.546914,126.839257,9,48A,160.67,128.81,38.96,80,338,4,2,계단식,37,17억,18억,17억~18억,"(3,498~3,703만원/3.3㎡)",38,11억,12억,11억~12억,"(2,263~2,469만원/3.3㎡)",61~71%,0,,422942,373749,546454,2625294902,강서힐스테이트,매매,17억,160,128,저/19,남향,111동,20260509,"48역세권,남향,확장형,입주매물",대한(힐스테이트)공인중개사사무소
강서힐스테이트,103305,강서힐스테이트,서울시 강서구 화곡동,강서힐스테이트,서울시 강서구 화곡동,2603,37,20150819,8,21,,259,22,37.546914,126.839257,9,48A,160.67,128.81,38.96,80,338,4,2,계단식,37,17억,18억,17억~18억,"(3,498~3,703만원/3.3㎡)",38,11억,12억,11억~12억,"(2,263~2,469만원/3.3㎡)",61~71%,0,,422942,373749,546454,2626812877,강서힐스테이트,매매,"17억 5,000",160,128,중/18,남향,116동,20260518,남향 역세권 로얄동 확장,아이파크공인중개사사무소
강서힐스테이트,103305,강서힐스테이트,서울시 강서구 화곡동,강서힐스테이트,서울시 강서구 화곡동,2603,37,20150819,8,21,,259,22,37.546914,126.839257,9,48A,160.67,128.81,38.96,80,338,4,2,계단식,37,17억,18억,17억~18억,"(3,498~3,703만원/3.3㎡)",38,11억,12억,11억~12억,"(2,263~2,469만원/3.3㎡)",61~71%,0,,422942,373749,546454,2623654705,강서힐스테이트,매매,17억,160,128,13/20,남동향,135동,20260430,"판상형,뻥뷰,입주일 협의",삼성공인중개사사무소
강서힐스테이트,103305,강서힐스테이트,서울시 강서구 화곡동,강서힐스테이트,서울시 강서구 화곡동,2603,37,20150819,8,21,,259,22,37.546914,126.839257,9,48A,160.67,128.81,38.96,80,338,4,2,계단식,37,17억,18억,17억~18억,"(3,498~3,703만원/3.3㎡)",38,11억,12억,11억~12억,"(2,263~2,469만원/3.3㎡)",61~71%,0,,422942,373749,546454,2626275775,강서힐스테이트,매매,"17억 5,000",160,128,중/18,남향,116동,20260514,"48p,판상형 역세권 남향 관리 잘된집",칠성공인중개사사무소
강서힐스테이트,103305,강서힐스테이트,서울시 강서구 화곡동,강서힐스테이트,서울시 강서구 화곡동,2603,37,20150819,8,21,,259,22,37.546914,126.839257,9,48A,160.67,128.81,38.96,80,338,4,2,계단식,37,17억,18억,17억~18억,"(3,498~3,703만원/3.3㎡)",38,11억,12억,11억~12억,"(2,263~2,469만원/3.3㎡)",61~71%,0,,422942,373749,546454,2625968865,강서힐스테이트,매매,"17억 5,000",160,128,중/18,남향,116동,20260513,,힐스테이트강서탑공인중개사사무소
강서힐스테이트,103305,강서힐스테이트,서울시 강서구 화곡동,강서힐스테이트,서울시 강서구 화곡동,2603,37,20150819,8,21,,259,22,37.546914,126.839257,9,48A,160.67,128.81,38.96,80,338,4,2,계단식,37,17억,18억,17억~18억,"(3,498~3,703만원/3.3㎡)",38,11억,12억,11억~12억,"(2,263~2,469만원/3.3㎡)",61~71%,0,,422942,373749,546454,2625876715,강서힐스테이트,매매,"17억 5,000",160,128,중/18,남향,116동,20260512,"역세권, 정남향, 판상형, 확장형, 상태깨끗, 입주가",청담공인중개사사무소
강서힐스테이트,103305,강서힐스테이트,서울시 강서구 화곡동,강서힐스테이트,서울시 강서구 화곡동,2603,37,20150819,8,21,,259,22,37.546914,126.839257,9,48A,160.67,128.81,38.96,80,338,4,2,계단식,37,17억,18억,17억~18억,"(3,498~3,703만원/3.3㎡)",38,11억,12억,11억~12억,"(2,263~2,469만원/3.3㎡)",61~71%,0,,422942,373749,546454,2625876328,강서힐스테이트,매매,"17억 5,000",160,128,중/18,남향,116동,20260512,"48역세권동,판상형구조,올확장형,내부상태굿,입주협의",대한(힐스테이트)공인중개사사무소
강서힐스테이트,103305,강서힐스테이트,서울시 강서구 화곡동,강서힐스테이트,서울시 강서구 화곡동,2603,37,20150819,8,21,,259,22,37.546914,126.839257,9,48A,160.67,128.81,38.96,80,338,4,2,계단식,37,17억,18억,17억~18억,"(3,498~3,703만원/3.3㎡)",38,11억,12억,11억~12억,"(2,263~2,469만원/3.3㎡)",61~71%,0,,422942,373749,546454,2623716500,강서힐스테이트,매매,17억,160,128,저/19,남향,111동,20260501,"48 초역세권, 정남향, 올확장, 판상형, 상태깨끗",청담공인중개사사무소
강서힐스테이트,103305,강서힐스테이트,서울시 강서구 화곡동,강서힐스테이트,서울시 강서구 화곡동,2603,37,20150819,8,21,,259,22,37.546914,126.839257,9,48A,160.67,128.81,38.96,80,338,4,2,계단식,37,17억,18억,17억~18억,"(3,498~3,703만원/3.3㎡)",38,11억,12억,11억~12억,"(2,263~2,469만원/3.3㎡)",61~71%,0,,422942,373749,546454,2625439244,강서힐스테이트,매매,"17억 5,000",160,128,중/18,남향,116동,20260511,"역세권, 입주가능 매물, 확장형",강서현대공인중개사사무소
강서힐스테이트,103305,강서힐스테이트,서울시 강서구 화곡동,강서힐스테이트,서울시 강서구 화곡동,2603,37,20150819,8,21,,259,22,37.546914,126.839257,9,48A,160.67,128.81,38.96,80,338,4,2,계단식,37,17억,18억,17억~18억,"(3,498~3,703만원/3.3㎡)",38,11억,12억,11억~12억,"(2,263~2,469만원/3.3㎡)",61~71%,0,,422942,373749,546454,2623324723,강서힐스테이트,매매,17억,160,128,중/20,남동향,135동,20260429,"48P,정원뷰, 전망이 좋음. 관리 잘 된 집,입주가능",혜성공인중개사사무소
강서힐스테이트,103305,강서힐스테이트,서울시 강서구 화곡동,강서힐스테이트,서울시 강서구 화곡동,2603,37,20150819,8,21,,259,22,37.546914,126.839257,9,48A,160.67,128.81,38.96,80,338,4,2,계단식,37,17억,18억,17억~18억,"(3,498~3,703만원/3.3㎡)",38,11억,12억,11억~12억,"(2,263~2,469만원/3.3㎡)",61~71%,0,,422942,373749,546454,2621988029,강서힐스테이트,매매,17억,160,128,저/19,남향,111동,20260423,"48p,정남향 올확장 입주협의",칠성공인중개사사무소
강서힐스테이트,103305,강서힐스테이트,서울시 강서구 화곡동,강서힐스테이트,서울시 강서구 화곡동,2603,37,20150819,8,21,,259,22,37.546914,126.839257,9,48A,160.67,128.81,38.96,80,338,4,2,계단식,37,17억,18억,17억~18억,"(3,498~3,703만원/3.3㎡)",38,11억,12억,11억~12억,"(2,263~2,469만원/3.3㎡)",61~71%,0,,422942,373749,546454,2624213391,강서힐스테이트,매매,17억,160,128,중/20,남동향,135동,20260504,판상형 트인전망 조용한동,조은공인중개사사무소
강서힐스테이트,103305,강서힐스테이트,서울시 강서구 화곡동,강서힐스테이트,서울시 강서구 화곡동,2603,37,20150819,8,21,,259,22,37.546914,126.839257,9,48A,160.67,128.81,38.96,80,338,4,2,계단식,37,17억,18억,17억~18억,"(3,498~3,703만원/3.3㎡)",38,11억,12억,11억~12억,"(2,263~2,469만원/3.3㎡)",61~71%,0,,422942,373749,546454,2621872019,강서힐스테이트,매매,18억,160,128,저/19,남향,111동,20260422,인기동 초록뷰가 이쁜집 올확장  입주협의,우장산신화부동산공인중개사사무소
강서힐스테이트,103305,강서힐스테이트,서울시 강서구 화곡동,강서힐스테이트,서울시 강서구 화곡동,2603,37,20150819,8,21,,259,22,37.546914,126.839257,9,48A,160.67,128.81,38.96,80,338,4,2,계단식,37,17억,18억,17억~18억,"(3,498~3,703만원/3.3㎡)",38,11억,12억,11억~12억,"(2,263~2,469만원/3.3㎡)",61~71%,0,,422942,373749,546454,2623713699,강서힐스테이트,매매,17억,160,128,중/20,남향,135동,20260502,,칠성공인중개사사무소
강서힐스테이트,103305,강서힐스테이트,서울시 강서구 화곡동,강서힐스테이트,서울시 강서구 화곡동,2603,37,20150819,8,21,,259,22,37.546914,126.839257,9,48A,160.67,128.81,38.96,80,338,4,2,계단식,37,17억,18억,17억~18억,"(3,498~3,703만원/3.3㎡)",38,11억,12억,11억~12억,"(2,263~2,469만원/3.3㎡)",61~71%,0,,422942,373749,546454,2623601868,강서힐스테이트,매매,"17억 5,000",160,128,고/18,남향,116동,20260430,"48역세권동,판상형,남향,올확장형,채광굿,관리잘됀집,입주협의",대한(힐스테이트)공인중개사사무소
강서힐스테이트,103305,강서힐스테이트,서울시 강서구 화곡동,강서힐스테이트,서울시 강서구 화곡동,2603,37,20150819,8,21,,259,22,37.546914,126.839257,9,48A,160.67,128.81,38.96,80,338,4,2,계단식,37,17억,18억,17억~18억,"(3,498~3,703만원/3.3㎡)",38,11억,12억,11억~12억,"(2,263~2,469만원/3.3㎡)",61~71%,0,,422942,373749,546454,2623426832,강서힐스테이트,매매,"17억 3,000",160,128,고/20,남향,125동,20260430,남향 조망좋음 로열매물,양지공인중개사사무소
강서힐스테이트,103305,강서힐스테이트,서울시 강서구 화곡동,강서힐스테이트,서울시 강서구 화곡동,2603,37,20150819,8,21,,259,22,37.546914,126.839257,9,48A,160.67,128.81,38.96,80,338,4,2,계단식,37,17억,18억,17억~18억,"(3,498~3,703만원/3.3㎡)",38,11억,12억,11억~12억,"(2,263~2,469만원/3.3㎡)",61~71%,0,,422942,373749,546454,2626343926,강서힐스테이트,매매,17억,160,128,중/20,남동향,135동,20260514,,칠성공인중개사사무소
강서힐스테이트,103305,강서힐스테이트,서울시 강서구 화곡동,강서힐스테이트,서울시 강서구 화곡동,2603,37,20150819,8,21,,259,22,37.546914,126.839257,9,48A,160.67,128.81,38.96,80,338,4,2,계단식,37,17억,18억,17억~18억,"(3,498~3,703만원/3.3㎡)",38,11억,12억,11억~12억,"(2,263~2,469만원/3.3㎡)",61~71%,0,,422942,373749,546454,2625651947,강서힐스테이트,매매,"17억 5,000",160,128,중/18,남향,116동,20260511,,칠성공인중개사사무소
강서힐스테이트,103305,강서힐스테이트,서울시 강서구 화곡동,강서힐스테이트,서울시 강서구 화곡동,2603,37,20150819,8,21,,259,22,37.546914,126.839257,9,48A,160.67,128.81,38.96,80,338,4,2,계단식,37,17억,18억,17억~18억,"(3,498~3,703만원/3.3㎡)",38,11억,12억,11억~12억,"(2,263~2,469만원/3.3㎡)",61~71%,0,,422942,373749,546454,2623495788,강서힐스테이트,매매,17억,160,128,중/20,남동향,135동,20260430,"판상형,뻥뷰,입주일협의",삼성공인중개사사무소
강서힐스테이트,103305,강서힐스테이트,서울시 강서구 화곡동,강서힐스테이트,서울시 강서구 화곡동,2603,37,20150819,8,21,,259,22,37.546914,126.839257,13,48E,160.26,128.81,38.96,80,148,4,2,계단식,15,"17억 2,000",18억,"17억 2,000~18억","(3,548~3,713만원/3.3㎡)",0,,,,,,0,,422942,373749,546454,2626600788,강서힐스테이트,매매,"17억 5,000",160,128,18/19,남서향,128동,20260516,"48P, 로얄층, 시스템에어컨, 올확장, 입주가",청담공인중개사사무소
강서힐스테이트,103305,강서힐스테이트,서울시 강서구 화곡동,강서힐스테이트,서울시 강서구 화곡동,2603,37,20150819,8,21,,259,22,37.546914,126.839257,13,48E,160.26,128.81,38.96,80,148,4,2,계단식,15,"17억 2,000",18억,"17억 2,000~18억","(3,548~3,713만원/3.3㎡)",0,,,,,,0,,422942,373749,546454,2625752913,강서힐스테이트,매매,"17억 5,000",160,128,18/19,남서향,128동,20260512,올확장형 씨스템에어컨7대 앞트임조망굿 일조량풍부 컨디션굿,푸르지오(단지내)공인중개사사무소
강서힐스테이트,103305,강서힐스테이트,서울시 강서구 화곡동,강서힐스테이트,서울시 강서구 화곡동,2603,37,20150819,8,21,,259,22,37.546914,126.839257,13,48E,160.26,128.81,38.96,80,148,4,2,계단식,15,"17억 2,000",18억,"17억 2,000~18억","(3,548~3,713만원/3.3㎡)",0,,,,,,0,,422942,373749,546454,2626635487,강서힐스테이트,매매,"17억 5,000",160,128,고/19,남서향,128동,20260516,"단지정원조망,입주가능,확장,시스템에어컨풀설치.햇볕잘들고,조용한동",조은아이파크(2601-3300)공인중개사사무소
강서힐스테이트,103305,강서힐스테이트,서울시 강서구 화곡동,강서힐스테이트,서울시 강서구 화곡동,2603,37,20150819,8,21,,259,22,37.546914,126.839257,13,48E,160.26,128.81,38.96,80,148,4,2,계단식,15,"17억 2,000",18억,"17억 2,000~18억","(3,548~3,713만원/3.3㎡)",0,,,,,,0,,422942,373749,546454,2626608840,강서힐스테이트,매매,"17억 5,000",160,128,중/17,남서향,126동,20260516,"관리최고, 햇살가득, 올확장형, 시스템에어컨6대",주식회사우대빵부동산중개센터 강서지점
강서힐스테이트,103305,강서힐스테이트,서울시 강서구 화곡동,강서힐스테이트,서울시 강서구 화곡동,2603,37,20150819,8,21,,259,22,37.546914,126.839257,13,48E,160.26,128.81,38.96,80,148,4,2,계단식,15,"17억 2,000",18억,"17억 2,000~18억","(3,548~3,713만원/3.3㎡)",0,,,,,,0,,422942,373749,546454,2626418766,강서힐스테이트,매매,"17억 5,000",160,128,고/19,남향,128동,20260515,"남향.확장형,천정형에어컨,입주가능",힐스테이트강서탑공인중개사사무소
강서힐스테이트,103305,강서힐스테이트,서울시 강서구 화곡동,강서힐스테이트,서울시 강서구 화곡동,2603,37,20150819,8,21,,259,22,37.546914,126.839257,13,48E,160.26,128.81,38.96,80,148,4,2,계단식,15,"17억 2,000",18억,"17억 2,000~18억","(3,548~3,713만원/3.3㎡)",0,,,,,,0,,422942,373749,546454,2625802544,강서힐스테이트,매매,"17억 5,000",160,128,고/19,남향,128동,20260512,"확장,시스템에어컨,조망굿,입주가능,상태양호",삼성공인중개사사무소
강서힐스테이트,103305,강서힐스테이트,서울시 강서구 화곡동,강서힐스테이트,서울시 강서구 화곡동,2603,37,20150819,8,21,,259,22,37.546914,126.839257,13,48E,160.26,128.81,38.96,80,148,4,2,계단식,15,"17억 2,000",18억,"17억 2,000~18억","(3,548~3,713만원/3.3㎡)",0,,,,,,0,,422942,373749,546454,2625898543,강서힐스테이트,매매,"17억 2,000",160,128,고/21,남향,103동,20260512,"초역세권, 판상형, 뻥 트인뷰, 세안고",대림부동산공인중개사사무소
강서힐스테이트,103305,강서힐스테이트,서울시 강서구 화곡동,강서힐스테이트,서울시 강서구 화곡동,2603,37,20150819,8,21,,259,22,37.546914,126.839257,13,48E,160.26,128.81,38.96,80,148,4,2,계단식,15,"17억 2,000",18억,"17억 2,000~18억","(3,548~3,713만원/3.3㎡)",0,,,,,,0,,422942,373749,546454,2625825769,강서힐스테이트,매매,"17억 5,000",160,128,고/19,남서향,128동,20260512,"올확장형,천정형에컨유,완전 트인 조망, 채광, 상태 좋은 집",대림부동산공인중개사사무소
강서힐스테이트,103305,강서힐스테이트,서울시 강서구 화곡동,강서힐스테이트,서울시 강서구 화곡동,2603,37,20150819,8,21,,259,22,37.546914,126.839257,13,48E,160.26,128.81,38.96,80,148,4,2,계단식,15,"17억 2,000",18억,"17억 2,000~18억","(3,548~3,713만원/3.3㎡)",0,,,,,,0,,422942,373749,546454,2625361157,강서힐스테이트,매매,"17억 5,000",160,128,고/19,남향,128동,20260509,"48추천,거실조망굿,확장형,시스템에어컨유,관리아주잘됀집,입주매물",대한(힐스테이트)공인중개사사무소
강서힐스테이트,103305,강서힐스테이트,서울시 강서구 화곡동,강서힐스테이트,서울시 강서구 화곡동,2603,37,20150819,8,21,,259,22,37.546914,126.839257,13,48E,160.26,128.81,38.96,80,148,4,2,계단식,15,"17억 2,000",18억,"17억 2,000~18억","(3,548~3,713만원/3.3㎡)",0,,,,,,0,,422942,373749,546454,2626079394,강서힐스테이트,매매,"17억 5,000",160,128,고/19,남향,128동,20260513,방확장  조망좋고 조용해요 상태최고  입주협의,우장산신화부동산공인중개사사무소
강서힐스테이트,103305,강서힐스테이트,서울시 강서구 화곡동,강서힐스테이트,서울시 강서구 화곡동,2603,37,20150819,8,21,,259,22,37.546914,126.839257,13,48E,160.26,128.81,38.96,80,148,4,2,계단식,15,"17억 2,000",18억,"17억 2,000~18억","(3,548~3,713만원/3.3㎡)",0,,,,,,0,,422942,373749,546454,2625891530,강서힐스테이트,매매,"17억 8,000",160,128,고/20,남향,127동,20260512,"48판상형구조,탁트인조망권,주인거주로 컨디션좋아요",대한(힐스테이트)공인중개사사무소
강서힐스테이트,103305,강서힐스테이트,서울시 강서구 화곡동,강서힐스테이트,서울시 강서구 화곡동,2603,37,20150819,8,21,,259,22,37.546914,126.839257,13,48E,160.26,128.81,38.96,80,148,4,2,계단식,15,"17억 2,000",18억,"17억 2,000~18억","(3,548~3,713만원/3.3㎡)",0,,,,,,0,,422942,373749,546454,2625632702,강서힐스테이트,매매,"17억 5,000",160,128,고/19,남서향,128동,20260511,48p 시스템 에어컨 올확장  동간거리좋음 일조량 풍부,칠성공인중개사사무소
강서힐스테이트,103305,강서힐스테이트,서울시 강서구 화곡동,강서힐스테이트,서울시 강서구 화곡동,2603,37,20150819,8,21,,259,22,37.546914,126.839257,13,48E,160.26,128.81,38.96,80,148,4,2,계단식,15,"17억 2,000",18억,"17억 2,000~18억","(3,548~3,713만원/3.3㎡)",0,,,,,,0,,422942,373749,546454,2625580432,강서힐스테이트,매매,"17억 8,000",160,128,고/20,남동향,127동,20260511,"48p. 시원하고 뚫린 뷰, 집주인거주",GO부동산공인중개사사무소
강서힐스테이트,103305,강서힐스테이트,서울시 강서구 화곡동,강서힐스테이트,서울시 강서구 화곡동,2603,37,20150819,8,21,,259,22,37.546914,126.839257,13,48E,160.26,128.81,38.96,80,148,4,2,계단식,15,"17억 2,000",18억,"17억 2,000~18억","(3,548~3,713만원/3.3㎡)",0,,,,,,0,,422942,373749,546454,2625614066,강서힐스테이트,매매,"17억 8,000",160,128,고/20,남동향,127동,20260511,"48p. 시원하고 뚫린 뷰, 집주인거주",GO부동산공인중개사사무소
강서힐스테이트,103305,강서힐스테이트,서울시 강서구 화곡동,강서힐스테이트,서울시 강서구 화곡동,2603,37,20150819,8,21,,259,22,37.546914,126.839257,13,48E,160.26,128.81,38.96,80,148,4,2,계단식,15,"17억 2,000",18억,"17억 2,000~18억","(3,548~3,713만원/3.3㎡)",0,,,,,,0,,422942,373749,546454,2624955839,강서힐스테이트,매매,18억,160,128,고/21,남향,103동,20260508,"올확장형, 천정형 에어컨, 역세 가까운 동",대림부동산공인중개사사무소
강서힐스테이트,103305,강서힐스테이트,서울시 강서구 화곡동,강서힐스테이트,서울시 강서구 화곡동,2603,37,20150819,8,21,,259,22,37.546914,126.839257,10,48B,161.34,128.81,38.96,80,177,4,2,계단식,19,"16억 8,000",19억,"16억 8,000~19억","(3,442~3,893만원/3.3㎡)",0,,,,,,0,,422942,373749,546454,2626772334,강서힐스테이트,매매,17억,161,128,7/19,남향,133동,20260518,"추천, 남향, 확장형, 전망트여  환한집, 입주가능",청담공인중개사사무소
강서힐스테이트,103305,강서힐스테이트,서울시 강서구 화곡동,강서힐스테이트,서울시 강서구 화곡동,2603,37,20150819,8,21,,259,22,37.546914,126.839257,10,48B,161.34,128.81,38.96,80,177,4,2,계단식,19,"16억 8,000",19억,"16억 8,000~19억","(3,442~3,893만원/3.3㎡)",0,,,,,,0,,422942,373749,546454,2626817848,강서힐스테이트,매매,17억,161,128,7/19,남동향,133동,20260518,확트인뷰 확장 입주가 전망좋고 깨끗해요,아이파크공인중개사사무소
강서힐스테이트,103305,강서힐스테이트,서울시 강서구 화곡동,강서힐스테이트,서울시 강서구 화곡동,2603,37,20150819,8,21,,259,22,37.546914,126.839257,10,48B,161.34,128.81,38.96,80,177,4,2,계단식,19,"16억 8,000",19억,"16억 8,000~19억","(3,442~3,893만원/3.3㎡)",0,,,,,,0,,422942,373749,546454,2626835197,강서힐스테이트,매매,17억,161,128,중/19,남향,133동,20260518,"확트인뷰,남향,확장형,입주가능",힐스테이트강서탑공인중개사사무소
강서힐스테이트,103305,강서힐스테이트,서울시 강서구 화곡동,강서힐스테이트,서울시 강서구 화곡동,2603,37,20150819,8,21,,259,22,37.546914,126.839257,10,48B,161.34,128.81,38.96,80,177,4,2,계단식,19,"16억 8,000",19억,"16억 8,000~19억","(3,442~3,893만원/3.3㎡)",0,,,,,,0,,422942,373749,546454,2626766594,강서힐스테이트,매매,"17억 5,000",161,128,중/19,남향,133동,20260517,"남향,탁틔인전망,확장,엄청밝은집,완전깨끗,입주가",조은아이파크(2601-3300)공인중개사사무소
강서힐스테이트,103305,강서힐스테이트,서울시 강서구 화곡동,강서힐스테이트,서울시 강서구 화곡동,2603,37,20150819,8,21,,259,22,37.546914,126.839257,10,48B,161.34,128.81,38.96,80,177,4,2,계단식,19,"16억 8,000",19억,"16억 8,000~19억","(3,442~3,893만원/3.3㎡)",0,,,,,,0,,422942,373749,546454,2626766598,강서힐스테이트,매매,17억,161,128,중/19,남향,133동,20260517,"남향,막힘없는뷰,하루종일밝은집,확장,집상태굿,이사일자편하게협의가능",조은아이파크(2601-3300)공인중개사사무소
강서힐스테이트,103305,강서힐스테이트,서울시 강서구 화곡동,강서힐스테이트,서울시 강서구 화곡동,2603,37,20150819,8,21,,259,22,37.546914,126.839257,10,48B,161.34,128.81,38.96,80,177,4,2,계단식,19,"16억 8,000",19억,"16억 8,000~19억","(3,442~3,893만원/3.3㎡)",0,,,,,,0,,422942,373749,546454,2626636772,강서힐스테이트,매매,"17억 5,000",161,128,중/19,남동향,133동,20260516,"막힘없는 영구 조망,올확장,입주가능,채광 가득한집,내부상태 좋음",조은아이파크(2601-3300)공인중개사사무소
강서힐스테이트,103305,강서힐스테이트,서울시 강서구 화곡동,강서힐스테이트,서울시 강서구 화곡동,2603,37,20150819,8,21,,259,22,37.546914,126.839257,10,48B,161.34,128.81,38.96,80,177,4,2,계단식,19,"16억 8,000",19억,"16억 8,000~19억","(3,442~3,893만원/3.3㎡)",0,,,,,,0,,422942,373749,546454,2626634974,강서힐스테이트,매매,17억,161,128,중/19,남향,133동,20260516,"48추천매물,남향,탁틔인전망,엄청밝은집,빠른입주가능",조은아이파크(2601-3300)공인중개사사무소
강서힐스테이트,103305,강서힐스테이트,서울시 강서구 화곡동,강서힐스테이트,서울시 강서구 화곡동,2603,37,20150819,8,21,,259,22,37.546914,126.839257,10,48B,161.34,128.81,38.96,80,177,4,2,계단식,19,"16억 8,000",19억,"16억 8,000~19억","(3,442~3,893만원/3.3㎡)",0,,,,,,0,,422942,373749,546454,2625296136,강서힐스테이트,매매,17억,161,128,7/19,남향,133동,20260509,"48남향,막힘없는 조망,채광굿,확장형,내부아주깨끗,입주협의",대한(힐스테이트)공인중개사사무소
강서힐스테이트,103305,강서힐스테이트,서울시 강서구 화곡동,강서힐스테이트,서울시 강서구 화곡동,2603,37,20150819,8,21,,259,22,37.546914,126.839257,10,48B,161.34,128.81,38.96,80,177,4,2,계단식,19,"16억 8,000",19억,"16억 8,000~19억","(3,442~3,893만원/3.3㎡)",0,,,,,,0,,422942,373749,546454,2625213769,강서힐스테이트,매매,17억,161,128,7/19,남동향,133동,20260508,"탁트인 뷰, 입주조율가능, 깨끗하게 관리된 48",주식회사우대빵부동산중개센터 강서지점
강서힐스테이트,103305,강서힐스테이트,서울시 강서구 화곡동,강서힐스테이트,서울시 강서구 화곡동,2603,37,20150819,8,21,,259,22,37.546914,126.839257,10,48B,161.34,128.81,38.96,80,177,4,2,계단식,19,"16억 8,000",19억,"16억 8,000~19억","(3,442~3,893만원/3.3㎡)",0,,,,,,0,,422942,373749,546454,2626329558,강서힐스테이트,매매,17억,161,128,중/19,남향,133동,20260514,"남향,확장,조망환하고 밝은집,입주일협의가능",강서힐사랑공인중개사사무소
강서힐스테이트,103305,강서힐스테이트,서울시 강서구 화곡동,강서힐스테이트,서울시 강서구 화곡동,2603,37,20150819,8,21,,259,22,37.546914,126.839257,10,48B,161.34,128.81,38.96,80,177,4,2,계단식,19,"16억 8,000",19억,"16억 8,000~19억","(3,442~3,893만원/3.3㎡)",0,,,,,,0,,422942,373749,546454,2626105881,강서힐스테이트,매매,17억,161,128,고/20,남향,135동,20260513,"확장형, 뻥 트인뷰, 입주가능",대림부동산공인중개사사무소
강서힐스테이트,103305,강서힐스테이트,서울시 강서구 화곡동,강서힐스테이트,서울시 강서구 화곡동,2603,37,20150819,8,21,,259,22,37.546914,126.839257,10,48B,161.34,128.81,38.96,80,177,4,2,계단식,19,"16억 8,000",19억,"16억 8,000~19억","(3,442~3,893만원/3.3㎡)",0,,,,,,0,,422942,373749,546454,2625836209,강서힐스테이트,매매,17억,161,128,중/19,남동향,133동,20260512,"전망트인 아주 밝은집, 확장형, 입주협의",강서현대공인중개사사무소
강서힐스테이트,103305,강서힐스테이트,서울시 강서구 화곡동,강서힐스테이트,서울시 강서구 화곡동,2603,37,20150819,8,21,,259,22,37.546914,126.839257,10,48B,161.34,128.81,38.96,80,177,4,2,계단식,19,"16억 8,000",19억,"16억 8,000~19억","(3,442~3,893만원/3.3㎡)",0,,,,,,0,,422942,373749,546454,2625275632,강서힐스테이트,매매,17억,161,128,중/19,남향,133동,20260509,"확장,입주가능,채광굿,조망굿",삼성공인중개사사무소
강서힐스테이트,103305,강서힐스테이트,서울시 강서구 화곡동,강서힐스테이트,서울시 강서구 화곡동,2603,37,20150819,8,21,,259,22,37.546914,126.839257,10,48B,161.34,128.81,38.96,80,177,4,2,계단식,19,"16억 8,000",19억,"16억 8,000~19억","(3,442~3,893만원/3.3㎡)",0,,,,,,0,,422942,373749,546454,2625043273,강서힐스테이트,매매,"17억 5,000",161,128,중/19,남향,133동,20260508,"확트인남향뷰,확장형,입주가능",힐스테이트강서탑공인중개사사무소
강서힐스테이트,103305,강서힐스테이트,서울시 강서구 화곡동,강서힐스테이트,서울시 강서구 화곡동,2603,37,20150819,8,21,,259,22,37.546914,126.839257,10,48B,161.34,128.81,38.96,80,177,4,2,계단식,19,"16억 8,000",19억,"16억 8,000~19억","(3,442~3,893만원/3.3㎡)",0,,,,,,0,,422942,373749,546454,2625730417,강서힐스테이트,매매,"16억 8,000",161,128,중/20,남향,132동,20260512,"남향, 올확장, 상태깨끗, 입주가능",청담공인중개사사무소
강서힐스테이트,103305,강서힐스테이트,서울시 강서구 화곡동,강서힐스테이트,서울시 강서구 화곡동,2603,37,20150819,8,21,,259,22,37.546914,126.839257,10,48B,161.34,128.81,38.96,80,177,4,2,계단식,19,"16억 8,000",19억,"16억 8,000~19억","(3,442~3,893만원/3.3㎡)",0,,,,,,0,,422942,373749,546454,2623598486,강서힐스테이트,매매,17억,161,128,중/19,남동향,133동,20260430,"48P,확장형,예쁜 햇살이 잘드는 집,전망 굿,입주가능",혜성공인중개사사무소
강서힐스테이트,103305,강서힐스테이트,서울시 강서구 화곡동,강서힐스테이트,서울시 강서구 화곡동,2603,37,20150819,8,21,,259,22,37.546914,126.839257,10,48B,161.34,128.81,38.96,80,177,4,2,계단식,19,"16억 8,000",19억,"16억 8,000~19억","(3,442~3,893만원/3.3㎡)",0,,,,,,0,,422942,373749,546454,2622949025,강서힐스테이트,매매,17억,161,128,저/20,남향,132동,20260427,"올확장,채광굿,조망굿,입주가능",삼성공인중개사사무소
강서힐스테이트,103305,강서힐스테이트,서울시 강서구 화곡동,강서힐스테이트,서울시 강서구 화곡동,2603,37,20150819,8,21,,259,22,37.546914,126.839257,10,48B,161.34,128.81,38.96,80,177,4,2,계단식,19,"16억 8,000",19억,"16억 8,000~19억","(3,442~3,893만원/3.3㎡)",0,,,,,,0,,422942,373749,546454,2622833111,강서힐스테이트,매매,19억,161,128,고/20,남동향,135동,20260427,"최상의뷰,기본,층굿,발코니유,입주가 02.2658.3080",박사공인중개사사무소
강서힐스테이트,103305,강서힐스테이트,서울시 강서구 화곡동,강서힐스테이트,서울시 강서구 화곡동,2603,37,20150819,8,21,,259,22,37.546914,126.839257,10,48B,161.34,128.81,38.96,80,177,4,2,계단식,19,"16억 8,000",19억,"16억 8,000~19억","(3,442~3,893만원/3.3㎡)",0,,,,,,0,,422942,373749,546454,2625887963,강서힐스테이트,매매,17억,161,128,저/20,남향,132동,20260512,"확장,입주가능,채광굿,조망 예뻐요",삼성공인중개사사무소
강서힐스테이트,103305,강서힐스테이트,서울시 강서구 화곡동,강서힐스테이트,서울시 강서구 화곡동,2603,37,20150819,8,21,,259,22,37.546914,126.839257,12,48D,161.26,128.81,38.96,80,73,4,2,계단식,7,17억,18억,17억~18억,"(3,485~3,690만원/3.3㎡)",0,,,,,,1,8억/120,422942,373749,546454,2626023127,강서힐스테이트,매매,"17억 5,000",161,128,중/19,남향,101동,20260513,"우장산역2분거리.트인남향,확장형,",힐스테이트강서탑공인중개사사무소
강서힐스테이트,103305,강서힐스테이트,서울시 강서구 화곡동,강서힐스테이트,서울시 강서구 화곡동,2603,37,20150819,8,21,,259,22,37.546914,126.839257,12,48D,161.26,128.81,38.96,80,73,4,2,계단식,7,17억,18억,17억~18억,"(3,485~3,690만원/3.3㎡)",0,,,,,,1,8억/120,422942,373749,546454,2623761889,강서힐스테이트,매매,17억,161,128,중/21,남향,102동,20260501,48P 초역세권동  남향  확장형  입주협의,힐스테이트금성공인중개사사무소
강서힐스테이트,103305,강서힐스테이트,서울시 강서구 화곡동,강서힐스테이트,서울시 강서구 화곡동,2603,37,20150819,8,21,,259,22,37.546914,126.839257,12,48D,161.26,128.81,38.96,80,73,4,2,계단식,7,17억,18억,17억~18억,"(3,485~3,690만원/3.3㎡)",0,,,,,,1,8억/120,422942,373749,546454,2625635071,강서힐스테이트,매매,17억,161,128,중/21,남향,102동,20260511,48p 초역세권 남향 확장형 입주협의,칠성공인중개사사무소
강서힐스테이트,103305,강서힐스테이트,서울시 강서구 화곡동,강서힐스테이트,서울시 강서구 화곡동,2603,37,20150819,8,21,,259,22,37.546914,126.839257,12,48D,161.26,128.81,38.96,80,73,4,2,계단식,7,17억,18억,17억~18억,"(3,485~3,690만원/3.3㎡)",0,,,,,,1,8억/120,422942,373749,546454,2625362107,강서힐스테이트,매매,18억,161,128,고/19,남향,101동,20260511,"48초역세권,상가이용편리동,뻥뚫린조망권입니다,입주협의",대한(힐스테이트)공인중개사사무소
강서힐스테이트,103305,강서힐스테이트,서울시 강서구 화곡동,강서힐스테이트,서울시 강서구 화곡동,2603,37,20150819,8,21,,259,22,37.546914,126.839257,12,48D,161.26,128.81,38.96,80,73,4,2,계단식,7,17억,18억,17억~18억,"(3,485~3,690만원/3.3㎡)",0,,,,,,1,8억/120,422942,373749,546454,2624948983,강서힐스테이트,매매,"17억 5,000",161,128,고/19,남향,101동,20260507,"남향,초초역세권,상가이용편리동,뻥뚫린 조망,입주협의",대한(힐스테이트)공인중개사사무소
강서힐스테이트,103305,강서힐스테이트,서울시 강서구 화곡동,강서힐스테이트,서울시 강서구 화곡동,2603,37,20150819,8,21,,259,22,37.546914,126.839257,12,48D,161.26,128.81,38.96,80,73,4,2,계단식,7,17억,18억,17억~18억,"(3,485~3,690만원/3.3㎡)",0,,,,,,1,8억/120,422942,373749,546454,2621430684,강서힐스테이트,매매,18억,161,128,고/21,남동향,102동,20260420,"입주,상가가까운동,시스템에어컨,조망뻥",삼성공인중개사사무소
강서힐스테이트,103305,강서힐스테이트,서울시 강서구 화곡동,강서힐스테이트,서울시 강서구 화곡동,2603,37,20150819,8,21,,259,22,37.546914,126.839257,12,48D,161.26,128.81,38.96,80,73,4,2,계단식,7,17억,18억,17억~18억,"(3,485~3,690만원/3.3㎡)",0,,,,,,1,8억/120,422942,373749,546454,2622973775,강서힐스테이트,매매,"17억 5,000",161,128,고/19,남서향,101동,20260427,"초역세권, 남향, 탁트인뷰, 상태 좋은 집",대림부동산공인중개사사무소
강서힐스테이트,103305,강서힐스테이트,서울시 강서구 화곡동,강서힐스테이트,서울시 강서구 화곡동,2603,37,20150819,8,21,,259,22,37.546914,126.839257,11,48C,161.86,128.81,38.96,80,39,4,2,계단식,1,"17억 5,000","17억 5,000","17억 5,000","(3,574만원/3.3㎡)",0,,,,,,0,,422942,373749,546454,2623242672,강서힐스테이트,매매,"17억 5,000",161,128,중/21,남향,102동,20260429,"선호동, 탁트인조망,시스템에어컨,상태 최고",주식회사우대빵부동산중개센터 강서지점
강서힐스테이트,103305,강서힐스테이트,서울시 강서구 화곡동,강서힐스테이트,서울시 강서구 화곡동,2603,37,20150819,8,21,,259,22,37.546914,126.839257,14,55,184.26,152.1,46.01,83,144,4,3,계단식,26,17억,"18억 5,000","17억~18억 5,000","(3,050~3,319만원/3.3㎡)",0,,,,,,0,,499414,441325,645258,2626835522,강서힐스테이트,매매,"17억 3,000",184,152,4/19,남향,124동,20260518,"뷰가아주예쁜동,남향,천정형에어컨,입주가",힐스테이트강서탑공인중개사사무소
강서힐스테이트,103305,강서힐스테이트,서울시 강서구 화곡동,강서힐스테이트,서울시 강서구 화곡동,2603,37,20150819,8,21,,259,22,37.546914,126.839257,14,55,184.26,152.1,46.01,83,144,4,3,계단식,26,17억,"18억 5,000","17억~18억 5,000","(3,050~3,319만원/3.3㎡)",0,,,,,,0,,499414,441325,645258,2626243260,강서힐스테이트,매매,"17억 3,000",184,152,4/19,남향,124동,20260514,남향 조용하고 정원뷰굿 확장형 시스템에어컨  상태최상,우장산신화부동산공인중개사사무소
강서힐스테이트,103305,강서힐스테이트,서울시 강서구 화곡동,강서힐스테이트,서울시 강서구 화곡동,2603,37,20150819,8,21,,259,22,37.546914,126.839257,14,55,184.26,152.1,46.01,83,144,4,3,계단식,26,17억,"18억 5,000","17억~18억 5,000","(3,050~3,319만원/3.3㎡)",0,,,,,,0,,499414,441325,645258,2625848309,강서힐스테이트,매매,"17억 3,000",184,152,4/19,남향,124동,20260512,,오케이(OK)공인중개사사무소
강서힐스테이트,103305,강서힐스테이트,서울시 강서구 화곡동,강서힐스테이트,서울시 강서구 화곡동,2603,37,20150819,8,21,,259,22,37.546914,126.839257,14,55,184.26,152.1,46.01,83,144,4,3,계단식,26,17억,"18억 5,000","17억~18억 5,000","(3,050~3,319만원/3.3㎡)",0,,,,,,0,,499414,441325,645258,2625835888,강서힐스테이트,매매,"17억 3,000",184,152,4/19,남향,124동,20260512,"내부상태 최상, 에어컨, 공원뷰로 좋아요,입주협의",강서현대공인중개사사무소
강서힐스테이트,103305,강서힐스테이트,서울시 강서구 화곡동,강서힐스테이트,서울시 강서구 화곡동,2603,37,20150819,8,21,,259,22,37.546914,126.839257,14,55,184.26,152.1,46.01,83,144,4,3,계단식,26,17억,"18억 5,000","17억~18억 5,000","(3,050~3,319만원/3.3㎡)",0,,,,,,0,,499414,441325,645258,2626773337,강서힐스테이트,매매,18억,184,152,저/19,남향,107동,20260518,"55p남향,확장형,역세권,입주가능",칠성공인중개사사무소
강서힐스테이트,103305,강서힐스테이트,서울시 강서구 화곡동,강서힐스테이트,서울시 강서구 화곡동,2603,37,20150819,8,21,,259,22,37.546914,126.839257,14,55,184.26,152.1,46.01,83,144,4,3,계단식,26,17억,"18억 5,000","17억~18억 5,000","(3,050~3,319만원/3.3㎡)",0,,,,,,0,,499414,441325,645258,2626772921,강서힐스테이트,매매,"17억 3,000",184,152,저/19,남향,124동,20260518,"55p대형평수, 올수리,최상급,에어컨7대,남향정원뷰,입주가능합니다",GO부동산공인중개사사무소
강서힐스테이트,103305,강서힐스테이트,서울시 강서구 화곡동,강서힐스테이트,서울시 강서구 화곡동,2603,37,20150819,8,21,,259,22,37.546914,126.839257,14,55,184.26,152.1,46.01,83,144,4,3,계단식,26,17억,"18억 5,000","17억~18억 5,000","(3,050~3,319만원/3.3㎡)",0,,,,,,0,,499414,441325,645258,2625578739,강서힐스테이트,매매,"17억 3,000",184,152,4/19,남향,124동,20260511,"55p대형, 올수리,최상급,에어컨7대,남향정원뷰,입주가능합니다",GO부동산공인중개사사무소
강서힐스테이트,103305,강서힐스테이트,서울시 강서구 화곡동,강서힐스테이트,서울시 강서구 화곡동,2603,37,20150819,8,21,,259,22,37.546914,126.839257,14,55,184.26,152.1,46.01,83,144,4,3,계단식,26,17억,"18억 5,000","17억~18억 5,000","(3,050~3,319만원/3.3㎡)",0,,,,,,0,,499414,441325,645258,2626635627,강서힐스테이트,매매,18억,184,152,저/19,남향,107동,20260516,"정남향,역세권로얄동,올확장,집상태완전최고,이사날짜협의가",조은아이파크(2601-3300)공인중개사사무소
강서힐스테이트,103305,강서힐스테이트,서울시 강서구 화곡동,강서힐스테이트,서울시 강서구 화곡동,2603,37,20150819,8,21,,259,22,37.546914,126.839257,14,55,184.26,152.1,46.01,83,144,4,3,계단식,26,17억,"18억 5,000","17억~18억 5,000","(3,050~3,319만원/3.3㎡)",0,,,,,,0,,499414,441325,645258,2626370907,강서힐스테이트,매매,"17억 3,000",184,152,저/19,남향,124동,20260515,"55p대형평수, 올수리,최상급,에어컨7대,남향정원뷰,입주가능합니다",GO부동산공인중개사사무소
강서힐스테이트,103305,강서힐스테이트,서울시 강서구 화곡동,강서힐스테이트,서울시 강서구 화곡동,2603,37,20150819,8,21,,259,22,37.546914,126.839257,14,55,184.26,152.1,46.01,83,144,4,3,계단식,26,17억,"18억 5,000","17억~18억 5,000","(3,050~3,319만원/3.3㎡)",0,,,,,,0,,499414,441325,645258,2626811874,강서힐스테이트,매매,"17억 3,000",184,152,4/19,남향,124동,20260518,냠향 확장 급매 집상태좋고 관리잘된집,아이파크공인중개사사무소
강서힐스테이트,103305,강서힐스테이트,서울시 강서구 화곡동,강서힐스테이트,서울시 강서구 화곡동,2603,37,20150819,8,21,,259,22,37.546914,126.839257,14,55,184.26,152.1,46.01,83,144,4,3,계단식,26,17억,"18억 5,000","17억~18억 5,000","(3,050~3,319만원/3.3㎡)",0,,,,,,0,,499414,441325,645258,2626046092,강서힐스테이트,매매,"18억 3,000",184,152,저/19,남향,122동,20260513,55p.정남향 확장형 풀에어컨  입주가능,힐스테이트금성공인중개사사무소
강서힐스테이트,103305,강서힐스테이트,서울시 강서구 화곡동,강서힐스테이트,서울시 강서구 화곡동,2603,37,20150819,8,21,,259,22,37.546914,126.839257,14,55,184.26,152.1,46.01,83,144,4,3,계단식,26,17억,"18억 5,000","17억~18억 5,000","(3,050~3,319만원/3.3㎡)",0,,,,,,0,,499414,441325,645258,2625825985,강서힐스테이트,매매,"17억 3,000",184,152,저/19,남향,124동,20260512,"확장형, 에어컨유, 입주협의 가능",대림부동산공인중개사사무소
강서힐스테이트,103305,강서힐스테이트,서울시 강서구 화곡동,강서힐스테이트,서울시 강서구 화곡동,2603,37,20150819,8,21,,259,22,37.546914,126.839257,14,55,184.26,152.1,46.01,83,144,4,3,계단식,26,17억,"18억 5,000","17억~18억 5,000","(3,050~3,319만원/3.3㎡)",0,,,,,,0,,499414,441325,645258,2625825682,강서힐스테이트,매매,"18억 3,000",184,152,저/19,남향,122동,20260512,"확장형, 에어컨유, 깨끗한 집",대림부동산공인중개사사무소
강서힐스테이트,103305,강서힐스테이트,서울시 강서구 화곡동,강서힐스테이트,서울시 강서구 화곡동,2603,37,20150819,8,21,,259,22,37.546914,126.839257,14,55,184.26,152.1,46.01,83,144,4,3,계단식,26,17억,"18억 5,000","17억~18억 5,000","(3,050~3,319만원/3.3㎡)",0,,,,,,0,,499414,441325,645258,2625208829,강서힐스테이트,매매,"18억 5,000",184,152,저/19,남향,107동,20260508,"남향,확장,역세권,로얄동,입주가능",강서힐사랑공인중개사사무소
강서힐스테이트,103305,강서힐스테이트,서울시 강서구 화곡동,강서힐스테이트,서울시 강서구 화곡동,2603,37,20150819,8,21,,259,22,37.546914,126.839257,14,55,184.26,152.1,46.01,83,144,4,3,계단식,26,17억,"18억 5,000","17억~18억 5,000","(3,050~3,319만원/3.3㎡)",0,,,,,,0,,499414,441325,645258,2624981097,강서힐스테이트,매매,"17억 8,000",184,152,중/19,남향,124동,20260508,"와우 이런 집이 남향에 로얄층, 깨끗하게 관리, 귀한대형평수",주식회사우대빵부동산중개센터 강서지점
강서힐스테이트,103305,강서힐스테이트,서울시 강서구 화곡동,강서힐스테이트,서울시 강서구 화곡동,2603,37,20150819,8,21,,259,22,37.546914,126.839257,14,55,184.26,152.1,46.01,83,144,4,3,계단식,26,17억,"18억 5,000","17억~18억 5,000","(3,050~3,319만원/3.3㎡)",0,,,,,,0,,499414,441325,645258,2624329106,강서힐스테이트,매매,"17억 3,000",184,152,저/19,남향,124동,20260504,"남향,확장,시스템에어컨,예쁜조망,입주일협의가능",강서힐사랑공인중개사사무소
강서힐스테이트,103305,강서힐스테이트,서울시 강서구 화곡동,강서힐스테이트,서울시 강서구 화곡동,2603,37,20150819,8,21,,259,22,37.546914,126.839257,14,55,184.26,152.1,46.01,83,144,4,3,계단식,26,17억,"18억 5,000","17억~18억 5,000","(3,050~3,319만원/3.3㎡)",0,,,,,,0,,499414,441325,645258,2625632216,강서힐스테이트,매매,"17억 3,000",184,152,저/19,남향,124동,20260511,"급매,특올수리,시스템에어컨 풀,올확장,동간거리 넓음",칠성공인중개사사무소
강서힐스테이트,103305,강서힐스테이트,서울시 강서구 화곡동,강서힐스테이트,서울시 강서구 화곡동,2603,37,20150819,8,21,,259,22,37.546914,126.839257,14,55,184.26,152.1,46.01,83,144,4,3,계단식,26,17억,"18억 5,000","17억~18억 5,000","(3,050~3,319만원/3.3㎡)",0,,,,,,0,,499414,441325,645258,2623301728,강서힐스테이트,매매,"18억 5,000",184,152,저/19,남향,107동,20260429,"역세권, 확장된남향, 내부상태좋아요,커뮤니티 가까운동,입주협의",강서현대공인중개사사무소
강서힐스테이트,103305,강서힐스테이트,서울시 강서구 화곡동,강서힐스테이트,서울시 강서구 화곡동,2603,37,20150819,8,21,,259,22,37.546914,126.839257,14,55,184.26,152.1,46.01,83,144,4,3,계단식,26,17억,"18억 5,000","17억~18억 5,000","(3,050~3,319만원/3.3㎡)",0,,,,,,0,,499414,441325,645258,2623069995,강서힐스테이트,매매,"18억 5,000",184,152,저/19,남향,107동,20260428,"입주가능, 확장형, 로얄동, 남향, 역세권동",주식회사우대빵부동산중개센터 강서지점
강서힐스테이트,103305,강서힐스테이트,서울시 강서구 화곡동,강서힐스테이트,서울시 강서구 화곡동,2603,37,20150819,8,21,,259,22,37.546914,126.839257,14,55,184.26,152.1,46.01,83,144,4,3,계단식,26,17억,"18억 5,000","17억~18억 5,000","(3,050~3,319만원/3.3㎡)",0,,,,,,0,,499414,441325,645258,2624956013,강서힐스테이트,매매,17억,184,152,저/19,남향,106동,20260508,"급매, 확장형, 초역세권, 빠른입주 가능한 집",대림부동산공인중개사사무소
강서힐스테이트,103305,강서힐스테이트,서울시 강서구 화곡동,강서힐스테이트,서울시 강서구 화곡동,2603,37,20150819,8,21,,259,22,37.546914,126.839257,14,55,184.26,152.1,46.01,83,144,4,3,계단식,26,17억,"18억 5,000","17억~18억 5,000","(3,050~3,319만원/3.3㎡)",0,,,,,,0,,499414,441325,645258,2623002413,강서힐스테이트,매매,"18억 5,000",184,152,저/19,남향,107동,20260427,역세권 남향  확장형  채광좋으며  내부상태굿 입주가능,힐스테이트금성공인중개사사무소
강서힐스테이트,103305,강서힐스테이트,서울시 강서구 화곡동,강서힐스테이트,서울시 강서구 화곡동,2603,37,20150819,8,21,,259,22,37.546914,126.839257,14,55,184.26,152.1,46.01,83,144,4,3,계단식,26,17억,"18억 5,000","17억~18억 5,000","(3,050~3,319만원/3.3㎡)",0,,,,,,0,,499414,441325,645258,2621415488,강서힐스테이트,매매,18억,184,152,저/19,남향,107동,20260420,"초역세권남향,확장형,채광굿,입주가능",힐스테이트강서탑공인중개사사무소
강서힐스테이트,103305,강서힐스테이트,서울시 강서구 화곡동,강서힐스테이트,서울시 강서구 화곡동,2603,37,20150819,8,21,,259,22,37.546914,126.839257,14,55,184.26,152.1,46.01,83,144,4,3,계단식,26,17억,"18억 5,000","17억~18억 5,000","(3,050~3,319만원/3.3㎡)",0,,,,,,0,,499414,441325,645258,2622577594,강서힐스테이트,매매,"17억 3,000",184,152,저/19,남향,124동,20260425,우장산역 앞의 재래시장 학군 병원 산책로등을 고루갖춘 올수리한 대단지,나라공인중개사사무소
강서힐스테이트,103305,강서힐스테이트,서울시 강서구 화곡동,강서힐스테이트,서울시 강서구 화곡동,2603,37,20150819,8,21,,259,22,37.546914,126.839257,14,55,184.26,152.1,46.01,83,144,4,3,계단식,26,17억,"18억 5,000","17억~18억 5,000","(3,050~3,319만원/3.3㎡)",0,,,,,,0,,499414,441325,645258,2624648351,강서힐스테이트,매매,"17억 3,000",184,152,4/19,남향,124동,20260506,"내부상태최상, 에어컨, 나무조망좋아요",강서현대공인중개사사무소
강서힐스테이트,103305,강서힐스테이트,서울시 강서구 화곡동,강서힐스테이트,서울시 강서구 화곡동,2603,37,20150819,8,21,,259,22,37.546914,126.839257,14,55,184.26,152.1,46.01,83,144,4,3,계단식,26,17억,"18억 5,000","17억~18억 5,000","(3,050~3,319만원/3.3㎡)",0,,,,,,0,,499414,441325,645258,2623338034,강서힐스테이트,매매,"17억 3,000",184,152,4/19,남향,124동,20260429,"55.급매,가격저렴,올수리,정원뷰,에어컨7,집완전좋아요",조은아이파크(2601-3300)공인중개사사무소
강서힐스테이트,103305,강서힐스테이트,서울시 강서구 화곡동,강서힐스테이트,서울시 강서구 화곡동,2603,37,20150819,8,21,,259,22,37.546914,126.839257,14,55,184.26,152.1,46.01,83,144,4,3,계단식,26,17억,"18억 5,000","17억~18억 5,000","(3,050~3,319만원/3.3㎡)",0,,,,,,0,,499414,441325,645258,2623307365,강서힐스테이트,매매,"17억 5,000",184,152,중/19,남향,122동,20260429,"55,추천매물,가격저렴,확장,정남향,채광굿,입주가",조은아이파크(2601-3300)공인중개사사무소
관악드림타운,2987,관악드림타운,서울시 관악구 봉천동,관악드림타운,서울시 관악구 봉천동,3544,44,20030906,10,27,,267,16,37.490479,126.950561,2,24,80.43,60,18.15,75,44,3,1,계단식,30,"11억 9,000","11억 9,000","11억 9,000","(4,891만원/3.3㎡)",0,,,,,,0,,144990,177776,115375,2626317378,관악드림타운,매매,"11억 9,000",80,60,중/12,남서향,101동,20260514,"공동가능,최근 샷시포함 올수리,거실방확장,입주협의",삼성동아(02-885-0022)단지내공인중개사사무소
관악드림타운,2987,관악드림타운,서울시 관악구 봉천동,관악드림타운,서울시 관악구 봉천동,3544,44,20030906,10,27,,267,16,37.490479,126.950561,2,24,80.43,60,18.15,75,44,3,1,계단식,30,"11억 9,000","11억 9,000","11억 9,000","(4,891만원/3.3㎡)",0,,,,,,0,,144990,177776,115375,2625994507,관악드림타운,매매,"11억 9,000",80,60,중/12,남서향,101동,20260513,"공동가능. 계단식. 거실,방확장. 최근 샷시포함 올수리.평지.입주협의",한강(드림타운02-888-9393)공인중개사사무소
관악드림타운,2987,관악드림타운,서울시 관악구 봉천동,관악드림타운,서울시 관악구 봉천동,3544,44,20030906,10,27,,267,16,37.490479,126.950561,2,24,80.43,60,18.15,75,44,3,1,계단식,30,"11억 9,000","11억 9,000","11억 9,000","(4,891만원/3.3㎡)",0,,,,,,0,,144990,177776,115375,2625982270,관악드림타운,매매,"11억 9,000",80,60,중/12,남서향,101동,20260513,"공동가능,최근 샷시포함 올수리,거실방확장,입주협의",삼성동아(02-885-0022)단지내공인중개사사무소
관악드림타운,2987,관악드림타운,서울시 관악구 봉천동,관악드림타운,서울시 관악구 봉천동,3544,44,20030906,10,27,,267,16,37.490479,126.950561,2,24,80.43,60,18.15,75,44,3,1,계단식,30,"11억 9,000","11억 9,000","11억 9,000","(4,891만원/3.3㎡)",0,,,,,,0,,144990,177776,115375,2626837072,관악드림타운,매매,"11억 9,000",80,60,중/12,남서향,101동,20260518,로얄 계약가능 샷시포함올수리 거실방확장 11월입주협의 트인 뷰,로얄단지내02-3280-0999공인중개사사무소
관악드림타운,2987,관악드림타운,서울시 관악구 봉천동,관악드림타운,서울시 관악구 봉천동,3544,44,20030906,10,27,,267,16,37.490479,126.950561,2,24,80.43,60,18.15,75,44,3,1,계단식,30,"11억 9,000","11억 9,000","11억 9,000","(4,891만원/3.3㎡)",0,,,,,,0,,144990,177776,115375,2626646665,관악드림타운,매매,"11억 9,000",80,60,중/12,남서향,101동,20260516,"24,계단식,방3개, 최근샷시포함 확장올수리, 교통편리동, 11월입주협의",명도(단지내02-879-1212)공인중개사사무소
관악드림타운,2987,관악드림타운,서울시 관악구 봉천동,관악드림타운,서울시 관악구 봉천동,3544,44,20030906,10,27,,267,16,37.490479,126.950561,2,24,80.43,60,18.15,75,44,3,1,계단식,30,"11억 9,000","11억 9,000","11억 9,000","(4,891만원/3.3㎡)",0,,,,,,0,,144990,177776,115375,2626430610,관악드림타운,매매,"11억 9,000",80,60,중/12,남서향,101동,20260515,"정문강추, 최근샤시포함 내부 올수리, 신혼부부추천, 평지, 교통좋음",관악센트씨엘정문(877-1002-단지내)공인중개사사무소
관악드림타운,2987,관악드림타운,서울시 관악구 봉천동,관악드림타운,서울시 관악구 봉천동,3544,44,20030906,10,27,,267,16,37.490479,126.950561,2,24,80.43,60,18.15,75,44,3,1,계단식,30,"11억 9,000","11억 9,000","11억 9,000","(4,891만원/3.3㎡)",0,,,,,,0,,144990,177776,115375,2626237009,관악드림타운,매매,"11억 9,000",80,60,중/12,남서향,101동,20260514,4년전샷시포함올수리 거실.방확장 평지 생활편리 입주협의가능,베스트(단지내02-872-2600)공인중개사사무소
관악드림타운,2987,관악드림타운,서울시 관악구 봉천동,관악드림타운,서울시 관악구 봉천동,3544,44,20030906,10,27,,267,16,37.490479,126.950561,2,24,80.43,60,18.15,75,44,3,1,계단식,30,"11억 9,000","11억 9,000","11억 9,000","(4,891만원/3.3㎡)",0,,,,,,0,,144990,177776,115375,2626161054,관악드림타운,매매,"11억 9,000",80,60,중/12,남서향,101동,20260514,거실방확장형 샷시포함올수리 입주협의,상도하이츠(02-813-8855)공인중개사사무소
관악드림타운,2987,관악드림타운,서울시 관악구 봉천동,관악드림타운,서울시 관악구 봉천동,3544,44,20030906,10,27,,267,16,37.490479,126.950561,2,24,80.43,60,18.15,75,44,3,1,계단식,30,"11억 9,000","11억 9,000","11억 9,000","(4,891만원/3.3㎡)",0,,,,,,0,,144990,177776,115375,2626293837,관악드림타운,매매,"11억 9,000",80,60,중/12,남서향,101동,20260514,24 남서향 중층 샷시포함 올수리 거실방확장 11월입주협의,비전부동산공인중개사사무소
관악드림타운,2987,관악드림타운,서울시 관악구 봉천동,관악드림타운,서울시 관악구 봉천동,3544,44,20030906,10,27,,267,16,37.490479,126.950561,2,24,80.43,60,18.15,75,44,3,1,계단식,30,"11억 9,000","11억 9,000","11억 9,000","(4,891만원/3.3㎡)",0,,,,,,0,,144990,177776,115375,2625623832,관악드림타운,매매,"11억 9,000",80,60,중/12,남서향,101동,20260511,"3룸 계단식 샷시포함 올수리 거실,방확장 평지 교통,주차편리",동아공인중개사사무소
관악드림타운,2987,관악드림타운,서울시 관악구 봉천동,관악드림타운,서울시 관악구 봉천동,3544,44,20030906,10,27,,267,16,37.490479,126.950561,2,24,80.43,60,18.15,75,44,3,1,계단식,30,"11억 9,000","11억 9,000","11억 9,000","(4,891만원/3.3㎡)",0,,,,,,0,,144990,177776,115375,2623235353,관악드림타운,매매,"11억 9,000",80,60,중/12,남서향,101동,20260429,"공동가능.거실방확장,최근샷시포함 올수리된 집,채광 전망 좋아요.",한강(드림타운02-888-9393)공인중개사사무소
관악드림타운,2987,관악드림타운,서울시 관악구 봉천동,관악드림타운,서울시 관악구 봉천동,3544,44,20030906,10,27,,267,16,37.490479,126.950561,2,24,80.43,60,18.15,75,44,3,1,계단식,30,"11억 9,000","11억 9,000","11억 9,000","(4,891만원/3.3㎡)",0,,,,,,0,,144990,177776,115375,2625257398,관악드림타운,매매,"11억 9,000",80,60,중/12,남서향,101동,20260509,"24,계단식,방3개, 최근샷시포함 확장올수리, 교통편리동, 11월입주협의",명도(단지내02-879-1212)공인중개사사무소
관악드림타운,2987,관악드림타운,서울시 관악구 봉천동,관악드림타운,서울시 관악구 봉천동,3544,44,20030906,10,27,,267,16,37.490479,126.950561,2,24,80.43,60,18.15,75,44,3,1,계단식,30,"11억 9,000","11억 9,000","11억 9,000","(4,891만원/3.3㎡)",0,,,,,,0,,144990,177776,115375,2625318257,관악드림타운,매매,"11억 9,000",80,60,중/12,남서향,101동,20260509,24. 샤시 포함 올수리. 계단식. 방3. 맞통풍. 교통최고,샘터(02-886-3333)공인중개사사무소
관악드림타운,2987,관악드림타운,서울시 관악구 봉천동,관악드림타운,서울시 관악구 봉천동,3544,44,20030906,10,27,,267,16,37.490479,126.950561,2,24,80.43,60,18.15,75,44,3,1,계단식,30,"11억 9,000","11억 9,000","11억 9,000","(4,891만원/3.3㎡)",0,,,,,,0,,144990,177776,115375,2623013628,관악드림타운,매매,"11억 9,000",80,60,중/12,남서향,101동,20260428,공동환영 11월입주 최근샤시포함 확장올수리 평지위치 교통편리,드림타운단지내(02-878-6000)공인중개사사무소
관악드림타운,2987,관악드림타운,서울시 관악구 봉천동,관악드림타운,서울시 관악구 봉천동,3544,44,20030906,10,27,,267,16,37.490479,126.950561,2,24,80.43,60,18.15,75,44,3,1,계단식,30,"11억 9,000","11억 9,000","11억 9,000","(4,891만원/3.3㎡)",0,,,,,,0,,144990,177776,115375,2623829945,관악드림타운,매매,"11억 9,000",80,60,7/12,남서향,101동,20260502,"참좋은24, 신혼부부강추, 최근샷시포함올수리, 거실방확장, 11월입주",참좋은부동산공인중개사사무소
관악드림타운,2987,관악드림타운,서울시 관악구 봉천동,관악드림타운,서울시 관악구 봉천동,3544,44,20030906,10,27,,267,16,37.490479,126.950561,2,24,80.43,60,18.15,75,44,3,1,계단식,30,"11억 9,000","11억 9,000","11억 9,000","(4,891만원/3.3㎡)",0,,,,,,0,,144990,177776,115375,2623013486,관악드림타운,매매,"11억 9,000",80,60,중/12,남서향,101동,20260427,공동환영 최근샤시포함 거실 방확장 한샘으로 올수리 평지위치 남서향  교통,드림타운단지내(02-878-6000)공인중개사사무소
관악드림타운,2987,관악드림타운,서울시 관악구 봉천동,관악드림타운,서울시 관악구 봉천동,3544,44,20030906,10,27,,267,16,37.490479,126.950561,2,24,80.43,60,18.15,75,44,3,1,계단식,30,"11억 9,000","11억 9,000","11억 9,000","(4,891만원/3.3㎡)",0,,,,,,0,,144990,177776,115375,2624696006,관악드림타운,매매,"11억 9,000",80,60,중/12,남서향,101동,20260507,"58형의 방3샷시포함 올수리, 거실방확장 ,생활동선굿413재개발호재권",더드림부동산공인중개사사무소
관악드림타운,2987,관악드림타운,서울시 관악구 봉천동,관악드림타운,서울시 관악구 봉천동,3544,44,20030906,10,27,,267,16,37.490479,126.950561,2,24,80.43,60,18.15,75,44,3,1,계단식,30,"11억 9,000","11억 9,000","11억 9,000","(4,891만원/3.3㎡)",0,,,,,,0,,144990,177776,115375,2623951267,관악드림타운,매매,"11억 9,000",80,60,중/12,남서향,101동,20260502,"24. 4년전 샷시포함 올수리 거실작은방확장, 평지생활권, 입주협의",대경공인중개사사무소
관악드림타운,2987,관악드림타운,서울시 관악구 봉천동,관악드림타운,서울시 관악구 봉천동,3544,44,20030906,10,27,,267,16,37.490479,126.950561,2,24,80.43,60,18.15,75,44,3,1,계단식,30,"11억 9,000","11억 9,000","11억 9,000","(4,891만원/3.3㎡)",0,,,,,,0,,144990,177776,115375,2623122454,관악드림타운,매매,"11억 9,000",80,60,중/12,남서향,101동,20260428,24.남서향.최근 샷시포함 올수리.거실및방 확장.평지위치.생활권편리동,두산(02-882-3380)공인중개사사무소
관악드림타운,2987,관악드림타운,서울시 관악구 봉천동,관악드림타운,서울시 관악구 봉천동,3544,44,20030906,10,27,,267,16,37.490479,126.950561,2,24,80.43,60,18.15,75,44,3,1,계단식,30,"11억 9,000","11억 9,000","11억 9,000","(4,891만원/3.3㎡)",0,,,,,,0,,144990,177776,115375,2623004847,관악드림타운,매매,"11억 9,000",80,60,중/12,남향,101동,20260428,25 남향 샷시포함확장올수리 볕잘들고확트인뷰 우수학세권,박사(정문02-877-6000)공인중개사사무소
관악드림타운,2987,관악드림타운,서울시 관악구 봉천동,관악드림타운,서울시 관악구 봉천동,3544,44,20030906,10,27,,267,16,37.490479,126.950561,2,24,80.43,60,18.15,75,44,3,1,계단식,30,"11억 9,000","11억 9,000","11억 9,000","(4,891만원/3.3㎡)",0,,,,,,0,,144990,177776,115375,2623221905,관악드림타운,매매,"11억 9,000",80,60,중/12,남서향,101동,20260429,24드림타운. 거실 방 확장. 샷시포함 올수리. 11월 입주협의,드림명문공인중개사사무소
관악드림타운,2987,관악드림타운,서울시 관악구 봉천동,관악드림타운,서울시 관악구 봉천동,3544,44,20030906,10,27,,267,16,37.490479,126.950561,2,24,80.43,60,18.15,75,44,3,1,계단식,30,"11억 9,000","11억 9,000","11억 9,000","(4,891만원/3.3㎡)",0,,,,,,0,,144990,177776,115375,2623400483,관악드림타운,매매,"11억 9,000",80,60,중/12,남서향,101동,20260429,"24.4년전, 거실 작은방 확장 샷시포함 올수리함.",사랑공인중개사사무소
관악드림타운,2987,관악드림타운,서울시 관악구 봉천동,관악드림타운,서울시 관악구 봉천동,3544,44,20030906,10,27,,267,16,37.490479,126.950561,2,24,80.43,60,18.15,75,44,3,1,계단식,30,"11억 9,000","11억 9,000","11억 9,000","(4,891만원/3.3㎡)",0,,,,,,0,,144990,177776,115375,2623012500,관악드림타운,매매,"11억 9,000",80,60,중/12,남서향,101동,20260428,"24, 방3, 거실과 방 확장,샷시 포함 내부 올수리,정류장 도보거리",구암(02-888-1700)공인중개사사무소
관악드림타운,2987,관악드림타운,서울시 관악구 봉천동,관악드림타운,서울시 관악구 봉천동,3544,44,20030906,10,27,,267,16,37.490479,126.950561,2,24,80.43,60,18.15,75,44,3,1,계단식,30,"11억 9,000","11억 9,000","11억 9,000","(4,891만원/3.3㎡)",0,,,,,,0,,144990,177776,115375,2623113160,관악드림타운,매매,"11억 9,000",80,60,중/12,남서향,101동,20260428,11월 입주협의. 최근 샷시 포함 올수리. 거실 및 방 확장. 평지동,현대공인중개사사무소
관악드림타운,2987,관악드림타운,서울시 관악구 봉천동,관악드림타운,서울시 관악구 봉천동,3544,44,20030906,10,27,,267,16,37.490479,126.950561,2,24,80.43,60,18.15,75,44,3,1,계단식,30,"11억 9,000","11억 9,000","11억 9,000","(4,891만원/3.3㎡)",0,,,,,,0,,144990,177776,115375,2623145364,관악드림타운,매매,"11억 9,000",80,60,중/12,남서향,101동,20260428,샤시포함 최신 올수리  계단식,사계절공인중개사사무소
관악드림타운,2987,관악드림타운,서울시 관악구 봉천동,관악드림타운,서울시 관악구 봉천동,3544,44,20030906,10,27,,267,16,37.490479,126.950561,2,24,80.43,60,18.15,75,44,3,1,계단식,30,"11억 9,000","11억 9,000","11억 9,000","(4,891만원/3.3㎡)",0,,,,,,0,,144990,177776,115375,2623167907,관악드림타운,매매,"11억 9,000",80,60,중/12,남서향,101동,20260428,"샷시포함올수리, 확장형, 평지, 11월입주협의",유니공인중개사사무소
관악드림타운,2987,관악드림타운,서울시 관악구 봉천동,관악드림타운,서울시 관악구 봉천동,3544,44,20030906,10,27,,267,16,37.490479,126.950561,2,24,80.43,60,18.15,75,44,3,1,계단식,30,"11억 9,000","11억 9,000","11억 9,000","(4,891만원/3.3㎡)",0,,,,,,0,,144990,177776,115375,2623215337,관악드림타운,매매,"11억 9,000",80,60,중/12,남서향,101동,20260428,24 방3 계단식  4년전 샷시 포함 올수리 거실방확장형,부자되는 부동산 공인중개사사무소
관악드림타운,2987,관악드림타운,서울시 관악구 봉천동,관악드림타운,서울시 관악구 봉천동,3544,44,20030906,10,27,,267,16,37.490479,126.950561,2,24,80.43,60,18.15,75,44,3,1,계단식,30,"11억 9,000","11억 9,000","11억 9,000","(4,891만원/3.3㎡)",0,,,,,,0,,144990,177776,115375,2623329236,관악드림타운,매매,"11억 9,000",80,60,중/12,남서향,101동,20260429,"24P 방3 전자계약가능 거실,작은방확장 샷시포함특리모델링",다온공인중개사사무소
관악드림타운,2987,관악드림타운,서울시 관악구 봉천동,관악드림타운,서울시 관악구 봉천동,3544,44,20030906,10,27,,267,16,37.490479,126.950561,2,24,80.43,60,18.15,75,44,3,1,계단식,30,"11억 9,000","11억 9,000","11억 9,000","(4,891만원/3.3㎡)",0,,,,,,0,,144990,177776,115375,2625074988,관악드림타운,매매,"11억 9,000",80,60,중/12,남서향,101동,20260508,"24.강추.거실방확장,샤시포함 올수리.평지.트인뷰",두산홈즈(02-878-6607)부동산중개
관악드림타운,2987,관악드림타운,서울시 관악구 봉천동,관악드림타운,서울시 관악구 봉천동,3544,44,20030906,10,27,,267,16,37.490479,126.950561,2,24,80.43,60,18.15,75,44,3,1,계단식,30,"11억 9,000","11억 9,000","11억 9,000","(4,891만원/3.3㎡)",0,,,,,,0,,144990,177776,115375,2623762189,관악드림타운,매매,"11억 9,000",80,60,중/12,남서향,101동,20260501,"정문강추, 최근샤시포함 내부 올수리, 신혼부부추천, 평지, 교통좋음",관악센트씨엘정문(877-1002-단지내)공인중개사사무소
관악드림타운,2987,관악드림타운,서울시 관악구 봉천동,관악드림타운,서울시 관악구 봉천동,3544,44,20030906,10,27,,267,16,37.490479,126.950561,3,24D,82.47,60,18.15,73,352,3,1,계단식,38,"11억 7,000",12억,"11억 7,000~12억","(4,690~4,810만원/3.3㎡)",26,"5억 8,000","5억 8,000","5억 8,000","(2,325만원/3.3㎡)",48~50%,0,,144990,177776,115375,2626763978,관악드림타운,매매,"11억 7,000",82,60,저/22,남서향,116동,20260517,"공동가능, 24D, 방3, 계단식 구조, 확장, 내부 깔끔한 실입주 매물",구암(02-888-1700)공인중개사 사무소
관악드림타운,2987,관악드림타운,서울시 관악구 봉천동,관악드림타운,서울시 관악구 봉천동,3544,44,20030906,10,27,,267,16,37.490479,126.950561,3,24D,82.47,60,18.15,73,352,3,1,계단식,38,"11억 7,000",12억,"11억 7,000~12억","(4,690~4,810만원/3.3㎡)",26,"5억 8,000","5억 8,000","5억 8,000","(2,325만원/3.3㎡)",48~50%,0,,144990,177776,115375,2625910443,관악드림타운,매매,"11억 8,000",82,60,저/25,남서향,115동,20260512,No. 1 샷 시 포 함 확 장 올 수 리,센트씨엘제일공인중개사사무소
관악드림타운,2987,관악드림타운,서울시 관악구 봉천동,관악드림타운,서울시 관악구 봉천동,3544,44,20030906,10,27,,267,16,37.490479,126.950561,3,24D,82.47,60,18.15,73,352,3,1,계단식,38,"11억 7,000",12억,"11억 7,000~12억","(4,690~4,810만원/3.3㎡)",26,"5억 8,000","5억 8,000","5억 8,000","(2,325만원/3.3㎡)",48~50%,0,,144990,177776,115375,2626588732,관악드림타운,매매,"11억 7,000",82,60,저/22,남서향,116동,20260516,"계단식,방3,예전올수리,전망굿,로얄동,입주협의",삼성동아(02-885-0022)단지내공인중개사사무소
관악드림타운,2987,관악드림타운,서울시 관악구 봉천동,관악드림타운,서울시 관악구 봉천동,3544,44,20030906,10,27,,267,16,37.490479,126.950561,3,24D,82.47,60,18.15,73,352,3,1,계단식,38,"11억 7,000",12억,"11억 7,000~12억","(4,690~4,810만원/3.3㎡)",26,"5억 8,000","5억 8,000","5억 8,000","(2,325만원/3.3㎡)",48~50%,0,,144990,177776,115375,2625207887,관악드림타운,매매,"11억 7,000",82,60,저/22,남서향,116동,20260508,"공동가능, 24D, 방3, 높은저층, 확장, 내부 깔끔한 실입주 가능",구암(02-888-1700)공인중개사사무소
관악드림타운,2987,관악드림타운,서울시 관악구 봉천동,관악드림타운,서울시 관악구 봉천동,3544,44,20030906,10,27,,267,16,37.490479,126.950561,3,24D,82.47,60,18.15,73,352,3,1,계단식,38,"11억 7,000",12억,"11억 7,000~12억","(4,690~4,810만원/3.3㎡)",26,"5억 8,000","5억 8,000","5억 8,000","(2,325만원/3.3㎡)",48~50%,0,,144990,177776,115375,2626008787,관악드림타운,매매,"11억 8,000",82,60,저/22,남서향,116동,20260513,예전올수리 거실.방확장 막힘없는뻥뷰  생활편리한로얄동 입주가능,베스트(단지내02-872-2600)공인중개사사무소
관악드림타운,2987,관악드림타운,서울시 관악구 봉천동,관악드림타운,서울시 관악구 봉천동,3544,44,20030906,10,27,,267,16,37.490479,126.950561,3,24D,82.47,60,18.15,73,352,3,1,계단식,38,"11억 7,000",12억,"11억 7,000~12억","(4,690~4,810만원/3.3㎡)",26,"5억 8,000","5억 8,000","5억 8,000","(2,325만원/3.3㎡)",48~50%,0,,144990,177776,115375,2625976931,관악드림타운,매매,"11억 8,000",82,60,저/25,남서향,115동,20260513,"25.샷시포함 올수리. 거실,방확장, 내부컨디션 굿.정류장도보1분",한강(드림타운02-888-9393)공인중개사사무소
관악드림타운,2987,관악드림타운,서울시 관악구 봉천동,관악드림타운,서울시 관악구 봉천동,3544,44,20030906,10,27,,267,16,37.490479,126.950561,3,24D,82.47,60,18.15,73,352,3,1,계단식,38,"11억 7,000",12억,"11억 7,000~12억","(4,690~4,810만원/3.3㎡)",26,"5억 8,000","5억 8,000","5억 8,000","(2,325만원/3.3㎡)",48~50%,0,,144990,177776,115375,2626667251,관악드림타운,매매,"11억 8,000",82,60,저/22,남서향,116동,20260516,"24. 방3. 계단식. 거실,방확장. 예전 올수리. 로얄동. 입주협의",한강(드림타운02-888-9393)공인중개사사무소
관악드림타운,2987,관악드림타운,서울시 관악구 봉천동,관악드림타운,서울시 관악구 봉천동,3544,44,20030906,10,27,,267,16,37.490479,126.950561,3,24D,82.47,60,18.15,73,352,3,1,계단식,38,"11억 7,000",12억,"11억 7,000~12억","(4,690~4,810만원/3.3㎡)",26,"5억 8,000","5억 8,000","5억 8,000","(2,325만원/3.3㎡)",48~50%,0,,144990,177776,115375,2626636034,관악드림타운,매매,"11억 8,000",82,60,저/22,남서향,116동,20260516,예전수리  거실방확장  전망 좋은  계단식,사계절공인중개사사무소
관악드림타운,2987,관악드림타운,서울시 관악구 봉천동,관악드림타운,서울시 관악구 봉천동,3544,44,20030906,10,27,,267,16,37.490479,126.950561,3,24D,82.47,60,18.15,73,352,3,1,계단식,38,"11억 7,000",12억,"11억 7,000~12억","(4,690~4,810만원/3.3㎡)",26,"5억 8,000","5억 8,000","5억 8,000","(2,325만원/3.3㎡)",48~50%,0,,144990,177776,115375,2626632688,관악드림타운,매매,"11억 8,000",82,60,저/22,남서향,116동,20260516,"24, 계단식, 거실방확장 예전올수리, 관악산 뷰, 최고로얄동, 입주협의",명도(단지내02-879-1212)공인중개사사무소
관악드림타운,2987,관악드림타운,서울시 관악구 봉천동,관악드림타운,서울시 관악구 봉천동,3544,44,20030906,10,27,,267,16,37.490479,126.950561,3,24D,82.47,60,18.15,73,352,3,1,계단식,38,"11억 7,000",12억,"11억 7,000~12억","(4,690~4,810만원/3.3㎡)",26,"5억 8,000","5억 8,000","5억 8,000","(2,325만원/3.3㎡)",48~50%,0,,144990,177776,115375,2626717698,관악드림타운,매매,"11억 8,000",82,60,저/25,남서향,115동,20260516,24. 확장 올수리. 협의 입주. 초록뷰.,샘터(02-886-3333)공인중개사사무소
관악드림타운,2987,관악드림타운,서울시 관악구 봉천동,관악드림타운,서울시 관악구 봉천동,3544,44,20030906,10,27,,267,16,37.490479,126.950561,3,24D,82.47,60,18.15,73,352,3,1,계단식,38,"11억 7,000",12억,"11억 7,000~12억","(4,690~4,810만원/3.3㎡)",26,"5억 8,000","5억 8,000","5억 8,000","(2,325만원/3.3㎡)",48~50%,0,,144990,177776,115375,2626408572,관악드림타운,매매,"11억 7,000",82,60,저/22,남서향,116동,20260515,"24 판상형, 확장형 예전올수리, 관악산 뷰맛집, 채광굿",용(02-886-7171단지내)공인중개사사무소
관악드림타운,2987,관악드림타운,서울시 관악구 봉천동,관악드림타운,서울시 관악구 봉천동,3544,44,20030906,10,27,,267,16,37.490479,126.950561,3,24D,82.47,60,18.15,73,352,3,1,계단식,38,"11억 7,000",12억,"11억 7,000~12억","(4,690~4,810만원/3.3㎡)",26,"5억 8,000","5억 8,000","5억 8,000","(2,325만원/3.3㎡)",48~50%,0,,144990,177776,115375,2626410967,관악드림타운,매매,"11억 8,000",82,60,저/22,남서향,116동,20260515,"24D, 방3, 계단식 구조, 거실방확장, 내부 깔끔함, 입주협의",대경공인중개사사무소
관악드림타운,2987,관악드림타운,서울시 관악구 봉천동,관악드림타운,서울시 관악구 봉천동,3544,44,20030906,10,27,,267,16,37.490479,126.950561,3,24D,82.47,60,18.15,73,352,3,1,계단식,38,"11억 7,000",12억,"11억 7,000~12억","(4,690~4,810만원/3.3㎡)",26,"5억 8,000","5억 8,000","5억 8,000","(2,325만원/3.3㎡)",48~50%,0,,144990,177776,115375,2626318018,관악드림타운,매매,12억,82,60,저/22,남향,129동,20260514,기본 상태  방3개  깨끗  입구동  상가인접  생활편리,우리부동산공인중개사사무소
관악드림타운,2987,관악드림타운,서울시 관악구 봉천동,관악드림타운,서울시 관악구 봉천동,3544,44,20030906,10,27,,267,16,37.490479,126.950561,3,24D,82.47,60,18.15,73,352,3,1,계단식,38,"11억 7,000",12억,"11억 7,000~12억","(4,690~4,810만원/3.3㎡)",26,"5억 8,000","5억 8,000","5억 8,000","(2,325만원/3.3㎡)",48~50%,0,,144990,177776,115375,2626323911,관악드림타운,매매,"11억 8,000",82,60,저/22,남서향,116동,20260514,24. 거실 작은방 확장 예전 내부올수리,샘터(02-886-3333)공인중개사사무소
관악드림타운,2987,관악드림타운,서울시 관악구 봉천동,관악드림타운,서울시 관악구 봉천동,3544,44,20030906,10,27,,267,16,37.490479,126.950561,3,24D,82.47,60,18.15,73,352,3,1,계단식,38,"11억 7,000",12억,"11억 7,000~12억","(4,690~4,810만원/3.3㎡)",26,"5억 8,000","5억 8,000","5억 8,000","(2,325만원/3.3㎡)",48~50%,0,,144990,177776,115375,2626134071,관악드림타운,매매,"11억 8,000",82,60,저/22,남서향,116동,20260514,24D 남서향 거실 방확장 예전내부 올수리 실입주 가능,대경공인중개사사무소
관악드림타운,2987,관악드림타운,서울시 관악구 봉천동,관악드림타운,서울시 관악구 봉천동,3544,44,20030906,10,27,,267,16,37.490479,126.950561,3,24D,82.47,60,18.15,73,352,3,1,계단식,38,"11억 7,000",12억,"11억 7,000~12억","(4,690~4,810만원/3.3㎡)",26,"5억 8,000","5억 8,000","5억 8,000","(2,325만원/3.3㎡)",48~50%,0,,144990,177776,115375,2625984068,관악드림타운,매매,"11억 8,000",82,60,저/25,남서향,115동,20260513,"거실확장,샷시포함 올수리,교통편리동,입주협의",삼성동아(02-885-0022)단지내공인중개사사무소
관악드림타운,2987,관악드림타운,서울시 관악구 봉천동,관악드림타운,서울시 관악구 봉천동,3544,44,20030906,10,27,,267,16,37.490479,126.950561,3,24D,82.47,60,18.15,73,352,3,1,계단식,38,"11억 7,000",12억,"11억 7,000~12억","(4,690~4,810만원/3.3㎡)",26,"5억 8,000","5억 8,000","5억 8,000","(2,325만원/3.3㎡)",48~50%,0,,144990,177776,115375,2625970116,관악드림타운,매매,"11억 8,000",82,60,저/25,남서향,115동,20260513,"24. 계단식, 트인전망,거실확장 샷시포함 올수리, 교통편리동, 입주협의",명도(단지내02-879-1212)공인중개사사무소
관악드림타운,2987,관악드림타운,서울시 관악구 봉천동,관악드림타운,서울시 관악구 봉천동,3544,44,20030906,10,27,,267,16,37.490479,126.950561,3,24D,82.47,60,18.15,73,352,3,1,계단식,38,"11억 7,000",12억,"11억 7,000~12억","(4,690~4,810만원/3.3㎡)",26,"5억 8,000","5억 8,000","5억 8,000","(2,325만원/3.3㎡)",48~50%,0,,144990,177776,115375,2625088756,관악드림타운,매매,"11억 7,000",82,60,저/22,남서향,116동,20260508,"계단식,방3,거실방확장,예전올수리,트인전망,로얄동,입주협의",삼성동아(02-885-0022)단지내공인중개사사무소
관악드림타운,2987,관악드림타운,서울시 관악구 봉천동,관악드림타운,서울시 관악구 봉천동,3544,44,20030906,10,27,,267,16,37.490479,126.950561,3,24D,82.47,60,18.15,73,352,3,1,계단식,38,"11억 7,000",12억,"11억 7,000~12억","(4,690~4,810만원/3.3㎡)",26,"5억 8,000","5억 8,000","5억 8,000","(2,325만원/3.3㎡)",48~50%,0,,144990,177776,115375,2625978097,관악드림타운,매매,"11억 8,000",82,60,저/22,남서향,116동,20260513,"24. 계단식. 방3. 거실,방확장형. 예전올수리.",한강(드림타운02-888-9393)공인중개사사무소
관악드림타운,2987,관악드림타운,서울시 관악구 봉천동,관악드림타운,서울시 관악구 봉천동,3544,44,20030906,10,27,,267,16,37.490479,126.950561,3,24D,82.47,60,18.15,73,352,3,1,계단식,38,"11억 7,000",12억,"11억 7,000~12억","(4,690~4,810만원/3.3㎡)",26,"5억 8,000","5억 8,000","5억 8,000","(2,325만원/3.3㎡)",48~50%,0,,144990,177776,115375,2625834974,관악드림타운,매매,"11억 8,000",82,60,저/25,남서향,115동,20260512,"24 계단식 방3개, 거실확장 샷시포함 올수리, 버스 정류장 1분",용(02-886-7171단지내)공인중개사사무소
관악드림타운,2987,관악드림타운,서울시 관악구 봉천동,관악드림타운,서울시 관악구 봉천동,3544,44,20030906,10,27,,267,16,37.490479,126.950561,3,24D,82.47,60,18.15,73,352,3,1,계단식,38,"11억 7,000",12억,"11억 7,000~12억","(4,690~4,810만원/3.3㎡)",26,"5억 8,000","5억 8,000","5억 8,000","(2,325만원/3.3㎡)",48~50%,0,,144990,177776,115375,2625823104,관악드림타운,매매,"11억 8,000",82,60,저/25,남서향,115동,20260512,"정문추천, 24, 신혼부부추천, 샤시포함 거실확장 올수리 ,교통편리,초록",관악센트씨엘정문(877-1002-단지내)공인중개사사무소
관악드림타운,2987,관악드림타운,서울시 관악구 봉천동,관악드림타운,서울시 관악구 봉천동,3544,44,20030906,10,27,,267,16,37.490479,126.950561,3,24D,82.47,60,18.15,73,352,3,1,계단식,38,"11억 7,000",12억,"11억 7,000~12억","(4,690~4,810만원/3.3㎡)",26,"5억 8,000","5억 8,000","5억 8,000","(2,325만원/3.3㎡)",48~50%,0,,144990,177776,115375,2625057286,관악드림타운,매매,"11억 8,000",82,60,저/22,남서향,116동,20260508,"24, 계단식, 거실 방확장 예전올수리, 최고로얄동, 입주협의",명도(단지내02-879-1212)공인중개사사무소
관악드림타운,2987,관악드림타운,서울시 관악구 봉천동,관악드림타운,서울시 관악구 봉천동,3544,44,20030906,10,27,,267,16,37.490479,126.950561,3,24D,82.47,60,18.15,73,352,3,1,계단식,38,"11억 7,000",12억,"11억 7,000~12억","(4,690~4,810만원/3.3㎡)",26,"5억 8,000","5억 8,000","5억 8,000","(2,325만원/3.3㎡)",48~50%,0,,144990,177776,115375,2623936997,관악드림타운,매매,"11억 8,000",82,60,저/25,남서향,115동,20260502,"24. 계단식. 거실,방확장. 샷시포함 올수리. 정류장1분. 입주협의",한강(드림타운02-888-9393)공인중개사사무소
관악드림타운,2987,관악드림타운,서울시 관악구 봉천동,관악드림타운,서울시 관악구 봉천동,3544,44,20030906,10,27,,267,16,37.490479,126.950561,3,24D,82.47,60,18.15,73,352,3,1,계단식,38,"11억 7,000",12억,"11억 7,000~12억","(4,690~4,810만원/3.3㎡)",26,"5억 8,000","5억 8,000","5억 8,000","(2,325만원/3.3㎡)",48~50%,0,,144990,177776,115375,2624630899,관악드림타운,매매,"11억 8,000",82,60,저/25,남서향,115동,20260506,"샷시포함 올수리,거실확장,교통편리동 입주협의",삼성동아(02-885-0022)단지내공인중개사사무소
관악드림타운,2987,관악드림타운,서울시 관악구 봉천동,관악드림타운,서울시 관악구 봉천동,3544,44,20030906,10,27,,267,16,37.490479,126.950561,3,24D,82.47,60,18.15,73,352,3,1,계단식,38,"11억 7,000",12억,"11억 7,000~12억","(4,690~4,810만원/3.3㎡)",26,"5억 8,000","5억 8,000","5억 8,000","(2,325만원/3.3㎡)",48~50%,0,,144990,177776,115375,2622434028,관악드림타운,매매,"11억 8,000",82,60,3/25,남서향,115동,20260424,24.남서향.거실확장.샷시포함 올수리.채광조망굿.정류장1분.통학편리동,두산(02-882-3380)공인중개사사무소
관악드림타운,2987,관악드림타운,서울시 관악구 봉천동,관악드림타운,서울시 관악구 봉천동,3544,44,20030906,10,27,,267,16,37.490479,126.950561,3,24D,82.47,60,18.15,73,352,3,1,계단식,38,"11억 7,000",12억,"11억 7,000~12억","(4,690~4,810만원/3.3㎡)",26,"5억 8,000","5억 8,000","5억 8,000","(2,325만원/3.3㎡)",48~50%,0,,144990,177776,115375,2623962543,관악드림타운,매매,"11억 8,000",82,60,저/25,남서향,115동,20260502,"24. 샤시 포함 확장 올수리. 계단식 방3개,거실에서 트인 전망.",대경공인중개사사무소
관악드림타운,2987,관악드림타운,서울시 관악구 봉천동,관악드림타운,서울시 관악구 봉천동,3544,44,20030906,10,27,,267,16,37.490479,126.950561,3,24D,82.47,60,18.15,73,352,3,1,계단식,38,"11억 7,000",12억,"11억 7,000~12억","(4,690~4,810만원/3.3㎡)",26,"5억 8,000","5억 8,000","5억 8,000","(2,325만원/3.3㎡)",48~50%,0,,144990,177776,115375,2623870241,관악드림타운,매매,"11억 8,000",82,60,저/25,남서향,115동,20260502,올수리  입주협의,사계절공인중개사사무소
관악드림타운,2987,관악드림타운,서울시 관악구 봉천동,관악드림타운,서울시 관악구 봉천동,3544,44,20030906,10,27,,267,16,37.490479,126.950561,3,24D,82.47,60,18.15,73,352,3,1,계단식,38,"11억 7,000",12억,"11억 7,000~12억","(4,690~4,810만원/3.3㎡)",26,"5억 8,000","5억 8,000","5억 8,000","(2,325만원/3.3㎡)",48~50%,0,,144990,177776,115375,2623740281,관악드림타운,매매,"11억 8,000",82,60,저/25,남서향,115동,20260502,"24.계단식,트인전망,거실확장 샷시포함 올수리,교통편리동,입주협의",명도(단지내02-879-1212)공인중개사사무소
관악드림타운,2987,관악드림타운,서울시 관악구 봉천동,관악드림타운,서울시 관악구 봉천동,3544,44,20030906,10,27,,267,16,37.490479,126.950561,3,24D,82.47,60,18.15,73,352,3,1,계단식,38,"11억 7,000",12억,"11억 7,000~12억","(4,690~4,810만원/3.3㎡)",26,"5억 8,000","5억 8,000","5억 8,000","(2,325만원/3.3㎡)",48~50%,0,,144990,177776,115375,2623222964,관악드림타운,매매,"11억 8,000",82,60,저/22,남서향,116동,20260429,24D 남서향. 거실 방 확장. 예전 내부 올수리. 입주협의,드림명문공인중개사사무소
관악드림타운,2987,관악드림타운,서울시 관악구 봉천동,관악드림타운,서울시 관악구 봉천동,3544,44,20030906,10,27,,267,16,37.490479,126.950561,3,24D,82.47,60,18.15,73,352,3,1,계단식,38,"11억 7,000",12억,"11억 7,000~12억","(4,690~4,810만원/3.3㎡)",26,"5억 8,000","5억 8,000","5억 8,000","(2,325만원/3.3㎡)",48~50%,0,,144990,177776,115375,2623107531,관악드림타운,매매,"11억 8,000",82,60,저/22,남서향,116동,20260428,"24D, 방3, 계단식 구조, 거실방확장, 내부 깔끔함, 입주협의",대경공인중개사사무소
관악드림타운,2987,관악드림타운,서울시 관악구 봉천동,관악드림타운,서울시 관악구 봉천동,3544,44,20030906,10,27,,267,16,37.490479,126.950561,3,24D,82.47,60,18.15,73,352,3,1,계단식,38,"11억 7,000",12억,"11억 7,000~12억","(4,690~4,810만원/3.3㎡)",26,"5억 8,000","5억 8,000","5억 8,000","(2,325만원/3.3㎡)",48~50%,0,,144990,177776,115375,2622268018,관악드림타운,매매,"11억 8,000",82,60,저/22,남서향,116동,20260424,"24D 로얄동, 계단식, 확장형 예전 올수리, 입주협의",현대공인중개사사무소
관악드림타운,2987,관악드림타운,서울시 관악구 봉천동,관악드림타운,서울시 관악구 봉천동,3544,44,20030906,10,27,,267,16,37.490479,126.950561,3,24D,82.47,60,18.15,73,352,3,1,계단식,38,"11억 7,000",12억,"11억 7,000~12억","(4,690~4,810만원/3.3㎡)",26,"5억 8,000","5억 8,000","5억 8,000","(2,325만원/3.3㎡)",48~50%,0,,144990,177776,115375,2622461202,관악드림타운,매매,"11억 8,000",82,60,저/25,남서향,115동,20260424,"24D 계단식, 샷시 포함 확장 올수리, 조망 채광 굿",현대공인중개사사무소
관악드림타운,2987,관악드림타운,서울시 관악구 봉천동,관악드림타운,서울시 관악구 봉천동,3544,44,20030906,10,27,,267,16,37.490479,126.950561,3,24D,82.47,60,18.15,73,352,3,1,계단식,38,"11억 7,000",12억,"11억 7,000~12억","(4,690~4,810만원/3.3㎡)",26,"5억 8,000","5억 8,000","5억 8,000","(2,325만원/3.3㎡)",48~50%,0,,144990,177776,115375,2621791901,관악드림타운,매매,"11억 8,000",82,60,저/25,남서향,115동,20260422,거실확장 샤시포함 올수리 남서향 교통편리,드림타운단지내(02-878-6000)공인중개사사무소
관악드림타운,2987,관악드림타운,서울시 관악구 봉천동,관악드림타운,서울시 관악구 봉천동,3544,44,20030906,10,27,,267,16,37.490479,126.950561,3,24D,82.47,60,18.15,73,352,3,1,계단식,38,"11억 7,000",12억,"11억 7,000~12억","(4,690~4,810만원/3.3㎡)",26,"5억 8,000","5억 8,000","5억 8,000","(2,325만원/3.3㎡)",48~50%,0,,144990,177776,115375,2621848427,관악드림타운,매매,"11억 8,000",82,60,저/22,남서향,116동,20260422,24판상형 단지내 동선굿 편세권 생활동선이 좋아요,더드림부동산공인중개사사무소
관악드림타운,2987,관악드림타운,서울시 관악구 봉천동,관악드림타운,서울시 관악구 봉천동,3544,44,20030906,10,27,,267,16,37.490479,126.950561,3,24D,82.47,60,18.15,73,352,3,1,계단식,38,"11억 7,000",12억,"11억 7,000~12억","(4,690~4,810만원/3.3㎡)",26,"5억 8,000","5억 8,000","5억 8,000","(2,325만원/3.3㎡)",48~50%,0,,144990,177776,115375,2621772365,관악드림타운,매매,"11억 8,000",82,60,저/25,남서향,115동,20260421,"참좋은24, 계단형, 샷시포함올수리, 거실확장, 채광전망굿,정류장1분",참좋은부동산공인중개사사무소
관악드림타운,2987,관악드림타운,서울시 관악구 봉천동,관악드림타운,서울시 관악구 봉천동,3544,44,20030906,10,27,,267,16,37.490479,126.950561,3,24D,82.47,60,18.15,73,352,3,1,계단식,38,"11억 7,000",12억,"11억 7,000~12억","(4,690~4,810만원/3.3㎡)",26,"5억 8,000","5억 8,000","5억 8,000","(2,325만원/3.3㎡)",48~50%,0,,144990,177776,115375,2621176637,관악드림타운,매매,"11억 8,000",82,60,저/25,남서향,115동,20260418,"24D, 신혼부부 추천매물, 거실확장, 샷시 포함 내부 올수리",구암(02-888-1700)공인중개사사무소
관악드림타운,2987,관악드림타운,서울시 관악구 봉천동,관악드림타운,서울시 관악구 봉천동,3544,44,20030906,10,27,,267,16,37.490479,126.950561,3,24D,82.47,60,18.15,73,352,3,1,계단식,38,"11억 7,000",12억,"11억 7,000~12억","(4,690~4,810만원/3.3㎡)",26,"5억 8,000","5억 8,000","5억 8,000","(2,325만원/3.3㎡)",48~50%,0,,144990,177776,115375,2621271045,관악드림타운,매매,"11억 8,000",82,60,저/22,남서향,116동,20260418,"참좋은 25D,계단형, 예전올수리, 채광굿, 거실방확장, 상가인접편리",참좋은부동산공인중개사사무소
관악드림타운,2987,관악드림타운,서울시 관악구 봉천동,관악드림타운,서울시 관악구 봉천동,3544,44,20030906,10,27,,267,16,37.490479,126.950561,3,24D,82.47,60,18.15,73,352,3,1,계단식,38,"11억 7,000",12억,"11억 7,000~12억","(4,690~4,810만원/3.3㎡)",26,"5억 8,000","5억 8,000","5억 8,000","(2,325만원/3.3㎡)",48~50%,0,,144990,177776,115375,2623751261,관악드림타운,매매,"11억 8,000",82,60,저/25,남서향,115동,20260501,"정문추천, 24, 신혼부부추천, 샤시포함 올수리, 신혼부부추천, 높은저층",관악센트씨엘정문(877-1002-단지내)공인중개사사무소
관악드림타운,2987,관악드림타운,서울시 관악구 봉천동,관악드림타운,서울시 관악구 봉천동,3544,44,20030906,10,27,,267,16,37.490479,126.950561,4,25A,82.93,59.85,18.1,72,324,2,1,복합식,19,"10억 9,500","12억 2,000","10억 9,500~12억 2,000","(4,365~4,863만원/3.3㎡)",0,,,,,,29,"5,000/200~8,000/220",144627,177331,115087,2626588846,관악드림타운,매매,"10억 9,500",82,59,18/27,서향,132동,20260516,"신혼강추,일부수리,로얄동,입주협의",삼성동아(02-885-0022)단지내공인중개사사무소
관악드림타운,2987,관악드림타운,서울시 관악구 봉천동,관악드림타운,서울시 관악구 봉천동,3544,44,20030906,10,27,,267,16,37.490479,126.950561,4,25A,82.93,59.85,18.1,72,324,2,1,복합식,19,"10억 9,500","12억 2,000","10억 9,500~12억 2,000","(4,365~4,863만원/3.3㎡)",0,,,,,,29,"5,000/200~8,000/220",144627,177331,115087,2626658660,관악드림타운,매매,"10억 9,500",82,59,중/27,남서향,132동,20260516,가격 굿  강추 단지중앙 인기동  씽크대교체 등 부분수리 주방넓은구조,대지부동산(단지내02-887-4949)공인중개사사무소
관악드림타운,2987,관악드림타운,서울시 관악구 봉천동,관악드림타운,서울시 관악구 봉천동,3544,44,20030906,10,27,,267,16,37.490479,126.950561,4,25A,82.93,59.85,18.1,72,324,2,1,복합식,19,"10억 9,500","12억 2,000","10억 9,500~12억 2,000","(4,365~4,863만원/3.3㎡)",0,,,,,,29,"5,000/200~8,000/220",144627,177331,115087,2626659311,관악드림타운,매매,"10억 9,500",82,59,중/27,서향,132동,20260516,가격 굿 강추 단지 중앙 인기동 씽크대교체 등 부분수리 이사협의,대지부동산(단지내02-887-4949)공인중개사사무소
관악드림타운,2987,관악드림타운,서울시 관악구 봉천동,관악드림타운,서울시 관악구 봉천동,3544,44,20030906,10,27,,267,16,37.490479,126.950561,4,25A,82.93,59.85,18.1,72,324,2,1,복합식,19,"10억 9,500","12억 2,000","10억 9,500~12억 2,000","(4,365~4,863만원/3.3㎡)",0,,,,,,29,"5,000/200~8,000/220",144627,177331,115087,2626863811,관악드림타운,매매,"10억 9,500",82,59,18/27,서향,132동,20260518,"25A 가격굿, 부분수리, 단지중앙 인기동, ATM기 편의점 상가1분",용(02-886-7171단지내)공인중개사사무소
관악드림타운,2987,관악드림타운,서울시 관악구 봉천동,관악드림타운,서울시 관악구 봉천동,3544,44,20030906,10,27,,267,16,37.490479,126.950561,4,25A,82.93,59.85,18.1,72,324,2,1,복합식,19,"10억 9,500","12억 2,000","10억 9,500~12억 2,000","(4,365~4,863만원/3.3㎡)",0,,,,,,29,"5,000/200~8,000/220",144627,177331,115087,2626907874,관악드림타운,매매,"10억 9,500",82,59,18/27,서향,132동,20260518,"25, 방2개,주방 넓은구조, 로얄동, 채광,전망좋음,단지중앙 생활편리동",명도(단지내02-879-1212)공인중개사사무소
관악드림타운,2987,관악드림타운,서울시 관악구 봉천동,관악드림타운,서울시 관악구 봉천동,3544,44,20030906,10,27,,267,16,37.490479,126.950561,4,25A,82.93,59.85,18.1,72,324,2,1,복합식,19,"10억 9,500","12억 2,000","10억 9,500~12억 2,000","(4,365~4,863만원/3.3㎡)",0,,,,,,29,"5,000/200~8,000/220",144627,177331,115087,2626502871,관악드림타운,매매,"11억 2,000",82,59,18/27,남서향,132동,20260515,25.남서향.싱크대등 부분수리되 깔끔.채광 전망굿.정류장및 상가인접동,두산(02-882-3380)공인중개사사무소
관악드림타운,2987,관악드림타운,서울시 관악구 봉천동,관악드림타운,서울시 관악구 봉천동,3544,44,20030906,10,27,,267,16,37.490479,126.950561,4,25A,82.93,59.85,18.1,72,324,2,1,복합식,19,"10억 9,500","12억 2,000","10억 9,500~12억 2,000","(4,365~4,863만원/3.3㎡)",0,,,,,,29,"5,000/200~8,000/220",144627,177331,115087,2625919811,관악드림타운,매매,"12억 2,000",82,59,저/27,남서향,130동,20260513,공동가59A초특급올수리최근  드림타운최상의 동선선호동 귀한매물,더드림부동산공인중개사사무소
관악드림타운,2987,관악드림타운,서울시 관악구 봉천동,관악드림타운,서울시 관악구 봉천동,3544,44,20030906,10,27,,267,16,37.490479,126.950561,4,25A,82.93,59.85,18.1,72,324,2,1,복합식,19,"10억 9,500","12억 2,000","10억 9,500~12억 2,000","(4,365~4,863만원/3.3㎡)",0,,,,,,29,"5,000/200~8,000/220",144627,177331,115087,2626003294,관악드림타운,매매,"11억 1,000",82,59,고/27,서향,130동,20260513,"25. 주방넓은 구조.상가,구암초인접. 기본.",한강(드림타운02-888-9393)공인중개사사무소
관악드림타운,2987,관악드림타운,서울시 관악구 봉천동,관악드림타운,서울시 관악구 봉천동,3544,44,20030906,10,27,,267,16,37.490479,126.950561,4,25A,82.93,59.85,18.1,72,324,2,1,복합식,19,"10억 9,500","12억 2,000","10억 9,500~12억 2,000","(4,365~4,863만원/3.3㎡)",0,,,,,,29,"5,000/200~8,000/220",144627,177331,115087,2626697480,관악드림타운,매매,"10억 9,500",82,59,18/27,서향,132동,20260516,추천 착한가격  부분수리 시원한전망 단지중앙동 생활편리,베스트(단지내02-872-2600)공인중개사사무소
관악드림타운,2987,관악드림타운,서울시 관악구 봉천동,관악드림타운,서울시 관악구 봉천동,3544,44,20030906,10,27,,267,16,37.490479,126.950561,4,25A,82.93,59.85,18.1,72,324,2,1,복합식,19,"10억 9,500","12억 2,000","10억 9,500~12억 2,000","(4,365~4,863만원/3.3㎡)",0,,,,,,29,"5,000/200~8,000/220",144627,177331,115087,2626648223,관악드림타운,매매,"10억 9,500",82,59,18/27,서향,132동,20260516,25. 방2 주방 넓은 타입. 신혼부부 선호. 부분수리. 단지중앙.,한강(드림타운02-888-9393)공인중개사사무소
관악드림타운,2987,관악드림타운,서울시 관악구 봉천동,관악드림타운,서울시 관악구 봉천동,3544,44,20030906,10,27,,267,16,37.490479,126.950561,4,25A,82.93,59.85,18.1,72,324,2,1,복합식,19,"10억 9,500","12억 2,000","10억 9,500~12억 2,000","(4,365~4,863만원/3.3㎡)",0,,,,,,29,"5,000/200~8,000/220",144627,177331,115087,2626204081,관악드림타운,매매,"11억 1,000",82,59,고/27,서향,130동,20260514,"로얄동,상가,유,초등학교 근접,전망나옴,입주협의",삼성동아(02-885-0022)단지내공인중개사사무소
관악드림타운,2987,관악드림타운,서울시 관악구 봉천동,관악드림타운,서울시 관악구 봉천동,3544,44,20030906,10,27,,267,16,37.490479,126.950561,4,25A,82.93,59.85,18.1,72,324,2,1,복합식,19,"10억 9,500","12억 2,000","10억 9,500~12억 2,000","(4,365~4,863만원/3.3㎡)",0,,,,,,29,"5,000/200~8,000/220",144627,177331,115087,2626678209,관악드림타운,매매,"12억 2,000",82,59,저/27,동향,130동,20260516,25 남향 샷시포함확장특올수리 우수학세권,박사(정문02-877-6000)공인중개사사무소
관악드림타운,2987,관악드림타운,서울시 관악구 봉천동,관악드림타운,서울시 관악구 봉천동,3544,44,20030906,10,27,,267,16,37.490479,126.950561,4,25A,82.93,59.85,18.1,72,324,2,1,복합식,19,"10억 9,500","12억 2,000","10억 9,500~12억 2,000","(4,365~4,863만원/3.3㎡)",0,,,,,,29,"5,000/200~8,000/220",144627,177331,115087,2626657997,관악드림타운,매매,"11억 1,000",82,59,고/27,서향,130동,20260516,상가인접동  전망 좋아요,사계절공인중개사사무소
관악드림타운,2987,관악드림타운,서울시 관악구 봉천동,관악드림타운,서울시 관악구 봉천동,3544,44,20030906,10,27,,267,16,37.490479,126.950561,4,25A,82.93,59.85,18.1,72,324,2,1,복합식,19,"10억 9,500","12억 2,000","10억 9,500~12억 2,000","(4,365~4,863만원/3.3㎡)",0,,,,,,29,"5,000/200~8,000/220",144627,177331,115087,2626700812,관악드림타운,매매,"11억 1,000",82,59,고/27,서향,130동,20260516,추천 착한가격 시원한뷰 상가가까운인기동,베스트(단지내02-872-2600)공인중개사사무소
관악드림타운,2987,관악드림타운,서울시 관악구 봉천동,관악드림타운,서울시 관악구 봉천동,3544,44,20030906,10,27,,267,16,37.490479,126.950561,4,25A,82.93,59.85,18.1,72,324,2,1,복합식,19,"10억 9,500","12억 2,000","10억 9,500~12억 2,000","(4,365~4,863만원/3.3㎡)",0,,,,,,29,"5,000/200~8,000/220",144627,177331,115087,2625343149,관악드림타운,매매,"10억 9,500",82,59,18/27,서향,132동,20260509,"25, 방2개,주방 넓은구조, 로얄동, 채광,전망좋음,단지중앙 생활편리동",명도(단지내02-879-1212)공인중개사사무소
관악드림타운,2987,관악드림타운,서울시 관악구 봉천동,관악드림타운,서울시 관악구 봉천동,3544,44,20030906,10,27,,267,16,37.490479,126.950561,4,25A,82.93,59.85,18.1,72,324,2,1,복합식,19,"10억 9,500","12억 2,000","10억 9,500~12억 2,000","(4,365~4,863만원/3.3㎡)",0,,,,,,29,"5,000/200~8,000/220",144627,177331,115087,2626254646,관악드림타운,매매,"11억 1,000",82,59,고/27,서향,130동,20260514,"25A 기본, 하늘맛집 굿, 초중고 통학편리, 편의점 상가1분 생활편리동",용(02-886-7171단지내)공인중개사사무소
관악드림타운,2987,관악드림타운,서울시 관악구 봉천동,관악드림타운,서울시 관악구 봉천동,3544,44,20030906,10,27,,267,16,37.490479,126.950561,4,25A,82.93,59.85,18.1,72,324,2,1,복합식,19,"10억 9,500","12억 2,000","10억 9,500~12억 2,000","(4,365~4,863만원/3.3㎡)",0,,,,,,29,"5,000/200~8,000/220",144627,177331,115087,2626094630,관악드림타운,매매,"11억 1,000",82,59,고/27,서향,130동,20260513,25. 기본 중앙동 생활편리 내부깨끗,샘터(02-886-3333)공인중개사사무소
관악드림타운,2987,관악드림타운,서울시 관악구 봉천동,관악드림타운,서울시 관악구 봉천동,3544,44,20030906,10,27,,267,16,37.490479,126.950561,4,25A,82.93,59.85,18.1,72,324,2,1,복합식,19,"10억 9,500","12억 2,000","10억 9,500~12억 2,000","(4,365~4,863만원/3.3㎡)",0,,,,,,29,"5,000/200~8,000/220",144627,177331,115087,2626084812,관악드림타운,매매,"11억 1,000",82,59,고/27,서향,130동,20260513,"25. 로얄동, 전망굿, 채광좋음, 유초교 통학편리, 상가인접 생활편리",명도(단지내02-879-1212)공인중개사사무소
관악드림타운,2987,관악드림타운,서울시 관악구 봉천동,관악드림타운,서울시 관악구 봉천동,3544,44,20030906,10,27,,267,16,37.490479,126.950561,4,25A,82.93,59.85,18.1,72,324,2,1,복합식,19,"10억 9,500","12억 2,000","10억 9,500~12억 2,000","(4,365~4,863만원/3.3㎡)",0,,,,,,29,"5,000/200~8,000/220",144627,177331,115087,2625836017,관악드림타운,매매,"10억 9,500",82,59,중/27,남서향,132동,20260512,25. 부분수리 단지중앙동 입주협의,샘터(02-886-3333)공인중개사사무소
관악드림타운,2987,관악드림타운,서울시 관악구 봉천동,관악드림타운,서울시 관악구 봉천동,3544,44,20030906,10,27,,267,16,37.490479,126.950561,5,25B,82.91,59.83,18.09,72,324,3,1,복합식,55,"11억 4,000",12억,"11억 4,000~12억","(4,545~4,785만원/3.3㎡)",0,,,,,,6,"1억 5,000/150~4억 8,000/50",144579,177272,115048,2626232243,관악드림타운,매매,"11억 4,000",82,59,2/27,남향,124동,20260514,정류장1분 출퇴근편리 관리잘된집 거실.방확장 햇살좋은정남향 입주가능매물,베스트(단지내02-872-2600)공인중개사사무소
관악드림타운,2987,관악드림타운,서울시 관악구 봉천동,관악드림타운,서울시 관악구 봉천동,3544,44,20030906,10,27,,267,16,37.490479,126.950561,5,25B,82.91,59.83,18.09,72,324,3,1,복합식,55,"11억 4,000",12억,"11억 4,000~12억","(4,545~4,785만원/3.3㎡)",0,,,,,,6,"1억 5,000/150~4억 8,000/50",144579,177272,115048,2625765819,관악드림타운,매매,"11억 4,000",82,59,2/27,남향,124동,20260512,3bay 인기구조 거실방확장 공원뷰가 예쁜집,용(02-886-7171 단지내)공인중개사사무소
관악드림타운,2987,관악드림타운,서울시 관악구 봉천동,관악드림타운,서울시 관악구 봉천동,3544,44,20030906,10,27,,267,16,37.490479,126.950561,5,25B,82.91,59.83,18.09,72,324,3,1,복합식,55,"11억 4,000",12억,"11억 4,000~12억","(4,545~4,785만원/3.3㎡)",0,,,,,,6,"1억 5,000/150~4억 8,000/50",144579,177272,115048,2625796097,관악드림타운,매매,"11억 4,000",82,59,2/27,남향,124동,20260512,"공동가능,거실방확장형, 교통편리동,입주협의",삼성동아(02-885-0022)단지내공인중개사사무소
관악드림타운,2987,관악드림타운,서울시 관악구 봉천동,관악드림타운,서울시 관악구 봉천동,3544,44,20030906,10,27,,267,16,37.490479,126.950561,5,25B,82.91,59.83,18.09,72,324,3,1,복합식,55,"11억 4,000",12억,"11억 4,000~12억","(4,545~4,785만원/3.3㎡)",0,,,,,,6,"1억 5,000/150~4억 8,000/50",144579,177272,115048,2626884604,관악드림타운,매매,"11억 7,000",82,59,중/27,남향,118동,20260518,"정남향, 확장되지 않음, 상가 가까운 인기동.",제일공인중개사사무소
관악드림타운,2987,관악드림타운,서울시 관악구 봉천동,관악드림타운,서울시 관악구 봉천동,3544,44,20030906,10,27,,267,16,37.490479,126.950561,5,25B,82.91,59.83,18.09,72,324,3,1,복합식,55,"11억 4,000",12억,"11억 4,000~12억","(4,545~4,785만원/3.3㎡)",0,,,,,,6,"1억 5,000/150~4억 8,000/50",144579,177272,115048,2625518217,관악드림타운,매매,"11억 4,000",82,59,2/27,남향,124동,20260511,"공동가능,확장형, 교통편리동,입주협의",삼성동아(02-885-0022)단지내공인중개사사무소
관악드림타운,2987,관악드림타운,서울시 관악구 봉천동,관악드림타운,서울시 관악구 봉천동,3544,44,20030906,10,27,,267,16,37.490479,126.950561,5,25B,82.91,59.83,18.09,72,324,3,1,복합식,55,"11억 4,000",12억,"11억 4,000~12억","(4,545~4,785만원/3.3㎡)",0,,,,,,6,"1억 5,000/150~4억 8,000/50",144579,177272,115048,2625694264,관악드림타운,매매,"11억 4,000",82,59,2/27,남향,124동,20260511,공동환영 거실과 방2개확장 기본  교통편리 이사일 협의,드림타운단지내(02-878-6000)공인중개사사무소
관악드림타운,2987,관악드림타운,서울시 관악구 봉천동,관악드림타운,서울시 관악구 봉천동,3544,44,20030906,10,27,,267,16,37.490479,126.950561,5,25B,82.91,59.83,18.09,72,324,3,1,복합식,55,"11억 4,000",12억,"11억 4,000~12억","(4,545~4,785만원/3.3㎡)",0,,,,,,6,"1억 5,000/150~4억 8,000/50",144579,177272,115048,2626414348,관악드림타운,매매,12억,82,59,중/27,남향,130동,20260515,25B. 샷시포함 올수리 거실.작은방확장 로얄동 정남향 입주협의 공동환영,대경공인중개사사무소
관악드림타운,2987,관악드림타운,서울시 관악구 봉천동,관악드림타운,서울시 관악구 봉천동,3544,44,20030906,10,27,,267,16,37.490479,126.950561,5,25B,82.91,59.83,18.09,72,324,3,1,복합식,55,"11억 4,000",12억,"11억 4,000~12억","(4,545~4,785만원/3.3㎡)",0,,,,,,6,"1억 5,000/150~4억 8,000/50",144579,177272,115048,2626032059,관악드림타운,매매,"11억 8,000",82,59,중/27,남향,124동,20260513,25. 정남향. 채광굿. 뷰 좋아요. 내부깔끔. 방3개. 정류장 인접.,한강(드림타운02-888-9393)공인중개사사무소
관악드림타운,2987,관악드림타운,서울시 관악구 봉천동,관악드림타운,서울시 관악구 봉천동,3544,44,20030906,10,27,,267,16,37.490479,126.950561,5,25B,82.91,59.83,18.09,72,324,3,1,복합식,55,"11억 4,000",12억,"11억 4,000~12억","(4,545~4,785만원/3.3㎡)",0,,,,,,6,"1억 5,000/150~4억 8,000/50",144579,177272,115048,2626094898,관악드림타운,매매,"11억 8,000",82,59,고/27,남향,135동,20260513,25. 협의입주. 햇살 좋은 남향. 관악산 뷰.,샘터(02-886-3333)공인중개사사무소
관악드림타운,2987,관악드림타운,서울시 관악구 봉천동,관악드림타운,서울시 관악구 봉천동,3544,44,20030906,10,27,,267,16,37.490479,126.950561,5,25B,82.91,59.83,18.09,72,324,3,1,복합식,55,"11억 4,000",12억,"11억 4,000~12억","(4,545~4,785만원/3.3㎡)",0,,,,,,6,"1억 5,000/150~4억 8,000/50",144579,177272,115048,2625633661,관악드림타운,매매,"11억 4,000",82,59,저/27,남향,124동,20260511,25. 공동가.거실과 작은방 2개 확장. 높은저층. 햇살 좋은 남향.,샘터(02-886-3333)공인중개사사무소
관악드림타운,2987,관악드림타운,서울시 관악구 봉천동,관악드림타운,서울시 관악구 봉천동,3544,44,20030906,10,27,,267,16,37.490479,126.950561,5,25B,82.91,59.83,18.09,72,324,3,1,복합식,55,"11억 4,000",12억,"11억 4,000~12억","(4,545~4,785만원/3.3㎡)",0,,,,,,6,"1억 5,000/150~4억 8,000/50",144579,177272,115048,2625721654,관악드림타운,매매,"11억 4,000",82,59,2/27,남향,124동,20260512,25 거실.방2확장 채광굿 입주일협의가능 공원뷰,둥지(단지내02-871-4455)공인중개사사무소
관악드림타운,2987,관악드림타운,서울시 관악구 봉천동,관악드림타운,서울시 관악구 봉천동,3544,44,20030906,10,27,,267,16,37.490479,126.950561,5,25B,82.91,59.83,18.09,72,324,3,1,복합식,55,"11억 4,000",12억,"11억 4,000~12억","(4,545~4,785만원/3.3㎡)",0,,,,,,6,"1억 5,000/150~4억 8,000/50",144579,177272,115048,2625537397,관악드림타운,매매,"11억 4,000",82,59,2/27,남향,124동,20260511,"25.방3,정남향,확장형. 높은저층.정류장인접동.",한강(드림타운02-888-9393)공인중개사사무소
관악드림타운,2987,관악드림타운,서울시 관악구 봉천동,관악드림타운,서울시 관악구 봉천동,3544,44,20030906,10,27,,267,16,37.490479,126.950561,5,25B,82.91,59.83,18.09,72,324,3,1,복합식,55,"11억 4,000",12억,"11억 4,000~12억","(4,545~4,785만원/3.3㎡)",0,,,,,,6,"1억 5,000/150~4억 8,000/50",144579,177272,115048,2626831134,관악드림타운,매매,"11억 8,000",82,59,중/27,남동향,130동,20260518,로얄25계약가능 올수리 거실방 확장 7월입주가능 트인 뷰 채광굿 ,로얄단지내02-3280-0999공인중개사사무소
관악드림타운,2987,관악드림타운,서울시 관악구 봉천동,관악드림타운,서울시 관악구 봉천동,3544,44,20030906,10,27,,267,16,37.490479,126.950561,5,25B,82.91,59.83,18.09,72,324,3,1,복합식,55,"11억 4,000",12억,"11억 4,000~12억","(4,545~4,785만원/3.3㎡)",0,,,,,,6,"1억 5,000/150~4억 8,000/50",144579,177272,115048,2626836184,관악드림타운,매매,"11억 5,000",82,59,저/27,남동향,124동,20260518,로얄24금액조정 계약가능 가든뷰 거실방 확장 ,로얄단지내02-3280-0999공인중개사사무소
관악드림타운,2987,관악드림타운,서울시 관악구 봉천동,관악드림타운,서울시 관악구 봉천동,3544,44,20030906,10,27,,267,16,37.490479,126.950561,5,25B,82.91,59.83,18.09,72,324,3,1,복합식,55,"11억 4,000",12억,"11억 4,000~12억","(4,545~4,785만원/3.3㎡)",0,,,,,,6,"1억 5,000/150~4억 8,000/50",144579,177272,115048,2626722543,관악드림타운,매매,"11억 7,000",82,59,중/27,남향,118동,20260516,25. 전망 좋은 남향. 예쁘게 수리해보세요. 협의입주.,샘터(02-886-3333)공인중개사사무소
관악드림타운,2987,관악드림타운,서울시 관악구 봉천동,관악드림타운,서울시 관악구 봉천동,3544,44,20030906,10,27,,267,16,37.490479,126.950561,5,25B,82.91,59.83,18.09,72,324,3,1,복합식,55,"11억 4,000",12억,"11억 4,000~12억","(4,545~4,785만원/3.3㎡)",0,,,,,,6,"1억 5,000/150~4억 8,000/50",144579,177272,115048,2624397163,관악드림타운,매매,"11억 4,000",82,59,저/27,남향,124동,20260505,"북문출입구 가까운동으로 교통이 편리한 동, 거실 방확장 깨끗한 집 매매",럭키공인중개사사무소
관악드림타운,2987,관악드림타운,서울시 관악구 봉천동,관악드림타운,서울시 관악구 봉천동,3544,44,20030906,10,27,,267,16,37.490479,126.950561,5,25B,82.91,59.83,18.09,72,324,3,1,복합식,55,"11억 4,000",12억,"11억 4,000~12억","(4,545~4,785만원/3.3㎡)",0,,,,,,6,"1억 5,000/150~4억 8,000/50",144579,177272,115048,2624402888,관악드림타운,매매,"11억 5,000",82,59,저/27,남향,124동,20260505,"25 , 공동가,거실과 작은방 두개 확장됨. 기본상태임",사랑공인중개사사무소
관악드림타운,2987,관악드림타운,서울시 관악구 봉천동,관악드림타운,서울시 관악구 봉천동,3544,44,20030906,10,27,,267,16,37.490479,126.950561,5,25B,82.91,59.83,18.09,72,324,3,1,복합식,55,"11억 4,000",12억,"11억 4,000~12억","(4,545~4,785만원/3.3㎡)",0,,,,,,6,"1억 5,000/150~4억 8,000/50",144579,177272,115048,2626430675,관악드림타운,매매,"11억 4,000",82,59,저/27,남향,124동,20260515,"정문강추, 25, 방3,신혼부부추천, 거실 및 방확장, 높은저층, 정남향",관악센트씨엘정문(877-1002-단지내)공인중개사사무소
관악드림타운,2987,관악드림타운,서울시 관악구 봉천동,관악드림타운,서울시 관악구 봉천동,3544,44,20030906,10,27,,267,16,37.490479,126.950561,5,25B,82.91,59.83,18.09,72,324,3,1,복합식,55,"11억 4,000",12억,"11억 4,000~12억","(4,545~4,785만원/3.3㎡)",0,,,,,,6,"1억 5,000/150~4억 8,000/50",144579,177272,115048,2626426537,관악드림타운,매매,12억,82,59,중/27,남향,130동,20260515,"25. 샷시포함 올수리. 거실,방1확장. 로얄동. 전망굿. 추천매물.",한강(드림타운02-888-9393)공인중개사사무소
관악드림타운,2987,관악드림타운,서울시 관악구 봉천동,관악드림타운,서울시 관악구 봉천동,3544,44,20030906,10,27,,267,16,37.490479,126.950561,5,25B,82.91,59.83,18.09,72,324,3,1,복합식,55,"11억 4,000",12억,"11억 4,000~12억","(4,545~4,785만원/3.3㎡)",0,,,,,,6,"1억 5,000/150~4억 8,000/50",144579,177272,115048,2626236060,관악드림타운,매매,12억,82,59,중/27,남향,130동,20260514,샷시포함올수리 거실.방2개확장 막힘없는전망 인기동 입주협의,베스트(단지내02-872-2600)공인중개사사무소
관악드림타운,2987,관악드림타운,서울시 관악구 봉천동,관악드림타운,서울시 관악구 봉천동,3544,44,20030906,10,27,,267,16,37.490479,126.950561,5,25B,82.91,59.83,18.09,72,324,3,1,복합식,55,"11억 4,000",12억,"11억 4,000~12억","(4,545~4,785만원/3.3㎡)",0,,,,,,6,"1억 5,000/150~4억 8,000/50",144579,177272,115048,2626086363,관악드림타운,매매,12억,82,59,중/27,남향,130동,20260513,25. 햇살 좋은 남향. 샤시포함 확장 올수리. 협의입주. 편함.,샘터(02-886-3333)공인중개사사무소
관악드림타운,2987,관악드림타운,서울시 관악구 봉천동,관악드림타운,서울시 관악구 봉천동,3544,44,20030906,10,27,,267,16,37.490479,126.950561,5,25B,82.91,59.83,18.09,72,324,3,1,복합식,55,"11억 4,000",12억,"11억 4,000~12억","(4,545~4,785만원/3.3㎡)",0,,,,,,6,"1억 5,000/150~4억 8,000/50",144579,177272,115048,2626321637,관악드림타운,매매,"11억 4,000",82,59,저/27,남향,124동,20260514,25 거실과 작은방 확장 햇살좋은남향 정류장인접 입주협의,비전부동산공인중개사사무소
관악드림타운,2987,관악드림타운,서울시 관악구 봉천동,관악드림타운,서울시 관악구 봉천동,3544,44,20030906,10,27,,267,16,37.490479,126.950561,5,25B,82.91,59.83,18.09,72,324,3,1,복합식,55,"11억 4,000",12억,"11억 4,000~12억","(4,545~4,785만원/3.3㎡)",0,,,,,,6,"1억 5,000/150~4억 8,000/50",144579,177272,115048,2625922141,관악드림타운,매매,"11억 8,000",82,59,고/27,남서향,135동,20260513,"25. 방3,정남향,방1확장,교통편리,협의입주",한강(드림타운02-888-9393)공인중개사사무소
관악드림타운,2987,관악드림타운,서울시 관악구 봉천동,관악드림타운,서울시 관악구 봉천동,3544,44,20030906,10,27,,267,16,37.490479,126.950561,5,25B,82.91,59.83,18.09,72,324,3,1,복합식,55,"11억 4,000",12억,"11억 4,000~12억","(4,545~4,785만원/3.3㎡)",0,,,,,,6,"1억 5,000/150~4억 8,000/50",144579,177272,115048,2623972221,관악드림타운,매매,12억,82,59,중/27,남향,130동,20260502,샷시포함 올수리 거실.작은방확장 로얄동 정남향 입주협의,대경공인중개사사무소
관악드림타운,2987,관악드림타운,서울시 관악구 봉천동,관악드림타운,서울시 관악구 봉천동,3544,44,20030906,10,27,,267,16,37.490479,126.950561,5,25B,82.91,59.83,18.09,72,324,3,1,복합식,55,"11억 4,000",12억,"11억 4,000~12억","(4,545~4,785만원/3.3㎡)",0,,,,,,6,"1억 5,000/150~4억 8,000/50",144579,177272,115048,2625842826,관악드림타운,매매,"11억 8,000",82,59,고/27,남향,135동,20260512,"25B 방3 정남향, 예전 수리, 관악산 뷰 하늘맛집, 버스정류장 1분",용(02-886-7171단지내)공인중개사사무소
관악드림타운,2987,관악드림타운,서울시 관악구 봉천동,관악드림타운,서울시 관악구 봉천동,3544,44,20030906,10,27,,267,16,37.490479,126.950561,5,25B,82.91,59.83,18.09,72,324,3,1,복합식,55,"11억 4,000",12억,"11억 4,000~12억","(4,545~4,785만원/3.3㎡)",0,,,,,,6,"1억 5,000/150~4억 8,000/50",144579,177272,115048,2625676029,관악드림타운,매매,"11억 8,000",82,59,고/27,남향,135동,20260512,"25. 정남향 ,방3개, 관악산뷰, 채광굿, 예전수리, 교통 편리한동",명도(단지내02-879-1212)공인중개사사무소
관악드림타운,2987,관악드림타운,서울시 관악구 봉천동,관악드림타운,서울시 관악구 봉천동,3544,44,20030906,10,27,,267,16,37.490479,126.950561,5,25B,82.91,59.83,18.09,72,324,3,1,복합식,55,"11억 4,000",12억,"11억 4,000~12억","(4,545~4,785만원/3.3㎡)",0,,,,,,6,"1억 5,000/150~4억 8,000/50",144579,177272,115048,2625835695,관악드림타운,매매,"11억 8,000",82,59,고/27,남향,135동,20260512,관리된집 시원한뷰 일조량풍부 정남향 버스정류장인접,베스트(단지내02-872-2600)공인중개사사무소
관악드림타운,2987,관악드림타운,서울시 관악구 봉천동,관악드림타운,서울시 관악구 봉천동,3544,44,20030906,10,27,,267,16,37.490479,126.950561,5,25B,82.91,59.83,18.09,72,324,3,1,복합식,55,"11억 4,000",12억,"11억 4,000~12억","(4,545~4,785만원/3.3㎡)",0,,,,,,6,"1억 5,000/150~4억 8,000/50",144579,177272,115048,2625820390,관악드림타운,매매,"11억 8,000",82,59,중/27,남향,132동,20260512,25. 정남향. 방3. 내부 올수리. 단지중앙.입주협의,한강(드림타운02-888-9393)공인중개사사무소
관악드림타운,2987,관악드림타운,서울시 관악구 봉천동,관악드림타운,서울시 관악구 봉천동,3544,44,20030906,10,27,,267,16,37.490479,126.950561,5,25B,82.91,59.83,18.09,72,324,3,1,복합식,55,"11억 4,000",12억,"11억 4,000~12억","(4,545~4,785만원/3.3㎡)",0,,,,,,6,"1억 5,000/150~4억 8,000/50",144579,177272,115048,2625471403,관악드림타운,매매,"11억 4,000",82,59,저/27,남향,124동,20260511,"25. 방3개, 정남향, 거실 방확장, 높은저층, 버스정류장 인접",명도(단지내02-879-1212)공인중개사사무소
관악드림타운,2987,관악드림타운,서울시 관악구 봉천동,관악드림타운,서울시 관악구 봉천동,3544,44,20030906,10,27,,267,16,37.490479,126.950561,5,25B,82.91,59.83,18.09,72,324,3,1,복합식,55,"11억 4,000",12억,"11억 4,000~12억","(4,545~4,785만원/3.3㎡)",0,,,,,,6,"1억 5,000/150~4억 8,000/50",144579,177272,115048,2625554669,관악드림타운,매매,12억,82,59,중/27,남향,130동,20260511,"25B, 남향, 방3, 거실과 방 확장, 샷시 포함 내부 올수리, 실입주",구암(02-888-1700)공인중개사사무소
관악드림타운,2987,관악드림타운,서울시 관악구 봉천동,관악드림타운,서울시 관악구 봉천동,3544,44,20030906,10,27,,267,16,37.490479,126.950561,5,25B,82.91,59.83,18.09,72,324,3,1,복합식,55,"11억 4,000",12억,"11억 4,000~12억","(4,545~4,785만원/3.3㎡)",0,,,,,,6,"1억 5,000/150~4억 8,000/50",144579,177272,115048,2625542831,관악드림타운,매매,"11억 4,000",82,59,저/27,남향,124동,20260511,"남향 3룸 거실,방확장 입주협의 정류장인접동 교통.주차편리",동아공인중개사사무소
관악드림타운,2987,관악드림타운,서울시 관악구 봉천동,관악드림타운,서울시 관악구 봉천동,3544,44,20030906,10,27,,267,16,37.490479,126.950561,5,25B,82.91,59.83,18.09,72,324,3,1,복합식,55,"11억 4,000",12억,"11억 4,000~12억","(4,545~4,785만원/3.3㎡)",0,,,,,,6,"1억 5,000/150~4억 8,000/50",144579,177272,115048,2625601896,관악드림타운,매매,12억,82,59,중/27,남향,130동,20260511,"25. 샷시포함 올수리, 거실,방 확장, 전망굿, 채광좋음, 로얄동",명도(단지내02-879-1212)공인중개사사무소
관악드림타운,2987,관악드림타운,서울시 관악구 봉천동,관악드림타운,서울시 관악구 봉천동,3544,44,20030906,10,27,,267,16,37.490479,126.950561,5,25B,82.91,59.83,18.09,72,324,3,1,복합식,55,"11억 4,000",12억,"11억 4,000~12억","(4,545~4,785만원/3.3㎡)",0,,,,,,6,"1억 5,000/150~4억 8,000/50",144579,177272,115048,2625540996,관악드림타운,매매,"11억 4,000",82,59,저/27,남향,124동,20260511,25드림타운.거실 방2확장.교통편리.입주협의,드림명문공인중개사사무소
관악드림타운,2987,관악드림타운,서울시 관악구 봉천동,관악드림타운,서울시 관악구 봉천동,3544,44,20030906,10,27,,267,16,37.490479,126.950561,5,25B,82.91,59.83,18.09,72,324,3,1,복합식,55,"11억 4,000",12억,"11억 4,000~12억","(4,545~4,785만원/3.3㎡)",0,,,,,,6,"1억 5,000/150~4억 8,000/50",144579,177272,115048,2625572621,관악드림타운,매매,"11억 4,000",82,59,저/27,남향,124동,20260511,"25B.정남향,거실방확장,일조량우수, 교통편리한동, 입주협의",대경공인중개사사무소
관악드림타운,2987,관악드림타운,서울시 관악구 봉천동,관악드림타운,서울시 관악구 봉천동,3544,44,20030906,10,27,,267,16,37.490479,126.950561,5,25B,82.91,59.83,18.09,72,324,3,1,복합식,55,"11억 4,000",12억,"11억 4,000~12억","(4,545~4,785만원/3.3㎡)",0,,,,,,6,"1억 5,000/150~4억 8,000/50",144579,177272,115048,2625619736,관악드림타운,매매,"11억 4,000",82,59,저/27,남서향,124동,20260511,올확장형  4층높이  채광굿,행복화창(단지내02-875-3600)공인중개사사무소
관악드림타운,2987,관악드림타운,서울시 관악구 봉천동,관악드림타운,서울시 관악구 봉천동,3544,44,20030906,10,27,,267,16,37.490479,126.950561,5,25B,82.91,59.83,18.09,72,324,3,1,복합식,55,"11억 4,000",12억,"11억 4,000~12억","(4,545~4,785만원/3.3㎡)",0,,,,,,6,"1억 5,000/150~4억 8,000/50",144579,177272,115048,2623384992,관악드림타운,매매,12억,82,59,중/27,남향,130동,20260429,"25 , 공동가,거실과 작은방 두개 확장됨. 샷시포함 올수리됨.",사랑공인중개사사무소
관악드림타운,2987,관악드림타운,서울시 관악구 봉천동,관악드림타운,서울시 관악구 봉천동,3544,44,20030906,10,27,,267,16,37.490479,126.950561,5,25B,82.91,59.83,18.09,72,324,3,1,복합식,55,"11억 4,000",12억,"11억 4,000~12억","(4,545~4,785만원/3.3㎡)",0,,,,,,6,"1억 5,000/150~4억 8,000/50",144579,177272,115048,2625126882,관악드림타운,매매,"11억 8,000",82,59,고/27,남향,135동,20260508,예전수리  정남향 3베이  입주협의,사계절공인중개사사무소
관악드림타운,2987,관악드림타운,서울시 관악구 봉천동,관악드림타운,서울시 관악구 봉천동,3544,44,20030906,10,27,,267,16,37.490479,126.950561,5,25B,82.91,59.83,18.09,72,324,3,1,복합식,55,"11억 4,000",12억,"11억 4,000~12억","(4,545~4,785만원/3.3㎡)",0,,,,,,6,"1억 5,000/150~4억 8,000/50",144579,177272,115048,2624695943,관악드림타운,매매,"11억 5,000",82,59,저/27,남향,124동,20260507,"59형단지내 중심  거실,방확장, 햇살좋은 정남향의 교통이용권",더드림부동산공인중개사사무소
관악드림타운,2987,관악드림타운,서울시 관악구 봉천동,관악드림타운,서울시 관악구 봉천동,3544,44,20030906,10,27,,267,16,37.490479,126.950561,5,25B,82.91,59.83,18.09,72,324,3,1,복합식,55,"11억 4,000",12억,"11억 4,000~12억","(4,545~4,785만원/3.3㎡)",0,,,,,,6,"1억 5,000/150~4억 8,000/50",144579,177272,115048,2624695975,관악드림타운,매매,"11억 5,000",82,59,저/27,남향,124동,20260507,"59형 거실,방확장, 교통이용권, 단지내중심동,구암중고등이용권",더드림부동산공인중개사사무소
관악드림타운,2987,관악드림타운,서울시 관악구 봉천동,관악드림타운,서울시 관악구 봉천동,3544,44,20030906,10,27,,267,16,37.490479,126.950561,5,25B,82.91,59.83,18.09,72,324,3,1,복합식,55,"11억 4,000",12억,"11억 4,000~12억","(4,545~4,785만원/3.3㎡)",0,,,,,,6,"1억 5,000/150~4억 8,000/50",144579,177272,115048,2624580827,관악드림타운,매매,"11억 9,000",82,59,중/27,남향,130동,20260506,"25. 정남향. 거실과 방2확장, 샷시포함 올수리. 시원한 뷰.",한강(드림타운02-888-9393)공인중개사사무소
관악드림타운,2987,관악드림타운,서울시 관악구 봉천동,관악드림타운,서울시 관악구 봉천동,3544,44,20030906,10,27,,267,16,37.490479,126.950561,5,25B,82.91,59.83,18.09,72,324,3,1,복합식,55,"11억 4,000",12억,"11억 4,000~12억","(4,545~4,785만원/3.3㎡)",0,,,,,,6,"1억 5,000/150~4억 8,000/50",144579,177272,115048,2623326338,관악드림타운,매매,"11억 4,000",82,59,2/27,남향,124동,20260429,"25P 방3 거실,작은방확장 남향 입주협의가능 전자계약가능",다온공인중개사사무소
관악드림타운,2987,관악드림타운,서울시 관악구 봉천동,관악드림타운,서울시 관악구 봉천동,3544,44,20030906,10,27,,267,16,37.490479,126.950561,5,25B,82.91,59.83,18.09,72,324,3,1,복합식,55,"11억 4,000",12억,"11억 4,000~12억","(4,545~4,785만원/3.3㎡)",0,,,,,,6,"1억 5,000/150~4억 8,000/50",144579,177272,115048,2624205164,관악드림타운,매매,"11억 4,000",82,59,저/27,남향,124동,20260504,"25. 방3개, 거실 방확장, 높은저층, 교통편리동, 구암중고교 통학편리",명도(단지내02-879-1212)공인중개사사무소
관악드림타운,2987,관악드림타운,서울시 관악구 봉천동,관악드림타운,서울시 관악구 봉천동,3544,44,20030906,10,27,,267,16,37.490479,126.950561,5,25B,82.91,59.83,18.09,72,324,3,1,복합식,55,"11억 4,000",12억,"11억 4,000~12억","(4,545~4,785만원/3.3㎡)",0,,,,,,6,"1억 5,000/150~4억 8,000/50",144579,177272,115048,2623429906,관악드림타운,매매,"11억 4,000",82,59,저/27,남향,124동,20260430,"참좋은 25A,신혼부부강추, 예전올수리,버스정류장1분, 입주협의",참좋은부동산공인중개사사무소
관악드림타운,2987,관악드림타운,서울시 관악구 봉천동,관악드림타운,서울시 관악구 봉천동,3544,44,20030906,10,27,,267,16,37.490479,126.950561,5,25B,82.91,59.83,18.09,72,324,3,1,복합식,55,"11억 4,000",12억,"11억 4,000~12억","(4,545~4,785만원/3.3㎡)",0,,,,,,6,"1억 5,000/150~4억 8,000/50",144579,177272,115048,2623104691,관악드림타운,매매,"11억 4,000",82,59,저/27,남향,124동,20260428,25B 빠른 거래 희망. 거실 및 방 2개 확장. 정남향. 5층 높이,현대공인중개사사무소
관악드림타운,2987,관악드림타운,서울시 관악구 봉천동,관악드림타운,서울시 관악구 봉천동,3544,44,20030906,10,27,,267,16,37.490479,126.950561,5,25B,82.91,59.83,18.09,72,324,3,1,복합식,55,"11억 4,000",12억,"11억 4,000~12억","(4,545~4,785만원/3.3㎡)",0,,,,,,6,"1억 5,000/150~4억 8,000/50",144579,177272,115048,2623094804,관악드림타운,매매,"11억 5,000",82,59,저/27,남향,124동,20260428,"빠른거래 희망합니다, 거실과 방2개 확장, 실제5층높이.",제일공인중개사사무소
관악드림타운,2987,관악드림타운,서울시 관악구 봉천동,관악드림타운,서울시 관악구 봉천동,3544,44,20030906,10,27,,267,16,37.490479,126.950561,5,25B,82.91,59.83,18.09,72,324,3,1,복합식,55,"11억 4,000",12억,"11억 4,000~12억","(4,545~4,785만원/3.3㎡)",0,,,,,,6,"1억 5,000/150~4억 8,000/50",144579,177272,115048,2623178371,관악드림타운,매매,"11억 4,000",82,59,저/27,남향,124동,20260428,"착한가격,25B,정남향,방3,거실과 방2 확장,정류장 인접,신혼부부 추천",구암(02-888-1700)공인중개사사무소
관악드림타운,2987,관악드림타운,서울시 관악구 봉천동,관악드림타운,서울시 관악구 봉천동,3544,44,20030906,10,27,,267,16,37.490479,126.950561,5,25B,82.91,59.83,18.09,72,324,3,1,복합식,55,"11억 4,000",12억,"11억 4,000~12억","(4,545~4,785만원/3.3㎡)",0,,,,,,6,"1억 5,000/150~4억 8,000/50",144579,177272,115048,2623106976,관악드림타운,매매,12억,82,59,중/27,남향,130동,20260428,"25. 전망굿, 샷시포함 확장 올수리, 로얄동, 채광좋음, 생활편리동",명도(단지내02-879-1212)공인중개사사무소
관악드림타운,2987,관악드림타운,서울시 관악구 봉천동,관악드림타운,서울시 관악구 봉천동,3544,44,20030906,10,27,,267,16,37.490479,126.950561,5,25B,82.91,59.83,18.09,72,324,3,1,복합식,55,"11억 4,000",12억,"11억 4,000~12억","(4,545~4,785만원/3.3㎡)",0,,,,,,6,"1억 5,000/150~4억 8,000/50",144579,177272,115048,2622884161,관악드림타운,매매,"11억 9,000",82,59,중/27,남향,130동,20260427,25관악드림. 샷시 포함 특올수리. 거실 방 확장. 입주협의,드림명문공인중개사사무소
관악드림타운,2987,관악드림타운,서울시 관악구 봉천동,관악드림타운,서울시 관악구 봉천동,3544,44,20030906,10,27,,267,16,37.490479,126.950561,5,25B,82.91,59.83,18.09,72,324,3,1,복합식,55,"11억 4,000",12억,"11억 4,000~12억","(4,545~4,785만원/3.3㎡)",0,,,,,,6,"1억 5,000/150~4억 8,000/50",144579,177272,115048,2622595271,관악드림타운,매매,"11억 8,000",82,59,중/27,남향,130동,20260425,확장 올수리  7월부터 입주협의,사계절공인중개사사무소
관악드림타운,2987,관악드림타운,서울시 관악구 봉천동,관악드림타운,서울시 관악구 봉천동,3544,44,20030906,10,27,,267,16,37.490479,126.950561,5,25B,82.91,59.83,18.09,72,324,3,1,복합식,55,"11억 4,000",12억,"11억 4,000~12억","(4,545~4,785만원/3.3㎡)",0,,,,,,6,"1억 5,000/150~4억 8,000/50",144579,177272,115048,2622448986,관악드림타운,매매,"11억 9,000",82,59,중/27,남향,130동,20260424,"정남향 조망우수, 거실 및 방2 확장, 샷시 포함 올수리",현대공인중개사사무소
관악드림타운,2987,관악드림타운,서울시 관악구 봉천동,관악드림타운,서울시 관악구 봉천동,3544,44,20030906,10,27,,267,16,37.490479,126.950561,5,25B,82.91,59.83,18.09,72,324,3,1,복합식,55,"11억 4,000",12억,"11억 4,000~12억","(4,545~4,785만원/3.3㎡)",0,,,,,,6,"1억 5,000/150~4억 8,000/50",144579,177272,115048,2622400494,관악드림타운,매매,"11억 9,000",82,59,중/27,남향,130동,20260424,"참좋은24, 신혼부부강추,샷시포함특올수리,거실방2개확장,방3개,화1개",참좋은부동산공인중개사사무소
관악드림타운,2987,관악드림타운,서울시 관악구 봉천동,관악드림타운,서울시 관악구 봉천동,3544,44,20030906,10,27,,267,16,37.490479,126.950561,5,25B,82.91,59.83,18.09,72,324,3,1,복합식,55,"11억 4,000",12억,"11억 4,000~12억","(4,545~4,785만원/3.3㎡)",0,,,,,,6,"1억 5,000/150~4억 8,000/50",144579,177272,115048,2621713626,관악드림타운,매매,12억,82,59,중/27,남향,130동,20260421,"25B 거실방확장 샷시포함 올수리, 하늘맛집, 편의점 ATM기 1분",용(02-886-7171단지내)공인중개사사무소
관악드림타운,2987,관악드림타운,서울시 관악구 봉천동,관악드림타운,서울시 관악구 봉천동,3544,44,20030906,10,27,,267,16,37.490479,126.950561,5,25B,82.91,59.83,18.09,72,324,3,1,복합식,55,"11억 4,000",12억,"11억 4,000~12억","(4,545~4,785만원/3.3㎡)",0,,,,,,6,"1억 5,000/150~4억 8,000/50",144579,177272,115048,2621731651,관악드림타운,매매,"11억 9,000",82,59,중/27,남향,130동,20260421,"샷시포함 올수리,거실과방1확장,전망굿,로얄동,입주협의",삼성동아(02-885-0022)단지내공인중개사사무소
관악드림타운,2987,관악드림타운,서울시 관악구 봉천동,관악드림타운,서울시 관악구 봉천동,3544,44,20030906,10,27,,267,16,37.490479,126.950561,5,25B,82.91,59.83,18.09,72,324,3,1,복합식,55,"11억 4,000",12억,"11억 4,000~12억","(4,545~4,785만원/3.3㎡)",0,,,,,,6,"1억 5,000/150~4억 8,000/50",144579,177272,115048,2623987998,관악드림타운,매매,"11억 5,000",82,59,저/27,남향,124동,20260502,"확장형, 내부깔끔, 방3개, 채광좋고, 교통편리",유니공인중개사사무소
관악드림타운,2987,관악드림타운,서울시 관악구 봉천동,관악드림타운,서울시 관악구 봉천동,3544,44,20030906,10,27,,267,16,37.490479,126.950561,5,25B,82.91,59.83,18.09,72,324,3,1,복합식,55,"11억 4,000",12억,"11억 4,000~12억","(4,545~4,785만원/3.3㎡)",0,,,,,,6,"1억 5,000/150~4억 8,000/50",144579,177272,115048,2623748244,관악드림타운,매매,"11억 5,000",82,59,저/27,남향,124동,20260501,"정문강추, 25, 방3, 좋은가격,신혼부부추천,  , 높은저층",관악센트씨엘정문(877-1002-단지내)공인중개사사무소
관악드림타운,2987,관악드림타운,서울시 관악구 봉천동,관악드림타운,서울시 관악구 봉천동,3544,44,20030906,10,27,,267,16,37.490479,126.950561,6,32,106.86,84.96,25.7,80,60,3,2,계단식,,,,,,,,,,,,,,205305,251730,163371,,,,,,,,,,,,
관악드림타운,2987,관악드림타운,서울시 관악구 봉천동,관악드림타운,서울시 관악구 봉천동,3544,44,20030906,10,27,,267,16,37.490479,126.950561,7,33,109.42,84.96,25.7,78,1408,3,2,계단식,96,"12억 5,000",14억,"12억 5,000~14억","(3,776~4,230만원/3.3㎡)",49,"6억 5,000",7억,"6억 5,000~7억","(1,964~2,115만원/3.3㎡)",46~56%,0,,205305,251730,163371,2626907335,관악드림타운,매매,"12억 5,000",109,84,2/22,남서향,106동,20260518,"공동가능,5층높이,트인전망,입주협의",삼성동아(02-885-0022)단지내공인중개사사무소
관악드림타운,2987,관악드림타운,서울시 관악구 봉천동,관악드림타운,서울시 관악구 봉천동,3544,44,20030906,10,27,,267,16,37.490479,126.950561,7,33,109.42,84.96,25.7,78,1408,3,2,계단식,96,"12억 5,000",14억,"12억 5,000~14억","(3,776~4,230만원/3.3㎡)",49,"6억 5,000",7억,"6억 5,000~7억","(1,964~2,115만원/3.3㎡)",46~56%,0,,205305,251730,163371,2626295699,관악드림타운,매매,"12억 5,000",109,84,2/22,남서향,106동,20260514,"공동환영33, 앞 트여있어 전망굿, 채광굿, 남서향, 정문 입구동,",참좋은부동산공인중개사사무소
관악드림타운,2987,관악드림타운,서울시 관악구 봉천동,관악드림타운,서울시 관악구 봉천동,3544,44,20030906,10,27,,267,16,37.490479,126.950561,7,33,109.42,84.96,25.7,78,1408,3,2,계단식,96,"12억 5,000",14억,"12억 5,000~14억","(3,776~4,230만원/3.3㎡)",49,"6억 5,000",7억,"6억 5,000~7억","(1,964~2,115만원/3.3㎡)",46~56%,0,,205305,251730,163371,2626774356,관악드림타운,매매,13억,109,84,중/23,남서향,136동,20260518,33 화이트톤 샷시 포함 올수리. 거실 및 작은방 확장. 입주협의.,현대공인중개사사무소
관악드림타운,2987,관악드림타운,서울시 관악구 봉천동,관악드림타운,서울시 관악구 봉천동,3544,44,20030906,10,27,,267,16,37.490479,126.950561,7,33,109.42,84.96,25.7,78,1408,3,2,계단식,96,"12억 5,000",14억,"12억 5,000~14억","(3,776~4,230만원/3.3㎡)",49,"6억 5,000",7억,"6억 5,000~7억","(1,964~2,115만원/3.3㎡)",46~56%,0,,205305,251730,163371,2626899052,관악드림타운,매매,13억,109,84,중/23,남서향,136동,20260518,"33 채광굿, 거실방확장 샷시포함 올수리, 버스 정류장 1분 출퇴근 편리",용(02-886-7171 단지내)공인중개사사무소
관악드림타운,2987,관악드림타운,서울시 관악구 봉천동,관악드림타운,서울시 관악구 봉천동,3544,44,20030906,10,27,,267,16,37.490479,126.950561,7,33,109.42,84.96,25.7,78,1408,3,2,계단식,96,"12억 5,000",14억,"12억 5,000~14억","(3,776~4,230만원/3.3㎡)",49,"6억 5,000",7억,"6억 5,000~7억","(1,964~2,115만원/3.3㎡)",46~56%,0,,205305,251730,163371,2626787628,관악드림타운,매매,13억,109,84,중/23,남서향,136동,20260518,"무주택자만 매수가능, 예전 샤시포함, 거실방확장 수리, 토요일만집보기가능",제일공인중개사사무소
관악드림타운,2987,관악드림타운,서울시 관악구 봉천동,관악드림타운,서울시 관악구 봉천동,3544,44,20030906,10,27,,267,16,37.490479,126.950561,7,33,109.42,84.96,25.7,78,1408,3,2,계단식,96,"12억 5,000",14억,"12억 5,000~14억","(3,776~4,230만원/3.3㎡)",49,"6억 5,000",7억,"6억 5,000~7억","(1,964~2,115만원/3.3㎡)",46~56%,0,,205305,251730,163371,2626744378,관악드림타운,매매,13억,109,84,중/23,남서향,136동,20260517,33 화이트톤 샷시 포함 올수리. 거실 및 작은방 확장. 입주협의.,현대공인중개사사무소
관악드림타운,2987,관악드림타운,서울시 관악구 봉천동,관악드림타운,서울시 관악구 봉천동,3544,44,20030906,10,27,,267,16,37.490479,126.950561,7,33,109.42,84.96,25.7,78,1408,3,2,계단식,96,"12억 5,000",14억,"12억 5,000~14억","(3,776~4,230만원/3.3㎡)",49,"6억 5,000",7억,"6억 5,000~7억","(1,964~2,115만원/3.3㎡)",46~56%,0,,205305,251730,163371,2626671171,관악드림타운,매매,13억,109,84,중/23,남서향,136동,20260516,33드림타운. 예전 샷시포함올수리. 방 거실 확장.화이트톤 깨끗.전세12,드림명문공인중개사사무소
관악드림타운,2987,관악드림타운,서울시 관악구 봉천동,관악드림타운,서울시 관악구 봉천동,3544,44,20030906,10,27,,267,16,37.490479,126.950561,7,33,109.42,84.96,25.7,78,1408,3,2,계단식,96,"12억 5,000",14억,"12억 5,000~14억","(3,776~4,230만원/3.3㎡)",49,"6억 5,000",7억,"6억 5,000~7억","(1,964~2,115만원/3.3㎡)",46~56%,0,,205305,251730,163371,2626649582,관악드림타운,매매,13억,109,84,중/23,남동향,104동,20260516,공동가능. 33. 안방화장실 제외 내부 올수리. 샷시교체. 멋진뷰.,한강(드림타운02-888-9393)공인중개사사무소
관악드림타운,2987,관악드림타운,서울시 관악구 봉천동,관악드림타운,서울시 관악구 봉천동,3544,44,20030906,10,27,,267,16,37.490479,126.950561,7,33,109.42,84.96,25.7,78,1408,3,2,계단식,96,"12억 5,000",14억,"12억 5,000~14억","(3,776~4,230만원/3.3㎡)",49,"6억 5,000",7억,"6억 5,000~7억","(1,964~2,115만원/3.3㎡)",46~56%,0,,205305,251730,163371,2626670854,관악드림타운,매매,13억,109,84,중/23,남서향,136동,20260516,33. 공동가. 확장 샤시 포함 올수리. 12월 협의 입주.,샘터(02-886-3333)공인중개사사무소
관악드림타운,2987,관악드림타운,서울시 관악구 봉천동,관악드림타운,서울시 관악구 봉천동,3544,44,20030906,10,27,,267,16,37.490479,126.950561,7,33,109.42,84.96,25.7,78,1408,3,2,계단식,96,"12억 5,000",14억,"12억 5,000~14억","(3,776~4,230만원/3.3㎡)",49,"6억 5,000",7억,"6억 5,000~7억","(1,964~2,115만원/3.3㎡)",46~56%,0,,205305,251730,163371,2626682743,관악드림타운,매매,13억,109,84,중/23,남서향,136동,20260516,샷시포함 화이트올수리 거실.방확장  햇살짱 정류장도보1분,베스트(단지내02-872-2600)공인중개사사무소
관악드림타운,2987,관악드림타운,서울시 관악구 봉천동,관악드림타운,서울시 관악구 봉천동,3544,44,20030906,10,27,,267,16,37.490479,126.950561,7,33,109.42,84.96,25.7,78,1408,3,2,계단식,96,"12억 5,000",14억,"12억 5,000~14억","(3,776~4,230만원/3.3㎡)",49,"6억 5,000",7억,"6억 5,000~7억","(1,964~2,115만원/3.3㎡)",46~56%,0,,205305,251730,163371,2626704923,관악드림타운,매매,13억,109,84,중/23,남서향,136동,20260516,"33. 샷시포함 확장 올수리, 채광굿, 교통편리, 구암중고교 통학편리",명도(단지내02-879-1212)공인중개사사무소
관악드림타운,2987,관악드림타운,서울시 관악구 봉천동,관악드림타운,서울시 관악구 봉천동,3544,44,20030906,10,27,,267,16,37.490479,126.950561,7,33,109.42,84.96,25.7,78,1408,3,2,계단식,96,"12억 5,000",14억,"12억 5,000~14억","(3,776~4,230만원/3.3㎡)",49,"6억 5,000",7억,"6억 5,000~7억","(1,964~2,115만원/3.3㎡)",46~56%,0,,205305,251730,163371,2626718799,관악드림타운,매매,13억,109,84,중/23,남서향,136동,20260516,"샷시 포함 내부 올수리,거실과 방 확장,중 고교 인접,정류장 이용편리",구암(02-888-1700)공인중개사사무소
관악드림타운,2987,관악드림타운,서울시 관악구 봉천동,관악드림타운,서울시 관악구 봉천동,3544,44,20030906,10,27,,267,16,37.490479,126.950561,7,33,109.42,84.96,25.7,78,1408,3,2,계단식,96,"12억 5,000",14억,"12억 5,000~14억","(3,776~4,230만원/3.3㎡)",49,"6억 5,000",7억,"6억 5,000~7억","(1,964~2,115만원/3.3㎡)",46~56%,0,,205305,251730,163371,2626636599,관악드림타운,매매,13억,109,84,중/23,남동향,104동,20260516,공동환영.추천매물.로얄동.앞트인동.조망권최고.입주협의,그린(02-877-4811)공인중개사사무소
관악드림타운,2987,관악드림타운,서울시 관악구 봉천동,관악드림타운,서울시 관악구 봉천동,3544,44,20030906,10,27,,267,16,37.490479,126.950561,7,33,109.42,84.96,25.7,78,1408,3,2,계단식,96,"12억 5,000",14억,"12억 5,000~14억","(3,776~4,230만원/3.3㎡)",49,"6억 5,000",7억,"6억 5,000~7억","(1,964~2,115만원/3.3㎡)",46~56%,0,,205305,251730,163371,2626695269,관악드림타운,매매,13억,109,84,중/23,남서향,136동,20260516,"공동가능,거실방확장. 내부 올수리, 채광굿. 구암초중고 통학편리",한강(드림타운02-888-9393)공인중개사사무소
관악드림타운,2987,관악드림타운,서울시 관악구 봉천동,관악드림타운,서울시 관악구 봉천동,3544,44,20030906,10,27,,267,16,37.490479,126.950561,7,33,109.42,84.96,25.7,78,1408,3,2,계단식,96,"12억 5,000",14억,"12억 5,000~14억","(3,776~4,230만원/3.3㎡)",49,"6억 5,000",7억,"6억 5,000~7억","(1,964~2,115만원/3.3㎡)",46~56%,0,,205305,251730,163371,2626705790,관악드림타운,매매,13억,109,84,중/23,남서향,136동,20260516,거실 방 확장됨  샤시포함 올수리  전망 나옴  공원 앞 주말 방문 가능,우리부동산공인중개사사무소
관악드림타운,2987,관악드림타운,서울시 관악구 봉천동,관악드림타운,서울시 관악구 봉천동,3544,44,20030906,10,27,,267,16,37.490479,126.950561,7,33,109.42,84.96,25.7,78,1408,3,2,계단식,96,"12억 5,000",14억,"12억 5,000~14억","(3,776~4,230만원/3.3㎡)",49,"6억 5,000",7억,"6억 5,000~7억","(1,964~2,115만원/3.3㎡)",46~56%,0,,205305,251730,163371,2626677319,관악드림타운,매매,13억,109,84,중/23,남서향,136동,20260516,거실방확장 샤시포함 올수리,사계절공인중개사사무소
관악드림타운,2987,관악드림타운,서울시 관악구 봉천동,관악드림타운,서울시 관악구 봉천동,3544,44,20030906,10,27,,267,16,37.490479,126.950561,7,33,109.42,84.96,25.7,78,1408,3,2,계단식,96,"12억 5,000",14억,"12억 5,000~14억","(3,776~4,230만원/3.3㎡)",49,"6억 5,000",7억,"6억 5,000~7억","(1,964~2,115만원/3.3㎡)",46~56%,0,,205305,251730,163371,2626567111,관악드림타운,매매,13억,109,84,저/22,남서향,106동,20260515,33. 공동가. 기본. 높은 저층. 협의 입주.,샘터(02-886-3333)공인중개사사무소
관악드림타운,2987,관악드림타운,서울시 관악구 봉천동,관악드림타운,서울시 관악구 봉천동,3544,44,20030906,10,27,,267,16,37.490479,126.950561,7,33,109.42,84.96,25.7,78,1408,3,2,계단식,96,"12억 5,000",14억,"12억 5,000~14억","(3,776~4,230만원/3.3㎡)",49,"6억 5,000",7억,"6억 5,000~7억","(1,964~2,115만원/3.3㎡)",46~56%,0,,205305,251730,163371,2625091464,관악드림타운,매매,"12억 5,000",109,84,2/22,남서향,106동,20260508,"공동가능,5층높이,트인전망굿,채광굿,입주협의",삼성동아(02-885-0022)단지내공인중개사사무소
관악드림타운,2987,관악드림타운,서울시 관악구 봉천동,관악드림타운,서울시 관악구 봉천동,3544,44,20030906,10,27,,267,16,37.490479,126.950561,7,33,109.42,84.96,25.7,78,1408,3,2,계단식,96,"12억 5,000",14억,"12억 5,000~14억","(3,776~4,230만원/3.3㎡)",49,"6억 5,000",7억,"6억 5,000~7억","(1,964~2,115만원/3.3㎡)",46~56%,0,,205305,251730,163371,2626361363,관악드림타운,매매,13억,109,84,중/23,남동향,104동,20260514,"공동가능,내부 샷시포함 올수리,전망굿,상가,유,초등학교 근접,입주협의",삼성동아(02-885-0022)단지내공인중개사사무소
관악드림타운,2987,관악드림타운,서울시 관악구 봉천동,관악드림타운,서울시 관악구 봉천동,3544,44,20030906,10,27,,267,16,37.490479,126.950561,7,33,109.42,84.96,25.7,78,1408,3,2,계단식,96,"12억 5,000",14억,"12억 5,000~14억","(3,776~4,230만원/3.3㎡)",49,"6억 5,000",7억,"6억 5,000~7억","(1,964~2,115만원/3.3㎡)",46~56%,0,,205305,251730,163371,2626355666,관악드림타운,매매,13억,109,84,중/23,남동향,104동,20260514,공동환영 샤시포함 내부 올수리 동남향 전망나옴 이사협의 생활하기 편리한동,드림타운단지내(02-878-6000)공인중개사사무소
관악드림타운,2987,관악드림타운,서울시 관악구 봉천동,관악드림타운,서울시 관악구 봉천동,3544,44,20030906,10,27,,267,16,37.490479,126.950561,7,33,109.42,84.96,25.7,78,1408,3,2,계단식,96,"12억 5,000",14억,"12억 5,000~14억","(3,776~4,230만원/3.3㎡)",49,"6억 5,000",7억,"6억 5,000~7억","(1,964~2,115만원/3.3㎡)",46~56%,0,,205305,251730,163371,2626000622,관악드림타운,매매,"12억 8,000",109,84,중/25,남동향,112동,20260513,"공동가능,최근 샷시교체,내부 수리됨,전망나옴,입주협의",삼성동아(02-885-0022)단지내공인중개사사무소
관악드림타운,2987,관악드림타운,서울시 관악구 봉천동,관악드림타운,서울시 관악구 봉천동,3544,44,20030906,10,27,,267,16,37.490479,126.950561,7,33,109.42,84.96,25.7,78,1408,3,2,계단식,96,"12억 5,000",14억,"12억 5,000~14억","(3,776~4,230만원/3.3㎡)",49,"6억 5,000",7억,"6억 5,000~7억","(1,964~2,115만원/3.3㎡)",46~56%,0,,205305,251730,163371,2625790619,관악드림타운,매매,14억,109,84,저/22,남서향,106동,20260512,"정문, 공동환영, 33, 정문입구동, 탁 트인전망, 깔끔한 내부, 남서향",관악센트씨엘정문(877-1002-단지내)공인중개사사무소
관악드림타운,2987,관악드림타운,서울시 관악구 봉천동,관악드림타운,서울시 관악구 봉천동,3544,44,20030906,10,27,,267,16,37.490479,126.950561,7,33,109.42,84.96,25.7,78,1408,3,2,계단식,96,"12억 5,000",14억,"12억 5,000~14억","(3,776~4,230만원/3.3㎡)",49,"6억 5,000",7억,"6억 5,000~7억","(1,964~2,115만원/3.3㎡)",46~56%,0,,205305,251730,163371,2626675529,관악드림타운,매매,"12억 5,000",109,84,2/22,남서향,106동,20260516,33. 높은 저층. 트인 전망. 기본. 정류장인접. 입주협의,한강(드림타운02-888-9393)공인중개사사무소
관악드림타운,2987,관악드림타운,서울시 관악구 봉천동,관악드림타운,서울시 관악구 봉천동,3544,44,20030906,10,27,,267,16,37.490479,126.950561,7,33,109.42,84.96,25.7,78,1408,3,2,계단식,96,"12억 5,000",14억,"12억 5,000~14억","(3,776~4,230만원/3.3㎡)",49,"6억 5,000",7억,"6억 5,000~7억","(1,964~2,115만원/3.3㎡)",46~56%,0,,205305,251730,163371,2625550044,관악드림타운,매매,"12억 8,000",109,84,중/25,남동향,112동,20260511,"33 비확장 샷시  및 내부 수리,  버스 정류장 2분, 관악산 전망",용(02-886-7171 단지내)공인중개사사무소
관악드림타운,2987,관악드림타운,서울시 관악구 봉천동,관악드림타운,서울시 관악구 봉천동,3544,44,20030906,10,27,,267,16,37.490479,126.950561,7,33,109.42,84.96,25.7,78,1408,3,2,계단식,96,"12억 5,000",14억,"12억 5,000~14억","(3,776~4,230만원/3.3㎡)",49,"6억 5,000",7억,"6억 5,000~7억","(1,964~2,115만원/3.3㎡)",46~56%,0,,205305,251730,163371,2625632708,관악드림타운,매매,"12억 8,000",109,84,중/25,남동향,112동,20260511,33. 공동가. 샤시포함 내부 올수리. 협의 입주.,샘터(02-886-3333)공인중개사사무소
관악드림타운,2987,관악드림타운,서울시 관악구 봉천동,관악드림타운,서울시 관악구 봉천동,3544,44,20030906,10,27,,267,16,37.490479,126.950561,7,33,109.42,84.96,25.7,78,1408,3,2,계단식,96,"12억 5,000",14억,"12억 5,000~14억","(3,776~4,230만원/3.3㎡)",49,"6억 5,000",7억,"6억 5,000~7억","(1,964~2,115만원/3.3㎡)",46~56%,0,,205305,251730,163371,2626503051,관악드림타운,매매,"12억 5,000",109,84,2/22,남서향,106동,20260515,높은2층 저렴한가격 평지 인기동 남서향 입주협의,명도(단지내02-879-1212)공인중개사사무소
관악드림타운,2987,관악드림타운,서울시 관악구 봉천동,관악드림타운,서울시 관악구 봉천동,3544,44,20030906,10,27,,267,16,37.490479,126.950561,7,33,109.42,84.96,25.7,78,1408,3,2,계단식,96,"12억 5,000",14억,"12억 5,000~14억","(3,776~4,230만원/3.3㎡)",49,"6억 5,000",7억,"6억 5,000~7억","(1,964~2,115만원/3.3㎡)",46~56%,0,,205305,251730,163371,2625358823,관악드림타운,매매,"13억 2,000",109,84,고/24,남서향,117동,20260509,"예전올수리 탁트인,생활하기편리한동 가장 선호하는동",드림타운단지내(02-878-6000)공인중개사사무소
관악드림타운,2987,관악드림타운,서울시 관악구 봉천동,관악드림타운,서울시 관악구 봉천동,3544,44,20030906,10,27,,267,16,37.490479,126.950561,7,33,109.42,84.96,25.7,78,1408,3,2,계단식,96,"12억 5,000",14억,"12억 5,000~14억","(3,776~4,230만원/3.3㎡)",49,"6억 5,000",7억,"6억 5,000~7억","(1,964~2,115만원/3.3㎡)",46~56%,0,,205305,251730,163371,2625250833,관악드림타운,매매,13억,109,84,중/25,남동향,112동,20260509,"33 비확장 최근 샷시포함 화이트올수리, 관악산 조망 좋은집, 정류장2분",용(02-886-7171 단지내)공인중개사사무소
관악드림타운,2987,관악드림타운,서울시 관악구 봉천동,관악드림타운,서울시 관악구 봉천동,3544,44,20030906,10,27,,267,16,37.490479,126.950561,7,33,109.42,84.96,25.7,78,1408,3,2,계단식,96,"12억 5,000",14억,"12억 5,000~14억","(3,776~4,230만원/3.3㎡)",49,"6억 5,000",7억,"6억 5,000~7억","(1,964~2,115만원/3.3㎡)",46~56%,0,,205305,251730,163371,2626099060,관악드림타운,매매,"12억 5,000",109,84,2/22,남서향,106동,20260513,정문입출입편리 관리잘된집 앞뒤트인뷰 높은저층 입주협의,베스트(단지내02-872-2600)공인중개사사무소
관악드림타운,2987,관악드림타운,서울시 관악구 봉천동,관악드림타운,서울시 관악구 봉천동,3544,44,20030906,10,27,,267,16,37.490479,126.950561,7,33,109.42,84.96,25.7,78,1408,3,2,계단식,96,"12억 5,000",14억,"12억 5,000~14억","(3,776~4,230만원/3.3㎡)",49,"6억 5,000",7억,"6억 5,000~7억","(1,964~2,115만원/3.3㎡)",46~56%,0,,205305,251730,163371,2626050532,관악드림타운,매매,"12억 5,000",109,84,2/22,남서향,106동,20260513,33. 높은 저층. 기본이니 예쁘게 꾸며 보세요.,샘터(02-886-3333)공인중개사사무소
관악드림타운,2987,관악드림타운,서울시 관악구 봉천동,관악드림타운,서울시 관악구 봉천동,3544,44,20030906,10,27,,267,16,37.490479,126.950561,7,33,109.42,84.96,25.7,78,1408,3,2,계단식,96,"12억 5,000",14억,"12억 5,000~14억","(3,776~4,230만원/3.3㎡)",49,"6억 5,000",7억,"6억 5,000~7억","(1,964~2,115만원/3.3㎡)",46~56%,0,,205305,251730,163371,2625092990,관악드림타운,매매,"12억 8,000",109,84,중/25,남동향,112동,20260508,"공동가능,최근 샷시교체,내부 올수리,전망나옴,입주협의",삼성동아(02-885-0022)단지내공인중개사사무소
관악드림타운,2987,관악드림타운,서울시 관악구 봉천동,관악드림타운,서울시 관악구 봉천동,3544,44,20030906,10,27,,267,16,37.490479,126.950561,7,33,109.42,84.96,25.7,78,1408,3,2,계단식,96,"12억 5,000",14억,"12억 5,000~14억","(3,776~4,230만원/3.3㎡)",49,"6억 5,000",7억,"6억 5,000~7억","(1,964~2,115만원/3.3㎡)",46~56%,0,,205305,251730,163371,2625830641,관악드림타운,매매,"12억 5,000",109,84,2/22,남서향,106동,20260512,33. 높은저층. 방3화2. 정문입구동. 입주협의,한강(드림타운02-888-9393)공인중개사사무소
관악드림타운,2987,관악드림타운,서울시 관악구 봉천동,관악드림타운,서울시 관악구 봉천동,3544,44,20030906,10,27,,267,16,37.490479,126.950561,7,33,109.42,84.96,25.7,78,1408,3,2,계단식,96,"12억 5,000",14억,"12억 5,000~14억","(3,776~4,230만원/3.3㎡)",49,"6억 5,000",7억,"6억 5,000~7억","(1,964~2,115만원/3.3㎡)",46~56%,0,,205305,251730,163371,2625168781,관악드림타운,매매,13억,109,84,중/23,남서향,137동,20260508,33. 거실과 작은방 확장. 내부 예전 올수리. 협의입주. 햇살좋음.,샘터(02-886-3333)공인중개사사무소
관악드림타운,2987,관악드림타운,서울시 관악구 봉천동,관악드림타운,서울시 관악구 봉천동,3544,44,20030906,10,27,,267,16,37.490479,126.950561,7,33,109.42,84.96,25.7,78,1408,3,2,계단식,96,"12억 5,000",14억,"12억 5,000~14억","(3,776~4,230만원/3.3㎡)",49,"6억 5,000",7억,"6억 5,000~7억","(1,964~2,115만원/3.3㎡)",46~56%,0,,205305,251730,163371,2626846196,관악드림타운,매매,"12억 5,000",109,84,저/25,남서향,141동,20260518,"33. 기본, 버스정류장 인접 출퇴근 편리, 구암중고교 통학편리, 입주협",명도(단지내02-879-1212)공인중개사사무소
관악드림타운,2987,관악드림타운,서울시 관악구 봉천동,관악드림타운,서울시 관악구 봉천동,3544,44,20030906,10,27,,267,16,37.490479,126.950561,7,33,109.42,84.96,25.7,78,1408,3,2,계단식,96,"12억 5,000",14억,"12억 5,000~14억","(3,776~4,230만원/3.3㎡)",49,"6억 5,000",7억,"6억 5,000~7억","(1,964~2,115만원/3.3㎡)",46~56%,0,,205305,251730,163371,2625910404,관악드림타운,매매,"13억 2,000",109,84,고/24,남서향,117동,20260513,"예전 올수리, 탁 트인 전망, 생활하기 편리한 동,",제일공인중개사사무소
관악드림타운,2987,관악드림타운,서울시 관악구 봉천동,관악드림타운,서울시 관악구 봉천동,3544,44,20030906,10,27,,267,16,37.490479,126.950561,7,33,109.42,84.96,25.7,78,1408,3,2,계단식,96,"12억 5,000",14억,"12억 5,000~14억","(3,776~4,230만원/3.3㎡)",49,"6억 5,000",7억,"6억 5,000~7억","(1,964~2,115만원/3.3㎡)",46~56%,0,,205305,251730,163371,2624927485,관악드림타운,매매,"13억 2,000",109,84,고/24,남서향,117동,20260507,"샷시포함 올수리,전망굿,선호하는로얄동 상가,유,초등학교 근접,입주협의",삼성동아(02-885-0022)단지내공인중개사사무소
관악드림타운,2987,관악드림타운,서울시 관악구 봉천동,관악드림타운,서울시 관악구 봉천동,3544,44,20030906,10,27,,267,16,37.490479,126.950561,7,33,109.42,84.96,25.7,78,1408,3,2,계단식,96,"12억 5,000",14억,"12억 5,000~14억","(3,776~4,230만원/3.3㎡)",49,"6억 5,000",7억,"6억 5,000~7억","(1,964~2,115만원/3.3㎡)",46~56%,0,,205305,251730,163371,2624368062,관악드림타운,매매,13억,109,84,중/23,남서향,137동,20260506,"공동가능,거실방확장,일부수리,구암중,고등학교 근접,교통편리동,입주협의",삼성동아(02-885-0022)단지내공인중개사사무소
관악드림타운,2987,관악드림타운,서울시 관악구 봉천동,관악드림타운,서울시 관악구 봉천동,3544,44,20030906,10,27,,267,16,37.490479,126.950561,7,33,109.42,84.96,25.7,78,1408,3,2,계단식,96,"12억 5,000",14억,"12억 5,000~14억","(3,776~4,230만원/3.3㎡)",49,"6억 5,000",7억,"6억 5,000~7억","(1,964~2,115만원/3.3㎡)",46~56%,0,,205305,251730,163371,2624439965,관악드림타운,매매,"12억 5,000",109,84,저/25,남서향,141동,20260506,33. 공동가.  협의 입주. 교통 편리한 동.,샘터(02-886-3333)공인중개사사무소
관악드림타운,2987,관악드림타운,서울시 관악구 봉천동,관악드림타운,서울시 관악구 봉천동,3544,44,20030906,10,27,,267,16,37.490479,126.950561,7,33,109.42,84.96,25.7,78,1408,3,2,계단식,96,"12억 5,000",14억,"12억 5,000~14억","(3,776~4,230만원/3.3㎡)",49,"6억 5,000",7억,"6억 5,000~7억","(1,964~2,115만원/3.3㎡)",46~56%,0,,205305,251730,163371,2626589239,관악드림타운,매매,"12억 5,000",109,84,저/25,남서향,141동,20260516,"구암중,고등학교 근접,버스정류장도보1분거리,입주협의",삼성동아(02-885-0022)단지내공인중개사사무소
관악드림타운,2987,관악드림타운,서울시 관악구 봉천동,관악드림타운,서울시 관악구 봉천동,3544,44,20030906,10,27,,267,16,37.490479,126.950561,7,33,109.42,84.96,25.7,78,1408,3,2,계단식,96,"12억 5,000",14억,"12억 5,000~14억","(3,776~4,230만원/3.3㎡)",49,"6억 5,000",7억,"6억 5,000~7억","(1,964~2,115만원/3.3㎡)",46~56%,0,,205305,251730,163371,2626641702,관악드림타운,매매,13억,109,84,중/25,동향,112동,20260516,"33, 최근샷시포함 올수리, 전망굿, 버스정류장 인접, 구암중고교 통학편",명도(단지내02-879-1212)공인중개사사무소
관악드림타운,2987,관악드림타운,서울시 관악구 봉천동,관악드림타운,서울시 관악구 봉천동,3544,44,20030906,10,27,,267,16,37.490479,126.950561,7,33,109.42,84.96,25.7,78,1408,3,2,계단식,96,"12억 5,000",14억,"12억 5,000~14억","(3,776~4,230만원/3.3㎡)",49,"6억 5,000",7억,"6억 5,000~7억","(1,964~2,115만원/3.3㎡)",46~56%,0,,205305,251730,163371,2625323534,관악드림타운,매매,"12억 5,000",109,84,2/22,남서향,106동,20260509,33 트인 조망. 채광 굿. 높은 저층.,현대공인중개사사무소
관악드림타운,2987,관악드림타운,서울시 관악구 봉천동,관악드림타운,서울시 관악구 봉천동,3544,44,20030906,10,27,,267,16,37.490479,126.950561,7,33,109.42,84.96,25.7,78,1408,3,2,계단식,96,"12억 5,000",14억,"12억 5,000~14억","(3,776~4,230만원/3.3㎡)",49,"6억 5,000",7억,"6억 5,000~7억","(1,964~2,115만원/3.3㎡)",46~56%,0,,205305,251730,163371,2625261257,관악드림타운,매매,"12억 5,000",109,84,2/22,남서향,106동,20260509,"33 기본 5층높이, 앞전망 트인뷰, 정류장 인접, 서울대입구 도보10분",용(02-886-7171단지내)공인중개사사무소
관악드림타운,2987,관악드림타운,서울시 관악구 봉천동,관악드림타운,서울시 관악구 봉천동,3544,44,20030906,10,27,,267,16,37.490479,126.950561,7,33,109.42,84.96,25.7,78,1408,3,2,계단식,96,"12억 5,000",14억,"12억 5,000~14억","(3,776~4,230만원/3.3㎡)",49,"6억 5,000",7억,"6억 5,000~7억","(1,964~2,115만원/3.3㎡)",46~56%,0,,205305,251730,163371,2624390865,관악드림타운,매매,13억,109,84,중/23,남서향,137동,20260505,"공동가, 33. 거실,방확장, 수리된 집 내부 깨끗. 구암초중고 인접",한강(드림타운02-888-9393)공인중개사사무소
관악드림타운,2987,관악드림타운,서울시 관악구 봉천동,관악드림타운,서울시 관악구 봉천동,3544,44,20030906,10,27,,267,16,37.490479,126.950561,7,33,109.42,84.96,25.7,78,1408,3,2,계단식,96,"12억 5,000",14억,"12억 5,000~14억","(3,776~4,230만원/3.3㎡)",49,"6억 5,000",7억,"6억 5,000~7억","(1,964~2,115만원/3.3㎡)",46~56%,0,,205305,251730,163371,2626360010,관악드림타운,매매,13억,109,84,중/25,남동향,112동,20260515,"최근 샷시포함 올수리,관악산전망,교통편리동,입주협의",삼성동아(02-885-0022)단지내공인중개사사무소
관악드림타운,2987,관악드림타운,서울시 관악구 봉천동,관악드림타운,서울시 관악구 봉천동,3544,44,20030906,10,27,,267,16,37.490479,126.950561,7,33,109.42,84.96,25.7,78,1408,3,2,계단식,96,"12억 5,000",14억,"12억 5,000~14억","(3,776~4,230만원/3.3㎡)",49,"6억 5,000",7억,"6억 5,000~7억","(1,964~2,115만원/3.3㎡)",46~56%,0,,205305,251730,163371,2626359374,관악드림타운,매매,13억,109,84,중/23,남동향,104동,20260515,"샷시 교체, 안방 화장실 제외 내부 올수리, 채광 좋음",구암(02-888-1700)공인중개사사무소
관악드림타운,2987,관악드림타운,서울시 관악구 봉천동,관악드림타운,서울시 관악구 봉천동,3544,44,20030906,10,27,,267,16,37.490479,126.950561,7,33,109.42,84.96,25.7,78,1408,3,2,계단식,96,"12억 5,000",14억,"12억 5,000~14억","(3,776~4,230만원/3.3㎡)",49,"6억 5,000",7억,"6억 5,000~7억","(1,964~2,115만원/3.3㎡)",46~56%,0,,205305,251730,163371,2626430938,관악드림타운,매매,"12억 8,000",109,84,중/25,남동향,112동,20260515,"정문강추, 33, 최근 샤시교체 내부올수리, 전망나오는 중층, 교통편리동",관악센트씨엘정문(877-1002-단지내)공인중개사사무소
관악드림타운,2987,관악드림타운,서울시 관악구 봉천동,관악드림타운,서울시 관악구 봉천동,3544,44,20030906,10,27,,267,16,37.490479,126.950561,7,33,109.42,84.96,25.7,78,1408,3,2,계단식,96,"12억 5,000",14억,"12억 5,000~14억","(3,776~4,230만원/3.3㎡)",49,"6억 5,000",7억,"6억 5,000~7억","(1,964~2,115만원/3.3㎡)",46~56%,0,,205305,251730,163371,2626409496,관악드림타운,매매,13억,109,84,중/23,남동향,104동,20260515,"33. 내부샷시포함 올수리,전망굿,상가,유,초등학교 근접,입주협의",대경공인중개사사무소
관악드림타운,2987,관악드림타운,서울시 관악구 봉천동,관악드림타운,서울시 관악구 봉천동,3544,44,20030906,10,27,,267,16,37.490479,126.950561,7,33,109.42,84.96,25.7,78,1408,3,2,계단식,96,"12억 5,000",14억,"12억 5,000~14억","(3,776~4,230만원/3.3㎡)",49,"6억 5,000",7억,"6억 5,000~7억","(1,964~2,115만원/3.3㎡)",46~56%,0,,205305,251730,163371,2626566096,관악드림타운,매매,13억,109,84,중/23,남동향,104동,20260515,33 샷시 포함 올수리. 조망 굿. 입주협의.,현대공인중개사사무소
관악드림타운,2987,관악드림타운,서울시 관악구 봉천동,관악드림타운,서울시 관악구 봉천동,3544,44,20030906,10,27,,267,16,37.490479,126.950561,7,33,109.42,84.96,25.7,78,1408,3,2,계단식,96,"12억 5,000",14억,"12억 5,000~14억","(3,776~4,230만원/3.3㎡)",49,"6억 5,000",7억,"6억 5,000~7억","(1,964~2,115만원/3.3㎡)",46~56%,0,,205305,251730,163371,2626435978,관악드림타운,매매,"12억 8,000",109,84,중/25,남동향,112동,20260515,최근샷시교체 올수리 전망좋은집 정류장이용편리 입주협의,베스트(단지내02-872-2600)공인중개사사무소
관악드림타운,2987,관악드림타운,서울시 관악구 봉천동,관악드림타운,서울시 관악구 봉천동,3544,44,20030906,10,27,,267,16,37.490479,126.950561,7,33,109.42,84.96,25.7,78,1408,3,2,계단식,96,"12억 5,000",14억,"12억 5,000~14억","(3,776~4,230만원/3.3㎡)",49,"6억 5,000",7억,"6억 5,000~7억","(1,964~2,115만원/3.3㎡)",46~56%,0,,205305,251730,163371,2624233362,관악드림타운,매매,13억,109,84,중/23,남서향,137동,20260504,"33 남서향,  거실 방확장 부분 수리됨, 구암중고 인접, 정류장 2분",용(02-886-7171 단지내)공인중개사사무소
관악드림타운,2987,관악드림타운,서울시 관악구 봉천동,관악드림타운,서울시 관악구 봉천동,3544,44,20030906,10,27,,267,16,37.490479,126.950561,7,33,109.42,84.96,25.7,78,1408,3,2,계단식,96,"12억 5,000",14억,"12억 5,000~14억","(3,776~4,230만원/3.3㎡)",49,"6억 5,000",7억,"6억 5,000~7억","(1,964~2,115만원/3.3㎡)",46~56%,0,,205305,251730,163371,2626268234,관악드림타운,매매,13억,109,84,중/23,남서향,137동,20260514,"33, 거실,방확장 내부수리, 버스정류장 인접,구암중고교 통학편리,입주협",명도(단지내02-879-1212)공인중개사사무소
관악드림타운,2987,관악드림타운,서울시 관악구 봉천동,관악드림타운,서울시 관악구 봉천동,3544,44,20030906,10,27,,267,16,37.490479,126.950561,7,33,109.42,84.96,25.7,78,1408,3,2,계단식,96,"12억 5,000",14억,"12억 5,000~14억","(3,776~4,230만원/3.3㎡)",49,"6억 5,000",7억,"6억 5,000~7억","(1,964~2,115만원/3.3㎡)",46~56%,0,,205305,251730,163371,2626361789,관악드림타운,매매,13억,109,84,중/23,남동향,104동,20260515,33 남동향 부분수리 내부깔끔 앞이트여 채광굿 입주협의,비전부동산공인중개사사무소
관악드림타운,2987,관악드림타운,서울시 관악구 봉천동,관악드림타운,서울시 관악구 봉천동,3544,44,20030906,10,27,,267,16,37.490479,126.950561,7,33,109.42,84.96,25.7,78,1408,3,2,계단식,96,"12억 5,000",14억,"12억 5,000~14억","(3,776~4,230만원/3.3㎡)",49,"6억 5,000",7억,"6억 5,000~7억","(1,964~2,115만원/3.3㎡)",46~56%,0,,205305,251730,163371,2626323225,관악드림타운,매매,"12억 5,000",109,84,저/25,남서향,141동,20260514,33.정류장1분. 구암중고 통학편리함. 입주협의,한강(드림타운02-888-9393)공인중개사사무소
관악드림타운,2987,관악드림타운,서울시 관악구 봉천동,관악드림타운,서울시 관악구 봉천동,3544,44,20030906,10,27,,267,16,37.490479,126.950561,7,33,109.42,84.96,25.7,78,1408,3,2,계단식,96,"12억 5,000",14억,"12억 5,000~14억","(3,776~4,230만원/3.3㎡)",49,"6억 5,000",7억,"6억 5,000~7억","(1,964~2,115만원/3.3㎡)",46~56%,0,,205305,251730,163371,2626314289,관악드림타운,매매,"13억 2,000",109,84,고/24,남서향,117동,20260514,33. 샷시포함 올수리. 생활동선 편리한 로얄동. 유초등 통학편리.,한강(드림타운02-888-9393)공인중개사사무소
관악드림타운,2987,관악드림타운,서울시 관악구 봉천동,관악드림타운,서울시 관악구 봉천동,3544,44,20030906,10,27,,267,16,37.490479,126.950561,7,33,109.42,84.96,25.7,78,1408,3,2,계단식,96,"12억 5,000",14억,"12억 5,000~14억","(3,776~4,230만원/3.3㎡)",49,"6억 5,000",7억,"6억 5,000~7억","(1,964~2,115만원/3.3㎡)",46~56%,0,,205305,251730,163371,2626268123,관악드림타운,매매,"13억 2,000",109,84,고/24,남서향,117동,20260514,"33 샷시포함 예전 올수리, 하늘맛집, 편의점 1분, 단지중앙 로얄동",용(02-886-7171단지내)공인중개사사무소
관악드림타운,2987,관악드림타운,서울시 관악구 봉천동,관악드림타운,서울시 관악구 봉천동,3544,44,20030906,10,27,,267,16,37.490479,126.950561,7,33,109.42,84.96,25.7,78,1408,3,2,계단식,96,"12억 5,000",14억,"12억 5,000~14억","(3,776~4,230만원/3.3㎡)",49,"6억 5,000",7억,"6억 5,000~7억","(1,964~2,115만원/3.3㎡)",46~56%,0,,205305,251730,163371,2626199839,관악드림타운,매매,"12억 8,000",109,84,중/25,남동향,112동,20260514,"33, 샷시포함 내부수리, 관악산 전망, 채광굿,버스정류장 인접,입주협의",명도(단지내02-879-1212)공인중개사사무소
관악드림타운,2987,관악드림타운,서울시 관악구 봉천동,관악드림타운,서울시 관악구 봉천동,3544,44,20030906,10,27,,267,16,37.490479,126.950561,7,33,109.42,84.96,25.7,78,1408,3,2,계단식,96,"12억 5,000",14억,"12억 5,000~14억","(3,776~4,230만원/3.3㎡)",49,"6억 5,000",7억,"6억 5,000~7억","(1,964~2,115만원/3.3㎡)",46~56%,0,,205305,251730,163371,2624944012,관악드림타운,매매,"12억 5,000",109,84,2/22,남서향,106동,20260507,"33. 높은저층 5층높이, 트인전망, 채광좋은 남서향, 입주협의",명도(단지내02-879-1212)공인중개사사무소
관악드림타운,2987,관악드림타운,서울시 관악구 봉천동,관악드림타운,서울시 관악구 봉천동,3544,44,20030906,10,27,,267,16,37.490479,126.950561,7,33,109.42,84.96,25.7,78,1408,3,2,계단식,96,"12억 5,000",14억,"12억 5,000~14억","(3,776~4,230만원/3.3㎡)",49,"6억 5,000",7억,"6억 5,000~7억","(1,964~2,115만원/3.3㎡)",46~56%,0,,205305,251730,163371,2623913804,관악드림타운,매매,13억,109,84,중/23,남동향,137동,20260502,"33, 공동환영, 확장,수리된집,구암초중고 인접,숲세권,교통편리,입주협의",LBA하나(단지내02-888-6880)공인중개사사무소
관악드림타운,2987,관악드림타운,서울시 관악구 봉천동,관악드림타운,서울시 관악구 봉천동,3544,44,20030906,10,27,,267,16,37.490479,126.950561,7,33,109.42,84.96,25.7,78,1408,3,2,계단식,96,"12억 5,000",14억,"12억 5,000~14억","(3,776~4,230만원/3.3㎡)",49,"6억 5,000",7억,"6억 5,000~7억","(1,964~2,115만원/3.3㎡)",46~56%,0,,205305,251730,163371,2625839227,관악드림타운,매매,13억,109,84,중/23,남동향,104동,20260512,"33 안방확장실 제외 예전올수리, 관악산 사계절을 즐길 수 있어요",용(02-886-7171단지내)공인중개사사무소
관악드림타운,2987,관악드림타운,서울시 관악구 봉천동,관악드림타운,서울시 관악구 봉천동,3544,44,20030906,10,27,,267,16,37.490479,126.950561,7,33,109.42,84.96,25.7,78,1408,3,2,계단식,96,"12억 5,000",14억,"12억 5,000~14억","(3,776~4,230만원/3.3㎡)",49,"6억 5,000",7억,"6억 5,000~7억","(1,964~2,115만원/3.3㎡)",46~56%,0,,205305,251730,163371,2625831971,관악드림타운,매매,"12억 8,000",109,84,중/25,남동향,112동,20260512,33. 최근 샷시교체. 내부올수리. 전망굿. 입주협의,한강(드림타운02-888-9393)공인중개사사무소
관악드림타운,2987,관악드림타운,서울시 관악구 봉천동,관악드림타운,서울시 관악구 봉천동,3544,44,20030906,10,27,,267,16,37.490479,126.950561,7,33,109.42,84.96,25.7,78,1408,3,2,계단식,96,"12억 5,000",14억,"12억 5,000~14억","(3,776~4,230만원/3.3㎡)",49,"6억 5,000",7억,"6억 5,000~7억","(1,964~2,115만원/3.3㎡)",46~56%,0,,205305,251730,163371,2625818939,관악드림타운,매매,13억,109,84,중/23,남동향,104동,20260512,33. 안방화장실 제외 샤시포함 내부올수리,샘터(02-886-3333)공인중개사사무소
관악드림타운,2987,관악드림타운,서울시 관악구 봉천동,관악드림타운,서울시 관악구 봉천동,3544,44,20030906,10,27,,267,16,37.490479,126.950561,7,33,109.42,84.96,25.7,78,1408,3,2,계단식,96,"12억 5,000",14억,"12억 5,000~14억","(3,776~4,230만원/3.3㎡)",49,"6억 5,000",7억,"6억 5,000~7억","(1,964~2,115만원/3.3㎡)",46~56%,0,,205305,251730,163371,2625656839,관악드림타운,매매,"12억 8,000",109,84,중/25,남동향,112동,20260511,확장안한 올수리 입주협의,사계절공인중개사사무소
관악드림타운,2987,관악드림타운,서울시 관악구 봉천동,관악드림타운,서울시 관악구 봉천동,3544,44,20030906,10,27,,267,16,37.490479,126.950561,7,33,109.42,84.96,25.7,78,1408,3,2,계단식,96,"12억 5,000",14억,"12억 5,000~14억","(3,776~4,230만원/3.3㎡)",49,"6억 5,000",7억,"6억 5,000~7억","(1,964~2,115만원/3.3㎡)",46~56%,0,,205305,251730,163371,2622278143,관악드림타운,매매,"12억 5,000",109,84,2/22,남서향,106동,20260423,공동환영  남서향 실제5층 높이  기본  교통편리한동  이사협의,드림타운단지내(02-878-6000)공인중개사사무소
관악드림타운,2987,관악드림타운,서울시 관악구 봉천동,관악드림타운,서울시 관악구 봉천동,3544,44,20030906,10,27,,267,16,37.490479,126.950561,7,33,109.42,84.96,25.7,78,1408,3,2,계단식,96,"12억 5,000",14억,"12억 5,000~14억","(3,776~4,230만원/3.3㎡)",49,"6억 5,000",7억,"6억 5,000~7억","(1,964~2,115만원/3.3㎡)",46~56%,0,,205305,251730,163371,2623392330,관악드림타운,매매,13억,109,84,중/23,남서향,137동,20260429,"공동가능,거실방확장,일부수리,구암중,고등학교 근접,교통편리동,입주협의",삼성동아(02-885-0022)단지내공인중개사사무소
관악드림타운,2987,관악드림타운,서울시 관악구 봉천동,관악드림타운,서울시 관악구 봉천동,3544,44,20030906,10,27,,267,16,37.490479,126.950561,7,33,109.42,84.96,25.7,78,1408,3,2,계단식,96,"12억 5,000",14억,"12억 5,000~14억","(3,776~4,230만원/3.3㎡)",49,"6억 5,000",7억,"6억 5,000~7억","(1,964~2,115만원/3.3㎡)",46~56%,0,,205305,251730,163371,2625280489,관악드림타운,매매,"12억 5,000",109,84,저/25,남서향,141동,20260509,"33.버스정류장 1분, 교통 편리, 기본, 구암중고교 통학편리, 입주협의",명도(단지내02-879-1212)공인중개사사무소
관악드림타운,2987,관악드림타운,서울시 관악구 봉천동,관악드림타운,서울시 관악구 봉천동,3544,44,20030906,10,27,,267,16,37.490479,126.950561,7,33,109.42,84.96,25.7,78,1408,3,2,계단식,96,"12억 5,000",14억,"12억 5,000~14억","(3,776~4,230만원/3.3㎡)",49,"6억 5,000",7억,"6억 5,000~7억","(1,964~2,115만원/3.3㎡)",46~56%,0,,205305,251730,163371,2625262780,관악드림타운,매매,"12억 5,000",109,84,저/25,남서향,141동,20260509,추천 출퇴근편한동 정류장1분 중.고등학교3분거리 주인관리하는기본집,베스트(단지내02-872-2600)공인중개사사무소
관악드림타운,2987,관악드림타운,서울시 관악구 봉천동,관악드림타운,서울시 관악구 봉천동,3544,44,20030906,10,27,,267,16,37.490479,126.950561,7,33,109.42,84.96,25.7,78,1408,3,2,계단식,96,"12억 5,000",14억,"12억 5,000~14억","(3,776~4,230만원/3.3㎡)",49,"6억 5,000",7억,"6억 5,000~7억","(1,964~2,115만원/3.3㎡)",46~56%,0,,205305,251730,163371,2625325445,관악드림타운,매매,"12억 8,000",109,84,중/25,남동향,112동,20260509,33 샷시 포함 올수리. 일부 관악산 조망. 입주협의,현대공인중개사사무소
관악드림타운,2987,관악드림타운,서울시 관악구 봉천동,관악드림타운,서울시 관악구 봉천동,3544,44,20030906,10,27,,267,16,37.490479,126.950561,7,33,109.42,84.96,25.7,78,1408,3,2,계단식,96,"12억 5,000",14억,"12억 5,000~14억","(3,776~4,230만원/3.3㎡)",49,"6억 5,000",7억,"6억 5,000~7억","(1,964~2,115만원/3.3㎡)",46~56%,0,,205305,251730,163371,2623929873,관악드림타운,매매,"12억 5,000",109,84,2/22,남서향,106동,20260502,깔끔한기본집 앞뒤트인뷰 높은저층 햇살좋은남서향 정문입구동,베스트(단지내02-872-2600)공인중개사사무소
관악드림타운,2987,관악드림타운,서울시 관악구 봉천동,관악드림타운,서울시 관악구 봉천동,3544,44,20030906,10,27,,267,16,37.490479,126.950561,7,33,109.42,84.96,25.7,78,1408,3,2,계단식,96,"12억 5,000",14억,"12억 5,000~14억","(3,776~4,230만원/3.3㎡)",49,"6억 5,000",7억,"6억 5,000~7억","(1,964~2,115만원/3.3㎡)",46~56%,0,,205305,251730,163371,2625157253,관악드림타운,매매,13억,109,84,중/23,남동향,104동,20260508,"33. 트인전망, 샷시포함 내부올수리, 채광굿, 입주협의",명도(단지내02-879-1212)공인중개사사무소
관악드림타운,2987,관악드림타운,서울시 관악구 봉천동,관악드림타운,서울시 관악구 봉천동,3544,44,20030906,10,27,,267,16,37.490479,126.950561,7,33,109.42,84.96,25.7,78,1408,3,2,계단식,96,"12억 5,000",14억,"12억 5,000~14억","(3,776~4,230만원/3.3㎡)",49,"6억 5,000",7억,"6억 5,000~7억","(1,964~2,115만원/3.3㎡)",46~56%,0,,205305,251730,163371,2625132224,관악드림타운,매매,13억,109,84,중/23,남동향,104동,20260508,샷시포한된올수리 시원한고층뻥뷰 부출입구이용편리 입주협의,베스트(단지내02-872-2600)공인중개사사무소
관악드림타운,2987,관악드림타운,서울시 관악구 봉천동,관악드림타운,서울시 관악구 봉천동,3544,44,20030906,10,27,,267,16,37.490479,126.950561,7,33,109.42,84.96,25.7,78,1408,3,2,계단식,96,"12억 5,000",14억,"12억 5,000~14억","(3,776~4,230만원/3.3㎡)",49,"6억 5,000",7억,"6억 5,000~7억","(1,964~2,115만원/3.3㎡)",46~56%,0,,205305,251730,163371,2625130564,관악드림타운,매매,13억,109,84,중/23,남서향,137동,20260508,거실.방확장 깔끔한수리  정류장가까운동 단지중앙동 생활편리,베스트(단지내02-872-2600)공인중개사사무소
관악드림타운,2987,관악드림타운,서울시 관악구 봉천동,관악드림타운,서울시 관악구 봉천동,3544,44,20030906,10,27,,267,16,37.490479,126.950561,7,33,109.42,84.96,25.7,78,1408,3,2,계단식,96,"12억 5,000",14억,"12억 5,000~14억","(3,776~4,230만원/3.3㎡)",49,"6억 5,000",7억,"6억 5,000~7억","(1,964~2,115만원/3.3㎡)",46~56%,0,,205305,251730,163371,2624831576,관악드림타운,매매,"12억 5,000",109,84,저/25,남서향,141동,20260507,33. 방3화2. 정류장 인접. 구암중고 근접. 통학편리.입주협의,한강(드림타운02-888-9393)공인중개사사무소
관악드림타운,2987,관악드림타운,서울시 관악구 봉천동,관악드림타운,서울시 관악구 봉천동,3544,44,20030906,10,27,,267,16,37.490479,126.950561,7,33,109.42,84.96,25.7,78,1408,3,2,계단식,96,"12억 5,000",14억,"12억 5,000~14억","(3,776~4,230만원/3.3㎡)",49,"6억 5,000",7억,"6억 5,000~7억","(1,964~2,115만원/3.3㎡)",46~56%,0,,205305,251730,163371,2624940386,관악드림타운,매매,"12억 5,000",109,84,저/25,남동향,141동,20260507,"33 기본, 버스 정류장 1분 2호선7호선 이용편리, 구암중고 통학굿",용(02-886-7171단지내)공인중개사사무소
관악드림타운,2987,관악드림타운,서울시 관악구 봉천동,관악드림타운,서울시 관악구 봉천동,3544,44,20030906,10,27,,267,16,37.490479,126.950561,7,33,109.42,84.96,25.7,78,1408,3,2,계단식,96,"12억 5,000",14억,"12억 5,000~14억","(3,776~4,230만원/3.3㎡)",49,"6억 5,000",7억,"6억 5,000~7억","(1,964~2,115만원/3.3㎡)",46~56%,0,,205305,251730,163371,2624944102,관악드림타운,매매,13억,109,84,중/25,남동향,112동,20260507,최근샷시포함올수리 출퇴근편린힌덩 입주협의가능,베스트(단지내02-872-2600)공인중개사사무소
관악드림타운,2987,관악드림타운,서울시 관악구 봉천동,관악드림타운,서울시 관악구 봉천동,3544,44,20030906,10,27,,267,16,37.490479,126.950561,7,33,109.42,84.96,25.7,78,1408,3,2,계단식,96,"12억 5,000",14억,"12억 5,000~14억","(3,776~4,230만원/3.3㎡)",49,"6억 5,000",7억,"6억 5,000~7억","(1,964~2,115만원/3.3㎡)",46~56%,0,,205305,251730,163371,2624886368,관악드림타운,매매,13억,109,84,중/25,남동향,112동,20260507,33. 샤시 포함 올수리. 협의 입주. 교통 좋은 동.,샘터(02-886-3333)공인중개사사무소
관악드림타운,2987,관악드림타운,서울시 관악구 봉천동,관악드림타운,서울시 관악구 봉천동,3544,44,20030906,10,27,,267,16,37.490479,126.950561,7,33,109.42,84.96,25.7,78,1408,3,2,계단식,96,"12억 5,000",14억,"12억 5,000~14억","(3,776~4,230만원/3.3㎡)",49,"6억 5,000",7억,"6억 5,000~7억","(1,964~2,115만원/3.3㎡)",46~56%,0,,205305,251730,163371,2623934645,관악드림타운,매매,13억,109,84,중/23,남서향,137동,20260502,공동가능. 33. 거실방확장. 일부수리. 구암중고인접. 교통편리함.,한강(드림타운02-888-9393)공인중개사사무소
관악드림타운,2987,관악드림타운,서울시 관악구 봉천동,관악드림타운,서울시 관악구 봉천동,3544,44,20030906,10,27,,267,16,37.490479,126.950561,7,33,109.42,84.96,25.7,78,1408,3,2,계단식,96,"12억 5,000",14억,"12억 5,000~14억","(3,776~4,230만원/3.3㎡)",49,"6억 5,000",7억,"6억 5,000~7억","(1,964~2,115만원/3.3㎡)",46~56%,0,,205305,251730,163371,2624648771,관악드림타운,매매,13억,109,84,중/25,남동향,112동,20260506,"33, 최근샷시포함 올수리, 전망,채광좋음, 버스정류장 인접, 입주협의",명도(단지내02-879-1212)공인중개사사무소
관악드림타운,2987,관악드림타운,서울시 관악구 봉천동,관악드림타운,서울시 관악구 봉천동,3544,44,20030906,10,27,,267,16,37.490479,126.950561,7,33,109.42,84.96,25.7,78,1408,3,2,계단식,96,"12억 5,000",14억,"12억 5,000~14억","(3,776~4,230만원/3.3㎡)",49,"6억 5,000",7억,"6억 5,000~7억","(1,964~2,115만원/3.3㎡)",46~56%,0,,205305,251730,163371,2624660855,관악드림타운,매매,"12억 8,000",109,84,중/25,남동향,112동,20260506,"33, 샷시포함 내부수리, 전망굿, 채광좋음, 교통편리동, 입주협의",명도(단지내02-879-1212)공인중개사사무소
관악드림타운,2987,관악드림타운,서울시 관악구 봉천동,관악드림타운,서울시 관악구 봉천동,3544,44,20030906,10,27,,267,16,37.490479,126.950561,7,33,109.42,84.96,25.7,78,1408,3,2,계단식,96,"12억 5,000",14억,"12억 5,000~14억","(3,776~4,230만원/3.3㎡)",49,"6억 5,000",7억,"6억 5,000~7억","(1,964~2,115만원/3.3㎡)",46~56%,0,,205305,251730,163371,2624184063,관악드림타운,매매,"12억 5,000",109,84,저/22,남서향,106동,20260504,"33,기본상태 , 나무가 예쁘게 보여요",사랑공인중개사사무소
관악드림타운,2987,관악드림타운,서울시 관악구 봉천동,관악드림타운,서울시 관악구 봉천동,3544,44,20030906,10,27,,267,16,37.490479,126.950561,7,33,109.42,84.96,25.7,78,1408,3,2,계단식,96,"12억 5,000",14억,"12억 5,000~14억","(3,776~4,230만원/3.3㎡)",49,"6억 5,000",7억,"6억 5,000~7억","(1,964~2,115만원/3.3㎡)",46~56%,0,,205305,251730,163371,2624007133,관악드림타운,매매,13억,109,84,중/23,남서향,137동,20260504,"참좋은 33, 거실방확장,일부수리, 남서향으로 채광 굿,버스정류장2분",참좋은부동산공인중개사사무소
관악드림타운,2987,관악드림타운,서울시 관악구 봉천동,관악드림타운,서울시 관악구 봉천동,3544,44,20030906,10,27,,267,16,37.490479,126.950561,7,33,109.42,84.96,25.7,78,1408,3,2,계단식,96,"12억 5,000",14억,"12억 5,000~14억","(3,776~4,230만원/3.3㎡)",49,"6억 5,000",7억,"6억 5,000~7억","(1,964~2,115만원/3.3㎡)",46~56%,0,,205305,251730,163371,2624002954,관악드림타운,매매,13억,109,84,중/23,남서향,137동,20260504,"33, 거실,방확장 내부수리, 채광좋음, 버스정류장 인접,입주협의",명도(단지내02-879-1212)공인중개사사무소
관악드림타운,2987,관악드림타운,서울시 관악구 봉천동,관악드림타운,서울시 관악구 봉천동,3544,44,20030906,10,27,,267,16,37.490479,126.950561,7,33,109.42,84.96,25.7,78,1408,3,2,계단식,96,"12억 5,000",14억,"12억 5,000~14억","(3,776~4,230만원/3.3㎡)",49,"6억 5,000",7억,"6억 5,000~7억","(1,964~2,115만원/3.3㎡)",46~56%,0,,205305,251730,163371,2621792400,관악드림타운,매매,"12억 8,000",109,84,중/25,남동향,112동,20260421,공동환영  푀근전체샤시교체  내부수리  이사협의  전망나옴 교통편리,드림타운단지내(02-878-6000)공인중개사사무소
관악드림타운,2987,관악드림타운,서울시 관악구 봉천동,관악드림타운,서울시 관악구 봉천동,3544,44,20030906,10,27,,267,16,37.490479,126.950561,7,33,109.42,84.96,25.7,78,1408,3,2,계단식,96,"12억 5,000",14억,"12억 5,000~14억","(3,776~4,230만원/3.3㎡)",49,"6억 5,000",7억,"6억 5,000~7억","(1,964~2,115만원/3.3㎡)",46~56%,0,,205305,251730,163371,2621511733,관악드림타운,매매,13억,109,84,중/23,남서향,137동,20260420,"33, 공동가, 거실과 작은방확장되고 내부 올수리됨.",사랑공인중개사사무소
관악드림타운,2987,관악드림타운,서울시 관악구 봉천동,관악드림타운,서울시 관악구 봉천동,3544,44,20030906,10,27,,267,16,37.490479,126.950561,7,33,109.42,84.96,25.7,78,1408,3,2,계단식,96,"12억 5,000",14억,"12억 5,000~14억","(3,776~4,230만원/3.3㎡)",49,"6억 5,000",7억,"6억 5,000~7억","(1,964~2,115만원/3.3㎡)",46~56%,0,,205305,251730,163371,2621473272,관악드림타운,매매,13억,109,84,중/23,남서향,137동,20260420,33. 거실 방1 확장 내부 올수리 매매,럭키공인중개사사무소
관악드림타운,2987,관악드림타운,서울시 관악구 봉천동,관악드림타운,서울시 관악구 봉천동,3544,44,20030906,10,27,,267,16,37.490479,126.950561,7,33,109.42,84.96,25.7,78,1408,3,2,계단식,96,"12억 5,000",14억,"12억 5,000~14억","(3,776~4,230만원/3.3㎡)",49,"6억 5,000",7억,"6억 5,000~7억","(1,964~2,115만원/3.3㎡)",46~56%,0,,205305,251730,163371,2622680865,관악드림타운,매매,"12억 8,000",109,84,중/25,남동향,112동,20260427,,참좋은부동산공인중개사사무소
관악드림타운,2987,관악드림타운,서울시 관악구 봉천동,관악드림타운,서울시 관악구 봉천동,3544,44,20030906,10,27,,267,16,37.490479,126.950561,7,33,109.42,84.96,25.7,78,1408,3,2,계단식,96,"12억 5,000",14억,"12억 5,000~14억","(3,776~4,230만원/3.3㎡)",49,"6억 5,000",7억,"6억 5,000~7억","(1,964~2,115만원/3.3㎡)",46~56%,0,,205305,251730,163371,2622638675,관악드림타운,매매,"12억 5,000",109,84,저/22,남서향,106동,20260425,33드림타운 기본형.붙박이장有 지대높은 곳 남서향 채광맛집,드림명문공인중개사사무소
관악드림타운,2987,관악드림타운,서울시 관악구 봉천동,관악드림타운,서울시 관악구 봉천동,3544,44,20030906,10,27,,267,16,37.490479,126.950561,7,33,109.42,84.96,25.7,78,1408,3,2,계단식,96,"12억 5,000",14억,"12억 5,000~14억","(3,776~4,230만원/3.3㎡)",49,"6억 5,000",7억,"6억 5,000~7억","(1,964~2,115만원/3.3㎡)",46~56%,0,,205305,251730,163371,2622523537,관악드림타운,매매,"12억 5,000",109,84,저/22,남서향,106동,20260425,"33, 정문 인접동, 내부 올수리해서 입주하실 분, 신혼부부 강추",구암(02-888-1700)공인중개사사무소
관악드림타운,2987,관악드림타운,서울시 관악구 봉천동,관악드림타운,서울시 관악구 봉천동,3544,44,20030906,10,27,,267,16,37.490479,126.950561,7,33,109.42,84.96,25.7,78,1408,3,2,계단식,96,"12억 5,000",14억,"12억 5,000~14억","(3,776~4,230만원/3.3㎡)",49,"6억 5,000",7억,"6억 5,000~7억","(1,964~2,115만원/3.3㎡)",46~56%,0,,205305,251730,163371,2622325165,관악드림타운,매매,"12억 8,000",109,84,저/23,남향,136동,20260424,"모든방 채광굿 ,전망최고 .뷰맛집 최고학군 위치 구암 초.중.고 위치",우리부동산공인중개사사무소
관악드림타운,2987,관악드림타운,서울시 관악구 봉천동,관악드림타운,서울시 관악구 봉천동,3544,44,20030906,10,27,,267,16,37.490479,126.950561,7,33,109.42,84.96,25.7,78,1408,3,2,계단식,96,"12억 5,000",14억,"12억 5,000~14억","(3,776~4,230만원/3.3㎡)",49,"6억 5,000",7억,"6억 5,000~7억","(1,964~2,115만원/3.3㎡)",46~56%,0,,205305,251730,163371,2621924340,관악드림타운,매매,"12억 8,000",109,84,중/25,남동향,112동,20260422,"최근 샷시 전체 교체, 내수 수리, 중문, 정류장 이용 편리동",구암(02-888-1700)공인중개사사무소
관악드림타운,2987,관악드림타운,서울시 관악구 봉천동,관악드림타운,서울시 관악구 봉천동,3544,44,20030906,10,27,,267,16,37.490479,126.950561,7,33,109.42,84.96,25.7,78,1408,3,2,계단식,96,"12억 5,000",14억,"12억 5,000~14억","(3,776~4,230만원/3.3㎡)",49,"6억 5,000",7억,"6억 5,000~7억","(1,964~2,115만원/3.3㎡)",46~56%,0,,205305,251730,163371,2621959912,관악드림타운,매매,"12억 8,000",109,84,중/25,남동향,112동,20260422,33 샷시 포함 올수리  구암중고인접 교통편리 입주협의 ,부자되는 부동산 공인중개사사무소
관악드림타운,2987,관악드림타운,서울시 관악구 봉천동,관악드림타운,서울시 관악구 봉천동,3544,44,20030906,10,27,,267,16,37.490479,126.950561,7,33,109.42,84.96,25.7,78,1408,3,2,계단식,96,"12억 5,000",14억,"12억 5,000~14억","(3,776~4,230만원/3.3㎡)",49,"6억 5,000",7억,"6억 5,000~7억","(1,964~2,115만원/3.3㎡)",46~56%,0,,205305,251730,163371,2621962447,관악드림타운,매매,"12억 8,000",109,84,중/25,남동향,112동,20260422,33형  전체샷시포함올수리전망권교통이용숭실대이용권,더드림부동산공인중개사사무소
관악드림타운,2987,관악드림타운,서울시 관악구 봉천동,관악드림타운,서울시 관악구 봉천동,3544,44,20030906,10,27,,267,16,37.490479,126.950561,7,33,109.42,84.96,25.7,78,1408,3,2,계단식,96,"12억 5,000",14억,"12억 5,000~14억","(3,776~4,230만원/3.3㎡)",49,"6억 5,000",7억,"6억 5,000~7억","(1,964~2,115만원/3.3㎡)",46~56%,0,,205305,251730,163371,2621863583,관악드림타운,매매,"12억 8,000",109,84,중/25,남동향,112동,20260422,샷시포함올수리  입주협의  구암중.고.정류장 인접동,동아공인중개사사무소
관악드림타운,2987,관악드림타운,서울시 관악구 봉천동,관악드림타운,서울시 관악구 봉천동,3544,44,20030906,10,27,,267,16,37.490479,126.950561,7,33,109.42,84.96,25.7,78,1408,3,2,계단식,96,"12억 5,000",14억,"12억 5,000~14억","(3,776~4,230만원/3.3㎡)",49,"6억 5,000",7억,"6억 5,000~7억","(1,964~2,115만원/3.3㎡)",46~56%,0,,205305,251730,163371,2621202245,관악드림타운,매매,13억,109,84,중/25,남동향,138동,20260418,"내부상태 굿 조망권 굿, 10월 6일 만기 현 임차인 퇴거 조건협의중",우리부동산공인중개사사무소
관악드림타운,2987,관악드림타운,서울시 관악구 봉천동,관악드림타운,서울시 관악구 봉천동,3544,44,20030906,10,27,,267,16,37.490479,126.950561,7,33,109.42,84.96,25.7,78,1408,3,2,계단식,96,"12억 5,000",14억,"12억 5,000~14억","(3,776~4,230만원/3.3㎡)",49,"6억 5,000",7억,"6억 5,000~7억","(1,964~2,115만원/3.3㎡)",46~56%,0,,205305,251730,163371,2625115386,관악드림타운,매매,"12억 5,000",109,84,저/22,남서향,106동,20260508,"정문추천, 33, 정문입구동, 채광우수, 앞트여있어 전망좋아요. 높은저층",관악센트씨엘정문(877-1002-단지내)공인중개사사무소
관악드림타운,2987,관악드림타운,서울시 관악구 봉천동,관악드림타운,서울시 관악구 봉천동,3544,44,20030906,10,27,,267,16,37.490479,126.950561,7,33,109.42,84.96,25.7,78,1408,3,2,계단식,96,"12억 5,000",14억,"12억 5,000~14억","(3,776~4,230만원/3.3㎡)",49,"6억 5,000",7억,"6억 5,000~7억","(1,964~2,115만원/3.3㎡)",46~56%,0,,205305,251730,163371,2623791370,관악드림타운,매매,13억,109,84,중/23,남서향,137동,20260501,"33, 거실,방확장 내부수리, 채광좋음, 버스정류장 인접",명도공인중개사사무소
관악드림타운,2987,관악드림타운,서울시 관악구 봉천동,관악드림타운,서울시 관악구 봉천동,3544,44,20030906,10,27,,267,16,37.490479,126.950561,7,33,109.42,84.96,25.7,78,1408,3,2,계단식,96,"12억 5,000",14억,"12억 5,000~14억","(3,776~4,230만원/3.3㎡)",49,"6억 5,000",7억,"6억 5,000~7억","(1,964~2,115만원/3.3㎡)",46~56%,0,,205305,251730,163371,2623753415,관악드림타운,매매,"12억 8,000",109,84,중/25,남동향,112동,20260501,"정문강추, 33, 최근 샤시교체 내부올수리, 전망나오는 중층, 교통편리동",관악센트씨엘정문(877-1002-단지내)공인중개사사무소
관악드림타운,2987,관악드림타운,서울시 관악구 봉천동,관악드림타운,서울시 관악구 봉천동,3544,44,20030906,10,27,,267,16,37.490479,126.950561,8,38,127.98,102,30.85,80,248,4,2,계단식,40,"12억 9,000","13억 5,000","12억 9,000~13억 5,000","(3,332~3,487만원/3.3㎡)",0,,,,,,8,"5,000/250",246482,302219,196138,2626729092,관악드림타운,매매,"13억 5,000",127,102,13/23,남서향,113동,20260516,공동환영 남서향 샤시포함 올수리 구암중.고인접 교통편리 입주협의,명품(단지내상가02-885-3900)공인중개사사무소
관악드림타운,2987,관악드림타운,서울시 관악구 봉천동,관악드림타운,서울시 관악구 봉천동,3544,44,20030906,10,27,,267,16,37.490479,126.950561,8,38,127.98,102,30.85,80,248,4,2,계단식,40,"12억 9,000","13억 5,000","12억 9,000~13억 5,000","(3,332~3,487만원/3.3㎡)",0,,,,,,8,"5,000/250",246482,302219,196138,2626544761,관악드림타운,매매,"13억 5,000",127,102,13/23,남서향,113동,20260515,공동환영.38.강추.최근샤시포함 올수리.남향.폴딩도어설치.입주협의,센츄리믿음(02-884-8100)공인중개사사무소
관악드림타운,2987,관악드림타운,서울시 관악구 봉천동,관악드림타운,서울시 관악구 봉천동,3544,44,20030906,10,27,,267,16,37.490479,126.950561,8,38,127.98,102,30.85,80,248,4,2,계단식,40,"12억 9,000","13억 5,000","12억 9,000~13억 5,000","(3,332~3,487만원/3.3㎡)",0,,,,,,8,"5,000/250",246482,302219,196138,2626514568,관악드림타운,매매,"13억 5,000",127,102,13/23,남서향,113동,20260515,"38. 공동가. 샷시포함 올수리 폴딩도어, 햇살 좋음. 복받은 집",샘터(02-886-3333)공인중개사사무소
관악드림타운,2987,관악드림타운,서울시 관악구 봉천동,관악드림타운,서울시 관악구 봉천동,3544,44,20030906,10,27,,267,16,37.490479,126.950561,8,38,127.98,102,30.85,80,248,4,2,계단식,40,"12억 9,000","13억 5,000","12억 9,000~13억 5,000","(3,332~3,487만원/3.3㎡)",0,,,,,,8,"5,000/250",246482,302219,196138,2626542739,관악드림타운,매매,"13억 5,000",127,102,13/23,남서향,113동,20260515,공동환영 38 남서향 샤시포함올수리 폴딩도어 우수학군 입주협의,명품(단지내상가02-885-3900)공인중개사사무소
관악드림타운,2987,관악드림타운,서울시 관악구 봉천동,관악드림타운,서울시 관악구 봉천동,3544,44,20030906,10,27,,267,16,37.490479,126.950561,8,38,127.98,102,30.85,80,248,4,2,계단식,40,"12억 9,000","13억 5,000","12억 9,000~13억 5,000","(3,332~3,487만원/3.3㎡)",0,,,,,,8,"5,000/250",246482,302219,196138,2626010714,관악드림타운,매매,"13억 5,000",127,102,13/23,남서향,113동,20260513,"공동가능,샷시포함 올수리,거실폴딩도어,교통편리동,입주협의",삼성동아(02-885-0022)단지내공인중개사사무소
관악드림타운,2987,관악드림타운,서울시 관악구 봉천동,관악드림타운,서울시 관악구 봉천동,3544,44,20030906,10,27,,267,16,37.490479,126.950561,8,38,127.98,102,30.85,80,248,4,2,계단식,40,"12억 9,000","13억 5,000","12억 9,000~13억 5,000","(3,332~3,487만원/3.3㎡)",0,,,,,,8,"5,000/250",246482,302219,196138,2625888465,관악드림타운,매매,"13억 5,000",127,102,13/23,남서향,113동,20260512,공동환영.38.강추.최근샤시포함 올수리.남향.폴딩도어설치.입주협의,센츄리믿음(단지내02-884-8100)공인중개사사무소
관악드림타운,2987,관악드림타운,서울시 관악구 봉천동,관악드림타운,서울시 관악구 봉천동,3544,44,20030906,10,27,,267,16,37.490479,126.950561,8,38,127.98,102,30.85,80,248,4,2,계단식,40,"12억 9,000","13억 5,000","12억 9,000~13억 5,000","(3,332~3,487만원/3.3㎡)",0,,,,,,8,"5,000/250",246482,302219,196138,2626413551,관악드림타운,매매,"13억 5,000",127,102,저/23,남서향,113동,20260515,"38. 방4, 예전 올수리, 내부수리, 교통편리, 입주협의",대경공인중개사사무소
관악드림타운,2987,관악드림타운,서울시 관악구 봉천동,관악드림타운,서울시 관악구 봉천동,3544,44,20030906,10,27,,267,16,37.490479,126.950561,8,38,127.98,102,30.85,80,248,4,2,계단식,40,"12억 9,000","13억 5,000","12억 9,000~13억 5,000","(3,332~3,487만원/3.3㎡)",0,,,,,,8,"5,000/250",246482,302219,196138,2626416710,관악드림타운,매매,"13억 5,000",127,102,중/23,남서향,113동,20260515,No. 1 38   공동가 샷시 포함 특 올수리,센트씨엘제일공인중개사사무소
관악드림타운,2987,관악드림타운,서울시 관악구 봉천동,관악드림타운,서울시 관악구 봉천동,3544,44,20030906,10,27,,267,16,37.490479,126.950561,8,38,127.98,102,30.85,80,248,4,2,계단식,40,"12억 9,000","13억 5,000","12억 9,000~13억 5,000","(3,332~3,487만원/3.3㎡)",0,,,,,,8,"5,000/250",246482,302219,196138,2625099578,관악드림타운,매매,"12억 9,000",127,102,14/23,남서향,113동,20260508,38. 부분수리 화장실2개수리됨 작은방확장 집상태깨끗 입주또는전세안고,대경공인중개사사무소
관악드림타운,2987,관악드림타운,서울시 관악구 봉천동,관악드림타운,서울시 관악구 봉천동,3544,44,20030906,10,27,,267,16,37.490479,126.950561,8,38,127.98,102,30.85,80,248,4,2,계단식,40,"12억 9,000","13억 5,000","12억 9,000~13억 5,000","(3,332~3,487만원/3.3㎡)",0,,,,,,8,"5,000/250",246482,302219,196138,2625095357,관악드림타운,매매,"13억 5,000",127,102,13/23,남서향,113동,20260508,"공동가능,샷시포함 올수리,거실폴딩도어,교통편리동,입주협의",삼성동아(02-885-0022)단지내공인중개사사무소
관악드림타운,2987,관악드림타운,서울시 관악구 봉천동,관악드림타운,서울시 관악구 봉천동,3544,44,20030906,10,27,,267,16,37.490479,126.950561,8,38,127.98,102,30.85,80,248,4,2,계단식,40,"12억 9,000","13억 5,000","12억 9,000~13억 5,000","(3,332~3,487만원/3.3㎡)",0,,,,,,8,"5,000/250",246482,302219,196138,2626672351,관악드림타운,매매,"13억 5,000",127,102,13/23,남서향,113동,20260516,38. 방4화2. 최근 샷시포함 올수리됨. 거실폴딩도어. 정류장 인접.,한강(드림타운02-888-9393)공인중개사사무소
관악드림타운,2987,관악드림타운,서울시 관악구 봉천동,관악드림타운,서울시 관악구 봉천동,3544,44,20030906,10,27,,267,16,37.490479,126.950561,8,38,127.98,102,30.85,80,248,4,2,계단식,40,"12억 9,000","13억 5,000","12억 9,000~13억 5,000","(3,332~3,487만원/3.3㎡)",0,,,,,,8,"5,000/250",246482,302219,196138,2626505190,관악드림타운,매매,"13억 5,000",127,102,13/23,남서향,113동,20260515,"38.방4개,샷시포함 올수리, 거실폴딩도어, 채광좋음, 버스정류장 인접",명도(단지내02-879-1212)공인중개사사무소
관악드림타운,2987,관악드림타운,서울시 관악구 봉천동,관악드림타운,서울시 관악구 봉천동,3544,44,20030906,10,27,,267,16,37.490479,126.950561,8,38,127.98,102,30.85,80,248,4,2,계단식,40,"12억 9,000","13억 5,000","12억 9,000~13억 5,000","(3,332~3,487만원/3.3㎡)",0,,,,,,8,"5,000/250",246482,302219,196138,2626268522,관악드림타운,매매,"13억 5,000",127,102,13/23,남서향,113동,20260514,"38 거실폴딩도어 샷시포함 올수리, 정류장 2분 출퇴근편리, 중고통학굿",용(02-886-7171단지내)공인중개사사무소
관악드림타운,2987,관악드림타운,서울시 관악구 봉천동,관악드림타운,서울시 관악구 봉천동,3544,44,20030906,10,27,,267,16,37.490479,126.950561,8,38,127.98,102,30.85,80,248,4,2,계단식,40,"12억 9,000","13억 5,000","12억 9,000~13억 5,000","(3,332~3,487만원/3.3㎡)",0,,,,,,8,"5,000/250",246482,302219,196138,2625351700,관악드림타운,매매,"13억 5,000",127,102,중/23,남서향,113동,20260509,공동ok 사진有 깔끔하게 수리된 내부 입주시기 협의 가능,신연부동산공인중개사사무소
관악드림타운,2987,관악드림타운,서울시 관악구 봉천동,관악드림타운,서울시 관악구 봉천동,3544,44,20030906,10,27,,267,16,37.490479,126.950561,8,38,127.98,102,30.85,80,248,4,2,계단식,40,"12억 9,000","13억 5,000","12억 9,000~13억 5,000","(3,332~3,487만원/3.3㎡)",0,,,,,,8,"5,000/250",246482,302219,196138,2623882943,관악드림타운,매매,"13억 5,000",127,102,13/23,남서향,113동,20260502,38P 공동ok 전자계약 엘지샷시 폴딩도어 한샘 특인테리어 중문설치,다온공인중개사사무소
관악드림타운,2987,관악드림타운,서울시 관악구 봉천동,관악드림타운,서울시 관악구 봉천동,3544,44,20030906,10,27,,267,16,37.490479,126.950561,8,38,127.98,102,30.85,80,248,4,2,계단식,40,"12억 9,000","13억 5,000","12억 9,000~13억 5,000","(3,332~3,487만원/3.3㎡)",0,,,,,,8,"5,000/250",246482,302219,196138,2625636601,관악드림타운,매매,"13억 5,000",127,102,13/23,남서향,113동,20260511,"38. 샷시포함 올수리,거실폴딩도어,교통편리동,입주협의",대경공인중개사사무소
관악드림타운,2987,관악드림타운,서울시 관악구 봉천동,관악드림타운,서울시 관악구 봉천동,3544,44,20030906,10,27,,267,16,37.490479,126.950561,8,38,127.98,102,30.85,80,248,4,2,계단식,40,"12억 9,000","13억 5,000","12억 9,000~13억 5,000","(3,332~3,487만원/3.3㎡)",0,,,,,,8,"5,000/250",246482,302219,196138,2623431409,관악드림타운,매매,"13억 5,000",127,102,13/23,남서향,113동,20260429,"공동환영 샤시포함 올수리 거실 폴딩도어 교통편리,남서향 방4개",드림타운단지내(02-878-6000)공인중개사사무소
관악드림타운,2987,관악드림타운,서울시 관악구 봉천동,관악드림타운,서울시 관악구 봉천동,3544,44,20030906,10,27,,267,16,37.490479,126.950561,8,38,127.98,102,30.85,80,248,4,2,계단식,40,"12억 9,000","13억 5,000","12억 9,000~13억 5,000","(3,332~3,487만원/3.3㎡)",0,,,,,,8,"5,000/250",246482,302219,196138,2625265751,관악드림타운,매매,"13억 5,000",127,102,13/23,남서향,113동,20260509,"38.방4개,샷시포함 올수리, 거실폴딩도어, 채광좋음, 버스정류장 인접",명도(단지내02-879-1212)공인중개사사무소
관악드림타운,2987,관악드림타운,서울시 관악구 봉천동,관악드림타운,서울시 관악구 봉천동,3544,44,20030906,10,27,,267,16,37.490479,126.950561,8,38,127.98,102,30.85,80,248,4,2,계단식,40,"12억 9,000","13억 5,000","12억 9,000~13억 5,000","(3,332~3,487만원/3.3㎡)",0,,,,,,8,"5,000/250",246482,302219,196138,2624433573,관악드림타운,매매,"13억 5,000",127,102,저/23,남서향,113동,20260505,공동가능. 38. 내부 올수리. 방4화2. 정류장 인접. 입주협의,한강(드림타운02-888-9393)공인중개사사무소
관악드림타운,2987,관악드림타운,서울시 관악구 봉천동,관악드림타운,서울시 관악구 봉천동,3544,44,20030906,10,27,,267,16,37.490479,126.950561,8,38,127.98,102,30.85,80,248,4,2,계단식,40,"12억 9,000","13억 5,000","12억 9,000~13억 5,000","(3,332~3,487만원/3.3㎡)",0,,,,,,8,"5,000/250",246482,302219,196138,2624384679,관악드림타운,매매,"13억 5,000",127,102,저/23,남서향,113동,20260505,"공동가능,예전올수리,교통편리동,입주협의",삼성동아(02-885-0022)단지내공인중개사사무소
관악드림타운,2987,관악드림타운,서울시 관악구 봉천동,관악드림타운,서울시 관악구 봉천동,3544,44,20030906,10,27,,267,16,37.490479,126.950561,8,38,127.98,102,30.85,80,248,4,2,계단식,40,"12억 9,000","13억 5,000","12억 9,000~13억 5,000","(3,332~3,487만원/3.3㎡)",0,,,,,,8,"5,000/250",246482,302219,196138,2626430753,관악드림타운,매매,"13억 5,000",127,102,중/23,남서향,113동,20260515,"정문강추, 38, 샤시포함 내부올수리,한샘, 버즈정류장도보2분, 채광좋음",관악센트씨엘정문(877-1002-단지내)공인중개사사무소
관악드림타운,2987,관악드림타운,서울시 관악구 봉천동,관악드림타운,서울시 관악구 봉천동,3544,44,20030906,10,27,,267,16,37.490479,126.950561,8,38,127.98,102,30.85,80,248,4,2,계단식,40,"12억 9,000","13억 5,000","12억 9,000~13억 5,000","(3,332~3,487만원/3.3㎡)",0,,,,,,8,"5,000/250",246482,302219,196138,2624196540,관악드림타운,매매,"13억 5,000",127,102,저/23,남서향,113동,20260504,"공동환영 예전수리  주인거주 이사협의  남서향, 교통편리",드림타운단지내(02-878-6000)공인중개사사무소
관악드림타운,2987,관악드림타운,서울시 관악구 봉천동,관악드림타운,서울시 관악구 봉천동,3544,44,20030906,10,27,,267,16,37.490479,126.950561,8,38,127.98,102,30.85,80,248,4,2,계단식,40,"12억 9,000","13억 5,000","12억 9,000~13억 5,000","(3,332~3,487만원/3.3㎡)",0,,,,,,8,"5,000/250",246482,302219,196138,2625661625,관악드림타운,매매,"13억 5,000",127,102,저/23,남서향,113동,20260511,38. 비확장 샤시제외 내부올수리 입주협의,샘터(02-886-3333)공인중개사사무소
관악드림타운,2987,관악드림타운,서울시 관악구 봉천동,관악드림타운,서울시 관악구 봉천동,3544,44,20030906,10,27,,267,16,37.490479,126.950561,8,38,127.98,102,30.85,80,248,4,2,계단식,40,"12억 9,000","13억 5,000","12억 9,000~13억 5,000","(3,332~3,487만원/3.3㎡)",0,,,,,,8,"5,000/250",246482,302219,196138,2623546563,관악드림타운,매매,"13억 5,000",127,102,중/23,남서향,113동,20260430,"공동환영, 샤시포함  특 올수리, 거실폴딩도어.",제일공인중개사사무소
관악드림타운,2987,관악드림타운,서울시 관악구 봉천동,관악드림타운,서울시 관악구 봉천동,3544,44,20030906,10,27,,267,16,37.490479,126.950561,8,38,127.98,102,30.85,80,248,4,2,계단식,40,"12억 9,000","13억 5,000","12억 9,000~13억 5,000","(3,332~3,487만원/3.3㎡)",0,,,,,,8,"5,000/250",246482,302219,196138,2623386093,관악드림타운,매매,"13억 5,000",127,102,중/23,남서향,113동,20260429,"38. 공동가,올수리한지 얼마 안되어 집상태 좋아요",사랑공인중개사사무소
관악드림타운,2987,관악드림타운,서울시 관악구 봉천동,관악드림타운,서울시 관악구 봉천동,3544,44,20030906,10,27,,267,16,37.490479,126.950561,8,38,127.98,102,30.85,80,248,4,2,계단식,40,"12억 9,000","13억 5,000","12억 9,000~13억 5,000","(3,332~3,487만원/3.3㎡)",0,,,,,,8,"5,000/250",246482,302219,196138,2623288368,관악드림타운,매매,"13억 5,000",127,102,저/23,남서향,113동,20260429,공동가 앞 뒤 조망이 편안하고 교통이 편리한동 입주가능한 매물,럭키공인중개사사무소
관악드림타운,2987,관악드림타운,서울시 관악구 봉천동,관악드림타운,서울시 관악구 봉천동,3544,44,20030906,10,27,,267,16,37.490479,126.950561,8,38,127.98,102,30.85,80,248,4,2,계단식,40,"12억 9,000","13억 5,000","12억 9,000~13억 5,000","(3,332~3,487만원/3.3㎡)",0,,,,,,8,"5,000/250",246482,302219,196138,2625332864,관악드림타운,매매,"13억 5,000",127,102,저/23,남서향,113동,20260509,38. 방4개. 예전 올수리. 남서향. 입주협의.,현대공인중개사사무소
관악드림타운,2987,관악드림타운,서울시 관악구 봉천동,관악드림타운,서울시 관악구 봉천동,3544,44,20030906,10,27,,267,16,37.490479,126.950561,8,38,127.98,102,30.85,80,248,4,2,계단식,40,"12억 9,000","13억 5,000","12억 9,000~13억 5,000","(3,332~3,487만원/3.3㎡)",0,,,,,,8,"5,000/250",246482,302219,196138,2623781234,관악드림타운,매매,"13억 5,000",127,102,13/23,남서향,113동,20260502,38. 샷시포함 최근 특올수리. 거실폴딩도어. 방4. 화2. 교통편리동.,한강(드림타운02-888-9393)공인중개사사무소
관악드림타운,2987,관악드림타운,서울시 관악구 봉천동,관악드림타운,서울시 관악구 봉천동,3544,44,20030906,10,27,,267,16,37.490479,126.950561,8,38,127.98,102,30.85,80,248,4,2,계단식,40,"12억 9,000","13억 5,000","12억 9,000~13억 5,000","(3,332~3,487만원/3.3㎡)",0,,,,,,8,"5,000/250",246482,302219,196138,2622576805,관악드림타운,매매,"13억 5,000",127,102,저/23,남서향,113동,20260425,"방4, 화2, 예전올수리깨끗, 교통편리",유니공인중개사사무소
관악드림타운,2987,관악드림타운,서울시 관악구 봉천동,관악드림타운,서울시 관악구 봉천동,3544,44,20030906,10,27,,267,16,37.490479,126.950561,8,38,127.98,102,30.85,80,248,4,2,계단식,40,"12억 9,000","13억 5,000","12억 9,000~13억 5,000","(3,332~3,487만원/3.3㎡)",0,,,,,,8,"5,000/250",246482,302219,196138,2621953274,관악드림타운,매매,"13억 5,000",127,102,저/23,남서향,113동,20260422,"참좋은38, 방4화2, 남서향, 비확장,샷시제외예전올수리,정류장1분,",참좋은부동산공인중개사사무소
관악드림타운,2987,관악드림타운,서울시 관악구 봉천동,관악드림타운,서울시 관악구 봉천동,3544,44,20030906,10,27,,267,16,37.490479,126.950561,8,38,127.98,102,30.85,80,248,4,2,계단식,40,"12억 9,000","13억 5,000","12억 9,000~13억 5,000","(3,332~3,487만원/3.3㎡)",0,,,,,,8,"5,000/250",246482,302219,196138,2621889330,관악드림타운,매매,"13억 5,000",127,102,중/23,남서향,113동,20260422,"공동가, 앞 뒤 조망이 편안하고 교통이 편리한동  올수리 입주가능 매매",럭키공인중개사사무소
관악드림타운,2987,관악드림타운,서울시 관악구 봉천동,관악드림타운,서울시 관악구 봉천동,3544,44,20030906,10,27,,267,16,37.490479,126.950561,8,38,127.98,102,30.85,80,248,4,2,계단식,40,"12억 9,000","13억 5,000","12억 9,000~13억 5,000","(3,332~3,487만원/3.3㎡)",0,,,,,,8,"5,000/250",246482,302219,196138,2623826001,관악드림타운,매매,"13억 5,000",127,102,중/23,남서향,113동,20260502,"참좋은38, 최근샷시포함올수리,거실폴딩도어, 남서향, 정류장1분,",참좋은부동산공인중개사사무소
관악드림타운,2987,관악드림타운,서울시 관악구 봉천동,관악드림타운,서울시 관악구 봉천동,3544,44,20030906,10,27,,267,16,37.490479,126.950561,8,38,127.98,102,30.85,80,248,4,2,계단식,40,"12억 9,000","13억 5,000","12억 9,000~13억 5,000","(3,332~3,487만원/3.3㎡)",0,,,,,,8,"5,000/250",246482,302219,196138,2621445910,관악드림타운,매매,"13억 5,000",127,102,중/23,남서향,113동,20260420,38.공동환영o입주협의o샤시포함 한샘 특올수리,블루밍(단지내02-877-5055)공인중개사사무소
관악드림타운,2987,관악드림타운,서울시 관악구 봉천동,관악드림타운,서울시 관악구 봉천동,3544,44,20030906,10,27,,267,16,37.490479,126.950561,8,38,127.98,102,30.85,80,248,4,2,계단식,40,"12억 9,000","13억 5,000","12억 9,000~13억 5,000","(3,332~3,487만원/3.3㎡)",0,,,,,,8,"5,000/250",246482,302219,196138,2621285396,관악드림타운,매매,"13억 5,000",127,102,저/23,남서향,113동,20260418,"공동환영, 방4, 예전 올수리, 내부 깔끔한 집, 정류장 인접 교통편리",구암(02-888-1700)공인중개사사무소
관악드림타운,2987,관악드림타운,서울시 관악구 봉천동,관악드림타운,서울시 관악구 봉천동,3544,44,20030906,10,27,,267,16,37.490479,126.950561,8,38,127.98,102,30.85,80,248,4,2,계단식,40,"12억 9,000","13억 5,000","12억 9,000~13억 5,000","(3,332~3,487만원/3.3㎡)",0,,,,,,8,"5,000/250",246482,302219,196138,2623103499,관악드림타운,매매,"13억 5,000",127,102,저/23,남서향,113동,20260428,38 남서향 예 내부올수리 내부깔끔 정류장 인접 교통편리,대경공인중개사사무소
관악드림타운,2987,관악드림타운,서울시 관악구 봉천동,관악드림타운,서울시 관악구 봉천동,3544,44,20030906,10,27,,267,16,37.490479,126.950561,8,38,127.98,102,30.85,80,248,4,2,계단식,40,"12억 9,000","13억 5,000","12억 9,000~13억 5,000","(3,332~3,487만원/3.3㎡)",0,,,,,,8,"5,000/250",246482,302219,196138,2622446084,관악드림타운,매매,"13억 5,000",127,102,저/23,남서향,113동,20260424,38드림타운 샤시제외올수리.비확장.입주협의,드림명문공인중개사사무소
관악드림타운,2987,관악드림타운,서울시 관악구 봉천동,관악드림타운,서울시 관악구 봉천동,3544,44,20030906,10,27,,267,16,37.490479,126.950561,8,38,127.98,102,30.85,80,248,4,2,계단식,40,"12억 9,000","13억 5,000","12억 9,000~13억 5,000","(3,332~3,487만원/3.3㎡)",0,,,,,,8,"5,000/250",246482,302219,196138,2622119509,관악드림타운,매매,"13억 5,000",127,102,저/23,남서향,113동,20260423,"정문추천, 38, 샤시제외 예전내부올수리, 내부깔끔, 교통편리, 높은저층",관악센트씨엘정문(877-1002-단지내)공인중개사사무소
관악드림타운,2987,관악드림타운,서울시 관악구 봉천동,관악드림타운,서울시 관악구 봉천동,3544,44,20030906,10,27,,267,16,37.490479,126.950561,8,38,127.98,102,30.85,80,248,4,2,계단식,40,"12억 9,000","13억 5,000","12억 9,000~13억 5,000","(3,332~3,487만원/3.3㎡)",0,,,,,,8,"5,000/250",246482,302219,196138,2625077187,관악드림타운,매매,"13억 5,000",127,102,13/23,남서향,113동,20260508,38.강추.최근샤시포함 올수리.남향.폴딩도어.입주협의,두산홈즈(02-878-6607)부동산중개
관악드림타운,2987,관악드림타운,서울시 관악구 봉천동,관악드림타운,서울시 관악구 봉천동,3544,44,20030906,10,27,,267,16,37.490479,126.950561,8,38,127.98,102,30.85,80,248,4,2,계단식,40,"12억 9,000","13억 5,000","12억 9,000~13억 5,000","(3,332~3,487만원/3.3㎡)",0,,,,,,8,"5,000/250",246482,302219,196138,2623758447,관악드림타운,매매,"13억 5,000",127,102,저/23,남서향,113동,20260501,"정문추천, 38, 샤시제외 예전내부올수리, 내부깔끔, 교통편리, 높은저층",관악센트씨엘정문(877-1002-단지내)공인중개사사무소
관악드림타운,2987,관악드림타운,서울시 관악구 봉천동,관악드림타운,서울시 관악구 봉천동,3544,44,20030906,10,27,,267,16,37.490479,126.950561,8,38,127.98,102,30.85,80,248,4,2,계단식,40,"12억 9,000","13억 5,000","12억 9,000~13억 5,000","(3,332~3,487만원/3.3㎡)",0,,,,,,8,"5,000/250",246482,302219,196138,2622604391,관악드림타운,매매,"13억 5,000",127,102,저/23,남서향,113동,20260425,"방4개, 예전올수리, 교통편리",유니공인중개사사무소
관악드림타운,2987,관악드림타운,서울시 관악구 봉천동,관악드림타운,서울시 관악구 봉천동,3544,44,20030906,10,27,,267,16,37.490479,126.950561,9,42,141.43,114.75,34.71,81,784,4,2,계단식,94,"12억 7,000",15억,"12억 7,000~15억","(2,968~3,506만원/3.3㎡)",17,7억,"7억 5,000","7억~7억 5,000","(1,636~1,753만원/3.3㎡)",47~59%,17,1억/250~2억/260,277292,339996,220655,2626722951,관악드림타운,매매,"13억 8,000",141,114,중/25,남서향,127동,20260516,"42. 공동환영, 내부깨끗, 채광굿,교통편리동,입주협의",명도(단지내02-879-1212)공인중개사사무소
관악드림타운,2987,관악드림타운,서울시 관악구 봉천동,관악드림타운,서울시 관악구 봉천동,3544,44,20030906,10,27,,267,16,37.490479,126.950561,9,42,141.43,114.75,34.71,81,784,4,2,계단식,94,"12억 7,000",15억,"12억 7,000~15억","(2,968~3,506만원/3.3㎡)",17,7억,"7억 5,000","7억~7억 5,000","(1,636~1,753만원/3.3㎡)",47~59%,17,1억/250~2억/260,277292,339996,220655,2626542423,관악드림타운,매매,15억,141,114,고/22,남서향,110동,20260515,공동환영 남서향 최근샤시포함 특올수리 구암초중고학군 입주협의,명품(단지내상가02-885-3900)공인중개사사무소
관악드림타운,2987,관악드림타운,서울시 관악구 봉천동,관악드림타운,서울시 관악구 봉천동,3544,44,20030906,10,27,,267,16,37.490479,126.950561,9,42,141.43,114.75,34.71,81,784,4,2,계단식,94,"12억 7,000",15억,"12억 7,000~15억","(2,968~3,506만원/3.3㎡)",17,7억,"7억 5,000","7억~7억 5,000","(1,636~1,753만원/3.3㎡)",47~59%,17,1억/250~2억/260,277292,339996,220655,2626416137,관악드림타운,매매,"13억 8,000",141,114,저/27,남향,139동,20260515,"42,  공동환영  샷시 포함 특급  올수리 확장형",센트씨엘제일공인중개사사무소
관악드림타운,2987,관악드림타운,서울시 관악구 봉천동,관악드림타운,서울시 관악구 봉천동,3544,44,20030906,10,27,,267,16,37.490479,126.950561,9,42,141.43,114.75,34.71,81,784,4,2,계단식,94,"12억 7,000",15억,"12억 7,000~15억","(2,968~3,506만원/3.3㎡)",17,7억,"7억 5,000","7억~7억 5,000","(1,636~1,753만원/3.3㎡)",47~59%,17,1억/250~2억/260,277292,339996,220655,2626321210,관악드림타운,매매,15억,141,114,고/22,남서향,110동,20260514,42. 공동가. 확장 샤시 포함 올수리. 협의 입주 가능.,샘터(02-886-3333)공인중개사사무소
관악드림타운,2987,관악드림타운,서울시 관악구 봉천동,관악드림타운,서울시 관악구 봉천동,3544,44,20030906,10,27,,267,16,37.490479,126.950561,9,42,141.43,114.75,34.71,81,784,4,2,계단식,94,"12억 7,000",15억,"12억 7,000~15억","(2,968~3,506만원/3.3㎡)",17,7억,"7억 5,000","7억~7억 5,000","(1,636~1,753만원/3.3㎡)",47~59%,17,1억/250~2억/260,277292,339996,220655,2626282312,관악드림타운,매매,"13억 8,000",141,114,중/25,남서향,127동,20260514,공동가능. 내부 깨끗. 구암중고 통학편리. 정류장인접. 입주협의,한강(드림타운02-888-9393)공인중개사사무소
관악드림타운,2987,관악드림타운,서울시 관악구 봉천동,관악드림타운,서울시 관악구 봉천동,3544,44,20030906,10,27,,267,16,37.490479,126.950561,9,42,141.43,114.75,34.71,81,784,4,2,계단식,94,"12억 7,000",15억,"12억 7,000~15억","(2,968~3,506만원/3.3㎡)",17,7억,"7억 5,000","7억~7억 5,000","(1,636~1,753만원/3.3㎡)",47~59%,17,1억/250~2억/260,277292,339996,220655,2626194164,관악드림타운,매매,"13억 8,000",141,114,중/25,남서향,127동,20260514,"공동가능,깨끗,구암중,고등학교 근접,교통편리동,입주협의",삼성동아(02-885-0022)단지내공인중개사사무소
관악드림타운,2987,관악드림타운,서울시 관악구 봉천동,관악드림타운,서울시 관악구 봉천동,3544,44,20030906,10,27,,267,16,37.490479,126.950561,9,42,141.43,114.75,34.71,81,784,4,2,계단식,94,"12억 7,000",15억,"12억 7,000~15억","(2,968~3,506만원/3.3㎡)",17,7억,"7억 5,000","7억~7억 5,000","(1,636~1,753만원/3.3㎡)",47~59%,17,1억/250~2억/260,277292,339996,220655,2626180580,관악드림타운,매매,"13억 3,000",141,114,중/22,남서향,110동,20260514,"42.공동환영, 트인전망, 채광굿,구암 중고교 통학편리,교통편리,입주협의",명도(단지내02-879-1212)공인중개사사무소
관악드림타운,2987,관악드림타운,서울시 관악구 봉천동,관악드림타운,서울시 관악구 봉천동,3544,44,20030906,10,27,,267,16,37.490479,126.950561,9,42,141.43,114.75,34.71,81,784,4,2,계단식,94,"12억 7,000",15억,"12억 7,000~15억","(2,968~3,506만원/3.3㎡)",17,7억,"7억 5,000","7억~7억 5,000","(1,636~1,753만원/3.3㎡)",47~59%,17,1억/250~2억/260,277292,339996,220655,2626002720,관악드림타운,매매,15억,141,114,고/22,남서향,110동,20260513,"42,공동가,거실과 작은방확장됨. 특올수리 23년9월에 함,",사랑공인중개사사무소
관악드림타운,2987,관악드림타운,서울시 관악구 봉천동,관악드림타운,서울시 관악구 봉천동,3544,44,20030906,10,27,,267,16,37.490479,126.950561,9,42,141.43,114.75,34.71,81,784,4,2,계단식,94,"12억 7,000",15억,"12억 7,000~15억","(2,968~3,506만원/3.3㎡)",17,7억,"7억 5,000","7억~7억 5,000","(1,636~1,753만원/3.3㎡)",47~59%,17,1억/250~2억/260,277292,339996,220655,2626001185,관악드림타운,매매,"14억 5,000",141,114,중/25,남서향,140동,20260513,"42,공동가, 최고 특 올수리되어 집 구경하시면 아주 좋아요",사랑공인중개사사무소
관악드림타운,2987,관악드림타운,서울시 관악구 봉천동,관악드림타운,서울시 관악구 봉천동,3544,44,20030906,10,27,,267,16,37.490479,126.950561,9,42,141.43,114.75,34.71,81,784,4,2,계단식,94,"12억 7,000",15억,"12억 7,000~15억","(2,968~3,506만원/3.3㎡)",17,7억,"7억 5,000","7억~7억 5,000","(1,636~1,753만원/3.3㎡)",47~59%,17,1억/250~2억/260,277292,339996,220655,2625981371,관악드림타운,매매,"13억 5,000",141,114,저/18,남서향,103동,20260513,,퀸 공인중개사사무소
관악드림타운,2987,관악드림타운,서울시 관악구 봉천동,관악드림타운,서울시 관악구 봉천동,3544,44,20030906,10,27,,267,16,37.490479,126.950561,9,42,141.43,114.75,34.71,81,784,4,2,계단식,94,"12억 7,000",15억,"12억 7,000~15억","(2,968~3,506만원/3.3㎡)",17,7억,"7억 5,000","7억~7억 5,000","(1,636~1,753만원/3.3㎡)",47~59%,17,1억/250~2억/260,277292,339996,220655,2625745873,관악드림타운,매매,"14억 5,000",141,114,중/25,남서향,140동,20260512,"42 구암 중 고 최인접동으로 입주가능한 매물, 특 올수리, 입주는 협의",럭키공인중개사사무소
관악드림타운,2987,관악드림타운,서울시 관악구 봉천동,관악드림타운,서울시 관악구 봉천동,3544,44,20030906,10,27,,267,16,37.490479,126.950561,9,42,141.43,114.75,34.71,81,784,4,2,계단식,94,"12억 7,000",15억,"12억 7,000~15억","(2,968~3,506만원/3.3㎡)",17,7억,"7억 5,000","7억~7억 5,000","(1,636~1,753만원/3.3㎡)",47~59%,17,1억/250~2억/260,277292,339996,220655,2626559810,관악드림타운,매매,"13억 5,000",141,114,15/25,남서향,126동,20260515,"교통편리동,구암중,고등학교 근접,입주협의",삼성동아(02-885-0022)단지내공인중개사사무소
관악드림타운,2987,관악드림타운,서울시 관악구 봉천동,관악드림타운,서울시 관악구 봉천동,3544,44,20030906,10,27,,267,16,37.490479,126.950561,9,42,141.43,114.75,34.71,81,784,4,2,계단식,94,"12억 7,000",15억,"12억 7,000~15억","(2,968~3,506만원/3.3㎡)",17,7억,"7억 5,000","7억~7억 5,000","(1,636~1,753만원/3.3㎡)",47~59%,17,1억/250~2억/260,277292,339996,220655,2626559239,관악드림타운,매매,"13억 8,000",141,114,13/25,남향,127동,20260515,43 내부깨끗 남향 채광굿 중고가까운동,둥지(단지내02-871-4455)공인중개사사무소
관악드림타운,2987,관악드림타운,서울시 관악구 봉천동,관악드림타운,서울시 관악구 봉천동,3544,44,20030906,10,27,,267,16,37.490479,126.950561,9,42,141.43,114.75,34.71,81,784,4,2,계단식,94,"12억 7,000",15억,"12억 7,000~15억","(2,968~3,506만원/3.3㎡)",17,7억,"7억 5,000","7억~7억 5,000","(1,636~1,753만원/3.3㎡)",47~59%,17,1억/250~2억/260,277292,339996,220655,2626435110,관악드림타운,매매,"13억 5,000",141,114,15/25,남서향,126동,20260515,42. 채광 좋은 남서향. 정류장인접. 예쁘게 수리해서 입주하세요,한강(드림타운02-888-9393)공인중개사사무소
관악드림타운,2987,관악드림타운,서울시 관악구 봉천동,관악드림타운,서울시 관악구 봉천동,3544,44,20030906,10,27,,267,16,37.490479,126.950561,9,42,141.43,114.75,34.71,81,784,4,2,계단식,94,"12억 7,000",15억,"12억 7,000~15억","(2,968~3,506만원/3.3㎡)",17,7억,"7억 5,000","7억~7억 5,000","(1,636~1,753만원/3.3㎡)",47~59%,17,1억/250~2억/260,277292,339996,220655,2625982990,관악드림타운,매매,"13억 5,000",141,114,15/25,남서향,126동,20260513,"정문추천, 42, 남서향, 교통편리, 좋은 동층, 예쁘게수리해서사세요",관악센트씨엘정문(877-1002-단지내)공인중개사사무소
관악드림타운,2987,관악드림타운,서울시 관악구 봉천동,관악드림타운,서울시 관악구 봉천동,3544,44,20030906,10,27,,267,16,37.490479,126.950561,9,42,141.43,114.75,34.71,81,784,4,2,계단식,94,"12억 7,000",15억,"12억 7,000~15억","(2,968~3,506만원/3.3㎡)",17,7억,"7억 5,000","7억~7억 5,000","(1,636~1,753만원/3.3㎡)",47~59%,17,1억/250~2억/260,277292,339996,220655,2626018729,관악드림타운,매매,14억,141,114,8/25,남서향,126동,20260513,"공동가능,거실방확장,예전 올수리,학교근접,교통편리동,입주협의",삼성동아(02-885-0022)단지내공인중개사사무소
관악드림타운,2987,관악드림타운,서울시 관악구 봉천동,관악드림타운,서울시 관악구 봉천동,3544,44,20030906,10,27,,267,16,37.490479,126.950561,9,42,141.43,114.75,34.71,81,784,4,2,계단식,94,"12억 7,000",15억,"12억 7,000~15억","(2,968~3,506만원/3.3㎡)",17,7억,"7억 5,000","7억~7억 5,000","(1,636~1,753만원/3.3㎡)",47~59%,17,1억/250~2억/260,277292,339996,220655,2626022293,관악드림타운,매매,"13억 5,000",141,114,15/25,남서향,126동,20260513,"교통편리동,구암중,고등학교 근접,입주협의",삼성동아(02-885-0022)단지내공인중개사사무소
관악드림타운,2987,관악드림타운,서울시 관악구 봉천동,관악드림타운,서울시 관악구 봉천동,3544,44,20030906,10,27,,267,16,37.490479,126.950561,9,42,141.43,114.75,34.71,81,784,4,2,계단식,94,"12억 7,000",15억,"12억 7,000~15억","(2,968~3,506만원/3.3㎡)",17,7억,"7억 5,000","7억~7억 5,000","(1,636~1,753만원/3.3㎡)",47~59%,17,1억/250~2억/260,277292,339996,220655,2625959491,관악드림타운,매매,14억,141,114,8/25,남서향,126동,20260513,"42. 거실 방확장,예전 올수리. 채광굿. 구암중고 통학편리, 교통편리",명도(단지내02-879-1212)공인중개사사무소
관악드림타운,2987,관악드림타운,서울시 관악구 봉천동,관악드림타운,서울시 관악구 봉천동,3544,44,20030906,10,27,,267,16,37.490479,126.950561,9,42,141.43,114.75,34.71,81,784,4,2,계단식,94,"12억 7,000",15억,"12억 7,000~15억","(2,968~3,506만원/3.3㎡)",17,7억,"7억 5,000","7억~7억 5,000","(1,636~1,753만원/3.3㎡)",47~59%,17,1억/250~2억/260,277292,339996,220655,2625269305,관악드림타운,매매,15억,141,114,고/22,남서향,110동,20260509,"공동가능,확장,최근 샷시포함 특 올수리,입주협의",삼성동아(02-885-0022)단지내공인중개사사무소
관악드림타운,2987,관악드림타운,서울시 관악구 봉천동,관악드림타운,서울시 관악구 봉천동,3544,44,20030906,10,27,,267,16,37.490479,126.950561,9,42,141.43,114.75,34.71,81,784,4,2,계단식,94,"12억 7,000",15억,"12억 7,000~15억","(2,968~3,506만원/3.3㎡)",17,7억,"7억 5,000","7억~7억 5,000","(1,636~1,753만원/3.3㎡)",47~59%,17,1억/250~2억/260,277292,339996,220655,2625173936,관악드림타운,매매,15억,141,114,고/22,남서향,110동,20260508,공동환영 42 최근샤시포함 특올수리 거실.작은방확장 남서향 입주협의,명품(단지내상가02-885-3900)공인중개사사무소
관악드림타운,2987,관악드림타운,서울시 관악구 봉천동,관악드림타운,서울시 관악구 봉천동,3544,44,20030906,10,27,,267,16,37.490479,126.950561,9,42,141.43,114.75,34.71,81,784,4,2,계단식,94,"12억 7,000",15억,"12억 7,000~15억","(2,968~3,506만원/3.3㎡)",17,7억,"7억 5,000","7억~7억 5,000","(1,636~1,753만원/3.3㎡)",47~59%,17,1억/250~2억/260,277292,339996,220655,2625123993,관악드림타운,매매,"14억 5,000",141,114,저/18,남서향,103동,20260508,"공동가능,높은층,올수리,상가,현대시장,유,초등학교 근접,트인전망",삼성동아(02-885-0022)단지내공인중개사사무소
관악드림타운,2987,관악드림타운,서울시 관악구 봉천동,관악드림타운,서울시 관악구 봉천동,3544,44,20030906,10,27,,267,16,37.490479,126.950561,9,42,141.43,114.75,34.71,81,784,4,2,계단식,94,"12억 7,000",15억,"12억 7,000~15억","(2,968~3,506만원/3.3㎡)",17,7억,"7억 5,000","7억~7억 5,000","(1,636~1,753만원/3.3㎡)",47~59%,17,1억/250~2억/260,277292,339996,220655,2626764659,관악드림타운,매매,14억,141,114,저/25,남서향,126동,20260518,"42. 거실방확장,예전 올수리,구암중고근접,교통편리동,입주협의",대경공인중개사사무소
관악드림타운,2987,관악드림타운,서울시 관악구 봉천동,관악드림타운,서울시 관악구 봉천동,3544,44,20030906,10,27,,267,16,37.490479,126.950561,9,42,141.43,114.75,34.71,81,784,4,2,계단식,94,"12억 7,000",15억,"12억 7,000~15억","(2,968~3,506만원/3.3㎡)",17,7억,"7억 5,000","7억~7억 5,000","(1,636~1,753만원/3.3㎡)",47~59%,17,1억/250~2억/260,277292,339996,220655,2626741970,관악드림타운,매매,14억,141,114,저/25,남서향,126동,20260518,"공동환영, 예전 올수리, 구암중고 가까워요. 봉천고개  도보이용 좋아요.",제일공인중개사사무소
관악드림타운,2987,관악드림타운,서울시 관악구 봉천동,관악드림타운,서울시 관악구 봉천동,3544,44,20030906,10,27,,267,16,37.490479,126.950561,9,42,141.43,114.75,34.71,81,784,4,2,계단식,94,"12억 7,000",15억,"12억 7,000~15억","(2,968~3,506만원/3.3㎡)",17,7억,"7억 5,000","7억~7억 5,000","(1,636~1,753만원/3.3㎡)",47~59%,17,1억/250~2억/260,277292,339996,220655,2626920775,관악드림타운,매매,14억,141,114,저/25,남서향,126동,20260518,42관악드림 내부 예전 올수리.깨끗.입주협의,드림명문공인중개사사무소
관악드림타운,2987,관악드림타운,서울시 관악구 봉천동,관악드림타운,서울시 관악구 봉천동,3544,44,20030906,10,27,,267,16,37.490479,126.950561,9,42,141.43,114.75,34.71,81,784,4,2,계단식,94,"12억 7,000",15억,"12억 7,000~15억","(2,968~3,506만원/3.3㎡)",17,7억,"7억 5,000","7억~7억 5,000","(1,636~1,753만원/3.3㎡)",47~59%,17,1억/250~2억/260,277292,339996,220655,2626911405,관악드림타운,매매,"14억 5,000",141,114,고/22,남서향,134동,20260518,42. 내부올수리 방확장 중문설치 융자없는 깨끗한 집,샘터(02-886-3333)공인중개사사무소
관악드림타운,2987,관악드림타운,서울시 관악구 봉천동,관악드림타운,서울시 관악구 봉천동,3544,44,20030906,10,27,,267,16,37.490479,126.950561,9,42,141.43,114.75,34.71,81,784,4,2,계단식,94,"12억 7,000",15억,"12억 7,000~15억","(2,968~3,506만원/3.3㎡)",17,7억,"7억 5,000","7억~7억 5,000","(1,636~1,753만원/3.3㎡)",47~59%,17,1억/250~2억/260,277292,339996,220655,2624886412,관악드림타운,매매,14억,141,114,고/27,남향,139동,20260507,42. 정남향 부분수리 여의도.남산타워뷰 입주협의,대경공인중개사사무소
관악드림타운,2987,관악드림타운,서울시 관악구 봉천동,관악드림타운,서울시 관악구 봉천동,3544,44,20030906,10,27,,267,16,37.490479,126.950561,9,42,141.43,114.75,34.71,81,784,4,2,계단식,94,"12억 7,000",15억,"12억 7,000~15억","(2,968~3,506만원/3.3㎡)",17,7억,"7억 5,000","7억~7억 5,000","(1,636~1,753만원/3.3㎡)",47~59%,17,1억/250~2억/260,277292,339996,220655,2624846894,관악드림타운,매매,"13억 3,000",141,114,중/22,남서향,110동,20260507,"42.공동환영, 기본, 전망굿, 채광 좋음, 정문입구동으로 진출입 편리함",명도(단지내02-879-1212)공인중개사사무소
관악드림타운,2987,관악드림타운,서울시 관악구 봉천동,관악드림타운,서울시 관악구 봉천동,3544,44,20030906,10,27,,267,16,37.490479,126.950561,9,42,141.43,114.75,34.71,81,784,4,2,계단식,94,"12억 7,000",15억,"12억 7,000~15억","(2,968~3,506만원/3.3㎡)",17,7억,"7억 5,000","7억~7억 5,000","(1,636~1,753만원/3.3㎡)",47~59%,17,1억/250~2억/260,277292,339996,220655,2625633117,관악드림타운,매매,"13억 5,000",141,114,8/25,남서향,126동,20260511,예전올수리 거실.방확장 채광 굿 정류장가까운동 입주협의,베스트(단지내02-872-2600)공인중개사사무소
관악드림타운,2987,관악드림타운,서울시 관악구 봉천동,관악드림타운,서울시 관악구 봉천동,3544,44,20030906,10,27,,267,16,37.490479,126.950561,9,42,141.43,114.75,34.71,81,784,4,2,계단식,94,"12억 7,000",15억,"12억 7,000~15억","(2,968~3,506만원/3.3㎡)",17,7억,"7억 5,000","7억~7억 5,000","(1,636~1,753만원/3.3㎡)",47~59%,17,1억/250~2억/260,277292,339996,220655,2626674234,관악드림타운,매매,"12억 7,000",141,114,저/22,남서향,107동,20260516,42. 거실 방확장. 최근 샷시포함 내부 올수리. 정문입구동.,한강(드림타운02-888-9393)공인중개사사무소
관악드림타운,2987,관악드림타운,서울시 관악구 봉천동,관악드림타운,서울시 관악구 봉천동,3544,44,20030906,10,27,,267,16,37.490479,126.950561,9,42,141.43,114.75,34.71,81,784,4,2,계단식,94,"12억 7,000",15억,"12억 7,000~15억","(2,968~3,506만원/3.3㎡)",17,7억,"7억 5,000","7억~7억 5,000","(1,636~1,753만원/3.3㎡)",47~59%,17,1억/250~2억/260,277292,339996,220655,2626718050,관악드림타운,매매,"12억 7,000",141,114,저/22,남서향,107동,20260516,42. 샤시포함 내부올수리 거실 작은방 확장,샘터(02-886-3333)공인중개사사무소
관악드림타운,2987,관악드림타운,서울시 관악구 봉천동,관악드림타운,서울시 관악구 봉천동,3544,44,20030906,10,27,,267,16,37.490479,126.950561,9,42,141.43,114.75,34.71,81,784,4,2,계단식,94,"12억 7,000",15억,"12억 7,000~15억","(2,968~3,506만원/3.3㎡)",17,7억,"7억 5,000","7억~7억 5,000","(1,636~1,753만원/3.3㎡)",47~59%,17,1억/250~2억/260,277292,339996,220655,2626699435,관악드림타운,매매,"12억 7,000",141,114,저/22,남서향,107동,20260516,급매 최근샷시포함올수리 정류장1분 거실.작은방확장,베스트(단지내02-872-2600)공인중개사사무소
관악드림타운,2987,관악드림타운,서울시 관악구 봉천동,관악드림타운,서울시 관악구 봉천동,3544,44,20030906,10,27,,267,16,37.490479,126.950561,9,42,141.43,114.75,34.71,81,784,4,2,계단식,94,"12억 7,000",15억,"12억 7,000~15억","(2,968~3,506만원/3.3㎡)",17,7억,"7억 5,000","7억~7억 5,000","(1,636~1,753만원/3.3㎡)",47~59%,17,1억/250~2억/260,277292,339996,220655,2625477939,관악드림타운,매매,"13억 8,000",141,114,중/22,남서향,107동,20260511,"42. 샷시포함 확장올수리, 채광굿 ,전망 좋음, 정문입구동, 입주협의",명도(단지내02-879-1212)공인중개사사무소
관악드림타운,2987,관악드림타운,서울시 관악구 봉천동,관악드림타운,서울시 관악구 봉천동,3544,44,20030906,10,27,,267,16,37.490479,126.950561,9,42,141.43,114.75,34.71,81,784,4,2,계단식,94,"12억 7,000",15억,"12억 7,000~15억","(2,968~3,506만원/3.3㎡)",17,7억,"7억 5,000","7억~7억 5,000","(1,636~1,753만원/3.3㎡)",47~59%,17,1억/250~2억/260,277292,339996,220655,2626672922,관악드림타운,매매,"13억 8,000",141,114,저/27,남향,139동,20260516,"42. 정남향. 거실,방확장. 샷시포함 올수리. 정류장인접",한강(드림타운02-888-9393)공인중개사사무소
관악드림타운,2987,관악드림타운,서울시 관악구 봉천동,관악드림타운,서울시 관악구 봉천동,3544,44,20030906,10,27,,267,16,37.490479,126.950561,9,42,141.43,114.75,34.71,81,784,4,2,계단식,94,"12억 7,000",15억,"12억 7,000~15억","(2,968~3,506만원/3.3㎡)",17,7억,"7억 5,000","7억~7억 5,000","(1,636~1,753만원/3.3㎡)",47~59%,17,1억/250~2억/260,277292,339996,220655,2625288935,관악드림타운,매매,14억,141,114,8/25,남서향,126동,20260509,"42 채광굿, 거실방확장 예전올수리, 정류장 1분 출퇴근 편리, 중고인접",용(02-886-7171단지내)공인중개사사무소
관악드림타운,2987,관악드림타운,서울시 관악구 봉천동,관악드림타운,서울시 관악구 봉천동,3544,44,20030906,10,27,,267,16,37.490479,126.950561,9,42,141.43,114.75,34.71,81,784,4,2,계단식,94,"12억 7,000",15억,"12억 7,000~15억","(2,968~3,506만원/3.3㎡)",17,7억,"7억 5,000","7억~7억 5,000","(1,636~1,753만원/3.3㎡)",47~59%,17,1억/250~2억/260,277292,339996,220655,2626522102,관악드림타운,매매,"12억 7,000",141,114,저/22,남서향,107동,20260515,"42 가격굿, 최근 거실방확장 샷시포함 올수리, 정문입구의 조용한동",용(02-886-7171단지내)공인중개사사무소
관악드림타운,2987,관악드림타운,서울시 관악구 봉천동,관악드림타운,서울시 관악구 봉천동,3544,44,20030906,10,27,,267,16,37.490479,126.950561,9,42,141.43,114.75,34.71,81,784,4,2,계단식,94,"12억 7,000",15억,"12억 7,000~15억","(2,968~3,506만원/3.3㎡)",17,7억,"7억 5,000","7억~7억 5,000","(1,636~1,753만원/3.3㎡)",47~59%,17,1억/250~2억/260,277292,339996,220655,2624176161,관악드림타운,매매,"12억 7,000",141,114,저/22,남서향,107동,20260504,"42.공동가,거실과 작은방 확장,샷시포함  올수리 저렴한  매매",사랑공인중개사사무소
관악드림타운,2987,관악드림타운,서울시 관악구 봉천동,관악드림타운,서울시 관악구 봉천동,3544,44,20030906,10,27,,267,16,37.490479,126.950561,9,42,141.43,114.75,34.71,81,784,4,2,계단식,94,"12억 7,000",15억,"12억 7,000~15억","(2,968~3,506만원/3.3㎡)",17,7억,"7억 5,000","7억~7억 5,000","(1,636~1,753만원/3.3㎡)",47~59%,17,1억/250~2억/260,277292,339996,220655,2625062140,관악드림타운,매매,"13억 5,000",141,114,8/25,남서향,126동,20260508,"공동가능. 42. 확장형. 예전 올수리. 구암중,고 인접. 교통편리한 동",한강(드림타운02-888-9393)공인중개사사무소
관악드림타운,2987,관악드림타운,서울시 관악구 봉천동,관악드림타운,서울시 관악구 봉천동,3544,44,20030906,10,27,,267,16,37.490479,126.950561,9,42,141.43,114.75,34.71,81,784,4,2,계단식,94,"12억 7,000",15억,"12억 7,000~15억","(2,968~3,506만원/3.3㎡)",17,7억,"7억 5,000","7억~7억 5,000","(1,636~1,753만원/3.3㎡)",47~59%,17,1억/250~2억/260,277292,339996,220655,2624307938,관악드림타운,매매,14억,141,114,고/27,남향,139동,20260504,42. 정남향 부분수리 여의도.남산타워뷰 입주협의,대경공인중개사사무소
관악드림타운,2987,관악드림타운,서울시 관악구 봉천동,관악드림타운,서울시 관악구 봉천동,3544,44,20030906,10,27,,267,16,37.490479,126.950561,9,42,141.43,114.75,34.71,81,784,4,2,계단식,94,"12억 7,000",15억,"12억 7,000~15억","(2,968~3,506만원/3.3㎡)",17,7억,"7억 5,000","7억~7억 5,000","(1,636~1,753만원/3.3㎡)",47~59%,17,1억/250~2억/260,277292,339996,220655,2624168900,관악드림타운,매매,15억,141,114,고/22,남서향,110동,20260504,"공동가능,확장,최근 샷시포함 특 올수리,입주협의",삼성동아(02-885-0022)단지내공인중개사사무소
관악드림타운,2987,관악드림타운,서울시 관악구 봉천동,관악드림타운,서울시 관악구 봉천동,3544,44,20030906,10,27,,267,16,37.490479,126.950561,9,42,141.43,114.75,34.71,81,784,4,2,계단식,94,"12억 7,000",15억,"12억 7,000~15억","(2,968~3,506만원/3.3㎡)",17,7억,"7억 5,000","7억~7억 5,000","(1,636~1,753만원/3.3㎡)",47~59%,17,1억/250~2억/260,277292,339996,220655,2626329239,관악드림타운,매매,"13억 8,000",141,114,중/22,남서향,107동,20260514,"42. 거실,방확장, 샷시포함 올수리. 전망굿. 정문입구동. 생활편리.",한강(드림타운02-888-9393)공인중개사사무소
관악드림타운,2987,관악드림타운,서울시 관악구 봉천동,관악드림타운,서울시 관악구 봉천동,3544,44,20030906,10,27,,267,16,37.490479,126.950561,9,42,141.43,114.75,34.71,81,784,4,2,계단식,94,"12억 7,000",15억,"12억 7,000~15억","(2,968~3,506만원/3.3㎡)",17,7억,"7억 5,000","7억~7억 5,000","(1,636~1,753만원/3.3㎡)",47~59%,17,1억/250~2억/260,277292,339996,220655,2626303267,관악드림타운,매매,"13억 8,000",141,114,중/25,남서향,127동,20260514,"42. 기본,채광굿,구암중.고교 근접,교통편리동,입주협의",대경공인중개사사무소
관악드림타운,2987,관악드림타운,서울시 관악구 봉천동,관악드림타운,서울시 관악구 봉천동,3544,44,20030906,10,27,,267,16,37.490479,126.950561,9,42,141.43,114.75,34.71,81,784,4,2,계단식,94,"12억 7,000",15억,"12억 7,000~15억","(2,968~3,506만원/3.3㎡)",17,7억,"7억 5,000","7억~7억 5,000","(1,636~1,753만원/3.3㎡)",47~59%,17,1억/250~2억/260,277292,339996,220655,2626304115,관악드림타운,매매,"13억 8,000",141,114,중/25,남서향,127동,20260514,,참좋은부동산공인중개사사무소
관악드림타운,2987,관악드림타운,서울시 관악구 봉천동,관악드림타운,서울시 관악구 봉천동,3544,44,20030906,10,27,,267,16,37.490479,126.950561,9,42,141.43,114.75,34.71,81,784,4,2,계단식,94,"12억 7,000",15억,"12억 7,000~15억","(2,968~3,506만원/3.3㎡)",17,7억,"7억 5,000","7억~7억 5,000","(1,636~1,753만원/3.3㎡)",47~59%,17,1억/250~2억/260,277292,339996,220655,2626325498,관악드림타운,매매,"14억 5,000",141,114,저/18,남서향,103동,20260514,"42. 내부 올수리. 높은저층, 전망좋음. 시장,상가이용 편리한동.",한강(드림타운02-888-9393)공인중개사사무소
관악드림타운,2987,관악드림타운,서울시 관악구 봉천동,관악드림타운,서울시 관악구 봉천동,3544,44,20030906,10,27,,267,16,37.490479,126.950561,9,42,141.43,114.75,34.71,81,784,4,2,계단식,94,"12억 7,000",15억,"12억 7,000~15억","(2,968~3,506만원/3.3㎡)",17,7억,"7억 5,000","7억~7억 5,000","(1,636~1,753만원/3.3㎡)",47~59%,17,1억/250~2억/260,277292,339996,220655,2625983194,관악드림타운,매매,"13억 5,000",141,114,저/25,남서향,126동,20260513,"정문추천, 42, 거실방확장, 예전올수리, 교통편리한 동, 구암중고 인접",관악센트씨엘정문(877-1002-단지내)공인중개사사무소
관악드림타운,2987,관악드림타운,서울시 관악구 봉천동,관악드림타운,서울시 관악구 봉천동,3544,44,20030906,10,27,,267,16,37.490479,126.950561,9,42,141.43,114.75,34.71,81,784,4,2,계단식,94,"12억 7,000",15억,"12억 7,000~15억","(2,968~3,506만원/3.3㎡)",17,7억,"7억 5,000","7억~7억 5,000","(1,636~1,753만원/3.3㎡)",47~59%,17,1억/250~2억/260,277292,339996,220655,2626309875,관악드림타운,매매,"13억 8,000",141,114,중/25,남서향,127동,20260514,42 방4 내부깨끗 중고가까운동 교통편리,행복화창(단지내02-875-3600)공인중개사사무소
관악드림타운,2987,관악드림타운,서울시 관악구 봉천동,관악드림타운,서울시 관악구 봉천동,3544,44,20030906,10,27,,267,16,37.490479,126.950561,9,42,141.43,114.75,34.71,81,784,4,2,계단식,94,"12억 7,000",15억,"12억 7,000~15억","(2,968~3,506만원/3.3㎡)",17,7억,"7억 5,000","7억~7억 5,000","(1,636~1,753만원/3.3㎡)",47~59%,17,1억/250~2억/260,277292,339996,220655,2623810668,관악드림타운,매매,"13억 8,000",141,114,중/22,남서향,107동,20260502,"42. 샷시포함 확장올수리, 채광,전망 좋음, 정문입구동 진출입편리",명도(단지내02-879-1212)공인중개사사무소
관악드림타운,2987,관악드림타운,서울시 관악구 봉천동,관악드림타운,서울시 관악구 봉천동,3544,44,20030906,10,27,,267,16,37.490479,126.950561,9,42,141.43,114.75,34.71,81,784,4,2,계단식,94,"12억 7,000",15억,"12억 7,000~15억","(2,968~3,506만원/3.3㎡)",17,7억,"7억 5,000","7억~7억 5,000","(1,636~1,753만원/3.3㎡)",47~59%,17,1억/250~2억/260,277292,339996,220655,2623983506,관악드림타운,매매,"14억 5,000",141,114,고/22,남서향,134동,20260502,42관악드림타운.내부올수리.방확장.중문설치.융자X.26년10월 입주협의,드림명문공인중개사사무소
관악드림타운,2987,관악드림타운,서울시 관악구 봉천동,관악드림타운,서울시 관악구 봉천동,3544,44,20030906,10,27,,267,16,37.490479,126.950561,9,42,141.43,114.75,34.71,81,784,4,2,계단식,94,"12억 7,000",15억,"12억 7,000~15억","(2,968~3,506만원/3.3㎡)",17,7억,"7억 5,000","7억~7억 5,000","(1,636~1,753만원/3.3㎡)",47~59%,17,1억/250~2억/260,277292,339996,220655,2623918329,관악드림타운,매매,15억,141,114,고/22,남서향,110동,20260502,"참좋은 42, 23년9월 샤시포함 특올수리,방 거실 확장,정문 입구동",참좋은부동산공인중개사사무소
관악드림타운,2987,관악드림타운,서울시 관악구 봉천동,관악드림타운,서울시 관악구 봉천동,3544,44,20030906,10,27,,267,16,37.490479,126.950561,9,42,141.43,114.75,34.71,81,784,4,2,계단식,94,"12억 7,000",15억,"12억 7,000~15억","(2,968~3,506만원/3.3㎡)",17,7억,"7억 5,000","7억~7억 5,000","(1,636~1,753만원/3.3㎡)",47~59%,17,1억/250~2억/260,277292,339996,220655,2623783082,관악드림타운,매매,15억,141,114,고/22,남서향,110동,20260502,42. 거실방확장. 화장실포함 올수리. 정류장인접.입주협의,한강(드림타운02-888-9393)공인중개사사무소
관악드림타운,2987,관악드림타운,서울시 관악구 봉천동,관악드림타운,서울시 관악구 봉천동,3544,44,20030906,10,27,,267,16,37.490479,126.950561,9,42,141.43,114.75,34.71,81,784,4,2,계단식,94,"12억 7,000",15억,"12억 7,000~15억","(2,968~3,506만원/3.3㎡)",17,7억,"7억 5,000","7억~7억 5,000","(1,636~1,753만원/3.3㎡)",47~59%,17,1억/250~2억/260,277292,339996,220655,2624641091,관악드림타운,매매,"13억 5,000",141,114,15/25,남서향,126동,20260506,"42. 채광좋음, 기본, 버스정류장 인접, 구암중고교 통학편리",명도(단지내02-879-1212)공인중개사사무소
관악드림타운,2987,관악드림타운,서울시 관악구 봉천동,관악드림타운,서울시 관악구 봉천동,3544,44,20030906,10,27,,267,16,37.490479,126.950561,9,42,141.43,114.75,34.71,81,784,4,2,계단식,94,"12억 7,000",15억,"12억 7,000~15억","(2,968~3,506만원/3.3㎡)",17,7억,"7억 5,000","7억~7억 5,000","(1,636~1,753만원/3.3㎡)",47~59%,17,1억/250~2억/260,277292,339996,220655,2625790632,관악드림타운,매매,"13억 5,000",141,114,저/18,남서향,103동,20260512,"정문, 42, 관악산전망, 화장실포함 내부올수리, 생활편리동, 높은저층",관악센트씨엘정문(877-1002-단지내)공인중개사사무소
관악드림타운,2987,관악드림타운,서울시 관악구 봉천동,관악드림타운,서울시 관악구 봉천동,3544,44,20030906,10,27,,267,16,37.490479,126.950561,9,42,141.43,114.75,34.71,81,784,4,2,계단식,94,"12억 7,000",15억,"12억 7,000~15억","(2,968~3,506만원/3.3㎡)",17,7억,"7억 5,000","7억~7억 5,000","(1,636~1,753만원/3.3㎡)",47~59%,17,1억/250~2억/260,277292,339996,220655,2623757724,관악드림타운,매매,15억,141,114,고/22,남서향,110동,20260501,공동가 최근 특 올수리 로얄층 입주가능 매매 입주협의,럭키공인중개사사무소
관악드림타운,2987,관악드림타운,서울시 관악구 봉천동,관악드림타운,서울시 관악구 봉천동,3544,44,20030906,10,27,,267,16,37.490479,126.950561,9,42,141.43,114.75,34.71,81,784,4,2,계단식,94,"12억 7,000",15억,"12억 7,000~15억","(2,968~3,506만원/3.3㎡)",17,7억,"7억 5,000","7억~7억 5,000","(1,636~1,753만원/3.3㎡)",47~59%,17,1억/250~2억/260,277292,339996,220655,2623757425,관악드림타운,매매,"12억 7,000",141,114,저/22,남서향,107동,20260501,"42 최근 샷시 포함 올수리, 편안하고 살기 좋은집 매매",럭키공인중개사사무소
관악드림타운,2987,관악드림타운,서울시 관악구 봉천동,관악드림타운,서울시 관악구 봉천동,3544,44,20030906,10,27,,267,16,37.490479,126.950561,9,42,141.43,114.75,34.71,81,784,4,2,계단식,94,"12억 7,000",15억,"12억 7,000~15억","(2,968~3,506만원/3.3㎡)",17,7억,"7억 5,000","7억~7억 5,000","(1,636~1,753만원/3.3㎡)",47~59%,17,1억/250~2억/260,277292,339996,220655,2625543172,관악드림타운,매매,"12억 7,000",141,114,저/22,남서향,107동,20260511,"42, 거실 방확장, 최근 샷시포함 올수리 남서향, 입주협의",명도(단지내02-879-1212)공인중개사사무소
관악드림타운,2987,관악드림타운,서울시 관악구 봉천동,관악드림타운,서울시 관악구 봉천동,3544,44,20030906,10,27,,267,16,37.490479,126.950561,9,42,141.43,114.75,34.71,81,784,4,2,계단식,94,"12억 7,000",15억,"12억 7,000~15억","(2,968~3,506만원/3.3㎡)",17,7억,"7억 5,000","7억~7억 5,000","(1,636~1,753만원/3.3㎡)",47~59%,17,1억/250~2억/260,277292,339996,220655,2625656577,관악드림타운,매매,14억,141,114,저/25,남서향,126동,20260511,42. 확장형. 기본이니 예쁘게 수리하세요. 교통 편리한 동.,샘터(02-886-3333)공인중개사사무소
관악드림타운,2987,관악드림타운,서울시 관악구 봉천동,관악드림타운,서울시 관악구 봉천동,3544,44,20030906,10,27,,267,16,37.490479,126.950561,9,42,141.43,114.75,34.71,81,784,4,2,계단식,94,"12억 7,000",15억,"12억 7,000~15억","(2,968~3,506만원/3.3㎡)",17,7억,"7억 5,000","7억~7억 5,000","(1,636~1,753만원/3.3㎡)",47~59%,17,1억/250~2억/260,277292,339996,220655,2623433445,관악드림타운,매매,15억,141,114,고/22,남서향,110동,20260430,"공동환영, 입주협의, 남서향, 거실 방 확장, 최근 샷시 포함 올수리",현대공인중개사사무소
관악드림타운,2987,관악드림타운,서울시 관악구 봉천동,관악드림타운,서울시 관악구 봉천동,3544,44,20030906,10,27,,267,16,37.490479,126.950561,9,42,141.43,114.75,34.71,81,784,4,2,계단식,94,"12억 7,000",15억,"12억 7,000~15억","(2,968~3,506만원/3.3㎡)",17,7억,"7억 5,000","7억~7억 5,000","(1,636~1,753만원/3.3㎡)",47~59%,17,1억/250~2억/260,277292,339996,220655,2624152202,관악드림타운,매매,14억,141,114,8/25,남서향,126동,20260504,"공동가능,거실방확장,예전 올수리,학교근접,교통편리동,입주협의",삼성동아(02-885-0022)단지내공인중개사사무소
관악드림타운,2987,관악드림타운,서울시 관악구 봉천동,관악드림타운,서울시 관악구 봉천동,3544,44,20030906,10,27,,267,16,37.490479,126.950561,9,42,141.43,114.75,34.71,81,784,4,2,계단식,94,"12억 7,000",15억,"12억 7,000~15억","(2,968~3,506만원/3.3㎡)",17,7억,"7억 5,000","7억~7억 5,000","(1,636~1,753만원/3.3㎡)",47~59%,17,1억/250~2억/260,277292,339996,220655,2623691856,관악드림타운,매매,15억,141,114,고/22,남서향,110동,20260430,"공동환영 3년 샤시포함 특올수리  남서향 선호하는동,이사협의",드림타운단지내(02-878-6000)공인중개사사무소
관악드림타운,2987,관악드림타운,서울시 관악구 봉천동,관악드림타운,서울시 관악구 봉천동,3544,44,20030906,10,27,,267,16,37.490479,126.950561,9,42,141.43,114.75,34.71,81,784,4,2,계단식,94,"12억 7,000",15억,"12억 7,000~15억","(2,968~3,506만원/3.3㎡)",17,7억,"7억 5,000","7억~7억 5,000","(1,636~1,753만원/3.3㎡)",47~59%,17,1억/250~2억/260,277292,339996,220655,2623356250,관악드림타운,매매,14억,141,114,고/22,남서향,119동,20260429,"42.공동가,예전 올수리됨.동호수 좋은 아파트 매물입니다",사랑공인중개사사무소
관악드림타운,2987,관악드림타운,서울시 관악구 봉천동,관악드림타운,서울시 관악구 봉천동,3544,44,20030906,10,27,,267,16,37.490479,126.950561,9,42,141.43,114.75,34.71,81,784,4,2,계단식,94,"12억 7,000",15억,"12억 7,000~15억","(2,968~3,506만원/3.3㎡)",17,7억,"7억 5,000","7억~7억 5,000","(1,636~1,753만원/3.3㎡)",47~59%,17,1억/250~2억/260,277292,339996,220655,2623358443,관악드림타운,매매,14억,141,114,고/22,남서향,119동,20260429,"내부 올수리 로얄동 입주가능 매매, 입주협의",럭키공인중개사사무소
관악드림타운,2987,관악드림타운,서울시 관악구 봉천동,관악드림타운,서울시 관악구 봉천동,3544,44,20030906,10,27,,267,16,37.490479,126.950561,9,42,141.43,114.75,34.71,81,784,4,2,계단식,94,"12억 7,000",15억,"12억 7,000~15억","(2,968~3,506만원/3.3㎡)",17,7억,"7억 5,000","7억~7억 5,000","(1,636~1,753만원/3.3㎡)",47~59%,17,1억/250~2억/260,277292,339996,220655,2623243176,관악드림타운,매매,15억,141,114,고/22,남서향,110동,20260429,"공동환영, 입주협의, 남서향, 거실 방 확장, 최근 샷시 포함 올수리",현대공인중개사사무소
관악드림타운,2987,관악드림타운,서울시 관악구 봉천동,관악드림타운,서울시 관악구 봉천동,3544,44,20030906,10,27,,267,16,37.490479,126.950561,9,42,141.43,114.75,34.71,81,784,4,2,계단식,94,"12억 7,000",15억,"12억 7,000~15억","(2,968~3,506만원/3.3㎡)",17,7억,"7억 5,000","7억~7억 5,000","(1,636~1,753만원/3.3㎡)",47~59%,17,1억/250~2억/260,277292,339996,220655,2625268718,관악드림타운,매매,"13억 5,000",141,114,저/18,남서향,103동,20260509,내부올수리 높은저층 햇살짱 관악산뻥뷰 시장.상가.스벅이용편리,베스트(단지내02-872-2600)공인중개사사무소
관악드림타운,2987,관악드림타운,서울시 관악구 봉천동,관악드림타운,서울시 관악구 봉천동,3544,44,20030906,10,27,,267,16,37.490479,126.950561,9,42,141.43,114.75,34.71,81,784,4,2,계단식,94,"12억 7,000",15억,"12억 7,000~15억","(2,968~3,506만원/3.3㎡)",17,7억,"7억 5,000","7억~7억 5,000","(1,636~1,753만원/3.3㎡)",47~59%,17,1억/250~2억/260,277292,339996,220655,2625197599,관악드림타운,매매,"14억 5,000",141,114,고/22,남서향,134동,20260509,"42,샷시제외내부올수리, 방확장, 거실폴딩도어,유초등근접, 입주협의",참좋은부동산공인중개사사무소
관악드림타운,2987,관악드림타운,서울시 관악구 봉천동,관악드림타운,서울시 관악구 봉천동,3544,44,20030906,10,27,,267,16,37.490479,126.950561,9,42,141.43,114.75,34.71,81,784,4,2,계단식,94,"12억 7,000",15억,"12억 7,000~15억","(2,968~3,506만원/3.3㎡)",17,7억,"7억 5,000","7억~7억 5,000","(1,636~1,753만원/3.3㎡)",47~59%,17,1억/250~2억/260,277292,339996,220655,2625313194,관악드림타운,매매,"13억 8,000",141,114,저/27,남향,139동,20260509,"입주협의, 정남향, 거실확장, 최신 샷시 포함 특올수리",현대공인중개사사무소
관악드림타운,2987,관악드림타운,서울시 관악구 봉천동,관악드림타운,서울시 관악구 봉천동,3544,44,20030906,10,27,,267,16,37.490479,126.950561,9,42,141.43,114.75,34.71,81,784,4,2,계단식,94,"12억 7,000",15억,"12억 7,000~15억","(2,968~3,506만원/3.3㎡)",17,7억,"7억 5,000","7억~7억 5,000","(1,636~1,753만원/3.3㎡)",47~59%,17,1억/250~2억/260,277292,339996,220655,2625297673,관악드림타운,매매,"13억 5,000",141,114,저/18,남서향,103동,20260509,42. 전망좋음. 협의입주. 높은저층. 욕실 포함  올수리.,샘터(02-886-3333)공인중개사사무소
관악드림타운,2987,관악드림타운,서울시 관악구 봉천동,관악드림타운,서울시 관악구 봉천동,3544,44,20030906,10,27,,267,16,37.490479,126.950561,9,42,141.43,114.75,34.71,81,784,4,2,계단식,94,"12억 7,000",15억,"12억 7,000~15억","(2,968~3,506만원/3.3㎡)",17,7억,"7억 5,000","7억~7억 5,000","(1,636~1,753만원/3.3㎡)",47~59%,17,1억/250~2억/260,277292,339996,220655,2625282794,관악드림타운,매매,"13억 8,000",141,114,중/22,남서향,107동,20260509,"거실방확장,샷시포함 올수리,입주협의",삼성동아(02-885-0022)단지내공인중개사사무소
관악드림타운,2987,관악드림타운,서울시 관악구 봉천동,관악드림타운,서울시 관악구 봉천동,3544,44,20030906,10,27,,267,16,37.490479,126.950561,9,42,141.43,114.75,34.71,81,784,4,2,계단식,94,"12억 7,000",15억,"12억 7,000~15억","(2,968~3,506만원/3.3㎡)",17,7억,"7억 5,000","7억~7억 5,000","(1,636~1,753만원/3.3㎡)",47~59%,17,1억/250~2억/260,277292,339996,220655,2625270928,관악드림타운,매매,"14억 5,000",141,114,저/18,남서향,103동,20260509,"42  높은저층, 트인전망, 화장실포함 내부수리, 입주협의",명도(단지내02-879-1212)공인중개사사무소
관악드림타운,2987,관악드림타운,서울시 관악구 봉천동,관악드림타운,서울시 관악구 봉천동,3544,44,20030906,10,27,,267,16,37.490479,126.950561,9,42,141.43,114.75,34.71,81,784,4,2,계단식,94,"12억 7,000",15억,"12억 7,000~15억","(2,968~3,506만원/3.3㎡)",17,7억,"7억 5,000","7억~7억 5,000","(1,636~1,753만원/3.3㎡)",47~59%,17,1억/250~2억/260,277292,339996,220655,2623996843,관악드림타운,매매,14억,141,114,8/25,남서향,126동,20260502,"42. 거실 방확장,예전 올수리. 채광굿.구암중고 통학편리, 교통편리",명도(단지내02-879-1212)공인중개사사무소
관악드림타운,2987,관악드림타운,서울시 관악구 봉천동,관악드림타운,서울시 관악구 봉천동,3544,44,20030906,10,27,,267,16,37.490479,126.950561,9,42,141.43,114.75,34.71,81,784,4,2,계단식,94,"12억 7,000",15억,"12억 7,000~15억","(2,968~3,506만원/3.3㎡)",17,7억,"7억 5,000","7억~7억 5,000","(1,636~1,753만원/3.3㎡)",47~59%,17,1억/250~2억/260,277292,339996,220655,2623096911,관악드림타운,매매,15억,141,114,고/22,남서향,110동,20260428,"42 채광굿, 최근 샷시포함  특올수리, 정문 입구동, 빠른 입주 가능",용(02-886-7171 단지내)공인중개사사무소
관악드림타운,2987,관악드림타운,서울시 관악구 봉천동,관악드림타운,서울시 관악구 봉천동,3544,44,20030906,10,27,,267,16,37.490479,126.950561,9,42,141.43,114.75,34.71,81,784,4,2,계단식,94,"12억 7,000",15억,"12억 7,000~15억","(2,968~3,506만원/3.3㎡)",17,7억,"7억 5,000","7억~7억 5,000","(1,636~1,753만원/3.3㎡)",47~59%,17,1억/250~2억/260,277292,339996,220655,2625302951,관악드림타운,매매,"13억 5,000",141,114,저/18,남향,103동,20260509,로얄42계약가능 방4 10년전 내부올수리 전망 입주협의 초중고학군,로얄단지내02-3280-0999공인중개사사무소
관악드림타운,2987,관악드림타운,서울시 관악구 봉천동,관악드림타운,서울시 관악구 봉천동,3544,44,20030906,10,27,,267,16,37.490479,126.950561,9,42,141.43,114.75,34.71,81,784,4,2,계단식,94,"12억 7,000",15억,"12억 7,000~15억","(2,968~3,506만원/3.3㎡)",17,7억,"7억 5,000","7억~7억 5,000","(1,636~1,753만원/3.3㎡)",47~59%,17,1억/250~2억/260,277292,339996,220655,2625122050,관악드림타운,매매,"14억 5,000",141,114,고/22,남서향,134동,20260508,"로얄동,내부 올수리,전망굿,상가,유,초등학교 근접,입주협의",삼성동아(02-885-0022)단지내공인중개사사무소
관악드림타운,2987,관악드림타운,서울시 관악구 봉천동,관악드림타운,서울시 관악구 봉천동,3544,44,20030906,10,27,,267,16,37.490479,126.950561,9,42,141.43,114.75,34.71,81,784,4,2,계단식,94,"12억 7,000",15억,"12억 7,000~15억","(2,968~3,506만원/3.3㎡)",17,7억,"7억 5,000","7억~7억 5,000","(1,636~1,753만원/3.3㎡)",47~59%,17,1억/250~2억/260,277292,339996,220655,2625142957,관악드림타운,매매,"13억 8,000",141,114,중/22,남서향,107동,20260508,"42 거실방확장 샷시포함 올수리, 정문입구동, 서울대입구 도보10분",용(02-886-7171단지내)공인중개사사무소
관악드림타운,2987,관악드림타운,서울시 관악구 봉천동,관악드림타운,서울시 관악구 봉천동,3544,44,20030906,10,27,,267,16,37.490479,126.950561,9,42,141.43,114.75,34.71,81,784,4,2,계단식,94,"12억 7,000",15억,"12억 7,000~15억","(2,968~3,506만원/3.3㎡)",17,7억,"7억 5,000","7억~7억 5,000","(1,636~1,753만원/3.3㎡)",47~59%,17,1억/250~2억/260,277292,339996,220655,2622796823,관악드림타운,매매,15억,141,114,고/22,남서향,110동,20260427,42관악드림 샷시포함올수리. 채광 뷰 모두 최상.입주협의,드림명문공인중개사사무소
관악드림타운,2987,관악드림타운,서울시 관악구 봉천동,관악드림타운,서울시 관악구 봉천동,3544,44,20030906,10,27,,267,16,37.490479,126.950561,9,42,141.43,114.75,34.71,81,784,4,2,계단식,94,"12억 7,000",15억,"12억 7,000~15억","(2,968~3,506만원/3.3㎡)",17,7억,"7억 5,000","7억~7억 5,000","(1,636~1,753만원/3.3㎡)",47~59%,17,1억/250~2억/260,277292,339996,220655,2624848374,관악드림타운,매매,"13억 5,000",141,114,중/25,남서향,126동,20260507,"42, 채광굿, 정류장초근접으로교통 편리, 구암중고도보5분이내",참좋은부동산공인중개사사무소
관악드림타운,2987,관악드림타운,서울시 관악구 봉천동,관악드림타운,서울시 관악구 봉천동,3544,44,20030906,10,27,,267,16,37.490479,126.950561,9,42,141.43,114.75,34.71,81,784,4,2,계단식,94,"12억 7,000",15억,"12억 7,000~15억","(2,968~3,506만원/3.3㎡)",17,7억,"7억 5,000","7억~7억 5,000","(1,636~1,753만원/3.3㎡)",47~59%,17,1억/250~2억/260,277292,339996,220655,2624881322,관악드림타운,매매,"13억 8,000",141,114,중/22,남서향,107동,20260507,42. 샤시포 확장 올수리. 실제 높이 더 높아요.,샘터(02-886-3333)공인중개사사무소
관악드림타운,2987,관악드림타운,서울시 관악구 봉천동,관악드림타운,서울시 관악구 봉천동,3544,44,20030906,10,27,,267,16,37.490479,126.950561,9,42,141.43,114.75,34.71,81,784,4,2,계단식,94,"12억 7,000",15억,"12억 7,000~15억","(2,968~3,506만원/3.3㎡)",17,7억,"7억 5,000","7억~7억 5,000","(1,636~1,753만원/3.3㎡)",47~59%,17,1억/250~2억/260,277292,339996,220655,2624948807,관악드림타운,매매,"13억 8,000",141,114,중/25,남서향,140동,20260507,"42, 거실확장, 내부샷시포함 올수리, 채광좋음, 교통편리동, 입주협의",명도(단지내02-879-1212)공인중개사사무소
관악드림타운,2987,관악드림타운,서울시 관악구 봉천동,관악드림타운,서울시 관악구 봉천동,3544,44,20030906,10,27,,267,16,37.490479,126.950561,9,42,141.43,114.75,34.71,81,784,4,2,계단식,94,"12억 7,000",15억,"12억 7,000~15억","(2,968~3,506만원/3.3㎡)",17,7억,"7억 5,000","7억~7억 5,000","(1,636~1,753만원/3.3㎡)",47~59%,17,1억/250~2억/260,277292,339996,220655,2623431284,관악드림타운,매매,"13억 5,000",141,114,15/25,남서향,126동,20260430,"42 기본 남서향 층,호수좋은집 교통편리",드림타운단지내(02-878-6000)공인중개사사무소
관악드림타운,2987,관악드림타운,서울시 관악구 봉천동,관악드림타운,서울시 관악구 봉천동,3544,44,20030906,10,27,,267,16,37.490479,126.950561,9,42,141.43,114.75,34.71,81,784,4,2,계단식,94,"12억 7,000",15억,"12억 7,000~15억","(2,968~3,506만원/3.3㎡)",17,7억,"7억 5,000","7억~7억 5,000","(1,636~1,753만원/3.3㎡)",47~59%,17,1억/250~2억/260,277292,339996,220655,2623431133,관악드림타운,매매,14억,141,114,8/25,남서향,126동,20260430,공동환영 거실 방확장 예전 올수리 이사협의 교통편리,드림타운단지내(02-878-6000)공인중개사사무소
관악드림타운,2987,관악드림타운,서울시 관악구 봉천동,관악드림타운,서울시 관악구 봉천동,3544,44,20030906,10,27,,267,16,37.490479,126.950561,9,42,141.43,114.75,34.71,81,784,4,2,계단식,94,"12억 7,000",15억,"12억 7,000~15억","(2,968~3,506만원/3.3㎡)",17,7억,"7억 5,000","7억~7억 5,000","(1,636~1,753만원/3.3㎡)",47~59%,17,1억/250~2억/260,277292,339996,220655,2622522158,관악드림타운,매매,"13억 5,000",141,114,저/18,남서향,103동,20260424,"공동가능  화장실포함 올수리 전망굿,생활하기 편리한동",드림타운단지내(02-878-6000)공인중개사사무소
관악드림타운,2987,관악드림타운,서울시 관악구 봉천동,관악드림타운,서울시 관악구 봉천동,3544,44,20030906,10,27,,267,16,37.490479,126.950561,9,42,141.43,114.75,34.71,81,784,4,2,계단식,94,"12억 7,000",15억,"12억 7,000~15억","(2,968~3,506만원/3.3㎡)",17,7억,"7억 5,000","7억~7억 5,000","(1,636~1,753만원/3.3㎡)",47~59%,17,1억/250~2억/260,277292,339996,220655,2623005524,관악드림타운,매매,"13억 5,000",141,114,15/25,남서향,126동,20260428,수리해서 예쁘게 사세요.,제일공인중개사사무소
관악드림타운,2987,관악드림타운,서울시 관악구 봉천동,관악드림타운,서울시 관악구 봉천동,3544,44,20030906,10,27,,267,16,37.490479,126.950561,9,42,141.43,114.75,34.71,81,784,4,2,계단식,94,"12억 7,000",15억,"12억 7,000~15억","(2,968~3,506만원/3.3㎡)",17,7억,"7억 5,000","7억~7억 5,000","(1,636~1,753만원/3.3㎡)",47~59%,17,1억/250~2억/260,277292,339996,220655,2624116659,관악드림타운,매매,"13억 5,000",141,114,저/18,남서향,103동,20260504,"남서향, 10년전 올수리",현대공인중개사사무소
관악드림타운,2987,관악드림타운,서울시 관악구 봉천동,관악드림타운,서울시 관악구 봉천동,3544,44,20030906,10,27,,267,16,37.490479,126.950561,9,42,141.43,114.75,34.71,81,784,4,2,계단식,94,"12억 7,000",15억,"12억 7,000~15억","(2,968~3,506만원/3.3㎡)",17,7억,"7억 5,000","7억~7억 5,000","(1,636~1,753만원/3.3㎡)",47~59%,17,1억/250~2억/260,277292,339996,220655,2624003028,관악드림타운,매매,15억,141,114,고/22,남서향,110동,20260504,"42, 거실,방확장 최근 샷시포함 특올수리, 채광굿, 입주협의",명도(단지내02-879-1212)공인중개사사무소
관악드림타운,2987,관악드림타운,서울시 관악구 봉천동,관악드림타운,서울시 관악구 봉천동,3544,44,20030906,10,27,,267,16,37.490479,126.950561,9,42,141.43,114.75,34.71,81,784,4,2,계단식,94,"12억 7,000",15억,"12억 7,000~15억","(2,968~3,506만원/3.3㎡)",17,7억,"7억 5,000","7억~7억 5,000","(1,636~1,753만원/3.3㎡)",47~59%,17,1억/250~2억/260,277292,339996,220655,2623842196,관악드림타운,매매,"12억 7,000",141,114,저/22,남서향,107동,20260502,"42. 샷시포함 올수리. 거실,방확장형. 입주협의",한강(드림타운02-888-9393)공인중개사사무소
관악드림타운,2987,관악드림타운,서울시 관악구 봉천동,관악드림타운,서울시 관악구 봉천동,3544,44,20030906,10,27,,267,16,37.490479,126.950561,9,42,141.43,114.75,34.71,81,784,4,2,계단식,94,"12억 7,000",15억,"12억 7,000~15억","(2,968~3,506만원/3.3㎡)",17,7억,"7억 5,000","7억~7억 5,000","(1,636~1,753만원/3.3㎡)",47~59%,17,1억/250~2억/260,277292,339996,220655,2623735071,관악드림타운,매매,"12억 7,000",141,114,저/22,남서향,107동,20260502,"42, 거실 방확장 최근 샷시포함 올수리, 남서향, 입주협의",명도(단지내02-879-1212)공인중개사사무소
관악드림타운,2987,관악드림타운,서울시 관악구 봉천동,관악드림타운,서울시 관악구 봉천동,3544,44,20030906,10,27,,267,16,37.490479,126.950561,9,42,141.43,114.75,34.71,81,784,4,2,계단식,94,"12억 7,000",15억,"12억 7,000~15억","(2,968~3,506만원/3.3㎡)",17,7억,"7억 5,000","7억~7억 5,000","(1,636~1,753만원/3.3㎡)",47~59%,17,1억/250~2억/260,277292,339996,220655,2623680567,관악드림타운,매매,"13억 5,000",141,114,저/18,남서향,103동,20260502,"참좋은 42,높은저층,  남서향, 올수리, 상가 이용 편리,전망채광굿",참좋은부동산공인중개사사무소
관악드림타운,2987,관악드림타운,서울시 관악구 봉천동,관악드림타운,서울시 관악구 봉천동,3544,44,20030906,10,27,,267,16,37.490479,126.950561,9,42,141.43,114.75,34.71,81,784,4,2,계단식,94,"12억 7,000",15억,"12억 7,000~15억","(2,968~3,506만원/3.3㎡)",17,7억,"7억 5,000","7억~7억 5,000","(1,636~1,753만원/3.3㎡)",47~59%,17,1억/250~2억/260,277292,339996,220655,2621562288,관악드림타운,매매,"13억 5,000",141,114,15/25,남향,126동,20260420,,현대공인중개사사무소
관악드림타운,2987,관악드림타운,서울시 관악구 봉천동,관악드림타운,서울시 관악구 봉천동,3544,44,20030906,10,27,,267,16,37.490479,126.950561,9,42,141.43,114.75,34.71,81,784,4,2,계단식,94,"12억 7,000",15억,"12억 7,000~15억","(2,968~3,506만원/3.3㎡)",17,7억,"7억 5,000","7억~7억 5,000","(1,636~1,753만원/3.3㎡)",47~59%,17,1억/250~2억/260,277292,339996,220655,2622594042,관악드림타운,매매,"12억 7,000",141,114,저/22,남서향,107동,20260425,샤시 포함 올수리 거실 방 확장,사계절공인중개사사무소
관악드림타운,2987,관악드림타운,서울시 관악구 봉천동,관악드림타운,서울시 관악구 봉천동,3544,44,20030906,10,27,,267,16,37.490479,126.950561,9,42,141.43,114.75,34.71,81,784,4,2,계단식,94,"12억 7,000",15억,"12억 7,000~15억","(2,968~3,506만원/3.3㎡)",17,7억,"7억 5,000","7억~7억 5,000","(1,636~1,753만원/3.3㎡)",47~59%,17,1억/250~2억/260,277292,339996,220655,2622523401,관악드림타운,매매,"13억 5,000",141,114,저/18,남서향,103동,20260425,"42, 방4, 트인 전망, 높은 저층, 예전 올수리, 내부 깔끔한 집",구암(02-888-1700)공인중개사사무소
관악드림타운,2987,관악드림타운,서울시 관악구 봉천동,관악드림타운,서울시 관악구 봉천동,3544,44,20030906,10,27,,267,16,37.490479,126.950561,9,42,141.43,114.75,34.71,81,784,4,2,계단식,94,"12억 7,000",15억,"12억 7,000~15억","(2,968~3,506만원/3.3㎡)",17,7억,"7억 5,000","7억~7억 5,000","(1,636~1,753만원/3.3㎡)",47~59%,17,1억/250~2억/260,277292,339996,220655,2622396314,관악드림타운,매매,14억,141,114,저/25,남서향,126동,20260424,"참좋은 42, 거실 방 확장, 예전 올수리,교통 편리, 구암중고 인접",참좋은부동산공인중개사사무소
관악드림타운,2987,관악드림타운,서울시 관악구 봉천동,관악드림타운,서울시 관악구 봉천동,3544,44,20030906,10,27,,267,16,37.490479,126.950561,9,42,141.43,114.75,34.71,81,784,4,2,계단식,94,"12억 7,000",15억,"12억 7,000~15억","(2,968~3,506만원/3.3㎡)",17,7억,"7억 5,000","7억~7억 5,000","(1,636~1,753만원/3.3㎡)",47~59%,17,1억/250~2억/260,277292,339996,220655,2622326770,관악드림타운,매매,"13억 5,000",141,114,중/27,남향,128동,20260424,방4개 화장실2개 대가족이  살아도 되는집  상태 최상급,우리부동산공인중개사사무소
관악드림타운,2987,관악드림타운,서울시 관악구 봉천동,관악드림타운,서울시 관악구 봉천동,3544,44,20030906,10,27,,267,16,37.490479,126.950561,9,42,141.43,114.75,34.71,81,784,4,2,계단식,94,"12억 7,000",15억,"12억 7,000~15억","(2,968~3,506만원/3.3㎡)",17,7억,"7억 5,000","7억~7억 5,000","(1,636~1,753만원/3.3㎡)",47~59%,17,1억/250~2억/260,277292,339996,220655,2621516992,관악드림타운,매매,14억,141,114,고/27,남향,139동,20260420,"정남향, 로얄동, 여의도 뷰, 관악산 뷰, 내부 부분수리",구암(02-888-1700)공인중개사사무소
관악드림타운,2987,관악드림타운,서울시 관악구 봉천동,관악드림타운,서울시 관악구 봉천동,3544,44,20030906,10,27,,267,16,37.490479,126.950561,9,42,141.43,114.75,34.71,81,784,4,2,계단식,94,"12억 7,000",15억,"12억 7,000~15억","(2,968~3,506만원/3.3㎡)",17,7억,"7억 5,000","7억~7억 5,000","(1,636~1,753만원/3.3㎡)",47~59%,17,1억/250~2억/260,277292,339996,220655,2623974290,관악드림타운,매매,"13억 3,000",141,114,저/22,남서향,110동,20260502,"42. 거실확장 내부올수리, 전망굿, 정문 입구동, 교통편리한동",명도공인중개사사무소
관악드림타운,2987,관악드림타운,서울시 관악구 봉천동,관악드림타운,서울시 관악구 봉천동,3544,44,20030906,10,27,,267,16,37.490479,126.950561,9,42,141.43,114.75,34.71,81,784,4,2,계단식,94,"12억 7,000",15억,"12억 7,000~15억","(2,968~3,506만원/3.3㎡)",17,7억,"7억 5,000","7억~7억 5,000","(1,636~1,753만원/3.3㎡)",47~59%,17,1억/250~2억/260,277292,339996,220655,2623744003,관악드림타운,매매,"13억 5,000",141,114,중/25,남서향,126동,20260501,,관악센트씨엘정문(877-1002-단지내)공인중개사사무소
관악드림타운,2987,관악드림타운,서울시 관악구 봉천동,관악드림타운,서울시 관악구 봉천동,3544,44,20030906,10,27,,267,16,37.490479,126.950561,9,42,141.43,114.75,34.71,81,784,4,2,계단식,94,"12억 7,000",15억,"12억 7,000~15억","(2,968~3,506만원/3.3㎡)",17,7억,"7억 5,000","7억~7억 5,000","(1,636~1,753만원/3.3㎡)",47~59%,17,1억/250~2억/260,277292,339996,220655,2623824439,관악드림타운,매매,15억,141,114,17/22,남서향,110동,20260501,"42, 거실,방확장 최근 샷시포함 특올수리, 채광굿, 입주협의",명도공인중개사사무소
목동신시가지5단지,656,목동신시가지5단지,서울시 양천구 목동,목동신시가지5단지,서울시 양천구 목동,1848,36,19860930,5,15,,116,14,37.533853,126.880399,1,25,84.64,65.08,19.68,77,480,2,1,복도식,37,27억,"28억 5,000","27억~28억 5,000","(1억 545~1억 1,131만원/3.3㎡)",35,7억,7억,7억,"(2,734만원/3.3㎡)",25~26%,0,,225719,193160,304517,2626542310,목동신시가지5단지,매매,"27억 5,000",84,65,2/15,동향,532동,20260515,"27추천1순위,안방붙박이장,실거주및재건축투자적격,경인초양정중월촌중학군",조은공인중개사사무소
목동신시가지5단지,656,목동신시가지5단지,서울시 양천구 목동,목동신시가지5단지,서울시 양천구 목동,1848,36,19860930,5,15,,116,14,37.533853,126.880399,1,25,84.64,65.08,19.68,77,480,2,1,복도식,37,27억,"28억 5,000","27억~28억 5,000","(1억 545~1억 1,131만원/3.3㎡)",35,7억,7억,7억,"(2,734만원/3.3㎡)",25~26%,0,,225719,193160,304517,2626853199,목동신시가지5단지,매매,"28억 5,000",84,65,2/15,남동향,532동,20260518,"27매매, 방3개올수리,단복,수익성최고단지,빠른재건축진행중",목동진미(02-2647-2288)공인중개사사무소
목동신시가지5단지,656,목동신시가지5단지,서울시 양천구 목동,목동신시가지5단지,서울시 양천구 목동,1848,36,19860930,5,15,,116,14,37.533853,126.880399,1,25,84.64,65.08,19.68,77,480,2,1,복도식,37,27억,"28억 5,000","27억~28억 5,000","(1억 545~1억 1,131만원/3.3㎡)",35,7억,7억,7억,"(2,734만원/3.3㎡)",25~26%,0,,225719,193160,304517,2626711591,목동신시가지5단지,매매,27억,84,65,12/15,남동향,532동,20260516,"27추천1순위,3년전특올수리,대지지분19.05실거주및재건축사업성최고",조은공인중개사사무소
목동신시가지5단지,656,목동신시가지5단지,서울시 양천구 목동,목동신시가지5단지,서울시 양천구 목동,1848,36,19860930,5,15,,116,14,37.533853,126.880399,1,25,84.64,65.08,19.68,77,480,2,1,복도식,37,27억,"28억 5,000","27억~28억 5,000","(1억 545~1억 1,131만원/3.3㎡)",35,7억,7억,7억,"(2,734만원/3.3㎡)",25~26%,0,,225719,193160,304517,2626695484,목동신시가지5단지,매매,"28억 5,000",84,65,2/15,동향,532동,20260516,27올수리.방3개.대지지분19.05.사업성좋은아파트No1,굿모닝공인중개사사무소
목동신시가지5단지,656,목동신시가지5단지,서울시 양천구 목동,목동신시가지5단지,서울시 양천구 목동,1848,36,19860930,5,15,,116,14,37.533853,126.880399,1,25,84.64,65.08,19.68,77,480,2,1,복도식,37,27억,"28억 5,000","27억~28억 5,000","(1억 545~1억 1,131만원/3.3㎡)",35,7억,7억,7억,"(2,734만원/3.3㎡)",25~26%,0,,225719,193160,304517,2626624560,목동신시가지5단지,매매,27억,84,65,12/15,남동향,532동,20260516,조정가능. 재건축상세설명첨부. 5억1천환급. 7월시공사입찰공고예정임,한미공인중개사사무소
목동신시가지5단지,656,목동신시가지5단지,서울시 양천구 목동,목동신시가지5단지,서울시 양천구 목동,1848,36,19860930,5,15,,116,14,37.533853,126.880399,1,25,84.64,65.08,19.68,77,480,2,1,복도식,37,27억,"28억 5,000","27억~28억 5,000","(1억 545~1억 1,131만원/3.3㎡)",35,7억,7억,7억,"(2,734만원/3.3㎡)",25~26%,0,,225719,193160,304517,2626594617,목동신시가지5단지,매매,27억,84,65,12/15,남동향,532동,20260516,"27,최근올수리,재건축사업성 우수단지, 매물설명참조",타임공인중개사사무소
목동신시가지5단지,656,목동신시가지5단지,서울시 양천구 목동,목동신시가지5단지,서울시 양천구 목동,1848,36,19860930,5,15,,116,14,37.533853,126.880399,1,25,84.64,65.08,19.68,77,480,2,1,복도식,37,27억,"28억 5,000","27억~28억 5,000","(1억 545~1억 1,131만원/3.3㎡)",35,7억,7억,7억,"(2,734만원/3.3㎡)",25~26%,0,,225719,193160,304517,2626545667,목동신시가지5단지,매매,"27억 5,000",84,65,2/15,남향,533동,20260515,27P 4.6억 환급 신탁사지정고시완료,M21목동공인중개사사무소
목동신시가지5단지,656,목동신시가지5단지,서울시 양천구 목동,목동신시가지5단지,서울시 양천구 목동,1848,36,19860930,5,15,,116,14,37.533853,126.880399,1,25,84.64,65.08,19.68,77,480,2,1,복도식,37,27억,"28억 5,000","27억~28억 5,000","(1억 545~1억 1,131만원/3.3㎡)",35,7억,7억,7억,"(2,734만원/3.3㎡)",25~26%,0,,225719,193160,304517,2626545315,목동신시가지5단지,매매,27억,84,65,12/15,동향,532동,20260515,27P  3년전특A급올수리   조합원승계확실,M21목동공인중개사사무소
목동신시가지5단지,656,목동신시가지5단지,서울시 양천구 목동,목동신시가지5단지,서울시 양천구 목동,1848,36,19860930,5,15,,116,14,37.533853,126.880399,1,25,84.64,65.08,19.68,77,480,2,1,복도식,37,27억,"28억 5,000","27억~28억 5,000","(1억 545~1억 1,131만원/3.3㎡)",35,7억,7억,7억,"(2,734만원/3.3㎡)",25~26%,0,,225719,193160,304517,2626033013,목동신시가지5단지,매매,27억,84,65,12/15,동향,532동,20260513,"3년전특올수리27조합원지위승계확실,조정가,추천로얄",청기와공인중개사사무소
목동신시가지5단지,656,목동신시가지5단지,서울시 양천구 목동,목동신시가지5단지,서울시 양천구 목동,1848,36,19860930,5,15,,116,14,37.533853,126.880399,1,25,84.64,65.08,19.68,77,480,2,1,복도식,37,27억,"28억 5,000","27억~28억 5,000","(1억 545~1억 1,131만원/3.3㎡)",35,7억,7억,7억,"(2,734만원/3.3㎡)",25~26%,0,,225719,193160,304517,2625848609,목동신시가지5단지,매매,27억,84,65,12/15,동향,532동,20260512,최근올수리 조정가 입주정명협의가 학군전망교통우수,월드공인중개사사무소
목동신시가지5단지,656,목동신시가지5단지,서울시 양천구 목동,목동신시가지5단지,서울시 양천구 목동,1848,36,19860930,5,15,,116,14,37.533853,126.880399,1,25,84.64,65.08,19.68,77,480,2,1,복도식,37,27억,"28억 5,000","27억~28억 5,000","(1억 545~1억 1,131만원/3.3㎡)",35,7억,7억,7억,"(2,734만원/3.3㎡)",25~26%,0,,225719,193160,304517,2625880611,목동신시가지5단지,매매,"27억 5,000",84,65,2/15,남향,533동,20260512,"27조합원자격남향주인거주 단독복도,대지지분19.1.26받을시4.6환급",조은공인중개사사무소
목동신시가지5단지,656,목동신시가지5단지,서울시 양천구 목동,목동신시가지5단지,서울시 양천구 목동,1848,36,19860930,5,15,,116,14,37.533853,126.880399,1,25,84.64,65.08,19.68,77,480,2,1,복도식,37,27억,"28억 5,000","27억~28억 5,000","(1억 545~1억 1,131만원/3.3㎡)",35,7억,7억,7억,"(2,734만원/3.3㎡)",25~26%,0,,225719,193160,304517,2625898072,목동신시가지5단지,매매,27억,84,65,12/15,동향,532동,20260512,"3년전 올수리, 정상입주",LG공인중개사사무소
목동신시가지5단지,656,목동신시가지5단지,서울시 양천구 목동,목동신시가지5단지,서울시 양천구 목동,1848,36,19860930,5,15,,116,14,37.533853,126.880399,1,25,84.64,65.08,19.68,77,480,2,1,복도식,37,27억,"28억 5,000","27억~28억 5,000","(1억 545~1억 1,131만원/3.3㎡)",35,7억,7억,7억,"(2,734만원/3.3㎡)",25~26%,0,,225719,193160,304517,2625880985,목동신시가지5단지,매매,"28억 5,000",84,65,2/15,동향,532동,20260512,"27방3 단독복도,실거주최고,대지지분19.05동일평형배정시4.6억환급",조은공인중개사사무소
목동신시가지5단지,656,목동신시가지5단지,서울시 양천구 목동,목동신시가지5단지,서울시 양천구 목동,1848,36,19860930,5,15,,116,14,37.533853,126.880399,1,25,84.64,65.08,19.68,77,480,2,1,복도식,37,27억,"28억 5,000","27억~28억 5,000","(1억 545~1억 1,131만원/3.3㎡)",35,7억,7억,7억,"(2,734만원/3.3㎡)",25~26%,0,,225719,193160,304517,2625733798,목동신시가지5단지,매매,27억,84,65,12/15,동향,532동,20260512,"27,최근올수리,조합지위승계가능,수익성최고단지",금탑부동산공인중개사사무소
목동신시가지5단지,656,목동신시가지5단지,서울시 양천구 목동,목동신시가지5단지,서울시 양천구 목동,1848,36,19860930,5,15,,116,14,37.533853,126.880399,1,25,84.64,65.08,19.68,77,480,2,1,복도식,37,27억,"28억 5,000","27억~28억 5,000","(1억 545~1억 1,131만원/3.3㎡)",35,7억,7억,7억,"(2,734만원/3.3㎡)",25~26%,0,,225719,193160,304517,2625498180,목동신시가지5단지,매매,"27억 5,000",84,65,2/15,남향,533동,20260511,27남향 올수리 단독복도 주인거주 재건축사업성 실거주만족도 최고단지,서울부동산공인중개사사무소
목동신시가지5단지,656,목동신시가지5단지,서울시 양천구 목동,목동신시가지5단지,서울시 양천구 목동,1848,36,19860930,5,15,,116,14,37.533853,126.880399,1,25,84.64,65.08,19.68,77,480,2,1,복도식,37,27억,"28억 5,000","27억~28억 5,000","(1억 545~1억 1,131만원/3.3㎡)",35,7억,7억,7억,"(2,734만원/3.3㎡)",25~26%,0,,225719,193160,304517,2625534969,목동신시가지5단지,매매,"28억 5,000",84,65,2/15,동향,532동,20260511,"특올수리27방3개,조합원지위승계확실",청기와공인중개사사무소
목동신시가지5단지,656,목동신시가지5단지,서울시 양천구 목동,목동신시가지5단지,서울시 양천구 목동,1848,36,19860930,5,15,,116,14,37.533853,126.880399,1,25,84.64,65.08,19.68,77,480,2,1,복도식,37,27억,"28억 5,000","27억~28억 5,000","(1억 545~1억 1,131만원/3.3㎡)",35,7억,7억,7억,"(2,734만원/3.3㎡)",25~26%,0,,225719,193160,304517,2623564310,목동신시가지5단지,매매,27억,84,65,12/15,남동향,532동,20260430,3년전 특올수리 정명 협의조정가 경인초 월촌중 양정중 유명학원가,신세계공인중개사사무소
목동신시가지5단지,656,목동신시가지5단지,서울시 양천구 목동,목동신시가지5단지,서울시 양천구 목동,1848,36,19860930,5,15,,116,14,37.533853,126.880399,1,25,84.64,65.08,19.68,77,480,2,1,복도식,37,27억,"28억 5,000","27억~28억 5,000","(1억 545~1억 1,131만원/3.3㎡)",35,7억,7억,7억,"(2,734만원/3.3㎡)",25~26%,0,,225719,193160,304517,2625012257,목동신시가지5단지,매매,"28억 5,000",84,65,2/15,동향,532동,20260508,27P 조합승계가능  19.05P지분  단독복도 확장올수리,M21목동공인중개사사무소
목동신시가지5단지,656,목동신시가지5단지,서울시 양천구 목동,목동신시가지5단지,서울시 양천구 목동,1848,36,19860930,5,15,,116,14,37.533853,126.880399,1,25,84.64,65.08,19.68,77,480,2,1,복도식,37,27억,"28억 5,000","27억~28억 5,000","(1억 545~1억 1,131만원/3.3㎡)",35,7억,7억,7억,"(2,734만원/3.3㎡)",25~26%,0,,225719,193160,304517,2625168018,목동신시가지5단지,매매,"27억 5,000",84,65,2/15,남향,533동,20260508,"27.1순위매물, 수익성최고단지,지분19.01,하반기시공사선정예정",목동진미(02-2647-2288)공인중개사사무소
목동신시가지5단지,656,목동신시가지5단지,서울시 양천구 목동,목동신시가지5단지,서울시 양천구 목동,1848,36,19860930,5,15,,116,14,37.533853,126.880399,1,25,84.64,65.08,19.68,77,480,2,1,복도식,37,27억,"28억 5,000","27억~28억 5,000","(1억 545~1억 1,131만원/3.3㎡)",35,7억,7억,7억,"(2,734만원/3.3㎡)",25~26%,0,,225719,193160,304517,2625094084,목동신시가지5단지,매매,"27억 5,000",84,65,2/15,동향,532동,20260508,"조합원지위승계확실27올수리,매수추천",청기와공인중개사사무소
목동신시가지5단지,656,목동신시가지5단지,서울시 양천구 목동,목동신시가지5단지,서울시 양천구 목동,1848,36,19860930,5,15,,116,14,37.533853,126.880399,1,25,84.64,65.08,19.68,77,480,2,1,복도식,37,27억,"28억 5,000","27억~28억 5,000","(1억 545~1억 1,131만원/3.3㎡)",35,7억,7억,7억,"(2,734만원/3.3㎡)",25~26%,0,,225719,193160,304517,2624826224,목동신시가지5단지,매매,27억,84,65,12/15,남동향,532동,20260507,"27, 3년전특올수리 재건축사업성최고단지 신탁방식빠른재건축진행",서울부동산공인중개사사무소
목동신시가지5단지,656,목동신시가지5단지,서울시 양천구 목동,목동신시가지5단지,서울시 양천구 목동,1848,36,19860930,5,15,,116,14,37.533853,126.880399,1,25,84.64,65.08,19.68,77,480,2,1,복도식,37,27억,"28억 5,000","27억~28억 5,000","(1억 545~1억 1,131만원/3.3㎡)",35,7억,7억,7억,"(2,734만원/3.3㎡)",25~26%,0,,225719,193160,304517,2624949994,목동신시가지5단지,매매,"27억 5,000",84,65,2/15,동향,532동,20260507,27P   신탁사지정고시완료  19.05P   조합승계가능,M21목동공인중개사사무소
목동신시가지5단지,656,목동신시가지5단지,서울시 양천구 목동,목동신시가지5단지,서울시 양천구 목동,1848,36,19860930,5,15,,116,14,37.533853,126.880399,1,25,84.64,65.08,19.68,77,480,2,1,복도식,37,27억,"28억 5,000","27억~28억 5,000","(1억 545~1억 1,131만원/3.3㎡)",35,7억,7억,7억,"(2,734만원/3.3㎡)",25~26%,0,,225719,193160,304517,2624647091,목동신시가지5단지,매매,"27억 5,000",84,65,2/15,남향,533동,20260506,"주인거주,수리됨,단독복도사용가,남향",범신공인중개사
목동신시가지5단지,656,목동신시가지5단지,서울시 양천구 목동,목동신시가지5단지,서울시 양천구 목동,1848,36,19860930,5,15,,116,14,37.533853,126.880399,1,25,84.64,65.08,19.68,77,480,2,1,복도식,37,27억,"28억 5,000","27억~28억 5,000","(1억 545~1억 1,131만원/3.3㎡)",35,7억,7억,7억,"(2,734만원/3.3㎡)",25~26%,0,,225719,193160,304517,2624545635,목동신시가지5단지,매매,"28억 5,000",84,65,2/15,동향,532동,20260506,27방3개올수리 주차편함 주인거주 재건축사업성최고단지 실거주만족도최고,서울부동산공인중개사사무소
목동신시가지5단지,656,목동신시가지5단지,서울시 양천구 목동,목동신시가지5단지,서울시 양천구 목동,1848,36,19860930,5,15,,116,14,37.533853,126.880399,1,25,84.64,65.08,19.68,77,480,2,1,복도식,37,27억,"28억 5,000","27억~28억 5,000","(1억 545~1억 1,131만원/3.3㎡)",35,7억,7억,7억,"(2,734만원/3.3㎡)",25~26%,0,,225719,193160,304517,2624648928,목동신시가지5단지,매매,"28억 5,000",84,65,2/15,동향,532동,20260506,"수리잘됨,방3 주인거주조합원지위승계가능",범신공인중개사
목동신시가지5단지,656,목동신시가지5단지,서울시 양천구 목동,목동신시가지5단지,서울시 양천구 목동,1848,36,19860930,5,15,,116,14,37.533853,126.880399,1,25,84.64,65.08,19.68,77,480,2,1,복도식,37,27억,"28억 5,000","27억~28억 5,000","(1억 545~1억 1,131만원/3.3㎡)",35,7억,7억,7억,"(2,734만원/3.3㎡)",25~26%,0,,225719,193160,304517,2624007549,목동신시가지5단지,매매,27억,84,65,12/15,동향,532동,20260504,"1순위추천매물,조정가,3년전올수리,전망좋은집,대지지분19.05",장원공인중개사사무소
목동신시가지5단지,656,목동신시가지5단지,서울시 양천구 목동,목동신시가지5단지,서울시 양천구 목동,1848,36,19860930,5,15,,116,14,37.533853,126.880399,1,25,84.64,65.08,19.68,77,480,2,1,복도식,37,27억,"28억 5,000","27억~28억 5,000","(1억 545~1억 1,131만원/3.3㎡)",35,7억,7억,7억,"(2,734만원/3.3㎡)",25~26%,0,,225719,193160,304517,2623929336,목동신시가지5단지,매매,"27억 5,000",84,65,2/15,남향,533동,20260502,"조합원지위승계27단독복도,올수리,진행확실,주인거주",청기와공인중개사사무소
목동신시가지5단지,656,목동신시가지5단지,서울시 양천구 목동,목동신시가지5단지,서울시 양천구 목동,1848,36,19860930,5,15,,116,14,37.533853,126.880399,1,25,84.64,65.08,19.68,77,480,2,1,복도식,37,27억,"28억 5,000","27억~28억 5,000","(1억 545~1억 1,131만원/3.3㎡)",35,7억,7억,7억,"(2,734만원/3.3㎡)",25~26%,0,,225719,193160,304517,2623771680,목동신시가지5단지,매매,"27억 5,000",84,65,2/15,동향,532동,20260502,27올수리.안방붙박이장.대지지분19.05.사업성좋은단지,굿모닝공인중개사사무소
목동신시가지5단지,656,목동신시가지5단지,서울시 양천구 목동,목동신시가지5단지,서울시 양천구 목동,1848,36,19860930,5,15,,116,14,37.533853,126.880399,1,25,84.64,65.08,19.68,77,480,2,1,복도식,37,27억,"28억 5,000","27억~28억 5,000","(1억 545~1억 1,131만원/3.3㎡)",35,7억,7억,7억,"(2,734만원/3.3㎡)",25~26%,0,,225719,193160,304517,2623572037,목동신시가지5단지,매매,"27억 5,000",84,65,2/15,남향,533동,20260430,주인거주 올수리 협의조정가 매도가능한물건 경인초 월촌중 양정중유명학원,신세계공인중개사사무소
목동신시가지5단지,656,목동신시가지5단지,서울시 양천구 목동,목동신시가지5단지,서울시 양천구 목동,1848,36,19860930,5,15,,116,14,37.533853,126.880399,1,25,84.64,65.08,19.68,77,480,2,1,복도식,37,27억,"28억 5,000","27억~28억 5,000","(1억 545~1억 1,131만원/3.3㎡)",35,7억,7억,7억,"(2,734만원/3.3㎡)",25~26%,0,,225719,193160,304517,2623571555,목동신시가지5단지,매매,"28억 5,000",84,65,2/15,동향,532동,20260430,단독복도 확장올수리 방3개 주인거주 조합지위승계확실 협의조정가귀한매물,신세계공인중개사사무소
목동신시가지5단지,656,목동신시가지5단지,서울시 양천구 목동,목동신시가지5단지,서울시 양천구 목동,1848,36,19860930,5,15,,116,14,37.533853,126.880399,1,25,84.64,65.08,19.68,77,480,2,1,복도식,37,27억,"28억 5,000","27억~28억 5,000","(1억 545~1억 1,131만원/3.3㎡)",35,7억,7억,7억,"(2,734만원/3.3㎡)",25~26%,0,,225719,193160,304517,2623100167,목동신시가지5단지,매매,27억,84,65,12/15,남향,532동,20260429, 전체적 수리잘됨 ,철이부동산중개사무소
목동신시가지5단지,656,목동신시가지5단지,서울시 양천구 목동,목동신시가지5단지,서울시 양천구 목동,1848,36,19860930,5,15,,116,14,37.533853,126.880399,1,25,84.64,65.08,19.68,77,480,2,1,복도식,37,27억,"28억 5,000","27억~28억 5,000","(1억 545~1억 1,131만원/3.3㎡)",35,7억,7억,7억,"(2,734만원/3.3㎡)",25~26%,0,,225719,193160,304517,2623085324,목동신시가지5단지,매매,"27억 5,000",84,65,2/15,동향,532동,20260428,"27추천1순위 올수리안방붙박이장 재건축사업성,실거주만족도 최고단지",서울부동산공인중개사사무소
목동신시가지5단지,656,목동신시가지5단지,서울시 양천구 목동,목동신시가지5단지,서울시 양천구 목동,1848,36,19860930,5,15,,116,14,37.533853,126.880399,1,25,84.64,65.08,19.68,77,480,2,1,복도식,37,27억,"28억 5,000","27억~28억 5,000","(1억 545~1억 1,131만원/3.3㎡)",35,7억,7억,7억,"(2,734만원/3.3㎡)",25~26%,0,,225719,193160,304517,2623097416,목동신시가지5단지,매매,"27억 5,000",84,65,2/15,남향,532동,20260428,방3개 전체적 수리잘됨 ,철이부동산중개사무소
목동신시가지5단지,656,목동신시가지5단지,서울시 양천구 목동,목동신시가지5단지,서울시 양천구 목동,1848,36,19860930,5,15,,116,14,37.533853,126.880399,1,25,84.64,65.08,19.68,77,480,2,1,복도식,37,27억,"28억 5,000","27억~28억 5,000","(1억 545~1억 1,131만원/3.3㎡)",35,7억,7억,7억,"(2,734만원/3.3㎡)",25~26%,0,,225719,193160,304517,2622985169,목동신시가지5단지,매매,27억,84,65,12/15,동향,532동,20260427,27매 지분19.05최고.재건축시 4억6천환급.실거주도1등 올수리남향,현대공인중개사
목동신시가지5단지,656,목동신시가지5단지,서울시 양천구 목동,목동신시가지5단지,서울시 양천구 목동,1848,36,19860930,5,15,,116,14,37.533853,126.880399,1,25,84.64,65.08,19.68,77,480,2,1,복도식,37,27억,"28억 5,000","27억~28억 5,000","(1억 545~1억 1,131만원/3.3㎡)",35,7억,7억,7억,"(2,734만원/3.3㎡)",25~26%,0,,225719,193160,304517,2622382566,목동신시가지5단지,매매,"27억 5,000",84,65,2/15,남향,533동,20260424,올수리  정상  인기단지,태원공인중개사사무소
목동신시가지5단지,656,목동신시가지5단지,서울시 양천구 목동,목동신시가지5단지,서울시 양천구 목동,1848,36,19860930,5,15,,116,14,37.533853,126.880399,1,25,84.64,65.08,19.68,77,480,2,1,복도식,37,27억,"28억 5,000","27억~28억 5,000","(1억 545~1억 1,131만원/3.3㎡)",35,7억,7억,7억,"(2,734만원/3.3㎡)",25~26%,0,,225719,193160,304517,2621697236,목동신시가지5단지,매매,"27억 5,000",84,65,2/15,남향,533동,20260421,27매 지분19.05최고.재건축시 4억6천환급.실거주도1등 올수리남향,현대공인중개사
목동신시가지5단지,656,목동신시가지5단지,서울시 양천구 목동,목동신시가지5단지,서울시 양천구 목동,1848,36,19860930,5,15,,116,14,37.533853,126.880399,1,25,84.64,65.08,19.68,77,480,2,1,복도식,37,27억,"28억 5,000","27억~28억 5,000","(1억 545~1억 1,131만원/3.3㎡)",35,7억,7억,7억,"(2,734만원/3.3㎡)",25~26%,0,,225719,193160,304517,2621473724,목동신시가지5단지,매매,27억,84,65,12/15,동향,532동,20260420,27올수리.대지지분19.05.사업성좋은단지.명문학원가근접,굿모닝공인중개사사무소
목동신시가지5단지,656,목동신시가지5단지,서울시 양천구 목동,목동신시가지5단지,서울시 양천구 목동,1848,36,19860930,5,15,,116,14,37.533853,126.880399,3,29B,97.83,81.64,24.69,83,27,2,1,계단식,0,,,,,17,9억,9억,9억,"(3,041만원/3.3㎡)",,0,,283155,242310,382003,,,,,,,,,,,,
목동신시가지5단지,656,목동신시가지5단지,서울시 양천구 목동,목동신시가지5단지,서울시 양천구 목동,1848,36,19860930,5,15,,116,14,37.533853,126.880399,2,30A,99.39,83.47,25.24,84,18,2,1,계단식,,,,,,,,,,,,,,289502,247741,390566,,,,,,,,,,,,
목동신시가지5단지,656,목동신시가지5단지,서울시 양천구 목동,목동신시가지5단지,서울시 양천구 목동,1848,36,19860930,5,15,,116,14,37.533853,126.880399,5,33B,110.97,93.18,28.18,84,18,3,1,계단식,,,,,,,,,,,,,,323179,276561,436001,,,,,,,,,,,,
목동신시가지5단지,656,목동신시가지5단지,서울시 양천구 목동,목동신시가지5단지,서울시 양천구 목동,1848,36,19860930,5,15,,116,14,37.533853,126.880399,8,33E,111.73,93.24,28.2,83,27,3,1,계단식,,,,,,,,,,,,,,323387,276739,436282,,,,,,,,,,,,
목동신시가지5단지,656,목동신시가지5단지,서울시 양천구 목동,목동신시가지5단지,서울시 양천구 목동,1848,36,19860930,5,15,,116,14,37.533853,126.880399,9,34F,113.87,95.01,28.74,83,108,3,1,계단식,4,33억,33억,33억,"(9,580만원/3.3㎡)",0,,,,,,0,,329526,281993,444563,2625167706,목동신시가지5단지,매매,33억,113,95,5/5,서향,516동,20260508,"35강추, 천정올린수리,빠른재건축진행중,입주협의",목동진미(02-2647-2288)공인중개사사무소
목동신시가지5단지,656,목동신시가지5단지,서울시 양천구 목동,목동신시가지5단지,서울시 양천구 목동,1848,36,19860930,5,15,,116,14,37.533853,126.880399,9,34F,113.87,95.01,28.74,83,108,3,1,계단식,4,33억,33억,33억,"(9,580만원/3.3㎡)",0,,,,,,0,,329526,281993,444563,2624531282,목동신시가지5단지,매매,33억,113,95,5/5,서향,516동,20260506,조합원지위승계확실35천정높임.1주택자10년보유5년거주.,청기와공인중개사사무소
목동신시가지5단지,656,목동신시가지5단지,서울시 양천구 목동,목동신시가지5단지,서울시 양천구 목동,1848,36,19860930,5,15,,116,14,37.533853,126.880399,9,34F,113.87,95.01,28.74,83,108,3,1,계단식,4,33억,33억,33억,"(9,580만원/3.3㎡)",0,,,,,,0,,329526,281993,444563,2623527141,목동신시가지5단지,매매,33억,113,95,5/5,서향,516동,20260430,35.강추 층고높인올수리 조합원지위승계 재건축환급받는사업성최고,무지개공인중개사
목동신시가지5단지,656,목동신시가지5단지,서울시 양천구 목동,목동신시가지5단지,서울시 양천구 목동,1848,36,19860930,5,15,,116,14,37.533853,126.880399,9,34F,113.87,95.01,28.74,83,108,3,1,계단식,4,33억,33억,33억,"(9,580만원/3.3㎡)",0,,,,,,0,,329526,281993,444563,2621660649,목동신시가지5단지,매매,33억,113,95,5/5,서향,516동,20260421,35 천정높인예쁜집 지분27.83 재건축사업성좋은단지 빠른재건축진행중,서울부동산공인중개사사무소
목동신시가지5단지,656,목동신시가지5단지,서울시 양천구 목동,목동신시가지5단지,서울시 양천구 목동,1848,36,19860930,5,15,,116,14,37.533853,126.880399,4,34A,113.37,95.21,28.8,84,72,3,1,계단식,9,33억,33억,33억,"(9,623만원/3.3㎡)",0,,,,,,0,,330220,282586,445499,2626450942,목동신시가지5단지,매매,33억,113,95,5/5,남향,521동,20260515,"35강추, 지분27.87,신탁방식빠른재건축진행중,입주협의",목동진미(02-2647-2288)공인중개사사무소
목동신시가지5단지,656,목동신시가지5단지,서울시 양천구 목동,목동신시가지5단지,서울시 양천구 목동,1848,36,19860930,5,15,,116,14,37.533853,126.880399,4,34A,113.37,95.21,28.8,84,72,3,1,계단식,9,33억,33억,33억,"(9,623만원/3.3㎡)",0,,,,,,0,,330220,282586,445499,2626010138,목동신시가지5단지,매매,33억,113,95,5/5,남향,521동,20260513,35.방3화1.남향.햇살좋은집.경인초.양정중.월촌중,파라곤부동산공인중개사사무소
목동신시가지5단지,656,목동신시가지5단지,서울시 양천구 목동,목동신시가지5단지,서울시 양천구 목동,1848,36,19860930,5,15,,116,14,37.533853,126.880399,4,34A,113.37,95.21,28.8,84,72,3,1,계단식,9,33억,33억,33억,"(9,623만원/3.3㎡)",0,,,,,,0,,330220,282586,445499,2625637258,목동신시가지5단지,매매,33억,113,95,5/5,남향,521동,20260511,조합원지위승계확실35로얄남향.1주택자10년보유5년거주.,청기와공인중개사사무소
목동신시가지5단지,656,목동신시가지5단지,서울시 양천구 목동,목동신시가지5단지,서울시 양천구 목동,1848,36,19860930,5,15,,116,14,37.533853,126.880399,4,34A,113.37,95.21,28.8,84,72,3,1,계단식,9,33억,33억,33억,"(9,623만원/3.3㎡)",0,,,,,,0,,330220,282586,445499,2625441132,목동신시가지5단지,매매,33억,113,95,3/5,남서향,502동,20260511,35 조합원승계가능 주인거주 저층동로얄층 지분27.87,한양공인중개사사무소
목동신시가지5단지,656,목동신시가지5단지,서울시 양천구 목동,목동신시가지5단지,서울시 양천구 목동,1848,36,19860930,5,15,,116,14,37.533853,126.880399,4,34A,113.37,95.21,28.8,84,72,3,1,계단식,9,33억,33억,33억,"(9,623만원/3.3㎡)",0,,,,,,0,,330220,282586,445499,2624572916,목동신시가지5단지,매매,33억,113,95,5/5,남향,521동,20260506,35남향 로얄 조합원지위승계확실 재건축사업성최고단지 실거주만족도최고,서울부동산공인중개사사무소
목동신시가지5단지,656,목동신시가지5단지,서울시 양천구 목동,목동신시가지5단지,서울시 양천구 목동,1848,36,19860930,5,15,,116,14,37.533853,126.880399,4,34A,113.37,95.21,28.8,84,72,3,1,계단식,9,33억,33억,33억,"(9,623만원/3.3㎡)",0,,,,,,0,,330220,282586,445499,2624026805,목동신시가지5단지,매매,33억,113,95,5/5,남향,521동,20260504,"35,조합원지위승계확실,저층형,투자가치높은단지,대지지분27.87",금탑부동산공인중개사사무소
목동신시가지5단지,656,목동신시가지5단지,서울시 양천구 목동,목동신시가지5단지,서울시 양천구 목동,1848,36,19860930,5,15,,116,14,37.533853,126.880399,4,34A,113.37,95.21,28.8,84,72,3,1,계단식,9,33억,33억,33억,"(9,623만원/3.3㎡)",0,,,,,,0,,330220,282586,445499,2623935800,목동신시가지5단지,매매,33억,113,95,5/5,남향,521동,20260502,35지분27.87.올수리.35배정시 5.5억환급.조합원승계,현대공인중개사
목동신시가지5단지,656,목동신시가지5단지,서울시 양천구 목동,목동신시가지5단지,서울시 양천구 목동,1848,36,19860930,5,15,,116,14,37.533853,126.880399,4,34A,113.37,95.21,28.8,84,72,3,1,계단식,9,33억,33억,33억,"(9,623만원/3.3㎡)",0,,,,,,0,,330220,282586,445499,2622387579,목동신시가지5단지,매매,33억,113,95,5/5,남향,521동,20260424,"올수리, 정상, 이사협의, 인기단지",태원공인중개사사무소
목동신시가지5단지,656,목동신시가지5단지,서울시 양천구 목동,목동신시가지5단지,서울시 양천구 목동,1848,36,19860930,5,15,,116,14,37.533853,126.880399,4,34A,113.37,95.21,28.8,84,72,3,1,계단식,9,33억,33억,33억,"(9,623만원/3.3㎡)",0,,,,,,0,,330220,282586,445499,2621464509,목동신시가지5단지,매매,33억,113,95,5/5,남향,521동,20260420,35p  조합원승계가능  재건축사업성좋아요 27.89p,M21목동공인중개사사무소
목동신시가지5단지,656,목동신시가지5단지,서울시 양천구 목동,목동신시가지5단지,서울시 양천구 목동,1848,36,19860930,5,15,,116,14,37.533853,126.880399,6,34C,113.38,95.22,28.8,84,72,3,1,계단식,,,,,,,,,,,,,,330255,282616,445546,,,,,,,,,,,,
목동신시가지5단지,656,목동신시가지5단지,서울시 양천구 목동,목동신시가지5단지,서울시 양천구 목동,1848,36,19860930,5,15,,116,14,37.533853,126.880399,7,34D,114.18,95.27,28.81,83,108,3,1,계단식,12,32억,35억,32억~35억,"(9,265~1억 133만원/3.3㎡)",0,,,,,,0,,330428,282764,445780,2626916661,목동신시가지5단지,매매,32억,114,95,2/5,남서향,516동,20260518,"35남서향,3종,지분27.89펑,재건축시 69.72펑에서83.67펑",민구부동산중개사무소
목동신시가지5단지,656,목동신시가지5단지,서울시 양천구 목동,목동신시가지5단지,서울시 양천구 목동,1848,36,19860930,5,15,,116,14,37.533853,126.880399,7,34D,114.18,95.27,28.81,83,108,3,1,계단식,12,32억,35억,32억~35억,"(9,265~1억 133만원/3.3㎡)",0,,,,,,0,,330428,282764,445780,2626122618,목동신시가지5단지,매매,32억,114,95,2/5,남동향,516동,20260513,35재건축사업성최고 지분27.89 재건축시 환급예상 조합원지위승계가능물건,낙천대공인중개사사무소
목동신시가지5단지,656,목동신시가지5단지,서울시 양천구 목동,목동신시가지5단지,서울시 양천구 목동,1848,36,19860930,5,15,,116,14,37.533853,126.880399,7,34D,114.18,95.27,28.81,83,108,3,1,계단식,12,32억,35억,32억~35억,"(9,265~1억 133만원/3.3㎡)",0,,,,,,0,,330428,282764,445780,2626124613,목동신시가지5단지,매매,32억,114,95,2/5,서향,516동,20260514,35 올수리  조합원승계가능 지분27.89 재건축 수익성 원탑,우리공인중개사사무소
목동신시가지5단지,656,목동신시가지5단지,서울시 양천구 목동,목동신시가지5단지,서울시 양천구 목동,1848,36,19860930,5,15,,116,14,37.533853,126.880399,7,34D,114.18,95.27,28.81,83,108,3,1,계단식,12,32억,35억,32억~35억,"(9,265~1억 133만원/3.3㎡)",0,,,,,,0,,330428,282764,445780,2625924876,목동신시가지5단지,매매,32억,114,95,2/5,서향,516동,20260513,재건축 지분 27.89 적극추천,대지공인중개사
목동신시가지5단지,656,목동신시가지5단지,서울시 양천구 목동,목동신시가지5단지,서울시 양천구 목동,1848,36,19860930,5,15,,116,14,37.533853,126.880399,7,34D,114.18,95.27,28.81,83,108,3,1,계단식,12,32억,35억,32억~35억,"(9,265~1억 133만원/3.3㎡)",0,,,,,,0,,330428,282764,445780,2625696532,목동신시가지5단지,매매,32억,114,95,2/5,서향,516동,20260512,조합원지위승계확실35로얄동.로얄층.매수추천.,청기와공인중개사사무소
목동신시가지5단지,656,목동신시가지5단지,서울시 양천구 목동,목동신시가지5단지,서울시 양천구 목동,1848,36,19860930,5,15,,116,14,37.533853,126.880399,7,34D,114.18,95.27,28.81,83,108,3,1,계단식,12,32억,35억,32억~35억,"(9,265~1억 133만원/3.3㎡)",0,,,,,,0,,330428,282764,445780,2625559390,목동신시가지5단지,매매,35억,114,95,4/5,서향,536동,20260511,35 재건축사업성최고 지분 27.89 재건축시 환급예상,M21목동공인중개사사무소
목동신시가지5단지,656,목동신시가지5단지,서울시 양천구 목동,목동신시가지5단지,서울시 양천구 목동,1848,36,19860930,5,15,,116,14,37.533853,126.880399,7,34D,114.18,95.27,28.81,83,108,3,1,계단식,12,32억,35억,32억~35억,"(9,265~1억 133만원/3.3㎡)",0,,,,,,0,,330428,282764,445780,2625450459,목동신시가지5단지,매매,32억,114,95,2/5,서향,516동,20260511,"재건축상세설명첨부, 올수리, 35p배정시6억1천환급예상",한미공인중개사사무소
목동신시가지5단지,656,목동신시가지5단지,서울시 양천구 목동,목동신시가지5단지,서울시 양천구 목동,1848,36,19860930,5,15,,116,14,37.533853,126.880399,7,34D,114.18,95.27,28.81,83,108,3,1,계단식,12,32억,35억,32억~35억,"(9,265~1억 133만원/3.3㎡)",0,,,,,,0,,330428,282764,445780,2625903442,목동신시가지5단지,매매,32억,114,95,2/5,서향,516동,20260512,"35,조합원지위승계가능물건,입주협의가,년내시공사선정예정,",타임공인중개사사무소
목동신시가지5단지,656,목동신시가지5단지,서울시 양천구 목동,목동신시가지5단지,서울시 양천구 목동,1848,36,19860930,5,15,,116,14,37.533853,126.880399,7,34D,114.18,95.27,28.81,83,108,3,1,계단식,12,32억,35억,32억~35억,"(9,265~1억 133만원/3.3㎡)",0,,,,,,0,,330428,282764,445780,2625117799,목동신시가지5단지,매매,32억,114,95,2/5,서향,516동,20260508,"35강추,대지지분27.89,집깨끗35받을시6,1억환급,학교및학원가인접",조은공인중개사사무소
목동신시가지5단지,656,목동신시가지5단지,서울시 양천구 목동,목동신시가지5단지,서울시 양천구 목동,1848,36,19860930,5,15,,116,14,37.533853,126.880399,7,34D,114.18,95.27,28.81,83,108,3,1,계단식,12,32억,35억,32억~35억,"(9,265~1억 133만원/3.3㎡)",0,,,,,,0,,330428,282764,445780,2625135951,목동신시가지5단지,매매,32억,114,95,2/5,서향,516동,20260508,35강추 올수리 집깨끗 재건축사업성최고단지 신탁방식빠른재건축진행,서울부동산공인중개사사무소
목동신시가지5단지,656,목동신시가지5단지,서울시 양천구 목동,목동신시가지5단지,서울시 양천구 목동,1848,36,19860930,5,15,,116,14,37.533853,126.880399,7,34D,114.18,95.27,28.81,83,108,3,1,계단식,12,32억,35억,32억~35억,"(9,265~1억 133만원/3.3㎡)",0,,,,,,0,,330428,282764,445780,2625029134,목동신시가지5단지,매매,32억,114,95,2/5,서향,516동,20260508,"new35,사업시행자지정고시완료,수익성최고단지,35p받을시6억1천환급예상",금탑부동산공인중개사사무소
목동신시가지5단지,656,목동신시가지5단지,서울시 양천구 목동,목동신시가지5단지,서울시 양천구 목동,1848,36,19860930,5,15,,116,14,37.533853,126.880399,7,34D,114.18,95.27,28.81,83,108,3,1,계단식,12,32억,35억,32억~35억,"(9,265~1억 133만원/3.3㎡)",0,,,,,,0,,330428,282764,445780,2622138831,목동신시가지5단지,매매,35억,114,95,4/5,서향,536동,20260423,"파리공원뷰35주인거주,협의잘해드립니다",청기와공인중개사사무소
목동신시가지5단지,656,목동신시가지5단지,서울시 양천구 목동,목동신시가지5단지,서울시 양천구 목동,1848,36,19860930,5,15,,116,14,37.533853,126.880399,11,35H,118.6,95.06,28.75,80,193,3,1,계단식,5,32억,"32억 5,000","32억~32억 5,000","(8,919~9,059만원/3.3㎡)",0,,,,,,12,4억/240~6억/160,329700,282141,444797,2626478539,목동신시가지5단지,매매,"32억 5,000",118,95,고/15,동향,534동,20260515,뷰맛집로얄35조합원지위승계확실.1주택자10년보유5년거주.,청기와공인중개사사무소
목동신시가지5단지,656,목동신시가지5단지,서울시 양천구 목동,목동신시가지5단지,서울시 양천구 목동,1848,36,19860930,5,15,,116,14,37.533853,126.880399,11,35H,118.6,95.06,28.75,80,193,3,1,계단식,5,32억,"32억 5,000","32억~32억 5,000","(8,919~9,059만원/3.3㎡)",0,,,,,,12,4억/240~6억/160,329700,282141,444797,2625674794,목동신시가지5단지,매매,32억,118,95,3/12,동향,513동,20260511,"35,비확장올수리,대지지분27.83,경인초양정중월촌중,실거주및사업성굿",조은공인중개사사무소
목동신시가지5단지,656,목동신시가지5단지,서울시 양천구 목동,목동신시가지5단지,서울시 양천구 목동,1848,36,19860930,5,15,,116,14,37.533853,126.880399,11,35H,118.6,95.06,28.75,80,193,3,1,계단식,5,32억,"32억 5,000","32억~32억 5,000","(8,919~9,059만원/3.3㎡)",0,,,,,,12,4억/240~6억/160,329700,282141,444797,2626638811,목동신시가지5단지,매매,"32억 5,000",118,95,고/15,동향,534동,20260516,,민구부동산중개사무소
목동신시가지5단지,656,목동신시가지5단지,서울시 양천구 목동,목동신시가지5단지,서울시 양천구 목동,1848,36,19860930,5,15,,116,14,37.533853,126.880399,11,35H,118.6,95.06,28.75,80,193,3,1,계단식,5,32억,"32억 5,000","32억~32억 5,000","(8,919~9,059만원/3.3㎡)",0,,,,,,12,4억/240~6억/160,329700,282141,444797,2626710041,목동신시가지5단지,매매,"32억 5,000",118,95,고/15,남동향,534동,20260516,올수리 전망최고 주차최고편리 학원가와 근접,대지공인중개사
목동신시가지5단지,656,목동신시가지5단지,서울시 양천구 목동,목동신시가지5단지,서울시 양천구 목동,1848,36,19860930,5,15,,116,14,37.533853,126.880399,11,35H,118.6,95.06,28.75,80,193,3,1,계단식,5,32억,"32억 5,000","32억~32억 5,000","(8,919~9,059만원/3.3㎡)",0,,,,,,12,4억/240~6억/160,329700,282141,444797,2626223724,목동신시가지5단지,매매,"32억 5,000",118,95,고/15,동향,534동,20260514,35로얄 구수리 주인거주 뷰좋음 재건축사업성 실거주만족도 최고단지,서울부동산공인중개사사무소
목동신시가지5단지,656,목동신시가지5단지,서울시 양천구 목동,목동신시가지5단지,서울시 양천구 목동,1848,36,19860930,5,15,,116,14,37.533853,126.880399,10,36G,120.61,95.28,28.82,79,191,3,1,계단식,6,35억,35억,35억,"(9,593만원/3.3㎡)",0,,,,,,0,,330463,282794,445827,2626669069,목동신시가지5단지,매매,35억,120,95,9/12,동향,514동,20260516,"수리잘됨,뷰좋음,학교,학원,성당,공원가까움,주차편함.",범신공인중개사
목동신시가지5단지,656,목동신시가지5단지,서울시 양천구 목동,목동신시가지5단지,서울시 양천구 목동,1848,36,19860930,5,15,,116,14,37.533853,126.880399,10,36G,120.61,95.28,28.82,79,191,3,1,계단식,6,35억,35억,35억,"(9,593만원/3.3㎡)",0,,,,,,0,,330463,282794,445827,2624765674,목동신시가지5단지,매매,35억,120,95,9/12,서향,514동,20260507,35 특올수리 지분27 조합원승계가능 경인초 남양정 여월촌중,독일공인중개사사무소
목동신시가지5단지,656,목동신시가지5단지,서울시 양천구 목동,목동신시가지5단지,서울시 양천구 목동,1848,36,19860930,5,15,,116,14,37.533853,126.880399,10,36G,120.61,95.28,28.82,79,191,3,1,계단식,6,35억,35억,35억,"(9,593만원/3.3㎡)",0,,,,,,0,,330463,282794,445827,2624648094,목동신시가지5단지,매매,35억,120,95,1/15,동향,534동,20260506,"주인거주,예외주택해당학원,성당 그외편의시설가까움",범신공인중개사
목동신시가지5단지,656,목동신시가지5단지,서울시 양천구 목동,목동신시가지5단지,서울시 양천구 목동,1848,36,19860930,5,15,,116,14,37.533853,126.880399,10,36G,120.61,95.28,28.82,79,191,3,1,계단식,6,35억,35억,35억,"(9,593만원/3.3㎡)",0,,,,,,0,,330463,282794,445827,2623305825,목동신시가지5단지,매매,35억,120,95,9/12,동향,514동,20260429,35지분27.83.최근특올수리.35배정시 5.5억환급.조합원승계,현대공인중개사
목동신시가지5단지,656,목동신시가지5단지,서울시 양천구 목동,목동신시가지5단지,서울시 양천구 목동,1848,36,19860930,5,15,,116,14,37.533853,126.880399,10,36G,120.61,95.28,28.82,79,191,3,1,계단식,6,35억,35억,35억,"(9,593만원/3.3㎡)",0,,,,,,0,,330463,282794,445827,2622137703,목동신시가지5단지,매매,35억,120,95,1/15,동향,534동,20260423,조합원지위승계35시공사선정임박.대지지분27.89,청기와공인중개사사무소
목동신시가지5단지,656,목동신시가지5단지,서울시 양천구 목동,목동신시가지5단지,서울시 양천구 목동,1848,36,19860930,5,15,,116,14,37.533853,126.880399,10,36G,120.61,95.28,28.82,79,191,3,1,계단식,6,35억,35억,35억,"(9,593만원/3.3㎡)",0,,,,,,0,,330463,282794,445827,2621864746,목동신시가지5단지,매매,35억,120,95,1/15,동향,534동,20260422,"35 주인거주 오목교역도보가 통학,명문학원 거리좋음 사업성최고단지",서울부동산공인중개사사무소
목동신시가지5단지,656,목동신시가지5단지,서울시 양천구 목동,목동신시가지5단지,서울시 양천구 목동,1848,36,19860930,5,15,,116,14,37.533853,126.880399,13,42B,140.34,120.43,36.43,86,15,4,2,복도식,,,,,,,,,,,,,,417692,357440,563507,,,,,,,,,,,,
목동신시가지5단지,656,목동신시가지5단지,서울시 양천구 목동,목동신시가지5단지,서울시 양천구 목동,1848,36,19860930,5,15,,116,14,37.533853,126.880399,12,43A,142.71,122.46,37.04,86,60,4,2,복도식,13,42억,42억,42억,"(9,729만원/3.3㎡)",0,,,,,,0,,424732,363465,573006,2626855005,목동신시가지5단지,매매,42억,142,122,4/5,남향,518동,20260518,"확장올수리,재건축사업성최고단지,재건축2채가능,남향",행운공인중개사
목동신시가지5단지,656,목동신시가지5단지,서울시 양천구 목동,목동신시가지5단지,서울시 양천구 목동,1848,36,19860930,5,15,,116,14,37.533853,126.880399,12,43A,142.71,122.46,37.04,86,60,4,2,복도식,13,42억,42억,42억,"(9,729만원/3.3㎡)",0,,,,,,0,,424732,363465,573006,2626540863,목동신시가지5단지,매매,42억,142,122,4/5,남동향,518동,20260515,,부영공인중개사사무소
목동신시가지5단지,656,목동신시가지5단지,서울시 양천구 목동,목동신시가지5단지,서울시 양천구 목동,1848,36,19860930,5,15,,116,14,37.533853,126.880399,12,43A,142.71,122.46,37.04,86,60,4,2,복도식,13,42억,42억,42억,"(9,729만원/3.3㎡)",0,,,,,,0,,424732,363465,573006,2626420598,목동신시가지5단지,매매,42억,142,122,4/5,남향,518동,20260515,"45저층남향,확장올수리,입주협의,재건축통합심의준비중,신탁방식",경인공인중개사사무소
목동신시가지5단지,656,목동신시가지5단지,서울시 양천구 목동,목동신시가지5단지,서울시 양천구 목동,1848,36,19860930,5,15,,116,14,37.533853,126.880399,12,43A,142.71,122.46,37.04,86,60,4,2,복도식,13,42억,42억,42억,"(9,729만원/3.3㎡)",0,,,,,,0,,424732,363465,573006,2625959644,목동신시가지5단지,매매,42억,142,122,4/5,남향,518동,20260513,"확장올수리,재건축사업성최고단지,재건축2채가능,남향",행운공인중개사사무소
목동신시가지5단지,656,목동신시가지5단지,서울시 양천구 목동,목동신시가지5단지,서울시 양천구 목동,1848,36,19860930,5,15,,116,14,37.533853,126.880399,12,43A,142.71,122.46,37.04,86,60,4,2,복도식,13,42억,42억,42억,"(9,729만원/3.3㎡)",0,,,,,,0,,424732,363465,573006,2626668397,목동신시가지5단지,매매,42억,142,122,4/5,남향,518동,20260516,"정상명도,남향,로얄동.학교학원가까움",범신공인중개사
목동신시가지5단지,656,목동신시가지5단지,서울시 양천구 목동,목동신시가지5단지,서울시 양천구 목동,1848,36,19860930,5,15,,116,14,37.533853,126.880399,12,43A,142.71,122.46,37.04,86,60,4,2,복도식,13,42억,42억,42억,"(9,729만원/3.3㎡)",0,,,,,,0,,424732,363465,573006,2626674768,목동신시가지5단지,매매,42억,142,122,4/5,남향,518동,20260516,올수리  남향,강산공인중개사사무소
목동신시가지5단지,656,목동신시가지5단지,서울시 양천구 목동,목동신시가지5단지,서울시 양천구 목동,1848,36,19860930,5,15,,116,14,37.533853,126.880399,12,43A,142.71,122.46,37.04,86,60,4,2,복도식,13,42억,42억,42억,"(9,729만원/3.3㎡)",0,,,,,,0,,424732,363465,573006,2626213657,목동신시가지5단지,매매,42억,142,122,4/5,남향,518동,20260514,45남향 최고로얄동 올수리 재건축사업성최고단지 신탁방식빠른재건축진행,서울부동산공인중개사사무소
목동신시가지5단지,656,목동신시가지5단지,서울시 양천구 목동,목동신시가지5단지,서울시 양천구 목동,1848,36,19860930,5,15,,116,14,37.533853,126.880399,12,43A,142.71,122.46,37.04,86,60,4,2,복도식,13,42억,42억,42억,"(9,729만원/3.3㎡)",0,,,,,,0,,424732,363465,573006,2624861918,목동신시가지5단지,매매,42억,142,122,4/5,남향,518동,20260507,"45.저층 남향,확장구수리.입주협의.지분35.85.재건축통합심의준비중.",박라영공인중개사사무소
목동신시가지5단지,656,목동신시가지5단지,서울시 양천구 목동,목동신시가지5단지,서울시 양천구 목동,1848,36,19860930,5,15,,116,14,37.533853,126.880399,12,43A,142.71,122.46,37.04,86,60,4,2,복도식,13,42억,42억,42억,"(9,729만원/3.3㎡)",0,,,,,,0,,424732,363465,573006,2623928780,목동신시가지5단지,매매,42억,142,122,4/5,남향,518동,20260502,조합원지위승계확실45로얄.대지지분35.85,청기와공인중개사사무소
목동신시가지5단지,656,목동신시가지5단지,서울시 양천구 목동,목동신시가지5단지,서울시 양천구 목동,1848,36,19860930,5,15,,116,14,37.533853,126.880399,12,43A,142.71,122.46,37.04,86,60,4,2,복도식,13,42억,42억,42억,"(9,729만원/3.3㎡)",0,,,,,,0,,424732,363465,573006,2621744159,목동신시가지5단지,매매,42억,142,122,4/5,남향,518동,20260421,45.남향 로얄동 사업성 최고 단지 8.12.입주 유명학원 우수학군배정 ,뉴스공인중개사
목동신시가지5단지,656,목동신시가지5단지,서울시 양천구 목동,목동신시가지5단지,서울시 양천구 목동,1848,36,19860930,5,15,,116,14,37.533853,126.880399,12,43A,142.71,122.46,37.04,86,60,4,2,복도식,13,42억,42억,42억,"(9,729만원/3.3㎡)",0,,,,,,0,,424732,363465,573006,2623207528,목동신시가지5단지,매매,42억,142,122,4/5,남동향,518동,20260428,"45강추,로얄동로얄층,대지지분35.8올수리,49p배정시3.1억환급",조은공인중개사사무소
목동신시가지5단지,656,목동신시가지5단지,서울시 양천구 목동,목동신시가지5단지,서울시 양천구 목동,1848,36,19860930,5,15,,116,14,37.533853,126.880399,12,43A,142.71,122.46,37.04,86,60,4,2,복도식,13,42억,42억,42억,"(9,729만원/3.3㎡)",0,,,,,,0,,424732,363465,573006,2621169573,목동신시가지5단지,매매,42억,142,122,4/5,남향,518동,20260418,45지분35.85.신탁사지정고시.최고로얄동.49배정시 3.1억환급,현대공인중개사
목동신시가지5단지,656,목동신시가지5단지,서울시 양천구 목동,목동신시가지5단지,서울시 양천구 목동,1848,36,19860930,5,15,,116,14,37.533853,126.880399,12,43A,142.71,122.46,37.04,86,60,4,2,복도식,13,42억,42억,42억,"(9,729만원/3.3㎡)",0,,,,,,0,,424732,363465,573006,2626884899,목동신시가지5단지,매매,42억,142,122,4/5,남향,518동,20260518,"45저층남향,확장올수리,입주협의,조정가,재건축통합심의준비중,신탁방식",경인공인중개사사무소
목동신시가지5단지,656,목동신시가지5단지,서울시 양천구 목동,목동신시가지5단지,서울시 양천구 목동,1848,36,19860930,5,15,,116,14,37.533853,126.880399,14,43C,144.06,115.47,34.92,80,120,4,2,복도식,17,38억,40억,38억~40억,"(8,720~9,179만원/3.3㎡)",0,,,,,,0,,400489,342718,540298,2626940910,목동신시가지5단지,매매,40억,144,115,4/15,동향,529동,20260518,"확장 올수리, 집상태 아주 깨끗함, 입주협의가능",LG공인중개사사무소
목동신시가지5단지,656,목동신시가지5단지,서울시 양천구 목동,목동신시가지5단지,서울시 양천구 목동,1848,36,19860930,5,15,,116,14,37.533853,126.880399,14,43C,144.06,115.47,34.92,80,120,4,2,복도식,17,38억,40억,38억~40억,"(8,720~9,179만원/3.3㎡)",0,,,,,,0,,400489,342718,540298,2626575792,목동신시가지5단지,매매,38억,144,115,13/15,동향,511동,20260516,"무주택자세안고연말까지45조합원지위승계확실,로얄갭투",청기와공인중개사사무소
목동신시가지5단지,656,목동신시가지5단지,서울시 양천구 목동,목동신시가지5단지,서울시 양천구 목동,1848,36,19860930,5,15,,116,14,37.533853,126.880399,14,43C,144.06,115.47,34.92,80,120,4,2,복도식,17,38억,40억,38억~40억,"(8,720~9,179만원/3.3㎡)",0,,,,,,0,,400489,342718,540298,2626709569,목동신시가지5단지,매매,38억,144,115,13/15,동향,511동,20260516,급매물입니다,대지공인중개사
목동신시가지5단지,656,목동신시가지5단지,서울시 양천구 목동,목동신시가지5단지,서울시 양천구 목동,1848,36,19860930,5,15,,116,14,37.533853,126.880399,14,43C,144.06,115.47,34.92,80,120,4,2,복도식,17,38억,40억,38억~40억,"(8,720~9,179만원/3.3㎡)",0,,,,,,0,,400489,342718,540298,2626445153,목동신시가지5단지,매매,38억,144,115,13/15,동향,511동,20260515,"급.45강추, 하반기시공사선정예정,27년8월만기99600만원세안고",목동진미(02-2647-2288)공인중개사사무소
목동신시가지5단지,656,목동신시가지5단지,서울시 양천구 목동,목동신시가지5단지,서울시 양천구 목동,1848,36,19860930,5,15,,116,14,37.533853,126.880399,14,43C,144.06,115.47,34.92,80,120,4,2,복도식,17,38억,40억,38억~40억,"(8,720~9,179만원/3.3㎡)",0,,,,,,0,,400489,342718,540298,2626183415,목동신시가지5단지,매매,39억,144,115,13/15,동향,511동,20260514,"45세안고매매,지분33.80,재건축최고단지,확장올수리,",금탑부동산공인중개사사무소
목동신시가지5단지,656,목동신시가지5단지,서울시 양천구 목동,목동신시가지5단지,서울시 양천구 목동,1848,36,19860930,5,15,,116,14,37.533853,126.880399,14,43C,144.06,115.47,34.92,80,120,4,2,복도식,17,38억,40억,38억~40억,"(8,720~9,179만원/3.3㎡)",0,,,,,,0,,400489,342718,540298,2626250563,목동신시가지5단지,매매,38억,144,115,13/15,동향,511동,20260514,"45급매,가격저렴,세안고매매,지분33.8확장올수리,재건축사업성최고단지",조은공인중개사사무소
목동신시가지5단지,656,목동신시가지5단지,서울시 양천구 목동,목동신시가지5단지,서울시 양천구 목동,1848,36,19860930,5,15,,116,14,37.533853,126.880399,14,43C,144.06,115.47,34.92,80,120,4,2,복도식,17,38억,40억,38억~40억,"(8,720~9,179만원/3.3㎡)",0,,,,,,0,,400489,342718,540298,2626110120,목동신시가지5단지,매매,38억,144,115,13/15,동향,511동,20260514,"26년12월31일까지 토지거래허가신청조건,학교가까움.",범신공인중개사
목동신시가지5단지,656,목동신시가지5단지,서울시 양천구 목동,목동신시가지5단지,서울시 양천구 목동,1848,36,19860930,5,15,,116,14,37.533853,126.880399,14,43C,144.06,115.47,34.92,80,120,4,2,복도식,17,38억,40억,38억~40억,"(8,720~9,179만원/3.3㎡)",0,,,,,,0,,400489,342718,540298,2626233847,목동신시가지5단지,매매,39억,144,115,13/15,동향,511동,20260514,45세안고매매 올수리 재건축사업성최고단지 신탁방식빠른재건축진행,서울부동산공인중개사사무소
목동신시가지5단지,656,목동신시가지5단지,서울시 양천구 목동,목동신시가지5단지,서울시 양천구 목동,1848,36,19860930,5,15,,116,14,37.533853,126.880399,14,43C,144.06,115.47,34.92,80,120,4,2,복도식,17,38억,40억,38억~40억,"(8,720~9,179만원/3.3㎡)",0,,,,,,0,,400489,342718,540298,2625167560,목동신시가지5단지,매매,40억,144,115,4/15,남동향,529동,20260508,"45강추, 지분33.8,수익성최고단지,신탁방식빠른재건축진행중",목동진미(02-2647-2288)공인중개사사무소
목동신시가지5단지,656,목동신시가지5단지,서울시 양천구 목동,목동신시가지5단지,서울시 양천구 목동,1848,36,19860930,5,15,,116,14,37.533853,126.880399,14,43C,144.06,115.47,34.92,80,120,4,2,복도식,17,38억,40억,38억~40억,"(8,720~9,179만원/3.3㎡)",0,,,,,,0,,400489,342718,540298,2625024344,목동신시가지5단지,매매,40억,144,115,4/15,동향,529동,20260508,45 거실확장된 특올수리  지분33.8 초록뷰가 예쁜집,M21목동공인중개사사무소
목동신시가지5단지,656,목동신시가지5단지,서울시 양천구 목동,목동신시가지5단지,서울시 양천구 목동,1848,36,19860930,5,15,,116,14,37.533853,126.880399,14,43C,144.06,115.47,34.92,80,120,4,2,복도식,17,38억,40억,38억~40억,"(8,720~9,179만원/3.3㎡)",0,,,,,,0,,400489,342718,540298,2624821915,목동신시가지5단지,매매,40억,144,115,4/15,동향,529동,20260507,45확장올수리 집깨끗주인거주 재건축사업성최고단지 신탁방식빠른재건축진행,서울부동산공인중개사사무소
목동신시가지5단지,656,목동신시가지5단지,서울시 양천구 목동,목동신시가지5단지,서울시 양천구 목동,1848,36,19860930,5,15,,116,14,37.533853,126.880399,14,43C,144.06,115.47,34.92,80,120,4,2,복도식,17,38억,40억,38억~40억,"(8,720~9,179만원/3.3㎡)",0,,,,,,0,,400489,342718,540298,2624544746,목동신시가지5단지,매매,40억,144,115,4/15,남동향,534동,20260506,45비확장특올수리 주차편함 재건축사업성 실거주만족도 최고단지,서울부동산공인중개사사무소
목동신시가지5단지,656,목동신시가지5단지,서울시 양천구 목동,목동신시가지5단지,서울시 양천구 목동,1848,36,19860930,5,15,,116,14,37.533853,126.880399,14,43C,144.06,115.47,34.92,80,120,4,2,복도식,17,38억,40억,38억~40억,"(8,720~9,179만원/3.3㎡)",0,,,,,,0,,400489,342718,540298,2622438877,목동신시가지5단지,매매,40억,144,115,4/15,남동향,534동,20260424,확장특올수리 강추 경인초 월촌중 양정중 유명학원가,신세계공인중개사사무소
목동신시가지5단지,656,목동신시가지5단지,서울시 양천구 목동,목동신시가지5단지,서울시 양천구 목동,1848,36,19860930,5,15,,116,14,37.533853,126.880399,14,43C,144.06,115.47,34.92,80,120,4,2,복도식,17,38억,40억,38억~40억,"(8,720~9,179만원/3.3㎡)",0,,,,,,0,,400489,342718,540298,2623251250,목동신시가지5단지,매매,40억,144,115,4/15,동향,534동,20260429,특올수리45조정가능.대지지분33.80.추천매물.,청기와공인중개사사무소
목동신시가지5단지,656,목동신시가지5단지,서울시 양천구 목동,목동신시가지5단지,서울시 양천구 목동,1848,36,19860930,5,15,,116,14,37.533853,126.880399,14,43C,144.06,115.47,34.92,80,120,4,2,복도식,17,38억,40억,38억~40억,"(8,720~9,179만원/3.3㎡)",0,,,,,,0,,400489,342718,540298,2623186968,목동신시가지5단지,매매,40억,144,115,4/15,남동향,534동,20260428,"45비확장특올수리,안방확장,대지지분33.80재건축사업성및실거주만족최고",조은공인중개사사무소
목동신시가지5단지,656,목동신시가지5단지,서울시 양천구 목동,목동신시가지5단지,서울시 양천구 목동,1848,36,19860930,5,15,,116,14,37.533853,126.880399,14,43C,144.06,115.47,34.92,80,120,4,2,복도식,17,38억,40억,38억~40억,"(8,720~9,179만원/3.3㎡)",0,,,,,,0,,400489,342718,540298,2622138265,목동신시가지5단지,매매,40억,144,115,4/15,동향,529동,20260423,베란다확장올수리45진행확실.주인거주.대지지분33.80,청기와공인중개사사무소
목동신시가지5단지,656,목동신시가지5단지,서울시 양천구 목동,목동신시가지5단지,서울시 양천구 목동,1848,36,19860930,5,15,,116,14,37.533853,126.880399,14,43C,144.06,115.47,34.92,80,120,4,2,복도식,17,38억,40억,38억~40억,"(8,720~9,179만원/3.3㎡)",0,,,,,,0,,400489,342718,540298,2621767209,목동신시가지5단지,매매,40억,144,115,4/15,서향,529동,20260421,"45강추,대지지분33.8확장올수리,주인거주집깨끗,수익성 및 실거주최고",조은공인중개사사무소
목동신시가지5단지,656,목동신시가지5단지,서울시 양천구 목동,목동신시가지5단지,서울시 양천구 목동,1848,36,19860930,5,15,,116,14,37.533853,126.880399,15,44D,146.17,115.47,34.92,79,72,4,2,복도식,,,,,,,,,,,,,,400489,342718,540298,,,,,,,,,,,,
목동신시가지5단지,656,목동신시가지5단지,서울시 양천구 목동,목동신시가지5단지,서울시 양천구 목동,1848,36,19860930,5,15,,116,14,37.533853,126.880399,17,49B,164.43,141.1,42.68,86,15,4,2,계단식,,,,,,,,,,,,,,489382,418789,660224,,,,,,,,,,,,
목동신시가지5단지,656,목동신시가지5단지,서울시 양천구 목동,목동신시가지5단지,서울시 양천구 목동,1848,36,19860930,5,15,,116,14,37.533853,126.880399,18,53C,177.68,142.51,43.1,80,96,5,2,계단식,1,41억,41억,41억,"(7,628만원/3.3㎡)",0,,,,,,0,,494272,422974,666822,2626239339,목동신시가지5단지,매매,41억,177,142,4/12,남향,501동,20260514,"55가격저렴,채광굿남향,대지지분41.7,실거주및투자성과탁월,학원가인접",조은공인중개사사무소
목동신시가지5단지,656,목동신시가지5단지,서울시 양천구 목동,목동신시가지5단지,서울시 양천구 목동,1848,36,19860930,5,15,,116,14,37.533853,126.880399,19,54D,178.53,143.36,43.36,80,96,5,2,계단식,1,55억,55억,55억,(1억 184만원/3.3㎡),0,,,,,,5,10억/190,497221,425497,670800,2623251030,목동신시가지5단지,매매,55억,178,143,9/12,서향,506동,20260429,조합원지위승계확실55뷰좋은집.대지지분41.97,청기와공인중개사사무소
목동신시가지5단지,656,목동신시가지5단지,서울시 양천구 목동,목동신시가지5단지,서울시 양천구 목동,1848,36,19860930,5,15,,116,14,37.533853,126.880399,16,53A,178.12,152.85,46.23,86,60,5,2,계단식,12,41억,"45억 5,000","41억~45억 5,000","(7,609~8,444만원/3.3㎡)",23,15억,16억,15억~16억,"(2,784~2,969만원/3.3㎡)",33~39%,10,8억/320,530135,453663,715204,2625904593,목동신시가지5단지,매매,42억,178,152,2/5,남향,525동,20260512,"55저층,매매1순위,물건진행확실,최다대지지분44.74p,매물설명참조",타임공인중개사사무소
목동신시가지5단지,656,목동신시가지5단지,서울시 양천구 목동,목동신시가지5단지,서울시 양천구 목동,1848,36,19860930,5,15,,116,14,37.533853,126.880399,16,53A,178.12,152.85,46.23,86,60,5,2,계단식,12,41억,"45억 5,000","41억~45억 5,000","(7,609~8,444만원/3.3㎡)",23,15억,16억,15억~16억,"(2,784~2,969만원/3.3㎡)",33~39%,10,8억/320,530135,453663,715204,2626907607,목동신시가지5단지,매매,41억,178,152,2/5,남향,525동,20260518,"55남향,재건축지분44.74펑,3종,입주정상",민구부동산중개사무소
목동신시가지5단지,656,목동신시가지5단지,서울시 양천구 목동,목동신시가지5단지,서울시 양천구 목동,1848,36,19860930,5,15,,116,14,37.533853,126.880399,16,53A,178.12,152.85,46.23,86,60,5,2,계단식,12,41억,"45억 5,000","41억~45억 5,000","(7,609~8,444만원/3.3㎡)",23,15억,16억,15억~16억,"(2,784~2,969만원/3.3㎡)",33~39%,10,8억/320,530135,453663,715204,2626854161,목동신시가지5단지,매매,43억,178,152,2/5,남향,518동,20260518,"55매매, 올수리,지분44.74,신탁방식빠른재건축진행중",목동진미(02-2647-2288)공인중개사사무소
목동신시가지5단지,656,목동신시가지5단지,서울시 양천구 목동,목동신시가지5단지,서울시 양천구 목동,1848,36,19860930,5,15,,116,14,37.533853,126.880399,16,53A,178.12,152.85,46.23,86,60,5,2,계단식,12,41억,"45억 5,000","41억~45억 5,000","(7,609~8,444만원/3.3㎡)",23,15억,16억,15억~16억,"(2,784~2,969만원/3.3㎡)",33~39%,10,8억/320,530135,453663,715204,2624797947,목동신시가지5단지,매매,43억,178,152,2/5,남향,518동,20260507,55 올수리 로얄동 로얄층 주차장넓어요 학원가근접 선호하는동,대지공인중개사
목동신시가지5단지,656,목동신시가지5단지,서울시 양천구 목동,목동신시가지5단지,서울시 양천구 목동,1848,36,19860930,5,15,,116,14,37.533853,126.880399,16,53A,178.12,152.85,46.23,86,60,5,2,계단식,12,41억,"45억 5,000","41억~45억 5,000","(7,609~8,444만원/3.3㎡)",23,15억,16억,15억~16억,"(2,784~2,969만원/3.3㎡)",33~39%,10,8억/320,530135,453663,715204,2626583224,목동신시가지5단지,매매,43억,178,152,2/5,남향,518동,20260516,55올수리.남향로얄.대지지분44.74.사업성좋은단지,굿모닝공인중개사사무소
목동신시가지5단지,656,목동신시가지5단지,서울시 양천구 목동,목동신시가지5단지,서울시 양천구 목동,1848,36,19860930,5,15,,116,14,37.533853,126.880399,16,53A,178.12,152.85,46.23,86,60,5,2,계단식,12,41억,"45억 5,000","41억~45억 5,000","(7,609~8,444만원/3.3㎡)",23,15억,16억,15억~16억,"(2,784~2,969만원/3.3㎡)",33~39%,10,8억/320,530135,453663,715204,2626092770,목동신시가지5단지,매매,43억,178,152,2/5,남동향,518동,20260513,"55강추,대지지분44.74,올수리로얄동로얄층,실거주및재건축사업성탁월",조은공인중개사사무소
목동신시가지5단지,656,목동신시가지5단지,서울시 양천구 목동,목동신시가지5단지,서울시 양천구 목동,1848,36,19860930,5,15,,116,14,37.533853,126.880399,16,53A,178.12,152.85,46.23,86,60,5,2,계단식,12,41억,"45억 5,000","41억~45억 5,000","(7,609~8,444만원/3.3㎡)",23,15억,16억,15억~16억,"(2,784~2,969만원/3.3㎡)",33~39%,10,8억/320,530135,453663,715204,2625200885,목동신시가지5단지,매매,41억,178,152,2/5,남향,525동,20260509,"55p,추천1순위,급매가격저렴,대지지분탁월44.74실거주및투자가치최고",조은공인중개사사무소
목동신시가지5단지,656,목동신시가지5단지,서울시 양천구 목동,목동신시가지5단지,서울시 양천구 목동,1848,36,19860930,5,15,,116,14,37.533853,126.880399,16,53A,178.12,152.85,46.23,86,60,5,2,계단식,12,41억,"45억 5,000","41억~45억 5,000","(7,609~8,444만원/3.3㎡)",23,15억,16억,15억~16억,"(2,784~2,969만원/3.3㎡)",33~39%,10,8억/320,530135,453663,715204,2624825850,목동신시가지5단지,매매,"45억 5,000",178,152,2/5,남향,518동,20260507,"55남향올수리 지분44.74p,53p배정시6.2억환급. 11재건축",현대공인중개사
목동신시가지5단지,656,목동신시가지5단지,서울시 양천구 목동,목동신시가지5단지,서울시 양천구 목동,1848,36,19860930,5,15,,116,14,37.533853,126.880399,16,53A,178.12,152.85,46.23,86,60,5,2,계단식,12,41억,"45억 5,000","41억~45억 5,000","(7,609~8,444만원/3.3㎡)",23,15억,16억,15억~16억,"(2,784~2,969만원/3.3㎡)",33~39%,10,8억/320,530135,453663,715204,2624825659,목동신시가지5단지,매매,43억,178,152,2/5,남향,518동,20260507,55저층남향 로얄층동 올수리 재건축사업성최고단지 신탁방식빠른재건축진행,서울부동산공인중개사사무소
목동신시가지5단지,656,목동신시가지5단지,서울시 양천구 목동,목동신시가지5단지,서울시 양천구 목동,1848,36,19860930,5,15,,116,14,37.533853,126.880399,16,53A,178.12,152.85,46.23,86,60,5,2,계단식,12,41억,"45억 5,000","41억~45억 5,000","(7,609~8,444만원/3.3㎡)",23,15억,16억,15억~16억,"(2,784~2,969만원/3.3㎡)",33~39%,10,8억/320,530135,453663,715204,2624815239,목동신시가지5단지,매매,43억,178,152,2/5,남향,518동,20260507,"55남향저층,대지지분147.91제곱미터로 가장 많음,년내시공사선정예정",타임공인중개사사무소
목동신시가지5단지,656,목동신시가지5단지,서울시 양천구 목동,목동신시가지5단지,서울시 양천구 목동,1848,36,19860930,5,15,,116,14,37.533853,126.880399,16,53A,178.12,152.85,46.23,86,60,5,2,계단식,12,41억,"45억 5,000","41억~45억 5,000","(7,609~8,444만원/3.3㎡)",23,15억,16억,15억~16억,"(2,784~2,969만원/3.3㎡)",33~39%,10,8억/320,530135,453663,715204,2623927512,목동신시가지5단지,매매,43억,178,152,2/5,남향,518동,20260502,조합원지위승계확실55최고로얄.대지지분44.74,청기와공인중개사사무소
목동신시가지5단지,656,목동신시가지5단지,서울시 양천구 목동,목동신시가지5단지,서울시 양천구 목동,1848,36,19860930,5,15,,116,14,37.533853,126.880399,16,53A,178.12,152.85,46.23,86,60,5,2,계단식,12,41억,"45억 5,000","41억~45억 5,000","(7,609~8,444만원/3.3㎡)",23,15억,16억,15억~16억,"(2,784~2,969만원/3.3㎡)",33~39%,10,8억/320,530135,453663,715204,2623574511,목동신시가지5단지,매매,43억,178,152,2/5,남향,525동,20260430,55남향 재건축지분 44.74 입주정상 협의가 명문학원 경인초 양정중,신세계공인중개사사무소
철산래미안자이,25902,철산래미안자이,경기도 광명시 철산동,철산래미안자이,경기도 광명시 철산동,2072,17,20091126,21,34,,248,12,37.471957,126.874532,1,24,82.47,58.61,17.72,71,21,3,2,계단식,1,"12억 5,000","12억 5,000","12억 5,000","(5,011만원/3.3㎡)",0,,,,,,0,,164371,193718,149040,2624774854,철산래미안자이,매매,"12억 5,000",82,58,고/23,남향,103동,20260507,"24 올확장,채광과통풍최고,가산및대중교통이용편리한동,철산초중학군",래미안자이공인중개사사무소
철산래미안자이,25902,철산래미안자이,경기도 광명시 철산동,철산래미안자이,경기도 광명시 철산동,2072,17,20091126,21,34,,248,12,37.471957,126.874532,2,25A,84.2,59.67,18.05,71,472,3,2,계단식,38,"12억 5,000","12억 7,000","12억 5,000~12억 7,000","(4,908~4,986만원/3.3㎡)",0,,,,,,0,,167344,197222,151735,2626886247,철산래미안자이,매매,"12억 5,000",84,59,21/23,남향,103동,20260518,"25,올확장형,시스템에어컨3대,보일러교체,탁트인전망,채광우수,인테리어협조",믿음 공인중개사사무소
철산래미안자이,25902,철산래미안자이,경기도 광명시 철산동,철산래미안자이,경기도 광명시 철산동,2072,17,20091126,21,34,,248,12,37.471957,126.874532,2,25A,84.2,59.67,18.05,71,472,3,2,계단식,38,"12억 5,000","12억 7,000","12억 5,000~12억 7,000","(4,908~4,986만원/3.3㎡)",0,,,,,,0,,167344,197222,151735,2626866411,철산래미안자이,매매,"12억 5,000",84,59,21/23,남동향,103동,20260518,"25 올확장,조정가,시스템에어컨3,공사기간협조,철산초중명문학군",정상(두산)공인중개사사무소
철산래미안자이,25902,철산래미안자이,경기도 광명시 철산동,철산래미안자이,경기도 광명시 철산동,2072,17,20091126,21,34,,248,12,37.471957,126.874532,2,25A,84.2,59.67,18.05,71,472,3,2,계단식,38,"12억 5,000","12억 7,000","12억 5,000~12억 7,000","(4,908~4,986만원/3.3㎡)",0,,,,,,0,,167344,197222,151735,2626769589,철산래미안자이,매매,"12억 5,000",84,59,21/23,남향,103동,20260518,"25,조정가,올확장,시스템에어컨,남향,채광굿,인테리어협조가능,입주협의",하늘채공인중개사사무소
철산래미안자이,25902,철산래미안자이,경기도 광명시 철산동,철산래미안자이,경기도 광명시 철산동,2072,17,20091126,21,34,,248,12,37.471957,126.874532,2,25A,84.2,59.67,18.05,71,472,3,2,계단식,38,"12억 5,000","12억 7,000","12억 5,000~12억 7,000","(4,908~4,986만원/3.3㎡)",0,,,,,,0,,167344,197222,151735,2626835977,철산래미안자이,매매,"12억 5,000",84,59,21/23,남향,103동,20260518,25. 조정가. 올확장. 남향. 수리기간가능. 시스템에어컨. 교통편리,가나안공인중개사사무소
철산래미안자이,25902,철산래미안자이,경기도 광명시 철산동,철산래미안자이,경기도 광명시 철산동,2072,17,20091126,21,34,,248,12,37.471957,126.874532,2,25A,84.2,59.67,18.05,71,472,3,2,계단식,38,"12억 5,000","12억 7,000","12억 5,000~12억 7,000","(4,908~4,986만원/3.3㎡)",0,,,,,,0,,167344,197222,151735,2626595781,철산래미안자이,매매,"12억 5,000",84,59,21/23,남향,103동,20260516,"25 올확장 정남향, 시스템에어컨3대, 공사기간협조가능, 가격조정가",생생공인중개사사무소
철산래미안자이,25902,철산래미안자이,경기도 광명시 철산동,철산래미안자이,경기도 광명시 철산동,2072,17,20091126,21,34,,248,12,37.471957,126.874532,2,25A,84.2,59.67,18.05,71,472,3,2,계단식,38,"12억 5,000","12억 7,000","12억 5,000~12억 7,000","(4,908~4,986만원/3.3㎡)",0,,,,,,0,,167344,197222,151735,2626447922,철산래미안자이,매매,"12억 7,000",84,59,6/23,남서향,103동,20260515,25. 확장형  올수리 입주일협의 철산초중,철산래미안자이 공인중개사사무소
철산래미안자이,25902,철산래미안자이,경기도 광명시 철산동,철산래미안자이,경기도 광명시 철산동,2072,17,20091126,21,34,,248,12,37.471957,126.874532,2,25A,84.2,59.67,18.05,71,472,3,2,계단식,38,"12억 5,000","12억 7,000","12억 5,000~12억 7,000","(4,908~4,986만원/3.3㎡)",0,,,,,,0,,167344,197222,151735,2626459770,철산래미안자이,매매,"12억 7,000",84,59,6/23,남서향,103동,20260515,25. 올확장O 최근올수리O 대중교통이용편리O 철산초중O,단지내 진공인중개사사무소
철산래미안자이,25902,철산래미안자이,경기도 광명시 철산동,철산래미안자이,경기도 광명시 철산동,2072,17,20091126,21,34,,248,12,37.471957,126.874532,2,25A,84.2,59.67,18.05,71,472,3,2,계단식,38,"12억 5,000","12억 7,000","12억 5,000~12억 7,000","(4,908~4,986만원/3.3㎡)",0,,,,,,0,,167344,197222,151735,2626551545,철산래미안자이,매매,"12억 5,000",84,59,21/23,남동향,103동,20260515,,우방공인중개사사무소
철산래미안자이,25902,철산래미안자이,경기도 광명시 철산동,철산래미안자이,경기도 광명시 철산동,2072,17,20091126,21,34,,248,12,37.471957,126.874532,2,25A,84.2,59.67,18.05,71,472,3,2,계단식,38,"12억 5,000","12억 7,000","12억 5,000~12억 7,000","(4,908~4,986만원/3.3㎡)",0,,,,,,0,,167344,197222,151735,2626446250,철산래미안자이,매매,"12억 5,000",84,59,21/23,남향,103동,20260515,25. 올확장 선호타입 시스템AC 남향 대중교통이용편리동 인테리어기간,철산래미안자이 공인중개사사무소
철산래미안자이,25902,철산래미안자이,경기도 광명시 철산동,철산래미안자이,경기도 광명시 철산동,2072,17,20091126,21,34,,248,12,37.471957,126.874532,2,25A,84.2,59.67,18.05,71,472,3,2,계단식,38,"12억 5,000","12억 7,000","12억 5,000~12억 7,000","(4,908~4,986만원/3.3㎡)",0,,,,,,0,,167344,197222,151735,2626382685,철산래미안자이,매매,"12억 5,000",84,59,21/23,남향,103동,20260515,25 올확장 시스템에어컨 조정가능,온누리 공인중개사사무소
철산래미안자이,25902,철산래미안자이,경기도 광명시 철산동,철산래미안자이,경기도 광명시 철산동,2072,17,20091126,21,34,,248,12,37.471957,126.874532,2,25A,84.2,59.67,18.05,71,472,3,2,계단식,38,"12억 5,000","12억 7,000","12억 5,000~12억 7,000","(4,908~4,986만원/3.3㎡)",0,,,,,,0,,167344,197222,151735,2626549021,철산래미안자이,매매,"12억 5,000",84,59,21/23,남향,103동,20260515,"25 올확장,조정가,시스템에어컨3대,주인거주,인테리어기간 가능,철산초중",두산위브 공인중개사사무소
철산래미안자이,25902,철산래미안자이,경기도 광명시 철산동,철산래미안자이,경기도 광명시 철산동,2072,17,20091126,21,34,,248,12,37.471957,126.874532,2,25A,84.2,59.67,18.05,71,472,3,2,계단식,38,"12억 5,000","12억 7,000","12억 5,000~12억 7,000","(4,908~4,986만원/3.3㎡)",0,,,,,,0,,167344,197222,151735,2626196912,철산래미안자이,매매,"12억 7,000",84,59,6/23,남서향,103동,20260514,25.최근 전체 인테리어. 부분확장. 교통과 상가이용 편리한 동.입주협의,열린 공인중개사사무소
철산래미안자이,25902,철산래미안자이,경기도 광명시 철산동,철산래미안자이,경기도 광명시 철산동,2072,17,20091126,21,34,,248,12,37.471957,126.874532,2,25A,84.2,59.67,18.05,71,472,3,2,계단식,38,"12억 5,000","12억 7,000","12억 5,000~12억 7,000","(4,908~4,986만원/3.3㎡)",0,,,,,,0,,167344,197222,151735,2626205224,철산래미안자이,매매,"12억 7,000",84,59,6/23,남서향,103동,20260514,"25 올확장,최근 올리모델링,생활교통편리한동,입주협의,철산초중",두산위브 공인중개사사무소
철산래미안자이,25902,철산래미안자이,경기도 광명시 철산동,철산래미안자이,경기도 광명시 철산동,2072,17,20091126,21,34,,248,12,37.471957,126.874532,2,25A,84.2,59.67,18.05,71,472,3,2,계단식,38,"12억 5,000","12억 7,000","12억 5,000~12억 7,000","(4,908~4,986만원/3.3㎡)",0,,,,,,0,,167344,197222,151735,2625968196,철산래미안자이,매매,"12억 5,000",84,59,21/23,남동향,103동,20260513,"25 올확장,시스템AC,주인거주상태깨끗,상가.교통편리동,철산초중등교굿",래미안자이공인중개사사무소
철산래미안자이,25902,철산래미안자이,경기도 광명시 철산동,철산래미안자이,경기도 광명시 철산동,2072,17,20091126,21,34,,248,12,37.471957,126.874532,2,25A,84.2,59.67,18.05,71,472,3,2,계단식,38,"12억 5,000","12억 7,000","12억 5,000~12억 7,000","(4,908~4,986만원/3.3㎡)",0,,,,,,0,,167344,197222,151735,2626017148,철산래미안자이,매매,"12억 5,000",84,59,3/24,남향,106동,20260513,"최근특인테리어,올확장형.아늑하고이쁜단지조망.철산초,중학군.입주일협의",단지상가한강공인중개사사무소
철산래미안자이,25902,철산래미안자이,경기도 광명시 철산동,철산래미안자이,경기도 광명시 철산동,2072,17,20091126,21,34,,248,12,37.471957,126.874532,2,25A,84.2,59.67,18.05,71,472,3,2,계단식,38,"12억 5,000","12억 7,000","12억 5,000~12억 7,000","(4,908~4,986만원/3.3㎡)",0,,,,,,0,,167344,197222,151735,2626004000,철산래미안자이,매매,"12억 5,000",84,59,21/23,남동향,103동,20260513,"25. 올확장, 채광,전망좋음, 초등.중학교 인접, 교통편리, 추천",경기래미안공인중개사사무소
철산래미안자이,25902,철산래미안자이,경기도 광명시 철산동,철산래미안자이,경기도 광명시 철산동,2072,17,20091126,21,34,,248,12,37.471957,126.874532,2,25A,84.2,59.67,18.05,71,472,3,2,계단식,38,"12억 5,000","12억 7,000","12억 5,000~12억 7,000","(4,908~4,986만원/3.3㎡)",0,,,,,,0,,167344,197222,151735,2626075527,철산래미안자이,매매,"12억 5,000",84,59,3/24,남향,106동,20260513,25올확장 최근올수리 시스템에어컨 정원뷰 채광좋음 철산초중 근접동,우성공인중개사사무소
철산래미안자이,25902,철산래미안자이,경기도 광명시 철산동,철산래미안자이,경기도 광명시 철산동,2072,17,20091126,21,34,,248,12,37.471957,126.874532,2,25A,84.2,59.67,18.05,71,472,3,2,계단식,38,"12억 5,000","12억 7,000","12억 5,000~12억 7,000","(4,908~4,986만원/3.3㎡)",0,,,,,,0,,167344,197222,151735,2626037706,철산래미안자이,매매,"12억 7,000",84,59,6/23,남서향,103동,20260513,OKo25o최신인테리어o일부확장o상가이용편리o철산초중학군o입주협의가능,ok철산 공인중개사사무소
철산래미안자이,25902,철산래미안자이,경기도 광명시 철산동,철산래미안자이,경기도 광명시 철산동,2072,17,20091126,21,34,,248,12,37.471957,126.874532,2,25A,84.2,59.67,18.05,71,472,3,2,계단식,38,"12억 5,000","12억 7,000","12억 5,000~12억 7,000","(4,908~4,986만원/3.3㎡)",0,,,,,,0,,167344,197222,151735,2626051394,철산래미안자이,매매,"12억 5,000",84,59,21/23,남향,103동,20260513,25.올확장.남향.인테리어기간 가능.시스템AC.보일러교체함.상가이용 편리,이실공인중개사사무소
철산래미안자이,25902,철산래미안자이,경기도 광명시 철산동,철산래미안자이,경기도 광명시 철산동,2072,17,20091126,21,34,,248,12,37.471957,126.874532,2,25A,84.2,59.67,18.05,71,472,3,2,계단식,38,"12억 5,000","12억 7,000","12억 5,000~12억 7,000","(4,908~4,986만원/3.3㎡)",0,,,,,,0,,167344,197222,151735,2626036374,철산래미안자이,매매,"12억 7,000",84,59,6/23,남서향,103동,20260513,"25 주방제외확장,최신리모델링,철산역 가산 접근용이,철산초중명문학군",정상(두산)공인중개사사무소
철산래미안자이,25902,철산래미안자이,경기도 광명시 철산동,철산래미안자이,경기도 광명시 철산동,2072,17,20091126,21,34,,248,12,37.471957,126.874532,2,25A,84.2,59.67,18.05,71,472,3,2,계단식,38,"12억 5,000","12억 7,000","12억 5,000~12억 7,000","(4,908~4,986만원/3.3㎡)",0,,,,,,0,,167344,197222,151735,2625967162,철산래미안자이,매매,"12억 5,000",84,59,21/23,남향,103동,20260513,25.올확장으로 넓은공간.시스템에어컨설치.상가이용과교통편리.빠른입주가능.,열린 공인중개사사무소
철산래미안자이,25902,철산래미안자이,경기도 광명시 철산동,철산래미안자이,경기도 광명시 철산동,2072,17,20091126,21,34,,248,12,37.471957,126.874532,2,25A,84.2,59.67,18.05,71,472,3,2,계단식,38,"12억 5,000","12억 7,000","12억 5,000~12억 7,000","(4,908~4,986만원/3.3㎡)",0,,,,,,0,,167344,197222,151735,2625810768,철산래미안자이,매매,"12억 7,000",84,59,6/23,남서향,103동,20260512,25. 확장형. 최근 올수리. 상가이용 편리한 초입. 입주협의. 철산초중,이실공인중개사사무소
철산래미안자이,25902,철산래미안자이,경기도 광명시 철산동,철산래미안자이,경기도 광명시 철산동,2072,17,20091126,21,34,,248,12,37.471957,126.874532,2,25A,84.2,59.67,18.05,71,472,3,2,계단식,38,"12억 5,000","12억 7,000","12억 5,000~12억 7,000","(4,908~4,986만원/3.3㎡)",0,,,,,,0,,167344,197222,151735,2625777704,철산래미안자이,매매,"12억 5,000",84,59,21/23,남향,103동,20260512,,단지상가한강공인중개사사무소
철산래미안자이,25902,철산래미안자이,경기도 광명시 철산동,철산래미안자이,경기도 광명시 철산동,2072,17,20091126,21,34,,248,12,37.471957,126.874532,2,25A,84.2,59.67,18.05,71,472,3,2,계단식,38,"12억 5,000","12억 7,000","12억 5,000~12억 7,000","(4,908~4,986만원/3.3㎡)",0,,,,,,0,,167344,197222,151735,2625608757,철산래미안자이,매매,"12억 5,000",84,59,21/23,남향,103동,20260511,"25 올확장 시스템AC3대 인테리어기간협조가능, 보일러교체, 조정가능",광명공인중개사사무소
철산래미안자이,25902,철산래미안자이,경기도 광명시 철산동,철산래미안자이,경기도 광명시 철산동,2072,17,20091126,21,34,,248,12,37.471957,126.874532,2,25A,84.2,59.67,18.05,71,472,3,2,계단식,38,"12억 5,000","12억 7,000","12억 5,000~12억 7,000","(4,908~4,986만원/3.3㎡)",0,,,,,,0,,167344,197222,151735,2625251408,철산래미안자이,매매,"12억 5,000",84,59,21/23,남향,103동,20260509,25판상형 시공사올확장 에어컨3대 직물 교통 생활권편리 철산초중 강추,우성공인중개사사무소
철산래미안자이,25902,철산래미안자이,경기도 광명시 철산동,철산래미안자이,경기도 광명시 철산동,2072,17,20091126,21,34,,248,12,37.471957,126.874532,2,25A,84.2,59.67,18.05,71,472,3,2,계단식,38,"12억 5,000","12억 7,000","12억 5,000~12억 7,000","(4,908~4,986만원/3.3㎡)",0,,,,,,0,,167344,197222,151735,2624458550,철산래미안자이,매매,"12억 5,000",84,59,4/24,남향,113동,20260506,"25 정상입주,주인거주, 편안한조망,채광및통풍좋음, 철산초,철산중 학군",한신휴공인중개사사무소
철산래미안자이,25902,철산래미안자이,경기도 광명시 철산동,철산래미안자이,경기도 광명시 철산동,2072,17,20091126,21,34,,248,12,37.471957,126.874532,2,25A,84.2,59.67,18.05,71,472,3,2,계단식,38,"12억 5,000","12억 7,000","12억 5,000~12억 7,000","(4,908~4,986만원/3.3㎡)",0,,,,,,0,,167344,197222,151735,2624538081,철산래미안자이,매매,"12억 5,000",84,59,21/23,남향,103동,20260506,"59A 조정가능,올확장,철산역세권,탁트인뷰,에어컨3대,인테리어협조,",다인공인중개사사무소(010-8121-3688)
철산래미안자이,25902,철산래미안자이,경기도 광명시 철산동,철산래미안자이,경기도 광명시 철산동,2072,17,20091126,21,34,,248,12,37.471957,126.874532,2,25A,84.2,59.67,18.05,71,472,3,2,계단식,38,"12억 5,000","12억 7,000","12억 5,000~12억 7,000","(4,908~4,986만원/3.3㎡)",0,,,,,,0,,167344,197222,151735,2623612653,철산래미안자이,매매,"12억 5,000",84,59,3/24,남동향,106동,20260430,"25. 올확장, 최근수리, 채광좋은 정원뷰, 초등.중학교 인접, 추천",경기래미안공인중개사사무소
철산래미안자이,25902,철산래미안자이,경기도 광명시 철산동,철산래미안자이,경기도 광명시 철산동,2072,17,20091126,21,34,,248,12,37.471957,126.874532,2,25A,84.2,59.67,18.05,71,472,3,2,계단식,38,"12억 5,000","12억 7,000","12억 5,000~12억 7,000","(4,908~4,986만원/3.3㎡)",0,,,,,,0,,167344,197222,151735,2622782458,철산래미안자이,매매,"12억 7,000",84,59,6/23,남서향,103동,20260427,"25. 확장형, 최근수리, 교통편리, 초등.중학교 인접, 깨끗한 집",경기래미안공인중개사사무소
철산래미안자이,25902,철산래미안자이,경기도 광명시 철산동,철산래미안자이,경기도 광명시 철산동,2072,17,20091126,21,34,,248,12,37.471957,126.874532,2,25A,84.2,59.67,18.05,71,472,3,2,계단식,38,"12억 5,000","12억 7,000","12억 5,000~12억 7,000","(4,908~4,986만원/3.3㎡)",0,,,,,,0,,167344,197222,151735,2622560844,철산래미안자이,매매,"12억 5,000",84,59,21/23,남향,103동,20260425,,대성부동산 공인중개사사무소
철산래미안자이,25902,철산래미안자이,경기도 광명시 철산동,철산래미안자이,경기도 광명시 철산동,2072,17,20091126,21,34,,248,12,37.471957,126.874532,2,25A,84.2,59.67,18.05,71,472,3,2,계단식,38,"12억 5,000","12억 7,000","12억 5,000~12억 7,000","(4,908~4,986만원/3.3㎡)",0,,,,,,0,,167344,197222,151735,2622561082,철산래미안자이,매매,"12억 7,000",84,59,6/23,남서향,103동,20260425,"25 확장형,가산및대중교통이용편리한동,깨끗하게관리된집,철산초중학군",래미안자이공인중개사사무소
철산래미안자이,25902,철산래미안자이,경기도 광명시 철산동,철산래미안자이,경기도 광명시 철산동,2072,17,20091126,21,34,,248,12,37.471957,126.874532,2,25A,84.2,59.67,18.05,71,472,3,2,계단식,38,"12억 5,000","12억 7,000","12억 5,000~12억 7,000","(4,908~4,986만원/3.3㎡)",0,,,,,,0,,167344,197222,151735,2622480244,철산래미안자이,매매,"12억 7,000",84,59,6/23,남서향,103동,20260424,25 귀한매물 최신리모델링 정상입주 철산초중학군 산조망 탁트인시야,진성공인중개사사무소
철산래미안자이,25902,철산래미안자이,경기도 광명시 철산동,철산래미안자이,경기도 광명시 철산동,2072,17,20091126,21,34,,248,12,37.471957,126.874532,2,25A,84.2,59.67,18.05,71,472,3,2,계단식,38,"12억 5,000","12억 7,000","12억 5,000~12억 7,000","(4,908~4,986만원/3.3㎡)",0,,,,,,0,,167344,197222,151735,2622204544,철산래미안자이,매매,"12억 7,000",84,59,11/24,남향,113동,20260423,25. 올확장. 주인거주로 관리 깨끗. 철산초중 인접. 입주협의,이실공인중개사사무소
철산래미안자이,25902,철산래미안자이,경기도 광명시 철산동,철산래미안자이,경기도 광명시 철산동,2072,17,20091126,21,34,,248,12,37.471957,126.874532,2,25A,84.2,59.67,18.05,71,472,3,2,계단식,38,"12억 5,000","12억 7,000","12억 5,000~12억 7,000","(4,908~4,986만원/3.3㎡)",0,,,,,,0,,167344,197222,151735,2621952552,철산래미안자이,매매,"12억 7,000",84,59,6/23,남서향,103동,20260422,"25. 확장형. 최근올수리. 철산,가산역이용편리. 상가근접동.철산초중",가나안공인중개사사무소
철산래미안자이,25902,철산래미안자이,경기도 광명시 철산동,철산래미안자이,경기도 광명시 철산동,2072,17,20091126,21,34,,248,12,37.471957,126.874532,2,25A,84.2,59.67,18.05,71,472,3,2,계단식,38,"12억 5,000","12억 7,000","12억 5,000~12억 7,000","(4,908~4,986만원/3.3㎡)",0,,,,,,0,,167344,197222,151735,2621892530,철산래미안자이,매매,"12억 5,000",84,59,3/24,남향,106동,20260422,25 올확장 인테리어 잘 된 집 정원뷰 탁트인 뷰 산책로 철산초중학군,진성공인중개사사무소
철산래미안자이,25902,철산래미안자이,경기도 광명시 철산동,철산래미안자이,경기도 광명시 철산동,2072,17,20091126,21,34,,248,12,37.471957,126.874532,2,25A,84.2,59.67,18.05,71,472,3,2,계단식,38,"12억 5,000","12억 7,000","12억 5,000~12억 7,000","(4,908~4,986만원/3.3㎡)",0,,,,,,0,,167344,197222,151735,2621612847,철산래미안자이,매매,"12억 5,000",84,59,21/23,남향,103동,20260421,25. 시공사올확장O 시스템에어컨3대O 수리기간협조O조정가O철산초중,단지내 진공인중개사사무소
철산래미안자이,25902,철산래미안자이,경기도 광명시 철산동,철산래미안자이,경기도 광명시 철산동,2072,17,20091126,21,34,,248,12,37.471957,126.874532,2,25A,84.2,59.67,18.05,71,472,3,2,계단식,38,"12억 5,000","12억 7,000","12억 5,000~12억 7,000","(4,908~4,986만원/3.3㎡)",0,,,,,,0,,167344,197222,151735,2621404114,철산래미안자이,매매,"12억 5,000",84,59,21/23,남향,103동,20260420,,푸르지오제일공인중개사무소
철산래미안자이,25902,철산래미안자이,경기도 광명시 철산동,철산래미안자이,경기도 광명시 철산동,2072,17,20091126,21,34,,248,12,37.471957,126.874532,2,25A,84.2,59.67,18.05,71,472,3,2,계단식,38,"12억 5,000","12억 7,000","12억 5,000~12억 7,000","(4,908~4,986만원/3.3㎡)",0,,,,,,0,,167344,197222,151735,2621512345,철산래미안자이,매매,"12억 5,000",84,59,21/23,남향,103동,20260420,입주협의가능 시스템에어컨 학군좋은 초품아,에이스 공인중개사사무소
철산래미안자이,25902,철산래미안자이,경기도 광명시 철산동,철산래미안자이,경기도 광명시 철산동,2072,17,20091126,21,34,,248,12,37.471957,126.874532,3,25B,84.38,59.87,18.11,71,20,3,2,계단식,,,,,,,,,,,,,,167905,197883,152243,,,,,,,,,,,,
철산래미안자이,25902,철산래미안자이,경기도 광명시 철산동,철산래미안자이,경기도 광명시 철산동,2072,17,20091126,21,34,,248,12,37.471957,126.874532,4,33A,110.78,84.35,25.51,76,367,3,2,계단식,22,"13억 3,000",15억,"13억 3,000~15억","(3,969~4,476만원/3.3㎡)",0,,,,,,0,,236559,278794,214494,2626803047,철산래미안자이,매매,"14억 5,000",110,84,30/30,남동향,115동,20260518,33. 탑층 확장형 영구조망권 탁트인 안양천조망 깔끔 철산 초.중,철산래미안자이 공인중개사사무소
철산래미안자이,25902,철산래미안자이,경기도 광명시 철산동,철산래미안자이,경기도 광명시 철산동,2072,17,20091126,21,34,,248,12,37.471957,126.874532,4,33A,110.78,84.35,25.51,76,367,3,2,계단식,22,"13억 3,000",15억,"13억 3,000~15억","(3,969~4,476만원/3.3㎡)",0,,,,,,0,,236559,278794,214494,2626838381,철산래미안자이,매매,"14억 5,000",110,84,30/30,남동향,115동,20260518,33.부분확장.안양천뷰.시원하게 트인조망.철산초중최근거리.층간소음없는탑층,열린 공인중개사사무소
철산래미안자이,25902,철산래미안자이,경기도 광명시 철산동,철산래미안자이,경기도 광명시 철산동,2072,17,20091126,21,34,,248,12,37.471957,126.874532,4,33A,110.78,84.35,25.51,76,367,3,2,계단식,22,"13억 3,000",15억,"13억 3,000~15억","(3,969~4,476만원/3.3㎡)",0,,,,,,0,,236559,278794,214494,2624791023,철산래미안자이,매매,"14억 5,000",110,84,30/30,동향,115동,20260507,철산초등학교 중학교 입구 바로 앞탁트인 안양천 뷰층간소음 전혀 없어요,우대빵부동산(반값수수료)금천공인중개사사무소
철산래미안자이,25902,철산래미안자이,경기도 광명시 철산동,철산래미안자이,경기도 광명시 철산동,2072,17,20091126,21,34,,248,12,37.471957,126.874532,4,33A,110.78,84.35,25.51,76,367,3,2,계단식,22,"13억 3,000",15억,"13억 3,000~15억","(3,969~4,476만원/3.3㎡)",0,,,,,,0,,236559,278794,214494,2626419082,철산래미안자이,매매,14억,110,84,24/30,남서향,101동,20260515,33 올확장 채광 전망좋음 초.중학교인접 관리가 잘된 깨끗한집,래미안자이공인중개사사무소
철산래미안자이,25902,철산래미안자이,경기도 광명시 철산동,철산래미안자이,경기도 광명시 철산동,2072,17,20091126,21,34,,248,12,37.471957,126.874532,4,33A,110.78,84.35,25.51,76,367,3,2,계단식,22,"13억 3,000",15억,"13억 3,000~15억","(3,969~4,476만원/3.3㎡)",0,,,,,,0,,236559,278794,214494,2626447293,철산래미안자이,매매,14억,110,84,24/30,남서향,101동,20260515,"조정가능.올확장형.교통,생활접근성좋은선호동,걷기좋은안양천인접.입주일협의",단지상가한강공인중개사사무소
철산래미안자이,25902,철산래미안자이,경기도 광명시 철산동,철산래미안자이,경기도 광명시 철산동,2072,17,20091126,21,34,,248,12,37.471957,126.874532,4,33A,110.78,84.35,25.51,76,367,3,2,계단식,22,"13억 3,000",15억,"13억 3,000~15억","(3,969~4,476만원/3.3㎡)",0,,,,,,0,,236559,278794,214494,2626475677,철산래미안자이,매매,14억,110,84,24/30,남서향,101동,20260515,33.올확장.채광및 조망우수.대중교통과 안양천산책길이용 편리해요.입주협의,열린 공인중개사사무소
철산래미안자이,25902,철산래미안자이,경기도 광명시 철산동,철산래미안자이,경기도 광명시 철산동,2072,17,20091126,21,34,,248,12,37.471957,126.874532,4,33A,110.78,84.35,25.51,76,367,3,2,계단식,22,"13억 3,000",15억,"13억 3,000~15억","(3,969~4,476만원/3.3㎡)",0,,,,,,0,,236559,278794,214494,2625739464,철산래미안자이,매매,"14억 5,000",110,84,30/30,남동향,115동,20260512,"33 확장형,파노라마안양천조망,로얄동,주인거주,도서관및철산초중바로앞",래미안자이공인중개사사무소
철산래미안자이,25902,철산래미안자이,경기도 광명시 철산동,철산래미안자이,경기도 광명시 철산동,2072,17,20091126,21,34,,248,12,37.471957,126.874532,4,33A,110.78,84.35,25.51,76,367,3,2,계단식,22,"13억 3,000",15억,"13억 3,000~15억","(3,969~4,476만원/3.3㎡)",0,,,,,,0,,236559,278794,214494,2625605375,철산래미안자이,매매,14억,110,84,24/30,남서향,101동,20260511,OKo33o올확장o대중교통이용편리o철산초중학세권o조망굿,ok철산 공인중개사사무소
철산래미안자이,25902,철산래미안자이,경기도 광명시 철산동,철산래미안자이,경기도 광명시 철산동,2072,17,20091126,21,34,,248,12,37.471957,126.874532,4,33A,110.78,84.35,25.51,76,367,3,2,계단식,22,"13억 3,000",15억,"13억 3,000~15억","(3,969~4,476만원/3.3㎡)",0,,,,,,0,,236559,278794,214494,2623694267,철산래미안자이,매매,15억,110,84,30/30,동향,115동,20260501,"철산초등학교 중학교 입구 바로 앞
탁트인 안양천 뷰
층간소음 전혀 없어요",우대빵본점부동산중개
철산래미안자이,25902,철산래미안자이,경기도 광명시 철산동,철산래미안자이,경기도 광명시 철산동,2072,17,20091126,21,34,,248,12,37.471957,126.874532,4,33A,110.78,84.35,25.51,76,367,3,2,계단식,22,"13억 3,000",15억,"13억 3,000~15억","(3,969~4,476만원/3.3㎡)",0,,,,,,0,,236559,278794,214494,2625268346,철산래미안자이,매매,"13억 8,000",110,84,12/30,남동향,101동,20260509,"33. 올확장, 전망, 채광좋은 깨끗한 집, 초등. 중학교 인접, 추천",경기래미안공인중개사사무소
철산래미안자이,25902,철산래미안자이,경기도 광명시 철산동,철산래미안자이,경기도 광명시 철산동,2072,17,20091126,21,34,,248,12,37.471957,126.874532,4,33A,110.78,84.35,25.51,76,367,3,2,계단식,22,"13억 3,000",15억,"13억 3,000~15억","(3,969~4,476만원/3.3㎡)",0,,,,,,0,,236559,278794,214494,2625167011,철산래미안자이,매매,14억,110,84,24/30,남서향,101동,20260508,33. 올확장. 깨끗하게 관리. 채광전망 굿. 철산초중. 대중교통이용편리,이실공인중개사사무소
철산래미안자이,25902,철산래미안자이,경기도 광명시 철산동,철산래미안자이,경기도 광명시 철산동,2072,17,20091126,21,34,,248,12,37.471957,126.874532,4,33A,110.78,84.35,25.51,76,367,3,2,계단식,22,"13억 3,000",15억,"13억 3,000~15억","(3,969~4,476만원/3.3㎡)",0,,,,,,0,,236559,278794,214494,2624912461,철산래미안자이,매매,"13억 8,000",110,84,12/30,남동향,101동,20260507,33올확장형 트인전망 채광좋고 교통 생활권 편리 철산초중 관리잘됨,우성공인중개사사무소
철산래미안자이,25902,철산래미안자이,경기도 광명시 철산동,철산래미안자이,경기도 광명시 철산동,2072,17,20091126,21,34,,248,12,37.471957,126.874532,4,33A,110.78,84.35,25.51,76,367,3,2,계단식,22,"13억 3,000",15억,"13억 3,000~15억","(3,969~4,476만원/3.3㎡)",0,,,,,,0,,236559,278794,214494,2623564445,철산래미안자이,매매,"14억 5,000",110,84,27/31,남동향,107동,20260430,33 확장형 생활권편리 센터동 전망 채광좋음 철산초중학군 입주일협의,우성공인중개사사무소
철산래미안자이,25902,철산래미안자이,경기도 광명시 철산동,철산래미안자이,경기도 광명시 철산동,2072,17,20091126,21,34,,248,12,37.471957,126.874532,4,33A,110.78,84.35,25.51,76,367,3,2,계단식,22,"13억 3,000",15억,"13억 3,000~15억","(3,969~4,476만원/3.3㎡)",0,,,,,,0,,236559,278794,214494,2623457233,철산래미안자이,매매,"14억 5,000",110,84,30/30,남동향,115동,20260430,33. 확장형. 말도 안되게 탁트인 전망. 철산초중 최인접동. 입주협의,이실공인중개사사무소
철산래미안자이,25902,철산래미안자이,경기도 광명시 철산동,철산래미안자이,경기도 광명시 철산동,2072,17,20091126,21,34,,248,12,37.471957,126.874532,4,33A,110.78,84.35,25.51,76,367,3,2,계단식,22,"13억 3,000",15억,"13억 3,000~15억","(3,969~4,476만원/3.3㎡)",0,,,,,,0,,236559,278794,214494,2623400233,철산래미안자이,매매,14억,110,84,24/30,남서향,101동,20260429,33 올확장 정원뷰 교통편리 인기동 호얄층 철산초중학군 커뮤니티 완비,진성공인중개사사무소
철산래미안자이,25902,철산래미안자이,경기도 광명시 철산동,철산래미안자이,경기도 광명시 철산동,2072,17,20091126,21,34,,248,12,37.471957,126.874532,4,33A,110.78,84.35,25.51,76,367,3,2,계단식,22,"13억 3,000",15억,"13억 3,000~15억","(3,969~4,476만원/3.3㎡)",0,,,,,,0,,236559,278794,214494,2622889785,철산래미안자이,매매,"14억 5,000",110,84,27/31,남동향,107동,20260427,33 A타입 올확장 커뮤니티 앞동 철산초중학군 귀한 매물 ,진성공인중개사사무소
철산래미안자이,25902,철산래미안자이,경기도 광명시 철산동,철산래미안자이,경기도 광명시 철산동,2072,17,20091126,21,34,,248,12,37.471957,126.874532,4,33A,110.78,84.35,25.51,76,367,3,2,계단식,22,"13억 3,000",15억,"13억 3,000~15억","(3,969~4,476만원/3.3㎡)",0,,,,,,0,,236559,278794,214494,2622596119,철산래미안자이,매매,14억,110,84,24/30,남서향,101동,20260425,33올확장 관리잘됨 교통등 생활권 편리한동 철산초중학군,우성공인중개사사무소
철산래미안자이,25902,철산래미안자이,경기도 광명시 철산동,철산래미안자이,경기도 광명시 철산동,2072,17,20091126,21,34,,248,12,37.471957,126.874532,4,33A,110.78,84.35,25.51,76,367,3,2,계단식,22,"13억 3,000",15억,"13억 3,000~15억","(3,969~4,476만원/3.3㎡)",0,,,,,,0,,236559,278794,214494,2622662302,철산래미안자이,매매,"13억 3,000",110,84,10/31,남동향,102동,20260425,33A형 확장되고 올수리됨 세안고,행운 공인중개사사무소
철산래미안자이,25902,철산래미안자이,경기도 광명시 철산동,철산래미안자이,경기도 광명시 철산동,2072,17,20091126,21,34,,248,12,37.471957,126.874532,4,33A,110.78,84.35,25.51,76,367,3,2,계단식,22,"13억 3,000",15억,"13억 3,000~15억","(3,969~4,476만원/3.3㎡)",0,,,,,,0,,236559,278794,214494,2622319834,철산래미안자이,매매,14억,110,84,24/30,남서향,101동,20260424,"33. 올확장, 채광, 전망좋음, 초등.중학교 인접, 관리잘된 깨끗한 집",경기래미안공인중개사사무소
철산래미안자이,25902,철산래미안자이,경기도 광명시 철산동,철산래미안자이,경기도 광명시 철산동,2072,17,20091126,21,34,,248,12,37.471957,126.874532,4,33A,110.78,84.35,25.51,76,367,3,2,계단식,22,"13억 3,000",15억,"13억 3,000~15억","(3,969~4,476만원/3.3㎡)",0,,,,,,0,,236559,278794,214494,2622323167,철산래미안자이,매매,14억,110,84,24/30,남서향,101동,20260424,"33올확장,조정가,관리잘된집,철산역도보가능,철산초중명문학군",정상(두산)공인중개사사무소
철산래미안자이,25902,철산래미안자이,경기도 광명시 철산동,철산래미안자이,경기도 광명시 철산동,2072,17,20091126,21,34,,248,12,37.471957,126.874532,4,33A,110.78,84.35,25.51,76,367,3,2,계단식,22,"13억 3,000",15억,"13억 3,000~15억","(3,969~4,476만원/3.3㎡)",0,,,,,,0,,236559,278794,214494,2621626401,철산래미안자이,매매,"14억 5,000",110,84,30/30,남동향,115동,20260421,OKo33o주방제외확장o끝층에서 누리는 완벽한 오픈뷰o학교가까이o철산초중,ok철산 공인중개사사무소
철산래미안자이,25902,철산래미안자이,경기도 광명시 철산동,철산래미안자이,경기도 광명시 철산동,2072,17,20091126,21,34,,248,12,37.471957,126.874532,4,33A,110.78,84.35,25.51,76,367,3,2,계단식,22,"13억 3,000",15억,"13억 3,000~15억","(3,969~4,476만원/3.3㎡)",0,,,,,,0,,236559,278794,214494,2621388468,철산래미안자이,매매,"14억 5,000",110,84,27/31,남동향,107동,20260420,"33. 확장형, 채광, 전망 좋음, 초등.중학교 인접, 위치좋은 동",경기래미안공인중개사사무소
철산래미안자이,25902,철산래미안자이,경기도 광명시 철산동,철산래미안자이,경기도 광명시 철산동,2072,17,20091126,21,34,,248,12,37.471957,126.874532,6,33B,110.15,84.44,25.54,77,367,3,2,계단식,40,"13억 8,000","14억 8,000","13억 8,000~14억 8,000","(4,142~4,442만원/3.3㎡)",0,,,,,,0,,236812,279092,214722,2626884635,철산래미안자이,매매,"13억 8,000",110,84,2/31,남서향,104동,20260518,"33 확장형,시스템AC4대,보일러교체3년,정원뷰,도서관및철산초중학군",래미안자이공인중개사사무소
철산래미안자이,25902,철산래미안자이,경기도 광명시 철산동,철산래미안자이,경기도 광명시 철산동,2072,17,20091126,21,34,,248,12,37.471957,126.874532,6,33B,110.15,84.44,25.54,77,367,3,2,계단식,40,"13억 8,000","14억 8,000","13억 8,000~14억 8,000","(4,142~4,442만원/3.3㎡)",0,,,,,,0,,236812,279092,214722,2626798647,철산래미안자이,매매,14억,110,84,9/30,남서향,115동,20260518,33. 올확장 선호타입  채광굿  영구조망권 로얄동 철산 초.중,철산래미안자이 공인중개사사무소
철산래미안자이,25902,철산래미안자이,경기도 광명시 철산동,철산래미안자이,경기도 광명시 철산동,2072,17,20091126,21,34,,248,12,37.471957,126.874532,6,33B,110.15,84.44,25.54,77,367,3,2,계단식,40,"13억 8,000","14억 8,000","13억 8,000~14억 8,000","(4,142~4,442만원/3.3㎡)",0,,,,,,0,,236812,279092,214722,2626818397,철산래미안자이,매매,"14억 8,000",110,84,10/31,남향,112동,20260518,"33, 올확장, 시스템에어컨5대, 최신올인테리어, 주인거주 관리최상",광명공인중개사사무소
철산래미안자이,25902,철산래미안자이,경기도 광명시 철산동,철산래미안자이,경기도 광명시 철산동,2072,17,20091126,21,34,,248,12,37.471957,126.874532,6,33B,110.15,84.44,25.54,77,367,3,2,계단식,40,"13억 8,000","14억 8,000","13억 8,000~14억 8,000","(4,142~4,442만원/3.3㎡)",0,,,,,,0,,236812,279092,214722,2626844597,철산래미안자이,매매,"14억 5,000",110,84,24/31,남동향,112동,20260518,33.올확장.선호구조.햇살과 조망좋아요.철산초중근거리.단지중앙로얄동.,열린 공인중개사사무소
철산래미안자이,25902,철산래미안자이,경기도 광명시 철산동,철산래미안자이,경기도 광명시 철산동,2072,17,20091126,21,34,,248,12,37.471957,126.874532,6,33B,110.15,84.44,25.54,77,367,3,2,계단식,40,"13억 8,000","14억 8,000","13억 8,000~14억 8,000","(4,142~4,442만원/3.3㎡)",0,,,,,,0,,236812,279092,214722,2626854545,철산래미안자이,매매,"14억 8,000",110,84,10/31,남서향,112동,20260518,"올화이트톤특인테리어,올확장,시스템에어컨5대,주인거주,입주일협의",단지상가한강공인중개사사무소
철산래미안자이,25902,철산래미안자이,경기도 광명시 철산동,철산래미안자이,경기도 광명시 철산동,2072,17,20091126,21,34,,248,12,37.471957,126.874532,6,33B,110.15,84.44,25.54,77,367,3,2,계단식,40,"13억 8,000","14억 8,000","13억 8,000~14억 8,000","(4,142~4,442만원/3.3㎡)",0,,,,,,0,,236812,279092,214722,2626907267,철산래미안자이,매매,"14억 3,000",110,84,13/30,남동향,101동,20260518,대중 교통 이용 편리한  올 확장 된 집 입니다,대우 공인중개사 사무소
철산래미안자이,25902,철산래미안자이,경기도 광명시 철산동,철산래미안자이,경기도 광명시 철산동,2072,17,20091126,21,34,,248,12,37.471957,126.874532,6,33B,110.15,84.44,25.54,77,367,3,2,계단식,40,"13억 8,000","14억 8,000","13억 8,000~14억 8,000","(4,142~4,442만원/3.3㎡)",0,,,,,,0,,236812,279092,214722,2626420980,철산래미안자이,매매,"14억 8,000",110,84,10/31,남서향,112동,20260515,"33 올확장,특인테리어,시스템에어컨4대,트여있는예쁜단지조망,철산초중",래미안자이공인중개사사무소
철산래미안자이,25902,철산래미안자이,경기도 광명시 철산동,철산래미안자이,경기도 광명시 철산동,2072,17,20091126,21,34,,248,12,37.471957,126.874532,6,33B,110.15,84.44,25.54,77,367,3,2,계단식,40,"13억 8,000","14억 8,000","13억 8,000~14억 8,000","(4,142~4,442만원/3.3㎡)",0,,,,,,0,,236812,279092,214722,2626471211,철산래미안자이,매매,"14억 8,000",110,84,10/31,남서향,112동,20260515,OKo33o올확장o화이트인테리어oAC5대o깨끗o중간동조용함o선호구조,ok철산 공인중개사사무소
철산래미안자이,25902,철산래미안자이,경기도 광명시 철산동,철산래미안자이,경기도 광명시 철산동,2072,17,20091126,21,34,,248,12,37.471957,126.874532,6,33B,110.15,84.44,25.54,77,367,3,2,계단식,40,"13억 8,000","14억 8,000","13억 8,000~14억 8,000","(4,142~4,442만원/3.3㎡)",0,,,,,,0,,236812,279092,214722,2626509457,철산래미안자이,매매,"14억 8,000",110,84,10/31,남서향,112동,20260515,"33,인기구조,올확장형,시스템에에컨5대,올수리,채광굿,입주일협의",믿음 공인중개사사무소
철산래미안자이,25902,철산래미안자이,경기도 광명시 철산동,철산래미안자이,경기도 광명시 철산동,2072,17,20091126,21,34,,248,12,37.471957,126.874532,6,33B,110.15,84.44,25.54,77,367,3,2,계단식,40,"13억 8,000","14억 8,000","13억 8,000~14억 8,000","(4,142~4,442만원/3.3㎡)",0,,,,,,0,,236812,279092,214722,2626285571,철산래미안자이,매매,"14억 5,000",110,84,24/31,남동향,112동,20260514,"33,인기구조,올확장형,트인전망,채광굿,입주일협의",믿음 공인중개사사무소
철산래미안자이,25902,철산래미안자이,경기도 광명시 철산동,철산래미안자이,경기도 광명시 철산동,2072,17,20091126,21,34,,248,12,37.471957,126.874532,6,33B,110.15,84.44,25.54,77,367,3,2,계단식,40,"13억 8,000","14억 8,000","13억 8,000~14억 8,000","(4,142~4,442만원/3.3㎡)",0,,,,,,0,,236812,279092,214722,2626245111,철산래미안자이,매매,"14억 5,000",110,84,24/31,남동향,112동,20260514,OKo33o올확장형oB타입o학교가까이o로얄동호o중간동조용o입주일협의가능,ok철산 공인중개사사무소
철산래미안자이,25902,철산래미안자이,경기도 광명시 철산동,철산래미안자이,경기도 광명시 철산동,2072,17,20091126,21,34,,248,12,37.471957,126.874532,6,33B,110.15,84.44,25.54,77,367,3,2,계단식,40,"13억 8,000","14억 8,000","13억 8,000~14억 8,000","(4,142~4,442만원/3.3㎡)",0,,,,,,0,,236812,279092,214722,2626137169,철산래미안자이,매매,"14억 8,000",110,84,10/31,남서향,112동,20260514,33. 올확장O 최신올인테리어O 시스템에어컨5대O 채광굿O,단지내 진공인중개사사무소
철산래미안자이,25902,철산래미안자이,경기도 광명시 철산동,철산래미안자이,경기도 광명시 철산동,2072,17,20091126,21,34,,248,12,37.471957,126.874532,6,33B,110.15,84.44,25.54,77,367,3,2,계단식,40,"13억 8,000","14억 8,000","13억 8,000~14억 8,000","(4,142~4,442만원/3.3㎡)",0,,,,,,0,,236812,279092,214722,2626154888,철산래미안자이,매매,"14억 5,000",110,84,24/31,남동향,112동,20260514,"33. 올확장. 선호구조, 학교가까운 동. 철산초중 학군. 정상입주",광명공인중개사사무소
철산래미안자이,25902,철산래미안자이,경기도 광명시 철산동,철산래미안자이,경기도 광명시 철산동,2072,17,20091126,21,34,,248,12,37.471957,126.874532,6,33B,110.15,84.44,25.54,77,367,3,2,계단식,40,"13억 8,000","14억 8,000","13억 8,000~14억 8,000","(4,142~4,442만원/3.3㎡)",0,,,,,,0,,236812,279092,214722,2625968377,철산래미안자이,매매,"14억 8,000",110,84,10/31,남서향,112동,20260513,33.로얄동 선호구조.특화이트톤 전체인테리어와옵션.철산초중근거리.입주협의,열린 공인중개사사무소
철산래미안자이,25902,철산래미안자이,경기도 광명시 철산동,철산래미안자이,경기도 광명시 철산동,2072,17,20091126,21,34,,248,12,37.471957,126.874532,6,33B,110.15,84.44,25.54,77,367,3,2,계단식,40,"13억 8,000","14억 8,000","13억 8,000~14억 8,000","(4,142~4,442만원/3.3㎡)",0,,,,,,0,,236812,279092,214722,2625915179,철산래미안자이,매매,"13억 8,000",110,84,2/31,남서향,104동,20260513,33. 올확장. 선호구조. 사계절 정원뷰. 시스템에어컨. 보일러교체.,가나안공인중개사사무소
철산래미안자이,25902,철산래미안자이,경기도 광명시 철산동,철산래미안자이,경기도 광명시 철산동,2072,17,20091126,21,34,,248,12,37.471957,126.874532,6,33B,110.15,84.44,25.54,77,367,3,2,계단식,40,"13억 8,000","14억 8,000","13억 8,000~14억 8,000","(4,142~4,442만원/3.3㎡)",0,,,,,,0,,236812,279092,214722,2625970002,철산래미안자이,매매,"14억 5,000",110,84,24/31,남향,112동,20260513,"33 올확장,통풍우수한판상형,커뮤니티이용편리하고 철산초중근접한동",래미안자이공인중개사사무소
철산래미안자이,25902,철산래미안자이,경기도 광명시 철산동,철산래미안자이,경기도 광명시 철산동,2072,17,20091126,21,34,,248,12,37.471957,126.874532,6,33B,110.15,84.44,25.54,77,367,3,2,계단식,40,"13억 8,000","14억 8,000","13억 8,000~14억 8,000","(4,142~4,442만원/3.3㎡)",0,,,,,,0,,236812,279092,214722,2626045957,철산래미안자이,매매,"14억 5,000",110,84,14/31,남서향,102동,20260513,33B. 올확장 1년전 특올수리. 27년3월까지 전세안고. 무주택자만O,이실공인중개사사무소
철산래미안자이,25902,철산래미안자이,경기도 광명시 철산동,철산래미안자이,경기도 광명시 철산동,2072,17,20091126,21,34,,248,12,37.471957,126.874532,6,33B,110.15,84.44,25.54,77,367,3,2,계단식,40,"13억 8,000","14억 8,000","13억 8,000~14억 8,000","(4,142~4,442만원/3.3㎡)",0,,,,,,0,,236812,279092,214722,2625755268,철산래미안자이,매매,"14억 5,000",110,84,24/31,남동향,112동,20260512,33.올확장O 판상형O채광굿O 커뮤니티이용편리O철산초중O,단지내 진공인중개사사무소
철산래미안자이,25902,철산래미안자이,경기도 광명시 철산동,철산래미안자이,경기도 광명시 철산동,2072,17,20091126,21,34,,248,12,37.471957,126.874532,6,33B,110.15,84.44,25.54,77,367,3,2,계단식,40,"13억 8,000","14억 8,000","13억 8,000~14억 8,000","(4,142~4,442만원/3.3㎡)",0,,,,,,0,,236812,279092,214722,2625810943,철산래미안자이,매매,"14억 5,000",110,84,24/31,남동향,112동,20260512,33. 올확장. 선호B타입. 상태 깨끗. 채광전망 굿. 단지중앙 로얄동층,이실공인중개사사무소
철산래미안자이,25902,철산래미안자이,경기도 광명시 철산동,철산래미안자이,경기도 광명시 철산동,2072,17,20091126,21,34,,248,12,37.471957,126.874532,6,33B,110.15,84.44,25.54,77,367,3,2,계단식,40,"13억 8,000","14억 8,000","13억 8,000~14억 8,000","(4,142~4,442만원/3.3㎡)",0,,,,,,0,,236812,279092,214722,2625763539,철산래미안자이,매매,"13억 8,000",110,84,2/31,남서향,104동,20260512,OKo33o올확장oAC4대o보일러교체o중간동조용하고생활편리o상가이용편리,ok철산 공인중개사사무소
철산래미안자이,25902,철산래미안자이,경기도 광명시 철산동,철산래미안자이,경기도 광명시 철산동,2072,17,20091126,21,34,,248,12,37.471957,126.874532,6,33B,110.15,84.44,25.54,77,367,3,2,계단식,40,"13억 8,000","14억 8,000","13억 8,000~14억 8,000","(4,142~4,442만원/3.3㎡)",0,,,,,,0,,236812,279092,214722,2625241060,철산래미안자이,매매,"13억 8,000",110,84,2/31,남서향,104동,20260509,"33올확장,인기구조B형,철산역도보가능,철산초중명문학군",정상(두산)공인중개사사무소
철산래미안자이,25902,철산래미안자이,경기도 광명시 철산동,철산래미안자이,경기도 광명시 철산동,2072,17,20091126,21,34,,248,12,37.471957,126.874532,6,33B,110.15,84.44,25.54,77,367,3,2,계단식,40,"13억 8,000","14억 8,000","13억 8,000~14억 8,000","(4,142~4,442만원/3.3㎡)",0,,,,,,0,,236812,279092,214722,2625197731,철산래미안자이,매매,"14억 8,000",110,84,10/31,남서향,112동,20260509,33 올확장 최신화이트톤올수리 선호타입 주인거주 정상입주 ,철산한신공인중개사사무소
철산래미안자이,25902,철산래미안자이,경기도 광명시 철산동,철산래미안자이,경기도 광명시 철산동,2072,17,20091126,21,34,,248,12,37.471957,126.874532,6,33B,110.15,84.44,25.54,77,367,3,2,계단식,40,"13억 8,000","14억 8,000","13억 8,000~14억 8,000","(4,142~4,442만원/3.3㎡)",0,,,,,,0,,236812,279092,214722,2625018983,철산래미안자이,매매,"13억 8,000",110,84,2/31,남서향,104동,20260508,33.선호구조올확장.시스템AC.보일러교체완료.교통편하고조용한동.입주협의,열린 공인중개사사무소
철산래미안자이,25902,철산래미안자이,경기도 광명시 철산동,철산래미안자이,경기도 광명시 철산동,2072,17,20091126,21,34,,248,12,37.471957,126.874532,6,33B,110.15,84.44,25.54,77,367,3,2,계단식,40,"13억 8,000","14억 8,000","13억 8,000~14억 8,000","(4,142~4,442만원/3.3㎡)",0,,,,,,0,,236812,279092,214722,2625145598,철산래미안자이,매매,"13억 8,000",110,84,2/31,남서향,104동,20260508,33 b타입 올확장 시스템에어컨 정원뷰 철산초중학군 교통편리 지하철7호선,진성공인중개사사무소
철산래미안자이,25902,철산래미안자이,경기도 광명시 철산동,철산래미안자이,경기도 광명시 철산동,2072,17,20091126,21,34,,248,12,37.471957,126.874532,6,33B,110.15,84.44,25.54,77,367,3,2,계단식,40,"13억 8,000","14억 8,000","13억 8,000~14억 8,000","(4,142~4,442만원/3.3㎡)",0,,,,,,0,,236812,279092,214722,2624965403,철산래미안자이,매매,"14억 8,000",110,84,10/31,남서향,112동,20260508,33. 올확장.조용한로열동.선호구조. 화이트 특인테리어.시스템에어컨.,가나안공인중개사사무소
철산래미안자이,25902,철산래미안자이,경기도 광명시 철산동,철산래미안자이,경기도 광명시 철산동,2072,17,20091126,21,34,,248,12,37.471957,126.874532,6,33B,110.15,84.44,25.54,77,367,3,2,계단식,40,"13억 8,000","14억 8,000","13억 8,000~14억 8,000","(4,142~4,442만원/3.3㎡)",0,,,,,,0,,236812,279092,214722,2624813227,철산래미안자이,매매,"13억 8,000",110,84,2/31,남서향,104동,20260507,33. 선호타입 올확장 시스템에어컨4대 보일러교체 주인거주 철산 초.중,철산래미안자이 공인중개사사무소
철산래미안자이,25902,철산래미안자이,경기도 광명시 철산동,철산래미안자이,경기도 광명시 철산동,2072,17,20091126,21,34,,248,12,37.471957,126.874532,6,33B,110.15,84.44,25.54,77,367,3,2,계단식,40,"13억 8,000","14억 8,000","13억 8,000~14억 8,000","(4,142~4,442만원/3.3㎡)",0,,,,,,0,,236812,279092,214722,2624791885,철산래미안자이,매매,"13억 8,000",110,84,2/31,남서향,104동,20260507,33. 올확장. 선호B타입. 아늑한 정원뷰. 상가 인접 입구동. 입주협의,이실공인중개사사무소
철산래미안자이,25902,철산래미안자이,경기도 광명시 철산동,철산래미안자이,경기도 광명시 철산동,2072,17,20091126,21,34,,248,12,37.471957,126.874532,6,33B,110.15,84.44,25.54,77,367,3,2,계단식,40,"13억 8,000","14억 8,000","13억 8,000~14억 8,000","(4,142~4,442만원/3.3㎡)",0,,,,,,0,,236812,279092,214722,2624775410,철산래미안자이,매매,"14억 8,000",110,84,10/31,남서향,112동,20260507,33 b타입 올화이트인테리어 시스템에어컨 정원뷰 탁트인집 철산초중학군,진성공인중개사사무소
철산래미안자이,25902,철산래미안자이,경기도 광명시 철산동,철산래미안자이,경기도 광명시 철산동,2072,17,20091126,21,34,,248,12,37.471957,126.874532,6,33B,110.15,84.44,25.54,77,367,3,2,계단식,40,"13억 8,000","14억 8,000","13억 8,000~14억 8,000","(4,142~4,442만원/3.3㎡)",0,,,,,,0,,236812,279092,214722,2624804693,철산래미안자이,매매,"13억 8,000",110,84,2/31,남서향,104동,20260507,"33. 올확장, 선호구조, 시스템AC, 정원뷰, 초등.중학교 인접",경기래미안공인중개사사무소
철산래미안자이,25902,철산래미안자이,경기도 광명시 철산동,철산래미안자이,경기도 광명시 철산동,2072,17,20091126,21,34,,248,12,37.471957,126.874532,6,33B,110.15,84.44,25.54,77,367,3,2,계단식,40,"13억 8,000","14억 8,000","13억 8,000~14억 8,000","(4,142~4,442만원/3.3㎡)",0,,,,,,0,,236812,279092,214722,2624851649,철산래미안자이,매매,"13억 8,000",110,84,2/31,남서향,104동,20260507,"33,올확장형,시스템에어컨4대,보일러교체,단지정원뷰,입주일협의",믿음 공인중개사사무소
철산래미안자이,25902,철산래미안자이,경기도 광명시 철산동,철산래미안자이,경기도 광명시 철산동,2072,17,20091126,21,34,,248,12,37.471957,126.874532,6,33B,110.15,84.44,25.54,77,367,3,2,계단식,40,"13억 8,000","14억 8,000","13억 8,000~14억 8,000","(4,142~4,442만원/3.3㎡)",0,,,,,,0,,236812,279092,214722,2624771842,철산래미안자이,매매,"14억 5,000",110,84,24/31,남동향,112동,20260507,33 확장형 철산초중학군 초품아 로얄동 로얄층 커뮤니티 완비 ,진성공인중개사사무소
철산래미안자이,25902,철산래미안자이,경기도 광명시 철산동,철산래미안자이,경기도 광명시 철산동,2072,17,20091126,21,34,,248,12,37.471957,126.874532,6,33B,110.15,84.44,25.54,77,367,3,2,계단식,40,"13억 8,000","14억 8,000","13억 8,000~14억 8,000","(4,142~4,442만원/3.3㎡)",0,,,,,,0,,236812,279092,214722,2623913461,철산래미안자이,매매,"14억 8,000",110,84,10/31,남서향,112동,20260502,"33 올확장, 선호구조, 에어컨5대, 철산초중학군",철산자이 헤리티지 온 공인중개사사무소
철산래미안자이,25902,철산래미안자이,경기도 광명시 철산동,철산래미안자이,경기도 광명시 철산동,2072,17,20091126,21,34,,248,12,37.471957,126.874532,6,33B,110.15,84.44,25.54,77,367,3,2,계단식,40,"13억 8,000","14억 8,000","13억 8,000~14억 8,000","(4,142~4,442만원/3.3㎡)",0,,,,,,0,,236812,279092,214722,2623612336,철산래미안자이,매매,"14억 8,000",110,84,10/31,남서향,112동,20260430,"33. 올확장, 화이트인테리어 , 시스템AC5대, 채광, 전망좋음, 추천",경기래미안공인중개사사무소
철산래미안자이,25902,철산래미안자이,경기도 광명시 철산동,철산래미안자이,경기도 광명시 철산동,2072,17,20091126,21,34,,248,12,37.471957,126.874532,6,33B,110.15,84.44,25.54,77,367,3,2,계단식,40,"13억 8,000","14억 8,000","13억 8,000~14억 8,000","(4,142~4,442만원/3.3㎡)",0,,,,,,0,,236812,279092,214722,2623398827,철산래미안자이,매매,"14억 5,000",110,84,24/31,남동향,112동,20260429,33. 올확장.선호타입  커뮤니티이용편리 .개방감 채광 굿 철산 초. 중,철산래미안자이 공인중개사사무소
철산래미안자이,25902,철산래미안자이,경기도 광명시 철산동,철산래미안자이,경기도 광명시 철산동,2072,17,20091126,21,34,,248,12,37.471957,126.874532,6,33B,110.15,84.44,25.54,77,367,3,2,계단식,40,"13억 8,000","14억 8,000","13억 8,000~14억 8,000","(4,142~4,442만원/3.3㎡)",0,,,,,,0,,236812,279092,214722,2623398117,철산래미안자이,매매,"14억 8,000",110,84,10/31,남서향,112동,20260429,33. 올확장. 올화이트특올수리. 시스템에어컨 중앙동 선호타입 철산초.중,철산래미안자이 공인중개사사무소
철산래미안자이,25902,철산래미안자이,경기도 광명시 철산동,철산래미안자이,경기도 광명시 철산동,2072,17,20091126,21,34,,248,12,37.471957,126.874532,6,33B,110.15,84.44,25.54,77,367,3,2,계단식,40,"13억 8,000","14억 8,000","13억 8,000~14억 8,000","(4,142~4,442만원/3.3㎡)",0,,,,,,0,,236812,279092,214722,2623400593,철산래미안자이,매매,"14억 8,000",110,84,10/31,남동향,112동,20260429,"입주매물,시스템5,보일러 수리됬으며 주인거주로 깨끗합니다.",미소 공인중개사사무소
철산래미안자이,25902,철산래미안자이,경기도 광명시 철산동,철산래미안자이,경기도 광명시 철산동,2072,17,20091126,21,34,,248,12,37.471957,126.874532,6,33B,110.15,84.44,25.54,77,367,3,2,계단식,40,"13억 8,000","14억 8,000","13억 8,000~14억 8,000","(4,142~4,442만원/3.3㎡)",0,,,,,,0,,236812,279092,214722,2623147050,철산래미안자이,매매,"14억 8,000",110,84,10/31,남서향,112동,20260428,33. 올확장.선호 B타입.올화이트 특인테리어.시스템AC 5대.입주협의,이실공인중개사사무소
철산래미안자이,25902,철산래미안자이,경기도 광명시 철산동,철산래미안자이,경기도 광명시 철산동,2072,17,20091126,21,34,,248,12,37.471957,126.874532,6,33B,110.15,84.44,25.54,77,367,3,2,계단식,40,"13억 8,000","14억 8,000","13억 8,000~14억 8,000","(4,142~4,442만원/3.3㎡)",0,,,,,,0,,236812,279092,214722,2622781378,철산래미안자이,매매,"14억 5,000",110,84,24/31,남동향,112동,20260427,"33. 올확장, 채광, 전망좋은 조용한 집, 초등. 중학교 인접, 추천",경기래미안공인중개사사무소
철산래미안자이,25902,철산래미안자이,경기도 광명시 철산동,철산래미안자이,경기도 광명시 철산동,2072,17,20091126,21,34,,248,12,37.471957,126.874532,6,33B,110.15,84.44,25.54,77,367,3,2,계단식,40,"13억 8,000","14억 8,000","13억 8,000~14억 8,000","(4,142~4,442만원/3.3㎡)",0,,,,,,0,,236812,279092,214722,2622598346,철산래미안자이,매매,"14억 5,000",110,84,24/31,북동향,112동,20260425,올확장  정상,한별 공인중개사사무소
철산래미안자이,25902,철산래미안자이,경기도 광명시 철산동,철산래미안자이,경기도 광명시 철산동,2072,17,20091126,21,34,,248,12,37.471957,126.874532,6,33B,110.15,84.44,25.54,77,367,3,2,계단식,40,"13억 8,000","14억 8,000","13억 8,000~14억 8,000","(4,142~4,442만원/3.3㎡)",0,,,,,,0,,236812,279092,214722,2621585884,철산래미안자이,매매,"14억 5,000",110,84,24/31,남동향,112동,20260421,33.올확장.단지중앙로얄동. 탁트인 멋진조망.채광통풍굿.관리잘된 집.,가나안공인중개사사무소
철산래미안자이,25902,철산래미안자이,경기도 광명시 철산동,철산래미안자이,경기도 광명시 철산동,2072,17,20091126,21,34,,248,12,37.471957,126.874532,5,33,110.59,84.66,25.6,77,312,3,2,계단식,7,"14억 5,000","14억 5,000","14억 5,000","(4,334만원/3.3㎡)",0,,,,,,0,,237429,279819,215282,2626799245,철산래미안자이,매매,"14억 5,000",110,84,18/28,남동향,111동,20260518,33 올확장 주인거주 조정가능,온누리 공인중개사사무소
철산래미안자이,25902,철산래미안자이,경기도 광명시 철산동,철산래미안자이,경기도 광명시 철산동,2072,17,20091126,21,34,,248,12,37.471957,126.874532,5,33,110.59,84.66,25.6,77,312,3,2,계단식,7,"14억 5,000","14억 5,000","14억 5,000","(4,334만원/3.3㎡)",0,,,,,,0,,237429,279819,215282,2626386727,철산래미안자이,매매,"14억 5,000",110,84,18/28,남향,111동,20260515,"33, 올확장, 판상형, 채광및 맞통풍 좋아 쾌적한집, 커뮤니티인접동",광명공인중개사사무소
철산래미안자이,25902,철산래미안자이,경기도 광명시 철산동,철산래미안자이,경기도 광명시 철산동,2072,17,20091126,21,34,,248,12,37.471957,126.874532,5,33,110.59,84.66,25.6,77,312,3,2,계단식,7,"14억 5,000","14억 5,000","14억 5,000","(4,334만원/3.3㎡)",0,,,,,,0,,237429,279819,215282,2625740390,철산래미안자이,매매,"14억 5,000",110,84,18/28,남향,111동,20260512,"33 올확장,채광과통풍우수한판상형,커뮤니티이용편리한동,철산초중학군",래미안자이공인중개사사무소
철산래미안자이,25902,철산래미안자이,경기도 광명시 철산동,철산래미안자이,경기도 광명시 철산동,2072,17,20091126,21,34,,248,12,37.471957,126.874532,5,33,110.59,84.66,25.6,77,312,3,2,계단식,7,"14억 5,000","14억 5,000","14억 5,000","(4,334만원/3.3㎡)",0,,,,,,0,,237429,279819,215282,2625509284,철산래미안자이,매매,"14억 5,000",110,84,18/28,남향,111동,20260511,33. 올확장. 선호판상형. 햇살따뜻한집. 학교통학근거리.커뮤니티이용편리,열린 공인중개사사무소
철산래미안자이,25902,철산래미안자이,경기도 광명시 철산동,철산래미안자이,경기도 광명시 철산동,2072,17,20091126,21,34,,248,12,37.471957,126.874532,5,33,110.59,84.66,25.6,77,312,3,2,계단식,7,"14억 5,000","14억 5,000","14억 5,000","(4,334만원/3.3㎡)",0,,,,,,0,,237429,279819,215282,2625018017,철산래미안자이,매매,"14억 5,000",110,84,18/28,남향,111동,20260508,33. 올확장O 판상형O 철산초중O 커뮤니케이션 굿O 단지관리 굿,단지내 진공인중개사사무소
철산래미안자이,25902,철산래미안자이,경기도 광명시 철산동,철산래미안자이,경기도 광명시 철산동,2072,17,20091126,21,34,,248,12,37.471957,126.874532,5,33,110.59,84.66,25.6,77,312,3,2,계단식,7,"14억 5,000","14억 5,000","14억 5,000","(4,334만원/3.3㎡)",0,,,,,,0,,237429,279819,215282,2624777658,철산래미안자이,매매,"14억 5,000",110,84,18/28,남동향,111동,20260507,33. 판상형 올확장 커뮤니티 이용편리동  햇살좋음 조경예쁨 철산 초.중,철산래미안자이 공인중개사사무소
철산래미안자이,25902,철산래미안자이,경기도 광명시 철산동,철산래미안자이,경기도 광명시 철산동,2072,17,20091126,21,34,,248,12,37.471957,126.874532,5,33,110.59,84.66,25.6,77,312,3,2,계단식,7,"14억 5,000","14억 5,000","14억 5,000","(4,334만원/3.3㎡)",0,,,,,,0,,237429,279819,215282,2624523272,철산래미안자이,매매,"14억 5,000",110,84,18/28,남향,111동,20260506,33. 올확장. 선호 판상형. 커뮤니티 이용 굿. 채광통풍 굿. 입주협의,이실공인중개사사무소
철산래미안자이,25902,철산래미안자이,경기도 광명시 철산동,철산래미안자이,경기도 광명시 철산동,2072,17,20091126,21,34,,248,12,37.471957,126.874532,7,43A,142.99,115.66,34.98,81,204,4,2,계단식,51,"14억 5,000","16억 5,000","14억 5,000~16억 5,000","(3,352~3,815만원/3.3㎡)",0,,,,,,0,,324368,382280,294112,2626795899,철산래미안자이,매매,"15억 8,000",142,115,27/34,남서향,117동,20260518,"43 올확장 탁트인뷰 전망 채광 좋음, 주인거주로 깨끗함. 철산초중인접동",한아름공인중개사사무소
철산래미안자이,25902,철산래미안자이,경기도 광명시 철산동,철산래미안자이,경기도 광명시 철산동,2072,17,20091126,21,34,,248,12,37.471957,126.874532,7,43A,142.99,115.66,34.98,81,204,4,2,계단식,51,"14억 5,000","16억 5,000","14억 5,000~16억 5,000","(3,352~3,815만원/3.3㎡)",0,,,,,,0,,324368,382280,294112,2625443026,철산래미안자이,매매,16억,142,115,24/34,남서향,117동,20260511,"43 모두확장, 주인거주,화이트인테리어 ,채광,풍광 최고",대한공인중개사사무소
철산래미안자이,25902,철산래미안자이,경기도 광명시 철산동,철산래미안자이,경기도 광명시 철산동,2072,17,20091126,21,34,,248,12,37.471957,126.874532,7,43A,142.99,115.66,34.98,81,204,4,2,계단식,51,"14억 5,000","16억 5,000","14억 5,000~16억 5,000","(3,352~3,815만원/3.3㎡)",0,,,,,,0,,324368,382280,294112,2626878957,철산래미안자이,매매,"16억 5,000",142,115,24/34,남동향,117동,20260518,"43 올확장,특화이트인테리어,채광전망우수,주인거주,도서관및철산초중인접",래미안자이공인중개사사무소
철산래미안자이,25902,철산래미안자이,경기도 광명시 철산동,철산래미안자이,경기도 광명시 철산동,2072,17,20091126,21,34,,248,12,37.471957,126.874532,7,43A,142.99,115.66,34.98,81,204,4,2,계단식,51,"14억 5,000","16억 5,000","14억 5,000~16억 5,000","(3,352~3,815만원/3.3㎡)",0,,,,,,0,,324368,382280,294112,2626584348,철산래미안자이,매매,"15억 4,000",142,115,3/34,남동향,117동,20260516,"43. 올확장. 철산초중 최근접동. 사계절정원조망,채광우수. 입주협의",가나안공인중개사사무소
철산래미안자이,25902,철산래미안자이,경기도 광명시 철산동,철산래미안자이,경기도 광명시 철산동,2072,17,20091126,21,34,,248,12,37.471957,126.874532,7,43A,142.99,115.66,34.98,81,204,4,2,계단식,51,"14억 5,000","16억 5,000","14억 5,000~16억 5,000","(3,352~3,815만원/3.3㎡)",0,,,,,,0,,324368,382280,294112,2626658023,철산래미안자이,매매,15억,142,115,23/34,남서향,110동,20260516,"43 시공사올확장,에어컨5대,주인거주로 관리잘됨,확트인 조망,철산초중",두산위브 공인중개사사무소
철산래미안자이,25902,철산래미안자이,경기도 광명시 철산동,철산래미안자이,경기도 광명시 철산동,2072,17,20091126,21,34,,248,12,37.471957,126.874532,7,43A,142.99,115.66,34.98,81,204,4,2,계단식,51,"14억 5,000","16억 5,000","14억 5,000~16억 5,000","(3,352~3,815만원/3.3㎡)",0,,,,,,0,,324368,382280,294112,2626418075,철산래미안자이,매매,15억,142,115,32/34,남동향,110동,20260515,"43 올확장,깨끗하게관리된집,채광우수한구조,철산초중학군",래미안자이공인중개사사무소
철산래미안자이,25902,철산래미안자이,경기도 광명시 철산동,철산래미안자이,경기도 광명시 철산동,2072,17,20091126,21,34,,248,12,37.471957,126.874532,7,43A,142.99,115.66,34.98,81,204,4,2,계단식,51,"14억 5,000","16억 5,000","14억 5,000~16억 5,000","(3,352~3,815만원/3.3㎡)",0,,,,,,0,,324368,382280,294112,2626496310,철산래미안자이,매매,"16억 5,000",142,115,24/34,남동향,117동,20260515,"43 올확장,최신 화이트인테리어,전망 조망 숙,철산초중명문학군",정상(두산)공인중개사사무소
철산래미안자이,25902,철산래미안자이,경기도 광명시 철산동,철산래미안자이,경기도 광명시 철산동,2072,17,20091126,21,34,,248,12,37.471957,126.874532,7,43A,142.99,115.66,34.98,81,204,4,2,계단식,51,"14억 5,000","16억 5,000","14억 5,000~16억 5,000","(3,352~3,815만원/3.3㎡)",0,,,,,,0,,324368,382280,294112,2626167376,철산래미안자이,매매,"15억 8,000",142,115,27/34,남서향,117동,20260514,43.올확장. 주인거주. 독립형A형구조. 파노라마 뷰.철산초중 앞동.,가나안공인중개사사무소
철산래미안자이,25902,철산래미안자이,경기도 광명시 철산동,철산래미안자이,경기도 광명시 철산동,2072,17,20091126,21,34,,248,12,37.471957,126.874532,7,43A,142.99,115.66,34.98,81,204,4,2,계단식,51,"14억 5,000","16억 5,000","14억 5,000~16억 5,000","(3,352~3,815만원/3.3㎡)",0,,,,,,0,,324368,382280,294112,2626187949,철산래미안자이,매매,"15억 8,000",142,115,27/34,남서향,117동,20260514,43.올확장.트인조망과햇살가득한집.철산초중통학근거리.로얄동층.입주협의,열린 공인중개사사무소
철산래미안자이,25902,철산래미안자이,경기도 광명시 철산동,철산래미안자이,경기도 광명시 철산동,2072,17,20091126,21,34,,248,12,37.471957,126.874532,7,43A,142.99,115.66,34.98,81,204,4,2,계단식,51,"14억 5,000","16억 5,000","14억 5,000~16억 5,000","(3,352~3,815만원/3.3㎡)",0,,,,,,0,,324368,382280,294112,2626251015,철산래미안자이,매매,15억,142,115,23/34,남향,110동,20260514,"43올확장,시스템에어컨5,조정가,관리잘된집,철산초중배정",정상(두산)공인중개사사무소
철산래미안자이,25902,철산래미안자이,경기도 광명시 철산동,철산래미안자이,경기도 광명시 철산동,2072,17,20091126,21,34,,248,12,37.471957,126.874532,7,43A,142.99,115.66,34.98,81,204,4,2,계단식,51,"14억 5,000","16억 5,000","14억 5,000~16억 5,000","(3,352~3,815만원/3.3㎡)",0,,,,,,0,,324368,382280,294112,2625966064,철산래미안자이,매매,15억,142,115,32/34,남동향,110동,20260513,"43,올확장형,주인거주로깨끗하게관리잘된집,채광우수,입주일협의가능",믿음 공인중개사사무소
철산래미안자이,25902,철산래미안자이,경기도 광명시 철산동,철산래미안자이,경기도 광명시 철산동,2072,17,20091126,21,34,,248,12,37.471957,126.874532,7,43A,142.99,115.66,34.98,81,204,4,2,계단식,51,"14억 5,000","16억 5,000","14억 5,000~16억 5,000","(3,352~3,815만원/3.3㎡)",0,,,,,,0,,324368,382280,294112,2626088562,철산래미안자이,매매,"15억 8,000",142,115,27/34,남서향,117동,20260513,43 A타입 확장 철산초중학군 산조망 로얄동 로얄층 편리한교통 커뮤니티,진성공인중개사사무소
철산래미안자이,25902,철산래미안자이,경기도 광명시 철산동,철산래미안자이,경기도 광명시 철산동,2072,17,20091126,21,34,,248,12,37.471957,126.874532,7,43A,142.99,115.66,34.98,81,204,4,2,계단식,51,"14억 5,000","16억 5,000","14억 5,000~16억 5,000","(3,352~3,815만원/3.3㎡)",0,,,,,,0,,324368,382280,294112,2625810316,철산래미안자이,매매,"15억 8,000",142,115,27/34,남서향,117동,20260512,43. 올확장. 주인거주로 관리 깨끗. 따뜻한 채광전망. 철산초중학군,이실공인중개사사무소
철산래미안자이,25902,철산래미안자이,경기도 광명시 철산동,철산래미안자이,경기도 광명시 철산동,2072,17,20091126,21,34,,248,12,37.471957,126.874532,7,43A,142.99,115.66,34.98,81,204,4,2,계단식,51,"14억 5,000","16억 5,000","14억 5,000~16억 5,000","(3,352~3,815만원/3.3㎡)",0,,,,,,0,,324368,382280,294112,2625773667,철산래미안자이,매매,15억,142,115,23/34,남동향,110동,20260512,"43,시공사올확장형,시스템에어컨5대,채광굿,주인거주로관리잘된집,입주일협의",믿음 공인중개사사무소
철산래미안자이,25902,철산래미안자이,경기도 광명시 철산동,철산래미안자이,경기도 광명시 철산동,2072,17,20091126,21,34,,248,12,37.471957,126.874532,7,43A,142.99,115.66,34.98,81,204,4,2,계단식,51,"14억 5,000","16억 5,000","14억 5,000~16억 5,000","(3,352~3,815만원/3.3㎡)",0,,,,,,0,,324368,382280,294112,2625733881,철산래미안자이,매매,15억,142,115,32/34,남동향,110동,20260512,43.올확장되고 상태깨끗해요.햇살가득한 집.학교통학근거리.커뮤니티이용편리,열린 공인중개사사무소
철산래미안자이,25902,철산래미안자이,경기도 광명시 철산동,철산래미안자이,경기도 광명시 철산동,2072,17,20091126,21,34,,248,12,37.471957,126.874532,7,43A,142.99,115.66,34.98,81,204,4,2,계단식,51,"14억 5,000","16억 5,000","14억 5,000~16억 5,000","(3,352~3,815만원/3.3㎡)",0,,,,,,0,,324368,382280,294112,2625486726,철산래미안자이,매매,"15억 8,000",142,115,27/34,남향,117동,20260511,"43 올확장,탁트인조망,채광우수하여 따뜻한집,철산초중바로앞동",래미안자이공인중개사사무소
철산래미안자이,25902,철산래미안자이,경기도 광명시 철산동,철산래미안자이,경기도 광명시 철산동,2072,17,20091126,21,34,,248,12,37.471957,126.874532,7,43A,142.99,115.66,34.98,81,204,4,2,계단식,51,"14억 5,000","16억 5,000","14억 5,000~16억 5,000","(3,352~3,815만원/3.3㎡)",0,,,,,,0,,324368,382280,294112,2625496593,철산래미안자이,매매,15억,142,115,32/34,남동향,110동,20260511,"43. 올확장, 채광.전망좋음, 교통편리, 주인거주 관리잘된 깨끗한 집",경기래미안공인중개사사무소
철산래미안자이,25902,철산래미안자이,경기도 광명시 철산동,철산래미안자이,경기도 광명시 철산동,2072,17,20091126,21,34,,248,12,37.471957,126.874532,7,43A,142.99,115.66,34.98,81,204,4,2,계단식,51,"14억 5,000","16억 5,000","14억 5,000~16억 5,000","(3,352~3,815만원/3.3㎡)",0,,,,,,0,,324368,382280,294112,2625574271,철산래미안자이,매매,"15억 4,000",142,115,3/34,남동향,117동,20260511,"43,직매물,확장형,예쁜정원뷰,포근하고아늑한느낌,입주일협의가능",믿음 공인중개사사무소
철산래미안자이,25902,철산래미안자이,경기도 광명시 철산동,철산래미안자이,경기도 광명시 철산동,2072,17,20091126,21,34,,248,12,37.471957,126.874532,7,43A,142.99,115.66,34.98,81,204,4,2,계단식,51,"14억 5,000","16억 5,000","14억 5,000~16억 5,000","(3,352~3,815만원/3.3㎡)",0,,,,,,0,,324368,382280,294112,2625339661,철산래미안자이,매매,"15억 8,000",142,115,27/34,남서향,117동,20260509,"43 올확장 주인거주  채광좋고 개방감 굿  로얄동 철산 초,중",철산래미안자이 공인중개사사무소
철산래미안자이,25902,철산래미안자이,경기도 광명시 철산동,철산래미안자이,경기도 광명시 철산동,2072,17,20091126,21,34,,248,12,37.471957,126.874532,7,43A,142.99,115.66,34.98,81,204,4,2,계단식,51,"14억 5,000","16억 5,000","14억 5,000~16억 5,000","(3,352~3,815만원/3.3㎡)",0,,,,,,0,,324368,382280,294112,2625265277,철산래미안자이,매매,"16억 5,000",142,115,24/34,남향,117동,20260509,"43. 올확장, 채광, 전망좋음, 화이트인테리어, 주인거주 깨끗한 집",경기래미안공인중개사사무소
철산래미안자이,25902,철산래미안자이,경기도 광명시 철산동,철산래미안자이,경기도 광명시 철산동,2072,17,20091126,21,34,,248,12,37.471957,126.874532,7,43A,142.99,115.66,34.98,81,204,4,2,계단식,51,"14억 5,000","16억 5,000","14억 5,000~16억 5,000","(3,352~3,815만원/3.3㎡)",0,,,,,,0,,324368,382280,294112,2625208770,철산래미안자이,매매,15억,142,115,32/34,남동향,110동,20260509,43. 올확장. 트인전망. 채광굿. 주인거주. 입주협의. 철산초중.,가나안공인중개사사무소
철산래미안자이,25902,철산래미안자이,경기도 광명시 철산동,철산래미안자이,경기도 광명시 철산동,2072,17,20091126,21,34,,248,12,37.471957,126.874532,7,43A,142.99,115.66,34.98,81,204,4,2,계단식,51,"14억 5,000","16억 5,000","14억 5,000~16억 5,000","(3,352~3,815만원/3.3㎡)",0,,,,,,0,,324368,382280,294112,2625264280,철산래미안자이,매매,15억,142,115,23/34,남향,110동,20260509,"43 올확장,시스템AC5대,햇살가득한구조,조정가,주인거주,철산초중학군",래미안자이공인중개사사무소
철산래미안자이,25902,철산래미안자이,경기도 광명시 철산동,철산래미안자이,경기도 광명시 철산동,2072,17,20091126,21,34,,248,12,37.471957,126.874532,7,43A,142.99,115.66,34.98,81,204,4,2,계단식,51,"14억 5,000","16억 5,000","14억 5,000~16억 5,000","(3,352~3,815만원/3.3㎡)",0,,,,,,0,,324368,382280,294112,2625234759,철산래미안자이,매매,15억,142,115,23/34,남서향,110동,20260509,43. 올확장. 최근 시스템AC 5대 설치. 주인거주 관리 굿. 입주협의,이실공인중개사사무소
철산래미안자이,25902,철산래미안자이,경기도 광명시 철산동,철산래미안자이,경기도 광명시 철산동,2072,17,20091126,21,34,,248,12,37.471957,126.874532,7,43A,142.99,115.66,34.98,81,204,4,2,계단식,51,"14억 5,000","16억 5,000","14억 5,000~16억 5,000","(3,352~3,815만원/3.3㎡)",0,,,,,,0,,324368,382280,294112,2625234625,철산래미안자이,매매,"15억 4,000",142,115,3/34,남동향,117동,20260509,43. 올확장. 철산초중 앞동. 채광 좋은 정원뷰. 조용한 동. 입주협의,이실공인중개사사무소
철산래미안자이,25902,철산래미안자이,경기도 광명시 철산동,철산래미안자이,경기도 광명시 철산동,2072,17,20091126,21,34,,248,12,37.471957,126.874532,7,43A,142.99,115.66,34.98,81,204,4,2,계단식,51,"14억 5,000","16억 5,000","14억 5,000~16억 5,000","(3,352~3,815만원/3.3㎡)",0,,,,,,0,,324368,382280,294112,2625045618,철산래미안자이,매매,"16억 5,000",142,115,24/34,남서향,117동,20260508,43.올확장.주인거주 최신 특올화이트 인테리어.철산초중 최인접.채광전망굿,이실공인중개사사무소
철산래미안자이,25902,철산래미안자이,경기도 광명시 철산동,철산래미안자이,경기도 광명시 철산동,2072,17,20091126,21,34,,248,12,37.471957,126.874532,7,43A,142.99,115.66,34.98,81,204,4,2,계단식,51,"14억 5,000","16억 5,000","14억 5,000~16억 5,000","(3,352~3,815만원/3.3㎡)",0,,,,,,0,,324368,382280,294112,2625015615,철산래미안자이,매매,15억,142,115,23/34,남동향,110동,20260508,43.올확장.시스템 AC.햇살좋은 트인뷰.로얄동층.철산초중학군.입주협의,열린 공인중개사사무소
철산래미안자이,25902,철산래미안자이,경기도 광명시 철산동,철산래미안자이,경기도 광명시 철산동,2072,17,20091126,21,34,,248,12,37.471957,126.874532,7,43A,142.99,115.66,34.98,81,204,4,2,계단식,51,"14억 5,000","16억 5,000","14억 5,000~16억 5,000","(3,352~3,815만원/3.3㎡)",0,,,,,,0,,324368,382280,294112,2625013192,철산래미안자이,매매,15억,142,115,23/34,남동향,110동,20260508,43올확장 전망 채광좋음 시스템에어컨5대 거주관리 잘됨 철산초중학군,우성공인중개사사무소
철산래미안자이,25902,철산래미안자이,경기도 광명시 철산동,철산래미안자이,경기도 광명시 철산동,2072,17,20091126,21,34,,248,12,37.471957,126.874532,7,43A,142.99,115.66,34.98,81,204,4,2,계단식,51,"14억 5,000","16억 5,000","14억 5,000~16억 5,000","(3,352~3,815만원/3.3㎡)",0,,,,,,0,,324368,382280,294112,2625014919,철산래미안자이,매매,"14억 5,000",142,115,27/34,남동향,110동,20260508,43a 비확장 가격저렴,헤리티지(자매)공인중개사사무소
철산래미안자이,25902,철산래미안자이,경기도 광명시 철산동,철산래미안자이,경기도 광명시 철산동,2072,17,20091126,21,34,,248,12,37.471957,126.874532,7,43A,142.99,115.66,34.98,81,204,4,2,계단식,51,"14억 5,000","16억 5,000","14억 5,000~16억 5,000","(3,352~3,815만원/3.3㎡)",0,,,,,,0,,324368,382280,294112,2624491189,철산래미안자이,매매,"14억 9,000",142,115,3/34,남향,117동,20260506,"43. 올확장, 채광좋은 정원뷰, 초등.중학교 인접, 깨끗한 집",경기래미안공인중개사사무소
철산래미안자이,25902,철산래미안자이,경기도 광명시 철산동,철산래미안자이,경기도 광명시 철산동,2072,17,20091126,21,34,,248,12,37.471957,126.874532,7,43A,142.99,115.66,34.98,81,204,4,2,계단식,51,"14억 5,000","16억 5,000","14억 5,000~16억 5,000","(3,352~3,815만원/3.3㎡)",0,,,,,,0,,324368,382280,294112,2623438500,철산래미안자이,매매,15억,142,115,32/34,남동향,110동,20260430,43. 올확장0 채광굿0 주인거주로 관리잘된집0 철산초중0 입주협의,단지내 진공인중개사사무소
철산래미안자이,25902,철산래미안자이,경기도 광명시 철산동,철산래미안자이,경기도 광명시 철산동,2072,17,20091126,21,34,,248,12,37.471957,126.874532,7,43A,142.99,115.66,34.98,81,204,4,2,계단식,51,"14억 5,000","16억 5,000","14억 5,000~16억 5,000","(3,352~3,815만원/3.3㎡)",0,,,,,,0,,324368,382280,294112,2623643496,철산래미안자이,매매,"15억 4,000",142,115,3/34,남동향,117동,20260430,43.올확장. 사계절 예쁜 정원 뷰. 근거리 통학.교통 편리. 입주 협의,열린 공인중개사사무소
철산래미안자이,25902,철산래미안자이,경기도 광명시 철산동,철산래미안자이,경기도 광명시 철산동,2072,17,20091126,21,34,,248,12,37.471957,126.874532,7,43A,142.99,115.66,34.98,81,204,4,2,계단식,51,"14억 5,000","16억 5,000","14억 5,000~16억 5,000","(3,352~3,815만원/3.3㎡)",0,,,,,,0,,324368,382280,294112,2623478944,철산래미안자이,매매,"16억 5,000",142,115,24/34,남동향,117동,20260430,43 올화이트 인테리어 탁트인 시야 철산초중학군 커뮤니티 완비 최고 로얄,진성공인중개사사무소
철산래미안자이,25902,철산래미안자이,경기도 광명시 철산동,철산래미안자이,경기도 광명시 철산동,2072,17,20091126,21,34,,248,12,37.471957,126.874532,7,43A,142.99,115.66,34.98,81,204,4,2,계단식,51,"14억 5,000","16억 5,000","14억 5,000~16억 5,000","(3,352~3,815만원/3.3㎡)",0,,,,,,0,,324368,382280,294112,2623644892,철산래미안자이,매매,"16억 5,000",142,115,24/34,남동향,117동,20260430,43. 로얄동로얄층. 트인뷰로 조망 햇살최고.전체 화이트인테리어.입주협의,열린 공인중개사사무소
철산래미안자이,25902,철산래미안자이,경기도 광명시 철산동,철산래미안자이,경기도 광명시 철산동,2072,17,20091126,21,34,,248,12,37.471957,126.874532,7,43A,142.99,115.66,34.98,81,204,4,2,계단식,51,"14억 5,000","16억 5,000","14억 5,000~16억 5,000","(3,352~3,815만원/3.3㎡)",0,,,,,,0,,324368,382280,294112,2623395710,철산래미안자이,매매,"15억 2,000",142,115,32/34,남동향,110동,20260429,43. 올확장  주인거주관리굿 빠른입주 대중교통이용편리동 철산 초.중,철산래미안자이 공인중개사사무소
철산래미안자이,25902,철산래미안자이,경기도 광명시 철산동,철산래미안자이,경기도 광명시 철산동,2072,17,20091126,21,34,,248,12,37.471957,126.874532,7,43A,142.99,115.66,34.98,81,204,4,2,계단식,51,"14억 5,000","16억 5,000","14억 5,000~16억 5,000","(3,352~3,815만원/3.3㎡)",0,,,,,,0,,324368,382280,294112,2623400105,철산래미안자이,매매,"15억 4,000",142,115,3/34,남동향,117동,20260429,43. 올확장 채광좋은 정원뷰 초등중학교 인접 깨끗한 집 커뮤니티완비,진성공인중개사사무소
철산래미안자이,25902,철산래미안자이,경기도 광명시 철산동,철산래미안자이,경기도 광명시 철산동,2072,17,20091126,21,34,,248,12,37.471957,126.874532,7,43A,142.99,115.66,34.98,81,204,4,2,계단식,51,"14억 5,000","16억 5,000","14억 5,000~16억 5,000","(3,352~3,815만원/3.3㎡)",0,,,,,,0,,324368,382280,294112,2623351455,철산래미안자이,매매,"15억 4,000",142,115,3/34,남동향,117동,20260429,43올확장 정원뷰 채광좋음 철산초중근접동 입주일 가격 협의 철산초중,우성공인중개사사무소
철산래미안자이,25902,철산래미안자이,경기도 광명시 철산동,철산래미안자이,경기도 광명시 철산동,2072,17,20091126,21,34,,248,12,37.471957,126.874532,7,43A,142.99,115.66,34.98,81,204,4,2,계단식,51,"14억 5,000","16억 5,000","14억 5,000~16억 5,000","(3,352~3,815만원/3.3㎡)",0,,,,,,0,,324368,382280,294112,2623107693,철산래미안자이,매매,"15억 4,000",142,115,3/34,남동향,117동,20260428,43. 올확장O 정원뷰O 채광굿O 학교인접동O 주인거주,단지내 진공인중개사사무소
철산래미안자이,25902,철산래미안자이,경기도 광명시 철산동,철산래미안자이,경기도 광명시 철산동,2072,17,20091126,21,34,,248,12,37.471957,126.874532,7,43A,142.99,115.66,34.98,81,204,4,2,계단식,51,"14억 5,000","16억 5,000","14억 5,000~16억 5,000","(3,352~3,815만원/3.3㎡)",0,,,,,,0,,324368,382280,294112,2623164855,철산래미안자이,매매,15억,142,115,32/34,남동향,110동,20260428,"트인조망.올확장형.철산초,중학군.편리한커뮤니티.주인거주.입주일협의",단지상가한강공인중개사사무소
철산래미안자이,25902,철산래미안자이,경기도 광명시 철산동,철산래미안자이,경기도 광명시 철산동,2072,17,20091126,21,34,,248,12,37.471957,126.874532,7,43A,142.99,115.66,34.98,81,204,4,2,계단식,51,"14억 5,000","16억 5,000","14억 5,000~16억 5,000","(3,352~3,815만원/3.3㎡)",0,,,,,,0,,324368,382280,294112,2623110259,철산래미안자이,매매,15억,142,115,23/34,남서향,110동,20260428,43. 올확장 시스템에어컨5대 개방감 주인거주 빠른 입주 철산 초.중,철산래미안자이 공인중개사사무소
철산래미안자이,25902,철산래미안자이,경기도 광명시 철산동,철산래미안자이,경기도 광명시 철산동,2072,17,20091126,21,34,,248,12,37.471957,126.874532,7,43A,142.99,115.66,34.98,81,204,4,2,계단식,51,"14억 5,000","16억 5,000","14억 5,000~16억 5,000","(3,352~3,815만원/3.3㎡)",0,,,,,,0,,324368,382280,294112,2622797961,철산래미안자이,매매,15억,142,115,23/34,남동향,110동,20260427,OKo43o올확장oAC5대o로얄동호o트인뷰전망굿o입주협의가능,ok철산 공인중개사사무소
철산래미안자이,25902,철산래미안자이,경기도 광명시 철산동,철산래미안자이,경기도 광명시 철산동,2072,17,20091126,21,34,,248,12,37.471957,126.874532,7,43A,142.99,115.66,34.98,81,204,4,2,계단식,51,"14억 5,000","16억 5,000","14억 5,000~16억 5,000","(3,352~3,815만원/3.3㎡)",0,,,,,,0,,324368,382280,294112,2622761831,철산래미안자이,매매,"16억 5,000",142,115,24/34,남서향,117동,20260427,43. 올확장  화이트인테리어 확트인 전망굿 주인거주 관리최상 빠른입주가,철산래미안자이 공인중개사사무소
철산래미안자이,25902,철산래미안자이,경기도 광명시 철산동,철산래미안자이,경기도 광명시 철산동,2072,17,20091126,21,34,,248,12,37.471957,126.874532,7,43A,142.99,115.66,34.98,81,204,4,2,계단식,51,"14억 5,000","16억 5,000","14억 5,000~16억 5,000","(3,352~3,815만원/3.3㎡)",0,,,,,,0,,324368,382280,294112,2622794657,철산래미안자이,매매,"15억 4,000",142,115,3/34,남동향,117동,20260427,"43 올확장,확트인예쁜단지조망,채광우수,주인거주,조정가,철산초중인접",래미안자이공인중개사사무소
철산래미안자이,25902,철산래미안자이,경기도 광명시 철산동,철산래미안자이,경기도 광명시 철산동,2072,17,20091126,21,34,,248,12,37.471957,126.874532,7,43A,142.99,115.66,34.98,81,204,4,2,계단식,51,"14억 5,000","16억 5,000","14억 5,000~16억 5,000","(3,352~3,815만원/3.3㎡)",0,,,,,,0,,324368,382280,294112,2622293589,철산래미안자이,매매,15억,142,115,23/34,남향,110동,20260424,"43 올확장형 시스템에어컨5대. 부분수리. 조망, 채광 굿. 정상입주 ",광명공인중개사사무소
철산래미안자이,25902,철산래미안자이,경기도 광명시 철산동,철산래미안자이,경기도 광명시 철산동,2072,17,20091126,21,34,,248,12,37.471957,126.874532,7,43A,142.99,115.66,34.98,81,204,4,2,계단식,51,"14억 5,000","16억 5,000","14억 5,000~16억 5,000","(3,352~3,815만원/3.3㎡)",0,,,,,,0,,324368,382280,294112,2622326534,철산래미안자이,매매,15억,142,115,23/34,남향,110동,20260424,"43. 확장. 남향. 트인뷰. 채광통풍굿. 특화된 커뮤니티, 철산초중",가나안공인중개사사무소
철산래미안자이,25902,철산래미안자이,경기도 광명시 철산동,철산래미안자이,경기도 광명시 철산동,2072,17,20091126,21,34,,248,12,37.471957,126.874532,7,43A,142.99,115.66,34.98,81,204,4,2,계단식,51,"14억 5,000","16억 5,000","14억 5,000~16억 5,000","(3,352~3,815만원/3.3㎡)",0,,,,,,0,,324368,382280,294112,2622346907,철산래미안자이,매매,15억,142,115,23/34,남서향,110동,20260424,43. 올확장0 시스템에어컨5대0 부분수리0 채광굿0 주인거주,단지내 진공인중개사사무소
철산래미안자이,25902,철산래미안자이,경기도 광명시 철산동,철산래미안자이,경기도 광명시 철산동,2072,17,20091126,21,34,,248,12,37.471957,126.874532,7,43A,142.99,115.66,34.98,81,204,4,2,계단식,51,"14억 5,000","16억 5,000","14억 5,000~16억 5,000","(3,352~3,815만원/3.3㎡)",0,,,,,,0,,324368,382280,294112,2622204408,철산래미안자이,매매,15억,142,115,32/34,남동향,110동,20260423,43. 올확장. 주인거주로 관리 깨끗. 철산초중 학군. 입주협의,이실공인중개사사무소
철산래미안자이,25902,철산래미안자이,경기도 광명시 철산동,철산래미안자이,경기도 광명시 철산동,2072,17,20091126,21,34,,248,12,37.471957,126.874532,7,43A,142.99,115.66,34.98,81,204,4,2,계단식,51,"14억 5,000","16억 5,000","14억 5,000~16억 5,000","(3,352~3,815만원/3.3㎡)",0,,,,,,0,,324368,382280,294112,2621967715,철산래미안자이,매매,15억,142,115,23/34,남동향,110동,20260423,"43. 올확장, 시스템에어컨, 채광.전망좋음. 주인거주 관리잘된 깨끗한집",경기래미안공인중개사사무소
철산래미안자이,25902,철산래미안자이,경기도 광명시 철산동,철산래미안자이,경기도 광명시 철산동,2072,17,20091126,21,34,,248,12,37.471957,126.874532,7,43A,142.99,115.66,34.98,81,204,4,2,계단식,51,"14억 5,000","16억 5,000","14억 5,000~16억 5,000","(3,352~3,815만원/3.3㎡)",0,,,,,,0,,324368,382280,294112,2622162624,철산래미안자이,매매,"14억 9,000",142,115,3/34,남동향,117동,20260423,OKo43o올확장o학교한걸음o정원전망햇살가득o입주협의가능,ok철산 공인중개사사무소
철산래미안자이,25902,철산래미안자이,경기도 광명시 철산동,철산래미안자이,경기도 광명시 철산동,2072,17,20091126,21,34,,248,12,37.471957,126.874532,7,43A,142.99,115.66,34.98,81,204,4,2,계단식,51,"14억 5,000","16억 5,000","14억 5,000~16억 5,000","(3,352~3,815만원/3.3㎡)",0,,,,,,0,,324368,382280,294112,2621892361,철산래미안자이,매매,15억,142,115,32/34,남동향,110동,20260422,43 올확장 탁트인뷰 해잘들어오는 집 인기동 철산초중학군,진성공인중개사사무소
철산래미안자이,25902,철산래미안자이,경기도 광명시 철산동,철산래미안자이,경기도 광명시 철산동,2072,17,20091126,21,34,,248,12,37.471957,126.874532,7,43A,142.99,115.66,34.98,81,204,4,2,계단식,51,"14억 5,000","16억 5,000","14억 5,000~16억 5,000","(3,352~3,815만원/3.3㎡)",0,,,,,,0,,324368,382280,294112,2621737758,철산래미안자이,매매,15억,142,115,23/34,남서향,110동,20260421,43 확장 산조망 탁트인 시야 철산초중학군 로얄동 로얄층 교통편리,진성공인중개사사무소
철산래미안자이,25902,철산래미안자이,경기도 광명시 철산동,철산래미안자이,경기도 광명시 철산동,2072,17,20091126,21,34,,248,12,37.471957,126.874532,7,43A,142.99,115.66,34.98,81,204,4,2,계단식,51,"14억 5,000","16억 5,000","14억 5,000~16억 5,000","(3,352~3,815만원/3.3㎡)",0,,,,,,0,,324368,382280,294112,2621632524,철산래미안자이,매매,"15억 4,000",142,115,3/34,남동향,117동,20260421,43  올확장  예쁜 정원뷰  철산 초.중  채광우수,철산래미안자이 공인중개사사무소
철산래미안자이,25902,철산래미안자이,경기도 광명시 철산동,철산래미안자이,경기도 광명시 철산동,2072,17,20091126,21,34,,248,12,37.471957,126.874532,8,43B,142.82,116.73,35.31,82,201,4,2,계단식,24,15억,16억,15억~16억,"(3,472~3,703만원/3.3㎡)",0,,,,,,0,,327369,385817,296833,2626859942,철산래미안자이,매매,15억,142,116,16/34,남서향,117동,20260518,"43 확장형,철산초중바로앞동,트인조망으로 채광과통풍우수한집",래미안자이공인중개사사무소
철산래미안자이,25902,철산래미안자이,경기도 광명시 철산동,철산래미안자이,경기도 광명시 철산동,2072,17,20091126,21,34,,248,12,37.471957,126.874532,8,43B,142.82,116.73,35.31,82,201,4,2,계단식,24,15억,16억,15억~16억,"(3,472~3,703만원/3.3㎡)",0,,,,,,0,,327369,385817,296833,2626475963,철산래미안자이,매매,15억,142,116,16/34,남서향,117동,20260515,43.선호구조.부분확장 및 수리.조망 채광우수.철산초중 근거리.입주 협의,열린 공인중개사사무소
철산래미안자이,25902,철산래미안자이,경기도 광명시 철산동,철산래미안자이,경기도 광명시 철산동,2072,17,20091126,21,34,,248,12,37.471957,126.874532,8,43B,142.82,116.73,35.31,82,201,4,2,계단식,24,15억,16억,15억~16억,"(3,472~3,703만원/3.3㎡)",0,,,,,,0,,327369,385817,296833,2626529091,철산래미안자이,매매,15억,142,116,16/34,남서향,117동,20260515,43. 확장형. 선호 B타입. 부분 수리됨. 트인 전망채광. 철산초중인접,이실공인중개사사무소
철산래미안자이,25902,철산래미안자이,경기도 광명시 철산동,철산래미안자이,경기도 광명시 철산동,2072,17,20091126,21,34,,248,12,37.471957,126.874532,8,43B,142.82,116.73,35.31,82,201,4,2,계단식,24,15억,16억,15억~16억,"(3,472~3,703만원/3.3㎡)",0,,,,,,0,,327369,385817,296833,2626051242,철산래미안자이,매매,"15억 5,000",142,116,13/34,남서향,117동,20260513,43. 올확장. 선호B타입. 시스템에어컨. 채광전망 굿. 철산초중 인접동,이실공인중개사사무소
철산래미안자이,25902,철산래미안자이,경기도 광명시 철산동,철산래미안자이,경기도 광명시 철산동,2072,17,20091126,21,34,,248,12,37.471957,126.874532,8,43B,142.82,116.73,35.31,82,201,4,2,계단식,24,15억,16억,15억~16억,"(3,472~3,703만원/3.3㎡)",0,,,,,,0,,327369,385817,296833,2625997684,철산래미안자이,매매,15억,142,116,16/34,남서향,117동,20260513,43B. 확장형O 탁트인뷰O 채광우수O 학교인접동,단지내 진공인중개사사무소
철산래미안자이,25902,철산래미안자이,경기도 광명시 철산동,철산래미안자이,경기도 광명시 철산동,2072,17,20091126,21,34,,248,12,37.471957,126.874532,8,43B,142.82,116.73,35.31,82,201,4,2,계단식,24,15억,16억,15억~16억,"(3,472~3,703만원/3.3㎡)",0,,,,,,0,,327369,385817,296833,2626087892,철산래미안자이,매매,16억,142,116,29/34,남향,117동,20260513,43 B타입 탁트인 시야 로얄동 로얄층 철산초중학군 커뮤니티완비,진성공인중개사사무소
철산래미안자이,25902,철산래미안자이,경기도 광명시 철산동,철산래미안자이,경기도 광명시 철산동,2072,17,20091126,21,34,,248,12,37.471957,126.874532,8,43B,142.82,116.73,35.31,82,201,4,2,계단식,24,15억,16억,15억~16억,"(3,472~3,703만원/3.3㎡)",0,,,,,,0,,327369,385817,296833,2625967706,철산래미안자이,매매,"15억 6,000",142,116,29/34,남향,117동,20260513,43. 로얄동로얄층.막힘없 트인뷰.햇살최고.기본형.철산초중근거리.입주협의,열린 공인중개사사무소
철산래미안자이,25902,철산래미안자이,경기도 광명시 철산동,철산래미안자이,경기도 광명시 철산동,2072,17,20091126,21,34,,248,12,37.471957,126.874532,8,43B,142.82,116.73,35.31,82,201,4,2,계단식,24,15억,16억,15억~16억,"(3,472~3,703만원/3.3㎡)",0,,,,,,0,,327369,385817,296833,2625732763,철산래미안자이,매매,"15억 5,000",142,116,13/34,남서향,117동,20260512,43.올확장.선호 판상형.시스템 AC.철산 초중 근거리 통학.입주협의,열린 공인중개사사무소
철산래미안자이,25902,철산래미안자이,경기도 광명시 철산동,철산래미안자이,경기도 광명시 철산동,2072,17,20091126,21,34,,248,12,37.471957,126.874532,8,43B,142.82,116.73,35.31,82,201,4,2,계단식,24,15억,16억,15억~16억,"(3,472~3,703만원/3.3㎡)",0,,,,,,0,,327369,385817,296833,2625697363,철산래미안자이,매매,"15억 5,000",142,116,13/34,남서향,117동,20260512,선호타입  올확장 시스템에어컨 밝음 쾌적한 주거 철산 초.중 학세권,철산래미안자이 공인중개사사무소
철산래미안자이,25902,철산래미안자이,경기도 광명시 철산동,철산래미안자이,경기도 광명시 철산동,2072,17,20091126,21,34,,248,12,37.471957,126.874532,8,43B,142.82,116.73,35.31,82,201,4,2,계단식,24,15억,16억,15억~16억,"(3,472~3,703만원/3.3㎡)",0,,,,,,0,,327369,385817,296833,2625579959,철산래미안자이,매매,15억,142,116,16/34,남향,117동,20260511,"43B.탁트인정원뷰.확장형.선호하는철산초,중학군.최근씽크대교체.입주일협의",단지상가한강공인중개사사무소
철산래미안자이,25902,철산래미안자이,경기도 광명시 철산동,철산래미안자이,경기도 광명시 철산동,2072,17,20091126,21,34,,248,12,37.471957,126.874532,8,43B,142.82,116.73,35.31,82,201,4,2,계단식,24,15억,16억,15억~16억,"(3,472~3,703만원/3.3㎡)",0,,,,,,0,,327369,385817,296833,2625548300,철산래미안자이,매매,"15억 6,000",142,116,29/34,남동향,117동,20260511,"입주매물,  선호구조, 햇살가득 탁트인조망, 채광우수, 철산초중 학군",우방공인중개사사무소
철산래미안자이,25902,철산래미안자이,경기도 광명시 철산동,철산래미안자이,경기도 광명시 철산동,2072,17,20091126,21,34,,248,12,37.471957,126.874532,8,43B,142.82,116.73,35.31,82,201,4,2,계단식,24,15억,16억,15억~16억,"(3,472~3,703만원/3.3㎡)",0,,,,,,0,,327369,385817,296833,2625506956,철산래미안자이,매매,15억,142,116,1/34,남서향,109동,20260511,43.올확장.최근특인테리어.선호B타입.층간소음없는1층.아이들에게 최고의집,열린 공인중개사사무소
철산래미안자이,25902,철산래미안자이,경기도 광명시 철산동,철산래미안자이,경기도 광명시 철산동,2072,17,20091126,21,34,,248,12,37.471957,126.874532,8,43B,142.82,116.73,35.31,82,201,4,2,계단식,24,15억,16억,15억~16억,"(3,472~3,703만원/3.3㎡)",0,,,,,,0,,327369,385817,296833,2625271283,철산래미안자이,매매,"15억 6,000",142,116,29/34,남향,117동,20260509,"43,주방제외올확장,탁트인전망,채광우수,주인거주로관리잘된집,입주일협의",믿음 공인중개사사무소
철산래미안자이,25902,철산래미안자이,경기도 광명시 철산동,철산래미안자이,경기도 광명시 철산동,2072,17,20091126,21,34,,248,12,37.471957,126.874532,8,43B,142.82,116.73,35.31,82,201,4,2,계단식,24,15억,16억,15억~16억,"(3,472~3,703만원/3.3㎡)",0,,,,,,0,,327369,385817,296833,2625089951,철산래미안자이,매매,"15억 5,000",142,116,13/34,남서향,117동,20260508,"43. 올확장, 선호구조, 시스템에어컨, 학세권, 채광.전망좋은 깨끗한집",경기래미안공인중개사사무소
철산래미안자이,25902,철산래미안자이,경기도 광명시 철산동,철산래미안자이,경기도 광명시 철산동,2072,17,20091126,21,34,,248,12,37.471957,126.874532,8,43B,142.82,116.73,35.31,82,201,4,2,계단식,24,15억,16억,15억~16억,"(3,472~3,703만원/3.3㎡)",0,,,,,,0,,327369,385817,296833,2625087718,철산래미안자이,매매,15억,142,116,16/34,남서향,117동,20260508,"43,주방제외확장형,부분수리,트인전망,채광굿,입주일협의가능",믿음 공인중개사사무소
철산래미안자이,25902,철산래미안자이,경기도 광명시 철산동,철산래미안자이,경기도 광명시 철산동,2072,17,20091126,21,34,,248,12,37.471957,126.874532,8,43B,142.82,116.73,35.31,82,201,4,2,계단식,24,15억,16억,15억~16억,"(3,472~3,703만원/3.3㎡)",0,,,,,,0,,327369,385817,296833,2625041184,철산래미안자이,매매,"15억 6,000",142,116,29/34,남향,117동,20260508,43. 확장형. 탁트인 전망의 로얄동층. 주인거주 깨끗. 철산초중 인접동,이실공인중개사사무소
철산래미안자이,25902,철산래미안자이,경기도 광명시 철산동,철산래미안자이,경기도 광명시 철산동,2072,17,20091126,21,34,,248,12,37.471957,126.874532,8,43B,142.82,116.73,35.31,82,201,4,2,계단식,24,15억,16억,15억~16억,"(3,472~3,703만원/3.3㎡)",0,,,,,,0,,327369,385817,296833,2626343772,철산래미안자이,매매,"15억 5,000",142,116,고/34,남서향,110동,20260514,43올확장 선호타입 최고의 전망 채광좋음 최고의 인테리어 철산초중학군,우성공인중개사사무소
철산래미안자이,25902,철산래미안자이,경기도 광명시 철산동,철산래미안자이,경기도 광명시 철산동,2072,17,20091126,21,34,,248,12,37.471957,126.874532,8,43B,142.82,116.73,35.31,82,201,4,2,계단식,24,15억,16억,15억~16억,"(3,472~3,703만원/3.3㎡)",0,,,,,,0,,327369,385817,296833,2624533684,철산래미안자이,매매,"15억 6,000",142,116,29/34,남향,117동,20260506,43. 확장형 개방감굿 채광좋음 선호타입 주인거주  깨끗함 철산 초.중,철산래미안자이 공인중개사사무소
철산래미안자이,25902,철산래미안자이,경기도 광명시 철산동,철산래미안자이,경기도 광명시 철산동,2072,17,20091126,21,34,,248,12,37.471957,126.874532,8,43B,142.82,116.73,35.31,82,201,4,2,계단식,24,15억,16억,15억~16억,"(3,472~3,703만원/3.3㎡)",0,,,,,,0,,327369,385817,296833,2623424479,철산래미안자이,매매,15억,142,116,16/34,남서향,117동,20260430,43. 확장. 주인거주 관리잘됨.채광 개방광 훌륭. 철산초중 앞동.,가나안공인중개사사무소
철산래미안자이,25902,철산래미안자이,경기도 광명시 철산동,철산래미안자이,경기도 광명시 철산동,2072,17,20091126,21,34,,248,12,37.471957,126.874532,8,43B,142.82,116.73,35.31,82,201,4,2,계단식,24,15억,16억,15억~16억,"(3,472~3,703만원/3.3㎡)",0,,,,,,0,,327369,385817,296833,2622937887,철산래미안자이,매매,15억,142,116,16/34,남서향,117동,20260427,43 주방제외확장 선호타입 탁트인 전망 채광좋음 관리잘됨 철산초중학군,우성공인중개사사무소
철산래미안자이,25902,철산래미안자이,경기도 광명시 철산동,철산래미안자이,경기도 광명시 철산동,2072,17,20091126,21,34,,248,12,37.471957,126.874532,8,43B,142.82,116.73,35.31,82,201,4,2,계단식,24,15억,16억,15억~16억,"(3,472~3,703만원/3.3㎡)",0,,,,,,0,,327369,385817,296833,2622719619,철산래미안자이,매매,15억,142,116,16/34,남서향,117동,20260427,"43B 확장형, 뷰, 통풍, 채광좋음. 초중고,도서관 근접. 정상입주",광명공인중개사사무소
철산래미안자이,25902,철산래미안자이,경기도 광명시 철산동,철산래미안자이,경기도 광명시 철산동,2072,17,20091126,21,34,,248,12,37.471957,126.874532,8,43B,142.82,116.73,35.31,82,201,4,2,계단식,24,15억,16억,15억~16억,"(3,472~3,703만원/3.3㎡)",0,,,,,,0,,327369,385817,296833,2622614820,철산래미안자이,매매,15억,142,116,16/34,남서향,117동,20260425,43 인기b타입 전망 좋은 집 로얄동 로얄층 커뮤니티 초품아 교통편리,진성공인중개사사무소
철산래미안자이,25902,철산래미안자이,경기도 광명시 철산동,철산래미안자이,경기도 광명시 철산동,2072,17,20091126,21,34,,248,12,37.471957,126.874532,8,43B,142.82,116.73,35.31,82,201,4,2,계단식,24,15억,16억,15억~16억,"(3,472~3,703만원/3.3㎡)",0,,,,,,0,,327369,385817,296833,2622480451,철산래미안자이,매매,"15억 5,000",142,116,13/34,남서향,117동,20260424,43 올확장 인기구조 로얄동 로얄층 탁트인뷰 철산초중학군 커뮤니티완비,진성공인중개사사무소
철산래미안자이,25902,철산래미안자이,경기도 광명시 철산동,철산래미안자이,경기도 광명시 철산동,2072,17,20091126,21,34,,248,12,37.471957,126.874532,8,43B,142.82,116.73,35.31,82,201,4,2,계단식,24,15억,16억,15억~16억,"(3,472~3,703만원/3.3㎡)",0,,,,,,0,,327369,385817,296833,2622078917,철산래미안자이,매매,15억,142,116,16/34,남서향,117동,20260423,"43. 확장형, 채광, 전망좋은 깨끗한 집, 산조망, 주인거주",경기래미안공인중개사사무소
철산래미안자이,25902,철산래미안자이,경기도 광명시 철산동,철산래미안자이,경기도 광명시 철산동,2072,17,20091126,21,34,,248,12,37.471957,126.874532,9,50,166.06,134.52,40.69,81,54,4,2,계단식,8,"16억 5,000",17억,"16억 5,000~17억","(3,285~3,384만원/3.3㎡)",0,,,,,,0,,377261,444616,342071,2626194794,철산래미안자이,매매,17억,166,134,15/27,남향,116동,20260514,50.기본형.쾌적하고귀한 대형평형.시원하게트인조망.햇살가득한집.입주협의,열린 공인중개사사무소
철산래미안자이,25902,철산래미안자이,경기도 광명시 철산동,철산래미안자이,경기도 광명시 철산동,2072,17,20091126,21,34,,248,12,37.471957,126.874532,9,50,166.06,134.52,40.69,81,54,4,2,계단식,8,"16억 5,000",17억,"16억 5,000~17억","(3,285~3,384만원/3.3㎡)",0,,,,,,0,,377261,444616,342071,2626201493,철산래미안자이,매매,17억,166,134,15/27,남향,116동,20260514,"50기본형,판상형,채광조망좋은집,주인관리굿,도서관및철산초중인접최고동",래미안자이공인중개사사무소
철산래미안자이,25902,철산래미안자이,경기도 광명시 철산동,철산래미안자이,경기도 광명시 철산동,2072,17,20091126,21,34,,248,12,37.471957,126.874532,9,50,166.06,134.52,40.69,81,54,4,2,계단식,8,"16억 5,000",17억,"16억 5,000~17억","(3,285~3,384만원/3.3㎡)",0,,,,,,0,,377261,444616,342071,2625467157,철산래미안자이,매매,17억,166,134,15/27,남향,116동,20260511,50. 기본형. 남향. 판상형 조망굿 채광우수. 관리잘됨. 철산초중.,가나안공인중개사사무소
철산래미안자이,25902,철산래미안자이,경기도 광명시 철산동,철산래미안자이,경기도 광명시 철산동,2072,17,20091126,21,34,,248,12,37.471957,126.874532,9,50,166.06,134.52,40.69,81,54,4,2,계단식,8,"16억 5,000",17억,"16억 5,000~17억","(3,285~3,384만원/3.3㎡)",0,,,,,,0,,377261,444616,342071,2625234826,철산래미안자이,매매,17억,166,134,15/27,남향,116동,20260509,50. 기본형. 입주. 주인거주 관리 굿. 귀한 대형 평. 철산초중 학군,이실공인중개사사무소
철산래미안자이,25902,철산래미안자이,경기도 광명시 철산동,철산래미안자이,경기도 광명시 철산동,2072,17,20091126,21,34,,248,12,37.471957,126.874532,9,50,166.06,134.52,40.69,81,54,4,2,계단식,8,"16억 5,000",17억,"16억 5,000~17억","(3,285~3,384만원/3.3㎡)",0,,,,,,0,,377261,444616,342071,2626482409,철산래미안자이,매매,17억,166,134,고/27,남향,116동,20260515,50 탁트인 최고의전망 채광좋음 관리 아주잘됨 철산초중근접동 가격협의,우성공인중개사사무소
철산래미안자이,25902,철산래미안자이,경기도 광명시 철산동,철산래미안자이,경기도 광명시 철산동,2072,17,20091126,21,34,,248,12,37.471957,126.874532,9,50,166.06,134.52,40.69,81,54,4,2,계단식,8,"16억 5,000",17억,"16억 5,000~17억","(3,285~3,384만원/3.3㎡)",0,,,,,,0,,377261,444616,342071,2625147669,철산래미안자이,매매,17억,166,134,15/27,남향,116동,20260508,50 대형 철산초중학군 지하철7호선 탁트인뷰 커뮤니티 완비 ,진성공인중개사사무소
철산래미안자이,25902,철산래미안자이,경기도 광명시 철산동,철산래미안자이,경기도 광명시 철산동,2072,17,20091126,21,34,,248,12,37.471957,126.874532,9,50,166.06,134.52,40.69,81,54,4,2,계단식,8,"16억 5,000",17억,"16억 5,000~17억","(3,285~3,384만원/3.3㎡)",0,,,,,,0,,377261,444616,342071,2624512829,철산래미안자이,매매,17억,166,134,15/27,남동향,116동,20260506,50. 기본형. 조망좋고. 채광굿. 주인거주 관리굿. 철산 초.중,철산래미안자이 공인중개사사무소
철산래미안자이,25902,철산래미안자이,경기도 광명시 철산동,철산래미안자이,경기도 광명시 철산동,2072,17,20091126,21,34,,248,12,37.471957,126.874532,9,50,166.06,134.52,40.69,81,54,4,2,계단식,8,"16억 5,000",17억,"16억 5,000~17억","(3,285~3,384만원/3.3㎡)",0,,,,,,0,,377261,444616,342071,2622099931,철산래미안자이,매매,"16억 5,000",166,134,고/27,남동향,116동,20260423,"50. 채광좋은 산조망, 주인거주 관리잘된 깨끗한 집, 교통편리, 추천",경기래미안공인중개사사무소
철산래미안자이,25902,철산래미안자이,경기도 광명시 철산동,철산래미안자이,경기도 광명시 철산동,2072,17,20091126,21,34,,248,12,37.471957,126.874532,10,60,199.25,166.83,50.46,84,54,4,2,계단식,11,"17억 5,000",23억,"17억 5,000~23억","(2,903~3,816만원/3.3㎡)",0,,,,,,0,,467874,551407,424232,2626033715,철산래미안자이,매매,"17억 5,000",199,166,저/27,남동향,116동,20260513,,철산자이대표부동산공인중개사
철산래미안자이,25902,철산래미안자이,경기도 광명시 철산동,철산래미안자이,경기도 광명시 철산동,2072,17,20091126,21,34,,248,12,37.471957,126.874532,10,60,199.25,166.83,50.46,84,54,4,2,계단식,11,"17억 5,000",23억,"17억 5,000~23억","(2,903~3,816만원/3.3㎡)",0,,,,,,0,,467874,551407,424232,2624164106,철산래미안자이,매매,"20억 1,000",199,166,25/27,남동향,116동,20260504,빠른입주.집상태 보장.이집 이렇게 좋아도 되는거죠 그럼요.,부동산명가공인중개사사무소
철산래미안자이,25902,철산래미안자이,경기도 광명시 철산동,철산래미안자이,경기도 광명시 철산동,2072,17,20091126,21,34,,248,12,37.471957,126.874532,10,60,199.25,166.83,50.46,84,54,4,2,계단식,11,"17억 5,000",23억,"17억 5,000~23억","(2,903~3,816만원/3.3㎡)",0,,,,,,0,,467874,551407,424232,2625875400,철산래미안자이,매매,"20억 1,000",199,166,25/27,남향,116동,20260512,60올확장 풀옵션 인테리어 최고의 전망 채광좋음 입주일협의 강추,우성공인중개사사무소
철산래미안자이,25902,철산래미안자이,경기도 광명시 철산동,철산래미안자이,경기도 광명시 철산동,2072,17,20091126,21,34,,248,12,37.471957,126.874532,10,60,199.25,166.83,50.46,84,54,4,2,계단식,11,"17억 5,000",23억,"17억 5,000~23억","(2,903~3,816만원/3.3㎡)",0,,,,,,0,,467874,551407,424232,2624517967,철산래미안자이,매매,"20억 1,000",199,166,25/27,남동향,116동,20260506,60. 올확장된 대형 채광 전망 최상급 개방감 영구조망권 철산 초.중,철산래미안자이 공인중개사사무소
철산래미안자이,25902,철산래미안자이,경기도 광명시 철산동,철산래미안자이,경기도 광명시 철산동,2072,17,20091126,21,34,,248,12,37.471957,126.874532,10,60,199.25,166.83,50.46,84,54,4,2,계단식,11,"17억 5,000",23억,"17억 5,000~23억","(2,903~3,816만원/3.3㎡)",0,,,,,,0,,467874,551407,424232,2622029316,철산래미안자이,매매,21억,199,166,2/27,남향,116동,20260423,초중고학품아.7호선철산역.조용한 숲속정원아파트.,학사 공인중개사
철산래미안자이,25902,철산래미안자이,경기도 광명시 철산동,철산래미안자이,경기도 광명시 철산동,2072,17,20091126,21,34,,248,12,37.471957,126.874532,10,60,199.25,166.83,50.46,84,54,4,2,계단식,11,"17억 5,000",23억,"17억 5,000~23억","(2,903~3,816만원/3.3㎡)",0,,,,,,0,,467874,551407,424232,2622041256,철산래미안자이,매매,22억,199,166,5/27,남향,116동,20260423,중소형평형과 교환 가능 입주때부터 주인거주로 관리가 잘 되어 있음,한신코랜드공인중개사사무소
철산래미안자이,25902,철산래미안자이,경기도 광명시 철산동,철산래미안자이,경기도 광명시 철산동,2072,17,20091126,21,34,,248,12,37.471957,126.874532,10,60,199.25,166.83,50.46,84,54,4,2,계단식,11,"17억 5,000",23억,"17억 5,000~23억","(2,903~3,816만원/3.3㎡)",0,,,,,,0,,467874,551407,424232,2622033893,철산래미안자이,매매,23억,199,166,5/27,남향,116동,20260423,"중소평형과 교환가능. 남향 정원뷰 . 초중고인접, 조용 최고의집.",학사 공인중개사
철산래미안자이,25902,철산래미안자이,경기도 광명시 철산동,철산래미안자이,경기도 광명시 철산동,2072,17,20091126,21,34,,248,12,37.471957,126.874532,10,60,199.25,166.83,50.46,84,54,4,2,계단식,11,"17억 5,000",23억,"17억 5,000~23억","(2,903~3,816만원/3.3㎡)",0,,,,,,0,,467874,551407,424232,2625021767,철산래미안자이,매매,"20억 1,000",199,166,고/27,남향,116동,20260508,60. 올확장. 특 인테리어. 최고의 조망과 우수한 채광. 귀한 평형,열린 공인중개사사무소
철산래미안자이,25902,철산래미안자이,경기도 광명시 철산동,철산래미안자이,경기도 광명시 철산동,2072,17,20091126,21,34,,248,12,37.471957,126.874532,10,60,199.25,166.83,50.46,84,54,4,2,계단식,11,"17억 5,000",23억,"17억 5,000~23억","(2,903~3,816만원/3.3㎡)",0,,,,,,0,,467874,551407,424232,2623311070,철산래미안자이,매매,"20억 1,000",199,166,고/27,남향,116동,20260429,,가나안공인중개사사무소
철산래미안자이,25902,철산래미안자이,경기도 광명시 철산동,철산래미안자이,경기도 광명시 철산동,2072,17,20091126,21,34,,248,12,37.471957,126.874532,10,60,199.25,166.83,50.46,84,54,4,2,계단식,11,"17억 5,000",23억,"17억 5,000~23억","(2,903~3,816만원/3.3㎡)",0,,,,,,0,,467874,551407,424232,2622318136,철산래미안자이,매매,"20억 1,000",199,166,고/27,남동향,116동,20260424,"60. 올확장된 귀한평수, 채광.전망좋음. 주인거주 관리잘된 깨끗한 집",경기래미안공인중개사사무소
철산래미안자이,25902,철산래미안자이,경기도 광명시 철산동,철산래미안자이,경기도 광명시 철산동,2072,17,20091126,21,34,,248,12,37.471957,126.874532,10,60,199.25,166.83,50.46,84,54,4,2,계단식,11,"17억 5,000",23억,"17억 5,000~23억","(2,903~3,816만원/3.3㎡)",0,,,,,,0,,467874,551407,424232,2622040223,철산래미안자이,매매,21억,199,166,저/27,남향,116동,20260423,아늑한 정원뷰 철산역세권 대형평형,한신코랜드공인중개사사무소
